create table SURVEY (ID integer, PARENT_ID integer, NAME varchar(40), FULL_NAME varchar(56), TITLE varchar(36));
create table CENTRELINE (ID integer, SURVEY_ID integer, TITLE varchar(4), TOPO_DATE date, EXPLO_DATE date, LENGTH real, SURFACE_LENGTH real, DUPLICATE_LENGTH real);
create table PERSON (ID integer, NAME varchar(13), SURNAME varchar(22));
create table EXPLO (PERSON_ID integer, CENTRELINE_ID integer);
create table TOPO (PERSON_ID integer, CENTRELINE_ID integer);
create table STATION (ID integer, NAME varchar(9), SURVEY_ID integer, X real, Y real, Z real);
create table STATION_FLAG (STATION_ID integer, FLAG char(3));
create table SHOT (ID integer, FROM_ID integer, TO_ID integer, CENTRELINE_ID integer, LENGTH real, BEARING real, GRADIENT real, ADJ_LENGTH real, ADJ_BEARING real, ADJ_GRADIENT real, ERR_LENGTH real, ERR_BEARING real, ERR_GRADIENT real);
create table SHOT_FLAG (SHOT_ID integer, FLAG char(3));
create table MAPS (ID integer, SURVEY_ID integer, NAME varchar(40), TITLE varchar(36), PROJID integer, LENGTH real, DEPTH real);
create table SCRAPS (ID integer, SURVEY_ID integer, NAME varchar(40), PROJID integer, MAX_DISTORTION real, AVG_DISTORTION real);
create table MAPITEMS (ID integer, TYPE integer, ITEMID integer);
insert into SURVEY values (1, 0, '', '', NULL);
 insert into CENTRELINE values (2, 1, NULL, NULL, NULL, 0.00, 0.00, 0.00);
 insert into SURVEY values (58, 1, 'Ded', 'Ded', 'Synthese topographie du Reseau Ded');
 insert into CENTRELINE values (59, 58, NULL, NULL, NULL, 0.00, 0.00, 0.00);
 insert into SURVEY values (60, 58, 'FT', 'FT.Ded', 'FT');
 insert into CENTRELINE values (61, 60, NULL, NULL, NULL, 0.00, 0.00, 0.00);
 insert into SURVEY values (62, 60, 'FT', 'FT.FT.Ded', 'Francois-Thierry');
 insert into CENTRELINE values (63, 62, NULL, NULL, NULL, 0.00, 0.00, 0.00);
 insert into CENTRELINE values (64, 62, NULL, '2022-04-24', NULL, 285.00, 0.00, 0.00);
 insert into PERSON values (1, 'Gervais', 'Bois(GUCEM)');
insert into TOPO values (1, 64);
 insert into PERSON values (2, 'Benoit', 'Urruty(GUCEM)');
insert into TOPO values (2, 64);
 insert into PERSON values (3, 'J.', 'Baujard');
insert into EXPLO values (3, 64);
 insert into PERSON values (4, 'Jean-Claude', 'Dobrilla');
insert into EXPLO values (4, 64);
 insert into PERSON values (5, 'Olivier', 'Dutel');
insert into EXPLO values (5, 64);
 insert into PERSON values (6, 'Bernard', 'Faure');
insert into EXPLO values (6, 64);
 insert into PERSON values (7, NULL, 'GSC');
insert into EXPLO values (7, 64);
 insert into PERSON values (8, 'Emmanuel', 'Gondras');
insert into EXPLO values (8, 64);
 insert into PERSON values (9, 'E.', 'Meygret');
insert into EXPLO values (9, 64);
 insert into SHOT values (1, 1, 2, 64, 2.930, 325.33, -5.30, 2.931, 325.33, -5.29, 0.001, 315.30, 43.22);
insert into SHOT values (2, 1, 3, 64, 2.530, 19.93, -2.10, 2.523, 19.94, -2.04, 0.008, 195.59, 20.85);
insert into SHOT values (3, 1, 4, 64, 2.300, 58.53, -0.40, 2.298, 58.52, -0.50, 0.004, 249.90, -65.39);
insert into SHOT values (4, 1, 5, 64, 3.500, 90.93, 6.20, 3.491, 90.99, 6.25, 0.010, 249.44, 11.68);
insert into SHOT values (5, 1, 6, 64, 3.830, 305.43, -79.20, 3.828, 304.80, -79.18, 0.008, 220.85, 15.09);
insert into SHOT values (6, 1, 7, 64, 3.190, 320.43, -21.30, 3.194, 320.32, -21.30, 0.007, 260.83, -10.12);
insert into SHOT values (7, 1, 8, 64, 3.850, 320.03, 38.80, 3.850, 320.00, 38.75, 0.004, 279.55, -42.25);
insert into SHOT values (8, 1, 9, 64, 4.980, 31.03, 65.60, 4.974, 31.06, 65.60, 0.006, 191.08, -61.07);
insert into SHOT values (9, 1, 10, 64, 5.960, 120.83, 53.20, 5.955, 120.88, 53.22, 0.006, 267.96, -22.76);
insert into SHOT values (10, 1, 11, 64, 8.500, 128.13, 79.80, 8.494, 128.24, 79.81, 0.007, 261.97, -54.56);
insert into SHOT values (11, 1, 12, 64, 2.270, 44.43, 32.60, 2.208, 44.78, 32.61, 0.063, 212.26, -31.48);
insert into SHOT values (12, 12, 13, 64, 8.750, 224.43, 61.60, 8.738, 223.86, 60.84, 0.124, 200.41, -32.57);
insert into SHOT values (13, 13, 14, 64, 1.140, 271.23, 3.40, 1.143, 271.51, 3.51, 0.006, 337.69, 21.79);
insert into SHOT values (14, 13, 15, 64, 1.680, 177.53, -1.00, 1.672, 177.60, -1.03, 0.009, 344.10, -4.57);
insert into SHOT values (15, 13, 16, 64, 5.530, 348.33, 2.50, 5.530, 348.30, 2.49, 0.003, 257.91, -23.92);
insert into SHOT values (16, 13, 17, 64, 2.700, 41.23, 7.80, 2.705, 41.07, 7.86, 0.010, 339.24, 21.99);
insert into SHOT values (17, 13, 18, 64, 2.120, 104.73, 1.40, 2.121, 104.76, 1.62, 0.008, 163.74, 82.42);
insert into SHOT values (18, 13, 19, 64, 2.860, 68.93, -5.00, 2.863, 68.83, -5.01, 0.006, 12.92, -7.02);
insert into SHOT values (19, 13, 20, 64, 8.190, 344.83, 53.40, 8.198, 344.83, 53.38, 0.009, 341.56, 33.61);
insert into SHOT values (20, 13, 21, 64, 4.690, 342.53, 80.10, 4.690, 342.69, 80.10, 0.002, 67.72, -4.21);
insert into SHOT values (21, 13, 22, 64, 9.070, 280.13, 75.70, 9.037, 279.59, 75.77, 0.041, 147.52, -45.40);
insert into SHOT values (22, 22, 23, 64, 0.440, 111.43, 0.80, 0.440, 111.32, 1.30, 0.004, 31.50, 77.00);
insert into SHOT values (23, 22, 24, 64, 0.520, 76.63, -3.90, 0.525, 76.76, -4.37, 0.007, 89.43, -41.36);
insert into SHOT values (24, 22, 25, 64, 0.380, 29.23, 1.50, 0.381, 29.93, 1.50, 0.005, 108.39, 0.64);
insert into SHOT values (25, 22, 26, 64, 0.380, 118.33, 59.10, 0.387, 116.57, 58.62, 0.009, 72.39, 24.50);
insert into SHOT values (26, 22, 27, 64, 1.180, 148.23, -49.40, 1.183, 147.76, -49.51, 0.008, 63.31, -32.43);
insert into SHOT values (27, 22, 28, 64, 1.330, 194.43, -42.80, 1.330, 194.18, -42.57, 0.007, 146.91, 31.84);
insert into SHOT values (28, 22, 29, 64, 2.280, 258.83, -50.40, 2.279, 258.85, -50.57, 0.007, 75.62, -28.32);
insert into SHOT values (29, 22, 30, 64, 2.600, 351.43, -55.40, 2.600, 351.43, -55.40, 0.000, 332.55, 58.80);
insert into SHOT values (30, 22, 31, 64, 7.650, 50.13, -86.20, 7.647, 50.63, -86.22, 0.006, 170.13, 32.11);
insert into SHOT values (31, 22, 32, 64, 6.760, 287.43, -79.70, 6.758, 287.38, -79.73, 0.004, 123.30, 15.56);
insert into SHOT values (32, 22, 33, 64, 5.500, 268.63, -72.20, 5.503, 268.64, -72.22, 0.003, 80.68, -75.40);
insert into SHOT values (33, 22, 34, 64, 5.570, 305.73, -67.10, 5.568, 305.60, -67.12, 0.006, 185.76, 9.82);
insert into SHOT values (34, 22, 35, 64, 3.110, 223.93, -78.00, 3.107, 223.11, -78.04, 0.010, 116.72, 11.93);
insert into SHOT values (35, 22, 36, 64, 2.520, 177.43, 23.70, 2.569, 177.33, 23.15, 0.055, 173.12, -3.01);
insert into SHOT values (36, 36, 37, 64, 1.100, 107.33, 3.00, 1.102, 107.45, 3.12, 0.004, 153.26, 38.29);
insert into SHOT values (37, 36, 38, 64, 1.270, 56.53, 0.20, 1.270, 56.56, 0.00, 0.004, 122.09, -81.23);
insert into SHOT values (38, 36, 39, 64, 1.000, 6.33, -0.30, 0.996, 6.34, -0.58, 0.006, 184.25, -50.72);
insert into SHOT values (39, 36, 40, 64, 1.160, 341.53, -4.00, 1.163, 341.41, -3.94, 0.004, 305.14, 12.31);
insert into SHOT values (40, 36, 41, 64, 0.550, 300.23, 8.00, 0.548, 299.88, 8.40, 0.005, 172.30, 38.98);
insert into SHOT values (41, 36, 42, 64, 0.930, 57.53, -83.50, 0.926, 56.31, -83.29, 0.005, 18.67, 47.57);
insert into SHOT values (42, 36, 43, 64, 2.300, 40.03, 65.30, 2.302, 39.96, 65.21, 0.005, 23.78, 5.49);
insert into SHOT values (43, 36, 44, 64, 2.870, 67.93, 80.10, 2.873, 67.56, 80.03, 0.006, 30.46, 27.08);
insert into SHOT values (44, 36, 45, 64, 3.580, 348.93, 63.40, 3.578, 348.83, 63.43, 0.004, 215.68, -15.40);
insert into SHOT values (45, 36, 46, 64, 2.370, 24.23, 62.60, 2.365, 24.44, 62.62, 0.007, 152.80, -38.71);
insert into SHOT values (46, 36, 47, 64, 4.550, 357.43, 76.40, 4.497, 357.75, 76.88, 0.065, 170.77, -40.62);
insert into SHOT values (47, 47, 48, 64, 1.870, 86.03, 0.40, 1.865, 86.00, 0.61, 0.009, 276.27, 51.60);
insert into SHOT values (48, 47, 49, 64, 3.210, 124.63, 8.80, 3.214, 124.74, 8.77, 0.007, 181.24, -8.54);
insert into SHOT values (49, 47, 50, 64, 2.630, 148.93, 14.20, 2.633, 149.11, 14.29, 0.010, 223.37, 30.02);
insert into SHOT values (50, 47, 51, 64, 2.360, 177.03, 8.80, 2.361, 177.05, 8.77, 0.002, 219.77, -41.50);
insert into SHOT values (51, 47, 52, 64, 2.140, 114.43, 63.20, 2.137, 114.69, 63.37, 0.009, 263.85, -0.90);
insert into SHOT values (52, 47, 53, 64, 2.710, 219.43, 87.40, 2.713, 218.66, 87.29, 0.006, 200.79, 27.32);
insert into SHOT values (53, 47, 54, 64, 1.710, 195.83, 57.10, 1.718, 196.11, 56.95, 0.010, 225.85, 24.80);
insert into SHOT values (54, 47, 55, 64, 3.870, 159.13, 41.40, 3.875, 159.26, 41.35, 0.009, 208.51, 4.85);
insert into SHOT values (55, 47, 56, 64, 2.520, 172.93, 4.80, 2.528, 172.93, 4.77, 0.008, 172.73, -6.21);
insert into SHOT values (56, 47, 57, 64, 4.340, 166.73, 40.80, 4.369, 166.84, 40.19, 0.055, 173.47, -16.74);
insert into SHOT values (57, 57, 58, 64, 0.980, 253.73, 7.00, 0.988, 253.41, 6.98, 0.010, 219.73, 3.33);
insert into SHOT values (58, 57, 59, 64, 1.150, 308.03, 6.80, 1.149, 307.87, 7.00, 0.005, 188.94, 47.00);
insert into SHOT values (59, 57, 60, 64, 1.300, 248.33, 0.20, 1.302, 248.36, 0.00, 0.005, 269.77, -67.64);
insert into SHOT values (60, 57, 61, 64, 1.900, 345.73, -10.80, 1.892, 345.66, -10.97, 0.010, 180.17, -24.37);
insert into SHOT values (61, 57, 62, 64, 1.930, 7.93, -3.50, 1.921, 7.79, -3.58, 0.010, 216.23, -12.42);
insert into SHOT values (62, 57, 63, 64, 2.180, 30.63, -2.20, 2.176, 30.69, -2.11, 0.006, 179.23, 39.86);
insert into SHOT values (63, 57, 64, 64, 3.470, 313.43, 75.60, 3.469, 313.12, 75.59, 0.005, 225.48, -11.89);
insert into SHOT values (64, 57, 65, 64, 4.080, 236.83, 36.50, 4.093, 236.21, 36.07, 0.049, 185.79, -20.19);
insert into SHOT values (65, 65, 66, 64, 1.850, 252.93, 9.50, 1.844, 253.06, 9.37, 0.009, 37.61, -37.36);
insert into SHOT values (66, 65, 67, 64, 1.480, 301.43, 8.90, 1.485, 301.63, 8.52, 0.012, 342.37, -48.77);
insert into SHOT values (67, 65, 68, 64, 2.240, 353.33, -2.60, 2.248, 353.35, -2.80, 0.011, 358.70, -48.41);
insert into SHOT values (68, 65, 69, 64, 3.060, 21.83, -2.80, 3.064, 21.87, -2.81, 0.004, 49.80, -6.69);
insert into SHOT values (69, 65, 70, 64, 1.600, 64.13, -83.20, 1.602, 62.10, -83.10, 0.007, 356.38, -9.68);
insert into SHOT values (70, 65, 71, 64, 2.500, 50.33, -49.90, 2.507, 50.29, -49.98, 0.008, 12.32, -74.54);
insert into SHOT values (71, 65, 72, 64, 4.530, 278.13, 64.00, 4.531, 278.37, 63.93, 0.010, 335.49, -8.74);
insert into SHOT values (72, 65, 73, 64, 4.720, 317.33, 59.00, 4.717, 317.33, 58.93, 0.007, 316.27, -59.15);
insert into SHOT values (73, 65, 74, 64, 5.030, 354.93, 52.90, 5.033, 354.91, 52.82, 0.008, 345.68, -13.04);
insert into SHOT values (74, 65, 75, 64, 5.440, 6.63, 52.80, 5.439, 6.63, 52.76, 0.004, 2.74, -46.21);
insert into SHOT values (75, 65, 76, 64, 5.270, 3.93, 71.50, 5.263, 3.77, 71.46, 0.009, 290.45, -56.98);
insert into SHOT values (76, 65, 77, 64, 6.050, 332.63, 79.10, 6.050, 332.54, 79.05, 0.006, 314.53, -8.44);
insert into SHOT values (77, 65, 78, 64, 11.100, 316.13, 72.80, 11.096, 316.23, 72.80, 0.007, 52.22, -31.28);
insert into SHOT values (78, 65, 79, 64, 10.110, 331.63, 73.80, 10.055, 331.53, 74.51, 0.137, 153.73, -7.78);
insert into SHOT values (79, 79, 80, 64, 2.150, 225.43, 6.50, 2.156, 225.57, 6.39, 0.009, 263.52, -22.45);
insert into SHOT values (80, 79, 81, 64, 1.380, 264.23, 3.00, 1.389, 264.21, 2.89, 0.009, 260.40, -13.89);
insert into SHOT values (81, 79, 82, 64, 1.530, 308.83, 2.50, 1.538, 308.66, 2.61, 0.010, 279.44, 19.12);
insert into SHOT values (82, 79, 83, 64, 1.820, 336.33, 5.80, 1.822, 336.26, 5.67, 0.005, 297.37, -48.09);
insert into SHOT values (83, 79, 84, 64, 3.830, 350.73, 7.90, 3.828, 350.59, 7.96, 0.011, 245.42, 19.87);
insert into SHOT values (84, 79, 85, 64, 3.120, 24.63, 9.30, 3.121, 24.57, 9.41, 0.007, 289.86, 58.89);
insert into SHOT values (85, 79, 86, 64, 2.970, 40.63, 7.30, 2.961, 40.58, 7.37, 0.010, 235.86, 14.49);
insert into SHOT values (86, 79, 87, 64, 2.290, 235.93, -61.30, 2.296, 236.02, -61.10, 0.010, 246.27, -7.71);
insert into SHOT values (87, 79, 88, 64, 2.020, 260.63, -71.00, 2.021, 260.39, -70.96, 0.003, 200.83, -0.95);
insert into SHOT values (88, 79, 89, 64, 1.710, 348.13, -71.70, 1.705, 348.06, -71.84, 0.007, 175.56, 32.76);
insert into SHOT values (89, 79, 90, 64, 3.630, 7.63, 8.00, 3.554, 7.67, 7.76, 0.077, 185.81, -18.99);
insert into SHOT values (90, 90, 91, 64, 1.490, 253.23, -86.70, 1.492, 255.96, -86.83, 0.006, 24.11, -25.42);
insert into SHOT values (91, 90, 92, 64, 2.430, 178.03, -40.40, 2.427, 177.83, -40.30, 0.008, 94.90, 37.29);
insert into SHOT values (92, 90, 93, 64, 2.210, 149.83, -30.40, 2.213, 149.81, -30.40, 0.003, 134.10, -29.82);
insert into SHOT values (93, 90, 94, 64, 4.650, 194.83, -0.60, 4.645, 194.84, -0.62, 0.005, 3.22, -15.15);
insert into SHOT values (94, 90, 95, 64, 1.570, 236.23, -0.70, 1.564, 236.21, -0.73, 0.006, 62.79, -8.23);
insert into SHOT values (95, 90, 96, 64, 1.150, 288.03, -4.40, 1.151, 288.28, -4.48, 0.005, 3.31, -19.25);
insert into SHOT values (96, 90, 97, 64, 2.210, 143.73, 7.00, 2.213, 143.70, 7.01, 0.003, 121.21, 13.45);
insert into SHOT values (97, 90, 98, 64, 2.680, 172.03, 4.50, 2.674, 172.02, 4.50, 0.006, 356.58, -2.60);
insert into SHOT values (98, 90, 99, 64, 9.430, 265.93, 71.10, 9.393, 265.31, 70.99, 0.053, 185.41, -51.18);
insert into SHOT values (99, 99, 100, 64, 1.310, 16.33, 7.10, 1.312, 16.07, 7.45, 0.010, 294.25, 53.01);
insert into SHOT values (100, 99, 101, 64, 2.950, 60.43, 8.90, 2.947, 60.35, 8.98, 0.006, 290.39, 34.42);
insert into SHOT values (101, 99, 102, 64, 2.350, 119.33, 3.70, 2.347, 119.41, 3.91, 0.010, 254.84, 61.10);
insert into SHOT values (102, 99, 103, 64, 2.050, 165.63, 16.80, 2.049, 165.82, 17.02, 0.010, 279.11, 46.59);
insert into SHOT values (103, 99, 104, 64, 1.790, 178.33, 1.30, 1.791, 178.40, 1.28, 0.002, 239.73, -14.16);
insert into SHOT values (104, 99, 105, 64, 0.380, 226.33, -9.50, 0.387, 227.12, -8.92, 0.009, 262.21, 16.84);
insert into SHOT values (105, 99, 106, 64, 3.730, 98.23, 87.00, 3.735, 98.97, 87.05, 0.006, 237.38, 53.37);
insert into SHOT values (106, 99, 107, 64, 3.350, 88.63, 64.40, 3.346, 88.41, 64.50, 0.009, 307.58, -7.27);
insert into SHOT values (107, 99, 108, 64, 2.650, 95.63, 41.70, 2.648, 95.54, 41.95, 0.012, 294.80, 35.64);
insert into SHOT values (108, 99, 109, 64, 12.740, 266.93, 73.50, 12.714, 266.38, 73.33, 0.057, 216.44, -38.05);
insert into SHOT values (109, 109, 110, 64, 0.680, 262.33, 2.90, 0.677, 262.35, 2.54, 0.005, 78.58, -54.70);
insert into SHOT values (110, 109, 111, 64, 0.770, 300.83, 2.20, 0.767, 300.58, 2.24, 0.004, 170.97, 5.72);
insert into SHOT values (111, 109, 112, 64, 5.780, 326.53, 2.70, 5.781, 326.59, 2.68, 0.006, 46.88, -22.74);
insert into SHOT values (112, 109, 113, 64, 1.080, 1.33, 5.30, 1.085, 1.59, 5.29, 0.007, 45.54, 1.96);
insert into SHOT values (113, 109, 114, 64, 1.170, 342.63, -73.10, 1.169, 342.65, -73.34, 0.005, 161.67, -6.20);
insert into SHOT values (114, 109, 115, 64, 1.170, 350.63, -54.80, 1.176, 350.68, -54.73, 0.006, 357.23, -40.74);
insert into SHOT values (115, 109, 116, 64, 1.180, 306.13, 67.70, 1.177, 305.84, 67.83, 0.005, 157.85, -21.93);
insert into SHOT values (116, 109, 117, 64, 3.980, 310.93, 61.40, 3.977, 310.96, 61.35, 0.005, 340.00, -66.49);
insert into SHOT values (117, 109, 118, 64, 6.390, 339.43, 15.80, 6.316, 339.30, 15.61, 0.078, 171.38, -30.61);
insert into SHOT values (118, 118, 119, 64, 5.210, 53.33, 0.70, 5.202, 53.28, 0.66, 0.009, 263.04, -22.66);
insert into SHOT values (119, 118, 120, 64, 3.550, 82.33, 5.50, 3.548, 82.35, 5.50, 0.003, 233.86, -5.66);
insert into SHOT values (120, 118, 121, 64, 2.730, 121.63, -2.00, 2.727, 121.65, -2.10, 0.006, 286.87, -56.45);
insert into SHOT values (121, 118, 122, 64, 6.460, 126.83, -75.40, 6.459, 127.01, -75.40, 0.005, 221.01, 15.39);
insert into SHOT values (122, 118, 123, 64, 1.500, 173.53, 14.40, 1.505, 173.70, 14.23, 0.008, 209.89, -22.43);
insert into SHOT values (123, 118, 124, 64, 3.040, 136.93, 7.60, 3.034, 137.02, 7.58, 0.008, 279.94, -14.80);
insert into SHOT values (124, 118, 125, 64, 7.110, 72.93, -39.60, 7.104, 72.89, -39.62, 0.008, 286.34, 15.80);
insert into SHOT values (125, 118, 126, 64, 3.990, 175.33, -65.80, 3.990, 175.44, -65.81, 0.003, 273.09, -11.64);
insert into SHOT values (126, 118, 127, 64, 10.280, 237.03, 72.20, 10.258, 236.55, 71.54, 0.123, 222.60, -28.07);
insert into SHOT values (127, 127, 128, 64, 0.580, 289.93, -4.10, 0.577, 290.32, -3.97, 0.005, 54.24, 17.15);
insert into SHOT values (128, 127, 129, 64, 1.210, 8.63, -8.00, 1.215, 8.60, -8.04, 0.006, 1.72, -16.65);
insert into SHOT values (129, 127, 130, 64, 2.420, 199.93, -4.10, 2.420, 199.86, -4.03, 0.004, 105.27, 45.37);
insert into SHOT values (130, 127, 131, 64, 3.150, 220.93, -3.60, 3.147, 221.00, -3.64, 0.006, 356.54, -23.43);
insert into SHOT values (131, 127, 132, 64, 2.610, 232.03, -5.00, 2.611, 232.03, -5.05, 0.003, 210.22, -80.01);
insert into SHOT values (132, 127, 133, 64, 4.490, 246.73, 25.50, 4.486, 246.73, 25.48, 0.004, 73.13, -43.70);
insert into SHOT values (133, 127, 134, 64, 6.630, 151.73, -79.50, 6.630, 151.73, -79.54, 0.005, 331.87, -12.28);
insert into SHOT values (134, 127, 135, 64, 4.520, 225.53, -63.80, 4.523, 225.41, -63.84, 0.006, 116.37, -43.48);
insert into SHOT values (135, 127, 136, 64, 3.690, 26.13, -82.90, 3.688, 26.00, -82.90, 0.002, 301.11, 58.90);
insert into SHOT values (136, 127, 137, 64, 5.740, 81.93, -59.00, 5.742, 81.84, -58.97, 0.006, 30.04, 1.37);
insert into SHOT values (137, 127, 138, 64, 2.560, 26.13, 0.10, 2.504, 26.57, -0.23, 0.061, 187.36, -13.82);
insert into SHOT values (138, 138, 139, 64, 0.320, 131.83, 5.20, 0.313, 132.40, 5.50, 0.008, 288.86, 7.22);
insert into SHOT values (139, 138, 140, 64, 0.240, 304.33, -1.70, 0.244, 304.99, -2.35, 0.006, 338.01, -29.59);
insert into SHOT values (140, 138, 141, 64, 1.370, 49.33, 32.10, 1.373, 49.18, 32.12, 0.004, 355.65, 28.17);
insert into SHOT values (141, 138, 142, 64, 1.350, 312.33, 69.90, 1.353, 311.53, 69.79, 0.008, 250.93, 16.64);
insert into SHOT values (142, 138, 143, 64, 1.870, 285.23, 84.40, 1.869, 285.52, 84.26, 0.005, 297.63, -13.62);
insert into SHOT values (143, 138, 144, 64, 1.840, 41.83, 71.10, 1.837, 41.55, 71.33, 0.009, 241.43, -5.33);
insert into SHOT values (144, 138, 145, 64, 2.300, 341.43, 78.20, 2.255, 340.35, 78.59, 0.049, 180.51, -58.01);
insert into SHOT values (145, 145, 146, 64, 0.520, 318.23, -15.30, 0.515, 318.27, -15.77, 0.006, 134.94, -25.67);
insert into SHOT values (146, 145, 147, 64, 0.430, 271.93, -12.80, 0.432, 271.36, -13.39, 0.006, 192.59, -48.16);
insert into SHOT values (147, 145, 148, 64, 1.120, 321.63, 42.70, 1.117, 321.45, 42.88, 0.005, 170.36, 4.86);
insert into SHOT values (148, 145, 149, 64, 0.780, 358.53, 34.70, 0.777, 359.10, 34.51, 0.008, 99.38, -31.79);
insert into SHOT values (149, 145, 150, 64, 0.590, 342.03, 19.90, 0.582, 341.90, 20.08, 0.008, 171.60, -6.03);
insert into SHOT values (150, 145, 151, 64, 2.060, 115.53, -75.00, 2.060, 115.60, -75.03, 0.001, 259.87, -9.79);
insert into SHOT values (151, 145, 152, 64, 1.860, 228.23, 7.60, 1.857, 228.08, 7.43, 0.008, 110.55, -47.80);
insert into SHOT values (152, 145, 153, 64, 2.760, 336.33, 30.60, 2.682, 336.21, 30.72, 0.078, 160.22, -26.55);
insert into SHOT values (153, 153, 154, 64, 1.250, 205.63, 1.80, 1.253, 205.54, 1.37, 0.010, 172.49, -68.77);
insert into SHOT values (154, 153, 155, 64, 1.210, 259.13, 17.20, 1.213, 259.08, 16.78, 0.009, 246.95, -56.00);
insert into SHOT values (155, 153, 156, 64, 2.660, 302.23, 15.00, 2.663, 302.15, 14.79, 0.011, 266.81, -52.04);
insert into SHOT values (156, 153, 157, 64, 2.790, 333.23, 13.60, 2.787, 333.25, 13.49, 0.006, 131.52, -73.71);
insert into SHOT values (157, 153, 158, 64, 1.780, 4.03, 5.80, 1.783, 3.88, 5.79, 0.006, 307.72, 1.20);
insert into SHOT values (158, 153, 159, 64, 1.930, 23.63, 5.20, 1.929, 23.63, 5.06, 0.005, 208.77, -78.59);
insert into SHOT values (159, 153, 160, 64, 2.600, 49.63, 1.70, 2.598, 49.69, 1.54, 0.008, 181.22, -65.41);
insert into SHOT values (160, 153, 161, 64, 2.320, 67.33, 5.90, 2.320, 67.32, 5.69, 0.009, 41.16, -84.36);
insert into SHOT values (161, 153, 162, 64, 1.300, 112.13, 2.90, 1.298, 112.21, 2.65, 0.006, 252.11, -64.06);
insert into SHOT values (162, 153, 163, 64, 1.170, 143.63, -1.30, 1.166, 143.72, -1.47, 0.005, 297.50, -40.45);
insert into SHOT values (163, 153, 164, 64, 1.490, 63.73, -46.00, 1.498, 63.68, -46.15, 0.009, 43.81, -71.97);
insert into SHOT values (164, 153, 165, 64, 6.220, 325.73, 75.40, 6.211, 325.40, 75.38, 0.013, 231.54, -44.91);
insert into SHOT values (165, 153, 166, 64, 3.700, 324.03, 23.70, 3.696, 324.01, 23.61, 0.007, 184.09, -74.28);
insert into SHOT values (166, 153, 167, 64, 5.000, 326.13, 31.50, 5.001, 326.09, 31.46, 0.005, 272.21, -30.68);
insert into SHOT values (167, 153, 168, 64, 5.130, 327.23, 40.00, 5.057, 326.93, 40.14, 0.076, 165.26, -29.36);
insert into SHOT values (168, 168, 169, 64, 1.590, 57.43, -4.80, 1.590, 57.11, -5.05, 0.011, 323.39, -38.15);
insert into SHOT values (169, 168, 170, 64, 1.220, 248.33, -81.90, 1.222, 249.44, -81.96, 0.004, 355.93, -31.97);
insert into SHOT values (170, 168, 171, 64, 1.450, 201.03, 11.50, 1.445, 201.12, 11.58, 0.006, 359.48, 8.37);
insert into SHOT values (171, 168, 172, 64, 3.410, 332.13, 15.30, 3.413, 332.11, 15.29, 0.003, 312.31, 3.22);
insert into SHOT values (172, 168, 173, 64, 1.980, 3.83, 7.60, 1.981, 3.79, 7.54, 0.003, 326.82, -41.27);
insert into SHOT values (173, 168, 174, 64, 1.980, 352.53, 47.10, 1.905, 352.43, 47.31, 0.076, 174.75, -41.69);
insert into SHOT values (174, 174, 175, 64, 1.660, 357.63, -1.70, 1.662, 357.59, -1.72, 0.003, 326.08, -16.25);
insert into SHOT values (175, 174, 176, 64, 2.020, 300.43, -4.00, 2.022, 300.38, -3.97, 0.003, 255.21, 19.09);
insert into SHOT values (176, 174, 177, 64, 1.090, 246.53, -8.90, 1.093, 246.52, -8.95, 0.003, 242.43, -28.82);
insert into SHOT values (177, 174, 178, 64, 1.720, 258.13, -85.00, 1.717, 258.69, -84.89, 0.005, 284.13, 45.46);
insert into SHOT values (178, 174, 179, 64, 1.720, 64.33, -43.10, 1.724, 64.05, -43.20, 0.008, 342.04, -37.05);
insert into SHOT values (179, 174, 180, 64, 10.480, 324.23, 77.50, 10.430, 323.78, 78.20, 0.139, 151.35, -8.93);
insert into SHOT values (180, 180, 181, 64, 0.610, 1.33, -2.20, 0.611, 1.88, -1.88, 0.007, 83.98, 30.23);
insert into SHOT values (181, 180, 182, 64, 0.370, 51.13, 0.30, 0.370, 51.58, 1.55, 0.009, 138.60, 70.16);
insert into SHOT values (182, 180, 183, 64, 0.610, 230.93, -0.80, 0.604, 231.04, 0.00, 0.010, 38.89, 56.37);
insert into SHOT values (183, 180, 184, 64, 0.790, 181.33, 12.00, 0.789, 180.74, 12.45, 0.010, 72.39, 34.54);
insert into SHOT values (184, 180, 185, 64, 0.690, 115.93, 2.90, 0.690, 115.82, 3.32, 0.005, 11.21, 74.83);
insert into SHOT values (185, 180, 186, 64, 0.660, 147.93, 1.80, 0.661, 147.99, 1.73, 0.001, 193.63, -35.96);
insert into SHOT values (186, 180, 187, 64, 2.610, 135.23, -58.10, 2.609, 135.00, -57.91, 0.010, 95.25, 33.66);
insert into SHOT values (187, 180, 188, 64, 16.670, 151.43, -65.30, 16.668, 151.38, -65.27, 0.010, 104.11, 27.69);
insert into SHOT values (188, 180, 189, 64, 2.360, 138.03, 51.20, 2.372, 138.49, 50.49, 0.034, 159.98, -15.89);
insert into SHOT values (189, 189, 190, 64, 0.700, 233.33, -1.00, 0.694, 233.79, -0.83, 0.008, 9.91, 15.34);
insert into SHOT values (190, 189, 191, 64, 0.520, 265.43, 2.20, 0.522, 265.60, 2.20, 0.002, 304.22, 0.89);
insert into SHOT values (191, 189, 192, 64, 0.690, 282.13, -0.70, 0.687, 282.62, -0.83, 0.007, 42.25, -13.09);
insert into SHOT values (192, 189, 193, 64, 1.570, 355.93, -86.40, 1.563, 354.29, -86.31, 0.008, 299.01, 63.52);
insert into SHOT values (193, 189, 194, 64, 2.180, 331.83, -5.30, 2.183, 332.02, -5.26, 0.008, 36.22, 9.78);
insert into SHOT values (194, 189, 195, 64, 1.130, 294.93, 78.10, 1.134, 295.46, 78.17, 0.005, 36.12, 62.84);
insert into SHOT values (195, 189, 196, 64, 2.860, 283.93, 59.70, 2.823, 283.45, 59.82, 0.040, 130.36, -47.45);
insert into SHOT values (196, 196, 197, 64, 0.750, 307.73, 3.40, 0.757, 307.48, 3.03, 0.009, 283.08, -28.97);
insert into SHOT values (197, 196, 198, 64, 1.080, 342.63, -3.40, 1.084, 342.24, -3.70, 0.010, 277.34, -35.80);
insert into SHOT values (198, 196, 199, 64, 0.750, 32.43, -7.10, 0.748, 31.76, -7.69, 0.012, 281.34, -38.06);
insert into SHOT values (199, 196, 200, 64, 0.760, 117.73, -8.50, 0.757, 117.94, -9.13, 0.009, 267.54, -55.25);
insert into SHOT values (200, 196, 201, 64, 0.200, 16.93, 80.10, 0.193, 18.43, 80.55, 0.008, 180.29, -67.59);
insert into SHOT values (201, 196, 202, 64, 1.340, 135.53, -86.50, 1.342, 140.19, -86.66, 0.008, 257.49, -18.47);
insert into SHOT values (202, 196, 203, 64, 1.350, 173.13, -16.30, 1.353, 173.37, -16.31, 0.006, 234.25, -10.23);
insert into SHOT values (203, 196, 204, 64, 1.780, 180.73, -39.00, 1.785, 180.82, -38.86, 0.007, 198.91, 1.52);
insert into SHOT values (204, 196, 205, 64, 3.550, 192.73, -58.80, 3.557, 192.83, -58.73, 0.009, 217.07, -23.91);
insert into SHOT values (205, 196, 206, 64, 2.720, 181.93, -6.50, 2.791, 181.86, -6.79, 0.072, 179.08, -17.74);
insert into SHOT values (206, 206, 207, 64, 1.960, 344.63, 0.20, 1.960, 344.62, 0.29, 0.003, 279.35, 79.64);
insert into SHOT values (207, 206, 208, 64, 1.340, 28.03, -4.90, 1.338, 27.72, -5.14, 0.009, 281.57, -36.07);
insert into SHOT values (208, 206, 209, 64, 1.080, 74.13, -7.00, 1.078, 74.28, -6.93, 0.004, 199.61, 26.24);
insert into SHOT values (209, 206, 210, 64, 3.090, 312.33, -6.10, 3.097, 312.24, -6.12, 0.009, 275.92, -10.72);
insert into SHOT values (210, 206, 211, 64, 2.840, 312.83, -35.70, 2.848, 312.72, -35.65, 0.009, 283.30, -17.13);
insert into SHOT values (211, 206, 212, 64, 2.930, 332.93, -59.70, 2.929, 332.57, -59.74, 0.010, 229.07, -1.48);
insert into SHOT values (212, 206, 213, 64, 5.570, 334.73, 77.80, 5.566, 334.31, 77.80, 0.010, 239.48, -25.61);
insert into SHOT values (213, 206, 214, 64, 6.570, 290.73, 60.50, 6.573, 290.62, 60.49, 0.007, 219.06, 14.58);
insert into SHOT values (214, 206, 215, 64, 4.310, 291.33, 35.10, 4.314, 291.26, 35.09, 0.006, 242.92, 16.00);
insert into SHOT values (215, 206, 216, 64, 3.680, 297.93, 22.60, 3.685, 297.84, 22.50, 0.009, 260.31, -26.35);
insert into SHOT values (216, 206, 217, 64, 3.190, 305.33, 1.30, 3.194, 305.18, 1.26, 0.010, 242.14, -14.31);
insert into SHOT values (217, 206, 218, 64, 3.010, 315.03, -3.70, 3.012, 314.87, -3.81, 0.011, 234.59, -32.98);
insert into SHOT values (218, 206, 219, 64, 8.780, 310.73, 23.30, 8.784, 310.68, 23.27, 0.010, 258.47, -16.80);
insert into SHOT values (219, 206, 220, 64, 9.070, 293.23, 69.90, 9.027, 292.63, 70.14, 0.066, 145.33, -24.62);
insert into SHOT values (220, 220, 221, 64, 0.780, 162.33, -9.10, 0.776, 162.51, -9.64, 0.009, 315.78, -50.98);
insert into SHOT values (221, 220, 222, 64, 2.590, 217.13, 0.70, 2.590, 217.31, 0.66, 0.008, 305.32, -11.39);
insert into SHOT values (222, 220, 223, 64, 0.490, 249.73, 0.40, 0.490, 249.72, 0.00, 0.003, 233.17, -82.70);
insert into SHOT values (223, 220, 224, 64, 0.950, 342.43, -6.50, 0.952, 342.14, -6.64, 0.006, 271.46, -25.72);
insert into SHOT values (224, 220, 225, 64, 2.030, 309.33, -6.50, 2.031, 309.37, -6.50, 0.002, 2.92, -6.90);
insert into SHOT values (225, 220, 226, 64, 2.220, 279.43, -6.90, 2.226, 279.38, -6.97, 0.007, 258.71, -28.82);
insert into SHOT values (226, 220, 227, 64, 10.330, 328.53, -86.80, 10.336, 328.52, -86.81, 0.006, 150.97, -71.07);
insert into SHOT values (227, 220, 228, 64, 1.590, 297.73, -65.50, 1.596, 297.72, -65.31, 0.008, 296.47, -23.93);
insert into SHOT values (228, 220, 229, 64, 2.730, 279.43, 27.30, 2.735, 279.46, 27.19, 0.008, 289.59, -16.16);
insert into SHOT values (229, 220, 230, 64, 2.060, 305.83, 15.10, 2.011, 305.16, 14.69, 0.056, 153.13, -28.20);
insert into SHOT values (230, 230, 231, 64, 1.020, 217.13, -2.90, 1.015, 216.98, -2.82, 0.006, 66.47, 16.59);
insert into SHOT values (231, 230, 232, 64, 1.290, 183.43, -10.20, 1.293, 183.15, -10.25, 0.007, 113.93, -13.36);
insert into SHOT values (232, 230, 233, 64, 1.620, 160.83, -8.70, 1.618, 160.66, -8.53, 0.007, 58.50, 45.59);
insert into SHOT values (233, 230, 234, 64, 0.670, 65.03, 1.40, 0.671, 65.34, 1.71, 0.005, 134.31, 42.89);
insert into SHOT values (234, 230, 235, 64, 0.810, 116.23, 4.40, 0.817, 116.25, 4.92, 0.010, 118.57, 51.13);
insert into SHOT values (235, 230, 236, 64, 6.650, 240.33, 86.10, 6.617, 238.63, 85.84, 0.047, 213.04, -47.99);
insert into SHOT values (236, 236, 237, 64, 19.820, 43.43, -85.70, 19.815, 43.63, -85.72, 0.010, 190.31, 24.29);
insert into SHOT values (237, 236, 238, 64, 0.120, 82.93, 22.40, 0.121, 84.81, 24.36, 0.006, 181.61, 49.46);
insert into SHOT values (238, 236, 239, 64, 1.390, 163.83, -4.70, 1.388, 164.05, -4.55, 0.007, 275.32, 34.00);
insert into SHOT values (239, 236, 240, 64, 0.270, 235.03, 10.20, 0.277, 233.97, 10.41, 0.008, 196.21, 15.25);
insert into SHOT values (240, 236, 241, 64, 0.730, 320.73, -20.20, 0.733, 320.30, -19.95, 0.007, 266.40, 17.96);
insert into SHOT values (241, 236, 242, 64, 12.570, 352.53, -74.80, 12.568, 352.49, -74.83, 0.008, 192.00, 1.86);
insert into SHOT values (242, 236, 243, 64, 0.760, 3.03, -79.20, 0.753, 0.00, -79.29, 0.010, 253.65, 39.79);
insert into SHOT values (243, 236, 244, 64, 12.310, 354.73, -75.20, 12.308, 354.71, -75.20, 0.002, 225.73, 41.59);
insert into SHOT values (244, 236, 245, 64, 2.830, 172.73, 36.20, 2.865, 172.84, 35.65, 0.045, 178.60, -1.81);
insert into SHOT values (245, 245, 246, 64, 0.440, 39.53, -8.50, 0.438, 40.31, -9.19, 0.008, 151.86, -37.86);
insert into SHOT values (246, 245, 247, 64, 1.400, 54.33, -67.60, 1.404, 54.21, -67.82, 0.007, 252.53, -57.54);
insert into SHOT values (247, 245, 248, 64, 0.630, 100.43, -9.20, 0.630, 101.13, -9.14, 0.008, 192.33, 5.47);
insert into SHOT values (248, 245, 249, 64, 1.690, 45.73, 79.90, 1.685, 46.40, 80.09, 0.008, 197.95, -27.82);
insert into SHOT values (249, 245, 250, 64, 1.030, 302.43, -84.10, 1.035, 299.05, -84.29, 0.009, 185.37, -38.70);
insert into SHOT values (250, 245, 251, 64, 1.320, 344.43, -20.40, 1.318, 344.50, -20.43, 0.003, 131.71, 2.41);
insert into SHOT values (251, 245, 252, 64, 0.570, 72.03, -4.50, 0.568, 72.53, -5.05, 0.007, 185.71, -44.77);
insert into SHOT values (252, 245, 253, 64, 0.580, 73.73, -4.40, 0.575, 73.78, -4.99, 0.008, 248.76, -44.96);
insert into SHOT values (253, 245, 254, 64, 0.590, 77.03, -3.60, 0.586, 77.15, -3.91, 0.005, 240.75, -34.02);
insert into SHOT values (254, 245, 255, 64, 0.600, 75.33, -3.00, 0.600, 75.50, -2.87, 0.002, 168.52, 38.58);
insert into SHOT values (255, 245, 256, 64, 0.600, 75.63, -2.90, 0.584, 78.11, -3.93, 0.032, 200.08, -17.52);
insert into SHOT values (256, 256, 257, 64, 0.340, 220.23, -16.50, 0.334, 221.19, -17.41, 0.010, 3.59, -21.11);
insert into SHOT values (257, 256, 258, 64, 1.010, 226.43, -61.20, 1.003, 226.68, -61.34, 0.008, 25.46, 40.54);
insert into SHOT values (258, 256, 259, 64, 1.220, 46.93, -70.00, 1.226, 46.91, -69.74, 0.008, 45.59, -26.29);
insert into SHOT values (259, 256, 260, 64, 0.860, 154.13, -37.20, 0.856, 153.81, -37.41, 0.006, 10.03, -0.40);
insert into SHOT values (260, 256, 261, 64, 0.890, 172.13, 7.50, 0.888, 171.50, 7.77, 0.011, 66.11, 20.83);
insert into SHOT values (261, 256, 262, 64, 1.490, 169.03, -13.40, 1.489, 168.85, -13.59, 0.007, 55.02, -42.29);
insert into SHOT values (262, 256, 263, 64, 1.490, 170.33, -13.40, 1.557, 170.10, -13.75, 0.068, 164.83, -21.29);
insert into SHOT values (263, 263, 264, 64, 1.490, 170.63, -13.40, 1.497, 170.93, -13.12, 0.013, 210.94, 24.69);
insert into SHOT values (264, 263, 265, 64, 0.360, 64.03, -11.30, 0.360, 64.89, -11.20, 0.005, 150.21, 5.85);
insert into SHOT values (265, 263, 266, 64, 1.530, 69.43, -78.80, 1.529, 70.35, -78.79, 0.005, 158.16, 10.29);
insert into SHOT values (266, 263, 267, 64, 0.730, 57.93, 59.80, 0.727, 58.50, 60.01, 0.005, 193.34, -10.24);
insert into SHOT values (267, 263, 268, 64, 1.410, 140.03, -17.00, 1.471, 140.77, -16.99, 0.064, 157.15, -16.13);
insert into SHOT values (268, 268, 269, 64, 1.200, 43.03, -89.20, 1.200, 63.43, -88.93, 0.009, 104.70, -0.76);
insert into SHOT values (269, 268, 270, 64, 0.550, 219.03, -1.70, 0.549, 218.33, -2.09, 0.008, 115.41, -28.17);
insert into SHOT values (270, 268, 271, 64, 0.410, 163.33, -7.90, 0.412, 162.90, -8.36, 0.005, 105.18, -45.02);
insert into SHOT values (271, 268, 272, 64, 0.360, 281.83, -4.40, 0.358, 281.31, -4.80, 0.005, 159.96, -31.87);
insert into SHOT values (272, 268, 273, 64, 3.120, 240.03, 79.40, 3.113, 239.38, 79.46, 0.010, 114.72, -40.46);
insert into SHOT values (273, 268, 274, 64, 2.980, 205.53, 70.30, 2.963, 204.81, 69.77, 0.035, 172.80, -47.14);
insert into SHOT values (274, 274, 275, 64, 0.270, 286.33, -0.90, 0.269, 285.07, -2.13, 0.008, 188.91, -43.88);
insert into SHOT values (275, 274, 276, 64, 2.840, 274.03, 83.00, 2.842, 273.27, 82.91, 0.007, 227.59, 10.30);
insert into SHOT values (276, 274, 277, 64, 1.810, 274.83, -77.40, 1.813, 274.40, -77.54, 0.006, 133.49, -37.17);
insert into SHOT values (277, 274, 278, 64, 0.770, 71.03, 71.40, 0.770, 70.82, 71.55, 0.002, 274.32, 5.50);
insert into SHOT values (278, 274, 279, 64, 1.060, 9.43, 70.80, 1.058, 10.01, 70.95, 0.005, 143.53, -12.13);
insert into SHOT values (279, 274, 280, 64, 2.020, 191.83, 56.90, 2.027, 191.71, 55.99, 0.033, 187.17, -21.76);
insert into SHOT values (280, 280, 281, 64, 0.420, 111.53, 3.50, 0.419, 111.04, 4.11, 0.006, 0.59, 48.47);
insert into SHOT values (281, 280, 282, 64, 0.800, 113.63, -50.90, 0.803, 113.05, -50.52, 0.008, 73.85, 5.91);
insert into SHOT values (282, 280, 283, 64, 1.180, 120.83, 50.50, 1.181, 120.31, 50.40, 0.007, 49.59, -4.09);
insert into SHOT values (283, 280, 284, 64, 1.710, 231.83, 6.20, 1.705, 231.71, 6.40, 0.008, 85.23, 39.02);
insert into SHOT values (284, 280, 285, 64, 1.420, 7.43, -8.90, 1.419, 7.38, -8.92, 0.002, 232.68, -9.59);
insert into SHOT values (285, 280, 286, 64, 0.490, 105.63, 33.80, 0.500, 108.00, 32.70, 0.022, 158.77, -6.78);
insert into SHOT values (286, 286, 287, 64, 5.090, 241.53, 66.90, 5.062, 241.03, 66.44, 0.052, 207.25, -52.97);
insert into SHOT values (287, 287, 288, 64, 0.370, 69.33, 10.20, 0.371, 69.08, 10.89, 0.005, 334.06, 69.93);
insert into SHOT values (288, 287, 289, 64, 0.810, 24.33, -8.50, 0.810, 24.33, -8.52, 0.000, 307.64, -71.31);
insert into SHOT values (289, 287, 290, 64, 0.460, 320.63, -8.90, 0.460, 320.36, -8.76, 0.002, 232.35, 28.02);
insert into SHOT values (290, 287, 291, 64, 3.400, 61.63, -72.30, 3.391, 61.70, -72.26, 0.009, 159.87, 82.29);
insert into SHOT values (291, 287, 292, 64, 3.940, 95.53, -71.30, 3.939, 95.44, -71.26, 0.004, 56.34, 32.07);
insert into SHOT values (292, 287, 293, 64, 1.150, 351.43, -77.60, 1.148, 353.16, -77.33, 0.009, 49.45, 19.55);
insert into SHOT values (293, 287, 294, 64, 1.740, 267.53, -42.60, 1.735, 267.76, -42.41, 0.009, 355.79, 56.36);
insert into SHOT values (294, 287, 295, 64, 1.470, 251.23, -26.00, 1.500, 250.49, -26.10, 0.035, 217.36, -26.45);
insert into SHOT values (295, 295, 296, 64, 0.490, 132.73, -9.80, 0.495, 132.51, -9.30, 0.007, 113.81, 30.29);
insert into SHOT values (296, 295, 297, 64, 2.020, 225.33, -77.40, 2.018, 225.00, -77.45, 0.004, 93.80, 21.72);
insert into SHOT values (297, 295, 298, 64, 0.700, 196.23, -7.30, 0.693, 196.06, -7.47, 0.008, 31.56, -7.70);
insert into SHOT values (298, 295, 299, 64, 0.980, 58.63, -11.40, 0.979, 58.63, -11.19, 0.004, 257.36, 85.94);
insert into SHOT values (299, 295, 300, 64, 1.090, 171.93, 72.10, 1.092, 171.38, 72.21, 0.004, 60.26, 38.82);
insert into SHOT values (300, 295, 301, 64, 2.040, 179.33, -35.60, 2.115, 179.00, -35.57, 0.075, 170.15, -34.28);
insert into SHOT values (301, 301, 302, 64, 0.280, 328.03, -3.30, 0.284, 327.99, -4.04, 0.005, 325.00, -48.06);
insert into SHOT values (302, 301, 303, 64, 1.240, 296.13, -74.40, 1.236, 296.57, -74.26, 0.005, 348.70, 53.55);
insert into SHOT values (303, 301, 304, 64, 0.990, 220.03, 80.20, 0.995, 220.24, 80.14, 0.005, 238.82, 67.02);
insert into SHOT values (304, 301, 305, 64, 0.370, 48.03, 29.90, 0.365, 47.60, 31.39, 0.011, 242.11, 30.07);
insert into SHOT values (305, 301, 306, 64, 1.450, 261.53, 0.90, 1.460, 260.54, 0.39, 0.030, 192.72, -25.18);
insert into SHOT values (306, 306, 307, 64, 1.530, 50.93, -84.00, 1.529, 47.49, -83.89, 0.010, 335.64, 9.10);
insert into SHOT values (307, 306, 308, 64, 0.350, 18.23, -2.20, 0.357, 17.93, -1.60, 0.009, 4.23, 23.67);
insert into SHOT values (308, 306, 309, 64, 0.380, 144.93, -10.50, 0.379, 143.75, -10.66, 0.008, 42.52, -5.44);
insert into SHOT values (309, 306, 310, 64, 0.800, 92.73, -8.00, 0.798, 92.17, -7.92, 0.008, 350.39, 9.65);
insert into SHOT values (310, 306, 311, 64, 1.570, 82.73, -2.30, 1.574, 82.69, -2.18, 0.005, 68.31, 35.83);
insert into SHOT values (311, 306, 312, 64, 3.450, 117.03, 79.60, 3.457, 116.57, 79.57, 0.009, 59.82, 47.73);
insert into SHOT values (312, 306, 313, 64, 2.050, 176.03, 68.00, 2.046, 175.60, 67.51, 0.019, 153.73, -34.69);
insert into SHOT values (313, 313, 314, 64, 0.470, 320.13, 3.00, 0.475, 319.27, 2.41, 0.010, 268.48, -26.71);
insert into SHOT values (314, 313, 315, 64, 0.860, 14.83, -2.20, 0.860, 14.85, -2.67, 0.007, 178.90, -84.01);
insert into SHOT values (315, 313, 316, 64, 1.290, 43.33, -1.80, 1.281, 43.42, -1.79, 0.009, 211.35, 3.23);
insert into SHOT values (316, 313, 317, 64, 2.980, 3.53, 82.70, 2.973, 3.09, 82.84, 0.010, 202.75, -34.20);
insert into SHOT values (317, 313, 318, 64, 0.990, 242.03, 7.80, 0.993, 242.13, 7.53, 0.006, 269.88, -49.58);
insert into SHOT values (318, 313, 319, 64, 1.160, 267.43, 3.20, 1.163, 267.04, 2.96, 0.010, 200.13, -28.83);
insert into SHOT values (319, 313, 320, 64, 1.950, 284.33, 50.80, 1.952, 284.04, 50.68, 0.008, 229.25, -8.34);
insert into SHOT values (320, 313, 321, 64, 9.520, 258.43, 67.30, 9.518, 258.38, 67.29, 0.004, 193.66, -37.15);
insert into SHOT values (321, 313, 322, 64, 4.290, 260.73, 42.60, 4.290, 260.72, 42.53, 0.005, 247.12, -46.11);
insert into SHOT values (322, 313, 323, 64, 3.260, 266.53, 16.90, 3.254, 265.95, 16.61, 0.036, 173.62, -29.31);
insert into SHOT values (323, 323, 324, 64, 1.570, 109.53, -16.40, 1.574, 109.76, -16.61, 0.009, 175.15, -46.08);
insert into SHOT values (324, 323, 325, 64, 2.140, 85.33, -6.60, 2.141, 85.42, -6.70, 0.005, 157.66, -51.19);
insert into SHOT values (325, 323, 326, 64, 1.810, 60.53, -8.50, 1.811, 60.57, -8.57, 0.003, 113.08, -57.09);
insert into SHOT values (326, 323, 327, 64, 2.330, 25.43, -7.50, 2.324, 25.45, -7.66, 0.009, 198.14, -41.95);
insert into SHOT values (327, 323, 328, 64, 2.700, 354.63, -3.90, 2.698, 354.67, -4.04, 0.007, 133.97, -66.34);
insert into SHOT values (328, 323, 329, 64, 3.140, 335.53, 0.40, 3.133, 335.48, 0.37, 0.008, 176.34, -13.58);
insert into SHOT values (329, 323, 330, 64, 4.350, 8.13, 66.70, 4.344, 8.04, 66.72, 0.007, 225.59, -47.84);
insert into SHOT values (330, 323, 331, 64, 9.040, 326.33, 59.90, 9.037, 326.35, 59.92, 0.005, 133.56, -11.78);
insert into SHOT values (331, 323, 332, 64, 4.000, 70.93, 65.00, 3.996, 71.03, 64.95, 0.006, 134.74, -58.46);
insert into SHOT values (332, 323, 333, 64, 10.570, 264.43, 83.90, 10.532, 263.44, 83.80, 0.047, 209.90, -58.87);
insert into SHOT values (333, 333, 334, 64, 0.700, 82.23, -0.40, 0.706, 82.67, -0.81, 0.009, 125.60, -32.84);
insert into SHOT values (334, 333, 335, 64, 1.040, 113.83, 2.00, 1.049, 113.63, 2.19, 0.010, 90.23, 21.81);
insert into SHOT values (335, 333, 336, 64, 3.370, 146.23, 2.10, 3.375, 146.12, 2.04, 0.009, 92.94, -23.26);
insert into SHOT values (336, 333, 337, 64, 1.340, 27.03, -6.10, 1.336, 27.34, -6.02, 0.009, 147.09, 16.35);
insert into SHOT values (337, 333, 338, 64, 1.830, 345.23, 6.30, 1.830, 345.35, 6.27, 0.004, 72.72, -11.99);
insert into SHOT values (338, 333, 339, 64, 11.850, 357.23, -80.30, 11.849, 357.41, -80.32, 0.008, 123.63, 4.35);
insert into SHOT values (339, 333, 340, 64, 8.400, 324.23, -64.10, 8.400, 324.23, -64.16, 0.009, 146.93, -23.67);
insert into SHOT values (340, 333, 341, 64, 7.760, 323.33, -43.40, 7.754, 323.37, -43.42, 0.008, 109.40, 13.60);
insert into SHOT values (341, 333, 342, 64, 5.870, 326.63, -19.50, 5.868, 326.65, -19.51, 0.004, 109.02, -8.77);
insert into SHOT values (342, 333, 343, 64, 1.210, 100.93, 83.10, 1.210, 101.31, 82.74, 0.008, 108.49, -9.16);
insert into SHOT values (343, 333, 344, 64, 2.020, 151.23, 67.70, 2.014, 151.50, 66.71, 0.036, 158.43, -32.05);
insert into SHOT values (344, 344, 345, 64, 0.320, 223.63, -4.40, 0.319, 223.73, -3.60, 0.005, 9.59, 78.30);
insert into SHOT values (345, 344, 346, 64, 1.770, 167.63, -25.40, 1.768, 167.70, -25.45, 0.003, 306.05, -14.42);
insert into SHOT values (346, 344, 347, 64, 0.660, 179.03, 40.60, 0.660, 178.85, 40.69, 0.002, 55.68, 14.75);
insert into SHOT values (347, 344, 348, 64, 1.020, 181.13, 56.60, 1.018, 181.02, 56.62, 0.002, 38.37, -41.26);
insert into SHOT values (348, 344, 349, 64, 1.190, 119.93, 65.10, 1.189, 120.17, 65.27, 0.004, 270.02, 8.36);
insert into SHOT values (349, 344, 350, 64, 1.050, 167.73, 60.20, 1.049, 167.83, 60.17, 0.001, 263.93, -52.54);
insert into SHOT values (350, 344, 351, 64, 1.050, 169.93, 61.20, 1.047, 169.99, 60.36, 0.016, 172.51, -40.03);
insert into SHOT values (351, 351, 352, 64, 0.220, 82.73, 6.10, 0.213, 81.87, 5.39, 0.008, 288.38, -24.62);
insert into SHOT values (352, 351, 353, 64, 0.710, 140.83, -5.80, 0.708, 141.34, -5.68, 0.007, 248.99, 14.91);
insert into SHOT values (353, 351, 354, 64, 0.790, 155.13, -8.40, 0.791, 155.07, -8.00, 0.006, 124.88, 73.11);
insert into SHOT values (354, 351, 355, 64, 0.840, 204.03, -75.00, 0.839, 204.23, -74.85, 0.002, 225.47, 33.91);
insert into SHOT values (355, 351, 356, 64, 0.900, 150.23, 66.30, 0.908, 150.64, 66.14, 0.008, 176.23, 44.56);
insert into SHOT values (356, 351, 357, 64, 0.640, 353.83, -32.90, 0.638, 353.54, -33.27, 0.005, 208.07, -26.20);
insert into SHOT values (357, 351, 358, 64, 3.240, 143.73, 49.30, 3.251, 144.09, 48.64, 0.041, 164.48, -23.33);
insert into SHOT values (358, 358, 359, 64, 0.270, 59.03, 0.20, 0.269, 58.67, 2.13, 0.009, 305.29, 78.44);
insert into SHOT values (359, 358, 360, 64, 1.240, 65.03, -72.10, 1.238, 64.80, -72.34, 0.006, 260.96, -0.24);
insert into SHOT values (360, 358, 361, 64, 0.470, 35.83, 67.00, 0.475, 33.69, 67.72, 0.011, 278.44, 44.13);
insert into SHOT values (361, 358, 362, 64, 0.740, 119.53, -8.40, 0.732, 119.74, -7.85, 0.011, 276.89, 49.16);
insert into SHOT values (362, 358, 363, 64, 0.450, 21.83, -27.20, 0.443, 20.73, -26.82, 0.011, 260.17, 32.39);
insert into SHOT values (363, 358, 364, 64, 2.010, 145.73, 4.50, 2.009, 145.99, 4.57, 0.009, 244.02, 14.02);
insert into SHOT values (364, 358, 365, 64, 2.500, 145.83, 4.80, 2.559, 146.19, 4.48, 0.063, 160.45, -8.39);
insert into SHOT values (365, 365, 366, 64, 0.330, 304.43, -2.90, 0.339, 304.16, -1.69, 0.011, 294.07, 36.82);
insert into SHOT values (366, 365, 367, 64, 0.670, 299.33, -67.30, 0.674, 299.48, -66.92, 0.006, 306.04, -18.50);
insert into SHOT values (367, 365, 368, 64, 0.510, 301.93, 59.70, 0.511, 302.47, 59.35, 0.004, 337.37, -4.48);
insert into SHOT values (368, 365, 369, 64, 0.390, 252.63, -4.40, 0.387, 253.44, -4.44, 0.006, 10.46, -0.74);
insert into SHOT values (369, 365, 370, 64, 0.440, 29.53, -6.30, 0.437, 28.93, -6.57, 0.006, 264.63, -17.06);
insert into SHOT values (370, 365, 371, 64, 0.460, 250.73, 5.80, 0.473, 248.88, 4.85, 0.022, 202.83, -17.48);
insert into SHOT values (371, 371, 372, 64, 0.370, 108.23, -1.80, 0.367, 107.45, -1.56, 0.006, 347.62, 15.52);
insert into SHOT values (372, 371, 373, 64, 0.380, 167.83, -10.90, 0.373, 169.00, -10.81, 0.010, 298.83, 10.65);
insert into SHOT values (373, 371, 374, 64, 0.860, 123.23, 61.70, 0.861, 122.91, 61.95, 0.005, 343.23, 37.82);
insert into SHOT values (374, 371, 375, 64, 2.760, 150.23, 6.20, 2.818, 150.51, 5.91, 0.061, 163.08, -7.56);
insert into SHOT values (375, 375, 376, 64, 0.570, 268.53, -1.00, 0.570, 268.99, -1.00, 0.005, 356.59, -0.65);
insert into SHOT values (376, 375, 377, 64, 2.550, 310.33, 7.10, 2.552, 310.36, 6.98, 0.006, 335.57, -64.47);
insert into SHOT values (377, 375, 378, 64, 2.450, 336.53, 10.00, 2.455, 336.61, 9.85, 0.009, 7.18, -38.43);
insert into SHOT values (378, 375, 379, 64, 0.820, 33.03, 2.00, 0.819, 32.52, 2.10, 0.007, 293.78, 10.67);
insert into SHOT values (379, 375, 380, 64, 2.980, 40.23, -77.90, 2.986, 39.81, -77.92, 0.008, 311.95, -53.14);
insert into SHOT values (380, 375, 381, 64, 5.160, 321.63, 80.80, 5.157, 321.88, 80.78, 0.005, 33.18, -43.67);
insert into SHOT values (381, 375, 382, 64, 1.300, 79.23, 10.00, 1.286, 80.02, 9.39, 0.026, 201.88, -37.28);
insert into SHOT values (382, 382, 383, 64, 0.700, 227.13, -12.40, 0.696, 227.39, -12.45, 0.005, 11.92, 3.45);
insert into SHOT values (383, 382, 384, 64, 1.350, 163.83, -3.00, 1.344, 164.00, -2.99, 0.007, 311.82, 5.16);
insert into SHOT values (384, 382, 385, 64, 2.950, 189.63, -77.90, 2.946, 190.22, -77.85, 0.008, 267.00, 34.29);
insert into SHOT values (385, 382, 386, 64, 0.690, 185.23, 62.90, 0.694, 185.53, 63.33, 0.007, 336.10, 60.17);
insert into SHOT values (386, 382, 387, 64, 4.480, 202.33, 32.20, 4.516, 202.16, 31.66, 0.057, 190.13, -17.68);
insert into SHOT values (387, 387, 388, 64, 5.880, 14.53, -60.90, 5.883, 14.57, -60.89, 0.004, 53.19, -35.92);
insert into SHOT values (388, 387, 389, 64, 3.650, 26.13, -72.30, 3.654, 26.10, -72.26, 0.005, 18.37, -35.45);
insert into SHOT values (389, 387, 390, 64, 1.780, 42.73, -80.50, 1.785, 42.27, -80.41, 0.006, 8.74, -46.04);
insert into SHOT values (390, 387, 391, 64, 2.140, 124.03, -60.30, 2.141, 123.84, -60.33, 0.004, 21.23, -17.22);
insert into SHOT values (391, 387, 392, 64, 1.760, 126.23, -28.60, 1.760, 126.05, -28.51, 0.005, 46.87, 27.15);
insert into SHOT values (392, 387, 393, 64, 1.650, 124.83, -11.70, 1.653, 124.67, -11.87, 0.007, 52.88, -48.80);
insert into SHOT values (393, 387, 394, 64, 3.940, 125.63, 0.80, 3.949, 125.62, 0.73, 0.011, 121.39, -28.20);
insert into SHOT values (394, 387, 395, 64, 3.380, 15.23, -2.60, 3.383, 15.27, -2.54, 0.005, 54.04, 42.97);
insert into SHOT values (395, 387, 396, 64, 1.890, 32.43, -2.10, 1.890, 32.68, -2.12, 0.008, 120.34, -5.18);
insert into SHOT values (396, 387, 397, 64, 1.170, 53.93, -2.00, 1.175, 54.01, -1.95, 0.005, 71.84, 9.28);
insert into SHOT values (397, 387, 398, 64, 0.820, 76.83, -0.90, 0.822, 76.64, -0.70, 0.005, 27.25, 38.48);
insert into SHOT values (398, 387, 399, 64, 1.040, 101.33, -2.60, 1.041, 101.09, -2.75, 0.005, 17.73, -32.98);
insert into SHOT values (399, 387, 400, 64, 4.260, 25.83, 77.50, 4.262, 26.29, 77.45, 0.008, 89.30, 6.78);
insert into SHOT values (400, 387, 401, 64, 3.530, 124.93, -8.00, 3.580, 125.35, -8.19, 0.057, 153.46, -19.09);
insert into SHOT values (401, 401, 402, 64, 1.520, 13.43, -2.90, 1.523, 13.31, -3.01, 0.005, 322.84, -35.43);
insert into SHOT values (402, 401, 403, 64, 2.230, 350.63, -2.80, 2.232, 350.71, -2.82, 0.004, 47.16, -17.01);
insert into SHOT values (403, 401, 404, 64, 1.690, 327.73, -6.50, 1.688, 327.92, -6.81, 0.011, 88.33, -53.36);
insert into SHOT values (404, 401, 405, 64, 1.700, 294.33, -10.40, 1.698, 294.42, -10.52, 0.005, 73.26, -40.09);
insert into SHOT values (405, 401, 406, 64, 3.020, 262.13, 5.70, 3.023, 262.17, 5.70, 0.003, 292.98, 0.89);
insert into SHOT values (406, 401, 407, 64, 2.410, 246.73, 7.70, 2.405, 246.77, 7.65, 0.006, 49.46, -28.76);
insert into SHOT values (407, 401, 408, 64, 1.580, 231.33, 4.50, 1.583, 231.17, 4.35, 0.007, 181.67, -34.12);
insert into SHOT values (408, 401, 409, 64, 1.030, 204.43, 12.30, 1.029, 204.02, 11.78, 0.012, 121.06, -52.28);
insert into SHOT values (409, 401, 410, 64, 1.360, 233.73, 3.20, 1.354, 233.72, 2.96, 0.008, 55.75, -45.52);
insert into SHOT values (410, 401, 411, 64, 13.350, 225.43, 84.70, 13.347, 225.33, 84.68, 0.006, 197.75, -31.02);
insert into SHOT values (411, 401, 412, 64, 2.680, 348.33, -55.80, 2.679, 348.47, -55.95, 0.008, 138.49, -26.01);
insert into SHOT values (412, 401, 413, 64, 1.600, 275.13, -86.50, 1.603, 275.71, -86.41, 0.004, 294.95, -44.91);
insert into SHOT values (413, 401, 414, 64, 3.900, 311.93, 16.80, 3.897, 311.85, 16.70, 0.009, 206.61, -52.61);
insert into SHOT values (414, 401, 415, 64, 4.220, 312.03, 37.70, 4.217, 311.96, 37.72, 0.006, 179.14, -6.57);
insert into SHOT values (415, 401, 416, 64, 6.550, 312.63, 52.90, 6.550, 312.64, 52.84, 0.007, 321.83, -39.17);
insert into SHOT values (416, 401, 417, 64, 5.280, 319.53, 84.70, 5.273, 319.14, 84.68, 0.008, 253.28, -64.05);
insert into SHOT values (417, 401, 418, 64, 11.990, 275.83, 81.50, 11.981, 275.84, 81.51, 0.009, 91.52, -69.75);
insert into SHOT values (418, 401, 419, 64, 11.020, 280.83, 75.40, 11.016, 280.78, 75.39, 0.005, 219.72, -57.53);
insert into SHOT values (419, 401, 420, 64, 9.740, 266.73, 69.90, 9.733, 266.74, 69.90, 0.007, 65.73, -73.74);
insert into SHOT values (420, 401, 421, 64, 8.650, 243.73, 71.30, 8.648, 243.71, 71.27, 0.005, 229.67, -39.77);
insert into SHOT values (421, 401, 422, 64, 9.360, 223.63, 77.50, 9.353, 223.60, 77.46, 0.009, 209.55, -62.39);
insert into SHOT values (422, 401, 423, 64, 15.930, 208.43, 85.40, 15.921, 208.57, 85.41, 0.010, 333.52, -65.94);
insert into SHOT values (423, 401, 424, 64, 15.280, 251.43, 81.20, 15.279, 251.25, 81.21, 0.008, 133.46, -0.91);
insert into SHOT values (424, 401, 425, 64, 12.620, 259.33, 75.10, 12.615, 259.35, 75.09, 0.006, 303.51, -77.24);
insert into SHOT values (425, 401, 426, 64, 12.840, 270.33, 73.20, 12.838, 270.31, 73.20, 0.003, 143.71, -46.69);
insert into SHOT values (426, 401, 427, 64, 14.100, 266.63, 76.00, 14.057, 266.00, 75.84, 0.069, 212.05, -47.60);
insert into SHOT values (427, 427, 428, 64, 0.460, 352.83, 0.80, 0.463, 353.80, 1.24, 0.009, 63.79, 23.47);
insert into SHOT values (428, 427, 429, 64, 0.630, 36.73, 3.20, 0.637, 36.69, 3.60, 0.009, 32.89, 34.62);
insert into SHOT values (429, 427, 430, 64, 0.780, 133.53, -2.00, 0.779, 132.92, -1.47, 0.011, 35.10, 40.55);
insert into SHOT values (430, 427, 431, 64, 2.400, 117.03, -6.70, 2.405, 116.89, -6.69, 0.008, 63.93, 0.07);
insert into SHOT values (431, 427, 432, 64, 0.280, 105.43, -5.30, 0.280, 104.53, -4.10, 0.007, 16.60, 53.30);
insert into SHOT values (432, 427, 433, 64, 1.130, 78.93, -4.50, 1.134, 78.79, -4.04, 0.010, 49.88, 56.18);
insert into SHOT values (433, 427, 434, 64, 5.540, 115.63, 82.60, 5.511, 116.22, 82.21, 0.048, 128.64, -44.74);
insert into SHOT values (434, 434, 435, 64, 0.410, 218.13, -9.80, 0.412, 218.00, -9.78, 0.002, 193.50, -5.40);
insert into SHOT values (435, 434, 436, 64, 1.810, 169.93, -86.10, 1.805, 171.25, -85.82, 0.011, 189.82, 33.08);
insert into SHOT values (436, 434, 437, 64, 2.020, 300.63, -14.00, 2.019, 300.36, -14.05, 0.009, 202.03, -8.03);
insert into SHOT values (437, 434, 438, 64, 0.160, 354.43, 5.70, 0.153, 352.41, 7.53, 0.010, 208.29, 23.16);
insert into SHOT values (438, 434, 439, 64, 19.560, 111.53, -88.20, 19.560, 111.97, -88.20, 0.005, 198.62, 4.19);
insert into SHOT values (439, 434, 440, 64, 2.250, 229.83, 85.60, 2.257, 227.29, 85.50, 0.011, 167.58, 36.80);
insert into SHOT values (440, 434, 441, 64, 2.420, 103.93, -1.40, 2.441, 104.72, -1.64, 0.041, 162.41, -15.45);
insert into SHOT values (441, 441, 442, 64, 1.470, 321.13, 1.50, 1.473, 321.34, 1.56, 0.006, 20.15, 13.69);
insert into SHOT values (442, 441, 443, 64, 0.820, 223.33, -14.10, 0.817, 222.95, -14.16, 0.006, 104.72, -2.27);
insert into SHOT values (443, 441, 444, 64, 0.730, 239.63, -66.60, 0.729, 240.75, -66.85, 0.007, 1.22, -0.34);
insert into SHOT values (444, 441, 445, 64, 1.160, 237.43, -12.90, 1.159, 237.30, -12.97, 0.003, 114.52, -17.79);
insert into SHOT values (445, 441, 446, 64, 1.240, 250.63, 54.00, 1.233, 250.56, 54.20, 0.008, 77.31, -22.19);
insert into SHOT values (446, 441, 447, 64, 2.140, 256.03, 20.50, 2.135, 256.10, 20.57, 0.006, 53.60, 4.91);
insert into SHOT values (447, 441, 448, 64, 4.100, 276.63, 32.60, 4.100, 276.65, 32.62, 0.002, 41.01, 35.93);
insert into SHOT values (448, 441, 449, 64, 1.680, 152.43, 4.30, 1.740, 152.55, 3.96, 0.061, 155.80, -5.66);
insert into SHOT values (449, 449, 450, 64, 0.390, 47.93, 3.40, 0.390, 48.12, 2.94, 0.003, 130.39, -67.39);
insert into SHOT values (450, 449, 451, 64, 0.420, 28.73, -71.10, 0.423, 30.26, -70.85, 0.005, 81.29, -29.60);
insert into SHOT values (451, 449, 452, 64, 0.940, 87.23, 66.80, 0.936, 86.91, 66.69, 0.005, 3.42, -61.99);
insert into SHOT values (452, 449, 453, 64, 1.310, 125.33, -7.10, 1.358, 125.93, -7.62, 0.052, 142.36, -20.54);
insert into SHOT values (453, 453, 454, 64, 0.300, 218.73, -4.50, 0.299, 219.56, -3.84, 0.006, 318.96, 38.94);
insert into SHOT values (454, 453, 455, 64, 0.800, 344.73, -78.50, 0.795, 345.07, -78.74, 0.006, 152.64, 42.15);
insert into SHOT values (455, 453, 456, 64, 0.800, 213.63, 66.70, 0.803, 213.18, 67.23, 0.008, 56.60, 39.76);
insert into SHOT values (456, 453, 457, 64, 3.030, 139.33, -46.80, 3.093, 139.78, -46.68, 0.065, 158.61, -39.39);
insert into SHOT values (457, 457, 458, 64, 1.180, 352.43, -7.80, 1.181, 352.63, -7.79, 0.004, 74.50, 2.01);
insert into SHOT values (458, 457, 459, 64, 1.600, 331.03, -6.60, 1.599, 331.02, -6.46, 0.004, 202.11, 81.37);
insert into SHOT values (459, 457, 460, 64, 0.930, 277.03, -10.70, 0.922, 276.97, -10.62, 0.008, 105.09, 20.34);
insert into SHOT values (460, 457, 461, 64, 1.220, 287.13, -10.50, 1.213, 287.07, -10.45, 0.008, 117.93, 17.96);
insert into SHOT values (461, 457, 462, 64, 1.450, 350.93, -50.20, 1.448, 351.35, -50.02, 0.008, 61.29, 29.24);
insert into SHOT values (462, 457, 463, 64, 2.330, 25.73, 74.50, 2.334, 25.74, 74.55, 0.005, 200.21, 78.34);
insert into SHOT values (463, 457, 464, 64, 1.460, 22.33, 7.10, 1.400, 22.87, 6.98, 0.062, 189.91, -9.72);
insert into SHOT values (464, 464, 465, 64, 1.970, 226.73, -9.40, 1.980, 226.66, -9.59, 0.012, 211.35, -41.83);
insert into SHOT values (465, 464, 466, 64, 1.070, 186.23, -8.50, 1.079, 186.46, -8.53, 0.010, 212.61, -10.98);
insert into SHOT values (466, 464, 467, 64, 1.480, 151.83, -8.60, 1.481, 151.86, -8.93, 0.009, 273.63, -84.79);
insert into SHOT values (467, 464, 468, 64, 1.790, 165.73, -74.40, 1.797, 165.68, -74.34, 0.007, 158.61, -57.80);
insert into SHOT values (468, 464, 469, 64, 1.580, 98.73, -18.20, 1.579, 98.83, -18.46, 0.008, 239.04, -57.49);
insert into SHOT values (469, 464, 470, 64, 1.890, 140.73, -12.90, 1.891, 140.95, -13.14, 0.011, 238.65, -48.54);
insert into SHOT values (470, 464, 471, 64, 2.940, 130.63, -25.10, 3.007, 131.13, -25.19, 0.072, 152.33, -27.34);
insert into SHOT values (471, 471, 472, 64, 0.400, 218.33, -13.30, 0.401, 219.81, -12.98, 0.010, 302.01, 11.31);
insert into SHOT values (472, 471, 473, 64, 1.580, 318.63, -86.30, 1.584, 318.81, -86.15, 0.005, 323.08, -37.11);
insert into SHOT values (473, 471, 474, 64, 1.450, 321.73, -54.70, 1.457, 321.77, -54.77, 0.007, 333.79, -70.04);
insert into SHOT values (474, 471, 475, 64, 5.870, 110.93, -67.50, 5.864, 110.95, -67.56, 0.009, 287.35, 20.49);
insert into SHOT values (475, 471, 476, 64, 7.300, 110.73, -51.80, 7.300, 110.65, -51.85, 0.009, 345.71, -21.26);
insert into SHOT values (476, 471, 477, 64, 5.550, 117.33, -17.60, 5.538, 117.29, -17.66, 0.013, 313.05, -7.99);
insert into SHOT values (477, 471, 478, 64, 1.330, 50.43, -57.70, 1.334, 49.57, -57.88, 0.012, 312.91, -28.43);
insert into SHOT values (478, 471, 479, 64, 0.800, 178.43, 64.00, 0.801, 180.00, 64.08, 0.010, 273.37, 5.73);
insert into SHOT values (479, 471, 480, 64, 6.710, 110.73, -39.80, 6.747, 111.31, -39.93, 0.065, 181.42, -32.33);
insert into SHOT values (480, 480, 481, 64, 2.380, 253.83, 23.90, 2.379, 253.73, 23.79, 0.006, 181.88, -45.89);
insert into SHOT values (481, 480, 482, 64, 4.450, 284.33, 16.60, 4.449, 284.39, 16.59, 0.005, 22.60, -15.56);
insert into SHOT values (482, 480, 483, 64, 3.320, 311.23, 10.30, 3.313, 311.27, 10.26, 0.008, 114.45, -26.70);
insert into SHOT values (483, 480, 484, 64, 2.860, 336.53, 12.60, 2.858, 336.56, 12.53, 0.004, 99.24, -68.32);
insert into SHOT values (484, 480, 485, 64, 1.740, 8.03, 0.80, 1.738, 8.27, 0.66, 0.009, 111.82, -30.02);
insert into SHOT values (485, 480, 486, 64, 1.160, 56.03, -81.60, 1.162, 57.26, -81.77, 0.005, 186.56, -27.42);
insert into SHOT values (486, 480, 487, 64, 13.630, 291.93, 72.00, 13.625, 291.93, 72.03, 0.008, 114.15, -20.51);
insert into SHOT values (487, 480, 488, 64, 4.300, 269.13, 81.10, 4.291, 269.13, 81.15, 0.010, 89.14, -57.81);
insert into SHOT values (488, 480, 489, 64, 7.780, 282.43, 52.60, 7.777, 282.48, 52.62, 0.005, 59.38, -5.85);
insert into SHOT values (489, 480, 490, 64, 3.770, 195.33, 26.10, 3.795, 195.09, 25.77, 0.036, 171.56, -13.64);
insert into SHOT values (490, 490, 491, 64, 1.330, 337.03, -10.00, 1.333, 337.15, -9.94, 0.004, 15.27, 12.80);
insert into SHOT values (491, 490, 492, 64, 1.980, 24.93, -9.90, 1.980, 24.86, -9.89, 0.003, 299.41, 9.32);
insert into SHOT values (492, 490, 493, 64, 1.400, 106.93, -10.00, 1.402, 106.86, -10.27, 0.007, 33.97, -74.94);
insert into SHOT values (493, 490, 494, 64, 1.430, 75.73, -6.00, 1.432, 75.77, -6.01, 0.002, 106.47, -16.46);
insert into SHOT values (494, 490, 495, 64, 1.280, 160.53, -11.70, 1.279, 160.41, -11.73, 0.003, 52.39, -8.60);
insert into SHOT values (495, 490, 496, 64, 3.090, 57.73, 77.30, 3.088, 57.46, 77.13, 0.010, 37.36, -25.54);
insert into SHOT values (496, 490, 497, 64, 2.420, 17.03, 56.50, 2.423, 16.95, 56.48, 0.004, 336.95, 32.40);
insert into SHOT values (497, 490, 498, 64, 1.430, 78.03, 53.60, 1.420, 78.42, 53.38, 0.013, 181.38, -61.51);
insert into SHOT values (498, 498, 499, 64, 4.330, 22.63, -71.90, 4.334, 22.75, -71.93, 0.005, 125.02, -56.19);
insert into SHOT values (499, 498, 500, 64, 3.730, 82.23, -80.10, 3.736, 82.87, -80.06, 0.010, 145.50, -34.37);
insert into SHOT values (500, 498, 501, 64, 1.390, 2.23, 7.50, 1.383, 2.09, 7.48, 0.008, 207.47, -10.19);
insert into SHOT values (501, 498, 502, 64, 1.450, 320.43, 2.90, 1.443, 320.35, 2.78, 0.008, 158.78, -26.33);
insert into SHOT values (502, 498, 503, 64, 2.590, 322.83, 85.90, 2.586, 321.84, 86.05, 0.008, 166.07, -23.40);
insert into SHOT values (503, 498, 504, 64, 9.320, 200.63, 70.10, 9.317, 200.66, 70.08, 0.004, 242.64, -54.85);
insert into SHOT values (504, 498, 505, 64, 5.430, 207.23, 79.00, 5.431, 206.81, 78.94, 0.010, 154.83, -1.40);
insert into SHOT values (505, 498, 506, 64, 2.060, 202.73, 20.80, 2.061, 202.57, 20.74, 0.006, 132.84, -15.04);
insert into SHOT values (506, 498, 507, 64, 2.620, 207.43, 39.40, 2.619, 207.32, 39.33, 0.005, 138.72, -36.11);
insert into SHOT values (507, 498, 508, 64, 11.460, 206.13, 66.50, 11.449, 205.85, 65.88, 0.126, 194.27, -28.23);
insert into SHOT values (508, 508, 509, 64, 5.810, 339.63, -82.20, 5.804, 339.95, -82.20, 0.008, 79.88, 54.17);
insert into SHOT values (509, 508, 510, 64, 0.980, 101.83, -17.70, 0.977, 101.79, -17.89, 0.005, 290.76, -26.91);
insert into SHOT values (510, 508, 511, 64, 1.230, 16.93, 13.60, 1.227, 17.07, 13.67, 0.004, 153.70, 10.67);
insert into SHOT values (511, 508, 512, 64, 3.110, 88.23, 80.60, 3.112, 88.88, 80.57, 0.006, 157.94, 16.05);
insert into SHOT values (512, 508, 513, 64, 14.450, 165.13, 71.10, 14.451, 165.16, 71.08, 0.006, 189.38, -8.58);
insert into SHOT values (513, 508, 514, 64, 9.720, 160.23, 72.00, 9.736, 160.00, 71.26, 0.128, 154.47, -10.93);
insert into SHOT values (514, 514, 515, 64, 1.210, 175.53, 5.00, 1.208, 175.24, 4.75, 0.008, 74.14, -40.73);
insert into SHOT values (515, 514, 516, 64, 3.010, 187.53, 4.30, 3.004, 187.48, 4.20, 0.009, 31.44, -40.75);
insert into SHOT values (516, 514, 517, 64, 1.780, 215.83, -0.50, 1.776, 215.84, -0.65, 0.006, 33.09, -50.76);
insert into SHOT values (517, 514, 518, 64, 1.750, 241.53, -1.10, 1.750, 241.68, -1.31, 0.008, 334.82, -55.29);
insert into SHOT values (518, 514, 519, 64, 3.190, 265.83, -0.80, 3.189, 265.86, -0.90, 0.006, 34.43, -67.91);
insert into SHOT values (519, 514, 520, 64, 4.020, 283.93, -2.10, 4.022, 283.97, -2.14, 0.004, 342.25, -42.98);
insert into SHOT values (520, 514, 521, 64, 3.290, 305.03, 1.90, 3.289, 305.09, 1.92, 0.004, 45.10, 14.75);
insert into SHOT values (521, 514, 522, 64, 2.380, 330.03, 3.10, 2.383, 329.99, 3.13, 0.003, 292.73, 22.40);
insert into SHOT values (522, 514, 523, 64, 1.040, 10.23, -7.40, 1.047, 10.55, -7.68, 0.010, 53.32, -35.53);
insert into SHOT values (523, 514, 524, 64, 7.240, 305.03, -81.70, 7.245, 305.22, -81.74, 0.008, 89.46, -45.20);
insert into SHOT values (524, 514, 525, 64, 8.470, 243.33, -86.50, 8.476, 243.43, -86.52, 0.006, 44.99, -63.15);
insert into SHOT values (525, 514, 526, 64, 8.350, 284.13, -73.00, 8.356, 284.21, -72.99, 0.007, 326.76, -45.88);
insert into SHOT values (526, 514, 527, 64, 8.710, 306.33, -65.10, 8.710, 306.46, -65.09, 0.008, 30.51, 2.39);
insert into SHOT values (527, 514, 528, 64, 9.450, 301.73, -64.90, 9.453, 301.75, -64.90, 0.003, 341.66, -53.91);
insert into SHOT values (528, 514, 529, 64, 10.470, 308.73, -66.10, 10.470, 308.79, -66.07, 0.006, 350.23, 20.27);
insert into SHOT values (529, 514, 530, 64, 8.650, 332.53, -68.80, 8.656, 332.62, -68.80, 0.008, 31.66, -45.12);
insert into SHOT values (530, 514, 531, 64, 16.720, 351.03, -71.60, 16.727, 351.07, -71.58, 0.009, 21.42, -33.03);
insert into SHOT values (531, 514, 532, 64, 6.280, 282.33, 64.60, 6.277, 282.44, 64.59, 0.006, 18.40, -30.81);
insert into SHOT values (532, 514, 533, 64, 6.930, 324.13, 71.50, 6.931, 324.22, 71.44, 0.008, 348.71, -12.90);
insert into SHOT values (533, 514, 534, 64, 2.760, 22.03, 83.50, 2.758, 22.48, 83.47, 0.004, 82.35, -38.68);
insert into SHOT values (534, 514, 535, 64, 4.820, 235.03, 61.20, 4.815, 235.01, 61.21, 0.005, 74.16, -51.96);
insert into SHOT values (535, 514, 536, 64, 5.150, 249.73, 59.70, 5.146, 249.75, 59.64, 0.007, 271.93, -68.43);
insert into SHOT values (536, 514, 537, 64, 10.350, 259.73, 88.00, 10.343, 258.23, 88.64, 0.116, 82.90, -1.82);
insert into SHOT values (537, 537, 538, 64, 1.150, 32.53, 14.70, 1.152, 32.55, 14.58, 0.003, 39.63, -32.75);
insert into SHOT values (538, 537, 539, 64, 1.220, 346.13, -0.40, 1.215, 346.19, -0.47, 0.005, 151.35, -16.44);
insert into SHOT values (539, 537, 540, 64, 1.290, 207.83, -2.10, 1.289, 207.76, -2.22, 0.003, 89.79, -55.55);
insert into SHOT values (540, 537, 541, 64, 1.680, 244.83, -5.40, 1.676, 244.82, -5.48, 0.004, 71.09, -25.52);
insert into SHOT values (541, 537, 542, 64, 2.400, 269.53, 0.90, 2.400, 269.52, 0.72, 0.008, 223.20, -85.92);
insert into SHOT values (542, 537, 543, 64, 3.070, 284.33, 1.80, 3.067, 284.35, 1.68, 0.007, 81.90, -64.87);
insert into SHOT values (543, 537, 544, 64, 3.550, 257.53, -40.20, 3.544, 257.40, -40.25, 0.009, 121.47, 8.85);
insert into SHOT values (544, 537, 545, 64, 4.110, 288.83, -42.40, 4.107, 288.85, -42.41, 0.003, 83.35, 28.01);
insert into SHOT values (545, 537, 546, 64, 3.380, 72.73, 52.60, 3.399, 73.22, 52.31, 0.031, 107.61, 8.93);
insert into SHOT values (546, 546, 547, 64, 1.540, 133.53, 7.10, 1.540, 133.41, 7.09, 0.003, 39.09, -6.00);
insert into SHOT values (547, 546, 548, 64, 1.160, 187.63, -4.40, 1.163, 187.43, -4.44, 0.005, 135.46, -11.07);
insert into SHOT values (548, 546, 549, 64, 1.530, 219.73, -5.40, 1.527, 219.66, -5.64, 0.007, 68.75, -57.05);
insert into SHOT values (549, 546, 550, 64, 1.440, 283.03, -11.30, 1.436, 283.15, -11.65, 0.010, 74.54, -52.89);
insert into SHOT values (550, 546, 551, 64, 5.240, 255.33, -11.30, 5.239, 255.34, -11.34, 0.004, 40.11, -65.38);
insert into SHOT values (551, 546, 552, 64, 2.900, 263.93, -13.00, 2.902, 263.91, -13.15, 0.008, 186.93, -80.25);
insert into SHOT values (552, 546, 553, 64, 2.480, 245.93, -12.00, 2.477, 245.87, -12.12, 0.007, 98.20, -41.42);
insert into SHOT values (553, 546, 554, 64, 2.440, 330.63, -75.30, 2.440, 330.95, -75.33, 0.004, 83.73, 2.08);
insert into SHOT values (554, 546, 555, 64, 6.270, 173.53, 77.80, 6.267, 172.16, 77.16, 0.078, 147.29, -13.71);
insert into SHOT values (555, 555, 556, 64, 3.060, 263.23, -0.20, 3.051, 263.22, -0.19, 0.009, 85.94, 4.49);
insert into SHOT values (556, 555, 557, 64, 3.870, 283.83, 1.50, 3.865, 283.93, 1.48, 0.008, 51.87, -8.99);
insert into SHOT values (557, 555, 558, 64, 2.600, 296.13, 0.40, 2.598, 296.27, 0.44, 0.007, 40.54, 16.06);
insert into SHOT values (558, 555, 559, 64, 1.550, 318.33, 5.90, 1.545, 318.43, 5.94, 0.005, 109.10, 7.23);
insert into SHOT values (559, 555, 560, 64, 1.710, 347.83, 3.30, 1.711, 347.83, 3.35, 0.002, 352.01, 52.52);
insert into SHOT values (560, 555, 561, 64, 0.870, 71.63, -3.00, 0.877, 71.36, -3.27, 0.009, 41.24, -28.36);
insert into SHOT values (561, 555, 562, 64, 0.900, 65.83, 37.00, 0.974, 67.66, 35.84, 0.080, 85.59, 20.86);
insert into SHOT values (562, 562, 563, 64, 0.350, 88.83, 41.30, 0.442, 90.00, 37.65, 0.096, 93.52, 24.08);
insert into SURVEY values (66, 60, 'ftb', 'ftb.FT.Ded', 'ftb');
 insert into CENTRELINE values (67, 66, NULL, NULL, NULL, 0.00, 0.00, 0.00);
 insert into CENTRELINE values (68, 66, NULL, '2022-09-10', NULL, 0.00, 0.00, 62.30);
 insert into TOPO values (1, 68);
 insert into TOPO values (2, 68);
 insert into SHOT values (563, 564, 565, 68, 3.910, 259.99, 84.50, 3.908, 260.79, 84.50, 0.006, 349.55, -21.02);
insert into SHOT_FLAG values(563, 'dpl');
insert into SHOT values (564, 564, 566, 68, 6.770, 285.49, 45.00, 6.763, 285.52, 44.97, 0.008, 69.17, -64.68);
insert into SHOT_FLAG values(564, 'dpl');
insert into SHOT values (565, 564, 567, 68, 4.320, 290.59, 10.70, 4.315, 290.57, 10.68, 0.005, 130.51, -23.55);
insert into SHOT_FLAG values(565, 'dpl');
insert into SHOT values (566, 564, 568, 68, 2.710, 321.49, -3.30, 2.710, 321.60, -3.39, 0.007, 57.52, -37.21);
insert into SHOT_FLAG values(566, 'dpl');
insert into SHOT values (567, 564, 569, 68, 1.310, 241.19, -10.50, 1.302, 241.03, -10.62, 0.009, 85.71, -8.32);
insert into SHOT_FLAG values(567, 'dpl');
insert into SHOT values (568, 564, 570, 68, 2.380, 312.89, -31.80, 2.384, 313.00, -31.91, 0.007, 30.37, -57.32);
insert into SHOT_FLAG values(568, 'dpl');
insert into SHOT values (569, 564, 571, 68, 3.030, 338.49, 3.30, 3.026, 338.45, 3.22, 0.006, 193.37, -44.53);
insert into SHOT_FLAG values(569, 'dpl');
insert into SHOT values (570, 564, 572, 68, 3.050, 342.99, 35.40, 3.046, 343.17, 35.29, 0.010, 70.18, -41.92);
insert into SHOT_FLAG values(570, 'dpl');
insert into SHOT values (571, 564, 573, 68, 12.440, 308.29, 70.30, 12.438, 308.32, 70.30, 0.003, 42.29, -46.42);
insert into SHOT_FLAG values(571, 'dpl');
insert into SHOT values (572, 564, 574, 68, 2.590, 198.79, -22.70, 2.622, 198.58, -22.89, 0.035, 180.47, -36.20);
insert into SHOT_FLAG values(572, 'dpl');
insert into SHOT values (573, 574, 575, 68, 1.330, 233.09, 29.90, 1.338, 233.43, 30.05, 0.011, 286.37, 39.85);
insert into SHOT_FLAG values(573, 'dpl');
insert into SHOT values (574, 574, 576, 68, 2.570, 154.79, 23.40, 2.565, 154.85, 23.44, 0.006, 312.03, -6.33);
insert into SHOT_FLAG values(574, 'dpl');
insert into SHOT values (575, 574, 577, 68, 1.850, 115.39, 13.70, 1.847, 115.42, 13.78, 0.004, 281.86, 26.02);
insert into SHOT_FLAG values(575, 'dpl');
insert into SHOT values (576, 574, 578, 68, 2.370, 81.49, 0.30, 2.366, 81.49, 0.24, 0.005, 261.88, -31.46);
insert into SHOT_FLAG values(576, 'dpl');
insert into SHOT values (577, 574, 579, 68, 5.160, 107.69, 81.90, 5.161, 107.68, 81.93, 0.003, 290.11, 27.58);
insert into SHOT_FLAG values(577, 'dpl');
insert into SHOT values (578, 574, 580, 68, 4.000, 218.19, 80.70, 4.003, 218.11, 80.68, 0.003, 188.85, 52.32);
insert into SHOT_FLAG values(578, 'dpl');
insert into SHOT values (579, 574, 581, 68, 3.060, 137.29, 52.00, 3.050, 137.58, 51.89, 0.015, 234.08, -49.77);
insert into SHOT_FLAG values(579, 'dpl');
insert into SHOT values (580, 581, 582, 68, 2.750, 304.09, 21.60, 2.753, 304.00, 21.75, 0.009, 218.46, 61.46);
insert into SHOT_FLAG values(580, 'dpl');
insert into SHOT values (581, 581, 583, 68, 2.590, 335.89, 15.90, 2.588, 335.80, 15.92, 0.005, 215.67, 5.62);
insert into SHOT_FLAG values(581, 'dpl');
insert into SHOT values (582, 581, 584, 68, 2.050, 354.19, 31.30, 2.051, 354.09, 31.45, 0.006, 226.51, 52.28);
insert into SHOT_FLAG values(582, 'dpl');
insert into SHOT values (583, 581, 585, 68, 3.150, 325.69, 57.00, 3.155, 325.47, 57.14, 0.011, 203.10, 46.44);
insert into SHOT_FLAG values(583, 'dpl');
insert into SHOT values (584, 581, 586, 68, 2.590, 239.79, 19.60, 2.593, 239.76, 19.61, 0.003, 209.20, 22.90);
insert into SHOT_FLAG values(584, 'dpl');
insert into SHOT values (585, 581, 587, 68, 1.480, 269.09, 18.90, 1.480, 269.18, 18.92, 0.002, 0.83, 15.68);
insert into SHOT_FLAG values(585, 'dpl');
insert into SHOT values (586, 581, 588, 68, 1.980, 228.49, 17.60, 1.978, 228.44, 17.66, 0.004, 77.87, 20.70);
insert into SHOT_FLAG values(586, 'dpl');
insert into SHOT values (587, 581, 589, 68, 0.910, 214.49, 13.30, 0.909, 214.41, 13.35, 0.002, 93.96, 23.16);
insert into SHOT_FLAG values(587, 'dpl');
insert into SHOT values (588, 581, 590, 68, 4.060, 232.19, 47.50, 4.067, 231.92, 47.33, 0.019, 188.75, -10.07);
insert into SHOT_FLAG values(588, 'dpl');
insert into SHOT values (589, 590, 591, 68, 0.440, 111.89, -2.00, 0.431, 111.80, -2.66, 0.010, 296.35, -27.43);
insert into SHOT_FLAG values(589, 'dpl');
insert into SHOT values (590, 590, 592, 68, 0.680, 80.09, -10.30, 0.681, 79.70, -10.14, 0.005, 10.78, 17.63);
insert into SHOT_FLAG values(590, 'dpl');
insert into SHOT values (591, 590, 593, 68, 0.720, 22.79, 4.00, 0.715, 22.25, 4.01, 0.009, 255.38, -1.51);
insert into SHOT_FLAG values(591, 'dpl');
insert into SHOT values (592, 590, 594, 68, 1.110, 40.89, 0.70, 1.106, 40.60, 0.52, 0.008, 278.48, -28.02);
insert into SHOT_FLAG values(592, 'dpl');
insert into SHOT values (593, 590, 595, 68, 2.310, 47.09, 0.70, 2.307, 47.11, 0.75, 0.004, 216.59, 29.44);
insert into SHOT_FLAG values(593, 'dpl');
insert into SHOT values (594, 590, 596, 68, 1.620, 65.49, 1.00, 1.616, 65.50, 1.06, 0.005, 244.16, 22.04);
insert into SHOT_FLAG values(594, 'dpl');
insert into SHOT values (595, 590, 597, 68, 8.260, 171.49, 87.10, 8.260, 171.67, 87.12, 0.004, 331.21, 8.73);
insert into SHOT_FLAG values(595, 'dpl');
insert into SHOT values (596, 590, 598, 68, 4.610, 40.59, 71.70, 4.613, 40.52, 71.72, 0.004, 294.30, 56.76);
insert into SHOT_FLAG values(596, 'dpl');
insert into SHOT values (597, 590, 599, 68, 3.290, 43.09, 49.40, 3.293, 42.92, 49.38, 0.007, 337.14, 15.74);
insert into SHOT_FLAG values(597, 'dpl');
insert into SHOT values (598, 590, 600, 68, 4.900, 61.09, -73.10, 4.900, 60.91, -73.17, 0.007, 281.81, -12.76);
insert into SHOT_FLAG values(598, 'dpl');
insert into SHOT values (599, 590, 601, 68, 1.700, 147.59, 37.40, 1.697, 147.72, 37.38, 0.005, 272.91, -34.00);
insert into SHOT_FLAG values(599, 'dpl');
insert into SHOT values (600, 590, 602, 68, 2.620, 151.69, 40.50, 2.615, 151.76, 40.56, 0.006, 310.70, -14.08);
insert into SHOT_FLAG values(600, 'dpl');
insert into SHOT values (601, 590, 603, 68, 3.650, 176.09, 38.20, 3.650, 176.20, 38.25, 0.006, 287.61, 26.37);
insert into SHOT_FLAG values(601, 'dpl');
insert into SHOT values (602, 590, 604, 68, 3.240, 184.29, 39.00, 3.240, 184.33, 39.02, 0.002, 300.93, 30.18);
insert into SHOT_FLAG values(602, 'dpl');
insert into SHOT values (603, 590, 605, 68, 3.530, 202.59, 39.40, 3.531, 202.62, 39.37, 0.003, 231.47, -13.12);
insert into SHOT_FLAG values(603, 'dpl');
insert into SHOT values (604, 590, 606, 68, 1.870, 187.39, 32.70, 1.870, 187.67, 32.69, 0.008, 274.13, -1.90);
insert into SHOT_FLAG values(604, 'dpl');
insert into SHOT values (605, 590, 607, 68, 1.000, 187.09, 24.20, 0.996, 187.59, 24.30, 0.009, 304.93, 0.49);
insert into SHOT_FLAG values(605, 'dpl');
insert into SHOT values (606, 590, 608, 68, 0.310, 189.59, -0.40, 0.306, 191.31, 0.00, 0.010, 304.16, 12.12);
insert into SHOT_FLAG values(606, 'dpl');
insert into SHOT values (607, 590, 609, 68, 4.260, 176.99, 63.80, 4.254, 177.27, 63.59, 0.019, 216.26, -40.16);
insert into SHOT_FLAG values(607, 'dpl');
insert into SHOT values (608, 609, 610, 68, 1.040, 309.59, -6.70, 1.030, 309.45, -6.69, 0.010, 144.47, 7.46);
insert into SHOT_FLAG values(608, 'dpl');
insert into SHOT values (609, 609, 611, 68, 1.740, 350.09, -7.70, 1.740, 350.32, -7.60, 0.007, 78.12, 24.80);
insert into SHOT_FLAG values(609, 'dpl');
insert into SHOT values (610, 609, 612, 68, 2.230, 6.39, -6.90, 2.231, 6.48, -6.95, 0.004, 91.30, -31.17);
insert into SHOT_FLAG values(610, 'dpl');
insert into SHOT values (611, 609, 613, 68, 2.940, 17.29, -5.90, 2.938, 17.32, -5.86, 0.003, 163.69, 43.68);
insert into SHOT_FLAG values(611, 'dpl');
insert into SHOT values (612, 609, 614, 68, 3.300, 26.49, -5.00, 3.300, 26.57, -5.04, 0.005, 122.43, -30.15);
insert into SHOT_FLAG values(612, 'dpl');
insert into SHOT values (613, 609, 615, 68, 1.590, 32.59, -4.80, 1.589, 32.89, -4.69, 0.009, 126.96, 20.53);
insert into SHOT_FLAG values(613, 'dpl');
insert into SHOT values (614, 609, 616, 68, 0.850, 209.89, -8.70, 0.852, 209.91, -8.77, 0.002, 218.27, -35.52);
insert into SHOT_FLAG values(614, 'dpl');
insert into SHOT values (615, 609, 617, 68, 0.750, 227.99, -4.00, 0.745, 227.73, -3.85, 0.006, 83.43, 21.16);
insert into SHOT_FLAG values(615, 'dpl');
insert into SHOT values (616, 609, 618, 68, 1.550, 245.99, -3.00, 1.546, 245.92, -2.97, 0.004, 93.87, 15.67);
insert into SHOT_FLAG values(616, 'dpl');
insert into SHOT values (617, 609, 619, 68, 2.520, 58.19, -84.80, 2.521, 59.04, -84.69, 0.006, 93.63, -3.59);
insert into SHOT_FLAG values(617, 'dpl');
insert into SHOT values (618, 609, 620, 68, 6.910, 358.69, -68.90, 6.911, 358.84, -68.96, 0.010, 135.95, -18.84);
insert into SHOT_FLAG values(618, 'dpl');
insert into SHOT values (619, 609, 621, 68, 5.830, 352.59, 80.40, 5.831, 352.87, 80.45, 0.007, 127.92, 13.68);
insert into SHOT_FLAG values(619, 'dpl');
insert into SHOT values (620, 609, 622, 68, 31.580, 209.79, 82.80, 31.579, 209.67, 82.80, 0.008, 127.71, -6.65);
insert into SHOT_FLAG values(620, 'dpl');
insert into SHOT values (621, 609, 623, 68, 2.160, 266.99, 12.40, 2.163, 266.74, 12.28, 0.011, 199.36, -21.09);
insert into SHOT_FLAG values(621, 'dpl');
insert into SHOT values (622, 623, 624, 68, 0.850, 14.49, 5.00, 0.849, 14.36, 4.73, 0.005, 275.44, -64.66);
insert into SHOT_FLAG values(622, 'dpl');
insert into SHOT values (623, 623, 625, 68, 0.800, 62.79, 4.00, 0.798, 63.11, 3.59, 0.008, 177.18, -50.01);
insert into SHOT_FLAG values(623, 'dpl');
insert into SHOT values (624, 623, 626, 68, 0.860, 297.19, -1.80, 0.855, 297.16, -2.01, 0.006, 121.79, -29.09);
insert into SHOT_FLAG values(624, 'dpl');
insert into SHOT values (625, 623, 627, 68, 0.620, 352.99, -58.00, 0.620, 352.87, -58.68, 0.007, 179.29, -34.63);
insert into SHOT_FLAG values(625, 'dpl');
insert into SHOT values (626, 623, 628, 68, 10.480, 166.29, 87.70, 10.479, 166.29, 87.69, 0.002, 166.06, -47.28);
insert into SHOT_FLAG values(626, 'dpl');
insert into SHOT values (627, 629, 623, 68, 4.890, 267.89, -70.90, 4.867, 268.20, -70.92, 0.024, 45.67, 58.79);
insert into SHOT_FLAG values(627, 'dpl');
insert into SHOT values (628, 629, 630, 68, 1.390, 9.99, 1.30, 1.391, 9.94, 1.24, 0.002, 321.18, -39.65);
insert into SHOT_FLAG values(628, 'dpl');
insert into SHOT values (629, 629, 631, 68, 0.500, 42.99, -8.10, 0.500, 43.36, -8.05, 0.003, 130.22, 8.02);
insert into SHOT_FLAG values(629, 'dpl');
insert into SHOT values (630, 629, 632, 68, 0.680, 95.29, -6.50, 0.677, 95.96, -5.93, 0.011, 199.72, 40.60);
insert into SHOT_FLAG values(630, 'dpl');
insert into SHOT values (631, 629, 633, 68, 2.190, 131.79, 2.40, 2.190, 131.85, 2.36, 0.003, 216.97, -37.94);
insert into SHOT_FLAG values(631, 'dpl');
insert into SHOT values (632, 629, 634, 68, 4.460, 167.49, 4.50, 4.459, 167.53, 4.50, 0.003, 285.00, 1.42);
insert into SHOT_FLAG values(632, 'dpl');
insert into SHOT values (633, 629, 635, 68, 2.450, 202.29, -1.50, 2.454, 202.28, -1.40, 0.006, 192.89, 45.84);
insert into SHOT_FLAG values(633, 'dpl');
insert into SHOT values (634, 629, 636, 68, 2.540, 239.19, 0.10, 2.538, 239.19, 0.23, 0.006, 63.01, 71.97);
insert into SHOT_FLAG values(634, 'dpl');
insert into SHOT values (635, 629, 637, 68, 2.210, 281.79, 9.30, 2.205, 281.67, 9.40, 0.008, 139.58, 20.66);
insert into SHOT_FLAG values(635, 'dpl');
insert into SHOT values (636, 629, 638, 68, 7.190, 286.09, -86.10, 7.187, 285.46, -86.11, 0.006, 181.40, 31.04);
insert into SHOT_FLAG values(636, 'dpl');
insert into SHOT values (637, 629, 639, 68, 5.230, 281.19, -63.30, 5.225, 281.07, -63.35, 0.008, 139.79, 16.05);
insert into SHOT_FLAG values(637, 'dpl');
insert into SHOT values (638, 629, 640, 68, 3.580, 258.89, -53.60, 3.576, 258.85, -53.64, 0.005, 99.44, 17.86);
insert into SHOT_FLAG values(638, 'dpl');
insert into SHOT values (639, 629, 641, 68, 2.010, 205.89, -74.00, 2.008, 205.64, -73.97, 0.003, 129.24, 40.34);
insert into SHOT_FLAG values(639, 'dpl');
insert into SHOT values (640, 629, 642, 68, 5.150, 171.69, 42.40, 5.151, 172.19, 42.05, 0.046, 227.60, -29.64);
insert into SHOT_FLAG values(640, 'dpl');
insert into SHOT values (641, 642, 643, 68, 3.630, 304.09, 0.30, 3.622, 304.08, 0.32, 0.008, 128.30, 7.36);
insert into SHOT_FLAG values(641, 'dpl');
insert into SHOT values (642, 642, 644, 68, 4.730, 327.89, -3.10, 4.729, 327.89, -3.15, 0.004, 160.36, -79.25);
insert into SHOT_FLAG values(642, 'dpl');
insert into SHOT values (643, 642, 645, 68, 4.770, 336.19, -4.20, 4.768, 336.18, -4.21, 0.003, 175.04, -15.01);
insert into SHOT_FLAG values(643, 'dpl');
insert into SHOT values (644, 642, 646, 68, 3.820, 350.39, 0.60, 3.813, 350.49, 0.60, 0.010, 129.99, -0.01);
insert into SHOT_FLAG values(644, 'dpl');
insert into SHOT values (645, 642, 647, 68, 2.180, 154.29, 40.70, 2.181, 154.21, 40.63, 0.004, 105.04, -26.01);
insert into SHOT_FLAG values(645, 'dpl');
insert into SHOT values (646, 642, 648, 68, 1.780, 230.19, 49.80, 1.781, 229.94, 49.79, 0.005, 149.71, 4.89);
insert into SHOT_FLAG values(646, 'dpl');
insert into SHOT values (647, 642, 649, 68, 1.280, 262.49, 42.20, 1.281, 262.13, 42.19, 0.006, 179.03, 1.85);
insert into SHOT_FLAG values(647, 'dpl');
insert into SHOT values (648, 642, 650, 68, 1.690, 76.79, 38.60, 1.690, 76.91, 38.41, 0.006, 112.67, -44.02);
insert into SHOT_FLAG values(648, 'dpl');
insert into SHOT values (649, 642, 651, 68, 1.590, 121.49, 36.80, 1.594, 121.58, 36.59, 0.007, 138.17, -20.45);
insert into SHOT_FLAG values(649, 'dpl');
insert into SHOT values (650, 652, 642, 68, 5.830, 181.49, -67.50, 5.790, 181.31, -67.77, 0.049, 11.45, 32.53);
insert into SHOT_FLAG values(650, 'dpl');
insert into SHOT values (651, 652, 653, 68, 1.210, 160.19, 1.90, 1.203, 160.06, 1.91, 0.008, 1.69, -0.87);
insert into SHOT_FLAG values(651, 'dpl');
insert into SHOT values (652, 652, 654, 68, 4.370, 178.39, -1.60, 4.363, 178.42, -1.58, 0.007, 339.65, 16.04);
insert into SHOT_FLAG values(652, 'dpl');
insert into SHOT values (653, 652, 655, 68, 2.420, 203.29, -3.30, 2.414, 203.48, -3.33, 0.010, 333.04, -3.91);
insert into SHOT_FLAG values(653, 'dpl');
insert into SHOT values (654, 652, 656, 68, 3.000, 226.29, -0.30, 2.999, 226.35, -0.38, 0.005, 334.65, -53.67);
insert into SHOT_FLAG values(654, 'dpl');
insert into SHOT values (655, 652, 657, 68, 1.450, 295.29, -6.10, 1.458, 295.33, -6.30, 0.010, 301.73, -38.02);
insert into SHOT_FLAG values(655, 'dpl');
insert into SHOT values (656, 652, 658, 68, 3.320, 271.59, -4.10, 3.320, 271.73, -4.15, 0.008, 1.61, -18.41);
insert into SHOT_FLAG values(656, 'dpl');
insert into SHOT values (657, 652, 659, 68, 3.550, 256.09, -3.70, 3.551, 256.12, -3.71, 0.002, 318.73, -26.00);
insert into SHOT_FLAG values(657, 'dpl');
insert into SHOT values (658, 652, 660, 68, 6.720, 173.79, 36.60, 6.719, 173.82, 36.64, 0.006, 315.77, 36.06);
insert into SHOT_FLAG values(658, 'dpl');
insert into SHOT values (659, 652, 661, 68, 4.500, 173.99, 17.40, 4.498, 173.98, 17.33, 0.006, 53.38, -81.45);
insert into SHOT_FLAG values(659, 'dpl');
insert into SHOT values (660, 652, 662, 68, 4.370, 176.59, -7.20, 4.362, 176.69, -7.24, 0.011, 316.07, -11.84);
insert into SHOT_FLAG values(660, 'dpl');
insert into SHOT values (661, 652, 663, 68, 4.180, 175.49, -21.00, 4.180, 175.59, -21.03, 0.007, 272.63, -17.03);
insert into SHOT_FLAG values(661, 'dpl');
insert into SHOT values (662, 652, 664, 68, 4.710, 180.99, -41.50, 4.704, 181.14, -41.55, 0.011, 308.65, 4.76);
insert into SHOT_FLAG values(662, 'dpl');
insert into SHOT values (663, 652, 665, 68, 14.970, 222.89, 78.90, 14.971, 223.03, 78.88, 0.008, 279.78, 0.33);
insert into SHOT_FLAG values(663, 'dpl');
insert into SHOT values (664, 652, 666, 68, 14.250, 248.09, 76.20, 14.252, 248.26, 76.19, 0.010, 322.22, 7.37);
insert into SHOT_FLAG values(664, 'dpl');
insert into SHOT values (665, 652, 667, 68, 9.360, 239.59, 69.50, 9.362, 239.76, 69.52, 0.010, 342.18, 16.12);
insert into SHOT_FLAG values(665, 'dpl');
insert into SHOT values (666, 652, 668, 68, 6.560, 234.09, 61.60, 6.561, 234.12, 61.58, 0.003, 266.10, -10.03);
insert into SHOT_FLAG values(666, 'dpl');
insert into SHOT values (667, 652, 669, 68, 1.500, 168.59, 16.20, 1.512, 169.31, 15.73, 0.025, 219.54, -19.97);
insert into SHOT_FLAG values(667, 'dpl');
insert into SHOT values (668, 669, 670, 68, 2.780, 12.69, 79.50, 2.744, 11.77, 79.71, 0.038, 218.51, -61.46);
insert into SHOT_FLAG values(668, 'dpl');
insert into SHOT values (669, 670, 671, 68, 2.120, 213.09, -5.20, 2.125, 213.24, -5.13, 0.008, 260.40, 16.30);
insert into SHOT_FLAG values(669, 'dpl');
insert into SHOT values (670, 670, 672, 68, 0.960, 185.29, -9.00, 0.966, 185.41, -8.93, 0.006, 203.24, 1.59);
insert into SHOT_FLAG values(670, 'dpl');
insert into SHOT values (671, 670, 673, 68, 1.220, 197.69, -8.20, 1.220, 197.84, -8.01, 0.005, 277.68, 52.97);
insert into SHOT_FLAG values(671, 'dpl');
insert into SHOT values (672, 670, 674, 68, 2.450, 235.29, -9.40, 2.454, 235.26, -9.38, 0.005, 217.91, 1.78);
insert into SHOT_FLAG values(672, 'dpl');
insert into SHOT values (673, 670, 675, 68, 2.450, 289.19, 0.00, 2.454, 289.03, 0.00, 0.008, 228.52, 0.00);
insert into SHOT_FLAG values(673, 'dpl');
insert into SHOT values (674, 670, 676, 68, 3.810, 272.59, -1.10, 3.814, 272.55, -1.05, 0.006, 242.56, 31.20);
insert into SHOT_FLAG values(674, 'dpl');
insert into SHOT values (675, 670, 677, 68, 6.340, 288.39, 82.00, 6.318, 287.65, 81.60, 0.051, 272.11, -33.50);
insert into SHOT_FLAG values(675, 'dpl');
insert into SHOT values (676, 677, 678, 68, 2.130, 293.39, 2.60, 2.126, 293.30, 2.70, 0.007, 149.12, 30.89);
insert into SHOT_FLAG values(676, 'dpl');
insert into SHOT values (677, 677, 679, 68, 2.630, 272.89, 3.10, 2.627, 272.84, 3.05, 0.004, 132.65, -30.31);
insert into SHOT_FLAG values(677, 'dpl');
insert into SHOT values (678, 677, 680, 68, 2.700, 242.19, 0.20, 2.702, 242.20, 0.21, 0.002, 254.14, 17.25);
insert into SHOT_FLAG values(678, 'dpl');
insert into SHOT values (679, 677, 681, 68, 2.040, 205.09, -5.00, 2.039, 205.05, -5.06, 0.003, 77.27, -48.88);
insert into SHOT_FLAG values(679, 'dpl');
insert into SHOT values (680, 677, 682, 68, 1.660, 180.29, -2.40, 1.662, 180.35, -2.41, 0.002, 225.32, -13.03);
insert into SHOT_FLAG values(680, 'dpl');
insert into SHOT values (681, 677, 683, 68, 5.020, 235.89, 52.00, 5.026, 235.80, 51.99, 0.008, 187.86, 30.64);
insert into SHOT_FLAG values(681, 'dpl');
insert into SHOT values (682, 677, 684, 68, 5.730, 230.79, 68.00, 5.727, 230.67, 67.99, 0.005, 134.14, -31.24);
insert into SHOT_FLAG values(682, 'dpl');
insert into SHOT values (683, 677, 685, 68, 1.300, 144.69, 3.90, 1.303, 145.33, 3.52, 0.017, 219.68, -29.28);
insert into SHOT_FLAG values(683, 'dpl');
insert into SHOT values (684, 685, 686, 68, 0.860, 50.09, 6.60, 0.857, 49.76, 6.70, 0.006, 289.98, 11.50);
insert into SHOT_FLAG values(684, 'dpl');
insert into SHOT values (685, 685, 687, 68, 1.210, 11.99, 6.90, 1.213, 11.50, 7.10, 0.012, 297.39, 23.15);
insert into SHOT_FLAG values(685, 'dpl');
insert into SHOT values (686, 685, 688, 68, 1.230, 340.49, 11.40, 1.235, 340.22, 11.21, 0.009, 295.13, -20.90);
insert into SHOT_FLAG values(686, 'dpl');
insert into SHOT values (687, 685, 689, 68, 3.000, 326.79, 70.40, 3.005, 326.31, 70.37, 0.010, 257.15, 22.83);
insert into SHOT_FLAG values(687, 'dpl');
insert into SHOT values (688, 685, 690, 68, 5.330, 333.79, 76.00, 5.329, 333.83, 75.96, 0.004, 349.42, -28.01);
insert into SHOT_FLAG values(688, 'dpl');
insert into SHOT values (689, 685, 691, 68, 2.960, 23.19, 68.50, 2.965, 22.78, 68.55, 0.010, 291.34, 37.43);
insert into SHOT_FLAG values(689, 'dpl');
insert into SHOT values (690, 685, 692, 68, 1.570, 69.69, 61.40, 1.569, 69.62, 61.58, 0.005, 260.45, 17.71);
insert into SHOT_FLAG values(690, 'dpl');
insert into SHOT values (691, 685, 693, 68, 3.180, 45.29, 42.00, 3.175, 45.17, 42.13, 0.010, 255.69, 12.35);
insert into SHOT_FLAG values(691, 'dpl');
insert into SHOT values (692, 685, 694, 68, 3.110, 55.89, 40.00, 3.111, 55.78, 40.01, 0.005, 327.51, 10.78);
insert into SHOT_FLAG values(692, 'dpl');
insert into SHOT values (693, 685, 695, 68, 4.650, 45.89, 63.50, 4.599, 45.80, 63.91, 0.061, 229.47, -30.97);
insert into SHOT_FLAG values(693, 'dpl');
insert into SHOT values (694, 695, 696, 68, 0.760, 127.89, -9.70, 0.744, 128.90, -10.06, 0.021, 270.32, -5.26);
insert into SHOT_FLAG values(694, 'dpl');
insert into SHOT values (695, 696, 697, 68, 1.270, 135.89, 0.30, 1.273, 135.64, 0.00, 0.009, 72.60, -46.11);
insert into SHOT_FLAG values(695, 'dpl');
insert into SHOT values (696, 696, 698, 68, 1.280, 160.69, -1.10, 1.284, 160.44, -1.34, 0.009, 107.73, -36.88);
insert into SHOT_FLAG values(696, 'dpl');
insert into SHOT values (697, 696, 699, 68, 1.420, 184.89, -2.60, 1.417, 184.86, -2.83, 0.007, 16.77, -57.80);
insert into SHOT_FLAG values(697, 'dpl');
insert into SHOT values (698, 696, 700, 68, 1.560, 210.79, -5.10, 1.553, 210.71, -5.17, 0.007, 49.04, -10.35);
insert into SHOT_FLAG values(698, 'dpl');
insert into SHOT values (699, 696, 701, 68, 2.150, 235.09, -1.40, 2.148, 235.05, -1.60, 0.008, 91.36, -70.35);
insert into SHOT_FLAG values(699, 'dpl');
insert into SHOT values (700, 696, 702, 68, 1.330, 260.29, -1.60, 1.329, 260.47, -1.72, 0.005, 6.20, -34.49);
insert into SHOT_FLAG values(700, 'dpl');
insert into SHOT values (701, 696, 703, 68, 1.350, 286.29, -6.10, 1.353, 286.41, -6.36, 0.008, 335.27, -60.34);
insert into SHOT_FLAG values(701, 'dpl');
insert into SHOT values (702, 696, 704, 68, 4.180, 119.79, 69.40, 4.128, 120.75, 70.05, 0.075, 279.22, -25.98);
insert into SHOT_FLAG values(702, 'dpl');
insert into SHOT values (703, 704, 705, 68, 1.270, 232.39, 3.30, 1.272, 232.68, 3.15, 0.007, 303.77, -24.97);
insert into SHOT_FLAG values(703, 'dpl');
insert into SHOT values (704, 704, 706, 68, 2.120, 250.39, 3.20, 2.125, 250.46, 2.97, 0.010, 272.50, -54.12);
insert into SHOT_FLAG values(704, 'dpl');
insert into SHOT values (705, 704, 707, 68, 4.170, 272.09, 3.30, 4.170, 272.07, 3.30, 0.002, 171.72, -1.13);
insert into SHOT_FLAG values(705, 'dpl');
insert into SHOT values (706, 704, 708, 68, 3.150, 288.59, 2.30, 3.158, 288.66, 2.18, 0.011, 313.19, -34.42);
insert into SHOT_FLAG values(706, 'dpl');
insert into SHOT values (707, 704, 709, 68, 1.840, 306.09, 1.80, 1.847, 306.19, 1.55, 0.011, 329.22, -45.54);
insert into SHOT_FLAG values(707, 'dpl');
insert into SHOT values (708, 704, 710, 68, 0.810, 341.19, -1.80, 0.813, 341.34, -2.11, 0.006, 15.28, -50.53);
insert into SHOT_FLAG values(708, 'dpl');
insert into SHOT values (709, 704, 711, 68, 3.980, 206.09, 76.40, 3.974, 207.87, 75.66, 0.060, 238.60, -17.99);
insert into SHOT_FLAG values(709, 'dpl');
insert into SHOT values (710, 711, 712, 68, 1.120, 46.89, -46.00, 1.067, 45.56, -46.96, 0.059, 245.72, 25.97);
insert into SHOT_FLAG values(710, 'dpl');
insert into SHOT values (711, 712, 713, 68, 3.690, 79.89, -32.70, 3.702, 80.54, -33.07, 0.044, 175.08, -37.14);
insert into SHOT_FLAG values(711, 'dpl');
insert into SCRAPS values (70, 60, 'SP-FT-1', 1, 11.14421, 2.28492);
 insert into SCRAPS values (81, 60, 'SP-FT-0', 1, 34.04386, 6.97784);
 insert into SCRAPS values (93, 60, 'SP-FT-2', 1, 5.14967, 1.10537);
 insert into SCRAPS values (112, 60, 'SP-FT-3', 1, 79.25248, 7.26051);
 insert into SCRAPS values (125, 60, 'SP-FT-4', 1, 4.89977, 1.32095);
 insert into SCRAPS values (137, 60, 'SP-FT-5', 1, 24.75993, 1.11005);
 insert into SCRAPS values (163, 60, 'SP-FT-6', 1, 6.10597, 0.40153);
 insert into SCRAPS values (186, 60, 'SP-FT-7', 1, 26.27223, 1.09044);
 insert into SCRAPS values (204, 60, 'SP-FT-8', 1, 36.37773, 2.90283);
 insert into SCRAPS values (224, 60, 'SC-FT-1', 2, 4.82757, 0.47544);
 insert into SCRAPS values (271, 60, 'SC-FT-2', 2, 27.65226, 0.56561);
 insert into MAPS values (329, 60, 'MP-FT-plan-tot', 'FT', 1, 285.000, -191.960);
 insert into MAPITEMS values (329, 4, 204);
 insert into MAPITEMS values (329, 4, 186);
 insert into MAPITEMS values (329, 4, 163);
 insert into MAPITEMS values (329, 4, 137);
 insert into MAPITEMS values (329, 4, 125);
 insert into MAPITEMS values (329, 4, 112);
 insert into MAPITEMS values (329, 4, 93);
 insert into MAPITEMS values (329, 4, 70);
 insert into MAPITEMS values (329, 4, 81);
 insert into MAPS values (330, 60, 'MC-FT-coupe-tot', 'FT', 2, 285.000, -191.960);
 insert into MAPITEMS values (330, 4, 224);
 insert into MAPITEMS values (330, 4, 271);
 insert into SURVEY values (332, 58, 'Kriska', 'Kriska.Ded', 'Kriska');
 insert into CENTRELINE values (333, 332, NULL, NULL, NULL, 0.00, 0.00, 0.00);
 insert into SURVEY values (334, 332, 'caillou-bouge', 'caillou-bouge.Kriska.Ded', 'caillou-bouge');
 insert into CENTRELINE values (335, 334, NULL, NULL, NULL, 0.00, 0.00, 0.00);
 insert into SURVEY values (336, 334, 'caillou-bouge', 'caillou-bouge.caillou-bouge.Kriska.Ded', 'caillou-bouge');
 insert into CENTRELINE values (337, 336, NULL, NULL, NULL, 0.00, 0.00, 0.00);
 insert into CENTRELINE values (338, 336, NULL, '2023-10-29', NULL, 86.46, 0.00, 0.00);
 insert into PERSON values (10, 'Oceane', 'Terral');
insert into TOPO values (10, 338);
 insert into PERSON values (11, 'Benoit', 'Urruty');
insert into TOPO values (11, 338);
 insert into EXPLO values (10, 338);
 insert into EXPLO values (11, 338);
 insert into SHOT values (712, 714, 715, 338, 8.850, 94.78, -64.90, 8.855, 94.74, -64.92, 0.006, 337.33, -63.04);
insert into SHOT values (713, 714, 716, 338, 0.880, 354.48, 17.70, 0.876, 354.49, 17.94, 0.005, 171.36, 28.56);
insert into SHOT values (714, 714, 717, 338, 0.980, 224.08, -71.10, 0.983, 223.73, -71.11, 0.004, 157.19, -53.25);
insert into SHOT values (715, 714, 718, 338, 0.860, 187.68, 7.60, 0.854, 187.46, 7.40, 0.007, 38.98, -31.19);
insert into SHOT values (716, 714, 719, 338, 1.000, 32.18, 72.10, 0.999, 33.18, 71.89, 0.007, 91.33, -14.16);
insert into SHOT values (717, 714, 720, 338, 3.040, 292.58, 60.00, 3.035, 292.50, 60.05, 0.006, 135.61, -28.46);
insert into SHOT values (718, 714, 721, 338, 3.260, 294.98, 33.20, 3.255, 294.97, 33.16, 0.006, 124.58, -56.82);
insert into SHOT values (719, 714, 722, 338, 3.120, 264.78, 28.90, 3.121, 264.75, 28.93, 0.003, 175.40, 57.29);
insert into SHOT values (720, 714, 723, 338, 3.750, 261.28, 53.10, 3.748, 261.29, 53.18, 0.006, 75.40, 11.68);
insert into SHOT values (721, 714, 724, 338, 3.330, 96.78, -46.00, 3.335, 96.70, -46.02, 0.006, 44.56, -47.53);
insert into SHOT values (722, 714, 725, 338, 5.600, 112.68, -44.30, 5.599, 112.60, -44.29, 0.006, 20.72, 11.39);
insert into SHOT values (723, 714, 726, 338, 2.130, 128.78, -44.30, 2.130, 128.60, -44.38, 0.006, 18.46, -25.39);
insert into SHOT values (724, 714, 727, 338, 1.900, 274.28, -20.20, 1.903, 274.18, -20.29, 0.005, 211.35, -48.19);
insert into SHOT values (725, 714, 728, 338, 7.080, 282.38, 48.70, 7.078, 282.37, 48.73, 0.005, 111.34, 13.12);
insert into SHOT values (726, 728, 729, 338, 1.910, 95.38, 79.90, 1.909, 95.19, 80.00, 0.004, 291.82, -6.11);
insert into SHOT values (727, 728, 730, 338, 0.960, 172.88, 19.40, 0.962, 173.03, 19.44, 0.003, 236.67, 22.49);
insert into SHOT values (728, 728, 731, 338, 0.800, 49.58, 14.20, 0.796, 49.72, 13.80, 0.007, 188.29, -64.99);
insert into SHOT values (729, 728, 732, 338, 6.930, 102.08, -60.70, 6.933, 102.11, -60.77, 0.009, 266.51, -45.88);
insert into SHOT values (730, 728, 733, 338, 4.650, 103.48, -68.00, 4.647, 103.32, -68.05, 0.007, 326.57, 11.09);
insert into SHOT values (731, 728, 734, 338, 2.010, 123.48, -44.70, 2.014, 123.58, -44.83, 0.007, 221.46, -67.60);
insert into SHOT values (732, 728, 735, 338, 2.940, 91.48, -37.40, 2.939, 91.48, -37.52, 0.006, 272.73, -41.91);
insert into SHOT values (733, 728, 736, 338, 2.470, 119.88, -7.00, 2.464, 119.92, -6.99, 0.006, 282.35, 9.80);
insert into SHOT values (734, 728, 737, 338, 3.610, 108.58, -28.50, 3.611, 108.55, -28.45, 0.004, 75.18, 41.46);
insert into SHOT values (735, 728, 738, 338, 1.200, 230.68, 65.70, 1.195, 230.79, 65.78, 0.005, 34.56, -46.06);
insert into SHOT values (736, 728, 739, 338, 1.440, 172.28, 60.20, 1.440, 172.78, 60.21, 0.006, 262.17, 3.84);
insert into SHOT values (737, 728, 740, 338, 1.140, 358.68, 72.20, 1.135, 358.36, 72.04, 0.006, 309.26, -65.02);
insert into SHOT values (738, 728, 741, 338, 0.640, 23.08, 51.40, 0.642, 23.39, 51.12, 0.004, 52.58, -2.26);
insert into SHOT values (739, 741, 742, 338, 0.330, 243.18, -7.30, 0.338, 243.43, -6.80, 0.008, 253.73, 13.22);
insert into SHOT values (740, 741, 743, 338, 1.990, 292.08, -73.30, 1.993, 291.61, -73.38, 0.006, 180.97, -38.54);
insert into SHOT values (741, 741, 744, 338, 0.430, 8.18, -58.60, 0.432, 7.77, -59.03, 0.004, 226.76, -49.23);
insert into SHOT values (742, 741, 745, 338, 2.160, 304.68, 21.40, 2.163, 304.48, 21.42, 0.008, 235.55, 14.03);
insert into SHOT values (743, 745, 746, 338, 1.820, 134.48, -60.30, 1.817, 134.55, -60.39, 0.004, 297.62, 13.30);
insert into SHOT values (744, 745, 747, 338, 1.440, 208.88, -7.90, 1.442, 208.90, -7.97, 0.003, 228.59, -53.26);
insert into SHOT values (745, 745, 748, 338, 0.350, 70.48, 4.10, 0.352, 70.02, 3.26, 0.006, 16.13, -55.33);
insert into SHOT values (746, 745, 749, 338, 1.910, 137.88, -63.30, 1.912, 137.37, -63.40, 0.009, 33.89, -24.92);
insert into SHOT values (747, 745, 750, 338, 1.030, 155.18, 59.80, 1.030, 154.92, 59.75, 0.003, 84.40, -4.63);
insert into SHOT values (748, 745, 751, 338, 0.970, 146.58, 37.40, 0.971, 146.10, 37.42, 0.006, 60.43, 7.54);
insert into SHOT values (749, 745, 752, 338, 0.780, 97.48, 48.50, 0.775, 96.71, 48.48, 0.009, 341.37, -28.64);
insert into SHOT values (750, 745, 753, 338, 1.400, 108.48, -42.50, 1.402, 108.08, -42.66, 0.008, 8.16, -30.07);
insert into SHOT values (751, 745, 754, 338, 1.330, 136.78, -35.90, 1.328, 136.51, -35.96, 0.006, 23.39, -1.29);
insert into SHOT values (752, 745, 755, 338, 5.830, 119.18, -29.00, 5.828, 119.13, -29.05, 0.007, 340.97, -29.79);
insert into SHOT values (753, 745, 756, 338, 2.220, 250.78, 65.50, 2.220, 250.97, 65.51, 0.003, 347.15, -2.05);
insert into SHOT values (754, 756, 757, 338, 0.940, 107.18, -81.30, 0.941, 105.95, -81.10, 0.005, 64.39, -10.03);
insert into SHOT values (755, 756, 758, 338, 0.750, 151.68, 79.20, 0.743, 149.74, 79.23, 0.008, 41.85, -53.42);
insert into SHOT values (756, 756, 759, 338, 0.660, 13.08, 11.40, 0.661, 13.39, 11.35, 0.004, 93.16, -7.16);
insert into SHOT values (757, 756, 760, 338, 1.580, 241.08, 10.10, 1.576, 241.12, 9.86, 0.008, 33.39, -68.88);
insert into SHOT values (758, 756, 761, 338, 0.850, 295.68, 14.10, 0.847, 295.94, 13.66, 0.008, 46.93, -60.03);
insert into SHOT values (759, 756, 762, 338, 3.940, 250.58, 57.50, 3.934, 250.62, 57.57, 0.008, 58.68, -21.30);
insert into SHOT values (760, 756, 763, 338, 3.130, 239.18, 39.50, 3.128, 239.08, 39.51, 0.005, 121.73, -10.95);
insert into SHOT values (761, 756, 764, 338, 1.980, 187.88, -22.40, 1.979, 187.86, -22.58, 0.006, 15.14, -57.85);
insert into SHOT values (762, 756, 765, 338, 2.970, 270.38, 44.50, 2.970, 270.27, 44.45, 0.005, 203.12, -21.53);
insert into SHOT values (763, 765, 766, 338, 0.730, 182.88, 32.80, 0.725, 182.82, 32.56, 0.006, 15.84, -61.54);
insert into SHOT values (764, 765, 767, 338, 2.690, 150.58, -2.80, 2.690, 150.57, -2.77, 0.001, 27.82, 78.49);
insert into SHOT values (765, 765, 768, 338, 2.230, 118.18, -5.20, 2.228, 117.95, -5.15, 0.009, 15.28, 13.19);
insert into SHOT values (766, 765, 769, 338, 1.650, 92.08, -4.90, 1.657, 92.08, -4.85, 0.007, 93.21, 7.50);
insert into SHOT values (767, 765, 770, 338, 0.900, 39.48, 0.70, 0.909, 39.64, 0.63, 0.010, 55.62, -5.98);
insert into SHOT values (768, 765, 771, 338, 3.400, 112.78, -64.30, 3.406, 112.74, -64.34, 0.006, 32.99, -81.03);
insert into SHOT values (769, 765, 772, 338, 4.440, 141.38, -42.10, 4.442, 141.29, -42.14, 0.006, 44.13, -31.85);
insert into SHOT values (770, 765, 773, 338, 4.730, 119.88, -32.30, 4.733, 119.83, -32.31, 0.004, 63.43, -34.31);
insert into SHOT values (771, 765, 774, 338, 2.950, 135.28, 74.20, 2.952, 135.00, 74.15, 0.005, 81.54, 16.74);
insert into SHOT values (772, 765, 775, 338, 2.520, 132.48, 46.90, 2.519, 132.41, 46.93, 0.003, 1.36, -0.18);
insert into SHOT values (773, 765, 776, 338, 1.210, 63.38, 57.40, 1.216, 63.05, 57.02, 0.011, 42.46, 3.39);
insert into SHOT values (774, 765, 777, 338, 0.890, 199.98, 63.90, 0.887, 199.86, 64.43, 0.009, 25.29, 4.89);
insert into SHOT values (775, 765, 778, 338, 1.650, 306.08, 62.60, 1.645, 306.42, 62.56, 0.007, 52.48, -46.34);
insert into SHOT values (776, 765, 779, 338, 1.330, 357.08, 65.80, 1.329, 357.92, 65.54, 0.010, 54.74, -18.10);
insert into SHOT values (777, 765, 780, 338, 1.000, 344.38, -2.80, 1.008, 344.45, -2.84, 0.008, 352.77, -8.03);
insert into SHOT values (778, 765, 781, 338, 1.380, 350.88, 68.70, 1.377, 350.91, 68.42, 0.008, 354.07, -48.46);
insert into SHOT values (779, 781, 782, 338, 1.100, 186.48, -8.90, 1.100, 186.34, -8.89, 0.003, 94.00, 3.98);
insert into SHOT values (780, 781, 783, 338, 0.550, 231.98, -0.80, 0.548, 231.67, 0.00, 0.008, 111.15, 65.71);
insert into SHOT values (781, 781, 784, 338, 0.790, 291.08, 38.30, 0.783, 291.10, 38.73, 0.009, 109.23, 2.38);
insert into SHOT values (782, 781, 785, 338, 2.880, 71.18, -85.20, 2.880, 70.82, -85.15, 0.003, 40.14, -1.96);
insert into SHOT values (783, 781, 786, 338, 1.100, 192.78, 58.20, 1.106, 191.89, 58.21, 0.011, 119.84, 28.43);
insert into SHOT values (784, 781, 787, 338, 0.360, 39.68, 78.60, 0.367, 45.00, 78.89, 0.010, 136.21, 47.09);
insert into SHOT values (785, 781, 788, 338, 2.910, 326.58, 56.20, 2.910, 326.60, 56.25, 0.003, 124.11, 42.54);
insert into SHOT values (786, 788, 789, 338, 1.460, 356.08, -63.60, 1.463, 356.48, -63.57, 0.005, 61.89, -24.35);
insert into SHOT values (787, 788, 790, 338, 0.550, 43.38, -5.70, 0.554, 43.53, -5.18, 0.007, 61.79, 44.66);
insert into SHOT values (788, 788, 791, 338, 0.510, 41.88, 27.20, 0.519, 42.36, 27.55, 0.010, 72.57, 42.35);
insert into SHOT values (789, 788, 792, 338, 0.760, 37.18, 60.50, 0.761, 37.48, 60.20, 0.005, 64.73, -19.05);
insert into SHOT values (790, 788, 793, 338, 1.010, 351.78, 12.30, 1.014, 351.87, 12.53, 0.006, 18.74, 54.01);
insert into SHOT values (791, 788, 794, 338, 1.340, 336.38, -2.70, 1.341, 336.69, -2.57, 0.008, 60.14, 23.10);
insert into SHOT values (792, 788, 795, 338, 1.650, 350.98, 30.80, 1.653, 351.07, 30.95, 0.006, 83.64, 66.12);
insert into SHOT values (793, 795, 796, 338, 0.420, 254.18, -0.20, 0.415, 254.62, 0.00, 0.006, 42.14, 13.54);
insert into SHOT values (794, 795, 797, 338, 1.100, 292.18, 79.90, 1.097, 291.25, 79.86, 0.004, 205.90, -43.32);
insert into SHOT values (795, 795, 798, 338, 0.260, 47.98, 76.50, 0.258, 51.34, 75.63, 0.006, 97.32, -29.63);
insert into SHOT values (796, 795, 799, 338, 1.970, 252.58, -74.40, 1.974, 252.58, -74.29, 0.005, 253.07, -28.48);
insert into SHOT values (797, 795, 800, 338, 0.740, 294.38, -66.30, 0.741, 293.96, -66.51, 0.004, 161.57, -39.54);
insert into SHOT values (798, 795, 801, 338, 1.020, 306.68, -47.90, 1.024, 306.70, -47.93, 0.004, 314.59, -55.50);
insert into SHOT values (799, 795, 802, 338, 0.540, 353.98, -13.10, 0.538, 354.51, -13.97, 0.010, 120.44, -51.70);
insert into SHOT values (800, 795, 803, 338, 0.910, 300.48, 20.00, 0.910, 300.16, 19.91, 0.005, 219.21, -14.47);
insert into SHOT values (801, 803, 804, 338, 0.880, 42.18, -10.40, 0.886, 41.74, -10.41, 0.009, 352.34, -7.53);
insert into SHOT values (802, 803, 805, 338, 3.750, 6.58, -64.80, 3.758, 6.81, -64.78, 0.011, 61.61, -40.52);
insert into SHOT values (803, 803, 806, 338, 3.630, 322.98, -18.90, 3.633, 323.16, -18.95, 0.012, 44.34, -20.35);
insert into SHOT values (804, 803, 807, 338, 2.240, 299.68, -9.70, 2.245, 299.81, -9.74, 0.007, 346.28, -20.30);
insert into SHOT values (805, 803, 808, 338, 6.900, 4.58, -12.30, 6.900, 4.59, -12.30, 0.002, 93.20, -2.65);
insert into SHOT values (806, 803, 809, 338, 8.480, 22.58, -11.60, 8.481, 22.58, -11.63, 0.005, 102.76, -81.31);
insert into SHOT values (807, 803, 810, 338, 5.490, 32.78, -17.30, 5.493, 32.78, -17.26, 0.005, 37.69, 34.77);
insert into SHOT values (808, 803, 811, 338, 3.370, 358.78, -41.40, 3.373, 358.87, -41.39, 0.005, 55.46, -16.14);
insert into SHOT values (809, 811, 812, 338, 5.140, 3.08, 1.70, 5.140, 3.12, 1.67, 0.005, 94.50, -30.79);
insert into SHOT values (810, 811, 813, 338, 6.050, 21.28, 3.20, 6.051, 21.26, 3.22, 0.003, 300.39, 43.80);
insert into SHOT values (811, 811, 814, 338, 3.360, 56.78, 2.60, 3.362, 56.78, 2.56, 0.003, 64.63, -46.39);
insert into SHOT values (812, 811, 815, 338, 3.010, 102.78, 4.30, 3.012, 102.69, 4.38, 0.006, 36.11, 42.20);
insert into SHOT values (813, 811, 816, 338, 1.990, 148.38, 12.60, 1.987, 148.28, 12.50, 0.006, 25.02, -45.00);
insert into SHOT values (814, 811, 817, 338, 1.930, 289.08, 24.00, 1.932, 289.15, 23.81, 0.007, 315.17, -43.66);
insert into SHOT values (815, 811, 818, 338, 3.110, 348.68, 12.80, 3.117, 348.62, 12.79, 0.008, 323.94, 7.19);
insert into SHOT values (816, 811, 819, 338, 24.790, 251.08, 82.20, 24.789, 251.08, 82.21, 0.003, 68.31, -12.99);
insert into SHOT values (817, 811, 820, 338, 21.140, 163.28, 79.10, 21.142, 163.29, 79.10, 0.002, 187.56, 41.26);
insert into SHOT values (818, 811, 821, 338, 10.890, 117.68, 66.10, 10.895, 117.67, 66.09, 0.005, 102.70, 52.24);
insert into SHOT values (819, 811, 822, 338, 11.400, 179.48, 72.10, 11.401, 179.51, 72.12, 0.005, 332.44, 23.49);
insert into SHOT values (820, 811, 823, 338, 9.740, 75.18, 80.10, 9.735, 75.13, 80.09, 0.005, 35.30, -68.42);
insert into SHOT values (821, 811, 824, 338, 16.520, 139.28, 87.10, 16.521, 139.40, 87.12, 0.006, 303.09, 10.42);
insert into SHOT values (822, 811, 825, 338, 12.700, 268.28, 78.20, 12.699, 268.24, 78.18, 0.005, 244.51, -19.70);
insert into SHOT values (823, 811, 826, 338, 22.730, 164.38, 83.30, 22.725, 164.44, 83.31, 0.007, 313.64, -39.75);
insert into SHOT values (824, 811, 827, 338, 1.460, 247.48, -13.00, 1.455, 247.60, -13.11, 0.007, 39.73, -13.83);
insert into SHOT values (825, 827, 828, 338, 2.630, 125.08, 23.20, 2.626, 125.21, 23.33, 0.009, 264.51, 25.32);
insert into SHOT values (826, 827, 829, 338, 4.750, 77.98, 5.40, 4.744, 78.02, 5.44, 0.008, 226.11, 22.49);
insert into SHOT values (827, 827, 830, 338, 1.840, 352.58, -71.60, 1.833, 352.01, -71.70, 0.010, 219.99, 37.48);
insert into SHOT values (828, 827, 831, 338, 9.110, 31.48, -10.90, 9.110, 31.47, -10.88, 0.003, 304.45, 63.07);
insert into SHOT values (829, 827, 832, 338, 1.610, 13.28, -2.60, 1.603, 12.99, -2.50, 0.011, 240.33, 15.69);
insert into SHOT values (830, 827, 833, 338, 2.530, 354.18, -1.00, 2.524, 354.09, -0.91, 0.008, 207.28, 29.35);
insert into SHOT values (831, 827, 834, 338, 1.190, 341.88, 4.90, 1.184, 341.72, 4.85, 0.007, 190.01, -13.34);
insert into SHOT values (832, 827, 835, 338, 2.710, 268.78, 30.20, 2.716, 268.78, 30.05, 0.009, 269.75, -20.88);
insert into SHOT values (833, 827, 836, 338, 1.030, 38.08, 5.20, 1.022, 38.22, 5.05, 0.009, 199.34, -22.99);
insert into SHOT values (834, 836, 837, 338, 16.270, 28.28, -73.80, 16.267, 28.26, -73.79, 0.005, 350.57, 57.38);
insert into SHOT values (835, 837, 838, 338, 2.610, 167.58, 41.50, 2.611, 167.60, 41.50, 0.001, 206.94, 26.84);
insert into SHOT values (836, 838, 839, 338, 5.510, 6.98, 20.00, 5.509, 6.99, 19.95, 0.005, 57.26, -75.32);
insert into SURVEY values (341, 332, 'Kriska-spel', 'Kriska-spel.Kriska.Ded', 'Kriska-spel');
 insert into CENTRELINE values (342, 341, NULL, NULL, NULL, 0.00, 0.00, 0.00);
 insert into SURVEY values (343, 341, 'Kriska1', 'Kriska1.Kriska-spel.Kriska.Ded', 'Kriska');
 insert into CENTRELINE values (344, 343, NULL, NULL, NULL, 0.00, 0.00, 0.00);
 insert into CENTRELINE values (345, 343, NULL, '2021-06-26', '1962-01-01', 312.91, 0.00, 0.00);
 insert into PERSON values (12, 'Solveig', 'Reymond(GUCEM)');
insert into TOPO values (12, 345);
 insert into TOPO values (2, 345);
 insert into PERSON values (13, NULL, 'Aragnous');
insert into EXPLO values (13, 345);
 insert into PERSON values (14, NULL, 'Betschen');
insert into EXPLO values (14, 345);
 insert into PERSON values (15, NULL, 'CSC');
insert into EXPLO values (15, 345);
 insert into PERSON values (16, NULL, 'Collomb');
insert into EXPLO values (16, 345);
 insert into PERSON values (17, NULL, 'Criska');
insert into EXPLO values (17, 345);
 insert into PERSON values (18, NULL, 'Darbouns');
insert into EXPLO values (18, 345);
 insert into EXPLO values (4, 345);
 insert into PERSON values (19, NULL, 'FLT');
insert into EXPLO values (19, 345);
 insert into PERSON values (20, 'Alain', 'Marbach');
insert into EXPLO values (20, 345);
 insert into PERSON values (21, 'G.', 'Marbach');
insert into EXPLO values (21, 345);
 insert into PERSON values (22, NULL, 'Massari');
insert into EXPLO values (22, 345);
 insert into PERSON values (23, 'Andre', 'Meozzi');
insert into EXPLO values (23, 345);
 insert into PERSON values (24, NULL, 'Rousset');
insert into EXPLO values (24, 345);
 insert into PERSON values (25, NULL, 'SGCAF');
insert into EXPLO values (25, 345);
 insert into PERSON values (26, 'R.', 'Taffani');
insert into EXPLO values (26, 345);
 insert into PERSON values (27, 'Francois', 'Thierry');
insert into EXPLO values (27, 345);
 insert into PERSON values (28, NULL, 'Thiriet');
insert into EXPLO values (28, 345);
 insert into PERSON values (29, 'A.C.', 'Toulonnais');
insert into EXPLO values (29, 345);
 insert into SHOT values (837, 840, 841, 345, 0.800, 23.60, -2.30, 0.798, 23.67, -2.16, 0.003, 179.81, 39.96);
insert into SHOT values (838, 840, 842, 345, 0.890, 201.80, 4.50, 0.887, 201.92, 4.53, 0.004, 352.03, 2.55);
insert into SHOT values (839, 840, 843, 345, 1.410, 181.30, -64.70, 1.405, 180.95, -64.71, 0.006, 56.43, 47.38);
insert into SHOT values (840, 840, 844, 345, 1.430, 40.00, -61.50, 1.424, 40.24, -61.41, 0.007, 152.36, 65.42);
insert into SHOT values (841, 840, 845, 345, 0.710, 24.40, 1.30, 0.716, 24.78, 1.60, 0.009, 62.30, 26.88);
insert into SHOT values (842, 840, 846, 345, 1.020, 31.40, 58.50, 1.019, 31.89, 58.65, 0.005, 154.45, 3.23);
insert into SHOT values (843, 840, 847, 345, 1.420, 197.50, 58.50, 1.429, 197.22, 58.65, 0.010, 127.73, 67.17);
insert into SHOT values (844, 840, 848, 345, 0.720, 198.00, -10.90, 0.714, 197.40, -10.49, 0.011, 74.05, 34.97);
insert into SHOT values (845, 840, 849, 345, 1.020, 180.10, -58.30, 1.015, 180.00, -57.88, 0.009, 167.19, 62.23);
insert into SHOT values (846, 840, 850, 345, 2.120, 99.00, -51.90, 2.119, 99.18, -51.58, 0.013, 124.17, 40.72);
insert into SHOT values (847, 840, 851, 345, 2.150, 21.70, -71.10, 2.147, 21.80, -70.97, 0.006, 40.86, 46.60);
insert into SHOT values (848, 840, 852, 345, 1.210, 275.00, -15.50, 1.207, 274.93, -15.37, 0.004, 135.29, 56.56);
insert into SHOT values (849, 840, 853, 345, 25.370, 38.00, -87.40, 25.360, 37.90, -85.73, 0.739, 37.75, 4.18);
insert into SHOT values (850, 853, 854, 345, 0.730, 344.00, -6.00, 0.731, 344.05, -5.49, 0.007, 3.79, 71.29);
insert into SHOT values (851, 853, 855, 345, 1.550, 147.90, -1.60, 1.546, 147.96, -1.48, 0.005, 306.26, 37.87);
insert into SHOT values (852, 853, 856, 345, 1.700, 152.80, 63.20, 1.702, 152.76, 63.29, 0.003, 347.22, 55.95);
insert into SHOT values (853, 853, 857, 345, 3.050, 252.50, 40.30, 3.056, 252.50, 40.38, 0.007, 254.60, 77.56);
insert into SHOT values (854, 853, 858, 345, 3.540, 52.70, 42.00, 3.537, 52.74, 42.07, 0.005, 211.42, 14.30);
insert into SHOT values (855, 853, 859, 345, 7.420, 46.50, 78.70, 7.424, 46.67, 78.68, 0.007, 98.99, 35.06);
insert into SHOT values (856, 853, 860, 345, 4.700, 67.50, -52.00, 4.696, 67.43, -51.99, 0.006, 307.75, 41.16);
insert into SHOT values (857, 853, 861, 345, 4.670, 67.20, -53.50, 4.667, 67.13, -53.46, 0.005, 348.06, 48.71);
insert into SHOT values (858, 853, 862, 345, 5.490, 73.90, -31.30, 5.499, 73.49, -30.98, 0.047, 18.54, 28.35);
insert into SHOT values (859, 862, 863, 345, 2.580, 245.60, 1.30, 2.574, 245.43, 1.34, 0.010, 116.11, 8.40);
insert into SHOT values (860, 862, 864, 345, 1.000, 199.70, -12.10, 0.996, 199.18, -12.17, 0.010, 86.61, -2.28);
insert into SHOT values (861, 862, 865, 345, 2.290, 286.40, 24.80, 2.287, 286.51, 24.82, 0.005, 53.52, -5.88);
insert into SHOT values (862, 862, 866, 345, 2.090, 272.20, -40.50, 2.079, 272.17, -40.49, 0.011, 96.66, 42.09);
insert into SHOT values (863, 862, 867, 345, 2.720, 204.70, -55.80, 2.719, 204.38, -55.85, 0.009, 96.39, -2.20);
insert into SHOT values (864, 862, 868, 345, 5.080, 105.90, -57.30, 5.061, 105.40, -57.11, 0.035, 25.87, 45.82);
insert into SHOT values (865, 868, 869, 345, 0.360, 98.60, 39.20, 0.365, 98.13, 39.12, 0.005, 67.67, 28.80);
insert into SHOT values (866, 868, 870, 345, 2.460, 198.90, 22.00, 2.462, 198.91, 21.95, 0.003, 211.58, -32.23);
insert into SHOT values (867, 868, 871, 345, 0.680, 354.30, 19.70, 0.683, 354.64, 19.69, 0.005, 50.58, 9.42);
insert into SHOT values (868, 868, 872, 345, 2.230, 272.20, -10.00, 2.226, 272.09, -10.09, 0.007, 133.09, -24.13);
insert into SHOT values (869, 868, 873, 345, 1.480, 261.60, 71.10, 1.478, 261.53, 71.25, 0.004, 89.31, -2.78);
insert into SHOT values (870, 868, 874, 345, 2.130, 247.10, -8.70, 2.130, 247.09, -8.64, 0.002, 217.82, 70.12);
insert into SHOT values (871, 868, 875, 345, 2.290, 265.40, -8.90, 2.294, 265.45, -8.78, 0.007, 287.51, 40.03);
insert into SHOT values (872, 868, 876, 345, 3.150, 251.40, -27.30, 3.113, 251.70, -27.14, 0.041, 44.98, 37.37);
insert into SHOT values (873, 876, 877, 345, 0.590, 28.40, 2.40, 0.591, 28.30, 1.94, 0.005, 346.40, -72.40);
insert into SHOT values (874, 876, 878, 345, 0.640, 134.10, 53.80, 0.633, 133.92, 53.69, 0.007, 334.41, -62.46);
insert into SHOT values (875, 876, 879, 345, 0.510, 286.10, 8.50, 0.505, 286.26, 7.97, 0.007, 88.23, -49.34);
insert into SHOT values (876, 876, 880, 345, 4.310, 50.60, -74.10, 4.305, 50.01, -73.62, 0.038, 30.01, 23.21);
insert into SHOT values (877, 880, 881, 345, 1.520, 102.20, -4.90, 1.520, 102.20, -4.91, 0.000, 265.52, -32.99);
insert into SHOT values (878, 880, 882, 345, 2.250, 272.70, 28.50, 2.244, 272.62, 28.48, 0.007, 120.78, -31.05);
insert into SHOT values (879, 880, 883, 345, 1.960, 160.80, 62.20, 1.960, 160.97, 61.99, 0.008, 185.57, -29.16);
insert into SHOT values (880, 880, 884, 345, 1.030, 182.20, -5.30, 1.036, 182.22, -5.54, 0.007, 187.41, -43.05);
insert into SHOT values (881, 880, 885, 345, 1.730, 134.90, -25.70, 1.710, 134.47, -25.64, 0.023, 348.18, 26.24);
insert into SHOT values (882, 885, 886, 345, 0.310, 41.70, -4.10, 0.313, 39.81, -3.66, 0.011, 328.08, 11.38);
insert into SHOT values (883, 885, 887, 345, 1.140, 39.60, -58.70, 1.136, 38.81, -58.68, 0.009, 295.94, 26.09);
insert into SHOT values (884, 885, 888, 345, 0.610, 170.70, 66.40, 0.610, 172.87, 66.64, 0.010, 276.03, 6.10);
insert into SHOT values (885, 885, 889, 345, 0.150, 201.40, -13.20, 0.146, 204.78, -11.83, 0.010, 311.62, 25.32);
insert into SHOT values (886, 885, 890, 345, 3.020, 101.80, -27.60, 3.007, 101.23, -27.32, 0.033, 0.42, 35.16);
insert into SHOT values (887, 890, 891, 345, 1.230, 267.50, -84.80, 1.235, 264.81, -84.87, 0.007, 165.04, -43.61);
insert into SHOT values (888, 890, 892, 345, 1.800, 271.90, 75.80, 1.795, 271.30, 75.81, 0.007, 164.16, -46.15);
insert into SHOT values (889, 890, 893, 345, 1.040, 212.50, -4.50, 1.046, 212.47, -4.39, 0.006, 208.10, 14.24);
insert into SHOT values (890, 890, 894, 345, 1.980, 167.00, 28.60, 1.986, 167.08, 28.58, 0.007, 190.34, 19.26);
insert into SHOT values (891, 890, 895, 345, 1.610, 213.30, -58.90, 1.614, 213.31, -58.74, 0.006, 215.10, -13.22);
insert into SHOT values (892, 890, 896, 345, 2.270, 141.40, -39.90, 2.238, 140.92, -40.05, 0.035, 348.10, 26.97);
insert into SHOT values (893, 896, 897, 345, 0.410, 26.10, 6.90, 0.406, 26.57, 7.08, 0.006, 170.29, 7.55);
insert into SHOT values (894, 896, 898, 345, 0.760, 70.50, 69.00, 0.758, 70.20, 69.48, 0.007, 262.17, 4.03);
insert into SHOT values (895, 896, 899, 345, 0.680, 3.20, -68.60, 0.678, 2.29, -68.34, 0.005, 300.59, 34.95);
insert into SHOT values (896, 896, 900, 345, 1.700, 99.40, -10.30, 1.695, 98.95, -9.85, 0.019, 359.32, 46.80);
insert into SHOT values (897, 900, 901, 345, 0.560, 217.60, -0.70, 0.556, 217.69, -1.03, 0.005, 24.09, -38.21);
insert into SHOT values (898, 900, 902, 345, 1.220, 209.80, 70.80, 1.217, 208.50, 70.90, 0.010, 101.04, -12.62);
insert into SHOT values (899, 900, 903, 345, 0.880, 313.90, -78.60, 0.886, 315.00, -78.96, 0.009, 96.46, -53.89);
insert into SHOT values (900, 900, 904, 345, 1.330, 159.50, -25.50, 1.333, 159.00, -25.80, 0.013, 65.27, -35.20);
insert into SHOT values (901, 900, 905, 345, 1.400, 117.90, -16.80, 1.408, 117.90, -16.94, 0.008, 117.81, -40.69);
insert into SHOT values (902, 900, 906, 345, 3.630, 117.40, -27.90, 3.612, 116.97, -27.72, 0.032, 3.85, 35.25);
insert into SHOT values (903, 906, 907, 345, 0.320, 13.80, 4.80, 0.321, 14.47, 3.57, 0.008, 85.31, -59.68);
insert into SHOT values (904, 906, 908, 345, 1.140, 349.90, 83.20, 1.138, 351.25, 83.36, 0.005, 128.15, -22.96);
insert into SHOT values (905, 906, 909, 345, 0.690, 349.50, -84.10, 0.694, 351.87, -84.15, 0.005, 84.90, -51.19);
insert into SHOT values (906, 906, 910, 345, 1.810, 87.30, -11.80, 1.831, 86.80, -11.66, 0.026, 50.84, 0.30);
insert into SHOT values (907, 910, 911, 345, 0.310, 221.70, -16.10, 0.311, 222.27, -16.84, 0.005, 321.85, -53.02);
insert into SHOT values (908, 910, 912, 345, 1.450, 233.30, 68.50, 1.453, 233.34, 68.34, 0.005, 238.69, 11.01);
insert into SHOT values (909, 910, 913, 345, 0.660, 307.90, 75.20, 0.664, 308.16, 74.45, 0.010, 312.78, 11.31);
insert into SHOT values (910, 910, 914, 345, 2.500, 123.30, -27.60, 2.470, 122.89, -27.49, 0.034, 335.85, 32.34);
insert into SHOT values (911, 914, 915, 345, 0.160, 153.90, 51.20, 0.158, 150.95, 49.37, 0.008, 89.69, -38.56);
insert into SHOT values (912, 914, 916, 345, 0.360, 237.90, -31.70, 0.360, 238.39, -31.90, 0.003, 348.98, -16.37);
insert into SHOT values (913, 914, 917, 345, 1.010, 40.20, -10.00, 1.010, 40.10, -10.27, 0.005, 277.49, -66.63);
insert into SHOT values (914, 914, 918, 345, 1.310, 217.80, -71.60, 1.307, 217.15, -71.54, 0.006, 133.60, 32.63);
insert into SHOT values (915, 914, 919, 345, 0.590, 320.20, -25.50, 0.593, 320.33, -26.02, 0.006, 45.25, -78.19);
insert into SHOT values (916, 914, 920, 345, 5.540, 132.50, -79.60, 5.517, 131.68, -79.80, 0.033, 343.97, 35.47);
insert into SHOT values (917, 920, 921, 345, 0.650, 240.90, -6.40, 0.649, 240.26, -6.19, 0.008, 142.96, 18.58);
insert into SHOT values (918, 920, 922, 345, 1.230, 162.30, -14.20, 1.236, 162.02, -14.05, 0.009, 118.59, 11.56);
insert into SHOT values (919, 920, 923, 345, 2.450, 299.60, 57.70, 2.451, 299.69, 57.63, 0.004, 333.90, -13.27);
insert into SHOT values (920, 920, 924, 345, 2.390, 352.40, 8.90, 2.389, 352.45, 8.91, 0.002, 101.15, 5.70);
insert into SHOT values (921, 920, 925, 345, 2.530, 332.40, 37.50, 2.531, 332.41, 37.48, 0.001, 359.64, -7.50);
insert into SHOT values (922, 920, 926, 345, 2.220, 349.10, 0.30, 2.220, 349.09, 0.26, 0.002, 308.04, -84.38);
insert into SHOT values (923, 920, 927, 345, 1.140, 157.90, 1.80, 1.145, 157.92, 2.00, 0.006, 163.49, 43.09);
insert into SHOT values (924, 920, 928, 345, 0.750, 253.10, 4.20, 0.746, 252.78, 4.61, 0.008, 114.03, 39.22);
insert into SHOT values (925, 920, 929, 345, 13.140, 64.40, -85.50, 13.124, 64.08, -84.80, 0.162, 62.03, 10.52);
insert into SHOT values (926, 929, 930, 345, 1.220, 41.40, 35.60, 1.214, 41.30, 35.79, 0.007, 235.41, -1.50);
insert into SHOT values (927, 929, 931, 345, 0.590, 305.20, 25.30, 0.598, 305.17, 25.78, 0.009, 301.72, 58.38);
insert into SHOT values (928, 929, 932, 345, 2.040, 242.50, 7.10, 2.047, 242.43, 7.30, 0.010, 220.40, 49.08);
insert into SHOT values (929, 929, 933, 345, 7.750, 149.20, 2.30, 7.746, 149.23, 2.37, 0.011, 284.69, 58.11);
insert into SHOT values (930, 929, 934, 345, 2.040, 112.40, 25.20, 2.034, 112.38, 25.32, 0.008, 296.77, 10.80);
insert into SHOT values (931, 929, 935, 345, 2.280, 209.80, 4.30, 2.278, 209.84, 4.53, 0.010, 356.76, 71.74);
insert into SHOT values (932, 929, 936, 345, 3.780, 183.30, 8.40, 3.778, 183.38, 8.52, 0.010, 303.65, 53.02);
insert into SHOT values (933, 929, 937, 345, 5.440, 166.90, -0.60, 5.441, 166.93, -0.53, 0.008, 238.59, 62.24);
insert into SHOT values (934, 929, 938, 345, 23.510, 134.30, -78.50, 23.484, 133.91, -79.10, 0.249, 321.35, -5.07);
insert into SHOT values (935, 938, 939, 345, 0.620, 195.50, 6.10, 0.625, 194.93, 6.43, 0.009, 141.43, 28.51);
insert into SHOT values (936, 938, 940, 345, 0.470, 313.50, 8.00, 0.472, 313.26, 8.53, 0.005, 261.29, 62.32);
insert into SHOT values (937, 938, 941, 345, 2.020, 54.40, 5.70, 2.025, 54.50, 5.95, 0.011, 91.41, 58.67);
insert into SHOT values (938, 938, 942, 345, 2.690, 118.70, 2.10, 2.691, 118.66, 2.13, 0.003, 67.35, 33.27);
insert into SHOT values (939, 938, 943, 345, 2.460, 124.40, 52.30, 2.462, 124.43, 52.37, 0.004, 263.92, 70.00);
insert into SHOT values (940, 938, 944, 345, 3.940, 102.50, 78.00, 3.946, 102.68, 78.01, 0.007, 175.01, 65.80);
insert into SHOT values (941, 938, 945, 345, 3.240, 132.60, 27.50, 3.248, 132.61, 27.51, 0.008, 137.23, 31.03);
insert into SHOT values (942, 938, 946, 345, 2.210, 159.70, 0.90, 2.209, 159.60, 1.04, 0.007, 53.29, 52.24);
insert into SHOT values (943, 938, 947, 345, 5.740, 350.50, 51.80, 5.792, 350.72, 51.61, 0.057, 6.98, 30.57);
insert into SHOT values (944, 947, 948, 345, 0.500, 217.50, -18.70, 0.504, 217.35, -18.51, 0.005, 201.82, 3.83);
insert into SHOT values (945, 947, 949, 345, 0.690, 229.90, 42.50, 0.687, 229.76, 42.00, 0.007, 200.93, -68.16);
insert into SHOT values (946, 947, 950, 345, 0.830, 328.50, -75.60, 0.835, 327.09, -75.96, 0.009, 199.68, -43.68);
insert into SHOT values (947, 947, 951, 345, 0.160, 81.90, 7.00, 0.162, 82.87, 7.07, 0.004, 130.62, 7.79);
insert into SHOT values (948, 947, 952, 345, 2.410, 319.80, 8.70, 2.411, 319.76, 8.59, 0.005, 282.26, -62.88);
insert into SHOT values (949, 947, 953, 345, 1.720, 283.80, 25.10, 1.724, 284.13, 25.42, 0.014, 17.16, 49.31);
insert into SHOT values (950, 953, 954, 345, 0.210, 79.30, 45.70, 0.207, 77.91, 46.33, 0.005, 303.87, -3.41);
insert into SHOT values (951, 953, 955, 345, 0.640, 175.40, 15.60, 0.635, 175.31, 15.52, 0.005, 6.92, -25.26);
insert into SHOT values (952, 953, 956, 345, 0.470, 344.40, 2.50, 0.478, 344.22, 2.40, 0.009, 334.42, -3.34);
insert into SHOT values (953, 953, 957, 345, 0.140, 284.80, -13.50, 0.142, 287.10, -16.39, 0.009, 17.18, -53.20);
insert into SHOT values (954, 953, 958, 345, 4.270, 306.00, 36.30, 4.305, 306.44, 36.33, 0.044, 351.12, 30.31);
insert into SHOT values (955, 958, 959, 345, 0.320, 223.80, 86.80, 0.310, 225.00, 87.39, 0.010, 39.24, -68.54);
insert into SHOT values (956, 958, 960, 345, 1.100, 60.10, 1.50, 1.107, 60.19, 1.04, 0.011, 74.99, -51.48);
insert into SHOT values (957, 958, 961, 345, 0.310, 127.80, 5.10, 0.315, 127.23, 3.64, 0.010, 97.21, -51.27);
insert into SHOT values (958, 958, 962, 345, 0.290, 95.90, -77.50, 0.298, 98.13, -76.30, 0.011, 115.14, -39.44);
insert into SHOT values (959, 958, 963, 345, 0.160, 270.30, -4.40, 0.151, 270.00, -7.59, 0.012, 94.97, -38.93);
insert into SHOT values (960, 958, 964, 345, 2.350, 328.00, 4.50, 2.378, 328.46, 4.58, 0.034, 2.67, 9.58);
insert into SHOT values (961, 964, 965, 345, 0.660, 216.30, 10.90, 0.661, 216.87, 10.46, 0.008, 290.19, -35.41);
insert into SHOT values (962, 964, 966, 345, 1.300, 198.50, 71.30, 1.298, 199.75, 71.38, 0.009, 304.13, -8.33);
insert into SHOT values (963, 964, 967, 345, 1.000, 258.80, -82.30, 0.999, 261.25, -82.43, 0.006, 13.37, 9.01);
insert into SHOT values (964, 964, 968, 345, 1.190, 301.50, -2.40, 1.205, 302.11, -1.90, 0.022, 341.70, 26.39);
insert into SHOT values (965, 968, 969, 345, 1.060, 33.20, 0.30, 1.062, 33.09, 0.00, 0.006, 352.95, -61.28);
insert into SHOT values (966, 968, 970, 345, 2.470, 336.30, 83.90, 2.464, 335.38, 83.85, 0.008, 265.77, -53.18);
insert into SHOT values (967, 968, 971, 345, 0.870, 197.90, 21.00, 0.867, 197.99, 20.95, 0.003, 352.33, -31.23);
insert into SHOT values (968, 968, 972, 345, 1.360, 155.60, -5.20, 1.358, 155.52, -5.49, 0.008, 7.36, -62.97);
insert into SHOT values (969, 968, 973, 345, 17.970, 322.00, -78.10, 17.960, 322.40, -77.29, 0.254, 328.54, 14.52);
insert into SHOT values (970, 973, 974, 345, 2.220, 352.60, 4.00, 2.225, 352.49, 4.12, 0.008, 309.54, 40.26);
insert into SHOT values (971, 973, 975, 345, 2.590, 48.50, 1.10, 2.586, 48.29, 1.11, 0.010, 293.39, 1.56);
insert into SHOT values (972, 973, 976, 345, 2.030, 108.10, 2.20, 2.022, 108.17, 2.27, 0.008, 270.92, 14.27);
insert into SHOT values (973, 973, 977, 345, 2.250, 145.90, 3.80, 2.246, 146.10, 3.83, 0.009, 263.40, 5.74);
insert into SHOT values (974, 973, 978, 345, 3.710, 42.50, 64.30, 3.706, 42.23, 64.31, 0.008, 298.67, -20.87);
insert into SHOT values (975, 973, 979, 345, 17.860, 42.80, -77.20, 17.850, 42.56, -76.00, 0.373, 39.94, 14.92);
insert into SHOT values (976, 979, 980, 345, 1.500, 55.20, 5.90, 1.508, 55.04, 5.71, 0.011, 29.88, -23.35);
insert into SHOT values (977, 979, 981, 345, 2.180, 97.00, 3.40, 2.179, 96.86, 3.42, 0.005, 0.53, 7.92);
insert into SHOT values (978, 979, 982, 345, 1.880, 128.00, 3.20, 1.877, 127.85, 3.36, 0.008, 8.19, 41.89);
insert into SHOT values (979, 979, 983, 345, 1.480, 223.20, 5.80, 1.472, 223.06, 5.85, 0.009, 66.77, 2.91);
insert into SHOT values (980, 979, 984, 345, 1.160, 271.40, -3.70, 1.153, 271.49, -3.48, 0.009, 76.30, 33.11);
insert into SHOT values (981, 979, 985, 345, 3.580, 129.10, -53.60, 3.552, 128.45, -53.62, 0.037, 2.47, 35.84);
insert into SHOT values (982, 985, 986, 345, 1.800, 258.90, -10.20, 1.802, 258.94, -10.23, 0.002, 305.25, -32.44);
insert into SHOT values (983, 985, 987, 345, 1.450, 304.80, -2.70, 1.453, 304.89, -2.76, 0.004, 349.73, -25.93);
insert into SHOT values (984, 985, 988, 345, 1.340, 20.60, 6.80, 1.345, 20.61, 6.83, 0.005, 22.95, 15.37);
insert into SHOT values (985, 985, 989, 345, 1.260, 96.10, -0.60, 1.257, 95.94, -0.46, 0.006, 323.84, 33.92);
insert into SHOT values (986, 985, 990, 345, 19.840, 165.70, -86.00, 19.815, 165.40, -87.13, 0.392, 346.44, 0.24);
insert into SHOT values (987, 990, 991, 345, 1.270, 220.60, -17.70, 1.274, 220.65, -17.83, 0.005, 243.40, -52.32);
insert into SHOT values (988, 990, 992, 345, 1.310, 169.70, -7.40, 1.312, 169.81, -7.45, 0.003, 231.50, -23.21);
insert into SHOT values (989, 990, 993, 345, 1.500, 278.00, -13.40, 1.495, 277.91, -13.54, 0.006, 121.26, -22.24);
insert into SHOT values (990, 990, 994, 345, 3.730, 272.70, -70.20, 3.708, 273.21, -70.27, 0.025, 48.94, 50.55);
insert into SHOT values (991, 994, 995, 345, 0.740, 326.90, 1.30, 0.738, 327.17, 1.55, 0.005, 86.26, 38.45);
insert into SHOT values (992, 994, 996, 345, 0.820, 48.10, 0.70, 0.821, 47.96, 0.70, 0.002, 353.62, -0.43);
insert into SHOT values (993, 994, 997, 345, 1.610, 97.10, 2.90, 1.613, 96.77, 2.84, 0.010, 26.80, -8.51);
insert into SHOT values (994, 994, 998, 345, 3.590, 130.80, 1.40, 3.589, 130.71, 1.44, 0.006, 31.99, 21.33);
insert into SHOT values (995, 994, 999, 345, 1.690, 149.30, 7.10, 1.690, 149.15, 7.14, 0.004, 62.19, 14.75);
insert into SHOT values (996, 994, 1000, 345, 13.730, 44.10, -66.00, 13.725, 43.88, -65.01, 0.239, 38.30, 25.50);
insert into SHOT values (997, 1000, 1001, 345, 2.190, 192.70, 0.90, 2.184, 192.70, 0.79, 0.008, 12.04, -34.86);
insert into SHOT values (998, 1000, 1002, 345, 4.950, 260.10, -0.80, 4.954, 260.12, -0.81, 0.004, 285.41, -11.46);
insert into SHOT values (999, 1000, 1003, 345, 6.150, 283.00, -0.80, 6.150, 283.06, -0.84, 0.008, 14.93, -29.96);
insert into SHOT values (1000, 1000, 1004, 345, 0.890, 306.00, -0.80, 0.894, 306.36, -1.28, 0.010, 359.80, -47.45);
insert into SHOT values (1001, 1000, 1005, 345, 0.470, 15.60, -3.80, 0.479, 15.78, -3.59, 0.009, 25.18, 7.14);
insert into SHOT values (1002, 1000, 1006, 345, 0.930, 106.10, 0.90, 0.924, 105.69, 0.62, 0.010, 336.39, -28.32);
insert into SHOT values (1003, 1000, 1007, 345, 13.910, 121.90, 17.20, 13.907, 121.90, 17.19, 0.004, 315.81, -59.53);
insert into SHOT values (1004, 1000, 1008, 345, 5.980, 117.40, 18.00, 5.975, 117.33, 17.94, 0.011, 4.88, -48.03);
insert into SHOT values (1005, 1000, 1009, 345, 18.070, 101.10, -80.50, 18.154, 100.60, -84.50, 1.267, 281.80, -11.28);
insert into SHOT values (1006, 1009, 1010, 345, 1.540, 28.70, 13.40, 1.544, 28.61, 13.10, 0.009, 6.17, -49.08);
insert into SHOT values (1007, 1009, 1011, 345, 3.260, 278.90, 39.00, 3.256, 278.87, 39.01, 0.004, 121.69, -24.14);
insert into SHOT values (1008, 1009, 1012, 345, 1.010, 276.50, 19.60, 1.006, 276.67, 19.76, 0.006, 66.55, 11.54);
insert into SHOT values (1009, 1009, 1013, 345, 1.110, 165.60, 22.20, 1.106, 165.28, 22.31, 0.007, 38.93, 4.90);
insert into SHOT values (1010, 1009, 1014, 345, 2.430, 89.00, 7.20, 2.429, 89.05, 7.09, 0.005, 192.20, -64.02);
insert into SHOT values (1011, 1009, 1015, 345, 3.420, 118.20, 1.40, 3.423, 118.06, 1.34, 0.009, 50.84, -22.15);
insert into SHOT values (1012, 1009, 1016, 345, 5.680, 113.80, -34.60, 5.593, 113.73, -36.04, 0.166, 295.77, -22.89);
insert into SHOT values (1013, 1016, 1017, 345, 0.260, 32.80, -9.50, 0.256, 33.69, -9.01, 0.006, 168.84, 27.22);
insert into SHOT values (1014, 1016, 1018, 345, 1.170, 350.60, -87.70, 1.171, 345.96, -87.98, 0.007, 200.22, -7.96);
insert into SHOT values (1015, 1016, 1019, 345, 1.710, 220.80, -4.10, 1.720, 220.75, -4.00, 0.011, 212.28, 12.25);
insert into SHOT values (1016, 1016, 1020, 345, 1.290, 229.60, -35.20, 1.302, 229.57, -35.18, 0.012, 227.05, -32.78);
insert into SHOT values (1017, 1016, 1021, 345, 3.630, 132.80, -50.90, 3.588, 133.52, -52.33, 0.103, 296.82, -12.84);
insert into SHOT values (1018, 1021, 1022, 345, 0.560, 42.60, 19.80, 0.564, 42.71, 19.70, 0.004, 57.60, 4.39);
insert into SHOT values (1019, 1021, 1023, 345, 0.910, 213.30, 10.90, 0.912, 213.16, 10.74, 0.004, 169.69, -33.24);
insert into SHOT values (1020, 1021, 1024, 345, 0.260, 141.20, 66.00, 0.262, 138.81, 66.11, 0.005, 57.11, 29.14);
insert into SHOT values (1021, 1021, 1025, 345, 0.530, 310.20, -20.00, 0.528, 310.10, -19.92, 0.002, 164.11, 40.19);
insert into SHOT values (1022, 1021, 1026, 345, 2.870, 39.90, -76.30, 2.872, 40.24, -76.28, 0.005, 110.24, -21.15);
insert into SHOT values (1023, 1021, 1027, 345, 3.290, 107.20, -52.80, 3.255, 107.10, -54.20, 0.087, 289.33, -12.87);
insert into SHOT values (1024, 1027, 1028, 345, 0.670, 42.30, -3.10, 0.673, 41.99, -2.55, 0.008, 357.35, 50.38);
insert into SHOT values (1025, 1027, 1029, 345, 0.780, 191.20, 9.20, 0.776, 191.31, 9.65, 0.008, 354.87, 44.80);
insert into SHOT values (1026, 1027, 1030, 345, 1.470, 297.30, -1.80, 1.477, 297.43, -1.55, 0.010, 324.82, 39.27);
insert into SHOT values (1027, 1027, 1031, 345, 0.780, 105.90, -3.10, 0.780, 105.64, -2.94, 0.004, 15.55, 32.14);
insert into SHOT values (1028, 1027, 1032, 345, 3.490, 67.60, -74.00, 3.520, 65.40, -74.97, 0.076, 282.70, -36.60);
insert into SHOT values (1029, 1032, 1033, 345, 0.220, 37.00, 2.70, 0.214, 37.41, 2.68, 0.006, 202.17, -3.50);
insert into SHOT values (1030, 1032, 1034, 345, 0.440, 208.80, 5.30, 0.450, 209.43, 5.10, 0.011, 235.88, -3.40);
insert into SHOT values (1031, 1032, 1035, 345, 0.920, 289.80, 4.00, 0.926, 289.61, 3.72, 0.008, 262.58, -32.56);
insert into SHOT values (1032, 1032, 1036, 345, 1.590, 135.60, -11.70, 1.588, 136.04, -11.62, 0.012, 230.90, 11.36);
insert into SHOT values (1033, 1032, 1037, 345, 4.690, 126.30, -74.10, 4.717, 127.36, -75.64, 0.131, 295.62, -26.92);
insert into SHOT values (1034, 1037, 1038, 345, 2.210, 108.50, -3.30, 2.207, 108.52, -3.12, 0.008, 269.90, 71.97);
insert into SHOT values (1035, 1037, 1039, 345, 2.460, 62.50, -2.40, 2.462, 62.39, -2.33, 0.006, 359.01, 31.04);
insert into SHOT values (1036, 1037, 1040, 345, 1.470, 298.80, 11.80, 1.474, 299.05, 12.14, 0.012, 8.13, 53.66);
insert into SHOT values (1037, 1037, 1041, 345, 11.910, 64.00, -79.90, 11.905, 63.92, -79.87, 0.007, 32.86, 46.48);
insert into SHOT values (1038, 1037, 1042, 345, 17.790, 61.70, -81.90, 17.788, 61.70, -81.89, 0.004, 62.85, 36.65);
insert into SHOT values (1039, 1037, 1043, 345, 3.190, 49.60, 28.00, 3.101, 48.40, 27.88, 0.106, 266.63, -26.61);
insert into SHOT values (1040, 1043, 1044, 345, 2.960, 212.50, -1.30, 2.955, 212.56, -1.36, 0.007, 358.99, -25.90);
insert into SHOT values (1041, 1043, 1045, 345, 1.990, 181.30, -3.70, 1.985, 181.45, -3.76, 0.008, 316.75, -12.16);
insert into SHOT values (1042, 1043, 1046, 345, 1.710, 156.70, 0.10, 1.707, 156.89, 0.00, 0.007, 274.56, -24.78);
insert into SHOT values (1043, 1043, 1047, 345, 0.920, 106.40, -80.30, 0.923, 104.93, -80.32, 0.005, 19.00, -38.41);
insert into SHOT values (1044, 1043, 1048, 345, 15.960, 209.20, 80.00, 15.951, 209.26, 80.03, 0.012, 11.96, -38.41);
insert into SHOT values (1045, 1043, 1049, 345, 16.800, 185.80, 79.40, 16.796, 185.77, 79.41, 0.006, 25.46, -33.19);
insert into SHOT values (1046, 1043, 1050, 345, 2.910, 60.10, 7.50, 2.910, 60.06, 7.50, 0.002, 328.94, 4.83);
insert into SHOT values (1047, 1043, 1051, 345, 1.420, 92.10, 7.50, 1.422, 92.03, 7.27, 0.006, 63.64, -57.17);
insert into SHOT values (1048, 1043, 1052, 345, 1.220, 32.00, 5.10, 1.226, 31.61, 5.15, 0.010, 337.57, 8.61);
insert into SHOT values (1049, 1043, 1053, 345, 6.180, 140.30, 42.80, 6.025, 141.01, 43.27, 0.172, 299.94, -23.62);
insert into SHOT values (1050, 1053, 1054, 345, 0.450, 52.50, 9.10, 0.449, 52.35, 10.26, 0.009, 258.51, 73.85);
insert into SHOT values (1051, 1053, 1055, 345, 0.410, 258.40, -0.20, 0.408, 258.69, 0.00, 0.003, 33.39, 25.93);
insert into SHOT values (1052, 1053, 1056, 345, 2.390, 294.70, -79.20, 2.382, 295.41, -79.28, 0.011, 67.28, 45.81);
insert into SHOT values (1053, 1053, 1057, 345, 5.790, 299.80, 88.10, 5.793, 302.01, 88.13, 0.009, 55.05, 21.61);
insert into SHOT values (1054, 1053, 1058, 345, 5.410, 133.50, 31.80, 5.251, 134.00, 32.10, 0.166, 298.95, -21.47);
insert into SHOT values (1055, 1058, 1059, 345, 2.470, 329.80, 7.70, 2.465, 329.76, 7.70, 0.006, 166.20, -9.55);
insert into SHOT values (1056, 1058, 1060, 345, 3.110, 173.40, 4.20, 3.109, 173.33, 4.24, 0.004, 72.31, 32.14);
insert into SHOT values (1057, 1058, 1061, 345, 2.060, 230.30, 7.00, 2.060, 230.16, 6.97, 0.005, 141.43, -11.95);
insert into SHOT values (1058, 1058, 1062, 345, 2.770, 265.50, 9.40, 2.766, 265.38, 9.36, 0.007, 141.40, -19.00);
insert into SHOT values (1059, 1058, 1063, 345, 4.330, 296.70, -0.20, 4.329, 296.62, -0.26, 0.007, 197.01, -40.95);
insert into SHOT values (1060, 1058, 1064, 345, 13.300, 177.20, -86.10, 13.283, 177.04, -87.49, 0.324, 357.48, -0.14);
insert into SHOT values (1061, 1064, 1065, 345, 2.450, 67.30, 5.80, 2.450, 67.33, 5.62, 0.008, 117.39, -78.34);
insert into SHOT values (1062, 1064, 1066, 345, 3.680, 135.80, 1.90, 3.672, 135.77, 1.87, 0.008, 327.44, -14.24);
insert into SHOT values (1063, 1064, 1067, 345, 5.440, 131.20, -7.40, 5.440, 131.17, -7.50, 0.010, 13.95, -70.23);
insert into SHOT values (1064, 1064, 1068, 345, 3.740, 114.30, -40.30, 3.693, 113.73, -40.53, 0.056, 325.78, 19.77);
insert into SHOT values (1065, 1068, 1069, 345, 1.090, 222.10, -0.30, 1.090, 222.03, -0.53, 0.005, 149.53, -71.64);
insert into SHOT values (1066, 1068, 1070, 345, 2.470, 137.20, -7.10, 2.475, 137.15, -7.20, 0.007, 109.84, -44.04);
insert into SHOT values (1067, 1068, 1071, 345, 1.540, 61.90, 3.40, 1.546, 61.77, 3.34, 0.007, 33.93, -10.67);
insert into SHOT values (1068, 1068, 1072, 345, 1.190, 302.50, -3.20, 1.189, 302.62, -3.37, 0.004, 51.78, -53.24);
insert into SHOT values (1069, 1068, 1073, 345, 6.300, 110.80, -43.20, 6.267, 110.19, -43.45, 0.065, 339.02, 2.33);
insert into SHOT values (1070, 1073, 1074, 345, 0.770, 1.00, -8.40, 0.768, 1.51, -8.23, 0.007, 103.56, 19.72);
insert into SHOT values (1071, 1073, 1075, 345, 0.540, 78.80, -21.20, 0.544, 78.69, -20.44, 0.008, 70.35, 39.00);
insert into SHOT values (1072, 1073, 1076, 345, 2.870, 305.80, 9.50, 2.869, 305.94, 9.63, 0.010, 53.97, 40.89);
insert into SHOT values (1073, 1073, 1077, 345, 2.180, 276.40, 2.10, 2.175, 276.34, 2.11, 0.006, 118.98, 1.18);
insert into SHOT values (1074, 1073, 1078, 345, 2.240, 75.50, -50.60, 2.232, 74.50, -50.42, 0.027, 344.83, 23.75);
insert into SHOT values (1075, 1078, 1079, 345, 0.250, 172.90, -0.40, 0.253, 170.91, 0.00, 0.009, 101.95, 10.64);
insert into SHOT values (1076, 1078, 1080, 345, 1.960, 349.10, -80.40, 1.957, 349.38, -80.42, 0.003, 117.96, 51.05);
insert into SHOT values (1077, 1078, 1081, 345, 0.430, 46.80, 75.60, 0.458, 38.66, 73.77, 0.036, 4.37, 41.18);
insert into SHOT values (1078, 1081, 1082, 345, 0.350, 69.70, 32.00, 0.348, 70.35, 31.19, 0.006, 151.49, -58.14);
insert into SHOT values (1079, 1081, 1083, 345, 0.370, 165.30, -18.10, 0.372, 165.17, -18.84, 0.005, 76.69, -81.41);
insert into SHOT values (1080, 1081, 1084, 345, 0.190, 306.00, 3.90, 0.186, 306.25, 3.08, 0.005, 112.82, -38.71);
insert into SHOT values (1081, 1081, 1085, 345, 2.650, 56.00, -70.60, 2.654, 55.06, -70.39, 0.018, 0.90, -1.48);
insert into SHOT values (1082, 1085, 1086, 345, 0.400, 186.40, -3.80, 0.402, 185.71, -2.85, 0.009, 126.95, 49.31);
insert into SHOT values (1083, 1085, 1087, 345, 0.230, 9.20, 5.80, 0.235, 9.87, 7.32, 0.009, 39.74, 51.59);
insert into SHOT values (1084, 1085, 1088, 345, 1.500, 90.90, 82.40, 1.503, 90.00, 82.35, 0.005, 27.82, 42.11);
insert into SHOT values (1085, 1085, 1089, 345, 1.490, 182.60, -86.30, 1.483, 180.00, -86.13, 0.009, 132.16, 49.55);
insert into SHOT values (1086, 1085, 1090, 345, 1.570, 113.00, 40.30, 1.550, 111.98, 40.67, 0.031, 336.28, -10.19);
insert into SHOT values (1087, 1090, 1091, 345, 0.190, 228.00, -7.40, 0.192, 227.12, -5.98, 0.006, 179.76, 48.77);
insert into SHOT values (1088, 1090, 1092, 345, 0.610, 235.90, 57.00, 0.612, 235.84, 56.44, 0.006, 232.74, -14.47);
insert into SHOT values (1089, 1090, 1093, 345, 0.860, 153.30, -85.40, 0.863, 153.43, -85.54, 0.003, 328.44, -55.61);
insert into SHOT values (1090, 1090, 1094, 345, 1.940, 134.10, -31.90, 1.879, 133.73, -32.14, 0.062, 324.58, 23.98);
insert into SHOT values (1091, 1094, 1095, 345, 0.440, 22.90, 4.50, 0.446, 22.52, 5.15, 0.008, 353.54, 42.59);
insert into SHOT values (1092, 1094, 1096, 345, 0.550, 58.60, 54.50, 0.552, 57.80, 54.66, 0.005, 323.99, 26.77);
insert into SHOT values (1093, 1094, 1097, 345, 5.200, 40.80, -86.90, 5.198, 39.29, -86.87, 0.008, 332.28, 16.56);
insert into SHOT values (1094, 1094, 1098, 345, 4.640, 99.80, -49.60, 4.610, 99.08, -49.77, 0.050, 330.71, 15.79);
insert into SHOT values (1095, 1098, 1099, 345, 4.500, 87.10, -60.90, 4.500, 87.12, -60.84, 0.005, 100.69, 24.30);
insert into SHOT values (1096, 1098, 1100, 345, 0.300, 88.90, -60.60, 0.300, 90.00, -60.02, 0.004, 135.79, 19.04);
insert into SHOT values (1097, 1098, 1101, 345, 0.850, 208.90, 4.20, 0.844, 208.39, 4.76, 0.013, 77.38, 38.06);
insert into SHOT values (1098, 1098, 1102, 345, 1.500, 147.80, 75.00, 1.502, 147.53, 74.90, 0.004, 115.64, 17.86);
insert into SHOT values (1099, 1098, 1103, 345, 1.670, 235.10, -80.30, 1.664, 235.18, -80.31, 0.006, 37.49, 78.39);
insert into SHOT values (1100, 1098, 1104, 345, 0.250, 37.80, 5.90, 0.258, 38.66, 6.68, 0.009, 65.24, 27.23);
insert into SHOT values (1101, 1098, 1105, 345, 3.000, 116.80, -38.80, 2.964, 116.23, -38.87, 0.043, 333.59, 27.51);
insert into SHOT values (1102, 1105, 1106, 345, 0.370, 16.90, 6.90, 0.377, 15.52, 7.62, 0.012, 321.60, 26.99);
insert into SHOT values (1103, 1105, 1107, 345, 0.700, 81.30, 81.30, 0.707, 78.69, 81.71, 0.010, 310.48, 52.72);
insert into SHOT values (1104, 1105, 1108, 345, 2.300, 301.50, -87.10, 2.293, 300.96, -87.08, 0.007, 224.46, 81.02);
insert into SHOT values (1105, 1105, 1109, 345, 2.260, 118.40, -61.70, 2.218, 117.55, -62.10, 0.048, 322.71, 38.80);
insert into SHOT values (1106, 1109, 1110, 345, 0.400, 232.80, 0.10, 0.400, 233.13, 0.00, 0.002, 322.95, -16.74);
insert into SHOT values (1107, 1109, 1111, 345, 1.090, 332.40, 2.20, 1.092, 332.73, 2.10, 0.007, 44.33, -15.45);
insert into SHOT values (1108, 1109, 1112, 345, 2.780, 146.80, -14.70, 2.780, 146.84, -14.80, 0.005, 270.08, -61.32);
insert into SHOT values (1109, 1109, 1113, 345, 2.600, 10.40, -88.50, 2.592, 5.71, -87.78, 0.034, 356.05, 15.37);
insert into SHOT values (1110, 1113, 1114, 345, 2.640, 68.40, -89.10, 2.640, 63.43, -89.03, 0.005, 16.98, -3.77);
insert into SHOT values (1111, 1113, 1115, 345, 0.170, 227.10, -1.70, 0.170, 225.00, 0.00, 0.008, 134.03, 39.03);
insert into SHOT values (1112, 1113, 1116, 345, 0.320, 41.50, -3.70, 0.320, 41.19, -3.59, 0.002, 297.48, 19.98);
insert into SHOT values (1113, 1113, 1117, 345, 1.530, 134.80, -6.50, 1.530, 134.73, -6.38, 0.004, 49.17, 61.92);
insert into SHOT values (1114, 1113, 1118, 345, 5.930, 137.40, -3.50, 5.935, 137.39, -3.48, 0.005, 133.38, 23.11);
insert into SHOT values (1115, 1113, 1119, 345, 0.360, 133.50, -4.70, 0.362, 133.88, -4.75, 0.003, 185.02, -9.36);
insert into SHOT values (1116, 1113, 1120, 345, 5.850, 134.80, -0.70, 5.785, 134.30, -0.59, 0.083, 352.43, 7.93);
insert into SHOT values (1117, 1113, 1121, 345, 2.110, 69.10, -88.00, 2.111, 66.80, -87.93, 0.004, 17.96, -18.16);
insert into SHOT values (1118, 1120, 1122, 345, 0.770, 46.80, -15.80, 0.765, 47.20, -15.93, 0.007, 180.62, -2.73);
insert into SHOT values (1119, 1120, 1123, 345, 2.720, 36.10, -78.10, 2.718, 36.25, -78.15, 0.004, 187.97, 25.58);
insert into SHOT values (1120, 1120, 1124, 345, 0.170, 233.40, -0.80, 0.172, 234.46, 0.00, 0.004, 290.94, 32.07);
insert into SHOT values (1121, 1120, 1125, 345, 6.240, 80.40, -45.20, 6.229, 79.79, -45.07, 0.050, 353.49, 20.72);
insert into SHOT values (1122, 1125, 1126, 345, 2.090, 282.00, -69.20, 2.088, 282.36, -69.03, 0.008, 324.79, 28.39);
insert into SHOT values (1123, 1125, 1127, 345, 0.960, 0.70, -1.00, 0.960, 0.60, -1.19, 0.004, 277.34, -62.33);
insert into SHOT values (1124, 1125, 1128, 345, 0.370, 85.90, 67.10, 0.368, 85.91, 67.57, 0.004, 265.25, -13.04);
insert into SHOT values (1125, 1125, 1129, 345, 0.270, 180.20, -0.20, 0.270, 180.00, 0.00, 0.001, 90.20, 45.33);
insert into SHOT values (1126, 1125, 1130, 345, 3.010, 86.60, -46.20, 2.989, 85.84, -46.28, 0.035, 323.26, 20.80);
insert into SHOT values (1127, 1130, 1131, 345, 0.240, 190.60, 6.20, 0.234, 189.87, 4.90, 0.008, 40.61, -44.80);
insert into SHOT values (1128, 1130, 1132, 345, 0.280, 4.20, -10.40, 0.285, 4.09, -10.10, 0.005, 358.30, 5.83);
insert into SHOT values (1129, 1130, 1133, 345, 0.340, 117.60, 68.60, 0.342, 114.44, 69.31, 0.008, 0.44, 24.73);
insert into SHOT values (1130, 1130, 1134, 345, 1.050, 159.80, -78.70, 1.050, 159.78, -78.88, 0.003, 341.20, -6.21);
insert into SHOT values (1131, 1130, 1135, 345, 3.030, 75.30, -33.50, 3.034, 74.43, -33.40, 0.039, 354.19, 3.48);
insert into SHOT values (1132, 1135, 1136, 345, 0.120, 321.30, -22.70, 0.114, 318.81, -20.62, 0.009, 186.95, 44.40);
insert into SHOT values (1133, 1135, 1137, 345, 0.280, 311.40, -7.10, 0.278, 310.60, -6.19, 0.006, 202.80, 48.65);
insert into SHOT values (1134, 1135, 1138, 345, 0.250, 5.70, 75.40, 0.248, 9.46, 75.78, 0.005, 125.86, -22.65);
insert into SHOT values (1135, 1135, 1139, 345, 0.540, 247.50, -56.90, 0.538, 246.04, -56.71, 0.008, 161.11, 17.43);
insert into SHOT values (1136, 1135, 1140, 345, 2.230, 55.80, -29.10, 2.224, 55.90, -29.05, 0.007, 196.15, 39.42);
insert into SHOT values (1137, 1135, 1141, 345, 2.250, 54.50, -23.70, 2.276, 53.95, -23.30, 0.036, 20.85, 6.96);
insert into SHOT values (1138, 1141, 1142, 345, 0.810, 249.30, -6.20, 0.818, 249.11, -6.31, 0.009, 231.64, -16.36);
insert into SHOT values (1139, 1141, 1143, 345, 4.990, 273.20, 68.90, 4.987, 273.18, 68.81, 0.008, 268.17, -40.28);
insert into SHOT values (1140, 1141, 1144, 345, 0.410, 247.20, 83.40, 0.404, 248.20, 82.33, 0.010, 255.17, -47.03);
insert into SHOT values (1141, 1141, 1145, 345, 1.930, 170.10, -76.80, 1.932, 170.96, -76.67, 0.008, 224.71, -6.88);
insert into SURVEY values (347, 341, 'gps_kriska', 'gps_kriska.Kriska-spel.Kriska.Ded', 'gps kriska');
 insert into CENTRELINE values (348, 347, NULL, NULL, NULL, 0.00, 0.00, 0.00);
 insert into CENTRELINE values (349, 347, NULL, '2022-09-10', NULL, 0.00, 8.10, 0.00);
 insert into TOPO values (2, 349);
 insert into SHOT values (1142, 1146, 1147, 349, 1.820, 40.59, -27.60, 1.847, 40.56, -27.04, 0.033, 39.06, 5.61);
insert into SHOT_FLAG values(1142, 'srf');
insert into SHOT values (1143, 1147, 1148, 349, 3.150, 311.99, -12.70, 3.176, 312.39, -12.55, 0.035, 349.77, 4.16);
insert into SHOT_FLAG values(1143, 'srf');
insert into SHOT values (1144, 1147, 1149, 349, 3.130, 312.99, -14.00, 3.136, 313.14, -14.03, 0.010, 8.62, -17.02);
insert into SHOT_FLAG values(1144, 'srf');
insert into SCRAPS values (351, 341, 'SP-Kriska-spel-1', 1, 34.04656, 12.73371);
 insert into SCRAPS values (365, 341, 'SP-Kriska-spel-2', 1, 3.19103, 0.48954);
 insert into SCRAPS values (373, 341, 'SP-Kriska-spel-3', 1, 14.98995, 0.69773);
 insert into SCRAPS values (387, 341, 'SP-Kriska-spel-4', 1, 34.92792, 6.86183);
 insert into SCRAPS values (407, 341, 'SP-Kriska-spel-5', 1, 16.27513, 2.19021);
 insert into SCRAPS values (419, 341, 'SP-Kriska-spel-6', 1, 89.24855, 10.67310);
 insert into SCRAPS values (444, 341, 'SP-Kriska-spel-7', 1, 16.88592, 2.96980);
 insert into SCRAPS values (456, 341, 'SP-Kriska-spel-8', 1, 21.00898, 2.53901);
 insert into SCRAPS values (479, 341, 'SP-Kriska-spel-9', 1, 19.51068, 1.04928);
 insert into SCRAPS values (497, 341, 'SP-Kriska-spel-10', 1, 13.11010, 1.13507);
 insert into SCRAPS values (513, 341, 'SP-Kriska-spel-11', 1, 40.30362, 2.62276);
 insert into SCRAPS values (530, 341, 'SC-Kriska-spel-1', 2, 16.87874, 0.67097);
 insert into SCRAPS values (570, 341, 'SC-Kriska-spel-2', 2, 38.61955, 1.00448);
 insert into SCRAPS values (602, 341, 'SC-Kriska-spel-3', 2, 86.82972, 1.24523);
 insert into MAPS values (645, 341, 'MP-Kriska-spel-plan-tot', 'Kriska-spel', 1, 312.910, -221.280);
 insert into MAPITEMS values (645, 4, 351);
 insert into MAPITEMS values (645, 4, 365);
 insert into MAPITEMS values (645, 4, 373);
 insert into MAPITEMS values (645, 4, 387);
 insert into MAPITEMS values (645, 4, 407);
 insert into MAPITEMS values (645, 4, 419);
 insert into MAPITEMS values (645, 4, 444);
 insert into MAPITEMS values (645, 4, 456);
 insert into MAPITEMS values (645, 4, 479);
 insert into MAPITEMS values (645, 4, 497);
 insert into MAPITEMS values (645, 4, 513);
 insert into MAPS values (646, 341, 'MC-Kriska-spel-coupe-tot-elev', 'Kriska-spel', 2, 312.910, -221.280);
 insert into MAPITEMS values (646, 4, 530);
 insert into MAPITEMS values (646, 4, 570);
 insert into MAPITEMS values (646, 4, 602);
 insert into SURVEY values (648, 332, 'Escalade1', 'Escalade1.Kriska.Ded', 'Escalade1');
 insert into CENTRELINE values (649, 648, NULL, NULL, NULL, 0.00, 0.00, 0.00);
 insert into SURVEY values (650, 648, 'Escalade1', 'Escalade1.Escalade1.Kriska.Ded', 'Escalade1');
 insert into CENTRELINE values (651, 650, NULL, NULL, NULL, 0.00, 0.00, 0.00);
 insert into CENTRELINE values (652, 650, NULL, '2021-07-10', '2021-07-10', 28.38, 0.00, 0.00);
 insert into TOPO values (12, 652);
 insert into TOPO values (2, 652);
 insert into EXPLO values (12, 652);
 insert into EXPLO values (2, 652);
 insert into SHOT values (1145, 1150, 1151, 652, 0.610, 222.50, 4.40, 0.610, 222.34, 3.76, 0.007, 150.16, -74.69);
insert into SHOT values (1146, 1150, 1152, 652, 1.330, 109.00, 15.20, 1.334, 109.00, 14.76, 0.011, 107.63, -52.02);
insert into SHOT values (1147, 1150, 1153, 652, 2.080, 39.90, 3.30, 2.076, 39.91, 3.31, 0.004, 215.45, 4.19);
insert into SHOT values (1148, 1150, 1154, 652, 2.790, 74.50, 4.70, 2.789, 74.56, 4.52, 0.009, 170.99, -71.14);
insert into SHOT values (1149, 1150, 1155, 652, 1.020, 153.90, -63.50, 1.027, 154.00, -63.63, 0.007, 188.83, -79.80);
insert into SHOT values (1150, 1150, 1156, 652, 4.090, 345.90, 84.20, 4.091, 345.96, 84.22, 0.001, 142.81, 40.51);
insert into SHOT values (1151, 1150, 1157, 652, 5.890, 138.50, 62.40, 5.893, 138.56, 62.35, 0.006, 162.12, 2.33);
insert into SHOT values (1152, 1157, 1158, 652, 0.430, 258.50, -8.30, 0.433, 259.22, -9.30, 0.010, 327.66, -54.36);
insert into SHOT values (1153, 1157, 1159, 652, 0.260, 272.20, 43.30, 0.255, 273.01, 41.78, 0.009, 341.35, -70.93);
insert into SHOT values (1154, 1157, 1160, 652, 1.500, 272.80, -81.70, 1.506, 272.60, -81.59, 0.007, 260.96, -56.56);
insert into SHOT values (1155, 1157, 1161, 652, 1.030, 201.90, 2.40, 1.024, 201.80, 2.24, 0.007, 39.10, -26.82);
insert into SHOT values (1156, 1161, 1162, 652, 0.390, 75.90, 7.00, 0.384, 76.33, 7.48, 0.007, 231.82, 19.66);
insert into SHOT values (1157, 1161, 1163, 652, 0.570, 118.80, 86.70, 0.571, 123.69, 86.38, 0.004, 163.42, 12.20);
insert into SHOT values (1158, 1161, 1164, 652, 1.510, 102.30, -57.50, 1.506, 102.84, -57.46, 0.008, 200.70, 24.86);
insert into SHOT values (1159, 1161, 1165, 652, 0.500, 124.10, -77.40, 0.502, 123.69, -77.55, 0.002, 344.82, -59.60);
insert into SHOT values (1160, 1161, 1166, 652, 1.970, 168.30, 15.40, 1.968, 168.45, 15.32, 0.006, 268.09, -32.06);
insert into SHOT values (1161, 1166, 1167, 652, 0.600, 317.60, -0.70, 0.595, 317.73, -0.96, 0.006, 124.16, -26.04);
insert into SHOT values (1162, 1166, 1168, 652, 1.750, 63.70, -78.50, 1.744, 64.18, -78.61, 0.007, 211.43, 42.31);
insert into SHOT values (1163, 1166, 1169, 652, 1.080, 308.90, 57.40, 1.077, 308.66, 57.65, 0.006, 152.59, 1.42);
insert into SHOT values (1164, 1166, 1170, 652, 0.480, 226.00, -1.90, 0.481, 225.00, -1.19, 0.010, 142.93, 34.87);
insert into SHOT values (1165, 1166, 1171, 652, 0.120, 278.70, 10.50, 0.123, 279.46, 9.34, 0.004, 302.49, -25.07);
insert into SHOT values (1166, 1166, 1172, 652, 5.650, 279.10, 11.10, 5.647, 279.14, 11.13, 0.006, 58.36, 23.24);
insert into SHOT values (1167, 1172, 1173, 652, 2.630, 9.40, 6.20, 2.619, 9.28, 6.14, 0.013, 217.26, -18.73);
insert into SHOT values (1168, 1172, 1174, 652, 1.520, 322.80, 9.20, 1.517, 322.59, 9.10, 0.007, 209.19, -26.82);
insert into SHOT values (1169, 1172, 1175, 652, 4.500, 333.70, 79.00, 4.501, 333.43, 79.12, 0.010, 177.74, 15.29);
insert into SHOT values (1170, 1172, 1176, 652, 0.880, 12.60, -88.70, 0.880, 0.00, -89.35, 0.010, 204.67, -1.24);
insert into SHOT values (1171, 1172, 1177, 652, 1.590, 157.40, 2.40, 1.593, 157.46, 2.52, 0.005, 186.71, 45.45);
insert into SHOT values (1172, 1172, 1178, 652, 1.620, 70.60, 1.20, 1.610, 70.78, 1.07, 0.012, 224.43, -19.59);
insert into SHOT values (1173, 1172, 1179, 652, 2.710, 33.50, -13.40, 2.701, 33.51, -13.49, 0.010, 212.25, -11.43);
insert into SHOT values (1174, 1179, 1180, 652, 2.480, 223.80, 1.60, 2.477, 223.69, 1.62, 0.006, 98.10, 7.13);
insert into SHOT values (1175, 1179, 1181, 652, 0.690, 173.60, 0.90, 0.685, 173.29, 0.84, 0.006, 29.21, -7.41);
insert into SHOT values (1176, 1179, 1182, 652, 3.750, 226.90, 54.60, 3.748, 226.87, 54.72, 0.008, 56.23, 23.56);
insert into SHOT values (1177, 1179, 1183, 652, 1.390, 221.30, -81.90, 1.383, 222.88, -82.06, 0.009, 354.18, 40.56);
insert into SHOT values (1178, 1179, 1184, 652, 3.680, 262.50, 61.90, 3.684, 262.71, 61.92, 0.007, 346.33, 30.90);
insert into SHOT values (1179, 1179, 1185, 652, 8.480, 112.50, -72.30, 8.480, 112.38, -72.33, 0.007, 344.55, -11.47);
insert into SHOT values (1180, 1185, 1186, 652, 0.780, 82.10, 14.30, 0.783, 82.41, 14.81, 0.008, 160.82, 61.06);
insert into SHOT values (1181, 1185, 1187, 652, 1.190, 335.10, 9.10, 1.183, 335.19, 9.24, 0.008, 141.41, 13.51);
insert into SHOT values (1182, 1185, 1188, 652, 1.450, 27.60, 9.50, 1.447, 28.00, 9.55, 0.010, 134.92, 3.75);
insert into SHOT values (1183, 1188, 1189, 652, 0.740, 161.60, -12.00, 0.733, 161.31, -11.80, 0.008, 12.94, 28.78);
insert into SHOT values (1184, 1188, 1190, 652, 0.340, 253.90, 1.70, 0.342, 254.74, 1.67, 0.005, 320.57, -0.91);
insert into SHOT values (1185, 1188, 1191, 652, 2.590, 197.40, 62.10, 2.589, 197.84, 62.19, 0.010, 310.71, 6.04);
insert into SHOT values (1186, 1188, 1192, 652, 1.550, 87.00, -82.40, 1.543, 87.14, -82.54, 0.008, 261.38, 53.23);
insert into SHOT values (1187, 1188, 1193, 652, 1.200, 119.70, -36.70, 1.189, 119.52, -36.66, 0.011, 319.81, 38.97);
insert into SHOT values (1188, 1193, 1194, 652, 13.690, 119.60, -72.90, 13.695, 119.62, -72.90, 0.005, 177.59, -74.48);
insert into SHOT values (1189, 1193, 1195, 652, 6.770, 106.80, -76.50, 6.779, 106.84, -76.45, 0.010, 113.73, -42.46);
insert into SCRAPS values (654, 648, 'SP-Escalade1-1', 1, 47.91113, 4.58539);
 insert into SCRAPS values (673, 648, 'SP-Escalade1-2', 1, 1.85128, 0.28614);
 insert into SCRAPS values (687, 648, 'SC-Escalade1-elev-1', 2, 33.98728, 3.86799);
 insert into SCRAPS values (700, 648, 'SC-Escalade1-elev-2', 2, 25.22182, 4.75956);
 insert into MAPS values (711, 648, 'MP-Escalade1-plan-tot', 'Escalade1', 1, 28.380, -9.180);
 insert into MAPITEMS values (711, 4, 654);
 insert into MAPITEMS values (711, 4, 673);
 insert into MAPS values (712, 648, 'MC-Escalade1-coupe-elev-tot', 'Escalade1', 2, 28.380, -9.180);
 insert into MAPITEMS values (712, 4, 687);
 insert into MAPITEMS values (712, 4, 700);
 insert into SURVEY values (714, 332, 'spel-bivy', 'spel-bivy.Kriska.Ded', 'spel-bivy');
 insert into CENTRELINE values (715, 714, NULL, NULL, NULL, 0.00, 0.00, 0.00);
 insert into SURVEY values (716, 714, 'Kriska2', 'Kriska2.spel-bivy.Kriska.Ded', 'Kriska2');
 insert into CENTRELINE values (717, 716, NULL, NULL, NULL, 0.00, 0.00, 0.00);
 insert into CENTRELINE values (718, 716, NULL, '2021-07-10', NULL, 365.41, 0.00, 0.00);
 insert into TOPO values (12, 718);
 insert into TOPO values (2, 718);
 insert into SHOT values (1190, 1196, 1197, 718, 7.650, 223.10, 83.40, 7.651, 222.71, 83.36, 0.008, 174.13, 4.94);
insert into SHOT values (1191, 1197, 1198, 718, 0.450, 241.80, -27.90, 0.451, 242.78, -29.20, 0.012, 3.64, -49.97);
insert into SHOT values (1192, 1197, 1199, 718, 0.330, 34.20, -21.00, 0.333, 33.18, -21.12, 0.006, 328.53, -15.91);
insert into SHOT values (1193, 1197, 1200, 718, 0.880, 114.10, -48.80, 0.885, 113.46, -49.23, 0.010, 7.58, -49.26);
insert into SHOT values (1194, 1197, 1201, 718, 1.770, 324.70, 10.90, 1.768, 324.85, 10.76, 0.007, 71.44, -46.29);
insert into SHOT values (1195, 1201, 1202, 718, 1.280, 227.80, -1.50, 1.282, 227.85, -1.34, 0.004, 254.70, 58.95);
insert into SHOT values (1196, 1201, 1203, 718, 0.360, 202.50, 80.70, 0.365, 210.96, 80.80, 0.010, 295.86, 28.84);
insert into SHOT values (1197, 1201, 1204, 718, 0.360, 264.60, -71.70, 0.361, 265.24, -70.50, 0.008, 274.83, 13.46);
insert into SHOT values (1198, 1201, 1205, 718, 1.480, 231.40, 13.90, 1.483, 231.78, 14.05, 0.010, 311.01, 25.19);
insert into SHOT values (1199, 1205, 1206, 718, 0.670, 324.10, -6.30, 0.671, 324.16, -6.85, 0.007, 41.34, -83.86);
insert into SHOT values (1200, 1205, 1207, 718, 0.710, 117.70, 7.20, 0.716, 117.65, 6.42, 0.011, 111.66, -52.75);
insert into SHOT values (1201, 1205, 1208, 718, 0.750, 37.90, -3.90, 0.751, 37.94, -4.59, 0.009, 142.75, -86.71);
insert into SHOT values (1202, 1205, 1209, 718, 1.280, 343.20, 79.10, 1.273, 343.07, 79.11, 0.007, 181.93, -76.04);
insert into SHOT values (1203, 1205, 1210, 718, 2.070, 315.50, 51.70, 2.060, 315.64, 51.84, 0.011, 119.20, -23.14);
insert into SHOT values (1204, 1210, 1211, 718, 0.560, 220.90, -13.00, 0.561, 221.28, -13.40, 0.005, 311.54, -48.00);
insert into SHOT values (1205, 1210, 1212, 718, 0.730, 346.20, -84.90, 0.733, 341.57, -85.05, 0.006, 236.28, -27.98);
insert into SHOT values (1206, 1210, 1213, 718, 0.600, 195.90, 35.10, 0.597, 196.59, 34.73, 0.008, 290.95, -40.43);
insert into SHOT values (1207, 1210, 1214, 718, 4.480, 276.60, 32.20, 4.485, 276.66, 32.20, 0.006, 313.71, 25.00);
insert into SHOT values (1208, 1214, 1215, 718, 0.880, 19.80, 0.30, 0.883, 19.87, 0.00, 0.005, 42.10, -58.97);
insert into SHOT values (1209, 1214, 1216, 718, 1.470, 109.60, 8.50, 1.470, 109.68, 8.21, 0.008, 169.23, -72.84);
insert into SHOT values (1210, 1214, 1217, 718, 0.670, 185.30, 18.90, 0.667, 185.44, 18.36, 0.007, 309.62, -75.44);
insert into SHOT values (1211, 1214, 1218, 718, 3.770, 301.40, 72.10, 3.763, 301.22, 72.08, 0.008, 194.86, -62.50);
insert into SHOT values (1212, 1218, 1219, 718, 1.680, 150.70, 0.20, 1.675, 150.68, 0.34, 0.007, 338.12, 36.83);
insert into SHOT values (1213, 1218, 1220, 718, 0.740, 206.90, -3.20, 0.739, 206.57, -3.10, 0.005, 104.54, 16.32);
insert into SHOT values (1214, 1218, 1221, 718, 0.490, 59.60, 3.60, 0.490, 59.24, 4.68, 0.010, 324.69, 71.22);
insert into SHOT values (1215, 1218, 1222, 718, 3.340, 198.90, 69.00, 3.341, 199.04, 69.04, 0.004, 317.23, 29.50);
insert into SHOT values (1216, 1222, 1223, 718, 0.210, 273.70, -8.00, 0.202, 272.86, -8.52, 0.008, 114.54, -5.35);
insert into SHOT values (1217, 1222, 1224, 718, 0.410, 201.80, -16.40, 0.411, 200.73, -15.54, 0.010, 128.35, 36.56);
insert into SHOT values (1218, 1222, 1225, 718, 1.210, 344.90, 0.00, 1.210, 345.16, 0.00, 0.005, 71.10, 0.00);
insert into SHOT values (1219, 1225, 1226, 718, 0.540, 221.40, 25.80, 0.545, 220.86, 26.13, 0.007, 163.95, 41.85);
insert into SHOT values (1220, 1225, 1227, 718, 0.550, 349.30, -81.90, 0.545, 344.05, -82.32, 0.009, 222.41, 28.45);
insert into SHOT values (1221, 1225, 1228, 718, 2.050, 283.40, 12.10, 2.049, 283.27, 12.11, 0.005, 181.79, 3.46);
insert into SHOT values (1222, 1228, 1229, 718, 1.260, 134.20, 84.40, 1.266, 131.63, 84.54, 0.009, 17.98, 44.97);
insert into SHOT values (1223, 1228, 1230, 718, 0.660, 156.60, 7.70, 0.660, 156.57, 7.84, 0.002, 46.30, 75.81);
insert into SHOT values (1224, 1228, 1231, 718, 0.300, 69.50, 6.60, 0.303, 68.55, 7.57, 0.008, 8.59, 43.99);
insert into SHOT values (1225, 1228, 1232, 718, 0.810, 71.60, 1.00, 0.813, 71.34, 1.41, 0.007, 18.88, 51.48);
insert into SHOT values (1226, 1228, 1233, 718, 0.730, 55.90, 47.00, 0.734, 55.67, 47.40, 0.007, 291.77, 68.15);
insert into SHOT values (1227, 1228, 1234, 718, 4.650, 9.80, 3.60, 4.657, 9.79, 3.57, 0.007, 358.14, -15.86);
insert into SHOT values (1228, 1228, 1235, 718, 4.100, 9.50, 3.40, 4.103, 9.42, 3.49, 0.010, 300.41, 45.60);
insert into SHOT values (1229, 1235, 1236, 718, 2.570, 158.20, -33.90, 2.576, 158.00, -33.99, 0.010, 85.43, -39.56);
insert into SHOT values (1230, 1235, 1237, 718, 2.560, 153.50, -30.80, 2.566, 153.55, -30.96, 0.009, 206.84, -76.08);
insert into SHOT values (1231, 1237, 1238, 718, 2.260, 135.30, 7.40, 2.262, 135.18, 7.62, 0.010, 49.55, 61.56);
insert into SHOT values (1232, 1237, 1239, 718, 2.280, 47.20, 4.40, 2.286, 47.13, 4.52, 0.008, 19.08, 40.85);
insert into SHOT values (1233, 1237, 1240, 718, 0.980, 214.60, 3.00, 0.973, 214.51, 3.54, 0.012, 46.26, 47.44);
insert into SHOT values (1234, 1237, 1241, 718, 2.270, 337.70, -2.60, 2.271, 337.73, -2.52, 0.004, 10.13, 57.33);
insert into SHOT values (1235, 1237, 1242, 718, 9.330, 313.50, 67.40, 9.336, 313.53, 67.41, 0.007, 20.25, 73.92);
insert into SHOT values (1236, 1242, 1243, 718, 4.240, 146.00, -4.90, 4.242, 145.90, -4.87, 0.009, 72.93, 14.65);
insert into SHOT values (1237, 1242, 1244, 718, 4.300, 108.20, 4.20, 4.306, 108.18, 4.13, 0.008, 92.67, -38.51);
insert into SHOT values (1238, 1242, 1245, 718, 3.560, 58.90, 0.60, 3.562, 58.90, 0.64, 0.004, 50.03, 50.31);
insert into SHOT values (1239, 1242, 1246, 718, 4.230, 135.80, -0.40, 4.229, 135.77, -0.41, 0.003, 25.54, -9.05);
insert into SHOT values (1240, 1242, 1247, 718, 0.990, 275.60, 13.60, 0.982, 275.41, 13.55, 0.009, 117.41, -17.96);
insert into SHOT values (1241, 1242, 1248, 718, 10.850, 252.90, 73.10, 10.848, 252.83, 73.12, 0.006, 120.24, -14.56);
insert into SHOT values (1242, 1248, 1249, 718, 1.390, 107.70, 5.10, 1.390, 107.65, 4.95, 0.004, 46.33, -67.42);
insert into SHOT values (1243, 1248, 1250, 718, 3.910, 58.10, 3.90, 3.908, 58.10, 3.96, 0.005, 238.54, 60.83);
insert into SHOT values (1244, 1248, 1251, 718, 1.380, 329.30, -0.40, 1.386, 329.18, -0.41, 0.007, 301.38, -3.22);
insert into SHOT values (1245, 1248, 1252, 718, 2.980, 13.10, 2.60, 2.980, 13.01, 2.69, 0.007, 276.78, 44.18);
insert into SHOT values (1246, 1248, 1253, 718, 3.780, 334.00, 59.10, 3.779, 334.09, 59.02, 0.006, 9.16, -33.42);
insert into SHOT values (1247, 1253, 1254, 718, 0.920, 211.00, -0.60, 0.924, 211.28, -0.62, 0.006, 256.43, -3.32);
insert into SHOT values (1248, 1253, 1255, 718, 0.490, 163.00, -1.00, 0.491, 163.41, -1.17, 0.004, 245.35, -22.31);
insert into SHOT values (1249, 1253, 1256, 718, 2.420, 78.50, 3.10, 2.422, 78.55, 3.08, 0.003, 128.43, -18.66);
insert into SHOT values (1250, 1253, 1257, 718, 0.840, 122.20, -0.60, 0.841, 122.37, -0.68, 0.003, 197.25, -25.97);
insert into SHOT values (1251, 1253, 1258, 718, 7.670, 310.90, 68.20, 7.667, 310.86, 68.23, 0.006, 150.92, -14.28);
insert into SHOT values (1252, 1258, 1259, 718, 0.840, 194.60, -1.40, 0.840, 195.20, -1.36, 0.009, 287.57, 3.45);
insert into SHOT values (1253, 1258, 1260, 718, 1.200, 181.40, -0.10, 1.200, 181.43, 0.00, 0.002, 238.87, 71.51);
insert into SHOT values (1254, 1258, 1261, 718, 2.280, 148.20, 0.60, 2.281, 148.26, 0.75, 0.007, 209.06, 67.03);
insert into SHOT values (1255, 1258, 1262, 718, 0.840, 276.00, 2.70, 0.846, 276.12, 2.71, 0.006, 292.00, 4.13);
insert into SHOT values (1256, 1258, 1263, 718, 3.190, 230.10, 85.80, 3.199, 230.19, 85.80, 0.009, 258.76, 84.85);
insert into SHOT values (1257, 1258, 1264, 718, 3.790, 237.60, -80.80, 3.790, 238.39, -80.73, 0.010, 299.09, 7.43);
insert into SHOT values (1258, 1258, 1265, 718, 4.290, 311.20, 52.90, 4.300, 311.25, 52.91, 0.010, 330.28, 53.71);
insert into SHOT values (1259, 1265, 1266, 718, 5.050, 263.90, -1.30, 5.050, 263.86, -1.36, 0.007, 177.76, -54.65);
insert into SHOT values (1260, 1265, 1267, 718, 2.370, 227.40, -8.00, 2.373, 227.41, -7.99, 0.003, 236.52, -3.29);
insert into SHOT values (1261, 1265, 1268, 718, 4.120, 284.30, -7.20, 4.120, 284.31, -7.25, 0.004, 81.59, -77.51);
insert into SHOT values (1262, 1265, 1269, 718, 11.230, 289.40, 51.90, 11.226, 289.38, 51.86, 0.009, 243.88, -56.83);
insert into SHOT values (1263, 1269, 1270, 718, 2.740, 47.50, 4.30, 2.740, 47.67, 4.39, 0.009, 136.78, 29.94);
insert into SHOT values (1264, 1269, 1271, 718, 5.220, 111.50, 1.30, 5.223, 111.46, 1.32, 0.006, 57.11, 16.01);
insert into SHOT values (1265, 1269, 1272, 718, 6.480, 128.90, -1.50, 6.480, 128.92, -1.50, 0.002, 208.63, -10.05);
insert into SHOT values (1266, 1269, 1273, 718, 2.850, 153.30, 1.40, 2.854, 153.35, 1.41, 0.005, 180.04, 4.61);
insert into SHOT values (1267, 1269, 1274, 718, 5.330, 68.20, 59.10, 5.334, 68.32, 59.17, 0.009, 193.32, 45.06);
insert into SHOT values (1268, 1269, 1275, 718, 8.690, 119.60, 52.60, 8.696, 119.62, 52.62, 0.007, 160.99, 67.08);
insert into SHOT values (1269, 1269, 1276, 718, 7.140, 209.00, 58.30, 7.144, 209.02, 58.33, 0.005, 327.96, 73.20);
insert into SHOT values (1270, 1269, 1277, 718, 4.740, 86.50, -38.10, 4.743, 86.47, -38.00, 0.009, 69.71, 32.97);
insert into SHOT values (1271, 1269, 1278, 718, 13.470, 311.10, 76.70, 13.471, 311.20, 76.71, 0.006, 60.78, 12.65);
insert into SHOT values (1272, 1278, 1279, 718, 0.590, 68.40, -1.20, 0.589, 69.10, -0.97, 0.008, 167.80, 17.95);
insert into SHOT values (1273, 1278, 1280, 718, 1.520, 69.10, 22.90, 1.521, 69.11, 22.82, 0.002, 72.83, -36.57);
insert into SHOT values (1274, 1278, 1281, 718, 6.820, 58.10, 76.00, 6.822, 58.14, 76.02, 0.003, 203.80, 53.04);
insert into SHOT values (1275, 1278, 1282, 718, 2.370, 74.10, 61.70, 2.372, 74.48, 61.79, 0.008, 184.60, 22.82);
insert into SHOT values (1276, 1278, 1283, 718, 4.510, 345.70, 5.50, 4.510, 345.69, 5.47, 0.003, 261.55, -56.89);
insert into SHOT values (1277, 1278, 1284, 718, 2.090, 174.20, 0.40, 2.091, 174.23, 0.55, 0.006, 235.25, 76.58);
insert into SHOT values (1278, 1278, 1285, 718, 5.190, 351.50, 2.10, 5.191, 351.46, 2.10, 0.004, 276.15, -2.76);
insert into SHOT values (1279, 1285, 1286, 718, 2.070, 100.10, -0.40, 2.073, 100.28, -0.28, 0.008, 162.58, 31.76);
insert into SHOT values (1280, 1285, 1287, 718, 3.640, 21.70, -5.20, 3.632, 21.74, -5.21, 0.008, 184.06, -0.69);
insert into SHOT values (1281, 1285, 1288, 718, 3.420, 44.80, -3.50, 3.422, 44.88, -3.52, 0.005, 114.49, -13.85);
insert into SHOT values (1282, 1285, 1289, 718, 3.170, 203.80, -10.20, 3.175, 203.78, -10.16, 0.006, 188.11, 13.73);
insert into SHOT values (1283, 1285, 1290, 718, 2.470, 161.40, 6.90, 2.475, 161.49, 6.96, 0.007, 198.38, 27.63);
insert into SHOT values (1284, 1285, 1291, 718, 2.760, 185.00, 0.70, 2.761, 184.99, 0.83, 0.006, 135.17, 80.77);
insert into SHOT values (1285, 1285, 1292, 718, 2.530, 63.10, -73.40, 2.526, 63.79, -73.33, 0.010, 142.27, 27.33);
insert into SHOT values (1286, 1285, 1293, 718, 10.240, 14.20, 72.20, 10.239, 14.26, 72.22, 0.005, 157.63, 2.23);
insert into SHOT values (1287, 1293, 1294, 718, 2.770, 189.80, 0.70, 2.770, 189.77, 0.83, 0.006, 111.90, 74.06);
insert into SHOT values (1288, 1293, 1295, 718, 0.470, 248.60, 16.00, 0.468, 249.15, 16.13, 0.005, 7.75, 5.29);
insert into SHOT values (1289, 1293, 1296, 718, 1.170, 336.70, 12.70, 1.172, 336.80, 12.82, 0.004, 39.74, 51.89);
insert into SHOT values (1290, 1293, 1297, 718, 4.430, 352.20, 5.10, 4.429, 352.18, 5.18, 0.007, 221.01, 70.26);
insert into SHOT values (1291, 1293, 1298, 718, 1.980, 5.30, 5.70, 1.978, 5.25, 5.80, 0.004, 230.12, 50.42);
insert into SHOT values (1292, 1293, 1299, 718, 3.770, 68.90, 81.30, 3.773, 68.39, 81.31, 0.006, 336.81, 33.19);
insert into SHOT values (1293, 1293, 1300, 718, 3.900, 18.20, 69.30, 3.902, 18.17, 69.31, 0.002, 303.93, 65.80);
insert into SHOT values (1294, 1293, 1301, 718, 3.720, 1.40, 47.90, 3.718, 1.38, 47.94, 0.003, 198.83, -2.51);
insert into SHOT values (1295, 1301, 1302, 718, 2.260, 154.90, -0.70, 2.255, 154.80, -0.51, 0.010, 13.17, 48.75);
insert into SHOT values (1296, 1301, 1303, 718, 2.960, 253.80, 85.10, 2.961, 253.74, 85.16, 0.003, 79.44, 16.02);
insert into SHOT values (1297, 1301, 1304, 718, 0.890, 65.60, 2.30, 0.891, 65.45, 2.57, 0.005, 2.54, 57.85);
insert into SHOT values (1298, 1301, 1305, 718, 1.500, 104.40, 54.10, 1.503, 104.51, 54.26, 0.005, 237.77, 65.42);
insert into SHOT values (1299, 1301, 1306, 718, 4.210, 349.80, 35.50, 4.219, 349.77, 35.50, 0.009, 333.88, 35.08);
insert into SHOT values (1300, 1306, 1307, 718, 1.510, 337.70, 3.40, 1.505, 337.70, 3.43, 0.005, 158.03, 5.10);
insert into SHOT values (1301, 1306, 1308, 718, 1.080, 225.10, -17.80, 1.077, 224.60, -17.84, 0.009, 116.48, 0.92);
insert into SHOT values (1302, 1306, 1309, 718, 1.260, 271.70, 10.00, 1.260, 271.39, 10.06, 0.007, 177.43, 9.89);
insert into SHOT values (1303, 1306, 1310, 718, 2.000, 292.80, -6.70, 2.000, 292.82, -6.89, 0.007, 82.81, -80.70);
insert into SHOT values (1304, 1306, 1311, 718, 1.880, 289.20, -50.90, 1.881, 289.20, -50.91, 0.001, 269.24, -73.42);
insert into SHOT values (1305, 1306, 1312, 718, 2.620, 272.40, 74.50, 2.616, 272.45, 74.46, 0.005, 324.46, -80.64);
insert into SHOT values (1306, 1306, 1313, 718, 4.850, 284.00, 46.20, 4.844, 283.99, 46.26, 0.008, 108.10, -4.10);
insert into SHOT values (1307, 1313, 1314, 718, 1.480, 319.90, 2.20, 1.484, 319.65, 1.93, 0.010, 260.03, -41.91);
insert into SHOT values (1308, 1313, 1315, 718, 1.280, 351.60, 5.10, 1.279, 351.42, 4.93, 0.006, 251.72, -43.10);
insert into SHOT values (1309, 1313, 1316, 718, 1.410, 60.20, 0.10, 1.407, 60.15, 0.00, 0.004, 259.77, -33.96);
insert into SHOT values (1310, 1313, 1317, 718, 1.980, 355.00, 56.30, 1.980, 354.76, 56.44, 0.007, 224.40, 23.83);
insert into SHOT values (1311, 1313, 1318, 718, 1.490, 272.20, -72.20, 1.493, 272.49, -72.03, 0.006, 297.11, -13.69);
insert into SHOT values (1312, 1313, 1319, 718, 5.480, 313.00, 28.50, 5.480, 312.90, 28.44, 0.011, 239.89, -27.33);
insert into SHOT values (1313, 1319, 1320, 718, 1.060, 53.30, 21.40, 1.068, 53.59, 21.42, 0.009, 88.37, 20.42);
insert into SHOT values (1314, 1319, 1321, 718, 4.300, 137.70, 88.30, 4.302, 135.00, 88.30, 0.006, 43.63, 17.45);
insert into SHOT values (1315, 1319, 1322, 718, 2.780, 24.60, -73.80, 2.782, 24.93, -73.66, 0.009, 55.76, -2.56);
insert into SHOT values (1316, 1319, 1323, 718, 3.700, 99.60, 33.60, 3.702, 99.52, 33.63, 0.005, 18.41, 29.23);
insert into SHOT values (1317, 1319, 1324, 718, 5.940, 336.20, 15.00, 5.939, 336.25, 15.03, 0.006, 88.07, 27.49);
insert into SHOT values (1318, 1324, 1325, 718, 0.470, 86.00, 36.20, 0.473, 85.49, 36.30, 0.005, 24.82, 31.56);
insert into SHOT values (1319, 1324, 1326, 718, 0.750, 226.10, 0.80, 0.750, 226.08, 0.76, 0.001, 95.23, -49.85);
insert into SHOT values (1320, 1324, 1327, 718, 6.720, 119.10, 85.00, 6.715, 118.77, 85.03, 0.007, 340.39, -40.55);
insert into SHOT values (1321, 1324, 1328, 718, 3.160, 290.90, 8.60, 3.163, 290.98, 8.55, 0.006, 347.15, -25.46);
insert into SHOT values (1322, 1324, 1329, 718, 7.940, 167.10, 7.60, 7.939, 167.08, 7.60, 0.004, 63.56, -1.70);
insert into SHOT values (1323, 1324, 1330, 718, 1.750, 150.90, 4.00, 1.746, 150.79, 3.94, 0.006, 11.35, -20.51);
insert into SHOT values (1324, 1324, 1331, 718, 1.510, 188.20, 1.70, 1.507, 188.40, 1.90, 0.008, 310.08, 40.74);
insert into SHOT values (1325, 1324, 1332, 718, 8.340, 321.80, 70.70, 8.339, 321.92, 70.70, 0.006, 50.68, -12.63);
insert into SHOT values (1326, 1332, 1333, 718, 2.080, 203.10, 3.30, 2.082, 203.23, 3.30, 0.005, 270.01, 2.96);
insert into SHOT values (1327, 1332, 1334, 718, 3.960, 253.40, 5.60, 3.965, 253.36, 5.65, 0.006, 215.39, 33.91);
insert into SHOT values (1328, 1332, 1335, 718, 3.500, 226.20, 5.40, 3.502, 226.28, 5.41, 0.005, 287.90, 6.90);
insert into SHOT values (1329, 1332, 1336, 718, 3.110, 123.60, 4.00, 3.109, 123.69, 4.06, 0.006, 233.13, 31.72);
insert into SHOT values (1330, 1332, 1337, 718, 4.800, 103.90, -0.10, 4.790, 103.89, -0.12, 0.010, 290.04, -9.26);
insert into SHOT values (1331, 1332, 1338, 718, 4.010, 165.40, 56.20, 4.009, 165.47, 56.17, 0.003, 239.91, -42.07);
insert into SHOT values (1332, 1332, 1339, 718, 6.680, 159.80, 78.80, 6.677, 160.17, 78.80, 0.009, 253.92, -18.61);
insert into SHOT values (1333, 1332, 1340, 718, 2.480, 200.00, -57.50, 2.478, 200.20, -57.49, 0.005, 296.85, 19.01);
insert into SHOT values (1334, 1332, 1341, 718, 10.200, 242.50, 80.50, 10.201, 242.53, 80.46, 0.007, 247.58, -0.90);
insert into SHOT values (1335, 1341, 1342, 718, 0.870, 356.60, 65.00, 0.873, 356.91, 64.87, 0.004, 30.96, 23.60);
insert into SHOT values (1336, 1341, 1343, 718, 0.830, 104.90, -29.80, 0.831, 104.42, -29.56, 0.007, 37.22, 20.69);
insert into SHOT values (1337, 1341, 1344, 718, 11.880, 213.50, -83.50, 11.876, 213.45, -83.51, 0.005, 59.16, 52.99);
insert into SHOT values (1338, 1341, 1345, 718, 1.140, 352.30, 0.70, 1.140, 352.44, 1.01, 0.007, 82.43, 66.20);
insert into SHOT values (1339, 1341, 1346, 718, 3.640, 308.10, 12.20, 3.643, 308.16, 12.20, 0.005, 354.98, 9.72);
insert into SHOT values (1340, 1346, 1347, 718, 2.400, 85.30, 15.80, 2.398, 85.28, 15.73, 0.004, 300.76, -62.24);
insert into SHOT values (1341, 1346, 1348, 718, 2.400, 68.30, 1.30, 2.398, 68.46, 1.43, 0.009, 175.15, 38.27);
insert into SHOT values (1342, 1346, 1349, 718, 1.870, 131.90, 6.70, 1.868, 131.94, 6.76, 0.003, 280.29, 38.33);
insert into SHOT values (1343, 1346, 1350, 718, 1.520, 230.30, 11.10, 1.520, 230.44, 11.00, 0.004, 319.11, -36.55);
insert into SHOT values (1344, 1346, 1351, 718, 4.250, 318.30, 4.50, 4.248, 318.25, 4.46, 0.005, 205.17, -40.76);
insert into SHOT values (1345, 1346, 1352, 718, 3.170, 304.20, -1.10, 3.168, 304.19, -1.09, 0.002, 143.15, 22.48);
insert into SHOT values (1346, 1346, 1353, 718, 5.970, 348.00, 1.00, 5.971, 348.01, 1.06, 0.006, 27.03, 76.28);
insert into SHOT values (1347, 1346, 1354, 718, 14.650, 297.40, 87.60, 14.653, 297.41, 87.62, 0.006, 116.98, 28.72);
insert into SHOT values (1348, 1346, 1355, 718, 4.090, 344.70, -29.30, 4.089, 344.72, -29.29, 0.002, 113.74, 56.95);
insert into SHOT values (1349, 1346, 1356, 718, 14.390, 21.60, 70.40, 14.395, 21.63, 70.39, 0.005, 54.14, 48.69);
insert into SHOT values (1350, 1346, 1357, 718, 14.340, 16.60, 70.30, 14.309, 17.04, 71.50, 0.305, 189.96, 13.14);
insert into SHOT values (1351, 1357, 1358, 718, 1.210, 193.90, 5.60, 1.211, 193.92, 5.69, 0.002, 210.81, 57.36);
insert into SHOT values (1352, 1357, 1359, 718, 3.970, 225.00, 6.40, 3.970, 225.00, 6.36, 0.003, 190.81, -79.26);
insert into SHOT values (1353, 1357, 1360, 718, 4.550, 247.30, 5.50, 4.553, 247.28, 5.55, 0.005, 213.57, 52.48);
insert into SHOT values (1354, 1357, 1361, 718, 3.660, 298.40, -0.80, 3.660, 298.39, -0.78, 0.002, 227.74, 41.58);
insert into SHOT values (1355, 1357, 1362, 718, 7.960, 271.20, -2.20, 7.968, 271.15, -2.23, 0.011, 226.94, -23.02);
insert into SHOT values (1356, 1357, 1363, 718, 5.130, 251.00, -3.40, 5.138, 251.00, -3.35, 0.010, 248.57, 26.52);
insert into SHOT values (1357, 1357, 1364, 718, 9.460, 282.00, 63.00, 9.465, 281.94, 62.96, 0.010, 250.66, 6.34);
insert into SHOT values (1358, 1357, 1365, 718, 14.610, 257.70, -75.20, 14.606, 257.64, -75.18, 0.008, 214.29, 40.01);
insert into SHOT values (1359, 1357, 1366, 718, 11.060, 36.50, 80.90, 11.058, 36.61, 80.93, 0.006, 185.44, -7.46);
insert into SHOT values (1360, 1357, 1367, 718, 9.490, 43.40, 77.90, 9.489, 43.36, 77.95, 0.009, 232.68, 5.50);
insert into SHOT values (1361, 1357, 1368, 718, 4.120, 58.80, 8.30, 4.114, 58.77, 8.39, 0.009, 257.11, 34.92);
insert into SHOT values (1362, 1357, 1369, 718, 2.700, 350.90, -1.50, 2.695, 350.82, -1.49, 0.006, 212.75, 6.34);
insert into SHOT values (1363, 1357, 1370, 718, 4.590, 245.20, -0.20, 4.595, 245.16, -0.25, 0.007, 212.52, -33.79);
insert into SHOT values (1364, 1357, 1371, 718, 4.160, 279.20, -1.70, 4.164, 279.12, -1.65, 0.008, 226.49, 24.75);
insert into SHOT values (1365, 1357, 1372, 718, 18.410, 281.30, 85.20, 18.397, 280.03, 85.88, 0.223, 108.86, 1.18);
insert into SHOT values (1366, 1372, 1373, 718, 2.900, 20.20, -1.20, 2.899, 20.19, -1.19, 0.002, 234.08, 24.03);
insert into SHOT values (1367, 1372, 1374, 718, 5.410, 99.90, 2.40, 5.406, 99.92, 2.44, 0.006, 266.16, 36.22);
insert into SHOT values (1368, 1372, 1375, 718, 5.690, 65.20, -6.50, 5.687, 65.20, -6.46, 0.005, 245.91, 59.57);
insert into SHOT values (1369, 1372, 1376, 718, 4.170, 53.30, -12.90, 4.171, 53.30, -12.88, 0.002, 38.46, 36.09);
insert into SHOT values (1370, 1372, 1377, 718, 3.470, 325.50, 2.60, 3.471, 325.58, 2.64, 0.005, 46.08, 30.16);
insert into SHOT values (1371, 1372, 1378, 718, 2.690, 4.90, -1.00, 2.690, 4.91, -1.06, 0.003, 17.46, -84.99);
insert into SHOT values (1372, 1372, 1379, 718, 5.880, 27.30, 59.30, 5.885, 27.33, 59.29, 0.006, 50.09, 46.56);
insert into SHOT values (1373, 1372, 1380, 718, 5.850, 16.90, -76.90, 5.852, 16.66, -76.91, 0.006, 283.98, -21.46);
insert into SHOT values (1374, 1372, 1381, 718, 25.430, 319.60, 82.60, 25.424, 319.24, 84.82, 0.983, 140.47, 5.94);
insert into SHOT values (1375, 1381, 1382, 718, 1.700, 234.50, -0.70, 1.707, 234.54, -0.67, 0.007, 243.79, 6.52);
insert into SHOT values (1376, 1381, 1383, 718, 2.500, 170.30, -2.10, 2.497, 170.31, -2.07, 0.003, 343.65, 30.40);
insert into SHOT values (1377, 1381, 1384, 718, 4.720, 140.30, 0.20, 4.716, 140.33, 0.24, 0.006, 290.35, 35.01);
insert into SHOT values (1378, 1381, 1385, 718, 3.190, 109.90, 16.70, 3.188, 109.92, 16.77, 0.004, 274.10, 48.44);
insert into SHOT values (1379, 1381, 1386, 718, 3.420, 86.00, 36.40, 3.415, 86.03, 36.47, 0.006, 253.13, 4.59);
insert into SHOT values (1380, 1381, 1387, 718, 5.880, 101.90, 72.30, 5.879, 101.94, 72.29, 0.002, 149.62, -48.79);
insert into SHOT values (1381, 1381, 1388, 718, 5.990, 140.10, -25.10, 5.989, 140.09, -25.09, 0.002, 27.27, 27.71);
insert into SHOT values (1382, 1381, 1389, 718, 6.020, 270.20, -62.30, 6.021, 270.20, -62.29, 0.002, 271.39, 2.39);
insert into SHOT values (1383, 1381, 1390, 718, 3.620, 326.40, -64.80, 3.615, 326.10, -64.75, 0.010, 241.60, 34.02);
insert into SHOT values (1384, 1381, 1391, 718, 2.020, 205.90, -42.30, 2.027, 206.05, -42.15, 0.010, 230.33, -3.11);
insert into SHOT values (1385, 1381, 1392, 718, 6.790, 252.80, 80.60, 6.784, 251.89, 80.45, 0.026, 205.57, -19.78);
insert into SHOT values (1386, 1392, 1393, 718, 1.060, 48.40, -1.40, 1.056, 48.46, -1.63, 0.006, 215.31, -43.74);
insert into SHOT values (1387, 1392, 1394, 718, 2.720, 101.70, -1.10, 2.719, 101.89, -1.05, 0.009, 199.53, 14.07);
insert into SHOT values (1388, 1392, 1395, 718, 0.930, 148.70, -3.50, 0.935, 149.04, -3.68, 0.008, 197.90, -24.28);
insert into SHOT values (1389, 1392, 1396, 718, 2.510, 143.40, 69.40, 2.511, 143.26, 69.34, 0.004, 105.57, 7.67);
insert into SHOT values (1390, 1392, 1397, 718, 1.240, 5.30, 68.60, 1.236, 5.08, 68.55, 0.005, 254.38, -67.22);
insert into SHOT values (1391, 1392, 1398, 718, 0.600, 295.80, -4.20, 0.601, 295.71, -4.77, 0.006, 249.63, -77.32);
insert into SHOT values (1392, 1392, 1399, 718, 0.820, 359.30, 2.80, 0.811, 359.29, 2.83, 0.009, 180.32, -0.36);
insert into SHOT values (1393, 1392, 1400, 718, 2.920, 304.70, -21.10, 2.870, 304.17, -21.46, 0.059, 149.87, 1.16);
insert into SHOT values (1394, 1400, 1401, 718, 0.730, 186.40, 1.30, 0.735, 186.25, 1.56, 0.006, 163.54, 34.81);
insert into SHOT values (1395, 1400, 1402, 718, 1.370, 205.60, 71.50, 1.370, 205.97, 71.55, 0.003, 313.32, 15.14);
insert into SHOT values (1396, 1400, 1403, 718, 3.710, 152.10, -82.60, 3.710, 152.35, -82.66, 0.004, 302.92, -11.97);
insert into SHOT values (1397, 1400, 1404, 718, 2.000, 262.60, -8.40, 1.998, 262.44, -8.34, 0.006, 158.57, 20.81);
insert into SHOT values (1398, 1400, 1405, 718, 1.140, 112.30, -6.80, 1.142, 112.27, -6.54, 0.006, 98.22, 61.20);
insert into SHOT values (1399, 1400, 1406, 718, 4.560, 248.20, 21.70, 4.574, 247.47, 21.55, 0.057, 176.02, -6.06);
insert into SHOT values (1400, 1406, 1407, 718, 0.270, 164.60, 1.60, 0.269, 164.93, 2.13, 0.003, 277.21, 55.88);
insert into SHOT values (1401, 1406, 1408, 718, 0.280, 324.90, 10.40, 0.285, 325.18, 10.12, 0.005, 340.45, -6.28);
insert into SHOT values (1402, 1406, 1409, 718, 2.320, 58.80, 76.90, 2.321, 58.11, 76.80, 0.008, 1.53, 2.82);
insert into SHOT values (1403, 1406, 1410, 718, 1.010, 222.30, -76.00, 1.009, 221.63, -76.19, 0.005, 80.94, -0.02);
insert into SHOT values (1404, 1406, 1411, 718, 3.720, 284.20, 46.40, 3.719, 284.20, 46.32, 0.005, 279.74, -51.77);
insert into SHOT values (1405, 1406, 1412, 718, 2.770, 295.10, 50.20, 2.725, 294.50, 50.42, 0.050, 141.55, -34.34);
insert into SHOT values (1406, 1412, 1413, 718, 0.870, 171.50, 4.90, 0.864, 171.30, 5.32, 0.009, 14.83, 36.96);
insert into SHOT values (1407, 1412, 1414, 718, 1.120, 125.10, 6.30, 1.120, 125.12, 6.66, 0.007, 283.42, 83.80);
insert into SHOT values (1408, 1412, 1415, 718, 1.010, 94.10, 11.50, 1.005, 94.09, 12.06, 0.011, 276.59, 50.06);
insert into SHOT values (1409, 1412, 1416, 718, 1.770, 256.00, 5.10, 1.768, 256.20, 5.19, 0.007, 5.84, 22.47);
insert into SHOT values (1410, 1412, 1417, 718, 2.410, 158.70, -75.40, 2.406, 158.55, -75.52, 0.006, 353.99, 19.84);
insert into SHOT values (1411, 1412, 1418, 718, 8.720, 265.00, 86.00, 8.722, 265.31, 85.98, 0.005, 306.39, 13.91);
insert into SHOT values (1412, 1412, 1419, 718, 8.330, 247.60, 63.30, 8.335, 247.10, 63.05, 0.050, 203.91, -13.77);
insert into SHOT values (1413, 1419, 1420, 718, 4.300, 80.70, -5.40, 4.305, 80.74, -5.46, 0.008, 106.02, -44.02);
insert into SHOT values (1414, 1419, 1421, 718, 3.880, 352.10, 81.70, 3.880, 352.75, 81.78, 0.008, 124.60, 4.34);
insert into SHOT values (1415, 1419, 1422, 718, 0.400, 179.50, 5.00, 0.401, 178.57, 4.29, 0.008, 103.21, -35.86);
insert into SHOT values (1416, 1419, 1423, 718, 0.670, 18.00, -7.00, 0.670, 18.43, -7.72, 0.010, 118.73, -58.65);
insert into SHOT values (1417, 1419, 1424, 718, 1.050, 287.00, 0.20, 1.044, 286.70, 0.00, 0.009, 149.89, -24.19);
insert into SHOT values (1418, 1419, 1425, 718, 3.660, 293.80, 0.40, 3.649, 293.76, 0.31, 0.012, 129.91, -26.42);
insert into SHOT values (1419, 1419, 1426, 718, 0.970, 306.20, 3.40, 0.967, 306.16, 2.96, 0.008, 145.37, -72.67);
insert into SHOT values (1420, 1419, 1427, 718, 2.430, 287.60, -58.90, 2.433, 287.27, -59.19, 0.015, 146.35, -38.77);
insert into SHOT values (1421, 1419, 1428, 718, 8.200, 275.70, 63.20, 8.177, 275.01, 63.38, 0.056, 148.67, -9.41);
insert into SHOT values (1422, 1428, 1429, 718, 3.370, 358.00, -2.80, 3.366, 358.12, -2.89, 0.010, 118.52, -33.12);
insert into SHOT values (1423, 1428, 1430, 718, 3.130, 33.10, -30.10, 3.132, 33.10, -30.09, 0.002, 32.72, -8.01);
insert into SHOT values (1424, 1428, 1431, 718, 1.700, 10.10, 43.70, 1.697, 10.30, 43.57, 0.006, 89.78, -45.75);
insert into SHOT values (1425, 1428, 1432, 718, 0.740, 188.70, 11.30, 0.742, 188.69, 10.88, 0.006, 183.98, -61.56);
insert into SHOT values (1426, 1428, 1433, 718, 0.650, 121.20, -6.70, 0.652, 121.72, -7.05, 0.007, 201.35, -34.97);
insert into SHOT values (1427, 1428, 1434, 718, 3.130, 115.10, -34.20, 3.135, 115.08, -34.15, 0.006, 106.30, -6.44);
insert into SHOT values (1428, 1428, 1435, 718, 1.410, 316.70, 78.40, 1.407, 316.47, 78.70, 0.008, 145.11, -8.82);
insert into SHOT values (1429, 1428, 1436, 718, 0.950, 319.00, -0.80, 0.943, 318.87, -1.22, 0.010, 155.63, -41.45);
insert into SHOT values (1430, 1428, 1437, 718, 3.000, 224.50, 32.60, 3.036, 223.90, 32.25, 0.048, 190.07, 4.37);
insert into SHOT values (1431, 1437, 1438, 718, 0.600, 6.30, -5.70, 0.607, 6.65, -5.67, 0.008, 34.05, -2.94);
insert into SHOT values (1432, 1437, 1439, 718, 0.240, 18.40, 52.90, 0.241, 19.65, 51.96, 0.005, 58.47, -15.74);
insert into SHOT values (1433, 1437, 1440, 718, 1.850, 27.30, -77.40, 1.855, 27.82, -77.33, 0.007, 74.02, -41.89);
insert into SHOT values (1434, 1437, 1441, 718, 0.730, 355.10, -42.40, 0.737, 355.76, -42.72, 0.010, 64.28, -49.32);
insert into SHOT values (1435, 1437, 1442, 718, 2.910, 246.30, 14.50, 2.923, 245.61, 14.26, 0.039, 180.33, -12.84);
insert into SHOT values (1436, 1442, 1443, 718, 0.570, 349.90, 12.10, 0.570, 350.71, 12.15, 0.008, 80.46, 3.79);
insert into SHOT values (1437, 1442, 1444, 718, 2.520, 79.20, 2.00, 2.528, 79.05, 2.04, 0.010, 36.51, 11.30);
insert into SHOT values (1438, 1442, 1445, 718, 0.240, 231.90, 17.20, 0.239, 232.13, 17.06, 0.002, 16.40, -32.63);
insert into SHOT values (1439, 1442, 1446, 718, 2.220, 191.40, 12.30, 2.214, 191.47, 12.26, 0.007, 349.72, -24.85);
insert into SHOT values (1440, 1442, 1447, 718, 0.620, 338.70, 11.30, 0.623, 338.90, 11.11, 0.004, 12.93, -22.29);
insert into SHOT values (1441, 1442, 1448, 718, 3.120, 104.90, 5.30, 3.128, 104.88, 5.32, 0.008, 97.04, 12.84);
insert into SHOT values (1442, 1442, 1449, 718, 1.570, 142.30, 16.50, 1.570, 142.29, 16.66, 0.004, 337.01, 73.33);
insert into SHOT values (1443, 1442, 1450, 718, 7.310, 89.90, 74.20, 7.316, 89.71, 74.22, 0.009, 356.86, 42.84);
insert into SHOT values (1444, 1442, 1451, 718, 5.640, 277.00, 75.50, 5.640, 277.33, 75.51, 0.008, 11.62, -2.53);
insert into SHOT values (1445, 1442, 1452, 718, 3.860, 80.60, -36.30, 3.858, 80.57, -36.23, 0.006, 21.94, 66.14);
insert into SHOT values (1446, 1442, 1453, 718, 18.760, 17.90, 79.50, 18.744, 18.37, 81.14, 0.537, 195.36, 7.93);
insert into SHOT values (1447, 1453, 1454, 718, 1.310, 279.00, -0.80, 1.315, 278.75, -0.87, 0.008, 231.44, -12.04);
insert into SHOT values (1448, 1453, 1455, 718, 2.220, 185.60, 17.90, 2.217, 185.71, 17.86, 0.005, 303.38, -27.70);
insert into SHOT values (1449, 1453, 1456, 718, 0.850, 148.60, 21.20, 0.852, 148.91, 21.33, 0.005, 218.64, 29.93);
insert into SHOT values (1450, 1453, 1457, 718, 3.530, 153.10, -44.00, 3.532, 153.13, -43.91, 0.006, 166.47, 21.08);
insert into SHOT values (1451, 1453, 1458, 718, 3.700, 195.40, -47.40, 3.702, 195.48, -47.29, 0.008, 220.78, 26.00);
insert into SHOT values (1452, 1453, 1459, 718, 2.720, 195.60, 49.90, 2.721, 195.54, 49.86, 0.003, 153.62, -11.61);
insert into SHOT values (1453, 1453, 1460, 718, 5.130, 265.10, 69.50, 5.135, 264.89, 69.51, 0.008, 179.93, 36.16);
insert into SHOT values (1454, 1453, 1461, 718, 6.280, 300.50, 71.40, 6.251, 299.85, 71.84, 0.060, 142.53, -11.50);
insert into SHOT values (1455, 1461, 1462, 718, 1.480, 120.20, -1.00, 1.484, 120.37, -0.77, 0.008, 168.61, 45.81);
insert into SHOT values (1456, 1461, 1463, 718, 2.140, 304.50, 13.40, 2.137, 304.61, 13.53, 0.007, 82.06, 35.99);
insert into SHOT values (1457, 1461, 1464, 718, 1.720, 355.10, 8.60, 1.716, 355.26, 8.72, 0.007, 130.87, 22.35);
insert into SHOT values (1458, 1461, 1465, 718, 1.550, 330.90, -27.30, 1.547, 330.82, -27.32, 0.004, 183.64, 14.33);
insert into SHOT values (1459, 1461, 1466, 718, 1.330, 40.40, 9.60, 1.331, 40.36, 9.52, 0.002, 0.15, -52.24);
insert into SHOT values (1460, 1461, 1467, 718, 1.590, 100.70, 9.30, 1.588, 100.66, 9.42, 0.004, 308.59, 52.97);
insert into SHOT values (1461, 1461, 1468, 718, 2.740, 142.10, -35.00, 2.739, 142.06, -34.97, 0.002, 49.43, 41.52);
insert into SHOT values (1462, 1461, 1469, 718, 1.550, 326.60, -63.60, 1.550, 326.31, -63.76, 0.006, 186.94, -16.87);
insert into SHOT values (1463, 1461, 1470, 718, 13.320, 312.50, 71.90, 13.295, 311.99, 72.94, 0.244, 140.95, 11.60);
insert into SHOT values (1464, 1470, 1471, 718, 0.860, 242.80, 7.90, 0.854, 242.53, 8.08, 0.008, 95.06, 13.15);
insert into SHOT values (1465, 1470, 1472, 718, 6.290, 335.40, 80.80, 6.291, 335.98, 80.79, 0.010, 56.86, 5.10);
insert into SHOT values (1466, 1470, 1473, 718, 3.560, 335.80, 25.90, 3.556, 335.84, 25.84, 0.006, 113.09, -61.08);
insert into SHOT values (1467, 1470, 1474, 718, 3.430, 320.00, 29.20, 3.430, 320.15, 29.14, 0.008, 35.37, -23.71);
insert into SHOT values (1468, 1470, 1475, 718, 1.270, 163.50, 49.00, 1.272, 163.30, 48.98, 0.004, 107.86, 22.95);
insert into SHOT values (1469, 1470, 1476, 718, 1.140, 174.00, -15.40, 1.140, 173.72, -15.79, 0.009, 59.51, -50.34);
insert into SHOT values (1470, 1470, 1477, 718, 3.830, 320.00, 7.30, 3.762, 319.78, 7.18, 0.070, 152.27, -13.73);
insert into SHOT values (1471, 1477, 1478, 718, 0.500, 44.40, -4.00, 0.496, 45.00, -3.47, 0.008, 171.07, 37.23);
insert into SHOT values (1472, 1477, 1479, 718, 4.500, 58.50, 81.40, 4.500, 58.45, 81.45, 0.004, 247.61, 8.31);
insert into SHOT values (1473, 1477, 1480, 718, 3.730, 137.40, 18.60, 3.734, 137.52, 18.59, 0.008, 199.54, 2.00);
insert into SHOT values (1474, 1477, 1481, 718, 1.830, 355.00, -80.40, 1.825, 354.29, -80.49, 0.007, 220.35, 39.60);
insert into SHOT values (1475, 1477, 1482, 718, 2.420, 140.20, -28.80, 2.419, 140.16, -28.65, 0.006, 103.50, 64.96);
insert into SHOT values (1476, 1477, 1483, 718, 4.520, 310.00, -0.80, 4.515, 309.97, -0.76, 0.007, 159.66, 28.57);
insert into SHOT values (1477, 1477, 1484, 718, 3.100, 333.00, -2.60, 3.094, 332.85, -2.59, 0.010, 204.48, 3.47);
insert into SHOT values (1478, 1477, 1485, 718, 2.090, 341.60, -4.30, 2.083, 341.48, -4.13, 0.010, 196.71, 40.15);
insert into SHOT values (1479, 1477, 1486, 718, 0.680, 353.10, -2.10, 0.675, 353.19, -1.70, 0.007, 161.01, 45.14);
insert into SHOT values (1480, 1477, 1487, 718, 10.330, 282.50, -75.90, 10.332, 282.38, -75.89, 0.006, 212.99, -11.94);
insert into SHOT values (1481, 1477, 1488, 718, 4.060, 332.90, -51.60, 4.056, 332.82, -51.63, 0.006, 194.73, 18.90);
insert into SHOT values (1482, 1477, 1489, 718, 3.050, 331.90, 6.00, 3.046, 331.83, 6.03, 0.006, 194.08, 11.15);
insert into SHOT values (1483, 1477, 1490, 718, 6.090, 296.30, -40.90, 6.088, 296.29, -40.83, 0.008, 273.22, 64.69);
insert into SHOT values (1484, 1477, 1491, 718, 6.370, 299.30, -41.40, 6.367, 299.19, -41.39, 0.010, 200.47, 15.47);
insert into SHOT values (1485, 1477, 1492, 718, 4.060, 320.10, 43.50, 4.001, 319.64, 43.81, 0.067, 162.34, -21.62);
insert into SHOT values (1486, 1492, 1493, 718, 0.590, 238.30, 1.10, 0.589, 238.20, 1.95, 0.009, 91.90, 77.59);
insert into SHOT values (1487, 1492, 1494, 718, 2.410, 150.70, 11.00, 2.408, 150.62, 11.01, 0.004, 37.27, 2.17);
insert into SHOT values (1488, 1492, 1495, 718, 0.620, 94.30, 3.80, 0.624, 94.61, 4.60, 0.010, 138.99, 62.01);
insert into SHOT values (1489, 1492, 1496, 718, 1.880, 305.40, 3.30, 1.882, 305.47, 3.35, 0.003, 356.22, 33.80);
insert into SHOT values (1490, 1492, 1497, 718, 2.530, 275.00, -0.30, 2.530, 274.99, -0.23, 0.003, 154.38, 77.05);
insert into SHOT values (1491, 1492, 1498, 718, 12.960, 169.60, -82.60, 12.958, 169.30, -82.60, 0.009, 78.50, 12.92);
insert into SHOT values (1492, 1492, 1499, 718, 5.300, 85.60, -80.00, 5.291, 85.65, -79.96, 0.010, 102.93, 75.60);
insert into SHOT values (1493, 1492, 1500, 718, 3.350, 145.50, 60.20, 3.354, 145.26, 60.19, 0.008, 73.38, 21.93);
insert into SHOT values (1494, 1492, 1501, 718, 5.500, 330.40, 70.10, 5.464, 330.29, 70.81, 0.077, 152.98, -8.65);
insert into SHOT values (1495, 1501, 1502, 718, 0.510, 215.70, -1.50, 0.508, 216.19, -1.13, 0.006, 328.33, 35.48);
insert into SHOT values (1496, 1501, 1503, 718, 0.860, 177.70, 61.40, 0.864, 178.60, 61.65, 0.008, 281.70, 36.66);
insert into SHOT values (1497, 1501, 1504, 718, 0.630, 282.00, 19.30, 0.628, 281.69, 19.52, 0.004, 156.50, 23.97);
insert into SHOT values (1498, 1501, 1505, 718, 0.970, 148.10, 5.60, 0.971, 148.12, 5.91, 0.005, 191.90, 85.70);
insert into SHOT values (1499, 1501, 1506, 718, 1.910, 251.00, -80.10, 1.909, 250.46, -80.08, 0.004, 170.85, 26.33);
insert into SHOT values (1500, 1501, 1507, 718, 1.300, 268.40, 34.80, 1.288, 267.30, 34.52, 0.025, 160.74, -29.06);
insert into SHOT values (1501, 1507, 1508, 718, 0.400, 129.80, -11.60, 0.406, 128.88, -11.36, 0.009, 84.69, 2.74);
insert into SHOT values (1502, 1507, 1509, 718, 0.600, 133.50, -37.30, 0.601, 133.32, -36.81, 0.005, 110.63, 41.41);
insert into SHOT values (1503, 1507, 1510, 718, 0.640, 174.10, -73.80, 0.636, 173.66, -73.46, 0.005, 145.25, 57.62);
insert into SHOT values (1504, 1507, 1511, 718, 0.290, 162.00, 74.50, 0.290, 156.80, 74.78, 0.007, 58.53, 4.41);
insert into SHOT values (1505, 1507, 1512, 718, 2.520, 212.40, 5.80, 2.577, 211.77, 5.79, 0.064, 185.85, 4.80);
insert into SHOT values (1506, 1512, 1513, 718, 0.990, 223.00, 24.00, 0.990, 223.21, 23.83, 0.004, 293.99, -37.76);
insert into SHOT values (1507, 1512, 1514, 718, 1.250, 309.70, 77.20, 1.253, 309.29, 76.88, 0.008, 293.99, 7.97);
insert into SHOT values (1508, 1512, 1515, 718, 0.320, 99.30, 38.40, 0.323, 99.09, 38.31, 0.003, 77.80, 25.58);
insert into SHOT values (1509, 1512, 1516, 718, 1.540, 295.10, 4.70, 1.543, 295.40, 4.46, 0.011, 358.98, -34.99);
insert into SHOT values (1510, 1512, 1517, 718, 0.930, 252.30, 9.10, 0.931, 252.94, 8.65, 0.013, 330.55, -34.05);
insert into SHOT values (1511, 1512, 1518, 718, 2.010, 296.40, 45.00, 2.010, 296.75, 44.96, 0.009, 20.77, -8.58);
insert into SHOT values (1512, 1512, 1519, 718, 2.860, 249.80, 44.70, 2.860, 249.87, 44.66, 0.003, 310.91, -31.56);
insert into SHOT values (1513, 1512, 1520, 718, 3.400, 265.90, 60.30, 3.397, 265.91, 60.28, 0.003, 38.13, -82.92);
insert into SHOT values (1514, 1512, 1521, 718, 4.510, 274.70, 9.10, 4.512, 274.76, 9.05, 0.006, 339.85, -32.76);
insert into SHOT values (1515, 1512, 1522, 718, 8.210, 270.20, 26.50, 8.193, 269.38, 26.38, 0.109, 176.03, -12.34);
insert into SHOT values (1516, 1522, 1523, 718, 4.520, 96.20, 2.80, 4.522, 96.23, 2.79, 0.003, 139.09, -15.95);
insert into SHOT values (1517, 1522, 1524, 718, 5.460, 128.30, 5.60, 5.466, 128.28, 5.67, 0.009, 107.82, 49.75);
insert into SHOT values (1518, 1522, 1525, 718, 4.250, 146.20, 4.90, 4.254, 146.16, 4.99, 0.008, 102.93, 55.78);
insert into SHOT values (1519, 1522, 1526, 718, 2.060, 65.10, 1.30, 2.059, 65.30, 1.39, 0.008, 164.69, 24.27);
insert into SHOT values (1520, 1522, 1527, 718, 1.390, 358.40, 5.70, 1.388, 358.34, 5.79, 0.004, 209.66, 33.13);
insert into SHOT values (1521, 1522, 1528, 718, 3.940, 94.00, -48.60, 3.937, 94.18, -48.53, 0.010, 174.40, 33.86);
insert into SHOT values (1522, 1522, 1529, 718, 5.640, 108.30, 58.70, 5.640, 108.31, 58.72, 0.002, 276.70, 24.74);
insert into SHOT values (1523, 1522, 1530, 718, 6.640, 146.20, 45.10, 6.649, 146.21, 45.10, 0.009, 149.79, 48.82);
insert into SHOT values (1524, 1522, 1531, 718, 4.100, 59.60, 58.50, 4.104, 59.72, 58.53, 0.006, 150.58, 42.84);
insert into SHOT values (1525, 1522, 1532, 718, 4.160, 110.90, -5.40, 4.203, 111.60, -5.46, 0.066, 161.32, -7.37);
insert into SHOT values (1526, 1532, 1533, 718, 3.330, 268.10, -3.30, 3.327, 268.10, -3.27, 0.003, 90.08, 32.42);
insert into SHOT values (1527, 1532, 1534, 718, 4.900, 302.90, 5.80, 4.899, 302.94, 5.86, 0.006, 58.26, 54.79);
insert into SHOT values (1528, 1532, 1535, 718, 2.310, 341.00, 28.00, 2.313, 341.12, 28.12, 0.007, 69.39, 52.96);
insert into SHOT values (1529, 1532, 1536, 718, 2.620, 190.90, -10.70, 2.610, 190.78, -10.60, 0.012, 41.26, 31.31);
insert into SHOT values (1530, 1532, 1537, 718, 2.080, 258.40, 76.40, 2.076, 259.16, 76.67, 0.012, 47.63, -7.75);
insert into SHOT values (1531, 1532, 1538, 718, 16.900, 261.40, 76.30, 16.891, 260.80, 76.30, 0.043, 169.68, -12.21);
insert into SHOT values (1532, 1538, 1539, 718, 2.140, 177.90, -5.20, 2.141, 177.85, -5.36, 0.006, 96.49, -71.15);
insert into SHOT values (1533, 1538, 1540, 718, 4.320, 133.90, -4.60, 4.328, 133.87, -4.64, 0.009, 117.88, -22.79);
insert into SHOT values (1534, 1538, 1541, 718, 0.270, 102.00, -0.80, 0.277, 102.53, -2.07, 0.009, 123.00, -41.38);
insert into SHOT values (1535, 1538, 1542, 718, 3.140, 107.50, 3.70, 3.141, 107.45, 3.65, 0.004, 33.69, -41.76);
insert into SHOT values (1536, 1538, 1543, 718, 2.130, 265.70, 7.20, 2.122, 265.64, 7.04, 0.010, 103.16, -43.00);
insert into SHOT values (1537, 1538, 1544, 718, 4.930, 103.30, -48.60, 4.936, 103.27, -48.55, 0.007, 88.09, -15.11);
insert into SHOT values (1538, 1538, 1545, 718, 2.760, 175.90, -27.00, 2.761, 175.80, -27.15, 0.009, 56.30, -53.23);
insert into SHOT values (1539, 1538, 1546, 718, 3.190, 187.50, 39.60, 3.190, 187.47, 39.52, 0.005, 162.33, -46.00);
insert into SHOT values (1540, 1538, 1547, 718, 3.730, 125.50, 42.10, 3.735, 125.47, 42.02, 0.008, 111.20, -5.27);
insert into SHOT values (1541, 1538, 1548, 718, 5.350, 246.30, 53.50, 5.348, 246.26, 53.52, 0.004, 105.10, -8.70);
insert into SHOT values (1542, 1538, 1549, 718, 10.990, 242.70, 77.00, 10.977, 242.02, 76.64, 0.076, 217.43, -21.79);
insert into SHOT values (1543, 1549, 1550, 718, 0.140, 211.30, 39.30, 0.147, 210.96, 37.66, 0.008, 206.52, 9.07);
insert into SHOT values (1544, 1549, 1551, 718, 0.570, 355.30, 6.60, 0.567, 354.90, 7.10, 0.007, 220.13, 38.44);
insert into SHOT values (1545, 1549, 1552, 718, 5.570, 198.40, 86.00, 5.574, 199.36, 85.97, 0.008, 259.73, 25.59);
insert into SHOT values (1546, 1549, 1553, 718, 10.080, 162.90, 82.70, 10.082, 163.26, 82.68, 0.009, 228.45, 11.06);
insert into SHOT values (1547, 1549, 1554, 718, 2.260, 303.00, -1.70, 2.264, 302.92, -1.77, 0.006, 265.12, -28.06);
insert into SHOT values (1548, 1549, 1555, 718, 0.300, 205.70, 13.30, 0.308, 205.71, 13.15, 0.008, 205.94, 7.28);
insert into SHOT values (1549, 1549, 1556, 718, 3.330, 176.10, 64.70, 3.329, 176.37, 64.70, 0.007, 268.40, -5.08);
insert into SHOT values (1550, 1549, 1557, 718, 4.360, 241.60, -75.40, 4.362, 241.35, -75.32, 0.008, 203.61, -5.61);
insert into SHOT values (1551, 1549, 1558, 718, 3.440, 277.90, -60.40, 3.442, 277.75, -60.30, 0.008, 242.37, 7.68);
insert into SHOT values (1552, 1549, 1559, 718, 4.860, 292.40, 25.30, 4.821, 291.68, 25.30, 0.068, 169.32, -14.46);
insert into SHOT values (1553, 1559, 1560, 718, 0.610, 162.40, 9.80, 0.611, 161.57, 10.37, 0.011, 70.25, 35.04);
insert into SHOT values (1554, 1559, 1561, 718, 1.140, 163.10, 36.80, 1.143, 162.76, 37.14, 0.009, 53.86, 50.73);
insert into SHOT values (1555, 1559, 1562, 718, 4.410, 138.70, 78.10, 4.414, 138.58, 78.14, 0.006, 357.63, 56.06);
insert into SHOT values (1556, 1559, 1563, 718, 0.570, 101.00, 1.20, 0.571, 101.11, 2.01, 0.008, 153.79, 80.39);
insert into SHOT values (1557, 1559, 1564, 718, 2.120, 91.10, -71.90, 2.116, 90.87, -71.82, 0.006, 28.96, 58.89);
insert into SHOT values (1558, 1559, 1565, 718, 9.350, 244.10, 80.10, 9.358, 244.08, 80.15, 0.011, 71.26, 54.99);
insert into SHOT values (1559, 1559, 1566, 718, 4.610, 229.70, 24.60, 4.641, 229.03, 24.44, 0.060, 173.28, 0.91);
insert into SHOT values (1560, 1566, 1567, 718, 2.930, 173.10, -0.20, 2.921, 173.12, -0.20, 0.009, 348.42, 1.45);
insert into SHOT values (1561, 1566, 1568, 718, 1.640, 250.70, 27.40, 1.642, 250.82, 27.17, 0.008, 281.17, -38.76);
insert into SHOT values (1562, 1566, 1569, 718, 2.310, 341.90, 19.00, 2.313, 341.90, 18.92, 0.005, 337.89, -26.18);
insert into SHOT values (1563, 1566, 1570, 718, 1.780, 81.10, 2.80, 1.784, 80.96, 2.57, 0.009, 34.74, -48.44);
insert into SHOT values (1564, 1566, 1571, 718, 25.780, 169.90, 77.20, 25.780, 169.91, 77.21, 0.003, 338.28, 11.09);
insert into SHOT values (1565, 1566, 1572, 718, 1.550, 147.30, -19.70, 1.544, 147.08, -19.69, 0.009, 12.07, 16.87);
insert into SHOT values (1566, 1566, 1573, 718, 1.750, 352.50, -30.30, 1.756, 352.41, -30.46, 0.008, 304.34, -63.72);
insert into SHOT values (1567, 1566, 1574, 718, 3.920, 152.00, -0.90, 3.991, 152.21, -1.01, 0.073, 163.76, -6.67);
insert into SHOT values (1568, 1574, 1575, 718, 1.310, 68.20, 0.90, 1.315, 68.12, 0.87, 0.005, 46.15, -6.24);
insert into SHOT values (1569, 1574, 1576, 718, 1.450, 28.30, -7.00, 1.452, 28.17, -7.12, 0.005, 320.21, -41.36);
insert into SHOT values (1570, 1574, 1577, 718, 0.440, 342.50, 6.00, 0.441, 342.80, 5.20, 0.007, 30.40, -62.82);
insert into SHOT values (1571, 1574, 1578, 718, 2.940, 341.90, -4.30, 2.943, 341.94, -4.29, 0.003, 10.80, 7.45);
insert into SHOT values (1572, 1574, 1579, 718, 8.790, 69.80, 86.10, 8.790, 69.44, 86.10, 0.004, 343.06, 5.39);
insert into SHOT values (1573, 1574, 1580, 718, 1.620, 93.30, -31.60, 1.646, 94.09, -31.50, 0.032, 132.31, -20.12);
insert into SHOT values (1574, 1580, 1581, 718, 0.670, 182.50, -2.30, 0.671, 182.56, -2.56, 0.003, 212.56, -65.79);
insert into SHOT values (1575, 1580, 1582, 718, 0.490, 20.70, -7.90, 0.486, 20.70, -8.28, 0.005, 201.65, -31.61);
insert into SHOT values (1576, 1580, 1583, 718, 1.770, 173.40, -70.50, 1.772, 174.19, -70.45, 0.009, 248.67, -10.23);
insert into SHOT values (1577, 1580, 1584, 718, 0.380, 156.50, 50.90, 0.375, 157.75, 50.66, 0.007, 267.79, -41.42);
insert into SCRAPS values (720, 714, 'SP-spel-bivy-1', 1, 36.71976, 4.36385);
 insert into SCRAPS values (732, 714, 'SP-spel-bivy-2', 1, 20.69925, 0.86113);
 insert into SCRAPS values (746, 714, 'SP-spel-bivy-3', 1, 7.57353, 0.82323);
 insert into SCRAPS values (755, 714, 'SP-spel-bivy-4', 1, 63.03844, 2.47343);
 insert into SCRAPS values (777, 714, 'SP-spel-bivy-5', 1, 9.48906, 2.11749);
 insert into SCRAPS values (788, 714, 'SP-spel-bivy-6', 1, 2.10554, 0.42573);
 insert into SCRAPS values (804, 714, 'SP-spel-bivy-8', 1, 53.31990, 8.73190);
 insert into SCRAPS values (826, 714, 'SP-spel-bivy-9', 1, 0.32673, 0.05686);
 insert into SCRAPS values (834, 714, 'SP-spel-bivy-10', 1, 0.31250, 0.05058);
 insert into SCRAPS values (850, 714, 'SP-spel-bivy-11', 1, 0.28115, 0.06017);
 insert into SCRAPS values (868, 714, 'SP-spel-bivy-12', 1, 0.43674, 0.07315);
 insert into SCRAPS values (882, 714, 'SP-spel-bivy-13', 1, 47.62053, 1.66967);
 insert into SCRAPS values (904, 714, 'SC-spel-bivy-elev-1', 2, 36.17169, 0.75715);
 insert into SCRAPS values (986, 714, 'SC-spel-bivy-elev-0', 2, 33.17788, 2.79686);
 insert into MAPS values (1010, 714, 'MP-spel-bivy-plan-tot', 'Spel-bivy', 1, 365.410, -279.200);
 insert into MAPITEMS values (1010, 4, 720);
 insert into MAPITEMS values (1010, 4, 732);
 insert into MAPITEMS values (1010, 4, 746);
 insert into MAPITEMS values (1010, 4, 755);
 insert into MAPITEMS values (1010, 4, 777);
 insert into MAPITEMS values (1010, 4, 788);
 insert into MAPITEMS values (1010, 4, 804);
 insert into MAPITEMS values (1010, 4, 826);
 insert into MAPITEMS values (1010, 4, 834);
 insert into MAPITEMS values (1010, 4, 850);
 insert into MAPITEMS values (1010, 4, 868);
 insert into MAPITEMS values (1010, 4, 882);
 insert into MAPS values (1011, 714, 'MC-spel-bivy-coupe-elev-tot', 'Spel-bivy', 2, 365.410, -279.200);
 insert into MAPITEMS values (1011, 4, 986);
 insert into MAPITEMS values (1011, 4, 904);
 insert into SURVEY values (1013, 332, 'fond', 'fond.Kriska.Ded', 'fond');
 insert into CENTRELINE values (1014, 1013, NULL, NULL, NULL, 0.00, 0.00, 0.00);
 insert into SURVEY values (1015, 1013, 'fond', 'fond.fond.Kriska.Ded', 'fond');
 insert into CENTRELINE values (1016, 1015, NULL, NULL, NULL, 0.00, 0.00, 0.00);
 insert into CENTRELINE values (1017, 1015, NULL, '2021-09-10', NULL, 148.04, 0.00, 0.00);
 insert into TOPO values (12, 1017);
 insert into TOPO values (2, 1017);
 insert into SHOT values (1578, 1585, 1586, 1017, 2.870, 85.73, 2.20, 2.870, 85.80, 2.20, 0.003, 178.83, -2.86);
insert into SHOT values (1579, 1586, 1587, 1017, 0.510, 186.63, 0.40, 0.514, 186.71, 0.00, 0.005, 197.88, -44.70);
insert into SHOT values (1580, 1586, 1588, 1017, 0.350, 180.63, 54.20, 0.344, 180.00, 54.46, 0.007, 25.54, -36.49);
insert into SHOT values (1581, 1586, 1589, 1017, 3.120, 284.83, -81.30, 3.125, 284.93, -81.43, 0.009, 97.38, -43.29);
insert into SHOT values (1582, 1586, 1590, 1017, 0.910, 27.73, -47.70, 0.915, 28.24, -47.97, 0.009, 112.68, -51.92);
insert into SHOT values (1583, 1586, 1591, 1017, 5.080, 126.23, -48.60, 5.081, 126.29, -48.57, 0.004, 178.21, 7.32);
insert into SHOT values (1584, 1591, 1592, 1017, 0.840, 223.33, 0.90, 0.835, 223.06, 0.69, 0.007, 81.61, -26.45);
insert into SHOT values (1585, 1591, 1593, 1017, 1.000, 176.73, 68.40, 0.997, 176.82, 68.81, 0.008, 352.52, 1.69);
insert into SHOT values (1586, 1591, 1594, 1017, 3.190, 187.83, -84.20, 3.196, 187.13, -84.21, 0.007, 99.22, -57.86);
insert into SHOT values (1587, 1591, 1595, 1017, 2.030, 128.13, -16.60, 2.029, 128.11, -16.61, 0.001, 348.92, -2.42);
insert into SHOT values (1588, 1591, 1596, 1017, 0.980, 303.33, -16.70, 0.981, 303.69, -17.19, 0.010, 45.28, -54.44);
insert into SHOT values (1589, 1591, 1597, 1017, 4.470, 129.13, -67.20, 4.480, 128.92, -67.21, 0.012, 63.26, -52.57);
insert into SHOT values (1590, 1597, 1598, 1017, 0.660, 250.23, 5.00, 0.661, 250.46, 5.21, 0.004, 332.08, 42.65);
insert into SHOT values (1591, 1597, 1599, 1017, 3.250, 229.93, 76.70, 3.258, 230.39, 76.64, 0.011, 279.22, 42.09);
insert into SHOT values (1592, 1597, 1600, 1017, 3.540, 243.13, -79.20, 3.534, 243.43, -79.06, 0.011, 268.53, 41.38);
insert into SHOT values (1593, 1597, 1601, 1017, 1.330, 317.63, -20.10, 1.331, 317.26, -19.76, 0.011, 251.43, 38.89);
insert into SHOT values (1594, 1597, 1602, 1017, 2.220, 140.73, -12.10, 2.216, 140.80, -11.98, 0.007, 277.43, 53.40);
insert into SHOT values (1595, 1597, 1603, 1017, 4.250, 139.13, -61.70, 4.244, 139.24, -61.79, 0.009, 293.67, 12.50);
insert into SHOT values (1596, 1603, 1604, 1017, 0.730, 45.43, 1.80, 0.729, 45.56, 2.36, 0.007, 174.50, 73.89);
insert into SHOT values (1597, 1603, 1605, 1017, 5.420, 352.23, 82.50, 5.426, 352.67, 82.53, 0.009, 99.67, 48.13);
insert into SHOT values (1598, 1603, 1606, 1017, 8.010, 139.23, -75.80, 8.006, 139.11, -75.75, 0.009, 105.12, 36.32);
insert into SHOT values (1599, 1603, 1607, 1017, 2.360, 112.73, -5.20, 2.362, 112.75, -5.10, 0.005, 128.69, 53.24);
insert into SHOT values (1600, 1603, 1608, 1017, 11.580, 103.43, -65.70, 11.579, 103.45, -65.67, 0.007, 121.73, 34.54);
insert into SHOT values (1601, 1608, 1609, 1017, 1.720, 53.23, 3.20, 1.716, 53.06, 3.01, 0.009, 289.79, -44.91);
insert into SHOT values (1602, 1608, 1610, 1017, 1.540, 45.03, -86.00, 1.544, 45.00, -85.80, 0.007, 44.41, -33.29);
insert into SHOT values (1603, 1608, 1611, 1017, 1.370, 92.13, 21.60, 1.366, 92.25, 21.47, 0.006, 227.99, -47.85);
insert into SHOT values (1604, 1608, 1612, 1017, 1.180, 109.73, 64.50, 1.176, 109.50, 64.34, 0.006, 50.41, -64.89);
insert into SHOT values (1605, 1608, 1613, 1017, 1.440, 298.63, -1.70, 1.437, 298.71, -1.59, 0.004, 85.03, 38.88);
insert into SHOT values (1606, 1608, 1614, 1017, 4.020, 99.53, -41.50, 4.018, 99.56, -41.45, 0.004, 152.10, 66.40);
insert into SHOT values (1607, 1614, 1615, 1017, 0.540, 24.43, -7.70, 0.543, 24.18, -8.47, 0.008, 334.44, -68.00);
insert into SHOT values (1608, 1614, 1616, 1017, 0.970, 63.63, 70.30, 0.967, 62.65, 70.26, 0.006, 328.18, -29.87);
insert into SHOT values (1609, 1614, 1617, 1017, 11.090, 156.33, -77.60, 11.098, 156.45, -77.63, 0.011, 280.37, -54.96);
insert into SHOT values (1610, 1614, 1618, 1017, 19.400, 93.63, -72.60, 19.408, 93.66, -72.61, 0.008, 174.22, -71.72);
insert into SHOT values (1611, 1614, 1619, 1017, 24.680, 100.03, -75.50, 24.684, 99.98, -75.52, 0.010, 322.44, -37.22);
insert into SHOT values (1612, 1614, 1620, 1017, 2.410, 87.53, -15.40, 2.409, 87.53, -15.41, 0.001, 266.87, -0.42);
insert into SHOT values (1613, 1620, 1621, 1017, 0.250, 199.13, -8.20, 0.247, 199.18, -9.33, 0.006, 16.19, -47.83);
insert into SHOT values (1614, 1620, 1622, 1017, 0.720, 86.03, 0.20, 0.722, 86.03, 0.00, 0.003, 84.37, -55.32);
insert into SHOT values (1615, 1620, 1623, 1017, 1.230, 273.53, -79.00, 1.232, 274.97, -79.20, 0.007, 37.47, -20.41);
insert into SHOT values (1616, 1620, 1624, 1017, 0.540, 297.53, 72.30, 0.538, 298.07, 71.57, 0.007, 312.96, -36.34);
insert into SHOT values (1617, 1620, 1625, 1017, 7.450, 148.03, -59.20, 7.448, 147.98, -59.24, 0.006, 2.65, -6.90);
insert into SHOT values (1618, 1625, 1626, 1017, 21.850, 81.33, -82.80, 21.853, 81.40, -82.79, 0.005, 134.92, -30.55);
insert into SHOT values (1619, 1625, 1627, 1017, 1.410, 33.73, 5.70, 1.405, 33.92, 5.72, 0.007, 172.53, -0.34);
insert into SHOT values (1620, 1625, 1628, 1017, 4.530, 28.33, 75.50, 4.523, 28.61, 75.56, 0.010, 168.31, -33.77);
insert into SHOT values (1621, 1625, 1629, 1017, 2.530, 54.03, -83.30, 2.537, 54.69, -83.34, 0.008, 161.90, -64.03);
insert into SHOT values (1622, 1625, 1630, 1017, 2.080, 335.63, 4.50, 2.074, 335.42, 4.43, 0.010, 206.58, -17.89);
insert into SHOT values (1623, 1625, 1631, 1017, 2.030, 134.83, -4.30, 2.036, 134.80, -4.51, 0.009, 122.68, -56.08);
insert into SHOT values (1624, 1625, 1632, 1017, 7.040, 127.63, -50.30, 7.044, 127.69, -50.31, 0.006, 197.67, -37.45);
insert into SHOT values (1625, 1632, 1633, 1017, 1.100, 64.63, -2.50, 1.097, 64.60, -2.61, 0.004, 254.38, -33.10);
insert into SHOT values (1626, 1632, 1634, 1017, 0.590, 251.93, 13.30, 0.593, 251.88, 12.66, 0.007, 245.14, -51.47);
insert into SHOT values (1627, 1632, 1635, 1017, 5.090, 161.83, -84.00, 5.088, 161.57, -83.94, 0.006, 137.51, 19.22);
insert into SHOT values (1628, 1632, 1636, 1017, 10.190, 212.53, -83.30, 10.189, 212.62, -83.31, 0.002, 344.07, 9.56);
insert into SHOT values (1629, 1632, 1637, 1017, 3.560, 333.73, 2.20, 3.558, 333.80, 2.25, 0.006, 90.07, 37.09);
insert into SHOT values (1630, 1632, 1638, 1017, 0.970, 122.13, -16.90, 0.971, 121.81, -16.76, 0.006, 48.14, 20.02);
insert into SHOT values (1631, 1632, 1639, 1017, 10.850, 136.93, -66.80, 10.847, 136.90, -66.80, 0.004, 25.87, 43.12);
insert into SHOT values (1632, 1639, 1640, 1017, 3.560, 176.03, 86.90, 3.555, 176.99, 86.93, 0.006, 301.78, -50.78);
insert into SHOT values (1633, 1639, 1641, 1017, 1.090, 12.03, 17.70, 1.085, 12.29, 17.71, 0.007, 147.62, -11.91);
insert into SHOT values (1634, 1639, 1642, 1017, 1.820, 91.23, -0.20, 1.820, 91.26, -0.31, 0.004, 153.99, -74.90);
insert into SHOT values (1635, 1639, 1643, 1017, 1.380, 161.93, -2.20, 1.380, 161.83, -2.49, 0.007, 66.95, -70.39);
insert into SHOT values (1636, 1639, 1644, 1017, 1.700, 218.33, 8.90, 1.700, 218.23, 8.79, 0.004, 146.53, -44.92);
insert into SHOT values (1637, 1639, 1645, 1017, 3.270, 84.03, -27.40, 3.274, 84.07, -27.46, 0.006, 125.99, -58.21);
insert into SHOT values (1638, 1645, 1646, 1017, 0.740, 215.53, -0.50, 0.738, 215.63, 0.00, 0.007, 0.92, 71.29);
insert into SHOT values (1639, 1645, 1647, 1017, 0.210, 104.83, 77.30, 0.214, 104.04, 78.89, 0.007, 291.44, 45.93);
insert into SHOT values (1640, 1645, 1648, 1017, 0.140, 264.83, -76.00, 0.136, 270.00, -72.90, 0.009, 295.95, 39.96);
insert into SHOT values (1641, 1645, 1649, 1017, 1.500, 133.83, -1.90, 1.500, 133.92, -1.91, 0.002, 219.93, -6.64);
insert into SHOT values (1642, 1649, 1650, 1017, 0.470, 2.23, -1.50, 0.471, 2.44, -1.22, 0.003, 73.13, 52.26);
insert into SHOT values (1643, 1649, 1651, 1017, 0.510, 106.73, 77.20, 0.513, 105.26, 77.15, 0.004, 35.35, 40.78);
insert into SHOT values (1644, 1649, 1652, 1017, 0.370, 20.43, -72.80, 0.366, 21.80, -72.90, 0.005, 144.47, 48.02);
insert into SHOT values (1645, 1649, 1653, 1017, 2.060, 81.93, -6.80, 2.055, 81.83, -6.71, 0.007, 298.86, 33.08);
insert into SHOT values (1646, 1653, 1654, 1017, 0.480, 186.43, 0.00, 0.483, 185.95, 0.00, 0.005, 128.72, 0.00);
insert into SHOT values (1647, 1653, 1655, 1017, 0.150, 359.43, 9.20, 0.151, 0.00, 7.59, 0.005, 37.18, -58.60);
insert into SHOT values (1648, 1653, 1656, 1017, 0.130, 337.13, 8.20, 0.132, 337.38, 8.75, 0.002, 0.15, 45.31);
insert into SHOT values (1649, 1653, 1657, 1017, 0.710, 103.93, 77.40, 0.707, 104.93, 77.32, 0.004, 186.85, -46.74);
insert into SHOT values (1650, 1653, 1658, 1017, 1.590, 131.43, -77.80, 1.597, 130.24, -77.68, 0.010, 73.83, -35.08);
insert into SHOT values (1651, 1653, 1659, 1017, 3.400, 114.13, -27.90, 3.406, 114.10, -27.82, 0.008, 101.18, 6.90);
insert into SHOT values (1652, 1659, 1660, 1017, 0.310, 26.33, 0.40, 0.309, 24.90, 0.00, 0.008, 286.14, -15.49);
insert into SHOT values (1653, 1659, 1661, 1017, 0.420, 207.43, 0.50, 0.421, 208.39, 0.00, 0.008, 292.96, -27.37);
insert into SHOT values (1654, 1659, 1662, 1017, 0.470, 160.13, 72.90, 0.470, 162.90, 73.18, 0.007, 269.78, 6.36);
insert into SHOT values (1655, 1659, 1663, 1017, 2.550, 200.53, -82.40, 2.553, 200.56, -82.31, 0.005, 202.39, -28.03);
insert into SHOT values (1656, 1659, 1664, 1017, 2.870, 125.63, -36.50, 2.866, 125.62, -36.62, 0.007, 308.09, -23.64);
insert into SHOT values (1657, 1664, 1665, 1017, 0.770, 338.23, 0.80, 0.763, 338.48, 0.75, 0.008, 132.23, -5.74);
insert into SHOT values (1658, 1664, 1666, 1017, 1.930, 313.73, 75.50, 1.931, 313.32, 75.57, 0.004, 191.47, 19.65);
insert into SHOT values (1659, 1664, 1667, 1017, 1.600, 55.13, -82.90, 1.602, 55.49, -83.04, 0.004, 216.42, -30.83);
insert into SHOT values (1660, 1664, 1668, 1017, 4.410, 58.83, -37.40, 4.411, 58.90, -37.41, 0.004, 143.68, -20.39);
insert into SHOT values (1661, 1668, 1669, 1017, 0.480, 332.33, 5.10, 0.476, 332.35, 4.82, 0.005, 149.64, -33.89);
insert into SHOT values (1662, 1668, 1670, 1017, 0.490, 166.03, -17.80, 0.487, 166.26, -17.94, 0.004, 316.38, -3.16);
insert into SHOT values (1663, 1668, 1671, 1017, 1.220, 75.33, -20.80, 1.216, 75.23, -20.71, 0.005, 289.88, 42.50);
insert into SHOT values (1664, 1668, 1672, 1017, 3.720, 35.13, -89.30, 3.720, 26.57, -89.31, 0.007, 294.71, -2.35);
insert into SHOT values (1665, 1668, 1673, 1017, 1.780, 240.83, -19.80, 1.779, 240.68, -19.71, 0.005, 147.50, 33.58);
insert into SHOT values (1666, 1668, 1674, 1017, 3.030, 230.83, -12.60, 3.029, 230.77, -12.58, 0.004, 132.34, 15.71);
insert into SHOT values (1667, 1668, 1675, 1017, 12.060, 98.43, -58.40, 12.058, 98.46, -58.40, 0.004, 195.82, 27.17);
insert into SHOT values (1668, 1675, 1676, 1017, 3.890, 226.53, 5.90, 3.890, 226.57, 5.90, 0.003, 317.97, 2.96);
insert into SHOT values (1669, 1675, 1677, 1017, 3.050, 275.03, 27.10, 3.055, 275.06, 27.06, 0.006, 289.41, 5.96);
insert into SHOT values (1670, 1675, 1678, 1017, 1.240, 347.73, 2.00, 1.238, 347.87, 1.85, 0.005, 105.81, -43.41);
insert into SHOT values (1671, 1675, 1679, 1017, 1.150, 97.03, 22.20, 1.151, 96.99, 21.93, 0.006, 84.01, -54.06);
insert into SHOT values (1672, 1675, 1680, 1017, 2.050, 284.43, -60.80, 2.051, 284.45, -60.77, 0.002, 297.42, -17.39);
insert into SHOT values (1673, 1675, 1681, 1017, 3.760, 2.33, -48.90, 3.758, 2.32, -48.86, 0.003, 299.68, 79.39);
insert into SHOT values (1674, 1681, 1682, 1017, 1.430, 147.63, -83.00, 1.431, 149.04, -82.98, 0.004, 229.63, -8.65);
insert into SHOT values (1675, 1681, 1683, 1017, 2.320, 166.43, 80.30, 2.313, 166.68, 80.28, 0.007, 269.51, -75.97);
insert into SHOT values (1676, 1681, 1684, 1017, 1.210, 280.13, 10.80, 1.209, 280.18, 10.49, 0.007, 2.10, -82.20);
insert into SHOT values (1677, 1681, 1685, 1017, 2.080, 170.73, -11.90, 2.082, 170.68, -11.92, 0.003, 120.14, -23.36);
insert into SHOT values (1678, 1681, 1686, 1017, 1.250, 220.23, -0.20, 1.248, 220.45, -0.46, 0.008, 328.25, -48.14);
insert into SHOT values (1679, 1681, 1687, 1017, 2.910, 122.03, -24.70, 2.910, 122.01, -24.79, 0.005, 330.25, -57.56);
insert into SHOT values (1680, 1687, 1688, 1017, 0.650, 345.23, 11.60, 0.653, 345.53, 11.48, 0.005, 28.18, -8.15);
insert into SHOT values (1681, 1687, 1689, 1017, 0.550, 195.43, -0.30, 0.548, 194.80, 0.00, 0.007, 88.51, 24.40);
insert into SHOT values (1682, 1687, 1690, 1017, 0.930, 50.73, -76.40, 0.927, 50.53, -76.25, 0.004, 23.81, 66.19);
insert into SHOT values (1683, 1687, 1691, 1017, 0.730, 23.33, 71.10, 0.731, 24.44, 70.70, 0.007, 65.63, -5.26);
insert into SHOT values (1684, 1687, 1692, 1017, 1.220, 87.93, -2.50, 1.222, 88.12, -2.35, 0.005, 153.91, 35.88);
insert into SHOT values (1685, 1692, 1693, 1017, 0.460, 62.23, -0.00, 0.465, 61.78, 0.00, 0.006, 27.62, 0.00);
insert into SHOT values (1686, 1692, 1694, 1017, 1.030, 39.93, -87.10, 1.031, 36.87, -87.22, 0.004, 270.68, -20.93);
insert into SHOT values (1687, 1692, 1695, 1017, 0.320, 70.53, 73.90, 0.312, 69.44, 74.10, 0.008, 276.59, -63.64);
insert into SHOT values (1688, 1692, 1696, 1017, 0.760, 312.83, 6.90, 0.762, 313.39, 6.78, 0.008, 25.14, -9.49);
insert into SHOT values (1689, 1692, 1697, 1017, 3.120, 353.43, 10.00, 3.127, 353.47, 9.94, 0.008, 11.04, -13.01);
insert into SHOT values (1690, 1697, 1698, 1017, 0.470, 240.63, -0.30, 0.470, 240.71, 0.00, 0.003, 320.56, 75.36);
insert into SHOT values (1691, 1697, 1699, 1017, 0.670, 73.03, -4.60, 0.669, 73.47, -4.28, 0.006, 165.90, 36.42);
insert into SHOT values (1692, 1697, 1700, 1017, 0.850, 142.73, -7.70, 0.851, 142.72, -8.11, 0.006, 347.09, -86.77);
insert into SHOT values (1693, 1697, 1701, 1017, 2.410, 125.53, -72.50, 2.411, 125.45, -72.52, 0.002, 11.74, -52.46);
insert into SHOT values (1694, 1697, 1702, 1017, 1.010, 147.93, 69.90, 1.012, 149.04, 69.78, 0.007, 216.15, 11.78);
insert into SHOT values (1695, 1697, 1703, 1017, 1.740, 155.53, -49.30, 1.745, 155.68, -49.15, 0.007, 179.72, -6.66);
insert into SHOT values (1696, 1697, 1704, 1017, 2.010, 109.83, -49.30, 2.014, 110.10, -49.44, 0.009, 209.24, -45.18);
insert into SHOT values (1697, 1697, 1705, 1017, 1.930, 99.23, -20.60, 1.927, 99.25, -20.66, 0.003, 266.80, -16.46);
insert into SHOT values (1698, 1705, 1706, 1017, 0.520, 340.63, 3.50, 0.520, 340.87, 3.31, 0.003, 80.83, -38.94);
insert into SHOT values (1699, 1705, 1707, 1017, 0.320, 294.43, 78.80, 0.316, 288.43, 78.47, 0.008, 210.86, -30.43);
insert into SHOT values (1700, 1705, 1708, 1017, 2.380, 46.03, -84.00, 2.383, 46.64, -84.04, 0.004, 160.74, -46.55);
insert into SHOT values (1701, 1705, 1709, 1017, 2.930, 41.13, -16.30, 2.924, 41.24, -16.29, 0.009, 178.99, 16.06);
insert into SHOT values (1702, 1709, 1710, 1017, 0.890, 187.83, -1.10, 0.888, 187.77, -1.29, 0.004, 39.12, -55.80);
insert into SHOT values (1703, 1709, 1711, 1017, 1.080, 259.43, -87.40, 1.081, 270.00, -87.35, 0.009, 348.43, -6.91);
insert into SHOT values (1704, 1709, 1712, 1017, 0.430, 1.43, 75.40, 0.424, 0.00, 74.98, 0.007, 301.26, -62.61);
insert into SHOT values (1705, 1709, 1713, 1017, 1.620, 151.63, -30.50, 1.611, 151.59, -30.59, 0.009, 338.59, 14.08);
insert into SHOT values (1706, 1709, 1714, 1017, 1.300, 201.33, -10.90, 1.291, 201.30, -11.17, 0.011, 25.63, -22.50);
insert into SHOT values (1707, 1709, 1715, 1017, 0.560, 129.63, -86.70, 0.561, 123.69, -86.32, 0.005, 83.80, -10.12);
insert into SHOT values (1708, 1709, 1716, 1017, 3.070, 123.53, -44.80, 3.076, 123.40, -44.87, 0.009, 51.20, -51.89);
insert into SHOT values (1709, 1716, 1717, 1017, 0.750, 359.63, 9.20, 0.750, 359.23, 9.21, 0.005, 266.32, 0.97);
insert into SHOT values (1710, 1716, 1718, 1017, 1.250, 17.23, 52.40, 1.250, 16.77, 52.40, 0.006, 284.65, -3.38);
insert into SHOT values (1711, 1716, 1719, 1017, 1.380, 70.83, -86.10, 1.373, 71.57, -86.04, 0.007, 121.38, 76.98);
insert into SHOT values (1712, 1716, 1720, 1017, 1.230, 67.83, 66.30, 1.231, 67.11, 66.62, 0.009, 293.72, 23.54);
insert into SHOT values (1713, 1716, 1721, 1017, 1.240, 273.53, -5.40, 1.247, 273.69, -5.06, 0.011, 296.77, 37.30);
insert into SHOT values (1714, 1716, 1722, 1017, 1.530, 60.23, -13.90, 1.530, 60.16, -13.61, 0.008, 16.92, 70.17);
insert into SHOT values (1715, 1716, 1723, 1017, 1.660, 68.83, 25.40, 1.664, 68.91, 25.63, 0.008, 132.31, 74.37);
insert into SHOT values (1716, 1716, 1724, 1017, 2.660, 80.43, -21.10, 2.650, 80.46, -21.00, 0.011, 250.56, 45.11);
insert into SHOT values (1717, 1724, 1725, 1017, 0.600, 315.23, 1.40, 0.601, 315.67, 0.95, 0.007, 30.24, -44.11);
insert into SHOT values (1718, 1724, 1726, 1017, 0.440, 242.93, -71.50, 0.441, 243.43, -72.28, 0.006, 50.74, -26.13);
insert into SHOT values (1719, 1724, 1727, 1017, 0.300, 303.23, 65.20, 0.296, 304.99, 65.67, 0.006, 78.82, -23.53);
insert into SHOT values (1720, 1724, 1728, 1017, 2.050, 13.93, -81.40, 2.054, 14.93, -81.30, 0.007, 68.26, -24.57);
insert into SHOT values (1721, 1724, 1729, 1017, 1.320, 37.63, -10.40, 1.326, 37.84, -10.43, 0.008, 76.14, -12.89);
insert into SHOT values (1722, 1724, 1730, 1017, 0.780, 223.33, 1.70, 0.771, 223.42, 1.49, 0.009, 35.16, -19.83);
insert into SHOT values (1723, 1724, 1731, 1017, 1.360, 43.63, -12.40, 1.370, 43.48, -12.65, 0.012, 21.95, -40.63);
insert into SHOT values (1724, 1731, 1732, 1017, 0.670, 352.73, 21.00, 0.670, 352.65, 21.00, 0.001, 241.28, -6.18);
insert into SHOT values (1725, 1731, 1733, 1017, 0.760, 144.73, 1.50, 0.761, 144.64, 1.51, 0.001, 77.47, 4.46);
insert into SHOT values (1726, 1731, 1734, 1017, 2.140, 52.03, -86.80, 2.133, 52.13, -86.94, 0.009, 230.07, 50.75);
insert into SHOT values (1727, 1731, 1735, 1017, 0.750, 86.13, 68.20, 0.754, 87.95, 68.19, 0.010, 166.51, 21.91);
insert into SHOT values (1728, 1731, 1736, 1017, 0.560, 265.13, 2.30, 0.563, 264.90, 3.05, 0.008, 224.52, 64.92);
insert into SHOT values (1729, 1731, 1737, 1017, 4.930, 246.33, 38.10, 4.933, 246.28, 38.19, 0.009, 128.22, 62.68);
insert into SHOT values (1730, 1731, 1738, 1017, 1.530, 78.13, -3.30, 1.534, 78.32, -2.99, 0.010, 128.62, 50.55);
insert into SHOT values (1731, 1731, 1739, 1017, 1.700, 102.33, -45.90, 1.703, 102.63, -45.74, 0.009, 149.96, 5.49);
insert into SHOT values (1732, 1731, 1740, 1017, 2.880, 80.23, -21.60, 2.880, 80.33, -21.59, 0.004, 166.14, 2.55);
insert into SHOT values (1733, 1740, 1741, 1017, 0.710, 217.03, -3.50, 0.715, 217.03, -3.21, 0.006, 216.88, 32.12);
insert into SHOT values (1734, 1740, 1742, 1017, 1.580, 194.03, -78.40, 1.573, 194.47, -78.26, 0.008, 239.13, 65.87);
insert into SHOT values (1735, 1740, 1743, 1017, 0.850, 170.03, 65.60, 0.857, 170.27, 65.52, 0.007, 190.67, 54.41);
insert into SHOT values (1736, 1740, 1744, 1017, 0.310, 20.73, 2.30, 0.311, 20.77, 3.69, 0.008, 48.96, 86.47);
insert into SHOT values (1737, 1740, 1745, 1017, 6.600, 97.53, -17.40, 6.596, 97.58, -17.38, 0.007, 218.98, 32.29);
insert into SHOT values (1738, 1745, 1746, 1017, 5.740, 160.03, -73.10, 5.736, 159.93, -73.17, 0.009, 1.08, 14.24);
insert into SHOT values (1739, 1745, 1747, 1017, 0.850, 1.43, 0.00, 0.850, 1.35, 0.00, 0.001, 282.13, 0.00);
insert into SHOT values (1740, 1745, 1748, 1017, 0.820, 74.23, 72.00, 0.822, 74.36, 71.59, 0.006, 79.49, 1.23);
insert into SHOT values (1741, 1745, 1749, 1017, 1.280, 26.63, -69.10, 1.285, 27.12, -69.00, 0.007, 71.11, -36.89);
insert into SHOT values (1742, 1745, 1750, 1017, 0.830, 53.33, -56.70, 0.832, 52.88, -56.08, 0.010, 29.71, 22.32);
insert into SHOT values (1743, 1745, 1751, 1017, 0.790, 71.63, 40.00, 0.795, 71.86, 39.88, 0.006, 97.12, 21.08);
insert into SHOT values (1744, 1745, 1752, 1017, 3.330, 65.63, -19.90, 3.339, 65.56, -19.78, 0.012, 43.99, 17.16);
insert into SHOT values (1745, 1752, 1753, 1017, 0.620, 316.93, 2.50, 0.623, 316.30, 1.84, 0.010, 250.39, -43.38);
insert into SHOT values (1746, 1752, 1754, 1017, 1.160, 266.43, -79.50, 1.161, 264.81, -79.03, 0.011, 232.81, 2.91);
insert into SHOT values (1747, 1752, 1755, 1017, 0.350, 297.43, 71.40, 0.348, 296.57, 71.28, 0.002, 212.66, -45.36);
insert into SHOT values (1748, 1752, 1756, 1017, 0.350, 153.93, -10.10, 0.350, 154.18, -9.88, 0.002, 251.43, 42.57);
insert into SHOT values (1749, 1752, 1757, 1017, 1.920, 339.63, -19.10, 1.923, 339.37, -19.13, 0.009, 264.24, -11.50);
insert into SHOT values (1750, 1752, 1758, 1017, 1.680, 358.63, -33.50, 1.681, 358.36, -33.58, 0.007, 265.38, -22.70);
insert into SHOT values (1751, 1752, 1759, 1017, 1.020, 65.43, -28.10, 1.012, 65.45, -28.33, 0.009, 243.70, 2.67);
insert into SHOT values (1752, 1752, 1760, 1017, 1.890, 59.53, -24.80, 1.886, 59.38, -25.10, 0.011, 270.19, -39.51);
insert into SHOT values (1753, 1760, 1761, 1017, 0.450, 252.63, 1.90, 0.453, 251.97, 2.53, 0.008, 187.48, 41.26);
insert into SHOT values (1754, 1760, 1762, 1017, 0.710, 256.63, 71.70, 0.714, 254.05, 72.19, 0.012, 140.81, 28.44);
insert into SHOT values (1755, 1760, 1763, 1017, 0.670, 47.73, -88.80, 0.670, 45.00, -88.79, 0.001, 325.73, -12.18);
insert into SHOT values (1756, 1760, 1764, 1017, 0.930, 33.53, -22.50, 0.926, 34.06, -22.21, 0.010, 139.16, 35.64);
insert into SHOT values (1757, 1764, 1765, 1017, 0.530, 166.73, -0.30, 0.524, 166.76, 0.00, 0.007, 344.32, 24.57);
insert into SHOT values (1758, 1764, 1766, 1017, 0.350, 10.13, 76.00, 0.352, 6.34, 75.09, 0.008, 323.64, 2.75);
insert into SHOT values (1759, 1764, 1767, 1017, 0.660, 114.93, -74.90, 0.661, 115.02, -75.50, 0.007, 292.73, -23.51);
insert into SHOT values (1760, 1764, 1768, 1017, 2.670, 144.33, -44.30, 2.670, 144.39, -44.45, 0.007, 299.78, -46.99);
insert into SHOT values (1761, 1764, 1769, 1017, 1.170, 121.13, -12.10, 1.171, 121.05, -12.33, 0.005, 27.26, -70.96);
insert into SHOT values (1762, 1764, 1770, 1017, 0.850, 229.53, 14.10, 0.850, 229.93, 14.31, 0.006, 330.72, 26.80);
insert into SHOT values (1763, 1764, 1771, 1017, 4.240, 160.53, -42.90, 4.242, 160.63, -42.94, 0.007, 252.83, -34.58);
insert into SHOT values (1764, 1771, 1772, 1017, 0.910, 12.43, -1.50, 0.912, 12.67, -1.26, 0.006, 68.52, 40.46);
insert into SHOT values (1765, 1771, 1773, 1017, 0.490, 60.83, 42.60, 0.494, 60.64, 41.95, 0.007, 50.20, -14.25);
insert into SHOT values (1766, 1771, 1774, 1017, 0.760, 350.43, -66.10, 0.758, 350.84, -65.53, 0.008, 10.51, 36.70);
insert into SHOT values (1767, 1771, 1775, 1017, 1.130, 267.03, 6.90, 1.130, 267.44, 7.12, 0.009, 2.20, 27.66);
insert into SHOT values (1768, 1771, 1776, 1017, 0.610, 76.83, -4.60, 0.618, 76.87, -4.64, 0.008, 79.46, -7.59);
insert into SHOT values (1769, 1771, 1777, 1017, 0.540, 94.53, 64.30, 0.546, 92.39, 63.88, 0.011, 37.64, 17.66);
insert into SHOT values (1770, 1771, 1778, 1017, 3.400, 93.73, -42.50, 3.401, 93.65, -42.32, 0.012, 69.87, 37.51);
insert into SHOT values (1771, 1778, 1779, 1017, 0.630, 29.83, 80.90, 0.628, 29.05, 80.57, 0.004, 6.95, -29.98);
insert into SHOT values (1772, 1778, 1780, 1017, 0.940, 332.13, 3.30, 0.941, 332.07, 3.05, 0.004, 286.58, -71.32);
insert into SHOT values (1773, 1778, 1781, 1017, 0.890, 28.33, -16.40, 0.889, 28.07, -17.01, 0.010, 253.67, -58.21);
insert into SHOT values (1774, 1778, 1782, 1017, 0.770, 232.13, 12.70, 0.773, 232.52, 11.95, 0.012, 278.92, -52.58);
insert into SHOT values (1775, 1778, 1783, 1017, 0.520, 275.93, -8.80, 0.528, 275.49, -8.71, 0.009, 250.72, -2.72);
insert into SHOT values (1776, 1778, 1784, 1017, 1.440, 349.93, -65.20, 1.445, 349.61, -65.03, 0.007, 320.23, -22.14);
insert into SHOT values (1777, 1778, 1785, 1017, 5.720, 141.63, -61.80, 5.726, 141.77, -61.88, 0.012, 264.42, -48.81);
insert into SHOT values (1778, 1785, 1786, 1017, 1.650, 323.63, 11.50, 1.649, 323.56, 11.54, 0.003, 212.39, 24.41);
insert into SHOT values (1779, 1785, 1787, 1017, 1.700, 43.23, 8.70, 1.704, 43.07, 8.78, 0.006, 349.82, 26.48);
insert into SHOT values (1780, 1785, 1788, 1017, 0.900, 133.13, 10.50, 0.901, 132.71, 10.88, 0.009, 39.94, 42.53);
insert into SHOT values (1781, 1785, 1789, 1017, 0.790, 253.83, -3.70, 0.783, 253.65, -3.66, 0.007, 93.77, 7.77);
insert into SHOT values (1782, 1785, 1790, 1017, 1.740, 154.53, 85.20, 1.746, 151.70, 85.15, 0.010, 78.90, 39.02);
insert into SHOT values (1783, 1785, 1791, 1017, 1.140, 41.63, 20.50, 1.142, 41.59, 20.50, 0.002, 18.09, 21.04);
insert into SHOT values (1784, 1791, 1792, 1017, 1.380, 89.53, -12.10, 1.381, 89.58, -12.12, 0.001, 145.72, -30.16);
insert into SHOT values (1785, 1791, 1793, 1017, 0.480, 317.73, -9.60, 0.481, 317.56, -9.58, 0.002, 262.28, 1.66);
insert into SHOT values (1786, 1791, 1794, 1017, 0.550, 206.53, -51.80, 0.545, 206.57, -52.04, 0.005, 24.15, 25.21);
insert into SHOT values (1787, 1791, 1795, 1017, 2.800, 42.63, -51.70, 2.798, 42.67, -51.52, 0.009, 55.21, 52.42);
insert into SHOT values (1788, 1795, 1796, 1017, 1.350, 348.53, -10.10, 1.349, 348.27, -10.25, 0.007, 246.11, -27.40);
insert into SHOT values (1789, 1795, 1797, 1017, 0.620, 160.63, -10.80, 0.625, 160.97, -11.07, 0.007, 199.93, -33.41);
insert into SHOT values (1790, 1795, 1798, 1017, 1.000, 82.63, 79.60, 0.997, 83.66, 79.53, 0.005, 162.87, -47.28);
insert into SHOT values (1791, 1795, 1799, 1017, 1.270, 227.93, 10.10, 1.272, 227.91, 9.96, 0.004, 219.00, -43.00);
insert into SHOT values (1792, 1795, 1800, 1017, 2.560, 58.33, -35.60, 2.558, 58.37, -35.63, 0.003, 209.56, 4.15);
insert into SHOT values (1793, 1800, 1801, 1017, 0.490, 115.13, 20.20, 0.495, 115.46, 20.07, 0.006, 142.00, 7.68);
insert into SHOT values (1794, 1800, 1802, 1017, 0.570, 327.63, 6.00, 0.569, 327.99, 6.05, 0.004, 70.96, 6.48);
insert into SHOT values (1795, 1800, 1803, 1017, 0.710, 318.13, 84.20, 0.704, 315.00, 84.23, 0.008, 211.62, -57.67);
insert into SHOT values (1796, 1800, 1804, 1017, 1.030, 1.03, 72.70, 1.028, 1.85, 72.44, 0.007, 50.08, -30.20);
insert into SHOT values (1797, 1800, 1805, 1017, 2.100, 217.63, 13.70, 2.104, 217.65, 13.47, 0.009, 225.32, -50.85);
insert into SHOT values (1798, 1800, 1806, 1017, 1.990, 38.13, 8.30, 1.992, 38.21, 8.08, 0.008, 75.40, -59.71);
insert into SCRAPS values (1019, 1013, 'SP-fond-1', 1, 25.40136, 0.95140);
 insert into SCRAPS values (1037, 1013, 'SP-fond-4', 1, 19.56962, 1.85005);
 insert into SCRAPS values (1048, 1013, 'SP-fond-5', 1, 20.95671, 0.45545);
 insert into SCRAPS values (1062, 1013, 'SP-fond-2', 1, 0.60793, 0.05152);
 insert into SCRAPS values (1084, 1013, 'SP-fond-3', 1, 2.75234, 0.09911);
 insert into SCRAPS values (1109, 1013, 'SC-fond-elev-1', 2, 40.58676, 1.25777);
 insert into MAPS values (1188, 1013, 'MP-fond-plan-tot', 'fond', 1, 148.040, -92.670);
 insert into MAPITEMS values (1188, 4, 1019);
 insert into MAPITEMS values (1188, 4, 1062);
 insert into MAPITEMS values (1188, 4, 1084);
 insert into MAPITEMS values (1188, 4, 1037);
 insert into MAPITEMS values (1188, 4, 1048);
 insert into MAPS values (1189, 1013, 'MC-fond-coupe-elev-tot', 'fond', 2, 148.040, -92.670);
 insert into MAPITEMS values (1189, 4, 1109);
 insert into SURVEY values (1191, 332, 'boyau', 'boyau.Kriska.Ded', 'boyau');
 insert into CENTRELINE values (1192, 1191, NULL, NULL, NULL, 0.00, 0.00, 0.00);
 insert into SURVEY values (1193, 1191, 'boyau', 'boyau.boyau.Kriska.Ded', 'boyau');
 insert into CENTRELINE values (1194, 1193, NULL, NULL, NULL, 0.00, 0.00, 0.00);
 insert into CENTRELINE values (1195, 1193, NULL, '2021-09-10', NULL, 17.79, 0.00, 0.00);
 insert into TOPO values (12, 1195);
 insert into TOPO values (2, 1195);
 insert into PERSON values (30, 'Theophile', 'Bellintani');
insert into EXPLO values (30, 1195);
 insert into EXPLO values (12, 1195);
 insert into PERSON values (31, 'Charlie', 'Rivoire(GUCEM)');
insert into EXPLO values (31, 1195);
 insert into EXPLO values (2, 1195);
 insert into SHOT values (1799, 1807, 1808, 1195, 1.880, 335.93, -23.30, 1.879, 335.67, -23.52, 0.011, 221.54, -36.03);
insert into SHOT values (1800, 1808, 1809, 1195, 1.650, 281.73, 63.40, 1.653, 281.77, 63.58, 0.006, 93.69, 53.99);
insert into SHOT values (1801, 1808, 1810, 1195, 0.520, 129.93, 46.60, 0.525, 129.40, 46.36, 0.006, 96.33, 19.78);
insert into SHOT values (1802, 1808, 1811, 1195, 0.350, 215.33, 13.50, 0.356, 215.54, 14.66, 0.009, 233.55, 64.48);
insert into SHOT values (1803, 1808, 1812, 1195, 0.310, 55.33, 8.90, 0.312, 54.25, 9.22, 0.006, 341.90, 18.52);
insert into SHOT values (1804, 1808, 1813, 1195, 0.790, 148.13, -45.60, 0.787, 148.32, -45.40, 0.005, 252.28, 66.60);
insert into SHOT values (1805, 1808, 1814, 1195, 0.890, 153.53, 6.70, 0.892, 153.15, 7.08, 0.009, 78.12, 45.00);
insert into SHOT values (1806, 1808, 1815, 1195, 2.210, 145.03, 8.80, 2.210, 145.07, 8.85, 0.003, 260.12, 47.80);
insert into SHOT values (1807, 1808, 1816, 1195, 1.000, 112.53, -21.70, 0.999, 112.15, -21.73, 0.006, 16.51, -2.30);
insert into SHOT values (1808, 1808, 1817, 1195, 1.760, 274.23, 58.70, 1.764, 274.40, 58.85, 0.007, 36.31, 62.94);
insert into SHOT values (1809, 1817, 1818, 1195, 0.240, 173.53, -14.20, 0.240, 172.57, -14.50, 0.004, 72.62, -15.84);
insert into SHOT values (1810, 1817, 1819, 1195, 0.250, 62.43, -4.10, 0.251, 61.39, -4.56, 0.005, 347.16, -24.28);
insert into SHOT values (1811, 1817, 1820, 1195, 0.320, 342.73, -68.30, 0.322, 340.02, -68.69, 0.006, 238.53, -25.09);
insert into SHOT values (1812, 1817, 1821, 1195, 0.370, 153.53, -11.70, 0.367, 153.43, -12.60, 0.007, 341.09, -47.32);
insert into SHOT values (1813, 1817, 1822, 1195, 0.300, 228.93, -11.80, 0.297, 229.18, -11.66, 0.004, 25.55, 22.60);
insert into SHOT values (1814, 1817, 1823, 1195, 0.640, 317.43, -22.10, 0.641, 317.73, -21.98, 0.004, 19.00, 12.69);
insert into SHOT values (1815, 1817, 1824, 1195, 0.910, 306.83, -8.10, 0.909, 306.87, -8.22, 0.002, 93.64, -58.25);
insert into SHOT values (1816, 1824, 1825, 1195, 0.420, 81.03, 9.10, 0.420, 81.67, 9.59, 0.006, 175.62, 37.46);
insert into SHOT values (1817, 1824, 1826, 1195, 0.490, 112.03, 77.90, 0.490, 113.96, 78.40, 0.005, 254.25, 9.29);
insert into SHOT values (1818, 1824, 1827, 1195, 0.210, 115.53, -35.70, 0.204, 115.02, -35.94, 0.006, 312.04, 25.93);
insert into SHOT values (1819, 1824, 1828, 1195, 0.500, 344.93, 4.20, 0.499, 344.85, 4.60, 0.004, 193.48, 65.31);
insert into SHOT values (1820, 1824, 1829, 1195, 0.670, 57.93, -71.10, 0.666, 56.31, -71.05, 0.007, 320.69, 32.14);
insert into SHOT values (1821, 1824, 1830, 1195, 1.560, 62.53, -34.30, 1.556, 62.64, -34.43, 0.006, 217.73, -9.12);
insert into SHOT values (1822, 1830, 1831, 1195, 0.940, 330.33, -26.80, 0.937, 330.68, -26.64, 0.007, 79.71, 35.36);
insert into SHOT values (1823, 1830, 1832, 1195, 0.590, 135.93, 71.70, 0.589, 135.00, 71.83, 0.003, 20.33, -2.78);
insert into SHOT values (1824, 1830, 1833, 1195, 1.100, 34.73, -71.70, 1.098, 34.59, -71.29, 0.008, 27.65, 32.19);
insert into SHOT values (1825, 1830, 1834, 1195, 3.860, 41.73, -48.30, 3.861, 41.69, -48.24, 0.004, 11.73, 27.97);
insert into SHOT values (1826, 1834, 1835, 1195, 0.450, 28.03, 17.90, 0.452, 27.76, 18.06, 0.003, 328.34, 35.49);
insert into SHOT values (1827, 1834, 1836, 1195, 0.460, 77.23, 71.10, 0.456, 78.69, 70.42, 0.008, 122.05, -43.26);
insert into SHOT values (1828, 1834, 1837, 1195, 0.390, 153.33, 27.60, 0.393, 152.70, 27.29, 0.005, 103.25, -7.79);
insert into SHOT values (1829, 1834, 1838, 1195, 2.940, 102.53, -4.60, 2.938, 102.42, -4.68, 0.007, 353.04, -35.55);
insert into SHOT values (1830, 1838, 1839, 1195, 0.430, 332.23, 8.90, 0.426, 331.61, 9.45, 0.007, 199.38, 29.06);
insert into SHOT values (1831, 1838, 1840, 1195, 0.300, 2.83, 37.20, 0.292, 2.49, 38.02, 0.009, 191.76, -8.86);
insert into SHOT values (1832, 1838, 1841, 1195, 0.310, 303.93, -59.40, 0.301, 301.61, -59.58, 0.011, 173.44, 40.00);
insert into SHOT values (1833, 1838, 1842, 1195, 2.410, 49.63, -44.40, 2.402, 49.72, -44.38, 0.008, 199.76, 47.90);
insert into SHOT values (1834, 1842, 1843, 1195, 0.500, 164.03, 6.50, 0.502, 163.74, 5.71, 0.008, 125.59, -58.19);
insert into SHOT values (1835, 1842, 1844, 1195, 0.960, 200.23, 79.50, 0.955, 200.56, 79.70, 0.006, 6.85, -43.18);
insert into SHOT values (1836, 1842, 1845, 1195, 0.220, 9.63, 24.00, 0.223, 11.31, 23.81, 0.007, 73.79, 4.46);
insert into SHOT values (1837, 1842, 1846, 1195, 0.860, 255.53, 31.70, 0.851, 255.58, 31.91, 0.009, 71.67, -12.03);
insert into SHOT values (1838, 1842, 1847, 1195, 0.920, 124.13, 2.30, 0.921, 124.38, 1.87, 0.008, 192.31, -58.10);
insert into SHOT values (1839, 1842, 1848, 1195, 0.630, 65.13, -4.70, 0.629, 65.48, -5.47, 0.009, 175.22, -64.14);
insert into SHOT values (1840, 1842, 1849, 1195, 1.310, 307.03, -83.80, 1.318, 309.29, -83.81, 0.010, 31.55, -53.72);
insert into SHOT values (1841, 1849, 1850, 1195, 0.650, 302.73, 9.50, 0.648, 302.20, 9.78, 0.007, 186.11, 22.16);
insert into SHOT values (1842, 1849, 1851, 1195, 0.480, 2.03, 12.80, 0.473, 2.49, 13.44, 0.009, 156.34, 23.30);
insert into SHOT values (1843, 1849, 1852, 1195, 0.490, 97.83, 9.90, 0.493, 98.30, 10.51, 0.007, 156.95, 51.40);
insert into SHOT values (1844, 1849, 1853, 1195, 1.000, 28.53, 85.50, 1.003, 33.69, 85.88, 0.010, 164.21, 18.37);
insert into SHOT values (1845, 1849, 1854, 1195, 0.280, 185.13, -73.60, 0.272, 187.13, -72.77, 0.009, 246.70, 69.67);
insert into SHOT values (1846, 1849, 1855, 1195, 1.160, 19.33, -26.90, 1.152, 19.32, -26.84, 0.008, 201.68, 36.05);
insert into SHOT values (1847, 1855, 1856, 1195, 0.490, 233.93, 28.50, 0.488, 234.46, 28.14, 0.006, 331.40, -43.46);
insert into SHOT values (1848, 1855, 1857, 1195, 0.480, 348.33, 74.30, 0.478, 351.25, 74.04, 0.007, 65.97, -16.95);
insert into SHOT values (1849, 1855, 1858, 1195, 0.350, 37.43, 17.50, 0.356, 37.87, 16.30, 0.010, 55.24, -31.22);
insert into SHOT values (1850, 1855, 1859, 1195, 0.600, 105.63, 33.70, 0.597, 105.15, 33.57, 0.005, 351.03, -32.53);
insert into SHOT values (1851, 1855, 1860, 1195, 1.240, 278.63, -2.00, 1.235, 278.85, -1.86, 0.007, 52.37, 26.47);
insert into SCRAPS values (1197, 1191, 'SP-boyau-1', 1, 11.75698, 0.68058);
 insert into SCRAPS values (1216, 1191, 'SC-boyau-elev-1', 2, 15.75314, 2.94028);
 insert into MAPS values (1236, 1191, 'MP-boyau-plan-tot', 'Boyau', 1, 17.790, -7.640);
 insert into MAPITEMS values (1236, 4, 1197);
 insert into MAPS values (1237, 1191, 'MC-boyau-elev-tot', 'boyau', 2, 17.790, -7.640);
 insert into MAPITEMS values (1237, 4, 1216);
 insert into SURVEY values (1239, 332, 'siphon', 'siphon.Kriska.Ded', 'siphon');
 insert into CENTRELINE values (1240, 1239, NULL, NULL, NULL, 0.00, 0.00, 0.00);
 insert into SURVEY values (1241, 1239, 'siphon', 'siphon.siphon.Kriska.Ded', 'siphon');
 insert into CENTRELINE values (1242, 1241, NULL, NULL, NULL, 0.00, 0.00, 0.00);
 insert into CENTRELINE values (1243, 1241, NULL, '2021-11-27', NULL, 126.92, 0.00, 0.00);
 insert into PERSON values (32, 'Daniel', 'Betz(ASV)');
insert into TOPO values (32, 1243);
 insert into TOPO values (2, 1243);
 insert into SHOT values (1852, 1861, 1862, 1243, 2.220, 200.87, 71.00, 2.218, 200.46, 71.19, 0.009, 54.23, 5.91);
insert into SHOT values (1853, 1861, 1863, 1243, 1.780, 56.87, -67.30, 1.781, 56.77, -67.08, 0.007, 46.51, 17.81);
insert into SHOT values (1854, 1861, 1864, 1243, 0.760, 208.47, -8.90, 0.757, 207.94, -9.13, 0.008, 89.49, -17.06);
insert into SHOT values (1855, 1861, 1865, 1243, 5.050, 125.37, -19.20, 5.050, 125.36, -19.19, 0.001, 69.29, 37.55);
insert into SHOT values (1856, 1861, 1866, 1243, 2.360, 94.07, -43.90, 2.365, 94.04, -43.90, 0.005, 81.26, -43.04);
insert into SHOT values (1857, 1861, 1867, 1243, 3.830, 280.97, 47.00, 3.827, 281.05, 47.03, 0.005, 54.49, -11.46);
insert into SHOT values (1858, 1867, 1868, 1243, 1.410, 67.57, 85.80, 1.414, 68.20, 85.63, 0.006, 82.58, 39.54);
insert into SHOT values (1859, 1867, 1869, 1243, 0.580, 55.37, 2.10, 0.583, 55.49, 1.97, 0.003, 79.20, -21.69);
insert into SHOT values (1860, 1867, 1870, 1243, 5.560, 296.27, 17.10, 5.565, 296.23, 17.14, 0.007, 248.59, 46.76);
insert into SHOT values (1861, 1870, 1871, 1243, 0.310, 348.47, 24.90, 0.313, 349.88, 24.56, 0.008, 54.16, -3.88);
insert into SHOT values (1862, 1870, 1872, 1243, 3.580, 99.87, -68.10, 3.589, 99.88, -68.08, 0.010, 105.08, -61.08);
insert into SHOT values (1863, 1870, 1873, 1243, 0.960, 199.17, 67.80, 0.951, 199.44, 67.72, 0.009, 340.79, -72.56);
insert into SHOT values (1864, 1870, 1874, 1243, 3.700, 249.47, 39.90, 3.690, 249.52, 39.96, 0.010, 55.40, -18.73);
insert into SHOT values (1865, 1874, 1875, 1243, 0.780, 143.57, -20.00, 0.778, 143.91, -20.30, 0.006, 266.74, -31.27);
insert into SHOT values (1866, 1874, 1876, 1243, 1.480, 328.07, -81.00, 1.478, 325.62, -81.04, 0.010, 229.30, 10.14);
insert into SHOT values (1867, 1874, 1877, 1243, 4.560, 158.17, 58.80, 4.561, 158.42, 58.76, 0.011, 229.69, -2.36);
insert into SHOT values (1868, 1874, 1878, 1243, 1.720, 189.17, 24.60, 1.727, 189.16, 24.64, 0.007, 188.18, 33.04);
insert into SHOT values (1869, 1878, 1879, 1243, 0.850, 330.97, -1.90, 0.860, 330.75, -2.00, 0.011, 313.18, -9.77);
insert into SHOT values (1870, 1878, 1880, 1243, 1.550, 328.77, -68.70, 1.557, 327.99, -68.68, 0.010, 259.91, -35.73);
insert into SHOT values (1871, 1878, 1881, 1243, 2.450, 291.87, 73.30, 2.445, 291.50, 73.14, 0.010, 251.53, -43.69);
insert into SHOT values (1872, 1878, 1882, 1243, 3.700, 280.87, 25.20, 3.699, 280.84, 25.11, 0.006, 242.53, -65.60);
insert into SHOT values (1873, 1882, 1883, 1243, 1.260, 208.07, -47.80, 1.254, 208.39, -47.87, 0.008, 345.32, 25.78);
insert into SHOT values (1874, 1882, 1884, 1243, 1.550, 190.77, 30.80, 1.542, 190.89, 30.83, 0.009, 350.76, -24.47);
insert into SHOT values (1875, 1882, 1885, 1243, 4.340, 201.77, 61.70, 4.338, 201.70, 61.71, 0.003, 74.08, -22.32);
insert into SHOT values (1876, 1882, 1886, 1243, 3.050, 277.67, 5.20, 3.051, 277.76, 5.27, 0.006, 3.56, 36.60);
insert into SHOT values (1877, 1882, 1887, 1243, 11.080, 267.27, 40.30, 11.082, 267.29, 40.32, 0.005, 13.80, 48.71);
insert into SHOT values (1878, 1882, 1888, 1243, 6.230, 241.97, 33.80, 6.231, 242.00, 33.84, 0.005, 353.06, 53.31);
insert into SHOT values (1879, 1888, 1889, 1243, 0.480, 306.77, -3.30, 0.479, 307.35, -3.59, 0.006, 50.76, -25.29);
insert into SHOT values (1880, 1888, 1890, 1243, 0.990, 285.57, -73.80, 0.990, 284.53, -73.64, 0.006, 223.65, 6.92);
insert into SHOT values (1881, 1888, 1891, 1243, 0.660, 183.47, 84.70, 0.653, 180.00, 84.73, 0.008, 76.97, -62.21);
insert into SHOT values (1882, 1888, 1892, 1243, 5.610, 241.37, 27.50, 5.610, 241.43, 27.50, 0.005, 332.03, -4.49);
insert into SHOT values (1883, 1892, 1893, 1243, 0.580, 324.67, 1.20, 0.574, 324.93, 1.00, 0.007, 119.69, -19.17);
insert into SHOT values (1884, 1892, 1894, 1243, 0.570, 313.57, -78.70, 0.570, 311.19, -79.25, 0.007, 172.42, -8.48);
insert into SHOT values (1885, 1892, 1895, 1243, 0.740, 271.97, 86.90, 0.741, 270.00, 86.91, 0.002, 180.22, 38.26);
insert into SHOT values (1886, 1892, 1896, 1243, 5.020, 256.47, 31.80, 5.019, 256.45, 31.73, 0.006, 232.03, -64.39);
insert into SHOT values (1887, 1896, 1897, 1243, 0.660, 156.57, 4.10, 0.669, 156.12, 4.29, 0.011, 126.14, 15.48);
insert into SHOT values (1888, 1896, 1898, 1243, 1.070, 94.17, -70.20, 1.067, 94.64, -69.63, 0.011, 113.32, 36.04);
insert into SHOT values (1889, 1896, 1899, 1243, 1.540, 195.37, 78.80, 1.540, 195.42, 78.73, 0.002, 205.11, -21.13);
insert into SHOT values (1890, 1896, 1900, 1243, 4.110, 237.57, 56.40, 4.116, 237.57, 56.45, 0.007, 244.90, 86.73);
insert into SHOT values (1891, 1900, 1901, 1243, 1.420, 239.37, -73.10, 1.420, 239.04, -73.29, 0.005, 86.25, -14.29);
insert into SHOT values (1892, 1900, 1902, 1243, 0.280, 12.27, 2.40, 0.277, 12.53, 2.07, 0.004, 170.48, -26.80);
insert into SHOT values (1893, 1900, 1903, 1243, 0.360, 185.17, -43.20, 0.361, 184.40, -43.79, 0.005, 69.43, -42.58);
insert into SHOT values (1894, 1900, 1904, 1243, 4.940, 261.77, 27.90, 4.939, 261.70, 27.88, 0.005, 170.47, -18.05);
insert into SHOT values (1895, 1904, 1905, 1243, 0.690, 359.67, 1.70, 0.690, 0.00, 1.66, 0.004, 85.51, -6.65);
insert into SHOT values (1896, 1904, 1906, 1243, 1.110, 34.17, -70.90, 1.112, 34.99, -70.77, 0.006, 94.99, -10.38);
insert into SHOT values (1897, 1904, 1907, 1243, 1.070, 273.27, 81.90, 1.071, 273.81, 81.93, 0.002, 20.22, 24.18);
insert into SHOT values (1898, 1904, 1908, 1243, 3.990, 263.67, 45.40, 3.986, 263.64, 45.43, 0.005, 101.67, -12.11);
insert into SHOT values (1899, 1908, 1909, 1243, 1.090, 169.57, 4.40, 1.091, 169.41, 4.20, 0.005, 110.38, -46.86);
insert into SHOT values (1900, 1908, 1910, 1243, 1.530, 208.97, -59.90, 1.535, 208.91, -60.08, 0.007, 50.44, -71.77);
insert into SHOT values (1901, 1908, 1911, 1243, 1.050, 152.37, 71.30, 1.042, 152.65, 71.75, 0.011, 323.31, -23.97);
insert into SHOT values (1902, 1908, 1912, 1243, 2.510, 236.37, 27.70, 2.506, 236.38, 27.57, 0.007, 18.56, -81.87);
insert into SHOT values (1903, 1912, 1913, 1243, 0.440, 118.67, -11.70, 0.437, 117.76, -10.55, 0.012, 16.28, 52.95);
insert into SHOT values (1904, 1912, 1914, 1243, 0.660, 147.47, -62.10, 0.655, 148.39, -62.24, 0.007, 273.47, 28.30);
insert into SHOT values (1905, 1912, 1915, 1243, 1.290, 208.07, -29.80, 1.293, 208.16, -29.68, 0.004, 236.25, 15.34);
insert into SHOT values (1906, 1912, 1916, 1243, 0.220, 96.97, 43.00, 0.220, 97.13, 42.93, 0.001, 149.16, -4.01);
insert into SHOT values (1907, 1912, 1917, 1243, 0.370, 231.57, 61.50, 0.375, 231.84, 61.65, 0.005, 261.47, 70.39);
insert into SHOT values (1908, 1912, 1918, 1243, 0.390, 257.17, 25.00, 0.397, 257.12, 25.34, 0.008, 254.51, 42.90);
insert into SHOT values (1909, 1915, 1919, 1243, 3.630, 208.47, -11.00, 3.628, 208.51, -10.96, 0.004, 327.61, 41.72);
insert into SHOT values (1910, 1915, 1920, 1243, 0.290, 307.17, -2.70, 0.292, 308.05, -1.96, 0.006, 9.55, 35.85);
insert into SHOT values (1911, 1915, 1921, 1243, 0.450, 114.67, -0.60, 0.448, 113.70, 0.00, 0.009, 7.92, 30.93);
insert into SHOT values (1912, 1919, 1922, 1243, 1.450, 307.37, 82.30, 1.453, 308.66, 82.40, 0.006, 64.63, 32.22);
insert into SHOT values (1913, 1922, 1923, 1243, 1.630, 293.07, 10.00, 1.633, 293.06, 9.87, 0.004, 289.17, -42.89);
insert into SHOT values (1914, 1923, 1924, 1243, 0.380, 13.67, 2.00, 0.381, 13.67, 1.50, 0.003, 15.57, -72.62);
insert into SHOT values (1915, 1923, 1925, 1243, 0.430, 171.57, -2.90, 0.436, 170.75, -2.63, 0.009, 126.52, 11.37);
insert into SHOT values (1916, 1923, 1926, 1243, 1.340, 5.27, 81.20, 1.345, 5.71, 81.41, 0.007, 164.02, 53.31);
insert into SHOT values (1917, 1923, 1927, 1243, 0.870, 10.67, -81.40, 0.870, 12.99, -81.18, 0.006, 70.03, 1.98);
insert into SHOT values (1918, 1923, 1928, 1243, 1.890, 120.17, 48.50, 1.892, 120.26, 48.64, 0.005, 256.09, 57.68);
insert into SHOT values (1919, 1928, 1929, 1243, 0.550, 6.47, 9.20, 0.550, 7.39, 8.36, 0.012, 86.58, -41.80);
insert into SHOT values (1920, 1928, 1930, 1243, 0.240, 258.27, 18.60, 0.236, 257.20, 17.24, 0.008, 144.07, -54.80);
insert into SHOT values (1921, 1928, 1931, 1243, 0.540, 315.97, 71.30, 0.537, 315.00, 71.59, 0.005, 175.65, -18.43);
insert into SHOT values (1922, 1928, 1932, 1243, 2.110, 290.27, -75.90, 2.113, 290.56, -75.96, 0.005, 48.53, -50.49);
insert into SHOT values (1923, 1928, 1933, 1243, 1.480, 164.07, 27.80, 1.481, 164.05, 27.77, 0.001, 151.98, -11.25);
insert into SHOT values (1924, 1933, 1934, 1243, 0.750, 73.37, -7.90, 0.758, 73.74, -8.34, 0.011, 107.92, -38.73);
insert into SHOT values (1925, 1933, 1935, 1243, 0.950, 42.27, 70.60, 0.945, 43.73, 70.32, 0.010, 114.37, -35.41);
insert into SHOT values (1926, 1933, 1936, 1243, 0.420, 273.07, 4.90, 0.412, 272.79, 4.18, 0.010, 106.86, -35.56);
insert into SHOT values (1927, 1933, 1937, 1243, 1.020, 355.47, 1.00, 1.023, 355.52, 0.56, 0.009, 10.42, -66.43);
insert into SHOT values (1928, 1933, 1938, 1243, 1.420, 10.07, 37.40, 1.418, 10.21, 37.33, 0.004, 103.97, -40.31);
insert into SHOT values (1929, 1938, 1939, 1243, 0.490, 186.07, -2.10, 0.493, 185.83, -2.33, 0.004, 150.36, -30.06);
insert into SHOT values (1930, 1938, 1940, 1243, 0.500, 244.97, -58.20, 0.505, 245.38, -58.45, 0.005, 319.50, -68.79);
insert into SHOT values (1931, 1938, 1941, 1243, 0.480, 200.47, 38.00, 0.473, 200.38, 37.84, 0.007, 27.30, -48.29);
insert into SHOT values (1932, 1938, 1942, 1243, 0.680, 282.27, -11.00, 0.677, 282.15, -11.06, 0.003, 128.66, -4.92);
insert into SHOT values (1933, 1942, 1943, 1243, 0.590, 246.37, 65.60, 0.590, 247.75, 66.24, 0.009, 23.10, 17.83);
insert into SHOT values (1934, 1942, 1944, 1243, 0.440, 201.97, 4.90, 0.433, 201.80, 5.30, 0.008, 31.25, 17.46);
insert into SHOT values (1935, 1942, 1945, 1243, 0.330, 2.87, 19.50, 0.329, 1.85, 19.53, 0.006, 262.99, -1.60);
insert into SHOT values (1936, 1942, 1946, 1243, 2.000, 318.17, 22.00, 2.001, 318.06, 22.01, 0.004, 242.53, 12.35);
insert into SHOT values (1937, 1942, 1947, 1243, 1.530, 317.97, 21.80, 1.533, 318.13, 21.82, 0.005, 13.62, 19.86);
insert into SHOT values (1938, 1947, 1948, 1243, 0.690, 173.77, 15.60, 0.688, 173.95, 15.17, 0.006, 286.78, -67.86);
insert into SHOT values (1939, 1947, 1949, 1243, 0.770, 206.47, 68.70, 0.764, 207.47, 68.35, 0.009, 274.17, -54.10);
insert into SHOT values (1940, 1947, 1950, 1243, 1.110, 344.87, 18.80, 1.108, 344.51, 18.96, 0.007, 232.57, 17.75);
insert into SHOT values (1941, 1947, 1951, 1243, 0.720, 172.17, -77.40, 0.728, 172.87, -77.20, 0.009, 197.73, -57.80);
insert into SHOT values (1942, 1947, 1952, 1243, 2.320, 218.57, 35.70, 2.319, 218.75, 35.61, 0.007, 299.62, -31.29);
insert into SHOT values (1943, 1952, 1953, 1243, 0.480, 25.27, -11.70, 0.476, 25.46, -12.13, 0.006, 186.97, -27.57);
insert into SHOT values (1944, 1952, 1954, 1243, 0.820, 8.37, -82.20, 0.818, 10.30, -82.14, 0.005, 91.54, 32.36);
insert into SHOT values (1945, 1952, 1955, 1243, 0.480, 330.57, 81.70, 0.485, 333.43, 82.04, 0.006, 94.90, 51.04);
insert into SHOT values (1946, 1952, 1956, 1243, 1.900, 300.67, 29.20, 1.894, 300.61, 29.41, 0.009, 131.86, 19.07);
insert into SHOT values (1947, 1956, 1957, 1243, 0.420, 163.17, -1.70, 0.418, 163.30, -1.37, 0.003, 319.18, 45.56);
insert into SHOT values (1948, 1956, 1958, 1243, 0.960, 250.87, -78.80, 0.959, 251.57, -78.59, 0.004, 286.26, 23.25);
insert into SHOT values (1949, 1956, 1959, 1243, 0.280, 258.97, 34.90, 0.283, 260.13, 34.43, 0.006, 310.64, -1.90);
insert into SHOT values (1950, 1956, 1960, 1243, 3.010, 225.37, 22.00, 3.013, 225.44, 22.03, 0.005, 280.67, 30.77);
insert into SHOT values (1951, 1956, 1961, 1243, 3.470, 225.77, 22.00, 3.470, 225.88, 22.00, 0.006, 312.39, 1.02);
insert into SHOT values (1952, 1961, 1962, 1243, 0.730, 130.77, 6.80, 0.734, 131.11, 6.25, 0.009, 171.47, -43.60);
insert into SHOT values (1953, 1961, 1963, 1243, 0.630, 127.07, -53.10, 0.635, 127.48, -53.45, 0.007, 222.42, -66.33);
insert into SHOT values (1954, 1961, 1964, 1243, 0.430, 129.37, 71.30, 0.434, 129.29, 70.88, 0.005, 126.81, 32.32);
insert into SHOT values (1955, 1961, 1965, 1243, 1.110, 159.57, 28.90, 1.107, 159.51, 28.62, 0.007, 49.83, -81.54);
insert into SHOT values (1956, 1961, 1966, 1243, 0.800, 188.37, -8.50, 0.807, 187.93, -8.56, 0.009, 144.60, -11.21);
insert into SHOT values (1957, 1961, 1967, 1243, 1.060, 183.47, 49.10, 1.064, 183.27, 48.77, 0.008, 164.86, -9.12);
insert into SHOT values (1958, 1961, 1968, 1243, 1.060, 219.57, 26.70, 1.055, 219.42, 26.45, 0.007, 89.79, -63.04);
insert into SHOT values (1959, 1968, 1969, 1243, 2.390, 276.77, 27.10, 2.388, 276.76, 27.16, 0.003, 103.53, 23.50);
insert into SHOT values (1960, 1969, 1970, 1243, 0.540, 141.97, -2.80, 0.542, 142.50, -2.11, 0.009, 204.05, 48.37);
insert into SHOT values (1961, 1969, 1971, 1243, 0.990, 14.47, -80.90, 0.982, 11.31, -81.04, 0.012, 259.97, 39.17);
insert into SHOT values (1962, 1969, 1972, 1243, 0.410, 98.87, 85.10, 0.411, 108.43, 85.59, 0.007, 225.00, 12.96);
insert into SHOT values (1963, 1969, 1973, 1243, 0.940, 220.17, -9.80, 0.943, 220.20, -9.77, 0.003, 229.68, -0.05);
insert into SHOT values (1964, 1969, 1974, 1243, 1.500, 168.07, 25.10, 1.502, 168.11, 25.21, 0.004, 221.28, 70.14);
insert into SHOT values (1965, 1974, 1975, 1243, 0.340, 306.37, 10.50, 0.341, 306.53, 10.12, 0.003, 335.69, -45.18);
insert into SHOT values (1966, 1974, 1976, 1243, 0.580, 333.97, -78.20, 0.584, 331.39, -77.60, 0.009, 293.34, -14.62);
insert into SHOT values (1967, 1974, 1977, 1243, 0.570, 275.27, 66.50, 0.569, 274.97, 66.06, 0.005, 256.80, -35.84);
insert into SHOT values (1968, 1974, 1978, 1243, 3.370, 75.57, 2.90, 3.371, 75.55, 2.89, 0.001, 27.25, -22.56);
insert into SHOT values (1969, 1978, 1979, 1243, 0.360, 187.47, -11.70, 0.360, 188.13, -11.20, 0.005, 263.62, 35.45);
insert into SHOT values (1970, 1978, 1980, 1243, 0.950, 160.77, -87.90, 0.951, 165.96, -87.51, 0.007, 191.63, -5.01);
insert into SHOT values (1971, 1978, 1981, 1243, 0.360, 340.27, -14.90, 0.353, 339.44, -14.75, 0.008, 198.75, 18.04);
insert into SHOT values (1972, 1978, 1982, 1243, 1.010, 297.37, -61.30, 1.013, 297.10, -61.51, 0.005, 165.85, -53.26);
insert into SHOT values (1973, 1982, 1983, 1243, 0.320, 215.47, 22.60, 0.327, 216.87, 23.43, 0.011, 274.08, 39.22);
insert into SHOT values (1974, 1982, 1984, 1243, 0.370, 26.27, 13.90, 0.365, 25.11, 14.29, 0.009, 256.91, 6.93);
insert into SHOT values (1975, 1982, 1985, 1243, 0.670, 265.57, 78.20, 0.675, 265.91, 77.99, 0.005, 279.88, 50.33);
insert into SHOT values (1976, 1982, 1986, 1243, 2.300, 312.67, 22.60, 2.309, 312.53, 22.67, 0.011, 276.12, 35.14);
insert into SHOT values (1977, 1986, 1987, 1243, 0.990, 111.47, 1.90, 0.988, 111.37, 1.74, 0.004, 338.60, -51.46);
insert into SHOT values (1978, 1986, 1988, 1243, 0.680, 102.97, -74.60, 0.685, 102.53, -74.39, 0.006, 82.68, -47.40);
insert into SHOT values (1979, 1986, 1989, 1243, 0.490, 334.87, 66.20, 0.491, 336.04, 66.36, 0.004, 76.12, 22.13);
insert into SHOT values (1980, 1986, 1990, 1243, 1.190, 357.57, 46.00, 1.188, 357.93, 45.66, 0.009, 51.21, -42.57);
insert into SHOT values (1981, 1990, 1991, 1243, 1.120, 67.37, -55.40, 1.119, 67.86, -55.30, 0.006, 147.77, 18.80);
insert into SHOT values (1982, 1991, 1992, 1243, 1.960, 118.07, -12.20, 1.958, 118.04, -12.09, 0.004, 341.28, 71.40);
insert into SHOT values (1983, 1992, 1993, 1243, 0.550, 328.07, -12.10, 0.557, 327.77, -12.44, 0.008, 303.04, -35.44);
insert into SHOT values (1984, 1992, 1994, 1243, 0.470, 242.47, -17.70, 0.476, 242.30, -18.37, 0.008, 224.47, -59.24);
insert into SHOT values (1985, 1992, 1995, 1243, 0.890, 253.57, 58.80, 0.893, 253.89, 58.35, 0.008, 273.18, -9.27);
insert into SHOT values (1986, 1992, 1996, 1243, 3.660, 155.47, -82.20, 3.663, 156.04, -82.27, 0.008, 286.68, -30.62);
insert into SHOT values (1987, 1996, 1997, 1243, 0.710, 126.57, -6.60, 0.713, 126.38, -6.45, 0.004, 87.08, 24.43);
insert into SHOT values (1988, 1996, 1998, 1243, 0.470, 50.77, -13.10, 0.473, 51.15, -12.21, 0.008, 85.07, 50.16);
insert into SHOT values (1989, 1996, 1999, 1243, 0.610, 105.07, -10.20, 0.612, 105.42, -10.36, 0.004, 175.98, -26.57);
insert into SHOT values (1990, 1996, 2000, 1243, 1.270, 14.47, -51.50, 1.264, 14.74, -51.56, 0.007, 155.64, 32.81);
insert into SHOT values (1991, 2000, 2001, 1243, 0.610, 277.27, -2.00, 0.606, 277.59, -1.89, 0.006, 58.55, 13.08);
insert into SHOT values (1992, 2000, 2002, 1243, 0.500, 178.07, -20.10, 0.500, 177.56, -19.87, 0.005, 99.83, 23.46);
insert into SHOT values (1993, 2000, 2003, 1243, 2.510, 239.27, -1.90, 2.512, 239.35, -2.05, 0.008, 298.67, -58.03);
insert into SHOT values (1994, 2003, 2004, 1243, 0.610, 326.87, 17.80, 0.610, 327.68, 18.14, 0.009, 63.99, 23.01);
insert into SHOT values (1995, 2003, 2005, 1243, 0.490, 126.37, 35.30, 0.501, 126.03, 35.40, 0.011, 109.83, 38.93);
insert into SHOT values (1996, 2003, 2006, 1243, 0.970, 282.07, 76.30, 0.976, 282.80, 76.64, 0.009, 67.01, 56.34);
insert into SHOT values (1997, 2003, 2007, 1243, 2.580, 256.27, 33.70, 2.581, 256.22, 33.92, 0.010, 94.63, 59.09);
insert into SHOT values (1998, 2007, 2008, 1243, 0.340, 144.87, 13.90, 0.340, 144.87, 13.62, 0.002, 143.63, -86.32);
insert into SHOT values (1999, 2007, 2009, 1243, 0.300, 325.27, 1.50, 0.302, 325.78, 0.00, 0.009, 13.81, -65.09);
insert into SHOT values (2000, 2007, 2010, 1243, 1.250, 17.37, 86.50, 1.242, 15.95, 86.64, 0.009, 224.44, -62.65);
insert into SHOT values (2001, 2007, 2011, 1243, 1.600, 92.77, -78.70, 1.600, 91.85, -78.82, 0.006, 328.46, -9.59);
insert into SHOT values (2002, 2007, 2012, 1243, 1.810, 243.17, 66.50, 1.811, 243.79, 66.42, 0.008, 314.09, 0.83);
insert into SHOT values (2003, 2012, 2013, 1243, 0.440, 35.77, -6.10, 0.439, 36.61, -6.54, 0.007, 139.39, -26.23);
insert into SHOT values (2004, 2012, 2014, 1243, 0.710, 349.67, -71.60, 0.716, 349.70, -71.80, 0.006, 157.04, -85.31);
insert into SHOT values (2005, 2012, 2015, 1243, 0.210, 0.17, 50.20, 0.206, 4.40, 50.82, 0.011, 114.71, -7.22);
insert into SHOT values (2006, 2012, 2016, 1243, 1.910, 295.77, 12.20, 1.907, 295.74, 12.10, 0.004, 140.64, -61.47);
insert into SHOT values (2007, 2016, 2017, 1243, 0.550, 136.87, 2.10, 0.552, 136.47, 2.08, 0.004, 75.40, -2.03);
insert into SHOT values (2008, 2016, 2018, 1243, 0.220, 294.17, -7.10, 0.221, 294.23, -7.79, 0.003, 307.37, -69.83);
insert into SHOT values (2009, 2016, 2019, 1243, 0.870, 178.77, -88.90, 0.870, 180.00, -88.68, 0.003, 186.22, -2.76);
insert into SHOT values (2010, 2016, 2020, 1243, 0.700, 199.87, 75.50, 0.703, 199.44, 75.15, 0.006, 184.87, 23.90);
insert into SHOT values (2011, 2016, 2021, 1243, 2.030, 199.87, 27.30, 2.032, 199.74, 27.24, 0.005, 138.99, -13.00);
insert into SHOT values (2012, 2021, 2022, 1243, 0.430, 317.77, 2.50, 0.432, 317.82, 2.65, 0.003, 327.09, 28.44);
insert into SHOT values (2013, 2021, 2023, 1243, 0.860, 230.67, 85.30, 0.862, 231.34, 85.74, 0.007, 44.00, 24.04);
insert into SHOT values (2014, 2021, 2024, 1243, 0.610, 274.57, -66.20, 0.614, 274.57, -65.87, 0.005, 274.98, -22.02);
insert into SHOT values (2015, 2021, 2025, 1243, 0.330, 117.87, 24.10, 0.335, 117.41, 24.72, 0.006, 77.79, 54.24);
insert into SHOT values (2016, 2021, 2026, 1243, 4.140, 238.57, 31.30, 4.139, 238.65, 31.30, 0.005, 340.76, -8.99);
insert into SHOT values (2017, 2026, 2027, 1243, 0.260, 153.67, -5.60, 0.269, 153.43, -4.26, 0.011, 147.21, 29.16);
insert into SHOT values (2018, 2026, 2028, 1243, 1.150, 315.47, -10.70, 1.144, 315.36, -10.58, 0.007, 155.54, 30.16);
insert into SHOT values (2019, 2026, 2029, 1243, 0.730, 315.37, -84.20, 0.723, 315.00, -84.39, 0.007, 143.76, 63.70);
insert into SHOT values (2020, 2026, 2030, 1243, 3.450, 288.37, 74.50, 3.454, 288.43, 74.60, 0.007, 95.74, 47.40);
insert into SHOT values (2021, 2026, 2031, 1243, 4.960, 325.37, 55.40, 4.954, 325.29, 55.44, 0.008, 174.60, -20.29);
insert into SHOT values (2022, 2031, 2032, 1243, 1.160, 182.57, 3.60, 1.154, 182.49, 3.98, 0.010, 15.65, 46.48);
insert into SHOT values (2023, 2031, 2033, 1243, 0.600, 77.77, 21.10, 0.604, 77.69, 21.35, 0.005, 64.79, 50.93);
insert into SHOT values (2024, 2031, 2034, 1243, 1.110, 147.57, 3.30, 1.109, 147.17, 3.62, 0.010, 46.92, 38.19);
insert into SHOT values (2025, 2031, 2035, 1243, 4.361, 258.07, 72.70, 4.367, 258.00, 72.71, 0.007, 212.67, 70.88);
insert into SHOT values (2026, 2035, 2036, 1243, 3.990, 247.17, 19.10, 3.983, 247.18, 19.05, 0.008, 57.44, -44.03);
insert into SHOT values (2027, 2035, 2037, 1243, 1.220, 311.97, 22.60, 1.220, 312.48, 22.67, 0.010, 47.48, 6.54);
insert into SHOT values (2028, 2035, 2038, 1243, 1.960, 7.57, 6.00, 1.968, 7.63, 5.83, 0.010, 23.41, -30.13);
insert into SHOT values (2029, 2035, 2039, 1243, 0.880, 181.87, -0.60, 0.881, 181.95, -0.65, 0.002, 249.03, -28.61);
insert into SHOT values (2030, 2035, 2040, 1243, 4.360, 112.17, -72.30, 4.367, 112.12, -72.30, 0.007, 86.74, -69.52);
insert into SHOT values (2031, 2035, 2041, 1243, 4.970, 245.77, 46.30, 4.964, 245.90, 46.32, 0.010, 6.70, -18.40);
insert into SHOT values (2032, 2041, 2042, 1243, 1.440, 147.87, 35.10, 1.444, 147.79, 35.08, 0.005, 124.97, 25.97);
insert into SHOT values (2033, 2042, 2043, 1243, 1.770, 229.27, -14.50, 1.771, 229.25, -14.38, 0.004, 220.13, 53.66);
insert into SHOT values (2034, 2042, 2044, 1243, 0.620, 277.77, -1.00, 0.625, 277.35, -0.92, 0.007, 236.90, 6.78);
insert into SHOT values (2035, 2042, 2045, 1243, 0.730, 222.87, -69.30, 0.729, 223.45, -68.95, 0.005, 258.92, 32.31);
insert into SHOT values (2036, 2042, 2046, 1243, 0.310, 276.37, 58.20, 0.306, 277.13, 58.19, 0.005, 51.23, -49.01);
insert into SHOT values (2037, 2042, 2047, 1243, 0.790, 305.07, 14.60, 0.794, 304.93, 14.59, 0.004, 280.38, 11.26);
insert into SHOT values (2038, 2042, 2048, 1243, 1.730, 231.27, 65.00, 1.732, 231.10, 64.99, 0.003, 172.66, 39.29);
insert into SHOT values (2039, 2042, 2049, 1243, 0.600, 113.17, 0.40, 0.600, 113.57, 0.00, 0.006, 202.06, -44.39);
insert into SCRAPS values (1245, 1239, 'SP-siphon-1', 1, 10.04942, 0.09055);
 insert into SCRAPS values (1270, 1239, 'SP-siphon-2', 1, 2.20120, 0.19318);
 insert into SCRAPS values (1278, 1239, 'SP-siphon-3', 1, 1.58578, 0.14111);
 insert into SCRAPS values (1294, 1239, 'SP-siphon-4', 1, 2.46075, 0.45861);
 insert into SCRAPS values (1306, 1239, 'SP-siphon-5', 1, 25.92300, 0.31583);
 insert into SCRAPS values (1327, 1239, 'SC-siphon-elev-1', 2, 56.83158, 2.06636);
 insert into SCRAPS values (1352, 1239, 'SC-siphon-elev-3', 2, 37.13446, 1.53058);
 insert into SCRAPS values (1393, 1239, 'SC-siphon-elev-2', 2, 10.79818, 2.18982);
 insert into MAPS values (1401, 1239, 'MP-siphon-plan-tot', 'siphon', 1, 126.921, -51.350);
 insert into MAPITEMS values (1401, 4, 1294);
 insert into MAPITEMS values (1401, 4, 1278);
 insert into MAPITEMS values (1401, 4, 1270);
 insert into MAPITEMS values (1401, 4, 1245);
 insert into MAPITEMS values (1401, 4, 1306);
 insert into MAPS values (1402, 1239, 'MC-siphon-coupe-elev-tot', 'Spel-bivy', 2, 126.921, -51.350);
 insert into MAPITEMS values (1402, 4, 1327);
 insert into MAPITEMS values (1402, 4, 1393);
 insert into MAPITEMS values (1402, 4, 1352);
 insert into SURVEY values (1404, 332, 'chienlit-speleoloques', 'chienlit-speleoloques.Kriska.Ded', 'chienlit-speleoloques');
 insert into CENTRELINE values (1405, 1404, NULL, NULL, NULL, 0.00, 0.00, 0.00);
 insert into SURVEY values (1406, 1404, 'chienlit-speleoloques', 'chienlit-speleoloques.chienlit-speleoloques.Kriska.Ded', 'chienlit-speleoloques');
 insert into CENTRELINE values (1407, 1406, NULL, NULL, NULL, 0.00, 0.00, 0.00);
 insert into CENTRELINE values (1408, 1406, NULL, '2022-01-22', NULL, 0.00, 0.00, 187.57);
 insert into PERSON values (33, NULL, 'Laura');
insert into TOPO values (33, 1408);
 insert into TOPO values (2, 1408);
 insert into SHOT values (2040, 2050, 2051, 1408, 2.290, 128.99, 0.30, 2.290, 128.97, 0.50, 0.008, 9.17, 83.88);
insert into SHOT_FLAG values(2040, 'dpl');
insert into SHOT values (2041, 2050, 2052, 1408, 1.150, 46.49, -5.00, 1.150, 46.41, -4.99, 0.002, 325.28, 8.40);
insert into SHOT_FLAG values(2041, 'dpl');
insert into SHOT values (2042, 2050, 2053, 1408, 1.300, 222.09, 6.20, 1.303, 222.18, 6.17, 0.004, 255.73, -5.98);
insert into SHOT_FLAG values(2042, 'dpl');
insert into SHOT values (2043, 2050, 2054, 1408, 6.080, 344.99, -7.60, 6.078, 345.00, -7.56, 0.004, 145.00, 73.53);
insert into SHOT_FLAG values(2043, 'dpl');
insert into SHOT values (2044, 2050, 2055, 1408, 5.250, 14.59, -7.90, 5.247, 14.60, -7.89, 0.003, 180.58, 32.78);
insert into SHOT_FLAG values(2044, 'dpl');
insert into SHOT values (2045, 2050, 2056, 1408, 4.120, 316.59, -14.70, 4.116, 316.53, -14.64, 0.008, 195.51, 46.12);
insert into SHOT_FLAG values(2045, 'dpl');
insert into SHOT values (2046, 2050, 2057, 1408, 2.050, 27.09, -80.20, 2.050, 27.30, -80.20, 0.001, 120.54, 3.88);
insert into SHOT_FLAG values(2046, 'dpl');
insert into SHOT values (2047, 2050, 2058, 1408, 14.050, 10.29, 68.80, 14.051, 10.20, 68.80, 0.008, 276.76, 6.27);
insert into SHOT_FLAG values(2047, 'dpl');
insert into SHOT values (2048, 2058, 2059, 1408, 4.440, 253.59, -1.00, 4.433, 253.49, -0.90, 0.013, 124.89, 35.82);
insert into SHOT_FLAG values(2048, 'dpl');
insert into SHOT values (2049, 2058, 2060, 1408, 3.440, 307.59, -5.20, 3.436, 307.64, -5.18, 0.005, 88.01, 21.17);
insert into SHOT_FLAG values(2049, 'dpl');
insert into SHOT values (2050, 2058, 2061, 1408, 2.030, 331.89, -0.80, 2.027, 332.04, -0.85, 0.007, 93.56, -14.62);
insert into SHOT_FLAG values(2050, 'dpl');
insert into SHOT values (2051, 2058, 2062, 1408, 1.570, 147.29, 1.10, 1.570, 147.22, 1.09, 0.002, 65.81, -4.12);
insert into SHOT_FLAG values(2051, 'dpl');
insert into SHOT values (2052, 2058, 2063, 1408, 4.330, 213.59, 1.10, 4.330, 213.51, 1.19, 0.009, 125.84, 47.07);
insert into SHOT_FLAG values(2052, 'dpl');
insert into SHOT values (2053, 2058, 2064, 1408, 9.720, 80.09, 85.30, 9.723, 80.66, 85.28, 0.009, 142.37, 16.77);
insert into SHOT_FLAG values(2053, 'dpl');
insert into SHOT values (2054, 2064, 2065, 1408, 4.080, 248.69, -5.50, 4.074, 248.75, -5.49, 0.007, 31.50, 8.74);
insert into SHOT_FLAG values(2054, 'dpl');
insert into SHOT values (2055, 2064, 2066, 1408, 3.860, 277.29, -5.20, 3.857, 277.33, -5.21, 0.004, 54.77, -2.44);
insert into SHOT_FLAG values(2055, 'dpl');
insert into SHOT values (2056, 2064, 2067, 1408, 3.070, 333.79, -8.30, 3.073, 333.86, -8.23, 0.006, 20.21, 33.63);
insert into SHOT_FLAG values(2056, 'dpl');
insert into SHOT values (2057, 2064, 2068, 1408, 3.880, 35.89, -4.30, 3.885, 35.86, -4.28, 0.006, 17.69, 8.98);
insert into SHOT_FLAG values(2057, 'dpl');
insert into SHOT values (2058, 2064, 2069, 1408, 2.860, 306.09, -6.60, 2.867, 306.15, -6.61, 0.008, 326.79, -9.47);
insert into SHOT_FLAG values(2058, 'dpl');
insert into SHOT values (2059, 2064, 2070, 1408, 1.080, 51.59, 34.20, 1.084, 51.34, 34.23, 0.006, 0.61, 30.27);
insert into SHOT_FLAG values(2059, 'dpl');
insert into SHOT values (2060, 2070, 2071, 1408, 16.690, 319.69, 85.20, 16.688, 319.67, 85.22, 0.006, 145.26, -13.57);
insert into SHOT_FLAG values(2060, 'dpl');
insert into SHOT values (2061, 2071, 2072, 1408, 0.300, 92.69, -3.00, 0.291, 91.97, -3.94, 0.011, 293.71, -23.03);
insert into SHOT_FLAG values(2061, 'dpl');
insert into SHOT values (2062, 2071, 2073, 1408, 3.870, 39.29, -2.60, 3.871, 39.12, -2.67, 0.012, 314.09, -21.28);
insert into SHOT_FLAG values(2062, 'dpl');
insert into SHOT values (2063, 2071, 2074, 1408, 3.680, 299.19, -2.30, 3.683, 299.28, -2.33, 0.007, 0.37, -19.27);
insert into SHOT_FLAG values(2063, 'dpl');
insert into SHOT values (2064, 2071, 2075, 1408, 2.370, 351.59, -7.40, 2.376, 351.46, -7.50, 0.009, 308.44, -30.56);
insert into SHOT_FLAG values(2064, 'dpl');
insert into SHOT values (2065, 2071, 2076, 1408, 1.900, 90.59, 70.00, 1.892, 90.00, 70.22, 0.013, 304.37, -24.51);
insert into SHOT_FLAG values(2065, 'dpl');
insert into SHOT values (2066, 2076, 2077, 1408, 1.770, 339.29, 81.30, 1.770, 340.20, 81.37, 0.005, 95.30, 4.46);
insert into SHOT_FLAG values(2066, 'dpl');
insert into SHOT values (2067, 2077, 2078, 1408, 1.560, 156.29, -5.60, 1.557, 156.41, -5.53, 0.005, 289.61, 26.21);
insert into SHOT_FLAG values(2067, 'dpl');
insert into SHOT values (2068, 2077, 2079, 1408, 2.650, 110.29, -4.20, 2.652, 110.35, -4.11, 0.005, 162.03, 48.18);
insert into SHOT_FLAG values(2068, 'dpl');
insert into SHOT values (2069, 2077, 2080, 1408, 1.350, 61.99, 0.70, 1.347, 62.10, 0.85, 0.006, 204.55, 39.11);
insert into SHOT_FLAG values(2069, 'dpl');
insert into SHOT values (2070, 2077, 2081, 1408, 2.330, 197.49, 63.30, 2.338, 197.22, 63.39, 0.010, 107.76, 59.92);
insert into SHOT_FLAG values(2070, 'dpl');
insert into SHOT values (2071, 2081, 2082, 1408, 3.140, 278.29, 86.80, 3.135, 276.34, 86.69, 0.010, 231.16, -31.25);
insert into SHOT_FLAG values(2071, 'dpl');
insert into SHOT values (2072, 2081, 2083, 1408, 2.160, 75.39, -0.40, 2.159, 75.51, -0.53, 0.007, 181.40, -45.82);
insert into SHOT_FLAG values(2072, 'dpl');
insert into SHOT values (2073, 2081, 2084, 1408, 1.210, 18.79, -6.20, 1.210, 18.43, -6.65, 0.012, 279.06, -50.88);
insert into SHOT_FLAG values(2073, 'dpl');
insert into SHOT values (2074, 2081, 2085, 1408, 1.700, 320.19, 36.00, 1.696, 320.30, 35.70, 0.010, 8.55, -69.06);
insert into SHOT_FLAG values(2074, 'dpl');
insert into SHOT values (2075, 2081, 2086, 1408, 0.880, 321.09, 36.20, 0.881, 320.71, 36.19, 0.005, 237.05, 3.22);
insert into SHOT_FLAG values(2075, 'dpl');
insert into SHOT values (2076, 2081, 2087, 1408, 1.680, 320.99, 36.30, 1.680, 320.68, 36.11, 0.009, 254.92, -29.68);
insert into SHOT_FLAG values(2076, 'dpl');
insert into SHOT values (2077, 2081, 2088, 1408, 0.500, 23.59, -16.30, 0.499, 23.36, -16.28, 0.002, 275.69, 9.15);
insert into SHOT_FLAG values(2077, 'dpl');
insert into SHOT values (2078, 2081, 2089, 1408, 1.850, 125.99, -82.00, 1.857, 126.87, -82.26, 0.012, 278.91, -43.54);
insert into SHOT_FLAG values(2078, 'dpl');
insert into SHOT values (2079, 2081, 2090, 1408, 4.770, 293.39, -57.50, 4.780, 293.37, -57.46, 0.011, 288.01, -40.90);
insert into SHOT_FLAG values(2079, 'dpl');
insert into SHOT values (2080, 2081, 2091, 1408, 2.570, 309.49, -33.80, 2.572, 309.50, -33.77, 0.003, 314.12, -6.96);
insert into SHOT_FLAG values(2080, 'dpl');
insert into SHOT values (2081, 2091, 2092, 1408, 0.840, 180.59, -4.60, 0.843, 180.68, -4.76, 0.004, 206.34, -40.63);
insert into SHOT_FLAG values(2081, 'dpl');
insert into SHOT values (2082, 2091, 2093, 1408, 3.240, 149.99, -77.70, 3.244, 150.46, -77.73, 0.007, 246.08, -37.54);
insert into SHOT_FLAG values(2082, 'dpl');
insert into SHOT values (2083, 2091, 2094, 1408, 1.150, 242.89, 76.90, 1.150, 242.45, 76.96, 0.002, 121.34, -1.76);
insert into SHOT_FLAG values(2083, 'dpl');
insert into SHOT values (2084, 2091, 2095, 1408, 2.520, 248.79, 10.30, 2.520, 248.71, 10.29, 0.003, 154.37, -9.81);
insert into SHOT_FLAG values(2084, 'dpl');
insert into SHOT values (2085, 2095, 2096, 1408, 1.290, 181.39, -73.10, 1.297, 181.51, -72.96, 0.008, 189.95, -47.77);
insert into SHOT_FLAG values(2085, 'dpl');
insert into SHOT values (2086, 2095, 2097, 1408, 0.270, 156.99, -11.10, 0.267, 157.38, -12.99, 0.010, 317.38, -56.74);
insert into SHOT_FLAG values(2086, 'dpl');
insert into SHOT values (2087, 2095, 2098, 1408, 5.290, 260.69, 83.00, 5.290, 261.12, 82.97, 0.006, 318.41, -5.68);
insert into SHOT_FLAG values(2087, 'dpl');
insert into SHOT values (2088, 2095, 2099, 1408, 0.260, 330.79, -16.60, 0.268, 329.42, -17.38, 0.010, 286.67, -33.09);
insert into SHOT_FLAG values(2088, 'dpl');
insert into SHOT values (2089, 2095, 2100, 1408, 2.110, 252.49, 34.00, 2.112, 252.39, 33.96, 0.004, 205.46, 1.43);
insert into SHOT_FLAG values(2089, 'dpl');
insert into SHOT values (2090, 2100, 2101, 1408, 1.370, 326.39, 17.20, 1.371, 326.19, 16.96, 0.008, 270.43, -42.49);
insert into SHOT_FLAG values(2090, 'dpl');
insert into SHOT values (2091, 2100, 2102, 1408, 0.280, 164.79, 12.50, 0.276, 164.93, 12.56, 0.004, 335.66, -8.25);
insert into SHOT_FLAG values(2091, 'dpl');
insert into SHOT values (2092, 2100, 2103, 1408, 1.700, 275.79, 74.30, 1.694, 276.20, 74.15, 0.008, 327.00, -56.99);
insert into SHOT_FLAG values(2092, 'dpl');
insert into SHOT values (2093, 2100, 2104, 1408, 2.720, 305.19, 49.00, 2.719, 305.20, 48.92, 0.004, 313.81, -50.67);
insert into SHOT_FLAG values(2093, 'dpl');
insert into SHOT values (2094, 2104, 2105, 1408, 0.840, 183.19, -3.80, 0.834, 183.45, -4.13, 0.009, 334.00, -29.59);
insert into SHOT_FLAG values(2094, 'dpl');
insert into SHOT values (2095, 2104, 2106, 1408, 1.690, 246.99, -1.20, 1.694, 247.07, -1.35, 0.007, 275.15, -43.77);
insert into SHOT_FLAG values(2095, 'dpl');
insert into SHOT values (2096, 2104, 2107, 1408, 0.800, 118.39, -9.20, 0.794, 118.20, -9.43, 0.008, 319.32, -16.12);
insert into SHOT_FLAG values(2096, 'dpl');
insert into SHOT values (2097, 2104, 2108, 1408, 2.350, 235.89, -78.60, 2.347, 236.31, -78.48, 0.007, 275.00, 33.81);
insert into SHOT_FLAG values(2097, 'dpl');
insert into SHOT values (2098, 2104, 2109, 1408, 0.530, 326.69, 4.50, 0.528, 326.61, 4.34, 0.002, 174.41, -45.15);
insert into SHOT_FLAG values(2098, 'dpl');
insert into SHOT values (2099, 2104, 2110, 1408, 8.320, 255.29, 63.40, 8.318, 255.37, 63.43, 0.007, 29.01, 5.39);
insert into SHOT_FLAG values(2099, 'dpl');
insert into SHOT values (2100, 2110, 2111, 1408, 0.420, 196.99, 0.70, 0.430, 197.59, 0.00, 0.012, 221.02, -24.84);
insert into SHOT_FLAG values(2100, 'dpl');
insert into SHOT values (2101, 2110, 2112, 1408, 0.640, 355.09, 6.90, 0.638, 354.56, 7.20, 0.007, 241.68, 25.95);
insert into SHOT_FLAG values(2101, 'dpl');
insert into SHOT values (2102, 2110, 2113, 1408, 37.810, 338.49, -84.80, 37.815, 338.39, -84.81, 0.011, 203.60, -32.16);
insert into SHOT_FLAG values(2102, 'dpl');
insert into SHOT values (2103, 2110, 2114, 1408, 4.120, 268.09, 82.00, 4.121, 268.03, 81.90, 0.007, 262.59, 0.78);
insert into SHOT_FLAG values(2103, 'dpl');
insert into SHOT values (2104, 2110, 2115, 1408, 3.240, 86.79, -3.60, 3.232, 86.80, -3.73, 0.011, 263.29, -37.34);
insert into SHOT_FLAG values(2104, 'dpl');
insert into SHOT values (2105, 2110, 2116, 1408, 1.340, 51.99, -2.70, 1.334, 52.01, -2.58, 0.007, 227.59, 26.45);
insert into SHOT_FLAG values(2105, 'dpl');
insert into SHOT values (2106, 2110, 2117, 1408, 3.770, 292.59, -1.20, 3.767, 292.48, -1.22, 0.008, 180.26, -7.52);
insert into SHOT_FLAG values(2106, 'dpl');
insert into SHOT values (2107, 2110, 2118, 1408, 4.140, 291.19, 21.80, 4.146, 291.17, 21.80, 0.007, 274.72, 22.87);
insert into SHOT_FLAG values(2107, 'dpl');
insert into SHOT values (2108, 2110, 2119, 1408, 8.310, 279.49, 64.10, 8.305, 279.36, 64.09, 0.010, 179.10, -31.95);
insert into SHOT_FLAG values(2108, 'dpl');
insert into SHOT values (2109, 2119, 2120, 1408, 2.810, 350.59, -0.70, 2.818, 350.60, -0.61, 0.009, 355.30, 28.31);
insert into SHOT_FLAG values(2109, 'dpl');
insert into SHOT values (2110, 2119, 2121, 1408, 3.320, 14.39, -4.70, 3.324, 14.33, -4.66, 0.006, 334.52, 20.22);
insert into SHOT_FLAG values(2110, 'dpl');
insert into SHOT values (2111, 2119, 2122, 1408, 1.180, 46.09, -10.50, 1.179, 45.70, -10.26, 0.009, 312.30, 32.33);
insert into SHOT_FLAG values(2111, 'dpl');
insert into SHOT values (2112, 2119, 2123, 1408, 0.520, 140.19, -44.70, 0.511, 140.60, -44.81, 0.010, 300.64, 36.77);
insert into SHOT_FLAG values(2112, 'dpl');
insert into SHOT values (2113, 2119, 2124, 1408, 8.070, 74.89, -76.40, 8.066, 74.72, -76.40, 0.007, 339.61, 32.97);
insert into SHOT_FLAG values(2113, 'dpl');
insert into SHOT values (2114, 2119, 2125, 1408, 2.200, 234.89, 16.60, 2.203, 235.03, 16.62, 0.006, 295.86, 14.22);
insert into SHOT_FLAG values(2114, 'dpl');
insert into SHOT values (2115, 2119, 2126, 1408, 3.610, 234.89, 16.50, 3.618, 234.98, 16.54, 0.010, 274.94, 29.12);
insert into SHOT_FLAG values(2115, 'dpl');
insert into SHOT values (2116, 2119, 2127, 1408, 2.540, 160.39, -5.70, 2.536, 160.56, -5.66, 0.009, 276.01, 15.40);
insert into SHOT_FLAG values(2116, 'dpl');
insert into SHOT values (2117, 2119, 2128, 1408, 0.730, 355.89, 3.00, 0.734, 355.30, 3.13, 0.008, 290.31, 12.23);
insert into SHOT_FLAG values(2117, 'dpl');
insert into SHOT values (2118, 2119, 2129, 1408, 1.860, 90.89, -74.00, 1.852, 90.00, -74.01, 0.012, 341.79, 43.43);
insert into SHOT_FLAG values(2118, 'dpl');
insert into SHOT values (2119, 2119, 2130, 1408, 0.670, 122.49, 82.50, 0.675, 119.74, 83.14, 0.010, 331.65, 35.87);
insert into SHOT_FLAG values(2119, 'dpl');
insert into SHOT values (2120, 2126, 2131, 1408, 2.770, 216.39, 28.70, 2.765, 216.44, 28.75, 0.006, 14.55, -2.07);
insert into SHOT_FLAG values(2120, 'dpl');
insert into SHOT values (2121, 2126, 2132, 1408, 0.570, 177.99, 25.10, 0.564, 177.75, 25.18, 0.006, 18.02, -16.24);
insert into SHOT_FLAG values(2121, 'dpl');
insert into SHOT values (2122, 2126, 2133, 1408, 1.390, 342.59, 0.20, 1.392, 342.87, 0.00, 0.008, 57.93, -35.01);
insert into SHOT_FLAG values(2122, 'dpl');
insert into SHOT values (2123, 2126, 2134, 1408, 2.580, 71.49, 10.30, 2.584, 71.42, 10.26, 0.005, 34.59, -14.49);
insert into SHOT_FLAG values(2123, 'dpl');
insert into SHOT values (2124, 2126, 2135, 1408, 4.820, 235.99, -0.50, 4.812, 236.01, -0.48, 0.008, 42.78, 14.56);
insert into SHOT_FLAG values(2124, 'dpl');
insert into SHOT values (2125, 2126, 2136, 1408, 5.030, 256.09, 4.60, 5.022, 256.13, 4.57, 0.009, 52.50, -21.67);
insert into SHOT_FLAG values(2125, 'dpl');
insert into SHOT values (2126, 2126, 2137, 1408, 1.820, 290.49, 7.20, 1.822, 290.74, 7.25, 0.008, 10.03, 13.26);
insert into SHOT_FLAG values(2126, 'dpl');
insert into SHOT values (2127, 2126, 2138, 1408, 20.100, 31.99, 81.00, 20.098, 32.02, 80.99, 0.006, 52.53, -25.76);
insert into SHOT_FLAG values(2127, 'dpl');
insert into SHOT values (2128, 2131, 2139, 1408, 1.300, 250.29, -16.40, 1.297, 250.25, -16.58, 0.005, 81.90, -35.85);
insert into SHOT_FLAG values(2128, 'dpl');
insert into SHOT values (2129, 2131, 2140, 1408, 8.280, 227.99, -68.50, 8.275, 227.94, -68.52, 0.006, 79.35, 37.98);
insert into SHOT_FLAG values(2129, 'dpl');
insert into SHOT values (2130, 2131, 2141, 1408, 9.140, 185.99, -66.70, 9.146, 185.87, -66.69, 0.010, 121.28, -32.15);
insert into SHOT_FLAG values(2130, 'dpl');
insert into SHOT values (2131, 2131, 2142, 1408, 4.160, 4.39, 68.30, 4.154, 4.48, 68.32, 0.007, 148.42, -50.61);
insert into SHOT_FLAG values(2131, 'dpl');
insert into SHOT values (2132, 2142, 2143, 1408, 2.960, 235.79, -9.60, 2.956, 235.76, -9.54, 0.005, 76.91, 44.37);
insert into SHOT_FLAG values(2132, 'dpl');
insert into SHOT values (2133, 2142, 2144, 1408, 1.550, 176.79, -4.80, 1.548, 176.66, -4.82, 0.004, 58.83, -4.14);
insert into SHOT_FLAG values(2133, 'dpl');
insert into SHOT values (2134, 2142, 2145, 1408, 1.550, 110.39, 0.30, 1.547, 110.43, 0.37, 0.003, 271.09, 33.46);
insert into SHOT_FLAG values(2134, 'dpl');
insert into SHOT values (2135, 2142, 2146, 1408, 2.460, 82.79, -0.40, 2.460, 82.76, -0.23, 0.007, 339.30, 78.96);
insert into SHOT_FLAG values(2135, 'dpl');
insert into SHOT values (2136, 2142, 2147, 1408, 8.520, 31.99, 77.50, 8.523, 31.97, 77.46, 0.007, 26.87, 16.25);
insert into SHOT_FLAG values(2136, 'dpl');
insert into SHOT values (2137, 2147, 2148, 1408, 2.360, 227.29, -6.10, 2.370, 227.24, -6.06, 0.010, 214.21, 4.44);
insert into SHOT_FLAG values(2137, 'dpl');
insert into SHOT values (2138, 2147, 2149, 1408, 2.300, 178.69, -5.10, 2.299, 178.75, -4.99, 0.005, 277.26, 62.22);
insert into SHOT_FLAG values(2138, 'dpl');
insert into SHOT values (2139, 2147, 2150, 1408, 2.250, 153.79, 4.20, 2.256, 153.89, 4.32, 0.009, 188.70, 37.39);
insert into SHOT_FLAG values(2139, 'dpl');
insert into SHOT values (2140, 2147, 2151, 1408, 6.360, 269.49, 76.80, 6.358, 269.21, 76.82, 0.008, 162.39, -14.75);
insert into SHOT_FLAG values(2140, 'dpl');
insert into SHOT values (2141, 2151, 2152, 1408, 1.830, 82.49, 11.50, 1.824, 82.28, 11.70, 0.011, 305.66, 27.99);
insert into SHOT_FLAG values(2141, 'dpl');
insert into SHOT values (2142, 2151, 2153, 1408, 2.320, 130.89, -1.00, 2.318, 130.98, -0.99, 0.004, 247.02, 7.24);
insert into SHOT_FLAG values(2142, 'dpl');
insert into SHOT values (2143, 2151, 2154, 1408, 1.100, 178.59, -3.30, 1.102, 178.96, -3.12, 0.008, 252.88, 24.38);
insert into SHOT_FLAG values(2143, 'dpl');
insert into SHOT values (2144, 2151, 2155, 1408, 6.000, 57.89, 81.00, 6.003, 57.67, 81.04, 0.006, 282.35, 36.89);
insert into SHOT_FLAG values(2144, 'dpl');
insert into SHOT values (2145, 2155, 2156, 1408, 3.000, 325.89, 5.80, 2.997, 325.94, 5.75, 0.005, 108.08, -39.23);
insert into SHOT_FLAG values(2145, 'dpl');
insert into SHOT values (2146, 2155, 2157, 1408, 3.430, 289.89, 2.80, 3.430, 289.97, 2.84, 0.005, 19.08, 27.76);
insert into SHOT_FLAG values(2146, 'dpl');
insert into SHOT values (2147, 2155, 2158, 1408, 1.440, 254.09, -7.30, 1.436, 254.11, -7.20, 0.005, 67.28, 37.13);
insert into SHOT_FLAG values(2147, 'dpl');
insert into SHOT values (2148, 2155, 2159, 1408, 14.610, 299.49, 49.70, 14.604, 299.50, 49.71, 0.006, 110.25, -24.86);
insert into SHOT_FLAG values(2148, 'dpl');
insert into SHOT values (2149, 2155, 2160, 1408, 7.050, 299.29, 49.90, 7.047, 299.28, 49.89, 0.003, 164.50, -56.69);
insert into SHOT_FLAG values(2149, 'dpl');
insert into SHOT values (2150, 2155, 2161, 1408, 6.930, 299.29, 49.80, 6.927, 299.32, 49.78, 0.004, 35.32, -57.96);
insert into SHOT_FLAG values(2150, 'dpl');
insert into SHOT values (2151, 2155, 2162, 1408, 6.860, 298.99, 49.80, 6.860, 299.05, 49.81, 0.005, 37.36, 4.14);
insert into SHOT_FLAG values(2151, 'dpl');
insert into SHOT values (2152, 2155, 2163, 1408, 1.900, 70.19, 0.30, 1.904, 70.04, 0.30, 0.007, 21.79, 0.45);
insert into SHOT_FLAG values(2152, 'dpl');
insert into SHOT values (2153, 2155, 2164, 1408, 3.450, 102.39, -7.10, 3.446, 102.33, -7.17, 0.007, 320.70, -30.82);
insert into SHOT_FLAG values(2153, 'dpl');
insert into SHOT values (2154, 2155, 2165, 1408, 2.650, 124.69, -5.50, 2.650, 124.65, -5.41, 0.004, 40.44, 66.68);
insert into SHOT_FLAG values(2154, 'dpl');
insert into SHOT values (2155, 2155, 2166, 1408, 0.490, 243.29, -19.40, 0.488, 242.88, -19.15, 0.005, 128.39, 37.04);
insert into SHOT_FLAG values(2155, 'dpl');
insert into SHOT values (2156, 2161, 2167, 1408, 8.250, 22.89, 82.80, 8.255, 22.83, 82.83, 0.006, 220.67, 56.19);
insert into SHOT_FLAG values(2156, 'dpl');
insert into SHOT values (2157, 2161, 2168, 1408, 9.210, 22.59, 82.70, 9.215, 22.62, 82.71, 0.005, 136.91, 82.12);
insert into SHOT_FLAG values(2157, 'dpl');
insert into SHOT values (2158, 2161, 2169, 1408, 0.300, 41.29, 11.40, 0.297, 40.82, 11.66, 0.004, 256.66, 9.56);
insert into SHOT_FLAG values(2158, 'dpl');
insert into SHOT values (2159, 2161, 2170, 1408, 0.280, 188.29, 6.20, 0.284, 188.13, 6.05, 0.005, 178.23, -3.02);
insert into SHOT_FLAG values(2159, 'dpl');
insert into SHOT values (2160, 2167, 2171, 1408, 4.400, 313.69, -3.50, 4.400, 313.80, -3.52, 0.009, 41.69, -9.36);
insert into SHOT_FLAG values(2160, 'dpl');
insert into SHOT values (2161, 2161, 2172, 1408, 4.410, 313.59, -3.40, 4.414, 313.62, -3.38, 0.005, 341.44, 17.53);
insert into SHOT_FLAG values(2161, 'dpl');
insert into SHOT values (2162, 2171, 2173, 1408, 0.380, 37.39, -1.30, 0.378, 37.48, -1.52, 0.002, 200.78, -35.08);
insert into SHOT_FLAG values(2162, 'dpl');
insert into SHOT values (2163, 2171, 2174, 1408, 0.160, 231.69, 15.80, 0.161, 230.19, 14.36, 0.006, 169.99, -37.57);
insert into SHOT_FLAG values(2163, 'dpl');
insert into SHOT values (2164, 2171, 2175, 1408, 9.150, 257.99, -79.00, 9.149, 257.79, -78.98, 0.007, 198.88, 14.85);
insert into SHOT_FLAG values(2164, 'dpl');
insert into SHOT values (2165, 2171, 2176, 1408, 3.790, 78.59, 82.80, 3.789, 78.93, 82.89, 0.007, 234.85, -0.96);
insert into SHOT_FLAG values(2165, 'dpl');
insert into SHOT values (2166, 2171, 2177, 1408, 4.550, 327.09, 50.60, 4.551, 327.03, 50.67, 0.006, 191.35, 40.89);
insert into SHOT_FLAG values(2166, 'dpl');
insert into SHOT values (2167, 2177, 2178, 1408, 2.130, 140.89, 10.60, 2.126, 140.83, 10.57, 0.005, 351.68, -21.48);
insert into SHOT_FLAG values(2167, 'dpl');
insert into SHOT values (2168, 2177, 2179, 1408, 1.810, 300.19, 3.10, 1.817, 300.10, 2.84, 0.011, 278.08, -44.98);
insert into SHOT_FLAG values(2168, 'dpl');
insert into SHOT values (2169, 2177, 2180, 1408, 0.470, 239.89, 7.60, 0.474, 240.71, 7.27, 0.008, 297.92, -15.28);
insert into SHOT_FLAG values(2169, 'dpl');
insert into SHOT values (2170, 2177, 2181, 1408, 0.540, 68.79, 15.00, 0.535, 68.40, 15.17, 0.006, 281.72, 2.13);
insert into SHOT_FLAG values(2170, 'dpl');
insert into SHOT values (2171, 2177, 2182, 1408, 13.140, 232.29, -78.80, 13.140, 232.32, -78.80, 0.001, 321.70, -10.30);
insert into SHOT_FLAG values(2171, 'dpl');
insert into SHOT values (2172, 2177, 2183, 1408, 3.170, 355.49, 74.70, 3.162, 355.18, 74.73, 0.010, 227.48, -53.04);
insert into SHOT_FLAG values(2172, 'dpl');
insert into SHOT values (2173, 2183, 2184, 1408, 1.960, 292.69, 59.20, 1.963, 292.97, 59.41, 0.009, 64.33, 44.41);
insert into SHOT_FLAG values(2173, 'dpl');
insert into SHOT values (2174, 2183, 2185, 1408, 1.890, 292.19, 59.50, 1.894, 292.57, 59.40, 0.008, 346.80, 10.89);
insert into SHOT_FLAG values(2174, 'dpl');
insert into SHOT values (2175, 2183, 2186, 1408, 1.990, 292.29, 59.30, 1.990, 292.53, 59.24, 0.005, 0.68, -13.45);
insert into SHOT_FLAG values(2175, 'dpl');
insert into SHOT values (2176, 2183, 2187, 1408, 1.910, 291.99, 59.40, 1.916, 292.35, 59.47, 0.009, 14.48, 44.37);
insert into SHOT_FLAG values(2176, 'dpl');
insert into SHOT values (2177, 2183, 2188, 1408, 0.680, 233.69, -1.80, 0.680, 233.97, -1.68, 0.004, 316.85, 21.99);
insert into SHOT_FLAG values(2177, 'dpl');
insert into SHOT values (2178, 2183, 2189, 1408, 1.800, 290.69, -77.40, 1.794, 290.73, -77.26, 0.007, 295.31, 66.06);
insert into SHOT_FLAG values(2178, 'dpl');
insert into SHOT values (2179, 2183, 2190, 1408, 1.440, 237.89, 61.50, 1.442, 238.17, 61.74, 0.007, 21.05, 38.85);
insert into SHOT_FLAG values(2179, 'dpl');
insert into SHOT values (2180, 2183, 2191, 1408, 1.570, 266.39, 25.00, 1.572, 266.78, 25.22, 0.012, 0.49, 34.15);
insert into SHOT_FLAG values(2180, 'dpl');
insert into SHOT values (2181, 2191, 2192, 1408, 0.390, 118.99, -10.20, 0.396, 119.20, -10.19, 0.006, 132.94, -9.15);
insert into SHOT_FLAG values(2181, 'dpl');
insert into SHOT values (2182, 2191, 2193, 1408, 0.510, 91.09, -84.10, 0.513, 101.31, -84.29, 0.010, 195.02, -16.17);
insert into SHOT_FLAG values(2182, 'dpl');
insert into SHOT values (2183, 2191, 2194, 1408, 0.760, 15.29, 49.70, 0.758, 15.46, 49.94, 0.004, 175.00, 5.09);
insert into SHOT_FLAG values(2183, 'dpl');
insert into SHOT values (2184, 2191, 2195, 1408, 2.490, 221.59, 4.50, 2.494, 221.58, 4.37, 0.007, 212.48, -52.53);
insert into SHOT_FLAG values(2184, 'dpl');
insert into SHOT values (2185, 2195, 2196, 1408, 0.200, 221.69, 5.10, 0.199, 220.91, 5.75, 0.004, 116.47, 38.54);
insert into SHOT_FLAG values(2185, 'dpl');
insert into SHOT values (2186, 2195, 2197, 1408, 0.460, 353.99, -1.90, 0.462, 355.03, -1.24, 0.010, 71.12, 31.44);
insert into SHOT_FLAG values(2186, 'dpl');
insert into SHOT values (2187, 2195, 2198, 1408, 1.500, 332.59, -63.20, 1.501, 332.68, -63.25, 0.002, 106.53, -38.87);
insert into SHOT_FLAG values(2187, 'dpl');
insert into SHOT values (2188, 2195, 2199, 1408, 1.030, 214.39, 85.50, 1.033, 209.74, 85.52, 0.007, 120.40, 25.87);
insert into SHOT_FLAG values(2188, 'dpl');
insert into SHOT values (2189, 2195, 2200, 1408, 6.230, 269.79, 18.10, 6.230, 269.81, 18.14, 0.005, 46.50, 62.78);
insert into SHOT_FLAG values(2189, 'dpl');
insert into SHOT values (2190, 2200, 2201, 1408, 2.790, 291.79, 26.10, 2.786, 291.84, 26.20, 0.007, 90.89, 21.68);
insert into SHOT_FLAG values(2190, 'dpl');
insert into SHOT values (2191, 2200, 2202, 1408, 1.540, 10.49, 26.50, 1.537, 10.49, 26.68, 0.006, 190.40, 28.56);
insert into SHOT_FLAG values(2191, 'dpl');
insert into SHOT values (2192, 2200, 2203, 1408, 1.860, 65.19, 15.30, 1.860, 65.29, 15.27, 0.003, 151.76, -14.28);
insert into SHOT_FLAG values(2192, 'dpl');
insert into SHOT values (2193, 2200, 2204, 1408, 2.200, 203.69, 26.30, 2.200, 203.58, 26.16, 0.007, 147.94, -45.63);
insert into SHOT_FLAG values(2193, 'dpl');
insert into SHOT values (2194, 2200, 2205, 1408, 4.190, 160.19, 14.10, 4.197, 160.19, 14.07, 0.007, 156.90, -5.86);
insert into SHOT_FLAG values(2194, 'dpl');
insert into SHOT values (2195, 2200, 2206, 1408, 4.040, 137.89, 11.50, 4.045, 137.86, 11.41, 0.008, 119.12, -41.41);
insert into SHOT_FLAG values(2195, 'dpl');
insert into SHOT values (2196, 2200, 2207, 1408, 3.780, 95.29, 9.20, 3.784, 95.37, 9.12, 0.009, 142.55, -30.32);
insert into SHOT_FLAG values(2196, 'dpl');
insert into SHOT values (2197, 2200, 2208, 1408, 3.310, 120.39, 32.00, 3.307, 120.40, 31.95, 0.004, 273.50, -71.72);
insert into SHOT_FLAG values(2197, 'dpl');
insert into SHOT values (2198, 2208, 2209, 1408, 5.070, 261.59, 47.30, 5.073, 261.47, 47.33, 0.008, 169.71, 28.56);
insert into SHOT_FLAG values(2198, 'dpl');
insert into SHOT values (2199, 2209, 2210, 1408, 2.410, 16.29, -0.40, 2.418, 16.34, -0.47, 0.009, 30.19, -21.92);
insert into SHOT_FLAG values(2199, 'dpl');
insert into SHOT values (2200, 2209, 2211, 1408, 2.850, 66.69, -6.00, 2.851, 66.51, -6.04, 0.009, 340.14, -13.09);
insert into SHOT_FLAG values(2200, 'dpl');
insert into SHOT values (2201, 2209, 2212, 1408, 3.250, 101.29, -5.60, 3.248, 101.24, -5.65, 0.005, 330.21, -36.96);
insert into SHOT_FLAG values(2201, 'dpl');
insert into SHOT values (2202, 2209, 2213, 1408, 3.490, 130.49, -12.80, 3.493, 130.47, -12.90, 0.007, 94.89, -75.19);
insert into SHOT_FLAG values(2202, 'dpl');
insert into SHOT values (2203, 2209, 2214, 1408, 11.670, 331.89, 88.40, 11.665, 332.65, 88.40, 0.007, 53.70, -51.28);
insert into SHOT_FLAG values(2203, 'dpl');
insert into SHOT values (2204, 2214, 2215, 1408, 2.200, 222.09, 9.30, 2.203, 222.20, 9.40, 0.007, 283.37, 42.80);
insert into SHOT_FLAG values(2204, 'dpl');
insert into SHOT values (2205, 2215, 2216, 1408, 2.180, 221.59, 9.10, 2.180, 221.61, 8.97, 0.005, 265.01, -76.92);
insert into SHOT_FLAG values(2205, 'dpl');
insert into SHOT values (2206, 2215, 2217, 1408, 3.340, 337.89, 1.80, 3.335, 337.98, 1.72, 0.009, 114.10, -34.81);
insert into SHOT_FLAG values(2206, 'dpl');
insert into SHOT values (2207, 2215, 2218, 1408, 1.980, 35.29, 1.70, 1.988, 35.37, 1.73, 0.008, 55.22, 8.92);
insert into SHOT_FLAG values(2207, 'dpl');
insert into SHOT values (2208, 2215, 2219, 1408, 3.880, 62.09, 2.30, 3.886, 62.05, 2.21, 0.009, 36.94, -40.40);
insert into SHOT_FLAG values(2208, 'dpl');
insert into SHOT values (2209, 2215, 2220, 1408, 3.910, 94.89, 1.10, 3.915, 94.84, 1.02, 0.008, 56.22, -40.33);
insert into SHOT_FLAG values(2209, 'dpl');
insert into SHOT values (2210, 2215, 2221, 1408, 8.750, 329.49, 79.60, 8.753, 329.53, 79.62, 0.004, 114.37, 61.05);
insert into SHOT_FLAG values(2210, 'dpl');
insert into SHOT values (2211, 2221, 2222, 1408, 3.070, 90.39, 0.60, 3.070, 90.37, 0.56, 0.002, 14.09, -65.36);
insert into SHOT_FLAG values(2211, 'dpl');
insert into SHOT values (2212, 2221, 2223, 1408, 5.260, 117.99, -5.40, 5.258, 118.03, -5.46, 0.007, 241.03, -46.98);
insert into SHOT_FLAG values(2212, 'dpl');
insert into SHOT values (2213, 2221, 2224, 1408, 1.740, 156.49, -3.40, 1.737, 156.54, -3.63, 0.008, 314.18, -59.73);
insert into SHOT_FLAG values(2213, 'dpl');
insert into SHOT values (2214, 2221, 2225, 1408, 1.200, 223.79, -6.60, 1.196, 223.64, -6.72, 0.005, 84.21, -22.71);
insert into SHOT_FLAG values(2214, 'dpl');
insert into SHOT values (2215, 2221, 2226, 1408, 2.690, 224.79, 72.10, 2.690, 224.51, 72.09, 0.004, 142.46, 2.95);
insert into SHOT_FLAG values(2215, 'dpl');
insert into SHOT values (2216, 2226, 2227, 1408, 0.570, 7.59, 5.50, 0.576, 7.00, 4.98, 0.010, 326.90, -27.06);
insert into SHOT_FLAG values(2216, 'dpl');
insert into SHOT values (2217, 2226, 2228, 1408, 6.210, 180.39, 74.90, 6.203, 180.36, 74.96, 0.010, 7.72, -35.72);
insert into SHOT_FLAG values(2217, 'dpl');
insert into SHOT values (2218, 2226, 2229, 1408, 0.260, 261.59, 14.80, 0.259, 263.16, 13.40, 0.009, 348.88, -42.96);
insert into SHOT_FLAG values(2218, 'dpl');
insert into SHOT values (2219, 2226, 2230, 1408, 2.730, 301.49, -11.70, 2.733, 301.55, -11.82, 0.007, 352.99, -60.63);
insert into SHOT_FLAG values(2219, 'dpl');
insert into SHOT values (2220, 2226, 2231, 1408, 3.170, 289.29, -59.10, 3.172, 289.32, -59.04, 0.004, 302.14, 0.92);
insert into SHOT_FLAG values(2220, 'dpl');
insert into SHOT values (2221, 2226, 2232, 1408, 4.880, 294.49, 24.30, 4.881, 294.55, 24.19, 0.011, 337.88, -50.67);
insert into SHOT_FLAG values(2221, 'dpl');
insert into SHOT values (2222, 2232, 2233, 1408, 0.560, 174.89, -7.80, 0.557, 174.81, -7.22, 0.007, 12.80, 65.92);
insert into SHOT_FLAG values(2222, 'dpl');
insert into SHOT values (2223, 2232, 2234, 1408, 1.300, 113.09, -88.50, 1.300, 108.43, -88.61, 0.004, 338.72, -7.07);
insert into SHOT_FLAG values(2223, 'dpl');
insert into SHOT values (2224, 2232, 2235, 1408, 18.000, 238.19, 76.70, 18.003, 238.23, 76.70, 0.004, 338.66, 44.73);
insert into SHOT_FLAG values(2224, 'dpl');
insert into SHOT values (2225, 2232, 2236, 1408, 4.600, 229.59, 23.50, 4.604, 229.52, 23.56, 0.008, 158.76, 44.68);
insert into SHOT_FLAG values(2225, 'dpl');
insert into SURVEY values (1411, 332, 'Escalade_speleoloques', 'Escalade_speleoloques.Kriska.Ded', 'Escalade_speleoloques');
 insert into CENTRELINE values (1412, 1411, NULL, NULL, NULL, 0.00, 0.00, 0.00);
 insert into SURVEY values (1413, 1411, 'escalade_speleoloques', 'escalade_speleoloques.Escalade_speleoloques.Kriska.Ded', 'escalade_speleoloques');
 insert into CENTRELINE values (1414, 1413, NULL, NULL, NULL, 0.00, 0.00, 0.00);
 insert into CENTRELINE values (1415, 1413, NULL, '2022-10-01', '2022-10-01', 40.27, 0.00, 0.00);
 insert into TOPO values (1, 1415);
 insert into TOPO values (2, 1415);
 insert into EXPLO values (1, 1415);
 insert into EXPLO values (2, 1415);
 insert into SHOT values (2226, 2237, 2238, 1415, 10.760, 237.90, 72.70, 10.757, 237.90, 72.70, 0.003, 73.86, -77.71);
insert into SHOT values (2227, 2237, 2239, 1415, 10.810, 240.00, 68.50, 10.812, 240.00, 68.51, 0.003, 57.91, 57.14);
insert into SHOT values (2228, 2237, 2240, 1415, 12.690, 240.50, 66.50, 12.691, 240.49, 66.52, 0.005, 70.75, 29.14);
insert into SHOT values (2229, 2237, 2241, 1415, 17.240, 240.10, 75.60, 17.240, 240.02, 75.62, 0.008, 113.48, 12.26);
insert into SHOT values (2230, 2237, 2242, 1415, 8.750, 178.40, 74.50, 8.749, 178.29, 74.48, 0.006, 118.00, -17.87);
insert into SHOT values (2231, 2237, 2243, 1415, 1.110, 176.80, 5.50, 1.117, 176.91, 5.65, 0.008, 193.31, 27.23);
insert into SHOT values (2232, 2237, 2244, 1415, 2.050, 145.80, 0.90, 2.053, 145.92, 0.84, 0.006, 203.73, -23.51);
insert into SHOT values (2233, 2237, 2245, 1415, 3.110, 126.40, -2.50, 3.113, 126.50, -2.39, 0.008, 186.89, 42.70);
insert into SHOT values (2234, 2237, 2246, 1415, 3.940, 114.30, -0.00, 3.939, 114.29, 0.00, 0.002, 331.77, 0.00);
insert into SHOT values (2235, 2237, 2247, 1415, 3.660, 101.00, -1.10, 3.658, 101.03, -1.10, 0.003, 232.62, 5.80);
insert into SHOT values (2236, 2237, 2248, 1415, 9.390, 135.80, 60.70, 9.395, 135.79, 60.66, 0.009, 129.75, 8.54);
insert into SHOT values (2237, 2237, 2249, 1415, 5.670, 134.90, 40.70, 5.678, 134.91, 40.67, 0.008, 136.46, 18.75);
insert into SHOT values (2238, 2237, 2250, 1415, 4.260, 137.20, 15.30, 4.264, 137.27, 15.37, 0.008, 198.66, 48.54);
insert into SHOT values (2239, 2237, 2251, 1415, 2.560, 121.20, 2.30, 2.564, 121.27, 2.24, 0.006, 156.32, -27.58);
insert into SHOT values (2240, 2237, 2252, 1415, 2.590, 118.60, 2.80, 2.590, 118.65, 2.88, 0.004, 217.70, 60.72);
insert into SHOT values (2241, 2237, 2253, 1415, 2.580, 117.30, 2.70, 2.579, 117.26, 2.67, 0.003, 359.40, -35.79);
insert into SHOT values (2242, 2253, 2254, 1415, 1.380, 301.40, -9.00, 1.376, 301.47, -8.78, 0.007, 93.50, 60.21);
insert into SHOT values (2243, 2253, 2255, 1415, 3.300, 309.50, -9.20, 3.295, 309.51, -9.08, 0.009, 122.16, 61.54);
insert into SHOT values (2244, 2253, 2256, 1415, 2.660, 329.70, -8.40, 2.655, 329.82, -8.45, 0.008, 105.37, -10.31);
insert into SHOT values (2245, 2253, 2257, 1415, 2.250, 347.40, -6.30, 2.245, 347.58, -6.14, 0.011, 108.43, 40.24);
insert into SHOT values (2246, 2253, 2258, 1415, 2.090, 10.10, 10.80, 2.089, 10.11, 10.76, 0.002, 186.75, -54.65);
insert into SHOT values (2247, 2253, 2259, 1415, 2.380, 78.20, 4.10, 2.385, 78.36, 4.09, 0.008, 130.53, -1.15);
insert into SHOT values (2248, 2253, 2260, 1415, 3.090, 42.00, 3.80, 3.094, 42.11, 3.89, 0.009, 99.63, 37.06);
insert into SHOT values (2249, 2253, 2261, 1415, 5.250, 6.00, 1.00, 5.250, 6.01, 0.98, 0.002, 112.08, -55.84);
insert into SHOT values (2250, 2261, 2262, 1415, 1.520, 218.80, -6.00, 1.522, 218.84, -5.65, 0.009, 234.34, 69.39);
insert into SHOT values (2251, 2261, 2263, 1415, 4.780, 198.40, -66.40, 4.781, 198.25, -66.37, 0.006, 135.35, 2.08);
insert into SHOT values (2252, 2261, 2264, 1415, 1.610, 169.00, -39.50, 1.608, 168.87, -39.36, 0.005, 99.32, 53.15);
insert into SHOT values (2253, 2261, 2265, 1415, 1.370, 154.00, -12.20, 1.375, 154.01, -11.75, 0.012, 154.54, 53.19);
insert into SHOT values (2254, 2261, 2266, 1415, 1.770, 47.00, -62.10, 1.766, 47.45, -62.04, 0.008, 138.70, 33.61);
insert into SHOT values (2255, 2261, 2267, 1415, 3.010, 323.50, -55.60, 3.003, 323.40, -55.66, 0.008, 168.38, 26.50);
insert into SHOT values (2256, 2267, 2268, 1415, 0.530, 222.50, 0.80, 0.531, 222.71, 1.08, 0.003, 289.72, 51.45);
insert into SHOT values (2257, 2267, 2269, 1415, 0.740, 219.30, 58.40, 0.741, 219.81, 58.21, 0.004, 270.56, -3.62);
insert into SHOT values (2258, 2267, 2270, 1415, 1.520, 205.00, -79.20, 1.516, 205.64, -79.46, 0.009, 2.71, 20.71);
insert into SHOT values (2259, 2267, 2271, 1415, 1.950, 257.10, 81.20, 1.953, 258.31, 81.28, 0.007, 6.90, 24.01);
insert into SHOT values (2260, 2267, 2272, 1415, 1.140, 307.30, 17.70, 1.139, 307.50, 17.89, 0.005, 64.74, 38.45);
insert into SHOT values (2261, 2267, 2273, 1415, 1.140, 310.90, -6.70, 1.142, 310.71, -6.54, 0.005, 252.34, 33.95);
insert into SHOT values (2262, 2273, 2274, 1415, 16.610, 15.50, -71.60, 16.612, 15.57, -71.57, 0.012, 47.72, 4.08);
insert into SHOT values (2263, 2274, 2275, 1415, 9.200, 309.40, -66.00, 9.206, 309.26, -66.00, 0.011, 238.26, -28.08);
insert into SHOT values (2264, 2275, 2276, 1415, 2.480, 116.60, -56.80, 2.479, 116.57, -56.62, 0.008, 108.07, 40.26);
insert into SCRAPS values (1417, 1411, 'SP-ES-1', 1, 51.99744, 4.43117);
 insert into SCRAPS values (1433, 1411, 'SC-ES-elev-1', 2, 44.86662, 12.07332);
 insert into MAPS values (1448, 1411, 'MP-Escalade_speleoloques-plan-tot', 'Escalade_speleoloques', 1, 40.270, -28.850);
 insert into MAPITEMS values (1448, 4, 1417);
 insert into MAPS values (1449, 1411, 'MC-Escalade_speleoloques-coupe-tot-elev', 'Escalade_speleoloques', 2, 40.270, -28.850);
 insert into MAPITEMS values (1449, 4, 1433);
 insert into SURVEY values (1451, 332, 'Escalade_speleoloques2', 'Escalade_speleoloques2.Kriska.Ded', 'Escalade_speleoloques2');
 insert into CENTRELINE values (1452, 1451, NULL, NULL, NULL, 0.00, 0.00, 0.00);
 insert into SURVEY values (1453, 1451, 'escalade_speleoloques2', 'escalade_speleoloques2.Escalade_speleoloques2.Kriska.Ded', 'escalade_speleoloques2');
 insert into CENTRELINE values (1454, 1453, NULL, NULL, NULL, 0.00, 0.00, 0.00);
 insert into CENTRELINE values (1455, 1453, NULL, '2023-06-15', '2023-06-15', 67.99, 0.00, 0.00);
 insert into PERSON values (34, 'Simon', 'Tissot(GUCEM)');
insert into TOPO values (34, 1455);
 insert into TOPO values (2, 1455);
 insert into EXPLO values (34, 1455);
 insert into EXPLO values (2, 1455);
 insert into SHOT values (2265, 2277, 2278, 1455, 15.720, 114.12, 88.10, 15.719, 113.63, 88.09, 0.005, 55.38, -14.58);
insert into SHOT values (2266, 2277, 2279, 1455, 1.090, 74.22, 24.30, 1.090, 74.29, 23.81, 0.009, 92.88, -64.78);
insert into SHOT values (2267, 2277, 2280, 1455, 2.060, 84.82, 6.60, 2.061, 84.96, 6.41, 0.009, 157.41, -52.19);
insert into SHOT values (2268, 2277, 2281, 1455, 3.160, 106.22, 2.40, 3.167, 106.14, 2.35, 0.009, 78.20, -15.17);
insert into SHOT values (2269, 2277, 2282, 1455, 2.810, 114.52, -3.50, 2.816, 114.38, -3.66, 0.012, 64.45, -43.17);
insert into SHOT values (2270, 2277, 2283, 1455, 1.120, 66.62, -69.30, 1.125, 66.61, -69.00, 0.008, 66.48, -17.69);
insert into SHOT values (2271, 2277, 2284, 1455, 2.820, 136.72, 6.50, 2.825, 136.59, 6.30, 0.013, 91.86, -45.59);
insert into SHOT values (2272, 2277, 2285, 1455, 2.790, 114.62, -0.00, 2.792, 114.55, 0.00, 0.004, 58.56, 0.00);
insert into SHOT values (2273, 2277, 2286, 1455, 15.270, 111.72, 76.40, 15.269, 111.71, 76.38, 0.005, 107.93, -22.49);
insert into SHOT values (2274, 2277, 2287, 1455, 8.810, 158.52, 76.30, 8.811, 158.35, 76.30, 0.006, 74.85, 6.13);
insert into SHOT values (2275, 2277, 2288, 1455, 5.320, 168.72, 80.80, 5.318, 168.42, 80.83, 0.006, 40.97, -15.97);
insert into SHOT values (2276, 2277, 2289, 1455, 13.150, 124.02, 73.70, 13.150, 124.08, 73.68, 0.005, 170.88, -15.22);
insert into SHOT values (2277, 2277, 2290, 1455, 14.870, 147.02, 80.00, 14.867, 146.99, 79.98, 0.007, 132.85, -34.80);
insert into SHOT values (2278, 2277, 2291, 1455, 4.580, 125.52, 36.30, 4.581, 125.41, 36.27, 0.007, 52.15, -11.28);
insert into SHOT values (2279, 2277, 2292, 1455, 5.830, 100.62, 51.20, 5.827, 100.57, 51.19, 0.005, 349.72, -48.54);
insert into SHOT values (2280, 2277, 2293, 1455, 9.070, 111.22, 49.80, 9.066, 111.22, 49.76, 0.008, 117.00, -69.55);
insert into SHOT values (2281, 2277, 2294, 1455, 9.280, 104.62, 52.40, 9.279, 104.63, 52.38, 0.003, 134.25, -57.44);
insert into SHOT values (2282, 2277, 2295, 1455, 8.870, 118.22, 50.80, 8.867, 118.21, 50.79, 0.004, 10.77, -79.87);
insert into SHOT values (2283, 2277, 2296, 1455, 2.690, 159.52, 0.70, 2.693, 159.34, 0.64, 0.009, 91.67, -18.07);
insert into SHOT values (2284, 2296, 2297, 1455, 2.700, 157.12, 0.70, 2.702, 157.14, 0.64, 0.004, 175.82, -48.14);
insert into SHOT values (2285, 2296, 2298, 1455, 1.100, 252.22, -30.50, 1.107, 252.32, -30.38, 0.008, 265.90, -12.81);
insert into SHOT values (2286, 2296, 2299, 1455, 2.360, 267.02, -33.30, 2.362, 267.09, -33.39, 0.005, 356.38, -58.46);
insert into SHOT values (2287, 2296, 2300, 1455, 1.700, 300.82, -30.80, 1.705, 300.76, -30.68, 0.006, 287.90, 4.33);
insert into SHOT values (2288, 2296, 2301, 1455, 1.900, 326.12, -54.50, 1.906, 326.02, -54.41, 0.007, 309.47, -26.63);
insert into SHOT values (2289, 2296, 2302, 1455, 2.840, 72.72, 1.60, 2.838, 72.78, 1.62, 0.004, 191.94, 11.44);
insert into SHOT values (2290, 2296, 2303, 1455, 3.150, 61.72, 0.70, 3.146, 61.72, 0.73, 0.005, 237.06, 18.76);
insert into SHOT values (2291, 2296, 2304, 1455, 3.290, 51.22, 0.80, 3.286, 51.18, 0.70, 0.007, 262.85, -53.27);
insert into SHOT values (2292, 2296, 2305, 1455, 1.890, 59.22, -30.00, 1.889, 59.04, -30.19, 0.008, 290.54, -37.11);
insert into SHOT values (2293, 2296, 2306, 1455, 9.380, 334.32, 71.50, 9.374, 334.30, 71.50, 0.006, 182.59, -66.59);
insert into SHOT values (2294, 2296, 2307, 1455, 5.920, 342.62, 55.80, 5.918, 342.54, 55.72, 0.010, 306.96, -40.59);
insert into SHOT values (2295, 2296, 2308, 1455, 9.510, 40.42, 44.90, 9.505, 40.36, 44.90, 0.008, 280.29, -20.46);
insert into SHOT values (2296, 2296, 2309, 1455, 11.890, 27.02, 56.90, 11.887, 27.04, 56.91, 0.005, 174.69, -5.94);
insert into SHOT values (2297, 2296, 2310, 1455, 2.360, 272.62, -35.70, 2.366, 272.68, -35.68, 0.007, 294.36, -25.28);
insert into SHOT values (2298, 2310, 2311, 1455, 0.350, 113.62, -4.50, 0.351, 113.63, -4.91, 0.003, 125.05, -81.68);
insert into SHOT values (2299, 2310, 2312, 1455, 0.190, 312.62, 3.90, 0.191, 312.88, 3.00, 0.003, 343.00, -59.46);
insert into SHOT values (2300, 2310, 2313, 1455, 1.380, 25.02, 64.30, 1.375, 24.84, 64.36, 0.005, 233.21, -42.20);
insert into SHOT values (2301, 2310, 2314, 1455, 1.510, 59.82, 24.80, 1.513, 59.89, 24.61, 0.006, 80.56, -33.16);
insert into SHOT values (2302, 2310, 2315, 1455, 0.890, 301.92, 27.80, 0.891, 301.46, 28.13, 0.008, 195.69, 37.23);
insert into SHOT values (2303, 2310, 2316, 1455, 0.800, 140.42, -86.30, 0.802, 143.13, -86.42, 0.003, 265.82, -29.87);
insert into SHOT values (2304, 2310, 2317, 1455, 0.470, 1.72, -66.20, 0.470, 3.01, -66.13, 0.004, 84.46, 0.41);
insert into SHOT values (2305, 2310, 2318, 1455, 2.750, 146.32, -65.60, 2.748, 146.45, -65.49, 0.006, 180.47, 43.11);
insert into SHOT values (2306, 2318, 2319, 1455, 0.320, 130.32, 8.30, 0.315, 129.81, 7.30, 0.008, 343.60, -50.62);
insert into SHOT values (2307, 2318, 2320, 1455, 0.170, 293.12, -52.30, 0.171, 293.96, -54.87, 0.008, 98.27, -44.08);
insert into SHOT values (2308, 2318, 2321, 1455, 0.840, 350.82, -11.30, 0.847, 350.99, -11.57, 0.009, 11.98, -37.71);
insert into SHOT values (2309, 2318, 2322, 1455, 1.480, 194.82, 4.60, 1.475, 194.98, 4.67, 0.007, 336.17, 10.95);
insert into SHOT values (2310, 2318, 2323, 1455, 4.970, 197.62, 10.20, 4.968, 197.62, 10.20, 0.002, 12.08, -3.05);
insert into SHOT values (2311, 2318, 2324, 1455, 1.740, 215.72, 6.00, 1.736, 215.81, 5.95, 0.005, 2.58, -20.66);
insert into SHOT values (2312, 2318, 2325, 1455, 1.040, 241.42, 86.60, 1.042, 239.04, 86.79, 0.005, 96.73, 23.60);
insert into SHOT values (2313, 2318, 2326, 1455, 1.090, 256.92, 72.90, 1.087, 257.28, 73.01, 0.004, 40.61, -28.39);
insert into SHOT values (2314, 2318, 2327, 1455, 0.930, 75.52, 2.20, 0.929, 75.66, 1.85, 0.006, 174.88, -67.00);
insert into SHOT values (2315, 2318, 2328, 1455, 0.910, 298.82, 0.70, 0.913, 298.81, 0.63, 0.003, 296.89, -19.90);
insert into SHOT values (2316, 2318, 2329, 1455, 1.390, 294.12, 43.30, 1.388, 294.54, 43.21, 0.008, 26.40, -23.88);
insert into SHOT values (2317, 2318, 2330, 1455, 2.280, 67.42, -5.80, 2.285, 67.50, -5.78, 0.006, 100.88, 4.10);
insert into SHOT values (2318, 2331, 2318, 1455, 3.300, 67.22, -5.70, 3.301, 67.26, -5.56, 0.008, 121.94, 69.13);
insert into SHOT values (2319, 2331, 2332, 1455, 0.730, 119.02, -1.80, 0.730, 118.67, -1.57, 0.005, 26.39, 33.74);
insert into SHOT values (2320, 2331, 2333, 1455, 1.560, 251.72, -1.10, 1.559, 251.68, -1.10, 0.001, 125.94, -2.46);
insert into SHOT values (2321, 2331, 2334, 1455, 2.200, 242.22, -2.10, 2.193, 242.27, -2.09, 0.007, 46.78, 5.05);
insert into SHOT values (2322, 2331, 2335, 1455, 1.580, 232.02, -2.90, 1.576, 231.97, -2.91, 0.004, 73.34, -0.92);
insert into SHOT values (2323, 2331, 2336, 1455, 2.850, 249.32, -49.10, 2.844, 249.23, -49.12, 0.007, 99.28, 35.68);
insert into SHOT values (2324, 2331, 2337, 1455, 1.950, 236.82, -69.90, 1.949, 236.55, -69.86, 0.004, 165.13, 20.28);
insert into SHOT values (2325, 2331, 2338, 1455, 9.100, 331.02, 77.50, 9.105, 331.09, 77.54, 0.008, 123.99, 47.34);
insert into SHOT values (2326, 2331, 2339, 1455, 3.360, 287.02, 53.80, 3.363, 287.06, 53.99, 0.011, 95.79, 48.62);
insert into SHOT values (2327, 2331, 2340, 1455, 1.830, 293.72, 87.30, 1.832, 290.56, 87.33, 0.005, 192.96, 22.96);
insert into SHOT values (2328, 2331, 2341, 1455, 3.840, 260.32, 79.70, 3.841, 259.85, 79.79, 0.008, 123.53, 12.95);
insert into SHOT values (2329, 2331, 2342, 1455, 6.430, 327.12, 83.30, 6.433, 327.59, 83.34, 0.008, 90.00, 28.21);
insert into SHOT values (2330, 2331, 2343, 1455, 0.910, 310.12, 13.40, 0.907, 310.39, 14.04, 0.011, 93.29, 52.59);
insert into SHOT values (2331, 2331, 2344, 1455, 0.940, 263.32, 5.50, 0.941, 263.25, 5.49, 0.001, 211.55, -4.15);
insert into SHOT values (2332, 2331, 2345, 1455, 3.850, 318.52, 0.10, 3.847, 318.48, 0.15, 0.005, 177.14, 37.66);
insert into SHOT values (2333, 2331, 2346, 1455, 2.200, 46.32, -55.00, 2.201, 46.60, -54.88, 0.008, 101.59, 15.68);
insert into SHOT values (2334, 2331, 2347, 1455, 4.370, 56.92, -38.80, 4.369, 56.96, -38.67, 0.011, 81.15, 51.83);
insert into SHOT values (2335, 2331, 2348, 1455, 3.240, 72.32, -15.30, 3.241, 72.32, -15.20, 0.006, 73.31, 62.31);
insert into SHOT values (2336, 2331, 2349, 1455, 1.580, 70.32, -20.80, 1.580, 70.22, -20.76, 0.003, 343.95, 22.16);
insert into SHOT values (2337, 2349, 2350, 1455, 1.870, 92.22, -26.40, 1.875, 92.39, -26.27, 0.008, 129.63, 10.22);
insert into SHOT values (2338, 2349, 2351, 1455, 5.730, 85.22, -66.70, 5.728, 85.19, -66.68, 0.003, 54.00, 57.03);
insert into SHOT values (2339, 2349, 2352, 1455, 3.930, 181.62, -88.90, 3.931, 180.00, -88.83, 0.005, 155.08, -8.15);
insert into SHOT values (2340, 2349, 2353, 1455, 1.360, 188.32, -85.90, 1.354, 185.71, -85.74, 0.009, 132.96, 49.56);
insert into SHOT values (2341, 2349, 2354, 1455, 1.440, 296.02, -82.20, 1.432, 295.20, -82.46, 0.010, 135.50, 39.76);
insert into SHOT values (2342, 2349, 2355, 1455, 3.010, 100.62, -62.40, 3.003, 100.75, -62.34, 0.008, 191.92, 67.28);
insert into SHOT values (2343, 2349, 2356, 1455, 2.720, 69.82, -61.80, 2.715, 70.02, -61.69, 0.009, 133.99, 55.11);
insert into SHOT values (2344, 2349, 2357, 1455, 1.820, 126.82, 84.30, 1.820, 126.25, 84.13, 0.006, 107.57, -10.23);
insert into SHOT values (2345, 2349, 2358, 1455, 1.540, 4.22, 71.80, 1.547, 4.76, 71.86, 0.008, 86.21, 56.63);
insert into SHOT values (2346, 2349, 2359, 1455, 3.770, 39.72, 88.10, 3.772, 41.63, 88.17, 0.006, 178.81, 18.63);
insert into SHOT values (2347, 2349, 2360, 1455, 0.440, 265.62, 0.70, 0.432, 264.69, 1.33, 0.012, 126.31, 23.23);
insert into SHOT values (2348, 2349, 2361, 1455, 5.370, 248.72, -7.30, 5.369, 248.64, -7.28, 0.008, 154.22, 17.56);
insert into SHOT values (2349, 2349, 2362, 1455, 0.490, 243.22, -3.40, 0.484, 242.90, -3.55, 0.007, 86.49, -8.01);
insert into SHOT values (2350, 2349, 2363, 1455, 3.790, 96.62, -85.20, 3.784, 97.13, -85.11, 0.009, 124.78, 47.93);
insert into SHOT values (2351, 2363, 2364, 1455, 0.830, 171.62, 5.70, 0.833, 171.67, 5.51, 0.004, 187.83, -39.49);
insert into SHOT values (2352, 2363, 2365, 1455, 3.120, 189.02, -8.50, 3.122, 188.94, -8.47, 0.005, 123.51, 14.97);
insert into SHOT values (2353, 2363, 2366, 1455, 1.820, 187.22, -7.00, 1.818, 187.32, -6.95, 0.004, 304.80, 25.87);
insert into SHOT values (2354, 2363, 2367, 1455, 1.350, 195.12, -7.90, 1.350, 195.18, -8.09, 0.005, 305.78, -70.67);
insert into SHOT values (2355, 2363, 2368, 1455, 0.800, 215.32, -2.90, 0.797, 215.29, -2.88, 0.003, 44.35, 9.95);
insert into SHOT values (2356, 2363, 2369, 1455, 0.720, 302.32, -62.10, 0.725, 301.83, -61.93, 0.006, 268.76, -34.94);
insert into SHOT values (2357, 2363, 2370, 1455, 5.910, 22.32, 83.40, 5.909, 22.43, 83.38, 0.003, 52.03, -17.73);
insert into SHOT values (2358, 2363, 2371, 1455, 1.090, 75.92, 23.90, 1.092, 76.10, 23.77, 0.005, 125.99, -20.82);
insert into SHOT values (2359, 2363, 2372, 1455, 1.760, 73.42, 11.60, 1.756, 73.46, 11.49, 0.005, 228.97, -51.40);
insert into SHOT values (2360, 2363, 2373, 1455, 1.150, 66.02, 11.60, 1.151, 65.93, 11.52, 0.003, 19.31, -28.92);
insert into SHOT values (2361, 2363, 2374, 1455, 1.170, 68.82, 10.10, 1.167, 68.57, 9.87, 0.008, 313.10, -43.11);
insert into SHOT values (2362, 2363, 2375, 1455, 1.140, 291.52, 14.60, 1.143, 291.71, 14.17, 0.010, 325.46, -48.46);
insert into SHOT values (2363, 2363, 2376, 1455, 0.990, 301.22, 17.70, 0.993, 301.17, 17.58, 0.004, 289.12, -15.32);
insert into SHOT values (2364, 2277, 2377, 1455, 4.630, 98.42, 37.50, 4.630, 98.44, 37.37, 0.011, 109.98, -51.77);
insert into SHOT values (2365, 2377, 2378, 1455, 2.140, 219.42, 9.50, 2.141, 219.42, 9.68, 0.007, 18.31, 84.99);
insert into SHOT values (2366, 2377, 2379, 1455, 4.730, 229.02, 1.20, 4.729, 229.03, 1.21, 0.002, 357.16, 33.91);
insert into SHOT values (2367, 2377, 2380, 1455, 4.970, 238.02, -0.70, 4.973, 238.07, -0.69, 0.005, 295.28, 7.84);
insert into SHOT values (2368, 2377, 2381, 1455, 5.230, 245.52, -26.80, 5.226, 245.58, -26.72, 0.009, 341.79, 59.11);
insert into SHOT values (2369, 2377, 2382, 1455, 5.830, 243.42, -42.50, 5.827, 243.49, -42.41, 0.011, 299.71, 51.28);
insert into SHOT values (2370, 2377, 2383, 1455, 1.150, 243.42, -49.40, 1.147, 243.78, -49.36, 0.006, 351.61, 32.57);
insert into SHOT values (2371, 2377, 2384, 1455, 21.420, 107.42, -77.40, 21.416, 107.43, -77.39, 0.005, 129.87, 63.08);
insert into SHOT values (2372, 2377, 2385, 1455, 0.690, 211.42, 25.90, 0.697, 211.91, 26.41, 0.011, 267.31, 53.11);
insert into SHOT values (2373, 2377, 2386, 1455, 1.050, 205.72, 21.40, 1.054, 206.04, 21.71, 0.009, 277.61, 49.69);
insert into SHOT values (2374, 2377, 2387, 1455, 3.020, 340.02, 84.30, 3.025, 340.35, 84.36, 0.006, 127.03, 57.56);
insert into SHOT values (2375, 2377, 2388, 1455, 3.900, 144.52, 58.40, 3.903, 144.59, 58.55, 0.011, 303.13, 48.19);
insert into SHOT values (2376, 2377, 2389, 1455, 6.180, 100.22, 71.10, 6.183, 100.07, 71.12, 0.006, 359.27, 32.12);
insert into SHOT values (2377, 2377, 2390, 1455, 2.540, 52.22, 64.60, 2.545, 52.08, 64.64, 0.006, 336.80, 63.80);
insert into SHOT values (2378, 2390, 2391, 1455, 1.890, 352.62, 11.00, 1.890, 352.57, 10.98, 0.002, 273.74, -21.36);
insert into SHOT values (2379, 2390, 2392, 1455, 2.500, 184.02, 9.40, 2.500, 183.95, 9.44, 0.003, 82.45, 30.88);
insert into SHOT values (2380, 2390, 2393, 1455, 2.360, 205.72, 7.90, 2.365, 205.80, 7.78, 0.008, 235.02, -32.40);
insert into SHOT values (2381, 2390, 2394, 1455, 2.390, 217.02, 4.70, 2.392, 217.16, 4.56, 0.009, 287.67, -43.17);
insert into SHOT values (2382, 2390, 2395, 1455, 5.780, 231.32, 2.50, 5.782, 231.32, 2.48, 0.003, 248.78, -40.49);
insert into SHOT values (2383, 2390, 2396, 1455, 3.840, 208.62, 50.00, 3.840, 208.54, 49.96, 0.004, 145.58, -22.37);
insert into SHOT values (2384, 2390, 2397, 1455, 5.680, 198.52, 73.10, 5.677, 198.65, 73.03, 0.008, 232.48, -33.67);
insert into SHOT values (2385, 2390, 2398, 1455, 1.880, 221.12, -29.00, 1.879, 221.05, -28.96, 0.002, 134.26, 38.76);
insert into SHOT values (2386, 2390, 2399, 1455, 2.340, 212.22, -20.90, 2.345, 212.31, -20.99, 0.007, 263.22, -48.78);
insert into SHOT values (2387, 2390, 2400, 1455, 6.020, 354.12, -53.70, 6.016, 354.03, -53.73, 0.007, 222.54, 13.58);
insert into SHOT values (2388, 2390, 2401, 1455, 2.190, 199.52, 3.50, 2.189, 199.51, 3.40, 0.004, 43.33, -83.34);
insert into SHOT values (2389, 2390, 2402, 1455, 2.190, 200.62, 2.70, 2.192, 200.59, 2.61, 0.004, 173.34, -51.07);
insert into SHOT values (2390, 2390, 2403, 1455, 2.190, 201.22, 2.60, 2.190, 201.17, 2.62, 0.002, 107.42, 19.56);
insert into SHOT values (2391, 2390, 2404, 1455, 2.550, 305.92, 1.80, 2.552, 305.75, 1.80, 0.008, 228.79, -0.72);
insert into SHOT values (2392, 2390, 2405, 1455, 3.410, 296.92, 19.30, 3.413, 296.96, 19.34, 0.004, 354.10, 44.00);
insert into SHOT values (2393, 2390, 2406, 1455, 2.100, 289.82, 16.30, 2.102, 289.69, 16.30, 0.005, 228.59, 6.80);
insert into SHOT values (2394, 2390, 2407, 1455, 6.410, 295.02, -52.00, 6.412, 295.01, -51.97, 0.004, 285.95, 15.97);
insert into SHOT values (2395, 2390, 2408, 1455, 2.800, 275.82, -50.50, 2.798, 275.81, -50.52, 0.002, 105.68, 15.97);
insert into SHOT values (2396, 2390, 2409, 1455, 2.360, 6.72, 59.70, 2.361, 6.77, 59.78, 0.004, 163.91, 42.40);
insert into SHOT values (2397, 2390, 2410, 1455, 0.310, 346.92, -67.10, 0.315, 345.96, -66.90, 0.006, 312.88, -50.32);
insert into SHOT values (2398, 2390, 2411, 1455, 2.450, 172.62, 81.40, 2.447, 172.09, 81.46, 0.005, 41.33, -28.99);
insert into SHOT values (2399, 2377, 2412, 1455, 21.260, 121.32, -77.00, 21.253, 121.29, -77.02, 0.010, 315.75, 32.18);
insert into SHOT values (2400, 2412, 2413, 1455, 2.800, 118.22, 9.60, 2.809, 118.23, 9.63, 0.009, 122.50, 19.39);
insert into SHOT values (2401, 2412, 2414, 1455, 2.430, 129.92, 4.80, 2.436, 129.99, 4.71, 0.008, 155.67, -26.19);
insert into SHOT values (2402, 2412, 2415, 1455, 3.520, 135.62, 3.10, 3.527, 135.69, 3.09, 0.008, 169.04, -2.51);
insert into SHOT values (2403, 2412, 2416, 1455, 4.140, 139.32, 2.50, 4.145, 139.31, 2.49, 0.005, 132.40, -6.43);
insert into SHOT values (2404, 2412, 2417, 1455, 1.910, 151.32, 5.80, 1.916, 151.15, 5.69, 0.009, 110.32, -19.54);
insert into SHOT values (2405, 2412, 2418, 1455, 1.820, 172.82, 7.00, 1.828, 172.72, 6.91, 0.009, 151.89, -11.60);
insert into SHOT values (2406, 2412, 2419, 1455, 2.250, 86.12, 18.90, 2.256, 86.24, 18.88, 0.008, 123.77, 9.04);
insert into SHOT values (2407, 2412, 2420, 1455, 1.110, 50.72, 19.40, 1.108, 50.83, 19.50, 0.003, 187.75, 24.04);
insert into SHOT values (2408, 2412, 2421, 1455, 2.130, 55.12, 24.00, 2.133, 55.25, 24.07, 0.006, 126.89, 37.76);
insert into SHOT values (2409, 2412, 2422, 1455, 0.340, 7.92, -72.00, 0.336, 11.31, -72.32, 0.008, 126.32, 26.09);
insert into SHOT values (2410, 2412, 2423, 1455, 21.600, 238.22, 86.10, 21.600, 238.04, 86.09, 0.006, 190.61, 0.18);
insert into SHOT values (2411, 2412, 2424, 1455, 8.750, 84.62, 80.70, 8.745, 84.73, 80.68, 0.006, 140.24, -55.38);
insert into SHOT values (2412, 2412, 2425, 1455, 4.380, 101.42, 62.70, 4.379, 101.48, 62.67, 0.003, 159.60, -40.72);
insert into SHOT values (2413, 2412, 2426, 1455, 11.470, 38.92, 61.00, 11.468, 39.01, 61.00, 0.010, 134.30, -11.34);
insert into SHOT values (2414, 2412, 2427, 1455, 13.530, 33.22, 71.60, 13.531, 33.24, 71.61, 0.003, 171.63, 30.32);
insert into SHOT values (2415, 2412, 2428, 1455, 5.000, 6.82, 77.80, 5.003, 7.06, 77.79, 0.005, 79.51, 32.12);
insert into SHOT values (2416, 2412, 2429, 1455, 6.670, 292.42, 73.50, 6.664, 292.36, 73.50, 0.006, 153.16, -63.00);
insert into SHOT values (2417, 2412, 2430, 1455, 4.250, 129.42, 0.60, 4.256, 129.37, 0.54, 0.008, 102.71, -32.58);
insert into SHOT values (2418, 2412, 2431, 1455, 3.480, 132.82, 1.70, 3.490, 132.79, 1.64, 0.011, 124.50, -17.51);
insert into SHOT values (2419, 2412, 2432, 1455, 1.790, 88.62, -19.00, 1.797, 88.65, -18.83, 0.009, 95.98, 18.95);
insert into SHOT values (2420, 2412, 2433, 1455, 2.060, 97.52, -22.90, 2.058, 97.57, -22.87, 0.003, 217.45, 36.06);
insert into SHOT values (2421, 2412, 2434, 1455, 5.540, 91.12, -22.00, 5.546, 91.11, -22.03, 0.006, 87.89, -46.89);
insert into SHOT values (2422, 2412, 2435, 1455, 5.890, 92.22, -19.40, 5.890, 92.27, -19.44, 0.006, 195.71, -34.21);
insert into SHOT values (2423, 2412, 2436, 1455, 2.030, 93.02, -16.40, 2.035, 93.23, -16.27, 0.010, 144.77, 18.97);
insert into SHOT values (2424, 2436, 2437, 1455, 1.730, 197.92, -84.00, 1.729, 199.44, -84.02, 0.005, 295.30, 6.18);
insert into SHOT values (2425, 2436, 2438, 1455, 1.990, 139.42, -30.00, 1.993, 139.47, -30.12, 0.005, 225.06, -72.11);
insert into SHOT values (2426, 2436, 2439, 1455, 1.650, 152.32, -23.00, 1.646, 152.42, -23.27, 0.009, 311.58, -35.21);
insert into SHOT values (2427, 2436, 2440, 1455, 0.520, 212.52, -22.50, 0.517, 213.02, -22.74, 0.005, 341.07, -10.55);
insert into SHOT values (2428, 2436, 2441, 1455, 0.260, 94.92, -53.00, 0.258, 93.81, -54.40, 0.007, 300.06, -19.07);
insert into SHOT values (2429, 2436, 2442, 1455, 0.960, 108.82, -33.20, 0.962, 108.89, -33.42, 0.004, 201.84, -77.46);
insert into SHOT values (2430, 2436, 2443, 1455, 1.570, 3.12, -54.50, 1.571, 3.14, -54.55, 0.002, 130.10, -73.33);
insert into SHOT values (2431, 2436, 2444, 1455, 7.250, 170.82, 87.20, 7.249, 171.87, 87.20, 0.007, 266.68, -11.64);
insert into SHOT values (2432, 2436, 2445, 1455, 3.510, 317.42, 40.60, 3.515, 317.42, 40.44, 0.011, 319.11, -22.43);
insert into SHOT values (2433, 2436, 2446, 1455, 5.150, 22.92, 57.00, 5.154, 22.82, 56.96, 0.007, 341.07, 7.02);
insert into SHOT values (2434, 2436, 2447, 1455, 14.220, 3.82, 58.30, 14.215, 3.83, 58.27, 0.010, 30.11, -59.37);
insert into SHOT values (2435, 2436, 2448, 1455, 9.190, 352.52, 59.60, 9.184, 352.46, 59.58, 0.008, 259.06, -55.49);
insert into SHOT values (2436, 2436, 2449, 1455, 4.140, 256.92, 59.50, 4.135, 257.09, 59.43, 0.010, 329.37, -47.55);
insert into SHOT values (2437, 2436, 2450, 1455, 5.470, 278.32, 53.40, 5.471, 278.45, 53.36, 0.009, 340.26, -9.17);
insert into SHOT values (2438, 2436, 2451, 1455, 1.680, 216.52, -23.50, 1.676, 216.80, -23.57, 0.009, 338.63, -0.66);
insert into SHOT values (2439, 2451, 2452, 1455, 1.060, 226.72, -84.80, 1.065, 225.00, -84.66, 0.006, 180.87, -46.54);
insert into SHOT values (2440, 2451, 2453, 1455, 0.910, 249.22, -48.30, 0.908, 248.55, -48.50, 0.008, 131.07, -4.04);
insert into SHOT values (2441, 2451, 2454, 1455, 1.080, 41.12, -57.20, 1.083, 41.55, -57.13, 0.006, 98.12, -22.33);
insert into SHOT values (2442, 2451, 2455, 1455, 0.540, 57.42, -3.80, 0.545, 57.77, -4.21, 0.007, 91.53, -35.11);
insert into SHOT values (2443, 2451, 2456, 1455, 1.170, 132.02, 14.00, 1.167, 132.14, 13.88, 0.005, 268.04, -41.68);
insert into SHOT values (2444, 2451, 2457, 1455, 1.520, 119.82, 16.90, 1.521, 120.09, 16.81, 0.007, 194.91, -14.78);
insert into SHOT values (2445, 2451, 2458, 1455, 2.280, 126.62, 25.70, 2.279, 126.70, 25.46, 0.010, 167.49, -61.76);
insert into SHOT values (2446, 2451, 2459, 1455, 0.910, 152.82, 83.60, 0.907, 153.43, 82.92, 0.011, 159.45, -22.54);
insert into SHOT values (2447, 2451, 2460, 1455, 3.190, 67.72, -67.20, 3.190, 68.20, -67.15, 0.011, 144.89, 3.99);
insert into SHOT values (2448, 2451, 2461, 1455, 3.100, 107.62, -72.90, 3.107, 107.84, -72.90, 0.008, 163.43, -58.60);
insert into SHOT values (2449, 2451, 2462, 1455, 3.480, 99.22, -24.30, 3.483, 99.25, -24.42, 0.008, 200.42, -75.21);
insert into SHOT values (2450, 2451, 2463, 1455, 2.990, 90.82, 9.40, 2.989, 90.97, 9.24, 0.012, 176.75, -46.44);
insert into SHOT values (2451, 2451, 2464, 1455, 2.330, 127.62, 34.60, 2.333, 127.82, 34.45, 0.010, 175.01, -18.17);
insert into SHOT values (2452, 2464, 2465, 1455, 1.210, 78.42, -43.90, 1.209, 78.04, -44.03, 0.007, 320.25, -8.70);
insert into SHOT values (2453, 2464, 2466, 1455, 1.640, 153.82, -78.80, 1.640, 153.43, -79.00, 0.006, 354.61, -11.84);
insert into SHOT values (2454, 2464, 2467, 1455, 1.820, 69.32, -14.20, 1.823, 69.10, -14.29, 0.008, 354.34, -27.28);
insert into SHOT values (2455, 2464, 2468, 1455, 2.120, 74.52, -2.60, 2.120, 74.39, -2.70, 0.006, 348.29, -38.86);
insert into SHOT values (2456, 2464, 2469, 1455, 1.000, 83.72, -7.70, 1.005, 83.66, -7.44, 0.007, 72.65, 37.44);
insert into SHOT values (2457, 2464, 2470, 1455, 0.970, 237.42, -7.10, 0.965, 237.80, -7.15, 0.008, 7.29, -0.72);
insert into SHOT values (2458, 2464, 2471, 1455, 1.460, 227.52, -1.70, 1.459, 227.78, -1.57, 0.008, 326.20, 26.17);
insert into SHOT values (2459, 2464, 2472, 1455, 2.180, 240.72, 78.90, 2.181, 241.61, 78.88, 0.007, 323.33, 6.77);
insert into SHOT values (2460, 2464, 2473, 1455, 3.770, 332.82, -83.00, 3.768, 332.88, -82.98, 0.002, 355.11, 55.58);
insert into SHOT values (2461, 2464, 2474, 1455, 2.910, 72.82, -68.20, 2.907, 72.74, -68.22, 0.003, 286.95, 36.51);
insert into SHOT values (2462, 2474, 2475, 1455, 0.400, 142.92, 16.70, 0.394, 142.52, 16.22, 0.008, 349.82, -40.75);
insert into SHOT values (2463, 2474, 2476, 1455, 2.150, 82.22, -1.50, 2.150, 82.25, -1.60, 0.004, 152.93, -72.49);
insert into SHOT values (2464, 2474, 2477, 1455, 0.720, 93.22, -1.20, 0.721, 93.18, -1.59, 0.005, 72.81, -74.63);
insert into SHOT values (2465, 2474, 2478, 1455, 1.170, 176.92, -5.20, 1.167, 176.55, -5.41, 0.009, 64.51, -25.97);
insert into SHOT values (2466, 2474, 2479, 1455, 0.360, 84.32, 6.40, 0.364, 83.66, 6.30, 0.006, 41.17, -1.21);
insert into SHOT values (2467, 2474, 2480, 1455, 3.010, 307.62, -77.90, 3.017, 307.95, -77.87, 0.008, 357.42, -54.61);
insert into SHOT values (2468, 2474, 2481, 1455, 6.530, 351.32, -80.20, 6.535, 351.72, -80.21, 0.009, 80.74, -33.81);
insert into SHOT values (2469, 2474, 2482, 1455, 3.180, 51.72, -75.00, 3.179, 51.88, -74.94, 0.004, 88.70, 22.65);
insert into SHOT values (2470, 2474, 2483, 1455, 5.510, 348.82, 87.80, 5.504, 349.22, 87.77, 0.007, 22.23, -65.55);
insert into SHOT values (2471, 2474, 2484, 1455, 1.930, 79.32, 82.40, 1.927, 78.69, 82.40, 0.004, 342.79, -47.32);
insert into SHOT values (2472, 2474, 2485, 1455, 1.940, 331.12, 76.10, 1.937, 331.78, 76.10, 0.006, 69.31, -30.30);
insert into SHOT values (2473, 2474, 2486, 1455, 3.820, 38.92, -68.50, 3.826, 38.92, -68.52, 0.006, 35.65, -81.58);
insert into SHOT values (2474, 2474, 2487, 1455, 11.310, 42.82, -68.40, 11.316, 42.76, -68.39, 0.007, 2.21, -35.25);
insert into SHOT values (2475, 2487, 2488, 1455, 1.800, 262.72, -9.70, 1.800, 262.55, -9.59, 0.006, 180.53, 32.83);
insert into SHOT values (2476, 2487, 2489, 1455, 1.380, 235.52, -5.80, 1.380, 235.38, -5.82, 0.003, 147.73, -9.63);
insert into SHOT values (2477, 2487, 2490, 1455, 3.350, 131.02, 2.10, 3.355, 131.01, 2.05, 0.006, 125.51, -28.78);
insert into SHOT values (2478, 2487, 2491, 1455, 2.370, 143.22, -6.90, 2.375, 143.28, -6.77, 0.007, 168.21, 39.62);
insert into SHOT values (2479, 2487, 2492, 1455, 5.410, 184.82, 56.10, 5.411, 184.75, 56.07, 0.005, 133.79, -4.45);
insert into SHOT values (2480, 2487, 2493, 1455, 6.280, 219.62, 69.90, 6.280, 219.53, 69.96, 0.007, 68.03, 20.47);
insert into SHOT values (2481, 2487, 2494, 1455, 6.520, 255.02, 73.60, 6.526, 254.91, 73.59, 0.007, 202.78, 49.95);
insert into SHOT values (2482, 2487, 2495, 1455, 0.640, 263.92, -22.90, 0.634, 264.09, -23.21, 0.007, 68.39, -8.15);
insert into SCRAPS values (1457, 1451, 'SP-Esc-1', 1, 60.85979, 0.51941);
 insert into SCRAPS values (1491, 1451, 'SC-Esc-1', 2, 53.38630, 9.53834);
 insert into SCRAPS values (1508, 1451, 'SC-Esc-2', 2, 49.41856, 12.47188);
 insert into SCRAPS values (1524, 1451, 'SC-Esc-3', 2, 11.84445, 2.07796);
 insert into MAPS values (1535, 1451, 'MP-Escalade_speleoloques2-plan-tot', 'Escalade_speleoloques2', 1, 67.990, -36.500);
 insert into MAPITEMS values (1535, 4, 1457);
 insert into MAPS values (1536, 1451, 'MC-Escalade_speleoloques2-coupe-tot-elev', 'Escalade_speleoloques2', 2, 67.990, -36.500);
 insert into MAPITEMS values (1536, 4, 1491);
 insert into MAPITEMS values (1536, 4, 1508);
 insert into MAPITEMS values (1536, 4, 1524);
 insert into SURVEY values (1538, 332, 'P40_suite', 'P40_suite.Kriska.Ded', 'P40_suite');
 insert into CENTRELINE values (1539, 1538, NULL, NULL, NULL, 0.00, 0.00, 0.00);
 insert into SURVEY values (1540, 1538, 'suite_p40', 'suite_p40.P40_suite.Kriska.Ded', 'suite p40');
 insert into CENTRELINE values (1541, 1540, NULL, NULL, NULL, 0.00, 0.00, 0.00);
 insert into CENTRELINE values (1542, 1540, NULL, '2023-06-14', '2023-06-14', 94.22, 0.00, 0.00);
 insert into TOPO values (34, 1542);
 insert into TOPO values (2, 1542);
 insert into EXPLO values (34, 1542);
 insert into EXPLO values (2, 1542);
 insert into PERSON values (35, 'Romain', 'Vanel(GUCEM)');
insert into EXPLO values (35, 1542);
 insert into SHOT values (2483, 2496, 2497, 1542, 2.160, 48.82, -44.80, 2.162, 48.95, -44.66, 0.007, 83.12, 17.07);
insert into SHOT values (2484, 2496, 2498, 1542, 3.670, 55.32, -37.30, 3.667, 55.33, -37.26, 0.004, 207.51, 70.62);
insert into SHOT values (2485, 2496, 2499, 1542, 1.320, 57.62, -39.70, 1.318, 57.88, -39.60, 0.006, 149.34, 34.74);
insert into SHOT values (2486, 2496, 2500, 1542, 0.920, 47.12, 7.70, 0.922, 47.22, 8.11, 0.007, 102.12, 73.46);
insert into SHOT values (2487, 2496, 2501, 1542, 1.820, 351.72, 1.10, 1.819, 351.78, 1.26, 0.006, 107.61, 65.98);
insert into SHOT values (2488, 2496, 2502, 1542, 0.150, 255.32, -4.50, 0.146, 254.05, -3.93, 0.005, 114.25, 19.11);
insert into SHOT values (2489, 2496, 2503, 1542, 2.440, 324.42, 9.10, 2.440, 324.46, 9.20, 0.005, 72.92, 63.80);
insert into SHOT values (2490, 2496, 2504, 1542, 0.990, 131.92, 12.20, 0.992, 132.08, 12.22, 0.004, 180.59, 12.47);
insert into SHOT values (2491, 2496, 2505, 1542, 2.790, 153.02, 82.80, 2.792, 152.70, 82.82, 0.003, 39.72, 43.63);
insert into SHOT values (2492, 2496, 2506, 1542, 1.190, 88.32, 2.60, 1.192, 88.56, 2.89, 0.008, 160.53, 49.09);
insert into SHOT values (2493, 2496, 2507, 1542, 1.550, 15.32, -7.30, 1.547, 15.48, -7.05, 0.008, 126.10, 55.39);
insert into SHOT values (2494, 2496, 2508, 1542, 1.900, 346.42, 1.40, 1.893, 346.55, 1.51, 0.009, 135.98, 22.20);
insert into SHOT values (2495, 2496, 2509, 1542, 1.900, 301.02, -7.10, 1.894, 301.07, -6.98, 0.008, 104.80, 38.70);
insert into SHOT values (2496, 2496, 2510, 1542, 4.990, 310.22, -4.30, 4.988, 310.19, -4.25, 0.005, 186.56, 54.96);
insert into SHOT values (2497, 2496, 2511, 1542, 5.410, 317.22, 48.60, 5.409, 317.15, 48.65, 0.006, 179.38, 18.19);
insert into SHOT values (2498, 2511, 2512, 1542, 0.230, 34.62, -4.90, 0.231, 34.38, -4.97, 0.001, 352.63, -14.00);
insert into SHOT values (2499, 2511, 2513, 1542, 0.780, 117.82, -7.90, 0.785, 117.55, -7.32, 0.010, 85.46, 47.08);
insert into SHOT values (2500, 2511, 2514, 1542, 0.710, 146.62, -14.40, 0.706, 146.31, -13.94, 0.008, 20.79, 55.44);
insert into SHOT values (2501, 2511, 2515, 1542, 1.760, 129.02, -49.90, 1.753, 128.90, -49.84, 0.007, 347.67, 58.88);
insert into SHOT values (2502, 2511, 2516, 1542, 1.530, 144.62, -52.80, 1.531, 144.25, -52.86, 0.006, 46.24, -12.22);
insert into SHOT values (2503, 2511, 2517, 1542, 1.100, 123.02, -84.80, 1.095, 119.05, -84.60, 0.009, 55.98, 35.31);
insert into SHOT values (2504, 2511, 2518, 1542, 0.410, 162.62, -9.60, 0.405, 162.47, -9.96, 0.006, 352.37, -15.53);
insert into SHOT values (2505, 2511, 2519, 1542, 1.420, 230.42, -26.40, 1.419, 230.43, -26.36, 0.001, 29.84, 69.10);
insert into SHOT values (2506, 2511, 2520, 1542, 1.520, 237.32, -10.90, 1.510, 237.38, -10.68, 0.011, 46.29, 40.62);
insert into SHOT values (2507, 2511, 2521, 1542, 1.920, 276.12, 83.40, 1.923, 277.77, 83.37, 0.007, 354.91, 22.71);
insert into SHOT values (2508, 2511, 2522, 1542, 0.960, 199.32, 75.80, 0.958, 197.65, 76.06, 0.008, 74.19, -4.65);
insert into SHOT values (2509, 2511, 2523, 1542, 0.710, 339.42, 80.70, 0.710, 340.02, 80.51, 0.003, 7.45, -14.36);
insert into SHOT values (2510, 2511, 2524, 1542, 2.910, 258.42, 66.90, 2.914, 258.40, 66.90, 0.004, 243.93, 62.53);
insert into SHOT values (2511, 2524, 2525, 1542, 2.030, 261.92, -6.90, 2.024, 261.99, -6.81, 0.007, 57.43, 31.77);
insert into SHOT values (2512, 2524, 2526, 1542, 0.140, 186.22, -7.00, 0.132, 184.40, -8.72, 0.010, 31.81, -17.06);
insert into SHOT values (2513, 2524, 2527, 1542, 2.910, 265.12, -4.40, 2.908, 265.25, -4.34, 0.008, 7.29, 24.81);
insert into SHOT values (2514, 2524, 2528, 1542, 1.800, 297.12, -3.20, 1.792, 297.28, -3.20, 0.010, 85.10, 2.83);
insert into SHOT values (2515, 2524, 2529, 1542, 1.610, 346.32, -2.60, 1.617, 346.39, -2.48, 0.008, 3.58, 22.52);
insert into SHOT values (2516, 2524, 2530, 1542, 0.990, 22.72, 7.60, 0.995, 22.66, 7.51, 0.005, 12.20, -10.72);
insert into SHOT values (2517, 2524, 2531, 1542, 0.620, 73.42, 4.60, 0.628, 73.30, 4.56, 0.009, 64.84, 1.86);
insert into SHOT values (2518, 2524, 2532, 1542, 2.830, 302.22, -39.90, 2.830, 302.37, -40.03, 0.009, 69.52, -32.87);
insert into SHOT values (2519, 2524, 2533, 1542, 1.780, 322.42, -71.70, 1.782, 322.93, -71.54, 0.007, 7.11, -0.18);
insert into SHOT values (2520, 2524, 2534, 1542, 11.320, 305.22, 83.50, 11.322, 305.43, 83.53, 0.008, 81.64, 21.58);
insert into SHOT values (2521, 2524, 2535, 1542, 7.090, 297.02, 77.80, 7.090, 297.42, 77.80, 0.011, 27.00, 0.66);
insert into SHOT values (2522, 2524, 2536, 1542, 14.340, 273.92, 73.30, 14.335, 274.04, 73.30, 0.010, 7.52, -31.07);
insert into SHOT values (2523, 2524, 2537, 1542, 2.150, 248.22, -13.60, 2.149, 248.35, -13.73, 0.007, 5.21, -38.92);
insert into SHOT values (2524, 2537, 2538, 1542, 0.940, 293.52, -2.30, 0.937, 293.28, -1.84, 0.009, 165.54, 57.44);
insert into SHOT values (2525, 2537, 2539, 1542, 0.880, 342.42, -4.40, 0.881, 342.80, -3.90, 0.010, 54.65, 50.48);
insert into SHOT values (2526, 2537, 2540, 1542, 1.460, 53.92, -2.60, 1.461, 53.91, -2.35, 0.006, 52.19, 75.25);
insert into SHOT values (2527, 2537, 2541, 1542, 2.820, 98.82, -1.50, 2.824, 98.76, -1.42, 0.006, 63.94, 38.73);
insert into SHOT values (2528, 2537, 2542, 1542, 2.540, 71.82, 1.60, 2.547, 71.92, 1.58, 0.008, 106.55, -6.48);
insert into SHOT values (2529, 2537, 2543, 1542, 1.380, 102.82, -0.10, 1.385, 102.93, 0.00, 0.006, 131.40, 22.39);
insert into SHOT values (2530, 2537, 2544, 1542, 0.160, 199.72, 9.30, 0.161, 198.43, 10.74, 0.005, 112.59, 49.48);
insert into SHOT values (2531, 2537, 2545, 1542, 1.900, 100.92, 13.10, 1.903, 100.89, 13.06, 0.003, 80.97, -12.11);
insert into SHOT values (2532, 2537, 2546, 1542, 1.110, 111.22, 6.10, 1.111, 111.22, 6.20, 0.002, 117.30, 58.89);
insert into SHOT values (2533, 2537, 2547, 1542, 6.680, 355.12, 78.20, 6.681, 355.38, 78.22, 0.006, 99.72, 10.37);
insert into SHOT values (2534, 2547, 2548, 1542, 1.450, 285.82, -3.10, 1.456, 285.57, -3.15, 0.008, 236.25, -10.75);
insert into SHOT values (2535, 2547, 2549, 1542, 2.000, 264.02, -2.10, 2.002, 263.98, -2.00, 0.004, 233.20, 49.72);
insert into SHOT values (2536, 2547, 2550, 1542, 2.510, 245.42, -5.70, 2.509, 245.39, -5.72, 0.002, 128.85, -24.58);
insert into SHOT values (2537, 2547, 2551, 1542, 1.750, 225.02, -6.10, 1.749, 225.00, -5.91, 0.006, 85.08, 82.40);
insert into SHOT values (2538, 2547, 2552, 1542, 0.690, 119.22, 12.70, 0.692, 119.22, 12.51, 0.003, 119.77, -30.30);
insert into SHOT values (2539, 2547, 2553, 1542, 4.900, 129.22, -2.30, 4.900, 129.28, -2.22, 0.009, 216.30, 50.38);
insert into SHOT values (2540, 2547, 2554, 1542, 5.870, 133.72, -2.80, 5.870, 133.69, -2.73, 0.007, 52.32, 65.43);
insert into SHOT values (2541, 2547, 2555, 1542, 3.050, 141.72, -1.00, 3.047, 141.66, -0.94, 0.005, 10.05, 40.23);
insert into SHOT values (2542, 2547, 2556, 1542, 1.230, 149.52, -3.00, 1.229, 149.68, -2.80, 0.006, 244.74, 51.87);
insert into SHOT values (2543, 2547, 2557, 1542, 1.120, 182.92, -3.90, 1.124, 183.07, -3.57, 0.008, 217.83, 50.36);
insert into SHOT values (2544, 2547, 2558, 1542, 1.330, 210.12, 0.70, 1.331, 210.23, 0.86, 0.005, 277.78, 53.99);
insert into SHOT values (2545, 2547, 2559, 1542, 5.530, 195.92, -77.50, 5.531, 196.01, -77.51, 0.002, 300.20, -28.06);
insert into SHOT values (2546, 2547, 2560, 1542, 8.030, 187.42, -82.90, 8.031, 187.56, -82.93, 0.005, 335.99, -18.84);
insert into SHOT values (2547, 2547, 2561, 1542, 3.450, 214.82, 65.40, 3.453, 214.80, 65.41, 0.003, 180.73, 73.44);
insert into SHOT values (2548, 2547, 2562, 1542, 6.490, 278.82, 77.20, 6.491, 278.81, 77.21, 0.002, 114.36, 53.63);
insert into SHOT values (2549, 2547, 2563, 1542, 4.620, 182.92, 81.40, 4.622, 183.32, 81.40, 0.005, 269.51, 21.88);
insert into SHOT values (2550, 2547, 2564, 1542, 9.150, 251.92, 85.50, 9.148, 252.07, 85.52, 0.004, 40.75, -25.62);
insert into SHOT values (2551, 2547, 2565, 1542, 11.910, 262.32, 85.20, 11.912, 262.52, 85.19, 0.004, 324.12, 23.87);
insert into SHOT values (2552, 2547, 2566, 1542, 1.210, 188.72, 24.30, 1.211, 188.86, 24.38, 0.004, 271.20, 35.77);
insert into SHOT values (2553, 2547, 2567, 1542, 1.210, 188.82, 22.60, 1.208, 188.79, 22.89, 0.006, 17.48, 50.85);
insert into SHOT values (2554, 2567, 2568, 1542, 9.390, 35.42, 79.30, 9.383, 35.42, 79.30, 0.007, 203.07, -82.60);
insert into SHOT values (2555, 2568, 2569, 1542, 0.860, 61.32, 14.00, 0.858, 61.28, 14.16, 0.003, 256.09, 42.59);
insert into SHOT values (2556, 2568, 2570, 1542, 1.520, 10.02, 31.00, 1.520, 9.75, 31.31, 0.010, 245.39, 44.43);
insert into SHOT values (2557, 2568, 2571, 1542, 1.320, 324.62, 35.40, 1.322, 324.09, 35.63, 0.011, 223.93, 28.03);
insert into SHOT values (2558, 2568, 2572, 1542, 3.660, 337.22, 39.90, 3.663, 337.18, 39.91, 0.004, 294.95, 37.75);
insert into SHOT values (2559, 2568, 2573, 1542, 1.950, 155.62, -11.20, 1.955, 155.70, -10.91, 0.012, 177.78, 48.45);
insert into SHOT values (2560, 2568, 2574, 1542, 0.840, 178.72, -7.80, 0.837, 178.62, -7.55, 0.005, 34.03, 58.66);
insert into SHOT values (2561, 2568, 2575, 1542, 1.000, 231.32, -10.10, 1.003, 231.16, -9.76, 0.007, 197.60, 47.59);
insert into SHOT values (2562, 2568, 2576, 1542, 0.910, 262.12, -12.00, 0.908, 261.60, -11.44, 0.012, 167.86, 48.64);
insert into SHOT values (2563, 2568, 2577, 1542, 2.660, 245.52, -9.20, 2.660, 245.48, -9.08, 0.006, 190.01, 70.83);
insert into SHOT values (2564, 2568, 2578, 1542, 13.500, 235.82, -82.70, 13.500, 235.66, -82.68, 0.006, 188.80, 5.21);
insert into SHOT values (2565, 2568, 2579, 1542, 3.040, 275.12, -71.60, 3.037, 274.76, -71.51, 0.008, 217.29, 33.15);
insert into SHOT values (2566, 2568, 2580, 1542, 6.370, 226.62, -70.20, 6.369, 226.50, -70.13, 0.009, 192.78, 22.85);
insert into SHOT values (2567, 2568, 2581, 1542, 4.220, 246.22, -44.40, 4.220, 246.15, -44.35, 0.005, 193.34, 31.52);
insert into SHOT values (2568, 2568, 2582, 1542, 1.760, 315.82, 74.80, 1.761, 315.88, 74.87, 0.002, 119.59, 40.29);
insert into SHOT values (2569, 2568, 2583, 1542, 2.520, 359.92, 30.30, 2.519, 359.74, 30.53, 0.012, 229.94, 43.85);
insert into SHOT values (2570, 2583, 2584, 1542, 1.270, 8.72, -16.20, 1.277, 8.92, -16.38, 0.009, 48.88, -39.61);
insert into SHOT values (2571, 2583, 2585, 1542, 1.590, 311.52, 12.50, 1.588, 311.60, 12.36, 0.005, 65.23, -58.43);
insert into SHOT values (2572, 2583, 2586, 1542, 4.010, 297.62, 32.90, 4.003, 297.63, 32.83, 0.009, 102.69, -67.54);
insert into SHOT values (2573, 2583, 2587, 1542, 2.210, 266.32, 33.60, 2.203, 266.25, 33.63, 0.008, 104.14, -22.67);
insert into SHOT values (2574, 2583, 2588, 1542, 1.620, 51.82, -82.50, 1.624, 52.59, -82.43, 0.005, 100.68, -45.02);
insert into SHOT values (2575, 2583, 2589, 1542, 0.630, 13.22, -58.10, 0.638, 13.63, -57.84, 0.009, 33.34, -36.08);
insert into SHOT values (2576, 2583, 2590, 1542, 1.950, 229.82, -43.50, 1.954, 229.88, -43.71, 0.008, 13.54, -70.40);
insert into SHOT values (2577, 2583, 2591, 1542, 1.220, 278.72, -9.80, 1.214, 279.15, -9.97, 0.012, 46.80, -11.62);
insert into SHOT values (2578, 2583, 2592, 1542, 1.820, 301.52, 37.00, 1.817, 301.50, 36.85, 0.005, 281.03, -80.22);
insert into SHOT values (2579, 2583, 2593, 1542, 4.560, 285.92, 38.70, 4.558, 285.99, 38.70, 0.005, 29.91, -13.37);
insert into SHOT values (2580, 2583, 2594, 1542, 3.820, 300.02, 22.80, 3.820, 299.99, 22.80, 0.002, 205.64, -9.56);
insert into SHOT values (2581, 2583, 2595, 1542, 2.620, 309.22, 32.80, 2.620, 309.47, 32.81, 0.010, 39.42, 4.22);
insert into SHOT values (2582, 2595, 2596, 1542, 1.610, 194.92, 5.50, 1.610, 194.82, 5.34, 0.005, 119.25, -56.04);
insert into SHOT values (2583, 2595, 2597, 1542, 0.280, 41.92, 30.90, 0.272, 43.26, 30.95, 0.010, 183.29, -23.32);
insert into SHOT values (2584, 2595, 2598, 1542, 3.420, 234.52, -81.30, 3.430, 233.57, -81.25, 0.014, 172.73, -43.66);
insert into SHOT values (2585, 2595, 2599, 1542, 1.350, 283.32, 32.90, 1.354, 283.18, 32.63, 0.008, 261.19, -24.91);
insert into SHOT values (2586, 2595, 2600, 1542, 4.100, 272.02, -3.90, 4.102, 271.96, -3.91, 0.005, 207.12, -14.34);
insert into SHOT values (2587, 2595, 2601, 1542, 4.070, 119.22, -37.50, 4.074, 119.26, -37.50, 0.005, 154.68, -28.50);
insert into SHOT values (2588, 2595, 2602, 1542, 3.720, 265.72, 48.80, 3.718, 265.57, 48.63, 0.013, 222.97, -43.21);
insert into SHOT values (2589, 2602, 2603, 1542, 4.440, 318.22, -84.40, 4.431, 319.69, -84.40, 0.014, 51.46, 38.41);
insert into SHOT values (2590, 2602, 2604, 1542, 1.280, 352.02, -77.20, 1.272, 351.87, -77.15, 0.008, 216.44, 82.79);
insert into SHOT values (2591, 2602, 2605, 1542, 1.280, 295.22, -86.70, 1.272, 296.57, -86.98, 0.010, 101.80, 49.18);
insert into SHOT values (2592, 2602, 2606, 1542, 1.850, 19.12, -29.40, 1.853, 19.11, -29.07, 0.011, 16.83, 47.62);
insert into SHOT values (2593, 2602, 2607, 1542, 0.620, 10.12, -39.60, 0.617, 10.84, -39.18, 0.008, 92.73, 40.50);
insert into SHOT values (2594, 2602, 2608, 1542, 0.960, 358.42, -49.00, 0.957, 359.09, -48.81, 0.009, 86.72, 31.38);
insert into SHOT values (2595, 2602, 2609, 1542, 0.860, 186.22, 3.90, 0.857, 186.04, 4.02, 0.004, 44.54, 19.93);
insert into SHOT values (2596, 2602, 2610, 1542, 0.300, 238.72, -64.70, 0.298, 241.39, -65.11, 0.007, 356.24, 10.53);
insert into SHOT values (2597, 2602, 2611, 1542, 1.230, 272.32, -65.90, 1.227, 272.29, -65.93, 0.003, 99.40, 56.26);
insert into SHOT values (2598, 2602, 2612, 1542, 1.220, 266.82, -69.10, 1.219, 267.34, -69.31, 0.006, 47.51, -2.51);
insert into SHOT values (2599, 2602, 2613, 1542, 3.680, 100.82, -59.70, 3.677, 100.83, -59.56, 0.010, 103.85, 48.23);
insert into SHOT values (2600, 2602, 2614, 1542, 7.210, 98.32, -46.90, 7.210, 98.28, -46.85, 0.007, 64.38, 36.71);
insert into SHOT values (2601, 2602, 2615, 1542, 2.360, 294.42, 43.10, 2.358, 294.47, 43.39, 0.012, 104.33, 38.62);
insert into SHOT values (2602, 2602, 2616, 1542, 2.410, 294.42, 6.90, 2.403, 294.52, 6.93, 0.009, 83.42, 3.12);
insert into SHOT values (2603, 2602, 2617, 1542, 2.230, 295.92, 12.00, 2.233, 296.10, 12.15, 0.009, 15.94, 42.63);
insert into SHOT values (2604, 2617, 2618, 1542, 2.600, 178.42, -78.80, 2.601, 177.75, -78.68, 0.008, 130.60, 3.47);
insert into SHOT values (2605, 2617, 2619, 1542, 1.030, 178.92, -47.10, 1.040, 178.39, -46.94, 0.012, 143.09, -26.01);
insert into SHOT values (2606, 2617, 2620, 1542, 0.920, 172.32, 2.30, 0.930, 171.96, 1.85, 0.013, 141.71, -31.13);
insert into SHOT values (2607, 2617, 2621, 1542, 1.690, 187.42, 85.70, 1.685, 184.40, 85.56, 0.009, 124.36, -34.25);
insert into SHOT values (2608, 2617, 2622, 1542, 1.050, 189.82, 45.90, 1.047, 189.46, 45.78, 0.006, 89.88, -41.33);
insert into SHOT values (2609, 2617, 2623, 1542, 1.060, 224.72, 14.80, 1.060, 224.60, 14.75, 0.002, 148.57, -20.52);
insert into SHOT values (2610, 2617, 2624, 1542, 1.840, 235.12, -31.70, 1.841, 234.89, -31.80, 0.007, 138.11, -26.44);
insert into SHOT values (2611, 2617, 2625, 1542, 1.750, 215.32, 44.20, 1.751, 214.95, 44.15, 0.008, 140.01, -0.27);
insert into SHOT values (2612, 2617, 2626, 1542, 1.060, 97.92, 30.80, 1.058, 98.22, 30.70, 0.006, 201.62, -29.25);
insert into SHOT values (2613, 2617, 2627, 1542, 1.910, 95.92, -15.00, 1.916, 95.90, -15.13, 0.007, 87.85, -49.01);
insert into SHOT values (2614, 2617, 2628, 1542, 2.030, 99.12, -42.40, 2.031, 99.21, -42.42, 0.003, 182.94, -25.20);
insert into SHOT values (2615, 2617, 2629, 1542, 1.680, 209.72, 6.20, 1.680, 209.79, 6.15, 0.003, 284.14, -33.97);
insert into SHOT values (2616, 2629, 2630, 1542, 0.540, 4.72, -0.40, 0.532, 5.39, 0.00, 0.011, 145.55, 20.86);
insert into SHOT values (2617, 2629, 2631, 1542, 0.450, 47.52, -0.10, 0.453, 48.58, 0.00, 0.009, 115.71, 4.97);
insert into SHOT values (2618, 2629, 2632, 1542, 1.710, 3.52, -64.20, 1.709, 3.87, -64.28, 0.005, 123.20, -5.01);
insert into SHOT values (2619, 2629, 2633, 1542, 1.630, 52.02, -61.90, 1.633, 52.39, -61.86, 0.006, 117.15, -21.31);
insert into SHOT values (2620, 2629, 2634, 1542, 0.660, 28.92, 80.40, 0.659, 33.69, 80.55, 0.009, 133.11, -4.66);
insert into SHOT values (2621, 2629, 2635, 1542, 0.980, 98.72, 69.70, 0.983, 100.01, 69.43, 0.009, 155.12, 5.31);
insert into SHOT values (2622, 2629, 2636, 1542, 1.750, 95.62, 86.10, 1.754, 99.46, 86.02, 0.009, 169.52, 25.51);
insert into SHOT values (2623, 2629, 2637, 1542, 1.090, 223.62, -78.50, 1.092, 223.15, -78.42, 0.003, 181.97, -35.13);
insert into SHOT values (2624, 2629, 2638, 1542, 1.310, 116.12, -67.50, 1.311, 117.07, -67.33, 0.009, 180.80, 1.73);
insert into SHOT values (2625, 2629, 2639, 1542, 1.910, 132.72, -80.00, 1.910, 132.61, -79.76, 0.008, 128.38, 6.95);
insert into SHOT values (2626, 2629, 2640, 1542, 1.630, 147.92, 7.70, 1.632, 147.88, 7.75, 0.003, 124.34, 33.05);
insert into SHOT values (2627, 2629, 2641, 1542, 1.600, 136.82, 8.30, 1.608, 136.78, 8.22, 0.009, 130.32, -6.45);
insert into SHOT values (2628, 2629, 2642, 1542, 0.680, 119.42, 8.80, 0.683, 119.22, 8.41, 0.006, 89.29, -40.94);
insert into SHOT values (2629, 2629, 2643, 1542, 1.350, 156.72, -32.60, 1.356, 156.80, -32.58, 0.006, 175.16, -26.53);
insert into SHOT values (2630, 2629, 2644, 1542, 1.620, 137.62, -42.00, 1.622, 137.34, -41.75, 0.009, 94.98, 25.14);
insert into SHOT values (2631, 2629, 2645, 1542, 1.170, 143.02, -10.80, 1.177, 142.73, -10.77, 0.009, 102.71, -4.94);
insert into SHOT values (2632, 2629, 2646, 1542, 1.710, 143.22, -1.80, 1.715, 143.06, -1.67, 0.008, 99.69, 29.09);
insert into SHOT values (2633, 2629, 2647, 1542, 1.640, 144.62, 27.80, 1.643, 144.78, 27.55, 0.009, 180.18, -33.96);
insert into SHOT values (2634, 2629, 2648, 1542, 1.260, 134.02, 61.60, 1.266, 133.67, 61.28, 0.010, 111.59, 9.60);
insert into SHOT values (2635, 2602, 2649, 1542, 1.140, 13.02, -3.80, 1.142, 13.18, -3.51, 0.007, 65.41, 53.08);
insert into SHOT values (2636, 2602, 2650, 1542, 1.220, 4.32, -16.30, 1.222, 4.40, -16.16, 0.004, 38.23, 38.78);
insert into SHOT values (2637, 2602, 2651, 1542, 1.030, 346.12, 9.60, 1.034, 346.37, 10.02, 0.010, 41.96, 56.23);
insert into SHOT values (2638, 2602, 2652, 1542, 2.300, 351.32, 2.10, 2.297, 351.48, 2.25, 0.009, 106.79, 38.04);
insert into SHOT values (2639, 2652, 2653, 1542, 0.630, 180.82, 31.40, 0.624, 181.08, 31.90, 0.008, 343.10, 12.39);
insert into SHOT values (2640, 2652, 2654, 1542, 0.710, 193.32, 13.70, 0.710, 193.43, 13.86, 0.002, 318.33, 47.75);
insert into SHOT values (2641, 2652, 2655, 1542, 0.400, 213.42, -32.90, 0.404, 214.16, -33.03, 0.006, 273.72, -28.40);
insert into SHOT values (2642, 2652, 2656, 1542, 0.170, 66.52, 30.80, 0.169, 65.22, 32.15, 0.005, 294.77, 34.31);
insert into SHOT values (2643, 2652, 2657, 1542, 2.330, 329.62, 27.40, 2.335, 329.60, 27.28, 0.007, 325.73, -18.84);
insert into SHOT values (2644, 2652, 2658, 1542, 1.820, 315.62, 26.80, 1.828, 315.74, 26.66, 0.010, 337.47, -3.51);
insert into SHOT values (2645, 2652, 2659, 1542, 1.050, 303.62, 23.60, 1.053, 304.02, 23.52, 0.007, 9.82, -2.83);
insert into SHOT values (2646, 2652, 2660, 1542, 0.550, 267.02, -4.20, 0.552, 267.92, -4.16, 0.009, 345.44, 1.82);
insert into SHOT values (2647, 2652, 2661, 1542, 1.690, 176.62, -86.20, 1.694, 180.00, -86.28, 0.008, 285.30, -28.47);
insert into SHOT values (2648, 2652, 2662, 1542, 0.420, 359.82, -74.40, 0.427, 0.00, -73.69, 0.009, 2.93, -37.76);
insert into SHOT values (2649, 2652, 2663, 1542, 0.710, 243.82, -73.20, 0.712, 244.65, -72.82, 0.006, 275.36, -2.96);
insert into SHOT values (2650, 2652, 2664, 1542, 4.140, 289.72, 18.30, 4.141, 289.77, 18.30, 0.004, 2.55, 1.04);
insert into SHOT values (2651, 2664, 2665, 1542, 0.440, 184.52, 1.70, 0.442, 185.19, 1.30, 0.006, 253.79, -28.66);
insert into SHOT values (2652, 2664, 2666, 1542, 1.160, 237.32, -5.50, 1.156, 237.41, -5.46, 0.004, 27.71, 16.60);
insert into SHOT values (2653, 2664, 2667, 1542, 1.600, 257.12, -5.80, 1.597, 257.28, -5.75, 0.005, 19.48, 17.96);
insert into SHOT values (2654, 2664, 2668, 1542, 0.880, 260.62, -6.80, 0.888, 260.86, -7.12, 0.010, 287.35, -35.11);
insert into SHOT values (2655, 2664, 2669, 1542, 0.150, 8.62, -2.20, 0.152, 7.59, -3.78, 0.005, 306.26, -54.30);
insert into SHOT values (2656, 2664, 2670, 1542, 1.050, 84.22, -9.20, 1.049, 84.45, -9.33, 0.005, 195.34, -24.77);
insert into SHOT values (2657, 2664, 2671, 1542, 3.740, 104.52, -14.10, 3.738, 104.53, -14.09, 0.002, 243.44, 33.48);
insert into SHOT values (2658, 2664, 2672, 1542, 1.830, 115.52, -17.00, 1.830, 115.39, -17.16, 0.006, 9.72, -51.59);
insert into SHOT values (2659, 2664, 2673, 1542, 3.270, 105.62, -41.40, 3.267, 105.62, -41.39, 0.003, 277.86, 46.85);
insert into SHOT values (2660, 2664, 2674, 1542, 2.380, 112.22, 7.00, 2.372, 112.21, 7.02, 0.008, 294.94, -0.37);
insert into SHOT values (2661, 2664, 2675, 1542, 2.530, 132.22, 70.90, 2.529, 132.55, 70.89, 0.005, 219.92, -8.43);
insert into SHOT values (2662, 2664, 2676, 1542, 4.420, 246.52, 74.50, 4.422, 246.67, 74.43, 0.007, 275.86, 6.44);
insert into SHOT values (2663, 2664, 2677, 1542, 2.000, 255.12, 61.40, 1.997, 254.95, 61.18, 0.009, 229.13, -43.61);
insert into SHOT values (2664, 2664, 2678, 1542, 2.780, 246.02, 57.70, 2.781, 246.19, 57.68, 0.005, 324.15, 2.10);
insert into SHOT values (2665, 2664, 2679, 1542, 4.870, 241.62, 68.60, 4.867, 241.85, 68.54, 0.009, 305.21, -27.49);
insert into SHOT values (2666, 2679, 2680, 1542, 0.690, 211.92, -17.30, 0.685, 211.26, -16.98, 0.010, 95.60, 31.91);
insert into SHOT values (2667, 2679, 2681, 1542, 0.160, 151.02, 27.90, 0.168, 151.70, 28.45, 0.008, 166.77, 38.38);
insert into SHOT values (2668, 2679, 2682, 1542, 0.940, 202.12, -48.90, 0.945, 201.63, -48.69, 0.008, 160.63, -11.67);
insert into SHOT values (2669, 2679, 2683, 1542, 1.420, 320.02, -88.80, 1.420, 315.00, -88.86, 0.003, 197.74, -6.08);
insert into SHOT values (2670, 2679, 2684, 1542, 4.110, 36.62, -81.50, 4.105, 37.63, -81.51, 0.012, 134.81, 24.23);
insert into SHOT values (2671, 2679, 2685, 1542, 6.550, 60.42, -73.90, 6.546, 60.61, -73.92, 0.007, 176.81, 24.70);
insert into SHOT values (2672, 2679, 2686, 1542, 2.920, 39.92, -74.90, 2.920, 40.19, -74.93, 0.004, 151.00, -11.85);
insert into SHOT values (2673, 2679, 2687, 1542, 1.540, 20.22, -69.10, 1.539, 20.43, -69.30, 0.006, 178.45, -13.47);
insert into SHOT values (2674, 2679, 2688, 1542, 3.600, 336.52, -78.20, 3.595, 336.60, -78.28, 0.007, 147.24, 32.32);
insert into SHOT values (2675, 2679, 2689, 1542, 2.180, 291.82, -60.00, 2.180, 291.61, -60.11, 0.006, 159.23, -20.77);
insert into SHOT values (2676, 2679, 2690, 1542, 5.570, 68.42, -65.40, 5.567, 68.52, -65.36, 0.007, 126.98, 42.38);
insert into SHOT values (2677, 2679, 2691, 1542, 6.550, 81.82, -57.30, 6.552, 81.89, -57.24, 0.009, 116.22, 12.85);
insert into SHOT values (2678, 2679, 2692, 1542, 3.040, 65.02, -56.00, 3.037, 65.25, -56.06, 0.008, 186.34, 1.96);
insert into SHOT values (2679, 2679, 2693, 1542, 2.660, 83.22, -58.80, 2.656, 83.34, -58.72, 0.006, 148.40, 58.48);
insert into SHOT values (2680, 2679, 2694, 1542, 1.740, 19.72, -33.20, 1.738, 19.68, -33.14, 0.003, 243.20, 63.95);
insert into SHOT values (2681, 2679, 2695, 1542, 4.410, 43.52, -39.00, 4.404, 43.58, -38.98, 0.008, 178.60, 44.91);
insert into SHOT values (2682, 2679, 2696, 1542, 5.050, 56.62, -45.50, 5.048, 56.76, -45.49, 0.009, 149.92, 12.29);
insert into SHOT values (2683, 2679, 2697, 1542, 0.820, 312.22, -5.00, 0.810, 311.99, -4.96, 0.010, 150.72, 8.19);
insert into SHOT values (2684, 2679, 2698, 1542, 1.130, 282.92, 0.90, 1.128, 282.80, 1.02, 0.004, 153.67, 38.17);
insert into SHOT values (2685, 2679, 2699, 1542, 4.230, 290.12, -3.80, 4.226, 290.11, -3.80, 0.004, 117.24, 5.36);
insert into SHOT values (2686, 2679, 2700, 1542, 2.180, 297.02, -5.00, 2.173, 296.92, -5.02, 0.008, 144.07, -0.00);
insert into SHOT values (2687, 2679, 2701, 1542, 6.390, 296.62, 44.30, 6.387, 296.57, 44.42, 0.014, 136.04, 29.87);
insert into SHOT values (2688, 2679, 2702, 1542, 6.040, 292.92, 48.50, 6.039, 292.84, 48.60, 0.012, 143.14, 30.86);
insert into SHOT values (2689, 2702, 2703, 1542, 5.920, 127.52, -82.50, 5.920, 127.61, -82.53, 0.003, 281.31, -12.34);
insert into SHOT values (2690, 2702, 2704, 1542, 2.870, 152.12, -78.70, 2.874, 152.05, -78.87, 0.010, 337.02, -36.25);
insert into SHOT values (2691, 2702, 2705, 1542, 2.520, 103.72, -76.10, 2.524, 103.35, -76.10, 0.006, 28.05, -43.34);
insert into SHOT values (2692, 2702, 2706, 1542, 1.990, 195.32, -6.70, 1.984, 195.31, -6.95, 0.010, 18.55, -50.08);
insert into SHOT values (2693, 2702, 2707, 1542, 0.840, 212.22, -26.20, 0.833, 212.41, -26.37, 0.008, 13.34, 6.27);
insert into SHOT values (2694, 2702, 2708, 1542, 1.830, 39.42, -40.20, 1.826, 39.17, -40.27, 0.008, 271.34, 8.98);
insert into SHOT values (2695, 2702, 2709, 1542, 1.720, 48.92, -68.00, 1.725, 48.14, -68.06, 0.010, 319.29, -31.13);
insert into SHOT values (2696, 2702, 2710, 1542, 8.520, 98.22, -51.50, 8.521, 98.13, -51.51, 0.008, 4.44, -15.15);
insert into SHOT values (2697, 2702, 2711, 1542, 7.670, 115.62, -49.50, 7.674, 115.59, -49.55, 0.009, 335.92, -62.48);
insert into SHOT values (2698, 2702, 2712, 1542, 2.520, 116.72, -44.20, 2.519, 116.71, -44.32, 0.005, 300.72, -35.86);
insert into SHOT values (2699, 2702, 2713, 1542, 0.420, 111.22, -26.90, 0.419, 110.38, -26.97, 0.006, 8.54, 0.23);
insert into SHOT values (2700, 2702, 2714, 1542, 1.590, 317.12, 63.70, 1.587, 317.29, 63.51, 0.007, 351.08, -54.64);
insert into SHOT values (2701, 2702, 2715, 1542, 2.360, 315.32, 55.00, 2.360, 315.60, 54.87, 0.008, 13.84, -22.35);
insert into SHOT values (2702, 2702, 2716, 1542, 0.600, 299.92, 14.80, 0.606, 299.62, 14.34, 0.008, 275.41, -24.30);
insert into SHOT values (2703, 2702, 2717, 1542, 1.040, 324.62, 21.80, 1.040, 324.67, 21.43, 0.007, 342.44, -65.31);
insert into SHOT values (2704, 2702, 2718, 1542, 2.380, 307.12, 42.80, 2.382, 307.13, 42.52, 0.012, 309.65, -35.95);
insert into SHOT values (2705, 2702, 2719, 1542, 1.400, 326.42, 36.60, 1.399, 326.59, 36.39, 0.006, 24.99, -49.42);
insert into SHOT values (2706, 2702, 2720, 1542, 3.300, 286.72, -77.20, 3.302, 286.70, -77.21, 0.002, 144.63, -79.67);
insert into SHOT values (2707, 2702, 2721, 1542, 3.610, 307.82, -64.60, 3.612, 307.68, -64.51, 0.007, 274.91, 8.72);
insert into SHOT values (2708, 2702, 2722, 1542, 6.460, 129.82, -79.40, 6.460, 129.87, -79.42, 0.003, 288.66, -4.69);
insert into SHOT values (2709, 2702, 2723, 1542, 6.060, 109.22, -89.30, 6.060, 105.95, -89.31, 0.004, 1.18, -5.91);
insert into SHOT values (2710, 2702, 2724, 1542, 2.190, 329.02, 37.50, 2.191, 328.87, 37.38, 0.006, 274.67, -29.62);
insert into SHOT values (2711, 2724, 2725, 1542, 0.700, 224.92, -4.80, 0.696, 225.00, -4.95, 0.005, 32.54, -16.91);
insert into SHOT values (2712, 2724, 2726, 1542, 0.420, 154.22, -3.10, 0.416, 152.82, -2.75, 0.011, 44.80, 14.15);
insert into SHOT values (2713, 2724, 2727, 1542, 0.580, 11.12, 1.30, 0.581, 10.92, 0.99, 0.004, 299.75, -56.70);
insert into SHOT values (2714, 2724, 2728, 1542, 0.350, 328.02, 17.00, 0.351, 329.62, 16.57, 0.010, 50.05, -13.78);
insert into SHOT values (2715, 2724, 2729, 1542, 3.490, 165.12, -88.20, 3.492, 163.30, -88.29, 0.006, 17.22, -15.46);
insert into SHOT values (2716, 2724, 2730, 1542, 2.160, 5.52, -44.10, 2.162, 5.53, -43.93, 0.007, 8.24, 27.49);
insert into SHOT values (2717, 2724, 2731, 1542, 2.720, 355.92, -8.10, 2.723, 355.96, -8.02, 0.005, 23.69, 36.86);
insert into SHOT values (2718, 2724, 2732, 1542, 3.740, 329.62, -8.30, 3.745, 329.70, -8.29, 0.008, 13.63, -0.81);
insert into SHOT values (2719, 2724, 2733, 1542, 0.330, 84.72, 6.30, 0.334, 84.81, 6.88, 0.005, 93.41, 48.15);
insert into SHOT values (2720, 2724, 2734, 1542, 1.360, 258.42, 64.50, 1.360, 259.08, 64.73, 0.009, 25.28, 16.54);
insert into SHOT values (2721, 2724, 2735, 1542, 2.020, 344.42, -27.00, 2.026, 344.58, -27.01, 0.008, 28.96, -22.12);
insert into SHOT values (2722, 2735, 2736, 1542, 0.670, 359.72, -72.30, 0.671, 0.00, -72.65, 0.004, 164.78, -24.12);
insert into SHOT values (2723, 2735, 2737, 1542, 0.770, 2.62, 10.50, 0.764, 2.29, 10.57, 0.008, 215.87, -2.36);
insert into SHOT values (2724, 2735, 2738, 1542, 0.820, 67.42, 11.30, 0.818, 67.27, 11.28, 0.003, 296.21, -13.91);
insert into SHOT values (2725, 2735, 2739, 1542, 1.000, 116.72, 8.70, 1.000, 117.08, 8.63, 0.006, 207.91, -11.27);
insert into SHOT values (2726, 2735, 2740, 1542, 1.420, 324.82, 12.00, 1.417, 324.70, 12.23, 0.007, 176.57, 42.31);
insert into SHOT values (2727, 2735, 2741, 1542, 1.950, 297.22, 1.20, 1.946, 297.22, 1.18, 0.004, 114.00, -11.63);
insert into SHOT values (2728, 2735, 2742, 1542, 1.640, 259.02, 3.90, 1.643, 259.10, 3.84, 0.004, 294.65, -20.44);
insert into SHOT values (2729, 2735, 2743, 1542, 1.320, 214.32, 3.80, 1.321, 214.17, 3.91, 0.004, 130.47, 37.04);
insert into SHOT values (2730, 2735, 2744, 1542, 1.260, 190.72, 4.80, 1.266, 190.51, 4.98, 0.009, 151.14, 32.33);
insert into SHOT values (2731, 2735, 2745, 1542, 2.070, 279.52, 4.80, 2.066, 279.51, 5.00, 0.008, 103.56, 56.60);
insert into SHOT values (2732, 2735, 2746, 1542, 12.610, 319.12, 79.60, 12.617, 319.10, 79.61, 0.007, 185.01, 81.84);
insert into SHOT values (2733, 2735, 2747, 1542, 4.300, 247.52, 73.30, 4.302, 247.17, 73.29, 0.008, 166.96, 10.08);
insert into SHOT values (2734, 2735, 2748, 1542, 3.510, 56.22, 89.50, 3.510, 63.43, 89.63, 0.009, 217.82, 0.86);
insert into SHOT values (2735, 2735, 2749, 1542, 3.760, 318.82, 65.50, 3.758, 318.64, 65.50, 0.005, 223.17, -16.85);
insert into SHOT values (2736, 2735, 2750, 1542, 3.670, 298.72, 46.90, 3.669, 298.61, 46.92, 0.005, 189.46, 3.53);
insert into SHOT values (2737, 2750, 2751, 1542, 1.760, 190.52, -76.80, 1.755, 190.18, -76.95, 0.007, 33.11, 29.66);
insert into SHOT values (2738, 2750, 2752, 1542, 2.430, 109.52, -86.10, 2.426, 107.35, -86.04, 0.008, 38.97, 33.09);
insert into SHOT values (2739, 2750, 2753, 1542, 1.590, 67.32, -74.00, 1.591, 66.97, -74.14, 0.005, 282.79, -19.60);
insert into SHOT values (2740, 2750, 2754, 1542, 0.430, 241.32, 85.70, 0.431, 251.57, 85.79, 0.006, 342.60, 11.91);
insert into SHOT values (2741, 2750, 2755, 1542, 0.950, 46.12, 78.30, 0.951, 45.00, 77.98, 0.007, 10.08, -2.28);
insert into SHOT values (2742, 2750, 2756, 1542, 0.510, 44.12, 27.00, 0.514, 44.12, 26.58, 0.005, 44.27, -16.27);
insert into SHOT values (2743, 2750, 2757, 1542, 2.390, 135.02, 16.10, 2.384, 135.00, 16.07, 0.006, 322.36, -27.79);
insert into SHOT values (2744, 2750, 2758, 1542, 4.950, 135.92, -25.80, 4.947, 135.91, -25.76, 0.005, 340.99, 72.64);
insert into SHOT values (2745, 2750, 2759, 1542, 4.060, 139.52, -57.30, 4.054, 139.63, -57.27, 0.008, 246.64, 56.35);
insert into SHOT values (2746, 2750, 2760, 1542, 1.760, 335.12, 64.20, 1.766, 335.43, 64.17, 0.008, 24.37, 44.15);
insert into SHOT values (2747, 2750, 2761, 1542, 1.750, 322.62, 27.50, 1.754, 322.84, 27.50, 0.007, 20.41, 15.45);
insert into SHOT values (2748, 2750, 2762, 1542, 1.080, 328.02, -10.20, 1.077, 328.11, -10.16, 0.004, 117.79, 20.24);
insert into SHOT values (2749, 2750, 2763, 1542, 1.550, 325.32, -54.70, 1.548, 325.43, -54.50, 0.006, 354.65, 55.17);
insert into SHOT values (2750, 2750, 2764, 1542, 1.690, 314.22, 39.90, 1.697, 314.38, 39.95, 0.008, 352.35, 45.25);
insert into SHOT values (2751, 2750, 2765, 1542, 1.740, 350.22, 22.90, 1.741, 350.30, 22.99, 0.004, 79.28, 50.63);
insert into SHOT values (2752, 2750, 2766, 1542, 3.000, 114.22, -9.90, 3.002, 114.14, -9.78, 0.008, 64.61, 47.79);
insert into SHOT values (2753, 2750, 2767, 1542, 3.000, 147.62, -6.60, 2.996, 147.48, -6.52, 0.009, 30.41, 31.90);
insert into SHOT values (2754, 2750, 2768, 1542, 0.150, 225.02, 15.60, 0.147, 225.00, 15.79, 0.003, 45.80, -6.32);
insert into SHOT values (2755, 2750, 2769, 1542, 5.250, 326.02, 48.50, 5.250, 326.13, 48.47, 0.007, 39.42, -16.07);
insert into SHOT values (2756, 2769, 2770, 1542, 1.550, 318.12, 29.20, 1.551, 317.70, 29.34, 0.011, 222.38, 21.01);
insert into SHOT values (2757, 2769, 2771, 1542, 2.650, 329.42, 31.70, 2.654, 329.34, 31.83, 0.008, 250.57, 67.97);
insert into SHOT values (2758, 2769, 2772, 1542, 1.430, 346.42, 28.70, 1.433, 346.18, 28.78, 0.006, 278.03, 30.95);
insert into SHOT values (2759, 2769, 2773, 1542, 1.670, 326.42, -4.00, 1.668, 326.02, -3.78, 0.013, 227.22, 29.29);
insert into SHOT values (2760, 2769, 2774, 1542, 1.320, 327.32, -32.20, 1.321, 327.02, -31.99, 0.008, 268.96, 26.40);
insert into SHOT values (2761, 2769, 2775, 1542, 1.320, 7.62, -16.20, 1.311, 7.29, -15.94, 0.013, 231.38, 38.86);
insert into SHOT values (2762, 2769, 2776, 1542, 0.660, 306.92, -28.00, 0.663, 306.67, -27.88, 0.004, 269.59, -2.08);
insert into SHOT values (2763, 2769, 2777, 1542, 0.580, 38.82, 39.20, 0.581, 38.66, 39.54, 0.004, 263.31, 62.88);
insert into SHOT values (2764, 2769, 2778, 1542, 0.310, 114.62, 78.40, 0.315, 120.96, 79.35, 0.010, 238.83, 39.09);
insert into SHOT values (2765, 2769, 2779, 1542, 1.390, 151.02, -53.70, 1.387, 151.56, -53.83, 0.009, 268.95, 1.58);
insert into SHOT values (2766, 2769, 2780, 1542, 3.950, 136.62, -48.50, 3.944, 136.86, -48.42, 0.014, 225.06, 37.28);
insert into SHOT values (2767, 2769, 2781, 1542, 1.630, 122.92, -32.40, 1.625, 123.11, -32.36, 0.007, 248.30, 30.73);
insert into SHOT values (2768, 2769, 2782, 1542, 3.040, 131.62, -5.60, 3.038, 131.65, -5.48, 0.007, 251.31, 73.51);
insert into SHOT values (2769, 2769, 2783, 1542, 5.180, 141.12, -8.20, 5.173, 141.18, -8.11, 0.012, 276.99, 46.12);
insert into SHOT values (2770, 2769, 2784, 1542, 1.330, 14.02, -78.40, 1.327, 12.99, -78.40, 0.006, 276.33, 30.55);
insert into SHOT values (2771, 2769, 2785, 1542, 3.210, 76.32, -66.90, 3.205, 76.63, -66.97, 0.009, 204.81, 16.77);
insert into SHOT values (2772, 2769, 2786, 1542, 3.780, 85.82, -48.80, 3.775, 85.85, -48.80, 0.005, 243.23, 48.92);
insert into SHOT values (2773, 2769, 2787, 1542, 0.310, 82.02, -42.50, 0.306, 82.23, -43.40, 0.007, 254.64, -4.93);
insert into SHOT values (2774, 2769, 2788, 1542, 5.320, 87.72, -36.80, 5.311, 87.71, -36.78, 0.009, 272.60, 46.25);
insert into SHOT values (2775, 2769, 2789, 1542, 2.320, 128.32, -2.20, 2.314, 128.51, -1.98, 0.013, 253.52, 44.26);
insert into SHOT values (2776, 2789, 2790, 1542, 0.690, 314.42, -1.20, 0.686, 314.41, -1.67, 0.007, 135.73, -54.77);
insert into SHOT values (2777, 2789, 2791, 1542, 0.920, 295.12, 1.80, 0.917, 295.17, 1.25, 0.009, 96.94, -73.61);
insert into SHOT values (2778, 2789, 2792, 1542, 3.810, 307.52, -2.20, 3.811, 307.53, -2.26, 0.004, 350.76, -68.71);
insert into SHOT values (2779, 2789, 2793, 1542, 1.230, 227.32, -66.30, 1.234, 226.64, -66.34, 0.007, 144.55, -32.22);
insert into SHOT values (2780, 2789, 2794, 1542, 1.040, 195.22, -85.80, 1.043, 195.95, -86.00, 0.004, 359.87, -38.61);
insert into SHOT values (2781, 2789, 2795, 1542, 4.690, 223.92, -83.30, 4.691, 223.49, -83.42, 0.011, 66.41, -11.04);
insert into SHOT values (2782, 2789, 2796, 1542, 2.710, 211.92, 77.50, 2.705, 211.80, 77.44, 0.006, 177.23, -69.73);
insert into SHOT values (2783, 2789, 2797, 1542, 5.120, 167.12, 80.90, 5.115, 166.48, 80.86, 0.011, 93.72, -30.41);
insert into SHOT values (2784, 2789, 2798, 1542, 1.700, 163.92, 83.10, 1.693, 163.30, 82.92, 0.009, 137.71, -56.52);
insert into SHOT values (2785, 2789, 2799, 1542, 1.240, 180.12, 9.50, 1.236, 180.00, 9.31, 0.006, 39.82, -50.10);
insert into SHOT values (2786, 2789, 2800, 1542, 1.010, 144.42, 10.20, 1.011, 144.40, 9.68, 0.009, 134.84, -75.83);
insert into SHOT values (2787, 2789, 2801, 1542, 2.230, 151.62, 7.50, 2.238, 151.47, 7.44, 0.010, 118.34, -5.99);
insert into SHOT values (2788, 2789, 2802, 1542, 2.120, 151.72, 26.60, 2.117, 151.68, 26.36, 0.009, 111.08, -78.18);
insert into SHOT values (2789, 2802, 2803, 1542, 0.990, 25.12, 10.40, 0.992, 25.51, 10.46, 0.007, 103.98, 10.58);
insert into SHOT values (2790, 2802, 2804, 1542, 1.970, 45.12, 14.80, 1.969, 45.21, 15.01, 0.008, 173.35, 59.04);
insert into SHOT values (2791, 2802, 2805, 1542, 5.520, 58.22, 13.20, 5.521, 58.23, 13.19, 0.002, 109.26, -15.33);
insert into SHOT values (2792, 2802, 2806, 1542, 5.980, 67.22, 9.80, 5.986, 67.26, 9.81, 0.008, 105.35, 16.41);
insert into SHOT values (2793, 2802, 2807, 1542, 2.590, 71.52, 7.00, 2.594, 71.42, 7.09, 0.007, 20.81, 39.04);
insert into SHOT values (2794, 2802, 2808, 1542, 1.520, 85.92, 1.20, 1.524, 85.86, 1.50, 0.009, 66.82, 60.83);
insert into SHOT values (2795, 2802, 2809, 1542, 1.390, 99.92, -3.10, 1.393, 99.94, -2.88, 0.006, 109.21, 60.41);
insert into SHOT values (2796, 2802, 2810, 1542, 0.200, 209.42, 35.20, 0.201, 209.74, 36.66, 0.005, 6.53, 63.27);
insert into SHOT values (2797, 2802, 2811, 1542, 6.950, 71.72, -73.00, 6.944, 71.65, -72.97, 0.007, 13.19, 67.56);
insert into SHOT values (2798, 2802, 2812, 1542, 9.310, 40.22, 78.00, 9.314, 40.18, 77.99, 0.004, 5.34, 60.77);
insert into SHOT values (2799, 2802, 2813, 1542, 6.110, 44.12, 84.60, 6.117, 44.29, 84.63, 0.008, 185.55, 68.39);
insert into SHOT values (2800, 2802, 2814, 1542, 2.860, 24.02, 68.30, 2.864, 23.91, 68.25, 0.005, 354.41, 33.22);
insert into SHOT values (2801, 2802, 2815, 1542, 2.250, 27.22, 50.20, 2.251, 27.28, 50.22, 0.002, 121.35, 42.06);
insert into SHOT values (2802, 2802, 2816, 1542, 2.390, 66.72, -62.30, 2.385, 66.67, -62.23, 0.006, 329.93, 80.73);
insert into SHOT values (2803, 2802, 2817, 1542, 3.680, 189.62, -68.60, 3.672, 189.46, -68.63, 0.009, 48.08, 47.29);
insert into SHOT values (2804, 2802, 2818, 1542, 2.230, 65.02, -11.60, 2.227, 65.08, -11.39, 0.009, 181.28, 72.76);
insert into SHOT values (2805, 2652, 2819, 1542, 5.480, 310.72, 40.60, 5.482, 310.72, 40.49, 0.011, 312.49, -35.94);
insert into SHOT values (2806, 2819, 2820, 1542, 2.110, 105.42, -50.50, 2.108, 105.48, -50.22, 0.011, 117.49, 49.45);
insert into SHOT values (2807, 2819, 2821, 1542, 2.620, 118.02, -47.90, 2.618, 118.17, -47.81, 0.006, 187.78, 38.76);
insert into SHOT values (2808, 2819, 2822, 1542, 7.030, 134.62, -43.10, 7.033, 134.61, -43.04, 0.009, 127.41, 23.62);
insert into SHOT values (2809, 2819, 2823, 1542, 1.350, 188.42, -31.00, 1.352, 188.41, -30.69, 0.008, 186.68, 44.88);
insert into SHOT values (2810, 2819, 2824, 1542, 0.870, 75.62, -78.60, 0.868, 76.76, -78.39, 0.005, 128.39, 32.96);
insert into SHOT values (2811, 2819, 2825, 1542, 0.190, 6.02, 62.40, 0.193, 6.34, 61.96, 0.003, 17.45, 32.17);
insert into SHOT values (2812, 2819, 2826, 1542, 0.300, 34.82, 11.20, 0.300, 35.31, 11.53, 0.003, 129.07, 34.21);
insert into SHOT values (2813, 2819, 2827, 1542, 0.350, 274.12, -6.00, 0.342, 273.37, -5.03, 0.011, 124.78, 36.97);
insert into SHOT values (2814, 2819, 2828, 1542, 0.610, 333.22, 1.30, 0.604, 333.43, 1.90, 0.009, 132.60, 43.35);
insert into SHOT values (2815, 2819, 2829, 1542, 0.680, 330.02, -25.60, 0.675, 330.49, -25.46, 0.008, 100.32, 30.15);
insert into SHOT values (2816, 2819, 2830, 1542, 6.680, 346.42, 31.50, 6.673, 346.48, 31.53, 0.010, 129.59, -1.67);
insert into SHOT values (2817, 2819, 2831, 1542, 0.420, 243.72, -8.70, 0.420, 242.82, -8.21, 0.007, 159.97, 28.29);
insert into SHOT values (2818, 2819, 2832, 1542, 1.100, 221.42, -2.60, 1.100, 220.94, -2.61, 0.009, 130.58, -0.63);
insert into SHOT values (2819, 2819, 2833, 1542, 1.500, 203.32, -2.10, 1.502, 203.15, -1.91, 0.007, 135.89, 46.11);
insert into SHOT values (2820, 2819, 2834, 1542, 1.110, 318.92, 18.60, 1.109, 318.87, 18.94, 0.007, 155.71, 61.32);
insert into SHOT values (2821, 2834, 2835, 1542, 19.840, 320.32, 69.50, 19.836, 320.37, 69.50, 0.008, 67.06, -26.32);
insert into SHOT values (2822, 2834, 2836, 1542, 2.940, 319.42, 81.10, 2.935, 320.36, 81.09, 0.009, 52.31, -31.68);
insert into SHOT values (2823, 2834, 2837, 1542, 1.140, 139.42, 56.80, 1.136, 138.90, 56.71, 0.007, 43.84, -34.70);
insert into SHOT values (2824, 2834, 2838, 1542, 0.830, 302.42, 33.60, 0.828, 302.54, 33.77, 0.004, 99.51, 10.64);
insert into SHOT values (2825, 2834, 2839, 1542, 2.220, 313.32, 33.90, 2.224, 313.46, 33.89, 0.006, 6.21, 16.93);
insert into SHOT values (2826, 2834, 2840, 1542, 2.450, 8.12, 29.80, 2.456, 8.09, 29.79, 0.006, 358.05, 24.58);
insert into SHOT values (2827, 2834, 2841, 1542, 5.510, 358.22, 31.20, 5.507, 358.30, 31.17, 0.008, 96.64, -32.87);
insert into SHOT values (2828, 2834, 2842, 1542, 4.490, 335.42, 30.00, 4.492, 335.41, 29.92, 0.007, 329.55, -47.13);
insert into SHOT values (2829, 2834, 2843, 1542, 5.680, 345.12, 27.30, 5.678, 345.19, 27.25, 0.008, 72.78, -37.43);
insert into SHOT values (2830, 2834, 2844, 1542, 1.650, 50.42, 18.80, 1.657, 50.43, 18.66, 0.008, 52.68, -12.60);
insert into SHOT values (2831, 2834, 2845, 1542, 1.110, 83.02, 30.70, 1.114, 82.80, 30.76, 0.006, 33.71, 34.69);
insert into SHOT values (2832, 2834, 2846, 1542, 0.200, 41.22, -68.70, 0.205, 39.81, -67.65, 0.007, 21.71, -32.45);
insert into SHOT values (2833, 2834, 2847, 1542, 5.180, 340.32, 26.40, 5.179, 340.35, 26.37, 0.004, 64.52, -46.35);
insert into SHOT values (2834, 2834, 2848, 1542, 4.460, 340.42, 26.30, 4.460, 340.43, 26.21, 0.007, 2.66, -64.16);
insert into SHOT values (2835, 2848, 2849, 1542, 0.580, 351.92, 10.50, 0.576, 351.87, 11.00, 0.006, 177.67, 42.93);
insert into SHOT values (2836, 2848, 2850, 1542, 0.780, 44.52, 5.30, 0.782, 45.00, 5.87, 0.010, 124.79, 50.07);
insert into SHOT values (2837, 2848, 2851, 1542, 0.630, 65.42, -62.30, 0.624, 66.04, -61.75, 0.009, 116.35, 62.14);
insert into SHOT values (2838, 2848, 2852, 1542, 17.970, 283.12, 75.70, 17.976, 283.16, 75.71, 0.008, 45.49, 60.25);
insert into SHOT values (2839, 2848, 2853, 1542, 2.810, 192.22, 28.00, 2.814, 192.08, 27.98, 0.007, 135.43, 6.25);
insert into SHOT values (2840, 2848, 2854, 1542, 1.930, 198.42, 0.50, 1.929, 198.43, 0.59, 0.003, 345.41, 70.51);
insert into SHOT values (2841, 2848, 2855, 1542, 4.110, 163.52, -1.50, 4.111, 163.46, -1.39, 0.009, 93.47, 60.66);
insert into SHOT values (2842, 2848, 2856, 1542, 4.590, 176.32, 53.20, 4.598, 176.26, 53.17, 0.008, 151.28, 33.46);
insert into SHOT values (2843, 2848, 2857, 1542, 2.760, 114.82, 69.20, 2.760, 114.73, 69.20, 0.001, 16.82, -4.77);
insert into SHOT values (2844, 2848, 2858, 1542, 6.720, 225.62, 72.40, 6.724, 225.60, 72.43, 0.005, 60.37, 61.25);
insert into SHOT values (2845, 2848, 2859, 1542, 4.270, 148.52, -16.30, 4.271, 148.56, -16.18, 0.010, 184.21, 59.63);
insert into SHOT values (2846, 2859, 2860, 1542, 0.520, 34.52, -3.00, 0.525, 34.90, -3.27, 0.007, 69.68, -24.44);
insert into SHOT values (2847, 2859, 2861, 1542, 0.770, 44.32, -73.50, 0.774, 45.00, -73.00, 0.008, 63.94, -12.01);
insert into SHOT values (2848, 2859, 2862, 1542, 0.910, 35.22, -53.80, 0.915, 35.17, -53.97, 0.006, 4.15, -80.80);
insert into SHOT values (2849, 2859, 2863, 1542, 1.000, 196.62, -63.50, 1.002, 197.20, -63.96, 0.009, 342.39, -32.55);
insert into SHOT values (2850, 2859, 2864, 1542, 0.360, 68.92, 26.60, 0.361, 68.20, 26.34, 0.004, 355.28, -15.78);
insert into SHOT values (2851, 2859, 2865, 1542, 0.340, 145.72, 82.20, 0.333, 135.00, 82.67, 0.011, 26.25, -37.11);
insert into SHOT values (2852, 2859, 2866, 1542, 0.960, 100.62, 6.90, 0.962, 100.25, 6.57, 0.008, 30.31, -39.47);
insert into SHOT values (2853, 2859, 2867, 1542, 1.130, 145.42, -2.30, 1.130, 145.47, -2.54, 0.005, 244.49, -78.25);
insert into SHOT values (2854, 2859, 2868, 1542, 1.230, 131.52, 3.10, 1.227, 131.36, 2.80, 0.008, 5.19, -57.71);
insert into SHOT values (2855, 2868, 2869, 1542, 0.900, 99.42, 1.10, 0.903, 99.57, 1.27, 0.005, 140.42, 37.12);
insert into SHOT values (2856, 2868, 2870, 1542, 0.980, 124.62, 2.90, 0.986, 124.66, 2.91, 0.006, 131.41, 3.97);
insert into SHOT values (2857, 2868, 2871, 1542, 1.640, 144.42, 0.10, 1.640, 144.18, 0.35, 0.010, 56.62, 46.22);
insert into SHOT values (2858, 2868, 2872, 1542, 0.790, 168.42, 2.90, 0.787, 168.26, 2.91, 0.003, 28.41, 0.54);
insert into SHOT values (2859, 2868, 2873, 1542, 0.380, 216.72, 7.20, 0.375, 216.25, 7.65, 0.006, 67.76, 22.15);
insert into SHOT values (2860, 2868, 2874, 1542, 0.620, 28.12, 10.40, 0.623, 28.24, 10.17, 0.004, 50.53, -29.60);
insert into SHOT values (2861, 2868, 2875, 1542, 1.100, 338.42, 8.40, 1.098, 338.39, 8.38, 0.002, 171.17, -19.77);
insert into SHOT values (2862, 2868, 2876, 1542, 0.860, 295.32, 4.20, 0.857, 295.67, 4.68, 0.009, 58.70, 48.44);
insert into SHOT values (2863, 2868, 2877, 1542, 1.120, 294.82, -67.80, 1.113, 295.35, -67.79, 0.008, 59.85, 55.78);
insert into SHOT values (2864, 2868, 2878, 1542, 15.270, 310.02, 84.70, 15.275, 310.12, 84.70, 0.006, 4.49, 60.09);
insert into SHOT values (2865, 2868, 2879, 1542, 7.660, 3.22, 78.50, 7.663, 3.39, 78.54, 0.007, 137.84, 30.50);
insert into SHOT values (2866, 2868, 2880, 1542, 6.160, 299.52, 82.10, 6.158, 299.91, 82.14, 0.008, 67.04, -11.82);
insert into SHOT values (2867, 2868, 2881, 1542, 1.460, 269.52, 81.70, 1.465, 270.00, 81.76, 0.006, 22.95, 69.96);
insert into SHOT values (2868, 2868, 2882, 1542, 1.270, 21.32, 67.00, 1.270, 21.37, 67.11, 0.003, 189.75, 22.52);
insert into SHOT values (2869, 2868, 2883, 1542, 2.400, 113.42, 82.80, 2.399, 113.20, 82.71, 0.004, 96.56, -15.04);
insert into SHOT values (2870, 2868, 2884, 1542, 4.280, 324.32, 59.40, 4.285, 324.34, 59.44, 0.006, 67.84, 81.45);
insert into SHOT values (2871, 2868, 2885, 1542, 6.020, 314.02, 69.30, 6.019, 314.05, 69.29, 0.002, 10.78, -44.49);
insert into SHOT values (2872, 2868, 2886, 1542, 10.280, 330.72, 81.00, 10.286, 330.88, 81.04, 0.010, 111.89, 42.76);
insert into SHOT values (2873, 2868, 2887, 1542, 5.250, 135.92, -48.10, 5.245, 135.92, -48.03, 0.008, 151.42, 77.84);
insert into SHOT values (2874, 2868, 2888, 1542, 3.050, 123.62, -42.30, 3.049, 123.62, -42.24, 0.003, 127.23, 56.78);
insert into SHOT values (2875, 2868, 2889, 1542, 2.800, 142.72, -44.10, 2.802, 142.67, -44.10, 0.002, 94.05, -36.07);
insert into SCRAPS values (1544, 1538, 'SP-P40-1', 1, 79.94761, 1.27813);
 insert into SCRAPS values (1575, 1538, 'SP-P40-2', 1, 79.93478, 7.18852);
 insert into SCRAPS values (1592, 1538, 'SP-P40-4', 1, 0.51927, 0.08664);
 insert into SCRAPS values (1598, 1538, 'SP-P40-3', 1, 84.39360, 3.40168);
 insert into SCRAPS values (1615, 1538, 'SC-P40-1', 2, 74.03981, 1.13395);
 insert into SCRAPS values (1659, 1538, 'SC-P40-2', 2, 64.95217, 6.47895);
 insert into MAPS values (1667, 1538, 'MP-P40-plan-tot', 'P40_suite', 1, 94.220, -46.280);
 insert into MAPITEMS values (1667, 4, 1544);
 insert into MAPITEMS values (1667, 4, 1575);
 insert into MAPITEMS values (1667, 4, 1598);
 insert into MAPITEMS values (1667, 4, 1592);
 insert into MAPS values (1668, 1538, 'MC-P40-coupe-tot-elev', 'P40_suite', 2, 94.220, -46.280);
 insert into MAPITEMS values (1668, 4, 1615);
 insert into MAPITEMS values (1668, 4, 1659);
 insert into SURVEY values (1671, 332, 'jonctionP90P17', 'jonctionP90P17.Kriska.Ded', 'jonctionP90P17');
 insert into CENTRELINE values (1672, 1671, NULL, NULL, NULL, 0.00, 0.00, 0.00);
 insert into SURVEY values (1673, 1671, 'jonctionP90P17', 'jonctionP90P17.jonctionP90P17.Kriska.Ded', 'jonctionP90P17');
 insert into CENTRELINE values (1674, 1673, NULL, NULL, NULL, 0.00, 0.00, 0.00);
 insert into CENTRELINE values (1675, 1673, NULL, '2023-08-18', NULL, 38.25, 0.00, 0.00);
 insert into PERSON values (36, 'Fabien', 'Simon(GUCEM)');
insert into TOPO values (36, 1675);
 insert into TOPO values (2, 1675);
 insert into SHOT values (2876, 2890, 2891, 1675, 2.200, 223.85, -9.00, 2.199, 224.07, -9.16, 0.010, 326.13, -34.27);
insert into SHOT values (2877, 2890, 2892, 1675, 3.200, 229.35, 36.20, 3.199, 229.40, 36.21, 0.003, 337.91, 1.41);
insert into SHOT values (2878, 2890, 2893, 1675, 6.290, 233.35, 57.10, 6.289, 233.33, 57.10, 0.002, 110.78, -49.98);
insert into SHOT values (2879, 2890, 2894, 1675, 2.860, 183.65, 8.00, 2.853, 183.65, 7.86, 0.010, 0.79, -51.31);
insert into SHOT values (2880, 2890, 2895, 1675, 2.830, 183.55, 10.80, 2.825, 183.51, 10.81, 0.005, 22.89, -3.35);
insert into SHOT values (2881, 2890, 2896, 1675, 3.950, 188.65, 39.60, 3.946, 188.69, 39.50, 0.008, 246.95, -70.97);
insert into SHOT values (2882, 2890, 2897, 1675, 13.930, 190.95, 63.40, 13.924, 191.00, 63.40, 0.009, 303.91, -39.18);
insert into SHOT values (2883, 2890, 2898, 1675, 9.640, 222.35, 71.30, 9.638, 222.37, 71.32, 0.005, 23.83, -13.18);
insert into SHOT values (2884, 2890, 2899, 1675, 3.180, 224.25, 75.80, 3.178, 224.48, 75.70, 0.006, 258.25, -25.93);
insert into SHOT values (2885, 2890, 2900, 1675, 0.690, 39.95, 21.20, 0.693, 39.35, 21.14, 0.007, 335.94, 3.68);
insert into SHOT values (2886, 2890, 2901, 1675, 1.580, 113.05, 24.40, 1.574, 112.99, 24.39, 0.006, 308.96, -27.46);
insert into SHOT values (2887, 2890, 2902, 1675, 2.060, 124.85, 56.90, 2.053, 124.82, 56.91, 0.007, 310.42, -53.12);
insert into SHOT values (2888, 2890, 2903, 1675, 0.220, 125.05, 22.60, 0.218, 122.91, 21.56, 0.009, 29.28, -30.88);
insert into SHOT values (2889, 2890, 2904, 1675, 3.230, 122.35, 21.30, 3.227, 122.37, 21.26, 0.004, 272.12, -53.79);
insert into SHOT values (2890, 2890, 2905, 1675, 4.090, 119.85, 10.70, 4.085, 119.89, 10.72, 0.006, 270.63, 6.08);
insert into SHOT values (2891, 2890, 2906, 1675, 2.400, 111.45, -11.10, 2.399, 111.44, -11.30, 0.008, 297.65, -73.80);
insert into SHOT values (2892, 2890, 2907, 1675, 1.870, 136.35, -18.50, 1.867, 136.37, -18.74, 0.008, 306.33, -52.11);
insert into SHOT values (2893, 2890, 2908, 1675, 2.170, 149.75, 0.40, 2.165, 149.76, 0.26, 0.008, 323.08, -43.12);
insert into SHOT values (2894, 2890, 2909, 1675, 2.550, 146.65, 14.10, 2.617, 145.62, 14.61, 0.084, 109.01, 27.57);
insert into SHOT values (2895, 2909, 2910, 1675, 3.830, 176.95, 81.60, 3.831, 176.93, 81.58, 0.002, 171.71, 39.67);
insert into SHOT values (2896, 2909, 2911, 1675, 2.540, 29.65, 84.90, 2.540, 32.28, 84.92, 0.010, 126.87, 0.31);
insert into SHOT values (2897, 2909, 2912, 1675, 2.160, 24.75, 76.90, 2.156, 25.51, 76.93, 0.008, 132.28, -28.93);
insert into SHOT values (2898, 2909, 2913, 1675, 1.480, 22.15, 65.10, 1.476, 22.83, 65.22, 0.009, 144.54, -15.42);
insert into SHOT values (2899, 2909, 2914, 1675, 1.390, 27.25, 47.70, 1.391, 27.39, 47.77, 0.003, 134.49, 38.32);
insert into SHOT values (2900, 2909, 2915, 1675, 1.130, 27.25, 27.30, 1.129, 27.33, 27.43, 0.003, 173.76, 32.15);
insert into SHOT values (2901, 2909, 2916, 1675, 1.110, 31.75, 2.00, 1.111, 32.11, 2.06, 0.007, 117.96, 9.99);
insert into SHOT values (2902, 2909, 2917, 1675, 1.250, 35.75, -19.00, 1.257, 36.10, -19.04, 0.010, 85.50, -17.61);
insert into SHOT values (2903, 2909, 2918, 1675, 1.650, 42.15, -38.10, 1.654, 42.51, -38.07, 0.009, 107.31, -11.69);
insert into SHOT values (2904, 2909, 2919, 1675, 0.940, 44.95, -48.80, 0.944, 45.00, -48.77, 0.004, 55.76, -40.99);
insert into SHOT values (2905, 2909, 2920, 1675, 1.800, 86.65, 33.40, 1.799, 86.57, 33.38, 0.002, 355.82, -22.57);
insert into SHOT values (2906, 2909, 2921, 1675, 1.710, 83.25, 7.80, 1.717, 83.25, 7.70, 0.008, 84.39, -15.23);
insert into SHOT values (2907, 2909, 2922, 1675, 2.150, 78.65, -14.30, 2.157, 78.69, -14.23, 0.007, 91.29, 8.07);
insert into SHOT values (2908, 2909, 2923, 1675, 2.440, 75.05, -28.50, 2.444, 75.19, -28.33, 0.010, 111.87, 25.48);
insert into SHOT values (2909, 2909, 2924, 1675, 2.530, 102.45, 40.20, 2.531, 102.53, 40.09, 0.006, 139.65, -32.94);
insert into SHOT values (2910, 2909, 2925, 1675, 2.820, 112.55, 48.80, 2.821, 112.43, 48.73, 0.005, 63.68, -20.00);
insert into SHOT values (2911, 2909, 2926, 1675, 3.350, 124.75, 59.50, 3.355, 124.72, 59.49, 0.005, 108.30, 49.04);
insert into SHOT values (2912, 2909, 2927, 1675, 3.790, 143.45, 67.40, 3.792, 143.37, 67.38, 0.003, 90.46, 22.10);
insert into SHOT values (2913, 2909, 2928, 1675, 4.330, 188.25, 75.70, 4.334, 188.05, 75.70, 0.006, 114.60, 48.17);
insert into SHOT values (2914, 2909, 2929, 1675, 6.630, 242.85, 58.50, 6.626, 242.84, 58.51, 0.004, 66.86, -49.64);
insert into SHOT values (2915, 2909, 2930, 1675, 5.440, 257.05, 49.10, 5.438, 257.02, 49.09, 0.003, 143.52, -43.87);
insert into SHOT values (2916, 2909, 2931, 1675, 3.880, 261.65, 39.10, 3.875, 261.57, 39.21, 0.010, 105.42, 17.49);
insert into SHOT values (2917, 2909, 2932, 1675, 3.200, 266.65, 24.00, 3.192, 266.66, 24.04, 0.009, 82.86, -10.50);
insert into SHOT values (2918, 2909, 2933, 1675, 2.910, 269.35, 12.80, 2.902, 269.19, 12.74, 0.012, 135.37, -23.79);
insert into SHOT values (2919, 2909, 2934, 1675, 2.860, 273.85, -4.70, 2.856, 273.83, -4.62, 0.006, 106.52, 46.41);
insert into SHOT values (2920, 2909, 2935, 1675, 3.800, 285.85, -32.90, 3.790, 285.87, -32.92, 0.010, 97.19, 23.40);
insert into SHOT values (2921, 2909, 2936, 1675, 3.970, 315.25, -7.50, 3.966, 315.21, -7.53, 0.006, 166.40, -19.01);
insert into SHOT values (2922, 2909, 2937, 1675, 0.170, 199.95, 17.00, 0.175, 197.35, 16.61, 0.009, 142.76, 1.88);
insert into SHOT values (2923, 2909, 2938, 1675, 2.720, 96.65, -2.90, 2.722, 96.76, -2.95, 0.006, 162.83, -22.10);
insert into SHOT values (2924, 2909, 2939, 1675, 3.010, 91.25, -16.20, 3.010, 91.39, -16.20, 0.007, 178.41, -1.89);
insert into SHOT values (2925, 2909, 2940, 1675, 3.740, 88.15, -29.70, 3.741, 88.24, -29.64, 0.007, 149.47, 26.90);
insert into SHOT values (2926, 2909, 2941, 1675, 3.740, 92.15, -22.90, 3.838, 91.93, -21.87, 0.120, 85.61, 12.16);
insert into SHOT values (2927, 2941, 2942, 1675, 1.260, 160.55, 50.80, 1.267, 161.11, 50.66, 0.011, 209.86, 18.77);
insert into SHOT values (2928, 2941, 2943, 1675, 1.000, 171.45, 27.10, 1.001, 171.60, 27.34, 0.005, 277.30, 61.33);
insert into SHOT values (2929, 2941, 2944, 1675, 0.720, 176.85, 8.40, 0.729, 176.82, 8.67, 0.010, 174.76, 28.60);
insert into SHOT values (2930, 2941, 2945, 1675, 0.710, 178.15, -19.20, 0.709, 178.29, -18.94, 0.004, 275.26, 64.02);
insert into SHOT values (2931, 2941, 2946, 1675, 0.890, 183.35, -46.60, 0.885, 183.75, -46.31, 0.008, 276.16, 56.89);
insert into SHOT values (2932, 2941, 2947, 1675, 0.940, 177.15, -44.90, 0.941, 177.44, -44.54, 0.007, 212.33, 30.81);
insert into SHOT values (2933, 2941, 2948, 1675, 1.020, 172.55, -62.40, 1.017, 172.72, -62.23, 0.004, 222.41, 63.72);
insert into SHOT values (2934, 2941, 2949, 1675, 1.250, 182.35, -77.50, 1.250, 182.12, -77.51, 0.001, 73.26, 18.27);
insert into SHOT values (2935, 2941, 2950, 1675, 0.830, 216.05, -84.40, 0.824, 215.54, -84.01, 0.008, 207.42, 49.91);
insert into SHOT values (2936, 2941, 2951, 1675, 1.190, 138.05, -14.40, 1.190, 138.16, -14.10, 0.007, 191.32, 64.12);
insert into SHOT values (2937, 2941, 2952, 1675, 1.810, 128.75, -44.00, 1.804, 129.07, -43.86, 0.010, 226.91, 44.37);
insert into SHOT values (2938, 2941, 2953, 1675, 2.810, 120.25, -55.50, 2.805, 120.59, -55.43, 0.011, 210.78, 30.97);
insert into SHOT values (2939, 2941, 2954, 1675, 3.850, 101.55, -57.70, 3.844, 101.80, -57.71, 0.011, 214.33, 23.11);
insert into SHOT values (2940, 2941, 2955, 1675, 0.260, 91.85, -59.40, 0.256, 94.40, -59.35, 0.007, 201.69, 31.56);
insert into SHOT values (2941, 2941, 2956, 1675, 4.660, 117.95, -3.30, 4.660, 117.94, -3.20, 0.008, 45.28, 87.85);
insert into SHOT values (2942, 2941, 2957, 1675, 2.550, 124.45, 12.10, 2.546, 124.52, 12.25, 0.008, 272.79, 41.54);
insert into SHOT values (2943, 2941, 2958, 1675, 2.840, 130.55, 24.20, 2.847, 130.63, 24.26, 0.009, 165.52, 42.80);
insert into SHOT values (2944, 2941, 2959, 1675, 3.430, 136.25, 33.40, 3.432, 136.27, 33.42, 0.002, 191.10, 47.95);
insert into SHOT values (2945, 2941, 2960, 1675, 3.790, 139.85, 39.40, 3.794, 139.84, 39.43, 0.005, 137.51, 63.70);
insert into SHOT values (2946, 2941, 2961, 1675, 4.870, 114.15, -16.10, 4.873, 114.21, -16.08, 0.006, 176.39, 4.95);
insert into SHOT values (2947, 2941, 2962, 1675, 5.940, 108.25, -24.80, 5.939, 108.27, -24.79, 0.003, 212.10, 36.94);
insert into SHOT values (2948, 2941, 2963, 1675, 2.470, 103.35, -25.90, 2.466, 103.54, -25.72, 0.012, 194.97, 50.35);
insert into SHOT values (2949, 2941, 2964, 1675, 7.910, 98.15, -41.80, 7.911, 98.19, -41.77, 0.006, 148.24, 23.29);
insert into SHOT values (2950, 2941, 2965, 1675, 8.490, 92.85, -45.50, 8.484, 92.89, -45.49, 0.008, 216.52, 44.05);
insert into SHOT values (2951, 2941, 2966, 1675, 3.320, 97.75, -50.60, 3.317, 97.90, -50.50, 0.008, 162.19, 41.06);
insert into SHOT values (2952, 2941, 2967, 1675, 4.090, 89.25, -54.10, 4.089, 89.28, -54.05, 0.004, 128.94, 50.84);
insert into SHOT values (2953, 2941, 2968, 1675, 3.860, 102.45, -35.70, 3.913, 102.18, -34.56, 0.095, 92.85, 20.02);
insert into SHOT values (2954, 2968, 2969, 1675, 2.640, 284.45, 13.20, 2.633, 284.47, 13.40, 0.012, 97.49, 38.28);
insert into SHOT values (2955, 2968, 2970, 1675, 3.730, 282.15, 29.50, 3.728, 282.11, 29.58, 0.006, 129.01, 33.99);
insert into SHOT values (2956, 2968, 2971, 1675, 1.190, 264.35, 16.40, 1.185, 264.44, 16.67, 0.008, 67.68, 31.63);
insert into SHOT values (2957, 2968, 2972, 1675, 0.990, 253.75, 36.80, 0.993, 253.86, 37.17, 0.007, 28.85, 72.84);
insert into SHOT values (2958, 2968, 2973, 1675, 0.750, 279.15, -10.00, 0.741, 279.46, -10.10, 0.010, 74.24, 1.41);
insert into SHOT values (2959, 2968, 2974, 1675, 1.630, 313.25, -26.00, 1.621, 313.33, -25.98, 0.009, 117.55, 29.36);
insert into SHOT values (2960, 2968, 2975, 1675, 1.010, 327.65, -47.20, 1.007, 328.17, -47.31, 0.007, 87.64, 8.38);
insert into SHOT values (2961, 2968, 2976, 1675, 1.190, 344.55, -78.30, 1.184, 345.38, -78.42, 0.007, 121.06, 46.40);
insert into SHOT values (2962, 2968, 2977, 1675, 0.460, 229.85, -13.40, 0.458, 229.54, -12.61, 0.007, 125.70, 69.44);
insert into SHOT values (2963, 2968, 2978, 1675, 0.570, 229.25, 26.00, 0.562, 229.03, 26.42, 0.009, 61.19, 0.80);
insert into SHOT values (2964, 2968, 2979, 1675, 1.620, 229.05, 51.20, 1.621, 229.03, 51.60, 0.011, 51.11, 41.23);
insert into SHOT values (2965, 2968, 2980, 1675, 1.860, 219.05, 62.00, 1.867, 218.97, 62.07, 0.008, 177.65, 76.71);
insert into SHOT values (2966, 2968, 2981, 1675, 5.160, 245.85, 61.50, 5.162, 245.73, 61.58, 0.009, 110.87, 37.02);
insert into SHOT values (2967, 2968, 2982, 1675, 1.960, 202.85, 67.90, 1.963, 202.38, 68.00, 0.007, 94.06, 32.39);
insert into SHOT values (2968, 2968, 2983, 1675, 2.120, 193.65, 54.60, 2.120, 193.70, 54.70, 0.004, 355.39, 29.41);
insert into SHOT values (2969, 2968, 2984, 1675, 1.590, 183.25, 48.50, 1.596, 183.27, 48.77, 0.009, 349.46, 78.23);
insert into SHOT values (2970, 2968, 2985, 1675, 1.410, 170.85, 29.60, 1.412, 170.61, 29.72, 0.006, 85.69, 35.49);
insert into SHOT values (2971, 2968, 2986, 1675, 1.220, 167.05, 13.90, 1.219, 166.79, 14.25, 0.009, 47.54, 48.50);
insert into SHOT values (2972, 2968, 2987, 1675, 1.380, 167.55, -2.60, 1.384, 167.47, -2.48, 0.005, 145.08, 28.92);
insert into SHOT values (2973, 2968, 2988, 1675, 1.640, 170.45, -21.80, 1.636, 170.17, -21.51, 0.012, 77.60, 50.59);
insert into SHOT values (2974, 2968, 2989, 1675, 1.830, 175.25, -28.80, 1.831, 175.00, -28.72, 0.008, 104.83, 12.38);
insert into SHOT values (2975, 2968, 2990, 1675, 1.030, 169.15, -42.90, 1.030, 168.54, -42.83, 0.008, 82.65, 8.15);
insert into SHOT values (2976, 2968, 2991, 1675, 1.130, 158.15, -29.30, 1.126, 157.87, -29.24, 0.006, 34.49, 28.18);
insert into SHOT values (2977, 2968, 2992, 1675, 2.950, 146.25, -41.10, 2.947, 146.17, -40.91, 0.011, 109.68, 61.04);
insert into SHOT values (2978, 2968, 2993, 1675, 2.600, 140.65, -50.20, 2.598, 140.59, -50.00, 0.009, 123.74, 53.40);
insert into SHOT values (2979, 2968, 2994, 1675, 2.290, 131.45, -40.00, 2.291, 131.31, -39.91, 0.006, 77.16, 20.96);
insert into SHOT values (2980, 2968, 2995, 1675, 2.100, 131.75, -24.30, 2.097, 131.61, -24.21, 0.006, 24.56, 41.12);
insert into SHOT values (2981, 2968, 2996, 1675, 2.110, 141.85, -24.90, 2.107, 141.57, -24.68, 0.012, 57.01, 42.59);
insert into SHOT values (2982, 2968, 2997, 1675, 2.740, 149.55, -24.40, 2.741, 149.43, -24.35, 0.006, 79.15, 19.56);
insert into SHOT values (2983, 2968, 2998, 1675, 2.600, 153.85, -2.60, 2.601, 153.73, -2.42, 0.010, 74.89, 56.24);
insert into SHOT values (2984, 2968, 2999, 1675, 2.910, 150.05, 10.10, 2.910, 150.03, 10.30, 0.010, 348.01, 76.80);
insert into SHOT values (2985, 2968, 3000, 1675, 3.610, 144.65, 10.70, 3.614, 144.52, 10.85, 0.013, 67.53, 50.35);
insert into SHOT values (2986, 2968, 3001, 1675, 3.660, 147.85, -2.00, 3.664, 147.83, -1.88, 0.009, 134.42, 58.90);
insert into SHOT values (2987, 2968, 3002, 1675, 3.930, 148.05, -10.70, 3.934, 147.99, -10.54, 0.012, 119.19, 53.52);
insert into SHOT values (2988, 2968, 3003, 1675, 3.060, 148.55, -14.00, 3.058, 148.51, -14.00, 0.003, 13.34, 5.55);
insert into SHOT values (2989, 2968, 3004, 1675, 3.640, 140.45, -7.90, 3.643, 140.40, -7.89, 0.004, 91.66, 4.25);
insert into SHOT values (2990, 2968, 3005, 1675, 3.330, 140.35, -0.50, 3.330, 140.24, -0.34, 0.011, 53.66, 55.43);
insert into SHOT values (2991, 2968, 3006, 1675, 3.680, 142.05, 5.20, 3.684, 141.97, 5.29, 0.009, 92.44, 47.16);
insert into SHOT values (2992, 2968, 3007, 1675, 2.400, 141.35, 7.70, 2.406, 141.30, 7.88, 0.010, 121.08, 58.48);
insert into SHOT values (2993, 2968, 3008, 1675, 2.460, 135.25, 0.00, 2.468, 135.16, 0.00, 0.009, 111.03, 0.00);
insert into SHOT values (2994, 2968, 3009, 1675, 5.230, 148.85, 39.20, 5.235, 148.82, 39.22, 0.006, 115.94, 51.37);
insert into SHOT values (2995, 2968, 3010, 1675, 2.360, 142.65, 46.30, 2.365, 142.71, 46.30, 0.006, 169.64, 43.54);
insert into SHOT values (2996, 2968, 3011, 1675, 2.200, 141.95, 42.30, 2.209, 141.72, 42.42, 0.012, 79.52, 52.83);
insert into SHOT values (2997, 2968, 3012, 1675, 1.810, 130.05, 27.10, 1.819, 129.99, 27.15, 0.009, 116.89, 36.81);
insert into SHOT values (2998, 2968, 3013, 1675, 1.770, 120.35, 9.50, 1.773, 120.23, 9.74, 0.009, 60.29, 63.20);
insert into SHOT values (2999, 2968, 3014, 1675, 2.230, 111.35, -11.90, 2.233, 111.17, -11.62, 0.013, 60.75, 48.42);
insert into SHOT values (3000, 2968, 3015, 1675, 3.020, 105.55, -27.50, 3.026, 105.54, -27.34, 0.010, 102.64, 25.36);
insert into SHOT values (3001, 2968, 3016, 1675, 3.100, 99.65, -36.60, 3.101, 99.69, -36.40, 0.011, 114.94, 49.39);
insert into SHOT values (3002, 2968, 3017, 1675, 2.650, 107.35, -36.10, 2.654, 107.34, -35.99, 0.007, 104.80, 12.06);
insert into SHOT values (3003, 2968, 3018, 1675, 2.260, 85.95, -42.30, 2.261, 85.89, -42.23, 0.003, 55.21, 17.56);
insert into SHOT values (3004, 2968, 3019, 1675, 4.790, 86.35, -50.90, 4.788, 86.40, -50.80, 0.009, 116.03, 51.42);
insert into SHOT values (3005, 2968, 3020, 1675, 4.390, 93.05, -60.00, 4.393, 93.12, -59.89, 0.009, 112.61, 11.91);
insert into SHOT values (3006, 2968, 3021, 1675, 3.800, 82.85, -69.70, 3.797, 82.61, -69.64, 0.007, 18.19, 33.04);
insert into SHOT values (3007, 2968, 3022, 1675, 3.640, 46.95, -71.60, 3.638, 46.76, -71.52, 0.007, 4.53, 34.76);
insert into SHOT values (3008, 2968, 3023, 1675, 1.630, 7.35, -73.40, 1.628, 7.43, -73.44, 0.003, 166.01, 47.29);
insert into SHOT values (3009, 2968, 3024, 1675, 4.680, 33.85, -60.90, 4.672, 33.90, -60.83, 0.010, 98.55, 75.69);
insert into SHOT values (3010, 2968, 3025, 1675, 6.340, 51.25, -60.90, 6.334, 51.31, -60.82, 0.011, 91.37, 60.59);
insert into SHOT values (3011, 2968, 3026, 1675, 3.500, 7.55, -55.30, 3.497, 7.77, -55.15, 0.012, 60.24, 37.95);
insert into SHOT values (3012, 2968, 3027, 1675, 3.020, 358.95, -53.00, 3.020, 359.06, -52.94, 0.005, 50.60, 22.88);
insert into SHOT values (3013, 2968, 3028, 1675, 2.270, 87.95, -41.40, 2.275, 87.99, -41.24, 0.008, 97.09, 7.98);
insert into SHOT values (3014, 2968, 3029, 1675, 3.140, 93.05, -44.30, 3.142, 93.05, -44.19, 0.007, 95.77, 27.02);
insert into SHOT values (3015, 2968, 3030, 1675, 2.810, 100.65, -48.80, 2.807, 100.58, -48.73, 0.005, 25.97, 63.39);
insert into SHOT values (3016, 2968, 3031, 1675, 2.940, 114.05, -53.50, 2.938, 113.93, -53.43, 0.005, 49.25, 40.33);
insert into SHOT values (3017, 2968, 3032, 1675, 3.430, 124.85, -58.90, 3.426, 124.67, -58.79, 0.009, 68.94, 47.56);
insert into SHOT values (3018, 2968, 3033, 1675, 3.840, 128.15, -65.30, 3.835, 127.94, -65.17, 0.012, 82.17, 46.80);
insert into SHOT values (3019, 2968, 3034, 1675, 3.140, 129.75, -72.30, 3.140, 129.50, -72.22, 0.006, 86.22, 12.78);
insert into SHOT values (3020, 2968, 3035, 1675, 1.230, 348.45, -72.50, 1.226, 349.00, -72.60, 0.006, 120.16, 33.04);
insert into SHOT values (3021, 2968, 3036, 1675, 1.800, 352.95, -59.70, 1.796, 353.03, -59.67, 0.005, 129.82, 64.16);
insert into SHOT values (3022, 2968, 3037, 1675, 5.070, 55.35, -64.90, 5.051, 56.03, -63.49, 0.129, 69.82, 33.54);
insert into SHOT values (3023, 3037, 3038, 1675, 1.660, 312.35, 32.30, 1.666, 312.41, 32.29, 0.006, 328.65, 27.67);
insert into SHOT values (3024, 3037, 3039, 1675, 1.100, 287.35, 35.00, 1.100, 287.43, 34.95, 0.002, 3.77, -34.45);
insert into SHOT values (3025, 3037, 3040, 1675, 1.720, 269.95, 22.40, 1.722, 270.00, 22.54, 0.005, 8.25, 71.54);
insert into SHOT values (3026, 3037, 3041, 1675, 1.420, 268.75, -10.60, 1.424, 268.77, -10.52, 0.005, 276.90, 14.75);
insert into SHOT values (3027, 3037, 3042, 1675, 1.430, 284.75, -13.40, 1.436, 284.93, -13.29, 0.008, 321.34, 10.44);
insert into SHOT values (3028, 3037, 3043, 1675, 0.480, 311.05, 1.80, 0.490, 310.86, 2.34, 0.011, 301.25, 27.25);
insert into SHOT values (3029, 3037, 3044, 1675, 0.840, 346.55, 0.50, 0.844, 346.29, 0.68, 0.006, 304.04, 25.85);
insert into SHOT values (3030, 3037, 3045, 1675, 0.690, 24.75, 6.50, 0.685, 24.30, 6.71, 0.008, 249.46, 14.24);
insert into SHOT values (3031, 3037, 3046, 1675, 0.650, 51.45, 7.00, 0.645, 51.34, 7.12, 0.005, 245.13, 8.95);
insert into SHOT values (3032, 3037, 3047, 1675, 1.010, 45.65, -26.10, 1.006, 45.00, -25.93, 0.011, 304.72, 22.67);
insert into SHOT values (3033, 3037, 3048, 1675, 1.540, 0.85, -44.30, 1.535, 0.52, -44.21, 0.009, 251.92, 40.14);
insert into SHOT values (3034, 3037, 3049, 1675, 0.730, 331.95, -55.10, 0.733, 331.61, -54.97, 0.004, 291.54, -18.58);
insert into SHOT values (3035, 3037, 3050, 1675, 1.500, 266.75, -49.90, 1.498, 267.05, -49.57, 0.010, 312.06, 45.57);
insert into SHOT values (3036, 3037, 3051, 1675, 1.380, 257.65, -65.00, 1.379, 258.11, -65.01, 0.005, 356.50, 8.37);
insert into SHOT values (3037, 3037, 3052, 1675, 1.370, 258.45, -73.40, 1.369, 258.41, -73.10, 0.007, 256.20, 23.32);
insert into SHOT values (3038, 3037, 3053, 1675, 4.100, 282.15, -85.20, 4.095, 281.63, -85.14, 0.008, 244.61, 47.82);
insert into SHOT values (3039, 3037, 3054, 1675, 2.430, 261.05, -79.70, 2.429, 260.75, -79.67, 0.003, 198.75, 18.54);
insert into SHOT values (3040, 3037, 3055, 1675, 2.720, 359.45, -81.10, 2.713, 358.64, -81.09, 0.009, 262.39, 50.48);
insert into SHOT values (3041, 3037, 3056, 1675, 3.150, 22.25, -87.00, 3.144, 21.80, -87.05, 0.007, 222.99, 58.10);
insert into SHOT values (3042, 3037, 3057, 1675, 2.830, 110.95, -87.00, 2.823, 111.04, -87.17, 0.011, 289.50, 34.73);
insert into SHOT values (3043, 3037, 3058, 1675, 0.480, 142.55, -71.80, 0.474, 143.13, -71.57, 0.006, 229.87, 75.65);
insert into SHOT values (3044, 3037, 3059, 1675, 1.080, 149.65, 14.40, 1.074, 149.98, 14.56, 0.009, 287.21, 8.90);
insert into SHOT values (3045, 3037, 3060, 1675, 1.190, 150.65, 34.20, 1.191, 150.83, 34.23, 0.003, 229.11, 18.89);
insert into SHOT values (3046, 3037, 3061, 1675, 2.230, 156.55, 54.20, 2.233, 156.57, 54.15, 0.004, 166.39, 21.23);
insert into SHOT values (3047, 3037, 3062, 1675, 4.570, 174.75, 61.30, 4.569, 174.76, 61.37, 0.006, 349.77, 14.72);
insert into SHOT values (3048, 3037, 3063, 1675, 5.630, 195.15, 65.40, 5.631, 195.34, 65.41, 0.008, 286.39, 7.14);
insert into SHOT values (3049, 3037, 3064, 1675, 8.400, 206.65, 64.20, 8.408, 206.64, 64.21, 0.008, 189.99, 72.08);
insert into SHOT values (3050, 3037, 3065, 1675, 6.690, 224.05, 65.80, 6.689, 224.11, 65.78, 0.004, 289.20, -30.02);
insert into SHOT values (3051, 3037, 3066, 1675, 3.370, 205.35, 71.30, 3.367, 205.85, 71.33, 0.010, 310.84, -11.99);
insert into SHOT values (3052, 3037, 3067, 1675, 2.100, 182.15, 75.80, 2.103, 182.25, 75.95, 0.006, 351.53, 40.73);
insert into SHOT values (3053, 3037, 3068, 1675, 1.350, 126.05, 70.50, 1.345, 125.84, 70.73, 0.007, 319.84, -20.77);
insert into SHOT values (3054, 3037, 3069, 1675, 1.520, 127.25, 51.30, 1.518, 127.23, 51.63, 0.009, 308.47, 24.16);
insert into SHOT values (3055, 3037, 3070, 1675, 1.450, 128.35, 52.50, 1.450, 128.56, 52.50, 0.003, 224.05, -6.28);
insert into SHOT values (3056, 3037, 3071, 1675, 1.220, 124.15, 32.30, 1.217, 124.31, 32.28, 0.004, 251.16, -27.65);
insert into SHOT values (3057, 3037, 3072, 1675, 1.690, 133.15, 27.20, 1.686, 133.38, 27.18, 0.007, 252.70, -19.58);
insert into SHOT values (3058, 3037, 3073, 1675, 1.580, 129.45, 14.50, 1.579, 129.42, 14.67, 0.005, 326.19, 62.87);
insert into SHOT values (3059, 3037, 3074, 1675, 1.460, 125.85, 6.10, 1.455, 126.00, 6.31, 0.008, 271.20, 35.64);
insert into SHOT values (3060, 3037, 3075, 1675, 1.550, 121.65, -7.30, 1.552, 121.73, -7.03, 0.008, 160.84, 62.90);
insert into SHOT values (3061, 3037, 3076, 1675, 2.570, 123.45, -20.00, 2.566, 123.49, -20.06, 0.005, 281.35, -10.96);
insert into SHOT values (3062, 3037, 3077, 1675, 2.580, 121.25, -25.20, 2.576, 121.30, -25.28, 0.006, 278.79, -14.14);
insert into SHOT values (3063, 3037, 3078, 1675, 4.910, 119.15, -25.30, 4.904, 119.17, -25.35, 0.007, 285.66, -12.98);
insert into SHOT values (3064, 3037, 3079, 1675, 2.190, 117.45, -30.50, 2.186, 117.52, -30.52, 0.005, 266.49, 18.18);
insert into SHOT values (3065, 3037, 3080, 1675, 1.700, 122.05, -35.30, 1.692, 121.96, -35.40, 0.009, 315.67, 15.30);
insert into SHOT values (3066, 3037, 3081, 1675, 1.810, 106.95, -22.90, 1.802, 106.80, -22.85, 0.009, 320.35, 29.08);
insert into SHOT values (3067, 3037, 3082, 1675, 2.190, 106.65, -38.30, 2.180, 106.64, -38.26, 0.010, 289.23, 46.14);
insert into SHOT values (3068, 3037, 3083, 1675, 0.880, 73.85, -18.00, 0.875, 73.96, -17.97, 0.005, 233.69, 21.87);
insert into SHOT values (3069, 3037, 3084, 1675, 1.730, 82.95, -36.70, 1.722, 82.93, -36.73, 0.008, 266.99, 30.60);
insert into SHOT values (3070, 3037, 3085, 1675, 3.490, 85.05, -47.50, 3.489, 84.89, -47.45, 0.007, 8.90, 25.64);
insert into SHOT values (3071, 3037, 3086, 1675, 2.090, 84.75, -52.60, 2.087, 84.56, -52.68, 0.006, 312.59, 3.37);
insert into SHOT values (3072, 3037, 3087, 1675, 2.030, 70.85, -50.40, 2.027, 70.58, -50.33, 0.007, 336.74, 35.01);
insert into SHOT values (3073, 3037, 3088, 1675, 2.450, 59.65, -59.10, 2.447, 59.35, -59.13, 0.007, 306.29, 17.71);
insert into SHOT values (3074, 3037, 3089, 1675, 0.750, 58.05, -8.40, 0.749, 58.24, -8.44, 0.003, 169.96, -9.16);
insert into SHOT values (3075, 3037, 3090, 1675, 0.630, 62.65, 15.60, 0.632, 62.59, 15.61, 0.002, 41.77, 20.08);
insert into SHOT values (3076, 3037, 3091, 1675, 0.770, 81.65, 2.60, 0.769, 81.76, 2.98, 0.005, 210.69, 68.01);
insert into SHOT values (3077, 3037, 3092, 1675, 1.220, 59.35, -36.80, 1.220, 59.24, -36.75, 0.002, 348.81, 22.40);
insert into SHOT values (3078, 3037, 3093, 1675, 1.980, 38.95, -52.70, 1.973, 38.88, -52.73, 0.007, 232.95, 43.67);
insert into SHOT values (3079, 3037, 3094, 1675, 2.570, 18.85, -58.30, 2.564, 18.57, -58.23, 0.009, 287.25, 45.28);
insert into SHOT values (3080, 3037, 3095, 1675, 3.110, 8.65, -85.40, 3.032, 15.07, -84.91, 0.087, 67.57, 66.27);
insert into SHOT values (3081, 3095, 3096, 1675, 4.540, 197.55, 86.60, 4.538, 197.10, 86.56, 0.004, 160.34, -30.01);
insert into SHOT values (3082, 3095, 3097, 1675, 1.360, 175.15, 74.90, 1.359, 175.24, 74.58, 0.008, 179.84, -23.54);
insert into SHOT values (3083, 3095, 3098, 1675, 0.670, 197.25, 55.20, 0.674, 197.97, 54.73, 0.008, 234.05, -1.19);
insert into SHOT values (3084, 3095, 3099, 1675, 1.080, 0.75, 79.90, 1.077, 0.00, 79.84, 0.004, 284.12, -52.09);
insert into SHOT values (3085, 3095, 3100, 1675, 2.020, 16.25, 83.90, 2.021, 16.70, 84.07, 0.006, 180.48, 13.30);
insert into SHOT values (3086, 3095, 3101, 1675, 3.240, 25.85, 83.00, 3.233, 25.91, 83.09, 0.008, 201.74, -45.39);
insert into SHOT values (3087, 3095, 3102, 1675, 3.780, 72.35, 87.70, 3.783, 74.05, 87.79, 0.008, 217.17, 22.00);
insert into SHOT values (3088, 3095, 3103, 1675, 2.900, 219.75, 79.30, 2.902, 219.81, 79.14, 0.008, 223.69, 2.92);
insert into SHOT values (3089, 3095, 3104, 1675, 3.590, 240.25, 77.00, 3.592, 240.26, 77.03, 0.002, 54.65, 56.03);
insert into SHOT values (3090, 3095, 3105, 1675, 1.350, 138.95, 70.00, 1.351, 139.40, 70.05, 0.004, 240.79, 20.81);
insert into SHOT values (3091, 3095, 3106, 1675, 0.690, 157.55, 62.30, 0.690, 158.20, 62.09, 0.004, 215.02, -11.92);
insert into SHOT values (3092, 3095, 3107, 1675, 0.690, 204.25, 53.40, 0.690, 204.10, 52.88, 0.006, 192.23, -38.23);
insert into SHOT values (3093, 3095, 3108, 1675, 0.960, 236.75, 52.30, 0.959, 236.85, 52.40, 0.002, 25.86, 11.27);
insert into SHOT values (3094, 3095, 3109, 1675, 0.660, 295.45, 71.20, 0.655, 295.35, 71.27, 0.005, 123.90, -62.58);
insert into SHOT values (3095, 3095, 3110, 1675, 0.660, 28.85, 50.40, 0.661, 28.39, 50.49, 0.004, 296.81, 23.72);
insert into SHOT values (3096, 3095, 3111, 1675, 0.690, 68.95, 30.50, 0.685, 69.10, 30.73, 0.006, 233.45, -1.92);
insert into SHOT values (3097, 3095, 3112, 1675, 0.710, 89.65, 30.90, 0.708, 90.00, 30.55, 0.006, 168.22, -50.17);
insert into SHOT values (3098, 3095, 3113, 1675, 0.780, 102.55, 23.70, 0.773, 103.06, 23.64, 0.009, 235.85, -22.13);
insert into SHOT values (3099, 3095, 3114, 1675, 0.250, 125.35, 29.60, 0.245, 127.41, 29.28, 0.009, 239.83, -22.41);
insert into SHOT values (3100, 3095, 3115, 1675, 0.490, 184.25, 1.30, 0.492, 184.67, 1.17, 0.004, 248.50, -15.56);
insert into SHOT values (3101, 3095, 3116, 1675, 1.010, 208.35, -3.20, 1.013, 208.34, -3.40, 0.005, 205.93, -52.63);
insert into SHOT values (3102, 3095, 3117, 1675, 0.550, 221.55, -0.30, 0.552, 222.06, 0.00, 0.006, 287.28, 27.71);
insert into SHOT values (3103, 3095, 3118, 1675, 1.510, 219.65, -21.70, 1.513, 219.81, -21.72, 0.005, 273.65, -19.14);
insert into SHOT values (3104, 3095, 3119, 1675, 1.020, 202.05, -26.10, 1.023, 202.38, -26.08, 0.006, 260.96, -11.39);
insert into SHOT values (3105, 3095, 3120, 1675, 1.090, 178.95, -27.30, 1.091, 178.82, -27.26, 0.003, 125.80, -1.54);
insert into SHOT values (3106, 3095, 3121, 1675, 1.280, 166.75, -37.60, 1.281, 166.92, -37.50, 0.004, 221.07, 14.45);
insert into SHOT values (3107, 3095, 3122, 1675, 1.280, 185.05, -46.00, 1.283, 185.14, -45.83, 0.005, 202.77, 9.23);
insert into SHOT values (3108, 3095, 3123, 1675, 1.990, 212.65, -47.90, 1.996, 212.50, -47.84, 0.007, 182.62, -27.64);
insert into SHOT values (3109, 3095, 3124, 1675, 2.550, 211.65, -56.20, 2.554, 211.79, -56.12, 0.006, 247.52, -9.06);
insert into SHOT values (3110, 3095, 3125, 1675, 2.690, 197.75, -60.20, 2.699, 197.76, -60.13, 0.009, 200.58, -38.38);
insert into SHOT values (3111, 3095, 3126, 1675, 2.110, 175.85, -61.70, 2.113, 176.00, -61.68, 0.004, 226.97, -33.02);
insert into SHOT values (3112, 3095, 3127, 1675, 2.280, 207.75, -62.40, 2.281, 207.53, -62.31, 0.005, 161.03, 5.72);
insert into SHOT values (3113, 3095, 3128, 1675, 2.510, 199.15, -67.20, 2.507, 199.18, -67.14, 0.004, 221.16, 68.72);
insert into SHOT values (3114, 3095, 3129, 1675, 3.080, 189.45, -68.10, 3.085, 189.46, -68.00, 0.007, 192.21, -18.09);
insert into SHOT values (3115, 3095, 3130, 1675, 1.330, 227.35, -78.80, 1.336, 226.55, -78.70, 0.007, 180.10, -47.05);
insert into SHOT values (3116, 3095, 3131, 1675, 0.720, 60.35, -12.90, 0.716, 60.87, -12.90, 0.007, 179.27, 5.84);
insert into SHOT values (3117, 3095, 3132, 1675, 1.050, 63.85, -32.00, 1.052, 64.01, -32.18, 0.004, 163.89, -54.01);
insert into SHOT values (3118, 3095, 3133, 1675, 1.300, 54.55, -55.20, 1.300, 54.37, -55.40, 0.005, 265.31, -29.82);
insert into SHOT values (3119, 3095, 3134, 1675, 1.660, 60.45, -73.00, 1.662, 60.26, -73.08, 0.003, 285.53, -48.12);
insert into SHOT values (3120, 3095, 3135, 1675, 1.960, 76.05, -59.50, 1.958, 75.96, -59.65, 0.006, 271.19, -12.56);
insert into SHOT values (3121, 3095, 3136, 1675, 2.470, 85.05, -60.90, 2.468, 85.20, -61.06, 0.008, 241.04, -12.99);
insert into SHOT values (3122, 3095, 3137, 1675, 2.560, 127.45, -41.30, 2.556, 127.59, -41.38, 0.007, 264.60, -3.26);
insert into SHOT values (3123, 3095, 3138, 1675, 1.270, 128.55, -29.40, 1.265, 128.74, -29.35, 0.006, 264.32, 32.62);
insert into SHOT values (3124, 3095, 3139, 1675, 5.170, 126.85, -45.50, 5.175, 126.93, -45.49, 0.007, 179.00, -19.61);
insert into SHOT values (3125, 3095, 3140, 1675, 6.720, 123.55, -49.00, 6.718, 123.62, -49.00, 0.006, 229.84, 15.90);
insert into SHOT values (3126, 3095, 3141, 1675, 8.260, 120.85, -52.40, 8.263, 120.94, -52.44, 0.011, 229.31, -31.92);
insert into SHOT values (3127, 3095, 3142, 1675, 4.510, 129.95, -51.70, 4.511, 130.07, -51.69, 0.006, 209.08, -6.19);
insert into SHOT values (3128, 3095, 3143, 1675, 5.330, 113.45, -48.00, 5.328, 113.47, -48.00, 0.002, 244.14, 23.30);
insert into SHOT values (3129, 3095, 3144, 1675, 4.920, 132.95, -64.90, 4.924, 132.86, -64.92, 0.005, 49.72, -57.08);
insert into SHOT values (3130, 3095, 3145, 1675, 5.970, 123.35, -62.90, 5.975, 123.46, -62.91, 0.008, 200.29, -45.17);
insert into SHOT values (3131, 3095, 3146, 1675, 5.560, 131.15, -78.10, 5.560, 131.47, -78.09, 0.007, 210.78, 4.45);
insert into SHOT values (3132, 3095, 3147, 1675, 3.870, 177.75, -77.60, 3.870, 177.93, -77.61, 0.003, 278.10, -5.85);
insert into SHOT values (3133, 3095, 3148, 1675, 2.840, 112.75, -63.40, 2.839, 112.72, -63.46, 0.003, 301.33, -10.63);
insert into SHOT values (3134, 3095, 3149, 1675, 3.270, 112.05, -70.10, 3.275, 112.18, -70.14, 0.006, 216.75, -62.17);
insert into SHOT values (3135, 3095, 3150, 1675, 1.580, 105.45, -74.80, 1.585, 105.38, -74.83, 0.005, 65.00, -81.64);
insert into SHOT values (3136, 3095, 3151, 1675, 1.900, 91.55, -36.40, 1.902, 91.50, -36.44, 0.003, 45.14, -54.67);
insert into SHOT values (3137, 3095, 3152, 1675, 2.500, 91.75, -48.20, 2.494, 91.73, -48.24, 0.007, 277.82, 33.34);
insert into SHOT values (3138, 3095, 3153, 1675, 2.460, 85.15, -55.30, 2.455, 85.07, -55.37, 0.006, 285.45, 23.81);
insert into SHOT values (3139, 3095, 3154, 1675, 3.070, 116.45, -53.90, 3.074, 115.87, -52.85, 0.059, 95.03, 31.08);
insert into SHOT values (3140, 3154, 3155, 1675, 0.950, 195.05, -5.70, 0.945, 194.77, -5.46, 0.008, 61.75, 35.43);
insert into SHOT values (3141, 3154, 3156, 1675, 0.540, 121.95, 29.00, 0.551, 121.37, 29.35, 0.012, 90.63, 41.61);
insert into SHOT values (3142, 3154, 3157, 1675, 0.490, 39.65, 10.80, 0.493, 39.96, 11.70, 0.009, 102.06, 70.09);
insert into SHOT values (3143, 3154, 3158, 1675, 0.830, 33.85, -50.90, 0.827, 34.90, -50.67, 0.011, 119.36, 23.01);
insert into SHOT values (3144, 3154, 3159, 1675, 0.160, 353.55, -64.30, 0.157, 0.00, -63.43, 0.009, 82.30, 27.93);
insert into SHOT values (3145, 3154, 3160, 1675, 1.360, 225.65, -53.20, 1.352, 225.50, -53.02, 0.009, 100.55, 74.12);
insert into SHOT values (3146, 3154, 3161, 1675, 3.650, 333.25, -87.50, 3.643, 333.43, -87.54, 0.007, 142.36, 67.25);
insert into SHOT values (3147, 3154, 3162, 1675, 2.820, 144.75, -54.00, 2.818, 144.58, -54.00, 0.005, 42.42, 16.51);
insert into SHOT values (3148, 3154, 3163, 1675, 3.590, 115.65, -48.60, 3.588, 115.70, -48.56, 0.004, 185.31, 49.41);
insert into SHOT values (3149, 3154, 3164, 1675, 5.270, 126.85, -51.60, 5.269, 126.80, -51.61, 0.003, 7.92, 1.24);
insert into SHOT values (3150, 3154, 3165, 1675, 1.590, 277.45, 67.10, 1.594, 277.47, 67.29, 0.006, 92.89, 56.68);
insert into SHOT values (3151, 3154, 3166, 1675, 1.680, 258.15, 38.60, 1.677, 258.09, 38.75, 0.005, 93.33, 20.77);
insert into SHOT values (3152, 3154, 3167, 1675, 2.250, 293.35, 48.30, 2.247, 293.30, 48.40, 0.005, 126.57, 0.70);
insert into SHOT values (3153, 3154, 3168, 1675, 1.940, 332.45, 47.00, 1.938, 332.46, 47.10, 0.004, 145.82, 17.91);
insert into SHOT values (3154, 3154, 3169, 1675, 2.740, 309.95, 48.30, 2.739, 310.09, 48.45, 0.009, 92.37, 29.62);
insert into SHOT values (3155, 3154, 3170, 1675, 3.640, 282.15, 50.90, 3.641, 282.09, 51.01, 0.007, 125.11, 44.82);
insert into SHOT values (3156, 3154, 3171, 1675, 16.850, 135.45, -55.60, 16.844, 134.04, -53.04, 0.790, 113.10, 34.14);
insert into SCRAPS values (1677, 1671, 'SP-JP-1', 1, 75.60686, 4.37150);
 insert into SCRAPS values (1693, 1671, 'SC-JP-1', 2, 40.20268, 4.12380);
 insert into MAPS values (1708, 1671, 'MP-jonctionP90P17-plan-tot', 'jonctionP90P17', 1, 38.250, -27.100);
 insert into MAPITEMS values (1708, 4, 1677);
 insert into MAPS values (1709, 1671, 'MC-jonctionP90P17-coupe-tot', 'jonctionP90P17', 2, 38.250, -27.100);
 insert into MAPITEMS values (1709, 4, 1693);
 insert into SURVEY values (1711, 332, 'E60', 'E60.Kriska.Ded', 'E60');
 insert into CENTRELINE values (1712, 1711, NULL, NULL, NULL, 0.00, 0.00, 0.00);
 insert into SURVEY values (1713, 1711, 'E60', 'E60.E60.Kriska.Ded', 'E60');
 insert into CENTRELINE values (1714, 1713, NULL, NULL, NULL, 0.00, 0.00, 0.00);
 insert into CENTRELINE values (1715, 1713, NULL, '2023-09-24', NULL, 98.01, 0.00, 0.00);
 insert into PERSON values (37, NULL, 'Benoit\Urruty');
insert into TOPO values (37, 1715);
 insert into EXPLO values (37, 1715);
 insert into PERSON values (38, NULL, 'Fabien\Simon');
insert into EXPLO values (38, 1715);
 insert into PERSON values (39, NULL, 'Jonas\Maubert');
insert into EXPLO values (39, 1715);
 insert into SHOT values (3157, 3172, 3173, 1715, 0.340, 195.06, 2.70, 0.343, 195.26, 3.35, 0.005, 220.44, 56.00);
insert into SHOT values (3158, 3172, 3174, 1715, 0.270, 116.96, 5.30, 0.261, 117.55, 6.60, 0.011, 281.14, 27.29);
insert into SHOT values (3159, 3172, 3175, 1715, 0.650, 153.76, -74.50, 0.644, 156.37, -74.27, 0.010, 238.32, 38.54);
insert into SHOT values (3160, 3172, 3176, 1715, 0.810, 298.66, 74.10, 0.813, 298.81, 73.69, 0.006, 303.99, 8.82);
insert into SHOT values (3161, 3172, 3177, 1715, 0.930, 303.36, 21.80, 0.936, 302.77, 21.96, 0.011, 241.10, 24.72);
insert into SHOT values (3162, 3172, 3178, 1715, 1.770, 233.06, 33.50, 1.773, 232.98, 33.55, 0.004, 185.10, 45.43);
insert into SHOT values (3163, 3172, 3179, 1715, 1.860, 209.96, 70.50, 1.867, 209.86, 70.52, 0.007, 177.68, 72.58);
insert into SHOT values (3164, 3172, 3180, 1715, 0.660, 244.06, 63.50, 0.662, 244.29, 63.07, 0.005, 257.04, -7.05);
insert into SHOT values (3165, 3172, 3181, 1715, 1.980, 243.76, 59.70, 1.982, 243.95, 59.64, 0.004, 292.50, 6.34);
insert into SHOT values (3166, 3172, 3182, 1715, 1.690, 146.36, -34.50, 1.686, 146.42, -34.31, 0.007, 253.84, 77.69);
insert into SHOT values (3167, 3172, 3183, 1715, 2.620, 239.86, 66.70, 2.625, 239.98, 66.67, 0.005, 274.90, 44.19);
insert into SHOT values (3168, 3183, 3184, 1715, 0.600, 236.96, -4.80, 0.601, 236.58, -4.77, 0.004, 163.13, 2.81);
insert into SHOT values (3169, 3183, 3185, 1715, 0.460, 43.76, -14.40, 0.459, 44.09, -13.87, 0.005, 134.26, 59.85);
insert into SHOT values (3170, 3183, 3186, 1715, 0.750, 253.36, 56.70, 0.756, 253.30, 56.46, 0.007, 248.98, 28.21);
insert into SHOT values (3171, 3183, 3187, 1715, 2.240, 335.66, -86.90, 2.243, 335.56, -86.91, 0.003, 191.81, -83.40);
insert into SHOT values (3172, 3183, 3188, 1715, 0.820, 236.76, -76.50, 0.823, 235.49, -76.36, 0.006, 178.78, -27.62);
insert into SHOT values (3173, 3183, 3189, 1715, 0.770, 164.66, 29.40, 0.774, 164.52, 29.40, 0.004, 140.10, 26.69);
insert into SHOT values (3174, 3183, 3190, 1715, 0.430, 301.86, -15.10, 0.428, 302.15, -14.90, 0.003, 71.88, 36.42);
insert into SHOT values (3175, 3183, 3191, 1715, 2.090, 271.36, 84.00, 2.092, 270.00, 83.96, 0.006, 197.10, 14.93);
insert into SHOT values (3176, 3183, 3192, 1715, 1.400, 239.16, 57.10, 1.402, 239.04, 57.28, 0.005, 93.68, 57.03);
insert into SHOT values (3177, 3183, 3193, 1715, 0.930, 239.46, 57.30, 0.928, 238.84, 57.21, 0.006, 149.89, -25.55);
insert into SHOT values (3178, 3183, 3194, 1715, 0.930, 239.96, 57.20, 0.930, 240.40, 57.02, 0.005, 299.40, -21.23);
insert into SHOT values (3179, 3194, 3195, 1715, 0.760, 143.66, 2.80, 0.767, 144.03, 2.99, 0.009, 178.64, 18.63);
insert into SHOT values (3180, 3194, 3196, 1715, 0.340, 189.76, -0.70, 0.344, 188.37, 0.00, 0.010, 122.91, 24.52);
insert into SHOT values (3181, 3194, 3197, 1715, 0.430, 248.16, -6.20, 0.423, 247.69, -5.42, 0.009, 98.22, 43.11);
insert into SHOT values (3182, 3194, 3198, 1715, 0.630, 91.96, -3.50, 0.632, 92.73, -3.63, 0.009, 169.67, -10.14);
insert into SHOT values (3183, 3194, 3199, 1715, 0.820, 25.46, 1.20, 0.823, 25.94, 1.39, 0.008, 91.45, 20.53);
insert into SHOT values (3184, 3194, 3200, 1715, 0.470, 278.46, -5.90, 0.468, 278.65, -6.13, 0.003, 63.57, -31.98);
insert into SHOT values (3185, 3194, 3201, 1715, 0.150, 311.56, 4.20, 0.149, 312.27, 3.85, 0.002, 68.74, -25.41);
insert into SHOT values (3186, 3194, 3202, 1715, 1.660, 238.76, 67.90, 1.662, 238.09, 67.93, 0.008, 146.92, 15.03);
insert into SHOT values (3187, 3194, 3203, 1715, 2.030, 238.46, 68.10, 2.035, 237.99, 68.23, 0.009, 126.59, 44.37);
insert into SHOT values (3188, 3203, 3204, 1715, 1.070, 270.96, 12.90, 1.075, 271.09, 12.35, 0.012, 289.17, -49.54);
insert into SHOT values (3189, 3203, 3205, 1715, 1.530, 301.66, 10.00, 1.535, 301.48, 9.75, 0.009, 263.09, -36.90);
insert into SHOT values (3190, 3203, 3206, 1715, 1.480, 334.56, 9.40, 1.482, 334.49, 9.32, 0.004, 296.82, -28.52);
insert into SHOT values (3191, 3203, 3207, 1715, 1.020, 0.06, 10.90, 1.018, 0.00, 10.76, 0.003, 214.22, -56.12);
insert into SHOT values (3192, 3203, 3208, 1715, 0.580, 54.96, 6.10, 0.577, 54.93, 5.96, 0.003, 243.37, -33.58);
insert into SHOT values (3193, 3203, 3209, 1715, 2.210, 340.76, 80.80, 2.208, 340.02, 80.85, 0.005, 224.78, -17.18);
insert into SHOT values (3194, 3203, 3210, 1715, 4.420, 280.76, 62.40, 4.413, 280.71, 62.38, 0.008, 143.73, -67.15);
insert into SHOT values (3195, 3203, 3211, 1715, 11.640, 289.96, 76.30, 11.631, 289.95, 76.30, 0.009, 135.12, -79.43);
insert into SHOT values (3196, 3203, 3212, 1715, 1.780, 42.46, -67.40, 1.784, 42.61, -67.62, 0.008, 201.23, -53.35);
insert into SHOT values (3197, 3203, 3213, 1715, 0.980, 42.46, -80.30, 0.984, 42.51, -80.47, 0.005, 219.09, -59.79);
insert into SHOT values (3198, 3203, 3214, 1715, 3.350, 292.76, 48.20, 3.344, 292.66, 48.12, 0.008, 194.53, -61.15);
insert into SHOT values (3199, 3214, 3215, 1715, 1.990, 128.26, -4.20, 1.985, 128.03, -4.04, 0.011, 10.53, 32.05);
insert into SHOT values (3200, 3214, 3216, 1715, 1.910, 105.36, -4.80, 1.904, 105.28, -4.82, 0.007, 308.55, -1.48);
insert into SHOT values (3201, 3214, 3217, 1715, 1.700, 82.16, 0.60, 1.697, 81.87, 0.68, 0.009, 333.80, 13.55);
insert into SHOT values (3202, 3214, 3218, 1715, 1.490, 47.16, 8.80, 1.496, 46.92, 8.84, 0.009, 1.77, 13.06);
insert into SHOT values (3203, 3214, 3219, 1715, 2.350, 336.76, 4.50, 2.359, 336.71, 4.62, 0.011, 322.18, 31.31);
insert into SHOT values (3204, 3214, 3220, 1715, 3.150, 355.46, 2.70, 3.154, 355.45, 2.73, 0.004, 342.56, 24.63);
insert into SHOT values (3205, 3214, 3221, 1715, 3.420, 6.96, -0.70, 3.425, 6.88, -0.67, 0.007, 320.44, 14.10);
insert into SHOT values (3206, 3214, 3222, 1715, 1.440, 26.56, 3.80, 1.444, 26.39, 3.97, 0.007, 332.54, 40.02);
insert into SHOT values (3207, 3214, 3223, 1715, 3.150, 16.76, 4.70, 3.152, 16.65, 4.73, 0.007, 306.41, 15.75);
insert into SHOT values (3208, 3214, 3224, 1715, 4.910, 169.76, 83.30, 4.913, 169.88, 83.35, 0.005, 334.06, 40.40);
insert into SHOT values (3209, 3214, 3225, 1715, 6.600, 17.76, 82.60, 6.605, 17.80, 82.60, 0.005, 55.28, 80.57);
insert into SHOT values (3210, 3214, 3226, 1715, 29.050, 148.16, 87.30, 29.052, 148.17, 87.31, 0.004, 323.67, 35.37);
insert into SHOT values (3211, 3214, 3227, 1715, 3.250, 178.36, 88.10, 3.252, 180.00, 88.24, 0.008, 338.23, 12.15);
insert into SHOT values (3212, 3214, 3228, 1715, 30.980, 143.66, 87.80, 30.982, 143.62, 87.82, 0.010, 329.60, 17.02);
insert into SHOT values (3213, 3214, 3229, 1715, 1.470, 30.06, 3.60, 1.468, 29.89, 3.91, 0.009, 272.92, 57.34);
insert into SHOT values (3214, 3229, 3230, 1715, 1.780, 271.26, -6.40, 1.782, 271.29, -6.45, 0.002, 304.25, -40.72);
insert into SHOT values (3215, 3229, 3231, 1715, 1.940, 303.86, -3.60, 1.935, 304.02, -3.85, 0.011, 81.41, -46.21);
insert into SHOT values (3216, 3229, 3232, 1715, 2.030, 334.86, -5.90, 2.029, 335.09, -5.94, 0.008, 75.57, -9.42);
insert into SHOT values (3217, 3229, 3233, 1715, 2.110, 9.56, 0.40, 2.109, 9.55, 0.27, 0.005, 218.25, -80.33);
insert into SHOT values (3218, 3229, 3234, 1715, 1.350, 32.16, -4.70, 1.354, 32.28, -5.09, 0.010, 75.11, -67.33);
insert into SHOT values (3219, 3229, 3235, 1715, 18.150, 270.46, 83.20, 18.148, 270.53, 83.20, 0.004, 338.73, -39.09);
insert into SHOT values (3220, 3229, 3236, 1715, 2.730, 337.56, -51.20, 2.736, 337.77, -51.12, 0.010, 18.18, -14.45);
insert into SHOT values (3221, 3229, 3237, 1715, 4.080, 25.16, -51.10, 4.084, 25.17, -51.13, 0.005, 32.10, -75.67);
insert into SHOT values (3222, 3229, 3238, 1715, 4.060, 8.66, -52.70, 4.065, 8.62, -52.62, 0.008, 356.00, -2.78);
insert into SHOT values (3223, 3229, 3239, 1715, 4.220, 37.16, -55.20, 4.226, 37.25, -55.20, 0.007, 82.62, -42.48);
insert into SHOT values (3224, 3229, 3240, 1715, 5.050, 345.36, -73.80, 5.052, 345.67, -73.75, 0.009, 41.52, -3.25);
insert into SHOT values (3225, 3240, 3241, 1715, 1.290, 129.56, 0.30, 1.285, 129.63, 0.00, 0.008, 289.71, -54.76);
insert into SHOT values (3226, 3240, 3242, 1715, 2.180, 98.46, -4.60, 2.181, 98.47, -4.73, 0.005, 108.98, -82.09);
insert into SHOT values (3227, 3240, 3243, 1715, 1.820, 43.86, 0.90, 1.818, 43.89, 0.63, 0.009, 205.04, -75.07);
insert into SHOT values (3228, 3240, 3244, 1715, 2.050, 72.56, 0.80, 2.043, 72.63, 0.56, 0.011, 232.68, -50.78);
insert into SHOT values (3229, 3240, 3245, 1715, 0.390, 224.56, -4.10, 0.397, 225.00, -4.33, 0.008, 248.04, -15.57);
insert into SHOT values (3230, 3240, 3246, 1715, 5.210, 69.86, -72.00, 5.214, 69.99, -72.05, 0.007, 199.96, -47.63);
insert into SHOT values (3231, 3240, 3247, 1715, 5.700, 107.66, -87.60, 5.705, 109.98, -87.65, 0.012, 224.46, -25.21);
insert into SHOT values (3232, 3240, 3248, 1715, 3.810, 108.66, -63.60, 3.814, 108.65, -63.72, 0.009, 292.60, -53.63);
insert into SHOT values (3233, 3240, 3249, 1715, 2.230, 142.36, -68.80, 2.231, 142.56, -68.82, 0.003, 240.24, -17.97);
insert into SHOT values (3234, 3240, 3250, 1715, 4.140, 57.46, 70.20, 4.134, 57.56, 70.23, 0.007, 207.78, -47.34);
insert into SHOT values (3235, 3240, 3251, 1715, 4.450, 117.76, 72.90, 4.447, 117.74, 72.86, 0.004, 103.34, -56.14);
insert into SHOT values (3236, 3240, 3252, 1715, 2.160, 157.76, 63.00, 2.157, 157.87, 62.90, 0.005, 205.74, -60.64);
insert into SHOT values (3237, 3240, 3253, 1715, 3.950, 198.66, -85.80, 3.951, 199.65, -85.68, 0.010, 231.46, -3.66);
insert into SHOT values (3238, 3253, 3254, 1715, 2.010, 103.56, -7.50, 2.012, 103.34, -7.71, 0.011, 20.70, -44.35);
insert into SHOT values (3239, 3253, 3255, 1715, 1.600, 74.26, -2.30, 1.603, 74.05, -2.50, 0.009, 10.84, -41.75);
insert into SHOT values (3240, 3253, 3256, 1715, 1.650, 41.36, 1.00, 1.651, 41.32, 1.04, 0.002, 354.22, 33.86);
insert into SHOT values (3241, 3253, 3257, 1715, 1.630, 71.46, -4.80, 1.631, 71.34, -4.92, 0.005, 359.91, -45.12);
insert into SHOT values (3242, 3253, 3258, 1715, 0.710, 18.76, -14.60, 0.713, 19.49, -14.63, 0.009, 93.58, -6.51);
insert into SHOT values (3243, 3258, 3259, 1715, 2.000, 345.16, -1.30, 2.009, 345.00, -1.43, 0.012, 312.08, -23.32);
insert into SHOT values (3244, 3258, 3260, 1715, 4.000, 346.16, -1.10, 4.008, 346.14, -1.14, 0.008, 332.96, -22.78);
insert into SHOT values (3245, 3258, 3261, 1715, 2.470, 357.26, -1.20, 2.473, 357.22, -1.16, 0.004, 328.70, 23.72);
insert into SHOT values (3246, 3258, 3262, 1715, 1.100, 30.66, 1.70, 1.103, 30.52, 1.56, 0.005, 350.22, -31.66);
insert into SHOT values (3247, 3258, 3263, 1715, 7.510, 147.36, -87.50, 7.517, 147.80, -87.57, 0.011, 311.26, -38.84);
insert into SHOT values (3248, 3263, 3264, 1715, 5.070, 317.46, -7.30, 5.066, 317.42, -7.26, 0.007, 180.76, 37.72);
insert into SHOT values (3249, 3263, 3265, 1715, 5.930, 331.36, -6.80, 5.931, 331.39, -6.78, 0.004, 45.56, 36.12);
insert into SHOT values (3250, 3263, 3266, 1715, 3.150, 351.86, -9.80, 3.146, 351.84, -9.70, 0.007, 192.33, 65.22);
insert into SHOT values (3251, 3263, 3267, 1715, 0.990, 31.06, 2.40, 0.993, 30.96, 2.89, 0.009, 352.42, 72.30);
insert into SHOT values (3252, 3263, 3268, 1715, 1.890, 144.76, -3.30, 1.889, 144.71, -3.03, 0.009, 49.82, 78.80);
insert into SHOT values (3253, 3263, 3269, 1715, 2.470, 124.26, 2.70, 2.471, 124.27, 2.78, 0.004, 138.02, 70.08);
insert into SHOT values (3254, 3263, 3270, 1715, 1.410, 89.86, 19.00, 1.417, 90.00, 18.95, 0.008, 115.18, 7.17);
insert into SHOT values (3255, 3263, 3271, 1715, 6.700, 89.16, -67.90, 6.693, 89.32, -67.88, 0.010, 183.61, 48.40);
insert into SHOT values (3256, 3271, 3272, 1715, 1.010, 175.16, 2.60, 1.005, 174.86, 2.28, 0.009, 42.45, -38.66);
insert into SHOT values (3257, 3271, 3273, 1715, 1.340, 223.96, 0.50, 1.337, 224.09, 0.43, 0.005, 2.16, -20.64);
insert into SHOT values (3258, 3271, 3274, 1715, 1.880, 268.26, -1.90, 1.882, 268.48, -2.13, 0.011, 344.79, -46.66);
insert into SHOT values (3259, 3271, 3275, 1715, 3.010, 288.26, 0.60, 3.014, 288.37, 0.57, 0.007, 345.52, -12.17);
insert into SHOT values (3260, 3271, 3276, 1715, 6.400, 297.56, -11.40, 6.403, 297.63, -11.44, 0.009, 13.71, -34.43);
insert into SHOT values (3261, 3271, 3277, 1715, 7.080, 306.16, -6.00, 7.079, 306.22, -6.00, 0.007, 42.42, 0.50);
insert into SHOT values (3262, 3271, 3278, 1715, 1.250, 310.66, -5.40, 1.253, 311.10, -5.49, 0.010, 23.68, -13.36);
insert into SHOT values (3263, 3271, 3279, 1715, 1.050, 311.96, -55.80, 1.054, 312.27, -55.65, 0.006, 347.99, -15.89);
insert into SHOT values (3264, 3271, 3280, 1715, 4.040, 295.36, -74.70, 4.043, 295.60, -74.73, 0.006, 44.39, -34.05);
insert into SHOT values (3265, 3280, 3281, 1715, 0.470, 250.36, 10.40, 0.472, 251.18, 9.76, 0.009, 319.30, -34.42);
insert into SHOT values (3266, 3280, 3282, 1715, 0.570, 45.56, -8.50, 0.571, 45.00, -8.05, 0.007, 334.64, 35.90);
insert into SHOT values (3267, 3280, 3283, 1715, 3.850, 129.66, 48.70, 3.849, 129.57, 48.66, 0.005, 64.85, -28.91);
insert into SHOT values (3268, 3280, 3284, 1715, 0.870, 56.06, -50.30, 0.870, 56.02, -50.38, 0.001, 256.21, -29.78);
insert into SHOT values (3269, 3280, 3285, 1715, 2.310, 356.26, -38.30, 2.310, 356.21, -38.25, 0.003, 299.36, 39.00);
insert into SHOT values (3270, 3280, 3286, 1715, 2.360, 354.66, -37.80, 2.365, 354.78, -37.82, 0.006, 46.31, -36.36);
insert into SHOT values (3271, 3286, 3287, 1715, 2.770, 339.56, -4.30, 2.773, 339.47, -4.14, 0.010, 287.03, 53.39);
insert into SHOT values (3272, 3286, 3288, 1715, 2.230, 311.06, -6.80, 2.227, 310.97, -6.70, 0.006, 185.21, 41.60);
insert into SHOT values (3273, 3286, 3289, 1715, 1.770, 279.76, -3.90, 1.770, 279.78, -3.89, 0.001, 29.87, 30.20);
insert into SHOT values (3274, 3286, 3290, 1715, 0.900, 232.36, -1.60, 0.906, 232.62, -1.26, 0.009, 265.38, 34.00);
insert into SHOT values (3275, 3286, 3291, 1715, 0.860, 178.76, -6.10, 0.865, 179.33, -5.97, 0.010, 239.11, 8.00);
insert into SHOT values (3276, 3286, 3292, 1715, 10.430, 304.06, 61.30, 10.430, 304.01, 61.32, 0.006, 186.55, 14.23);
insert into SHOT values (3277, 3286, 3293, 1715, 3.310, 306.56, 26.00, 3.309, 306.52, 25.99, 0.002, 191.33, -24.25);
insert into SHOT values (3278, 3286, 3294, 1715, 9.590, 295.16, 60.00, 9.594, 295.18, 60.01, 0.005, 359.71, 75.39);
insert into SHOT values (3279, 3286, 3295, 1715, 12.800, 294.76, 70.30, 12.800, 294.78, 70.29, 0.003, 325.01, -13.88);
insert into SHOT values (3280, 3286, 3296, 1715, 6.950, 340.86, -65.90, 6.946, 340.86, -65.89, 0.004, 160.06, 75.05);
insert into SHOT values (3281, 3286, 3297, 1715, 6.320, 298.46, -81.10, 6.316, 298.14, -81.12, 0.007, 183.93, 33.08);
insert into SHOT values (3282, 3286, 3298, 1715, 8.280, 27.66, -72.30, 8.271, 27.48, -72.31, 0.012, 272.25, 42.65);
insert into SHOT values (3283, 3286, 3299, 1715, 7.130, 78.56, -78.00, 7.125, 78.69, -78.02, 0.006, 216.81, 40.22);
insert into SHOT values (3284, 3286, 3300, 1715, 22.200, 35.26, -86.00, 22.194, 35.24, -86.01, 0.008, 222.13, 44.58);
insert into SHOT values (3285, 3300, 3301, 1715, 2.420, 125.86, 26.00, 2.415, 125.81, 26.03, 0.005, 327.06, -9.63);
insert into SCRAPS values (1717, 1711, 'SP-E60-1', 1, 34.18164, 1.06532);
 insert into MAPS values (1750, 1711, 'MP-E60-plan-tot', 'E60', 1, 98.010, -81.030);
 insert into MAPITEMS values (1750, 4, 1717);
 insert into MAPS values (1751, 1711, 'MC-E60-coupe-tot', 'E60', 2, 98.010, -81.030);
 insert into MAPITEMS values (1751, 4, 1752);
 insert into SCRAPS values (1752, 1711, 'SC-E60-1', 2, 45.31186, 1.08032);
 insert into MAPS values (1777, 332, 'MP-Kriska-plan-tot', 'Kriska', 1, 1338.191, -643.020);
 insert into MAPITEMS values (1777, 4, 1750);
 insert into MAPITEMS values (1777, 4, 1708);
 insert into MAPITEMS values (1777, 4, 1535);
 insert into MAPITEMS values (1777, 4, 1448);
 insert into MAPITEMS values (1777, 4, 711);
 insert into MAPITEMS values (1777, 4, 1010);
 insert into MAPITEMS values (1777, 4, 645);
 insert into MAPITEMS values (1777, 4, 1667);
 insert into MAPITEMS values (1777, 4, 1188);
 insert into MAPITEMS values (1777, 4, 1236);
 insert into MAPITEMS values (1777, 4, 1401);
 insert into MAPS values (1778, 332, 'MC-Kriska-tot-elev', 'Kriska', 2, 1338.191, -643.020);
 insert into MAPITEMS values (1778, 4, 1751);
 insert into MAPITEMS values (1778, 4, 1709);
 insert into MAPITEMS values (1778, 4, 1449);
 insert into MAPITEMS values (1778, 4, 646);
 insert into MAPITEMS values (1778, 4, 1011);
 insert into MAPITEMS values (1778, 4, 1189);
 insert into MAPITEMS values (1778, 4, 712);
 insert into MAPITEMS values (1778, 4, 1536);
 insert into MAPITEMS values (1778, 4, 1237);
 insert into MAPITEMS values (1778, 4, 1402);
 insert into MAPITEMS values (1778, 4, 1668);
 insert into SURVEY values (1802, 58, 'Valombre', 'Valombre.Ded', 'Valombre');
 insert into CENTRELINE values (1803, 1802, NULL, NULL, NULL, 0.00, 0.00, 0.00);
 insert into SURVEY values (1804, 1802, 'Valombre', 'Valombre.Valombre.Ded', 'Valombre');
 insert into CENTRELINE values (1805, 1804, NULL, NULL, NULL, 0.00, 0.00, 0.00);
 insert into CENTRELINE values (1806, 1804, NULL, '2021-09-11', NULL, 520.00, 0.00, 0.00);
 insert into TOPO values (12, 1806);
 insert into TOPO values (2, 1806);
 insert into PERSON values (40, 'Serge', 'Aviotte');
insert into EXPLO values (40, 1806);
 insert into EXPLO values (4, 1806);
 insert into PERSON values (41, 'P.', 'Dupille');
insert into EXPLO values (41, 1806);
 insert into PERSON values (42, 'S.', 'Haguenier');
insert into EXPLO values (42, 1806);
 insert into PERSON values (43, 'Laurent', 'Martin');
insert into EXPLO values (43, 1806);
 insert into PERSON values (44, NULL, 'Skai');
insert into EXPLO values (44, 1806);
 insert into PERSON values (45, 'Y.', 'Tardy');
insert into EXPLO values (45, 1806);
 insert into PERSON values (46, 'D.', 'Wolozan');
insert into EXPLO values (46, 1806);
 insert into SHOT values (3286, 3302, 3303, 1806, 1.530, 246.63, 7.80, 1.528, 246.65, 7.90, 0.003, 50.62, 50.35);
insert into SHOT values (3287, 3302, 3304, 1806, 3.030, 297.13, -1.00, 3.024, 297.16, -0.95, 0.007, 104.51, 24.35);
insert into SHOT values (3288, 3302, 3305, 1806, 5.030, 329.73, -1.70, 5.026, 329.76, -1.71, 0.005, 119.35, -9.10);
insert into SHOT values (3289, 3302, 3306, 1806, 5.720, 4.13, -1.40, 5.716, 4.11, -1.40, 0.004, 210.55, -3.56);
insert into SHOT values (3290, 3302, 3307, 1806, 2.860, 54.13, 0.30, 2.859, 54.25, 0.40, 0.008, 157.39, 39.09);
insert into SHOT values (3291, 3302, 3308, 1806, 2.420, 82.03, 2.10, 2.424, 82.17, 2.13, 0.007, 136.48, 10.37);
insert into SHOT values (3292, 3302, 3309, 1806, 3.240, 119.63, -0.00, 3.242, 119.57, 0.00, 0.004, 62.49, 0.00);
insert into SHOT values (3293, 3302, 3310, 1806, 1.940, 331.43, -76.80, 1.941, 331.70, -76.81, 0.002, 63.12, -31.30);
insert into SHOT values (3294, 3302, 3311, 1806, 9.910, 186.53, 87.70, 9.908, 185.71, 87.67, 0.007, 132.93, -15.73);
insert into SHOT values (3295, 3302, 3312, 1806, 32.130, 11.63, 80.70, 32.131, 11.68, 80.71, 0.007, 151.44, 19.73);
insert into SHOT values (3296, 3302, 3313, 1806, 14.710, 12.13, 61.40, 14.712, 12.14, 61.42, 0.006, 178.41, 48.60);
insert into SHOT values (3297, 3302, 3314, 1806, 9.190, 11.73, 49.90, 9.187, 11.80, 49.92, 0.009, 132.50, 2.47);
insert into SHOT values (3298, 3302, 3315, 1806, 10.210, 309.93, 63.40, 10.249, 310.34, 62.73, 0.131, 324.81, -8.50);
insert into SHOT values (3299, 3315, 3316, 1806, 5.410, 149.13, 0.10, 5.409, 149.07, 0.11, 0.006, 49.73, 5.61);
insert into SHOT values (3300, 3315, 3317, 1806, 3.790, 117.83, -0.20, 3.789, 117.85, -0.30, 0.007, 250.98, -76.34);
insert into SHOT values (3301, 3315, 3318, 1806, 3.670, 89.63, 2.50, 3.674, 89.53, 2.50, 0.007, 28.96, -0.65);
insert into SHOT values (3302, 3315, 3319, 1806, 1.700, 34.73, -0.90, 1.703, 34.72, -1.01, 0.005, 27.03, -43.76);
insert into SHOT values (3303, 3315, 3320, 1806, 2.400, 68.63, 5.70, 2.396, 68.60, 5.75, 0.004, 268.06, 22.34);
insert into SHOT values (3304, 3315, 3321, 1806, 22.320, 61.53, 83.40, 22.319, 61.44, 83.38, 0.009, 33.87, -13.57);
insert into SHOT values (3305, 3315, 3322, 1806, 7.390, 295.43, 50.10, 7.428, 296.08, 49.76, 0.080, 338.66, 0.47);
insert into SHOT values (3306, 3322, 3323, 1806, 2.970, 289.63, 1.80, 2.975, 289.65, 1.73, 0.006, 303.27, -34.35);
insert into SHOT values (3307, 3322, 3324, 1806, 1.840, 239.43, -0.80, 1.839, 239.25, -0.62, 0.008, 136.39, 43.52);
insert into SHOT values (3308, 3322, 3325, 1806, 1.170, 205.43, -0.10, 1.172, 205.25, 0.00, 0.005, 144.14, 26.09);
insert into SHOT values (3309, 3322, 3326, 1806, 2.960, 185.13, 1.40, 2.963, 185.23, 1.35, 0.006, 242.65, -21.21);
insert into SHOT values (3310, 3322, 3327, 1806, 2.440, 161.93, -1.50, 2.442, 161.86, -1.41, 0.005, 107.65, 46.49);
insert into SHOT values (3311, 3322, 3328, 1806, 8.120, 128.53, 3.00, 8.117, 128.54, 3.04, 0.006, 293.73, 54.77);
insert into SHOT values (3312, 3322, 3329, 1806, 7.210, 169.33, 1.80, 7.208, 169.36, 1.83, 0.006, 295.01, 38.32);
insert into SHOT values (3313, 3322, 3330, 1806, 1.690, 241.73, -69.10, 1.692, 241.31, -69.07, 0.005, 167.55, -14.61);
insert into SHOT values (3314, 3322, 3331, 1806, 5.450, 341.33, 86.60, 5.449, 341.57, 86.67, 0.007, 150.91, -3.28);
insert into SHOT values (3315, 3322, 3332, 1806, 6.060, 314.73, 70.70, 6.093, 315.20, 70.12, 0.072, 328.42, 8.48);
insert into SHOT values (3316, 3332, 3333, 1806, 0.670, 134.53, 4.60, 0.667, 135.00, 5.16, 0.009, 254.92, 44.87);
insert into SHOT values (3317, 3332, 3334, 1806, 0.580, 209.53, 4.20, 0.588, 209.62, 3.90, 0.009, 216.04, -16.63);
insert into SHOT values (3318, 3332, 3335, 1806, 0.480, 355.43, 4.20, 0.473, 355.14, 4.85, 0.009, 194.61, 33.11);
insert into SHOT values (3319, 3332, 3336, 1806, 5.180, 272.93, 5.20, 5.178, 272.89, 5.21, 0.004, 153.49, 6.91);
insert into SHOT values (3320, 3332, 3337, 1806, 2.550, 287.73, 6.00, 2.554, 287.65, 6.07, 0.006, 241.82, 34.36);
insert into SHOT values (3321, 3332, 3338, 1806, 4.100, 285.23, 28.70, 4.099, 285.16, 28.72, 0.005, 180.45, 12.60);
insert into SHOT values (3322, 3332, 3339, 1806, 3.730, 287.23, 19.70, 3.769, 287.72, 19.69, 0.049, 326.83, 14.92);
insert into SHOT values (3323, 3332, 3340, 1806, 6.860, 84.93, -88.00, 6.854, 85.24, -87.99, 0.006, 126.99, 71.84);
insert into SHOT values (3324, 3332, 3341, 1806, 9.450, 242.43, 84.00, 9.452, 242.40, 83.97, 0.005, 236.84, 18.76);
insert into SHOT values (3325, 3339, 3342, 1806, 5.790, 217.33, -8.60, 5.786, 217.33, -8.55, 0.006, 40.40, 64.92);
insert into SHOT values (3326, 3339, 3343, 1806, 6.360, 205.73, -6.70, 6.359, 205.71, -6.68, 0.003, 85.65, 39.97);
insert into SHOT values (3327, 3339, 3344, 1806, 3.930, 187.13, -3.40, 3.927, 187.18, -3.36, 0.005, 312.97, 37.51);
insert into SHOT values (3328, 3339, 3345, 1806, 3.270, 154.33, -9.90, 3.269, 154.23, -9.87, 0.006, 53.74, 20.87);
insert into SHOT values (3329, 3339, 3346, 1806, 2.860, 127.13, -4.90, 2.858, 127.15, -4.82, 0.005, 274.37, 67.25);
insert into SHOT values (3330, 3339, 3347, 1806, 11.320, 213.53, 78.70, 11.323, 214.16, 79.67, 0.193, 26.78, 11.77);
insert into SHOT values (3331, 3347, 3348, 1806, 1.420, 262.93, 2.40, 1.423, 262.72, 2.42, 0.006, 200.49, 5.29);
insert into SHOT values (3332, 3347, 3349, 1806, 0.880, 317.53, 4.40, 0.873, 317.33, 4.60, 0.008, 161.57, 18.09);
insert into SHOT values (3333, 3347, 3350, 1806, 1.210, 16.03, -6.30, 1.203, 16.01, -6.20, 0.007, 199.98, 23.81);
insert into SHOT values (3334, 3347, 3351, 1806, 1.130, 329.23, -0.40, 1.130, 329.12, -0.51, 0.003, 244.62, -44.41);
insert into SHOT values (3335, 3347, 3352, 1806, 12.490, 4.33, -87.40, 12.493, 4.09, -87.42, 0.006, 209.39, -26.63);
insert into SHOT values (3336, 3347, 3353, 1806, 1.860, 352.53, 85.10, 1.856, 352.41, 85.32, 0.008, 175.07, -22.97);
insert into SHOT values (3337, 3347, 3354, 1806, 1.740, 353.63, 69.40, 1.780, 353.76, 68.80, 0.044, 356.20, 44.65);
insert into SHOT values (3338, 3354, 3355, 1806, 4.000, 254.33, 13.60, 4.008, 254.96, 13.71, 0.044, 337.42, 12.29);
insert into SHOT values (3339, 3355, 3356, 1806, 0.920, 35.53, 2.90, 0.925, 35.75, 2.48, 0.009, 69.34, -45.49);
insert into SHOT values (3340, 3355, 3357, 1806, 2.400, 72.73, -10.20, 2.408, 72.56, -10.29, 0.011, 26.45, -26.85);
insert into SHOT values (3341, 3355, 3358, 1806, 1.820, 52.23, -57.60, 1.828, 52.43, -57.42, 0.010, 73.37, -19.28);
insert into SHOT values (3342, 3355, 3359, 1806, 2.340, 56.43, 80.50, 2.334, 56.31, 80.22, 0.013, 51.79, -37.16);
insert into SHOT values (3343, 3355, 3360, 1806, 8.960, 314.03, 79.10, 8.951, 314.28, 79.12, 0.012, 73.76, -44.64);
insert into SHOT values (3344, 3355, 3361, 1806, 2.840, 236.43, 0.40, 2.835, 236.37, 0.40, 0.006, 87.51, 1.57);
insert into SHOT values (3345, 3355, 3362, 1806, 5.340, 249.03, 2.00, 5.337, 249.02, 1.93, 0.007, 94.44, -62.18);
insert into SHOT values (3346, 3355, 3363, 1806, 13.100, 266.33, -0.20, 13.096, 266.37, -0.22, 0.010, 20.90, -26.30);
insert into SHOT values (3347, 3355, 3364, 1806, 3.810, 282.33, 0.40, 3.809, 282.43, 0.30, 0.009, 17.62, -44.96);
insert into SHOT values (3348, 3355, 3365, 1806, 8.270, 274.53, 0.10, 8.266, 274.58, 0.07, 0.009, 32.25, -29.80);
insert into SHOT values (3349, 3355, 3366, 1806, 3.190, 271.43, -0.40, 3.202, 272.15, -0.36, 0.042, 344.63, 3.11);
insert into SHOT values (3350, 3366, 3367, 1806, 2.220, 179.93, -0.40, 2.220, 180.00, -0.52, 0.005, 268.79, -59.64);
insert into SHOT values (3351, 3366, 3368, 1806, 2.160, 156.43, 3.40, 2.163, 156.52, 3.45, 0.005, 210.20, 24.15);
insert into SHOT values (3352, 3366, 3369, 1806, 2.920, 107.53, 1.50, 2.917, 107.57, 1.57, 0.005, 258.60, 45.70);
insert into SHOT values (3353, 3366, 3370, 1806, 4.770, 230.03, -1.10, 4.764, 230.03, -1.08, 0.006, 55.42, 14.32);
insert into SHOT values (3354, 3366, 3371, 1806, 8.150, 257.33, -5.90, 8.151, 257.32, -5.91, 0.003, 193.48, -45.31);
insert into SHOT values (3355, 3366, 3372, 1806, 8.610, 277.03, -7.70, 8.612, 277.07, -7.67, 0.007, 341.56, 32.26);
insert into SHOT values (3356, 3366, 3373, 1806, 2.710, 285.73, -5.50, 2.713, 285.68, -5.50, 0.004, 248.34, -3.89);
insert into SHOT values (3357, 3366, 3374, 1806, 9.440, 274.73, -29.90, 9.438, 274.77, -29.94, 0.009, 48.83, -29.84);
insert into SHOT values (3358, 3366, 3375, 1806, 5.890, 274.53, -47.30, 5.890, 274.60, -47.32, 0.005, 23.11, -15.84);
insert into SHOT values (3359, 3366, 3376, 1806, 0.730, 201.33, -67.00, 0.726, 201.04, -67.42, 0.007, 33.45, 16.10);
insert into SHOT values (3360, 3366, 3377, 1806, 11.780, 192.33, 84.10, 11.782, 192.43, 84.11, 0.004, 334.94, 36.34);
insert into SHOT values (3361, 3366, 3378, 1806, 0.780, 1.93, 2.40, 0.781, 2.20, 2.20, 0.005, 73.17, -34.37);
insert into SHOT values (3362, 3366, 3379, 1806, 1.740, 70.13, 14.40, 1.743, 70.28, 14.28, 0.006, 119.08, -25.52);
insert into SHOT values (3363, 3366, 3380, 1806, 11.280, 254.03, 44.10, 11.290, 255.00, 44.34, 0.145, 355.01, 16.10);
insert into SHOT values (3364, 3380, 3381, 1806, 2.020, 257.43, 5.10, 2.017, 257.35, 5.12, 0.004, 120.01, 5.65);
insert into SHOT values (3365, 3380, 3382, 1806, 1.270, 211.03, -9.80, 1.266, 210.88, -10.01, 0.007, 65.41, -34.09);
insert into SHOT values (3366, 3380, 3383, 1806, 1.050, 155.03, -8.30, 1.050, 154.92, -8.76, 0.009, 36.84, -74.26);
insert into SHOT values (3367, 3380, 3384, 1806, 4.570, 118.63, -3.10, 4.571, 118.53, -3.14, 0.009, 35.28, -19.33);
insert into SHOT values (3368, 3380, 3385, 1806, 10.040, 86.83, 1.00, 10.047, 86.80, 0.97, 0.010, 52.73, -31.17);
insert into SHOT values (3369, 3380, 3386, 1806, 0.960, 159.03, -2.00, 0.957, 158.53, -2.40, 0.011, 48.61, -36.13);
insert into SHOT values (3370, 3380, 3387, 1806, 3.980, 273.93, 35.60, 3.999, 274.59, 35.63, 0.042, 343.23, 18.29);
insert into SHOT values (3371, 3387, 3388, 1806, 0.360, 341.73, 1.50, 0.357, 342.07, 1.60, 0.003, 121.77, 9.90);
insert into SHOT values (3372, 3387, 3389, 1806, 0.460, 215.83, 8.60, 0.462, 216.12, 7.46, 0.010, 251.46, -65.83);
insert into SHOT values (3373, 3387, 3390, 1806, 1.670, 291.53, -74.80, 1.679, 291.32, -74.80, 0.009, 255.43, -71.67);
insert into SHOT values (3374, 3387, 3391, 1806, 0.680, 271.23, 15.90, 0.684, 271.74, 15.25, 0.011, 313.92, -36.31);
insert into SHOT values (3375, 3387, 3392, 1806, 5.820, 232.83, 77.00, 5.818, 232.78, 77.03, 0.004, 73.50, -13.74);
insert into SHOT values (3376, 3387, 3393, 1806, 3.090, 217.13, 70.00, 3.078, 218.31, 70.41, 0.033, 356.43, -6.38);
insert into SHOT values (3377, 3393, 3394, 1806, 0.820, 179.13, 16.60, 0.826, 178.55, 16.89, 0.011, 117.79, 32.08);
insert into SHOT values (3378, 3393, 3395, 1806, 0.910, 312.03, 4.60, 0.910, 312.32, 5.05, 0.008, 54.44, 56.74);
insert into SHOT values (3379, 3393, 3396, 1806, 4.300, 272.43, 8.60, 4.293, 272.43, 8.71, 0.011, 93.00, 41.77);
insert into SHOT values (3380, 3393, 3397, 1806, 5.230, 259.33, 14.80, 5.233, 259.29, 14.84, 0.006, 192.96, 44.75);
insert into SHOT values (3381, 3393, 3398, 1806, 5.070, 87.03, 14.00, 5.078, 87.09, 14.02, 0.009, 123.26, 21.87);
insert into SHOT values (3382, 3393, 3399, 1806, 3.780, 115.33, 16.20, 3.779, 115.29, 16.29, 0.006, 344.28, 59.25);
insert into SHOT values (3383, 3393, 3400, 1806, 6.580, 237.73, 74.90, 6.588, 237.61, 74.89, 0.009, 187.14, 55.71);
insert into SHOT values (3384, 3393, 3401, 1806, 6.890, 261.03, 51.80, 6.898, 261.76, 51.92, 0.056, 358.68, 15.90);
insert into SHOT values (3385, 3401, 3402, 1806, 1.950, 255.43, -2.70, 1.955, 255.47, -2.64, 0.005, 269.26, 21.20);
insert into SHOT values (3386, 3401, 3403, 1806, 1.770, 227.03, -0.40, 1.776, 227.05, -0.32, 0.007, 233.38, 21.26);
insert into SHOT values (3387, 3401, 3404, 1806, 1.700, 192.83, -0.60, 1.703, 192.89, -0.67, 0.004, 224.05, -31.81);
insert into SHOT values (3388, 3401, 3405, 1806, 1.550, 168.63, -3.40, 1.552, 168.84, -3.32, 0.006, 238.25, 18.18);
insert into SHOT values (3389, 3401, 3406, 1806, 3.320, 128.13, 3.00, 3.315, 128.25, 2.94, 0.009, 250.53, -24.13);
insert into SHOT values (3390, 3401, 3407, 1806, 3.300, 97.03, 3.40, 3.302, 97.15, 3.47, 0.008, 175.00, 32.47);
insert into SHOT values (3391, 3401, 3408, 1806, 7.260, 225.53, 58.20, 7.248, 226.18, 58.66, 0.073, 8.28, 15.63);
insert into SHOT values (3392, 3408, 3409, 1806, 1.820, 71.73, -2.30, 1.823, 71.76, -2.20, 0.004, 90.79, 44.26);
insert into SHOT values (3393, 3408, 3410, 1806, 1.140, 27.63, -2.20, 1.141, 27.69, -2.01, 0.004, 65.31, 63.98);
insert into SHOT values (3394, 3408, 3411, 1806, 2.780, 329.03, -1.90, 2.778, 329.00, -1.86, 0.003, 187.32, 41.75);
insert into SHOT values (3395, 3408, 3412, 1806, 5.950, 287.73, -7.00, 5.945, 287.76, -6.96, 0.007, 75.13, 44.25);
insert into SHOT values (3396, 3408, 3413, 1806, 4.500, 42.73, -85.50, 4.494, 42.71, -85.48, 0.006, 32.48, 82.72);
insert into SHOT values (3397, 3408, 3414, 1806, 5.640, 289.63, 74.20, 5.641, 289.50, 74.29, 0.009, 132.93, 19.49);
insert into SHOT values (3398, 3408, 3415, 1806, 7.470, 279.83, 14.70, 7.495, 280.66, 14.84, 0.109, 359.66, 12.96);
insert into SHOT values (3399, 3415, 3416, 1806, 6.250, 242.23, -7.80, 6.249, 242.28, -7.82, 0.005, 349.45, -19.66);
insert into SHOT values (3400, 3415, 3417, 1806, 2.410, 211.23, -1.20, 2.410, 211.25, -1.19, 0.001, 292.35, 32.68);
insert into SHOT values (3401, 3415, 3418, 1806, 2.120, 159.33, 2.20, 2.115, 159.51, 2.17, 0.008, 285.22, -9.82);
insert into SHOT values (3402, 3415, 3419, 1806, 3.190, 121.03, -1.60, 3.186, 120.99, -1.62, 0.005, 328.30, -11.60);
insert into SHOT values (3403, 3415, 3420, 1806, 2.370, 227.13, -77.60, 2.377, 227.35, -77.45, 0.010, 241.67, -33.62);
insert into SHOT values (3404, 3415, 3421, 1806, 5.890, 203.33, 75.30, 5.883, 203.65, 75.27, 0.011, 286.70, -40.65);
insert into SHOT values (3405, 3415, 3422, 1806, 4.400, 218.03, -32.10, 4.360, 218.61, -32.30, 0.057, 356.33, 8.28);
insert into SHOT values (3406, 3422, 3423, 1806, 0.800, 165.93, 1.00, 0.796, 165.44, 1.44, 0.010, 43.41, 36.68);
insert into SHOT values (3407, 3422, 3424, 1806, 0.980, 339.03, -10.20, 0.977, 339.30, -10.02, 0.006, 97.11, 34.33);
insert into SHOT values (3408, 3422, 3425, 1806, 3.990, 270.43, -10.10, 3.980, 270.44, -9.98, 0.013, 87.26, 50.30);
insert into SHOT values (3409, 3422, 3426, 1806, 2.270, 96.83, -8.70, 2.271, 96.65, -8.61, 0.008, 16.50, 24.96);
insert into SHOT values (3410, 3422, 3427, 1806, 9.420, 85.63, 8.00, 9.430, 85.64, 8.05, 0.013, 93.09, 45.67);
insert into SHOT values (3411, 3422, 3428, 1806, 5.410, 97.03, 79.70, 5.417, 96.54, 79.72, 0.011, 359.70, 40.46);
insert into SHOT values (3412, 3422, 3429, 1806, 5.390, 259.93, -64.40, 5.387, 260.09, -64.44, 0.008, 23.32, 6.44);
insert into SHOT values (3413, 3422, 3430, 1806, 6.830, 250.93, 67.40, 6.844, 251.63, 67.65, 0.046, 15.96, 32.12);
insert into SHOT values (3414, 3430, 3431, 1806, 0.460, 349.73, -7.40, 0.461, 349.92, -7.48, 0.002, 49.12, -23.46);
insert into SHOT values (3415, 3430, 3432, 1806, 10.110, 66.23, -79.90, 10.117, 66.04, -79.91, 0.009, 334.58, -47.95);
insert into SHOT values (3416, 3430, 3433, 1806, 5.790, 22.33, 81.40, 5.785, 22.42, 81.40, 0.005, 130.63, -74.71);
insert into SHOT values (3417, 3430, 3434, 1806, 5.130, 278.83, 1.30, 5.132, 278.86, 1.23, 0.007, 320.20, -62.46);
insert into SHOT values (3418, 3430, 3435, 1806, 4.150, 291.03, -22.80, 4.183, 291.58, -22.64, 0.051, 337.84, -2.04);
insert into SHOT values (3419, 3435, 3436, 1806, 2.780, 236.23, 3.70, 2.782, 236.31, 3.71, 0.004, 297.56, 7.93);
insert into SHOT values (3420, 3435, 3437, 1806, 3.790, 209.03, 1.30, 3.788, 209.07, 1.36, 0.005, 337.79, 51.75);
insert into SHOT values (3421, 3435, 3438, 1806, 1.990, 181.33, 2.80, 1.983, 181.45, 2.89, 0.009, 331.81, 19.13);
insert into SHOT values (3422, 3435, 3439, 1806, 2.210, 146.03, 1.30, 2.206, 146.09, 1.30, 0.005, 298.10, -1.57);
insert into SHOT values (3423, 3435, 3440, 1806, 0.490, 329.43, 16.50, 0.495, 329.66, 16.42, 0.006, 348.97, 8.49);
insert into SHOT values (3424, 3435, 3441, 1806, 1.920, 124.63, 16.80, 1.917, 124.56, 16.98, 0.007, 332.43, 44.45);
insert into SHOT values (3425, 3435, 3442, 1806, 9.500, 112.43, 28.80, 9.495, 112.40, 28.84, 0.009, 323.17, 21.84);
insert into SHOT values (3426, 3435, 3443, 1806, 9.530, 198.83, 89.20, 9.531, 202.62, 89.22, 0.009, 310.10, 5.76);
insert into SHOT values (3427, 3435, 3444, 1806, 2.570, 161.83, -47.90, 2.566, 161.99, -48.10, 0.011, 314.44, -17.12);
insert into SHOT values (3428, 3435, 3445, 1806, 9.160, 189.43, 79.40, 9.157, 189.83, 80.43, 0.165, 5.68, 9.17);
insert into SHOT values (3429, 3445, 3446, 1806, 0.900, 25.33, 2.50, 0.896, 25.13, 2.56, 0.005, 240.31, 7.80);
insert into SHOT values (3430, 3445, 3447, 1806, 0.880, 65.33, 6.80, 0.879, 64.90, 7.19, 0.009, 322.53, 40.96);
insert into SHOT values (3431, 3445, 3448, 1806, 4.360, 144.33, 3.60, 4.358, 144.26, 3.68, 0.009, 28.29, 47.03);
insert into SHOT values (3432, 3445, 3449, 1806, 4.240, 174.53, 0.60, 4.239, 174.59, 0.68, 0.007, 276.75, 54.20);
insert into SHOT values (3433, 3445, 3450, 1806, 0.220, 85.53, 84.80, 0.221, 90.00, 84.81, 0.002, 175.53, 30.16);
insert into SHOT values (3434, 3445, 3451, 1806, 1.730, 150.93, -85.20, 1.726, 151.70, -85.09, 0.005, 185.47, 48.44);
insert into SHOT values (3435, 3445, 3452, 1806, 0.710, 239.13, -5.90, 0.712, 239.45, -5.64, 0.005, 301.68, 33.75);
insert into SHOT values (3436, 3445, 3453, 1806, 2.180, 199.53, 3.70, 2.181, 199.60, 3.68, 0.003, 275.76, -14.21);
insert into SHOT values (3437, 3445, 3454, 1806, 3.890, 161.03, -5.90, 3.809, 160.90, -5.88, 0.082, 347.41, 6.92);
insert into SHOT values (3438, 3454, 3455, 1806, 2.090, 47.73, 6.80, 2.082, 47.74, 6.90, 0.009, 224.45, 17.21);
insert into SHOT values (3439, 3454, 3456, 1806, 1.430, 88.13, 13.00, 1.429, 88.35, 13.35, 0.010, 205.70, 54.13);
insert into SHOT values (3440, 3454, 3457, 1806, 0.770, 185.43, 1.30, 0.774, 185.93, 1.48, 0.008, 242.85, 17.53);
insert into SHOT values (3441, 3454, 3458, 1806, 5.090, 275.03, -4.50, 5.094, 274.97, -4.39, 0.012, 225.96, 52.04);
insert into SHOT values (3442, 3454, 3459, 1806, 7.280, 287.93, -4.50, 7.283, 287.89, -4.49, 0.007, 227.91, 9.97);
insert into SHOT values (3443, 3454, 3460, 1806, 3.350, 306.93, -6.10, 3.346, 306.94, -6.00, 0.007, 119.50, 62.95);
insert into SHOT values (3444, 3454, 3461, 1806, 1.910, 319.13, -5.80, 1.909, 318.84, -5.71, 0.010, 223.59, 17.38);
insert into SHOT values (3445, 3454, 3462, 1806, 9.870, 211.93, 85.50, 9.871, 211.85, 85.49, 0.003, 188.46, 8.58);
insert into SHOT values (3446, 3454, 3463, 1806, 1.380, 25.03, -61.90, 1.373, 24.59, -61.80, 0.009, 281.86, 54.99);
insert into SHOT values (3447, 3454, 3464, 1806, 8.500, 286.53, 54.70, 8.530, 287.12, 54.45, 0.070, 333.37, 2.32);
insert into SHOT values (3448, 3464, 3465, 1806, 0.300, 8.03, 1.10, 0.303, 7.59, 1.89, 0.006, 327.50, 50.03);
insert into SHOT values (3449, 3464, 3466, 1806, 0.170, 182.23, 0.80, 0.171, 183.37, 3.36, 0.008, 267.53, 66.08);
insert into SHOT values (3450, 3464, 3467, 1806, 7.300, 300.13, 1.60, 7.311, 300.14, 1.65, 0.013, 307.70, 28.76);
insert into SHOT values (3451, 3464, 3468, 1806, 4.550, 105.63, 4.50, 4.542, 105.63, 4.55, 0.009, 285.34, 19.50);
insert into SHOT values (3452, 3464, 3469, 1806, 14.950, 237.53, 74.40, 14.953, 237.57, 74.37, 0.008, 257.70, 4.98);
insert into SHOT values (3453, 3464, 3470, 1806, 12.900, 344.43, -81.90, 12.899, 344.36, -81.90, 0.003, 246.65, 28.79);
insert into SHOT values (3454, 3464, 3471, 1806, 3.210, 312.83, 11.90, 3.283, 313.23, 11.95, 0.076, 330.50, 13.70);
insert into SHOT values (3455, 3471, 3472, 1806, 1.340, 218.63, -4.60, 1.343, 218.33, -4.70, 0.008, 149.50, -18.30);
insert into SHOT values (3456, 3471, 3473, 1806, 3.030, 263.03, -4.10, 3.031, 262.97, -4.16, 0.005, 181.31, -45.07);
insert into SHOT values (3457, 3471, 3474, 1806, 4.680, 288.73, -1.80, 4.679, 288.71, -1.84, 0.004, 182.09, -53.72);
insert into SHOT values (3458, 3471, 3475, 1806, 2.610, 173.33, -4.90, 2.617, 173.39, -4.82, 0.008, 195.35, 21.67);
insert into SHOT values (3459, 3471, 3476, 1806, 3.410, 162.03, 9.00, 3.416, 162.05, 8.93, 0.007, 170.80, -28.54);
insert into SHOT values (3460, 3471, 3477, 1806, 3.750, 272.73, 6.60, 3.772, 273.37, 6.70, 0.047, 335.79, 10.93);
insert into SHOT values (3461, 3477, 3478, 1806, 1.870, 294.73, 1.70, 1.862, 294.78, 1.54, 0.010, 104.61, -34.44);
insert into SHOT values (3462, 3477, 3479, 1806, 1.530, 1.83, 13.60, 1.534, 1.92, 13.58, 0.004, 33.91, 3.02);
insert into SHOT values (3463, 3477, 3480, 1806, 2.860, 70.63, 9.80, 2.858, 70.73, 9.67, 0.008, 165.19, -54.81);
insert into SHOT values (3464, 3477, 3481, 1806, 38.480, 248.33, 77.80, 38.477, 248.33, 77.81, 0.008, 70.90, -7.23);
insert into SHOT values (3465, 3477, 3482, 1806, 15.690, 133.53, 67.20, 15.687, 133.53, 67.18, 0.005, 138.93, -53.34);
insert into SHOT values (3466, 3477, 3483, 1806, 15.410, 134.33, 64.30, 15.405, 134.33, 64.29, 0.006, 253.65, -88.44);
insert into SHOT values (3467, 3477, 3484, 1806, 1.680, 95.33, -76.50, 1.686, 95.86, -76.56, 0.007, 187.87, -60.79);
insert into SHOT values (3468, 3477, 3485, 1806, 4.910, 329.93, 25.70, 4.976, 330.24, 25.47, 0.073, 349.40, 8.44);
insert into SHOT values (3469, 3485, 3486, 1806, 1.140, 193.93, -88.30, 1.140, 198.43, -88.41, 0.003, 326.67, -8.44);
insert into SHOT values (3470, 3485, 3487, 1806, 4.540, 307.13, 80.80, 4.539, 307.18, 80.77, 0.003, 324.45, -35.37);
insert into SHOT values (3471, 3485, 3488, 1806, 1.520, 239.53, -5.20, 1.525, 239.55, -4.89, 0.010, 245.18, 53.12);
insert into SHOT values (3472, 3485, 3489, 1806, 1.520, 8.13, 3.10, 1.517, 7.97, 3.40, 0.009, 241.83, 55.68);
insert into SHOT values (3473, 3485, 3490, 1806, 5.190, 201.03, 2.70, 5.191, 201.02, 2.76, 0.006, 153.55, 77.08);
insert into SHOT values (3474, 3485, 3491, 1806, 4.400, 302.53, -4.10, 4.400, 302.53, -4.04, 0.005, 140.28, 87.86);
insert into SHOT values (3475, 3485, 3492, 1806, 2.870, 321.63, -8.40, 2.872, 321.72, -8.41, 0.005, 30.55, -9.20);
insert into SHOT values (3476, 3485, 3493, 1806, 4.820, 326.43, 49.90, 4.880, 326.71, 49.49, 0.071, 339.70, 18.94);
insert into SHOT values (3477, 3493, 3494, 1806, 1.620, 282.23, -6.30, 1.626, 282.14, -6.36, 0.007, 259.66, -19.09);
insert into SHOT values (3478, 3493, 3495, 1806, 2.040, 264.03, -3.30, 2.044, 264.09, -3.37, 0.005, 291.65, -28.38);
insert into SHOT values (3479, 3493, 3496, 1806, 1.260, 238.23, 0.10, 1.262, 237.95, 0.00, 0.007, 169.47, -18.05);
insert into SHOT values (3480, 3493, 3497, 1806, 0.670, 197.23, -1.70, 0.671, 197.35, -1.71, 0.002, 257.51, -4.30);
insert into SHOT values (3481, 3493, 3498, 1806, 2.110, 99.73, -3.90, 2.106, 99.87, -3.81, 0.007, 229.25, 28.90);
insert into SHOT values (3482, 3493, 3499, 1806, 3.450, 120.53, -2.90, 3.451, 120.51, -2.82, 0.005, 79.00, 64.15);
insert into SHOT values (3483, 3493, 3500, 1806, 3.930, 146.23, -2.40, 3.933, 146.31, -2.33, 0.008, 203.07, 35.58);
insert into SHOT values (3484, 3493, 3501, 1806, 5.520, 292.13, -87.90, 5.524, 290.22, -87.90, 0.008, 202.97, -28.82);
insert into SHOT values (3485, 3493, 3502, 1806, 5.640, 221.93, 82.40, 5.640, 221.76, 82.35, 0.005, 196.84, -4.91);
insert into SHOT values (3486, 3493, 3503, 1806, 5.540, 307.83, 84.60, 5.560, 308.66, 84.05, 0.057, 316.46, 14.73);
insert into SHOT values (3487, 3503, 3504, 1806, 0.540, 189.83, -7.80, 0.534, 189.82, -8.62, 0.010, 10.75, -42.71);
insert into SHOT values (3488, 3503, 3505, 1806, 1.280, 106.03, -13.20, 1.281, 105.82, -13.09, 0.005, 28.77, 25.74);
insert into SHOT values (3489, 3503, 3506, 1806, 2.320, 255.73, -4.10, 2.318, 255.72, -4.21, 0.005, 83.18, -56.79);
insert into SHOT values (3490, 3503, 3507, 1806, 10.980, 183.23, -85.90, 10.978, 182.94, -85.92, 0.006, 48.31, 18.42);
insert into SHOT values (3491, 3503, 3508, 1806, 0.660, 95.33, 68.80, 0.656, 94.76, 68.46, 0.006, 47.29, -58.94);
insert into SHOT values (3492, 3503, 3509, 1806, 3.070, 259.63, 26.50, 3.076, 260.37, 26.66, 0.037, 347.86, 16.10);
insert into SHOT values (3493, 3509, 3510, 1806, 0.340, 340.23, 11.70, 0.334, 340.46, 10.34, 0.010, 141.86, -64.77);
insert into SHOT values (3494, 3509, 3511, 1806, 0.410, 124.93, 16.20, 0.409, 125.71, 15.60, 0.007, 211.44, -39.41);
insert into SHOT values (3495, 3509, 3512, 1806, 1.720, 279.13, 4.40, 1.716, 279.08, 4.34, 0.004, 124.24, -26.85);
insert into SHOT values (3496, 3509, 3513, 1806, 1.070, 75.93, -0.80, 1.072, 75.96, -1.07, 0.006, 91.67, -66.56);
insert into SHOT values (3497, 3509, 3514, 1806, 2.300, 307.83, -74.60, 2.301, 307.63, -74.73, 0.006, 152.54, -26.36);
insert into SHOT values (3498, 3509, 3515, 1806, 0.540, 266.93, 62.50, 0.532, 267.71, 61.97, 0.010, 343.15, -68.74);
insert into SHOT values (3499, 3509, 3516, 1806, 1.560, 282.13, -1.40, 1.592, 283.08, -1.44, 0.041, 321.88, -2.63);
insert into SHOT values (3500, 3516, 3517, 1806, 0.910, 173.33, 2.20, 0.917, 173.11, 2.50, 0.010, 147.11, 31.95);
insert into SHOT values (3501, 3516, 3518, 1806, 0.770, 299.83, 84.50, 0.773, 296.57, 85.02, 0.009, 149.07, 24.37);
insert into SHOT values (3502, 3516, 3519, 1806, 0.870, 39.23, 5.30, 0.871, 39.38, 5.27, 0.002, 115.65, -8.80);
insert into SHOT values (3503, 3516, 3520, 1806, 1.620, 206.03, -64.10, 1.624, 205.84, -64.03, 0.005, 172.43, -32.86);
insert into SHOT values (3504, 3516, 3521, 1806, 2.080, 230.23, -0.90, 2.081, 230.26, -0.83, 0.003, 284.65, 61.12);
insert into SHOT values (3505, 3516, 3522, 1806, 3.120, 243.63, 6.40, 3.106, 244.27, 6.47, 0.037, 356.87, 3.42);
insert into SHOT values (3506, 3522, 3523, 1806, 0.550, 342.03, 1.90, 0.547, 341.90, 2.09, 0.003, 188.38, 31.15);
insert into SHOT values (3507, 3522, 3524, 1806, 0.170, 280.23, -88.10, 0.170, 90.00, -90.00, 0.006, 100.23, -0.95);
insert into SHOT values (3508, 3522, 3525, 1806, 4.350, 287.43, 79.40, 4.354, 287.53, 79.45, 0.005, 85.26, 50.81);
insert into SHOT values (3509, 3522, 3526, 1806, 4.740, 275.63, 1.60, 4.734, 275.58, 1.69, 0.011, 133.40, 46.48);
insert into SHOT values (3510, 3522, 3527, 1806, 3.240, 84.23, 6.00, 3.244, 84.31, 6.02, 0.006, 133.39, 13.36);
insert into SHOT values (3511, 3522, 3528, 1806, 6.470, 284.33, 11.80, 6.500, 285.13, 11.90, 0.094, 357.62, 10.38);
insert into SHOT values (3512, 3528, 3529, 1806, 1.490, 354.73, 4.30, 1.491, 354.60, 4.23, 0.004, 277.48, -25.45);
insert into SHOT values (3513, 3528, 3530, 1806, 1.880, 151.33, 12.50, 1.880, 151.34, 12.60, 0.003, 309.98, 77.59);
insert into SHOT values (3514, 3528, 3531, 1806, 2.680, 129.93, 0.30, 2.676, 130.00, 0.21, 0.006, 272.37, -38.78);
insert into SHOT values (3515, 3528, 3532, 1806, 3.030, 100.23, -1.90, 3.030, 100.27, -1.89, 0.002, 184.80, 12.51);
insert into SHOT values (3516, 3528, 3533, 1806, 1.890, 62.83, 2.70, 1.889, 62.89, 2.73, 0.002, 169.12, 25.23);
insert into SHOT values (3517, 3528, 3534, 1806, 2.380, 97.43, -66.70, 2.383, 97.96, -66.79, 0.010, 202.97, -24.62);
insert into SHOT values (3518, 3528, 3535, 1806, 23.920, 105.93, 82.40, 23.920, 105.97, 82.40, 0.003, 231.86, 2.72);
insert into SHOT values (3519, 3528, 3536, 1806, 19.440, 89.73, 84.70, 19.451, 88.96, 85.10, 0.139, 279.05, 9.55);
insert into SHOT values (3520, 3536, 3537, 1806, 0.160, 322.23, -36.10, 0.157, 321.34, -35.10, 0.005, 200.52, 61.26);
insert into SHOT values (3521, 3536, 3538, 1806, 0.190, 250.43, -46.90, 0.189, 251.57, -47.90, 0.004, 33.73, -16.87);
insert into SHOT values (3522, 3536, 3539, 1806, 20.660, 144.33, -87.70, 20.657, 143.82, -87.70, 0.008, 61.29, 24.20);
insert into SHOT values (3523, 3536, 3540, 1806, 0.600, 195.23, -0.40, 0.602, 195.42, 0.00, 0.005, 245.24, 58.10);
insert into SHOT values (3524, 3536, 3541, 1806, 4.350, 309.23, -1.10, 4.350, 309.22, -1.05, 0.004, 238.59, 69.05);
insert into SHOT values (3525, 3536, 3542, 1806, 6.260, 124.43, -2.20, 6.262, 124.45, -2.20, 0.003, 169.39, 5.69);
insert into SHOT values (3526, 3536, 3543, 1806, 4.250, 210.23, 74.90, 4.248, 210.26, 74.83, 0.005, 216.61, -37.30);
insert into SHOT values (3527, 3536, 3544, 1806, 4.900, 310.03, 17.60, 4.963, 310.46, 17.59, 0.072, 340.14, 14.73);
insert into SHOT values (3528, 3544, 3545, 1806, 0.530, 234.33, 9.60, 0.522, 234.46, 8.81, 0.011, 44.00, -52.03);
insert into SHOT values (3529, 3544, 3546, 1806, 4.360, 255.43, -12.80, 4.356, 255.41, -12.87, 0.006, 96.71, -39.04);
insert into SHOT values (3530, 3544, 3547, 1806, 3.970, 240.83, -59.00, 3.974, 240.67, -59.09, 0.010, 122.61, -47.59);
insert into SHOT values (3531, 3544, 3548, 1806, 0.700, 207.43, -81.80, 0.707, 203.96, -81.99, 0.009, 103.02, -49.31);
insert into SHOT values (3532, 3544, 3549, 1806, 3.350, 157.63, -38.40, 3.351, 157.63, -38.36, 0.002, 157.37, 19.82);
insert into SHOT values (3533, 3544, 3550, 1806, 4.060, 127.33, -0.50, 4.060, 127.29, -0.56, 0.005, 42.84, -58.92);
insert into SHOT values (3534, 3544, 3551, 1806, 0.840, 203.73, 81.90, 0.838, 199.98, 81.97, 0.008, 102.21, -11.72);
insert into SHOT values (3535, 3544, 3552, 1806, 3.150, 260.53, 75.00, 3.158, 262.27, 75.00, 0.026, 346.42, 16.47);
insert into SHOT values (3536, 3552, 3553, 1806, 0.510, 350.23, 6.90, 0.510, 350.91, 6.76, 0.006, 80.06, -11.97);
insert into SHOT values (3537, 3552, 3554, 1806, 1.060, 95.33, 8.50, 1.067, 95.44, 8.63, 0.007, 112.67, 26.39);
insert into SHOT values (3538, 3552, 3555, 1806, 1.040, 216.53, -11.40, 1.036, 216.19, -11.14, 0.009, 96.81, 38.81);
insert into SHOT values (3539, 3552, 3556, 1806, 1.230, 214.63, -76.60, 1.224, 213.69, -76.37, 0.009, 159.92, 48.28);
insert into SHOT values (3540, 3552, 3557, 1806, 0.810, 234.63, 69.60, 0.812, 233.53, 69.38, 0.007, 177.93, 6.95);
insert into SHOT values (3541, 3552, 3558, 1806, 1.590, 255.13, 10.50, 1.589, 255.16, 10.52, 0.002, 41.86, 9.02);
insert into SHOT values (3542, 3552, 3559, 1806, 1.600, 256.43, 11.40, 1.592, 257.03, 11.59, 0.019, 14.56, 11.42);
insert into SHOT values (3543, 3559, 3560, 1806, 0.420, 332.93, -2.10, 0.425, 333.43, -1.35, 0.008, 9.01, 40.40);
insert into SHOT values (3544, 3559, 3561, 1806, 1.380, 277.13, 85.60, 1.385, 280.30, 85.37, 0.009, 324.19, 25.69);
insert into SHOT values (3545, 3559, 3562, 1806, 1.470, 307.73, -71.00, 1.470, 307.35, -71.02, 0.003, 207.45, -1.55);
insert into SHOT values (3546, 3559, 3563, 1806, 1.140, 253.63, -3.40, 1.148, 253.78, -3.50, 0.009, 274.88, -16.33);
insert into SHOT values (3547, 3559, 3564, 1806, 2.320, 278.13, 7.30, 2.323, 278.24, 7.42, 0.007, 336.59, 46.81);
insert into SHOT values (3548, 3559, 3565, 1806, 4.200, 272.03, 1.90, 4.217, 272.72, 2.04, 0.054, 343.71, 11.40);
insert into SHOT values (3549, 3565, 3566, 1806, 1.990, 356.23, 1.80, 1.995, 356.26, 1.72, 0.006, 7.69, -25.20);
insert into SHOT values (3550, 3565, 3567, 1806, 6.630, 287.13, -5.10, 6.631, 287.17, -5.10, 0.005, 8.88, -7.54);
insert into SHOT values (3551, 3565, 3568, 1806, 2.210, 321.83, -2.50, 2.217, 321.78, -2.59, 0.008, 306.60, -27.36);
insert into SHOT values (3552, 3565, 3569, 1806, 1.110, 99.53, 9.40, 1.110, 99.46, 9.34, 0.002, 1.04, -43.84);
insert into SHOT values (3553, 3565, 3570, 1806, 1.450, 52.83, 9.90, 1.442, 52.73, 9.98, 0.009, 250.14, 4.58);
insert into SHOT values (3554, 3565, 3571, 1806, 0.870, 33.33, -86.70, 0.871, 26.57, -87.06, 0.008, 256.23, -10.56);
insert into SHOT values (3555, 3565, 3572, 1806, 7.950, 296.93, 75.50, 7.954, 296.82, 75.48, 0.006, 253.67, 30.01);
insert into SHOT values (3556, 3565, 3573, 1806, 5.750, 311.53, 70.00, 5.788, 312.01, 69.45, 0.070, 326.00, 13.93);
insert into SHOT values (3557, 3573, 3574, 1806, 1.230, 172.53, -0.40, 1.230, 172.53, -0.47, 0.001, 163.54, -71.13);
insert into SHOT values (3558, 3573, 3575, 1806, 2.270, 214.13, -4.30, 2.267, 214.18, -4.30, 0.004, 1.76, 3.12);
insert into SHOT values (3559, 3573, 3576, 1806, 6.260, 169.13, -78.20, 6.263, 169.22, -78.18, 0.004, 205.92, -36.19);
insert into SHOT values (3560, 3573, 3577, 1806, 3.170, 118.33, -5.70, 3.166, 118.44, -5.80, 0.009, 244.99, -35.80);
insert into SHOT values (3561, 3573, 3578, 1806, 0.930, 142.63, -4.40, 0.931, 142.88, -4.93, 0.010, 222.31, -64.45);
insert into SHOT values (3562, 3573, 3579, 1806, 5.090, 219.83, 83.60, 5.082, 219.29, 83.58, 0.010, 141.43, -56.42);
insert into SHOT values (3563, 3573, 3580, 1806, 3.420, 245.93, 1.50, 3.401, 246.60, 1.52, 0.044, 2.07, 0.61);
insert into SHOT values (3564, 3580, 3581, 1806, 0.610, 354.23, -1.70, 0.603, 354.29, -1.90, 0.007, 169.11, -15.71);
insert into SHOT values (3565, 3580, 3582, 1806, 3.090, 292.23, -11.30, 3.091, 292.08, -11.19, 0.010, 218.61, 33.51);
insert into SHOT values (3566, 3580, 3583, 1806, 5.600, 279.13, -15.40, 5.599, 279.06, -15.43, 0.007, 175.79, -22.77);
insert into SHOT values (3567, 3580, 3584, 1806, 3.150, 273.93, -15.00, 3.153, 273.95, -14.89, 0.007, 286.82, 48.35);
insert into SHOT values (3568, 3580, 3585, 1806, 0.890, 3.83, 6.60, 0.888, 3.90, 6.47, 0.003, 156.70, -44.75);
insert into SHOT values (3569, 3580, 3586, 1806, 2.290, 317.33, 72.00, 2.292, 317.29, 72.02, 0.002, 229.93, 76.20);
insert into SHOT values (3570, 3580, 3587, 1806, 1.500, 259.53, -68.50, 1.495, 259.51, -68.44, 0.006, 101.01, 83.78);
insert into SHOT values (3571, 3580, 3588, 1806, 4.520, 289.63, -5.70, 4.561, 290.23, -5.54, 0.064, 338.00, 8.00);
insert into SHOT values (3572, 3588, 3589, 1806, 1.720, 221.43, 47.20, 1.719, 221.19, 47.14, 0.005, 138.99, -21.70);
insert into SHOT values (3573, 3588, 3590, 1806, 2.680, 251.93, 4.80, 2.682, 251.90, 4.92, 0.006, 212.31, 70.46);
insert into SHOT values (3574, 3588, 3591, 1806, 1.840, 298.03, 8.40, 1.841, 297.83, 8.44, 0.006, 211.02, 10.73);
insert into SHOT values (3575, 3588, 3592, 1806, 4.060, 167.73, -58.20, 4.060, 167.59, -58.19, 0.005, 83.82, 5.93);
insert into SHOT values (3576, 3588, 3593, 1806, 1.550, 154.93, -1.60, 1.557, 154.92, -1.47, 0.008, 151.68, 23.78);
insert into SHOT values (3577, 3588, 3594, 1806, 3.590, 104.43, 14.70, 3.588, 104.52, 14.69, 0.005, 212.64, -10.39);
insert into SHOT values (3578, 3588, 3595, 1806, 10.580, 294.03, 82.90, 10.581, 294.01, 82.93, 0.005, 120.45, 12.60);
insert into SHOT values (3579, 3588, 3596, 1806, 9.890, 266.63, 72.90, 9.901, 267.26, 72.83, 0.036, 331.19, 11.57);
insert into SHOT values (3580, 3596, 3597, 1806, 0.370, 349.23, -3.20, 0.367, 349.00, -3.12, 0.003, 198.55, 11.99);
insert into SHOT values (3581, 3596, 3598, 1806, 1.320, 291.13, -5.30, 1.322, 290.91, -5.21, 0.006, 226.33, 19.10);
insert into SHOT values (3582, 3596, 3599, 1806, 7.390, 98.93, -1.00, 7.391, 98.95, -0.93, 0.009, 165.41, 72.17);
insert into SHOT values (3583, 3596, 3600, 1806, 2.660, 92.93, -5.00, 2.664, 93.02, -4.95, 0.006, 141.16, 17.77);
insert into SHOT values (3584, 3596, 3601, 1806, 0.440, 326.73, 24.50, 0.509, 327.34, 24.39, 0.069, 331.20, 23.60);
insert into SHOT values (3585, 3601, 3602, 1806, 5.090, 294.63, 33.30, 5.136, 295.19, 33.17, 0.063, 338.10, 14.17);
insert into SHOT values (3586, 3602, 3603, 1806, 1.220, 83.63, -2.30, 1.219, 83.40, -2.35, 0.005, 342.67, -11.69);
insert into SHOT values (3587, 3602, 3604, 1806, 4.080, 101.73, -1.30, 4.074, 101.61, -1.27, 0.010, 338.28, 14.24);
insert into SHOT values (3588, 3602, 3605, 1806, 4.730, 120.33, 0.50, 4.724, 120.26, 0.49, 0.009, 344.57, -8.14);
insert into SHOT values (3589, 3602, 3606, 1806, 3.380, 145.03, 0.30, 3.374, 144.90, 0.34, 0.010, 16.43, 12.73);
insert into SHOT values (3590, 3602, 3607, 1806, 1.610, 168.93, -2.80, 1.602, 168.83, -2.86, 0.008, 8.97, -9.29);
insert into SHOT values (3591, 3602, 3608, 1806, 0.880, 200.43, -8.10, 0.872, 200.32, -7.91, 0.009, 32.85, 27.62);
insert into SHOT values (3592, 3602, 3609, 1806, 3.310, 97.53, -66.80, 3.307, 97.51, -66.83, 0.004, 288.84, 39.37);
insert into SHOT values (3593, 3602, 3610, 1806, 1.560, 45.53, -76.80, 1.561, 45.00, -76.91, 0.004, 276.21, -16.00);
insert into SHOT values (3594, 3602, 3611, 1806, 4.100, 134.33, 42.40, 4.103, 134.20, 42.46, 0.009, 36.66, 36.66);
insert into SHOT values (3595, 3602, 3612, 1806, 2.950, 134.33, 46.30, 2.947, 134.20, 46.28, 0.006, 26.68, -30.03);
insert into SHOT values (3596, 3602, 3613, 1806, 3.210, 283.53, -38.90, 3.222, 284.26, -38.60, 0.038, 342.49, 8.81);
insert into SHOT values (3597, 3613, 3614, 1806, 0.830, 199.53, -6.20, 0.834, 199.75, -6.20, 0.005, 240.47, -4.35);
insert into SHOT values (3598, 3613, 3615, 1806, 0.770, 268.23, 3.00, 0.771, 268.51, 2.97, 0.004, 339.11, -4.28);
insert into SHOT values (3599, 3613, 3616, 1806, 0.770, 195.53, -15.10, 0.764, 195.73, -15.17, 0.006, 351.54, 5.31);
insert into SHOT values (3600, 3613, 3617, 1806, 1.220, 150.13, -13.00, 1.220, 150.20, -13.27, 0.006, 292.80, -68.75);
insert into SHOT values (3601, 3613, 3618, 1806, 0.690, 71.93, 0.00, 0.686, 71.30, 0.00, 0.008, 315.11, 0.00);
insert into SHOT values (3602, 3613, 3619, 1806, 1.370, 180.13, -83.50, 1.378, 180.00, -83.75, 0.010, 4.02, -59.92);
insert into SHOT values (3603, 3613, 3620, 1806, 5.310, 217.93, 77.20, 5.303, 218.13, 77.12, 0.011, 252.84, -48.40);
insert into SHOT values (3604, 3613, 3621, 1806, 5.820, 170.43, 77.60, 5.815, 170.76, 77.63, 0.009, 287.07, -27.62);
insert into SHOT values (3605, 3613, 3622, 1806, 2.500, 239.53, 67.90, 2.501, 241.24, 68.04, 0.029, 340.90, 7.36);
insert into SHOT values (3606, 3622, 3623, 1806, 0.320, 336.73, -14.10, 0.315, 336.80, -14.71, 0.006, 153.04, -19.59);
insert into SHOT values (3607, 3622, 3624, 1806, 1.660, 311.33, -83.70, 1.659, 312.71, -83.88, 0.007, 92.55, -0.21);
insert into SHOT values (3608, 3622, 3625, 1806, 3.210, 284.03, 74.70, 3.203, 283.71, 74.72, 0.008, 161.89, -47.77);
insert into SHOT values (3609, 3622, 3626, 1806, 4.420, 285.83, -6.40, 4.415, 285.87, -6.37, 0.007, 74.07, 23.94);
insert into SHOT values (3610, 3622, 3627, 1806, 1.560, 108.43, 7.40, 1.562, 108.43, 7.35, 0.003, 110.28, -20.15);
insert into SHOT values (3611, 3622, 3628, 1806, 3.950, 274.83, 12.30, 3.970, 275.48, 12.36, 0.048, 342.24, 10.25);
insert into SHOT values (3612, 3628, 3629, 1806, 1.110, 335.93, -4.90, 1.110, 335.98, -5.17, 0.005, 78.69, -78.58);
insert into SHOT values (3613, 3628, 3630, 1806, 1.300, 13.43, -2.60, 1.297, 13.39, -2.65, 0.004, 207.97, -16.14);
insert into SHOT values (3614, 3628, 3631, 1806, 1.230, 50.23, 4.80, 1.226, 50.31, 4.68, 0.005, 207.55, -32.63);
insert into SHOT values (3615, 3628, 3632, 1806, 3.870, 87.83, 7.80, 3.868, 87.91, 7.73, 0.007, 196.02, -44.81);
insert into SHOT values (3616, 3628, 3633, 1806, 1.510, 59.63, -79.60, 1.516, 59.74, -79.44, 0.007, 65.50, -42.25);
insert into SHOT values (3617, 3628, 3634, 1806, 8.140, 27.43, 79.90, 8.137, 27.46, 79.87, 0.005, 38.03, -45.13);
insert into SHOT values (3618, 3628, 3635, 1806, 5.380, 329.83, 50.60, 5.435, 330.05, 50.11, 0.073, 340.54, 10.03);
insert into SHOT values (3619, 3635, 3636, 1806, 3.890, 279.53, -6.00, 3.884, 279.54, -5.91, 0.008, 96.98, 51.22);
insert into SHOT values (3620, 3635, 3637, 1806, 2.650, 220.83, -7.60, 2.653, 220.84, -7.58, 0.004, 224.94, 7.60);
insert into SHOT values (3621, 3635, 3638, 1806, 2.860, 185.23, -6.00, 2.858, 185.25, -6.03, 0.003, 345.74, -22.26);
insert into SHOT values (3622, 3635, 3639, 1806, 3.460, 154.33, -4.00, 3.461, 154.25, -3.98, 0.005, 78.91, 15.12);
insert into SHOT values (3623, 3635, 3640, 1806, 1.480, 222.83, -75.80, 1.477, 222.80, -75.57, 0.007, 220.25, 44.18);
insert into SHOT values (3624, 3635, 3641, 1806, 6.550, 245.23, 82.70, 6.552, 244.98, 82.74, 0.007, 103.03, 27.80);
insert into SHOT values (3625, 3635, 3642, 1806, 6.140, 256.63, 57.10, 6.150, 257.34, 57.21, 0.044, 352.69, 19.58);
insert into SHOT values (3626, 3642, 3643, 1806, 6.640, 125.73, -86.00, 6.636, 125.39, -85.97, 0.006, 82.94, 43.45);
insert into SHOT values (3627, 3642, 3644, 1806, 3.650, 117.13, -18.30, 3.653, 117.08, -18.18, 0.008, 86.46, 45.60);
insert into SHOT values (3628, 3642, 3645, 1806, 0.690, 72.13, -5.80, 0.696, 72.35, -5.77, 0.007, 95.38, -2.33);
insert into SHOT values (3629, 3642, 3646, 1806, 0.730, 23.53, 9.90, 0.733, 23.72, 10.22, 0.005, 76.81, 56.63);
insert into SHOT values (3630, 3642, 3647, 1806, 1.430, 346.53, 1.10, 1.429, 346.64, 1.20, 0.004, 97.97, 40.16);
insert into SHOT values (3631, 3642, 3648, 1806, 3.350, 73.03, 83.30, 3.353, 73.86, 83.23, 0.008, 123.38, 21.29);
insert into SHOT values (3632, 3642, 3649, 1806, 5.150, 350.33, 42.00, 5.210, 350.39, 41.62, 0.069, 353.83, 11.69);
insert into SHOT values (3633, 3649, 3650, 1806, 1.090, 170.83, 32.70, 1.085, 171.16, 32.93, 0.008, 311.98, 7.84);
insert into SHOT values (3634, 3649, 3651, 1806, 2.940, 132.83, -0.90, 2.937, 132.93, -0.78, 0.009, 255.59, 45.97);
insert into SHOT values (3635, 3649, 3652, 1806, 3.730, 105.63, -2.70, 3.731, 105.57, -2.61, 0.007, 26.24, 52.28);
insert into SHOT values (3636, 3649, 3653, 1806, 3.640, 86.23, -6.70, 3.632, 86.19, -6.64, 0.009, 288.30, 31.25);
insert into SHOT values (3637, 3649, 3654, 1806, 2.290, 126.33, -54.40, 2.287, 126.44, -54.43, 0.004, 266.91, 27.05);
insert into SHOT values (3638, 3649, 3655, 1806, 46.010, 351.83, 83.30, 46.015, 351.76, 83.29, 0.011, 311.28, 23.39);
insert into SHOT values (3639, 3649, 3656, 1806, 55.750, 1.93, 85.40, 55.760, 1.92, 85.40, 0.010, 333.24, 80.37);
insert into SHOT values (3640, 3649, 3657, 1806, 10.600, 305.43, 83.90, 10.628, 306.16, 83.04, 0.163, 311.20, 3.53);
insert into SHOT values (3641, 3657, 3658, 1806, 4.400, 11.73, 1.50, 4.395, 11.82, 1.43, 0.010, 139.51, -30.80);
insert into SHOT values (3642, 3657, 3659, 1806, 4.770, 33.73, 3.20, 4.772, 33.79, 3.12, 0.008, 98.14, -49.45);
insert into SHOT values (3643, 3657, 3660, 1806, 4.440, 79.13, 3.30, 4.445, 79.22, 3.22, 0.011, 130.01, -31.92);
insert into SHOT values (3644, 3657, 3661, 1806, 4.430, 123.83, 10.30, 4.431, 123.87, 10.27, 0.004, 190.04, -31.96);
insert into SHOT values (3645, 3657, 3662, 1806, 12.190, 124.23, -81.70, 12.198, 124.14, -81.69, 0.009, 90.99, -56.22);
insert into SHOT values (3646, 3657, 3663, 1806, 29.450, 351.63, 77.60, 29.446, 351.63, 77.61, 0.007, 177.12, -24.31);
insert into SHOT values (3647, 3657, 3664, 1806, 10.890, 340.33, 62.40, 10.933, 340.46, 61.41, 0.193, 343.83, -15.23);
insert into SHOT values (3648, 3664, 3665, 1806, 3.170, 298.53, -2.70, 3.167, 298.51, -2.71, 0.003, 142.17, -12.16);
insert into SHOT values (3649, 3664, 3666, 1806, 2.700, 246.63, -0.70, 2.701, 246.66, -0.64, 0.004, 296.91, 58.22);
insert into SHOT values (3650, 3664, 3667, 1806, 2.120, 196.23, -6.30, 2.126, 196.21, -6.21, 0.007, 188.22, 21.00);
insert into SHOT values (3651, 3664, 3668, 1806, 4.260, 202.43, -6.80, 4.258, 202.38, -6.74, 0.006, 90.55, 46.88);
insert into SHOT values (3652, 3664, 3669, 1806, 6.450, 172.53, -8.00, 6.446, 172.53, -7.94, 0.008, 356.83, 68.28);
insert into SHOT values (3653, 3664, 3670, 1806, 3.860, 123.93, -8.40, 3.860, 123.90, -8.34, 0.005, 47.49, 59.12);
insert into SHOT values (3654, 3664, 3671, 1806, 2.880, 102.43, -9.20, 2.883, 102.38, -9.18, 0.004, 61.29, 6.18);
insert into SHOT values (3655, 3664, 3672, 1806, 22.500, 170.83, -71.90, 22.494, 170.78, -71.89, 0.009, 81.60, 46.30);
insert into SHOT values (3656, 3664, 3673, 1806, 17.220, 159.03, -64.70, 17.211, 159.05, -64.70, 0.009, 297.45, 65.01);
insert into SHOT values (3657, 3664, 3674, 1806, 10.980, 157.93, -51.10, 10.976, 157.94, -51.08, 0.005, 258.23, 84.11);
insert into SHOT values (3658, 3664, 3675, 1806, 8.380, 166.43, 31.40, 8.388, 166.43, 31.40, 0.008, 164.04, 28.89);
insert into SHOT values (3659, 3664, 3676, 1806, 15.130, 164.63, 61.90, 15.132, 164.62, 61.91, 0.004, 40.70, 58.43);
insert into SHOT values (3660, 3664, 3677, 1806, 25.810, 161.93, 72.80, 25.816, 161.92, 72.79, 0.007, 144.97, 40.23);
insert into SHOT values (3661, 3664, 3678, 1806, 11.320, 147.63, 87.80, 11.332, 144.78, 88.95, 0.228, 330.24, 4.62);
insert into SHOT values (3662, 3678, 3679, 1806, 3.830, 99.93, -1.90, 3.829, 99.93, -1.80, 0.007, 293.53, 85.30);
insert into SHOT values (3663, 3678, 3680, 1806, 0.810, 54.83, -0.40, 0.810, 54.54, 0.00, 0.007, 328.44, 54.24);
insert into SHOT values (3664, 3678, 3681, 1806, 1.020, 332.53, 6.20, 1.021, 332.43, 6.18, 0.002, 277.02, -3.98);
insert into SHOT values (3665, 3678, 3682, 1806, 2.280, 299.73, 8.10, 2.281, 299.74, 8.32, 0.009, 10.45, 86.47);
insert into SHOT values (3666, 3678, 3683, 1806, 8.150, 294.43, 8.30, 8.159, 294.44, 8.32, 0.009, 300.12, 21.89);
insert into SHOT values (3667, 3678, 3684, 1806, 6.130, 146.43, 3.40, 6.130, 146.47, 3.46, 0.007, 249.61, 60.11);
insert into SHOT values (3668, 3678, 3685, 1806, 1.070, 21.63, 19.20, 1.072, 21.49, 19.61, 0.009, 285.27, 72.24);
insert into SHOT values (3669, 3678, 3686, 1806, 23.920, 97.53, 84.20, 23.922, 97.63, 84.21, 0.008, 243.85, 18.96);
insert into SHOT values (3670, 3678, 3687, 1806, 11.760, 0.23, 83.50, 11.788, 0.00, 82.25, 0.259, 358.81, -0.98);
insert into SHOT values (3671, 3687, 3688, 1806, 2.500, 246.03, 12.80, 2.503, 246.06, 12.93, 0.007, 278.03, 68.92);
insert into SHOT values (3672, 3687, 3689, 1806, 3.250, 208.33, 2.20, 3.251, 208.30, 2.29, 0.006, 138.68, 70.20);
insert into SHOT values (3673, 3687, 3690, 1806, 3.050, 150.83, 11.40, 3.050, 150.78, 11.34, 0.004, 76.17, -44.31);
insert into SHOT values (3674, 3687, 3691, 1806, 4.470, 186.43, 9.10, 4.475, 186.50, 9.13, 0.008, 233.98, 23.81);
insert into SHOT values (3675, 3687, 3692, 1806, 3.490, 202.63, 8.00, 3.491, 202.63, 8.07, 0.004, 221.30, 88.33);
insert into SHOT values (3676, 3687, 3693, 1806, 4.760, 216.83, 74.50, 4.763, 216.69, 74.51, 0.004, 125.88, 44.64);
insert into SHOT values (3677, 3687, 3694, 1806, 2.350, 281.93, 34.00, 2.383, 282.56, 33.93, 0.040, 318.75, 23.72);
insert into SHOT values (3678, 3694, 3695, 1806, 0.650, 54.63, 9.00, 0.646, 54.57, 8.91, 0.004, 245.47, -23.52);
insert into SHOT values (3679, 3694, 3696, 1806, 1.020, 92.83, 2.30, 1.022, 92.81, 2.24, 0.002, 80.27, -24.02);
insert into SHOT values (3680, 3694, 3697, 1806, 1.160, 337.03, 3.70, 1.164, 337.19, 3.94, 0.007, 22.20, 48.67);
insert into SHOT values (3681, 3694, 3698, 1806, 2.740, 299.33, 2.40, 2.743, 299.28, 2.51, 0.006, 252.51, 56.08);
insert into SHOT values (3682, 3694, 3699, 1806, 3.910, 312.23, 54.20, 3.962, 312.57, 53.88, 0.058, 328.18, 29.76);
insert into SHOT values (3683, 3699, 3700, 1806, 2.840, 334.03, 10.00, 2.842, 334.17, 9.93, 0.008, 40.15, -23.63);
insert into SHOT values (3684, 3699, 3701, 1806, 0.710, 10.53, 8.70, 0.709, 10.67, 8.11, 0.008, 90.23, -76.93);
insert into SHOT values (3685, 3699, 3702, 1806, 0.550, 52.13, 5.80, 0.550, 51.67, 5.21, 0.007, 334.50, -50.76);
insert into SHOT values (3686, 3699, 3703, 1806, 1.610, 114.13, 5.40, 1.614, 113.85, 5.33, 0.009, 53.68, -9.59);
insert into SHOT values (3687, 3699, 3704, 1806, 2.920, 156.53, 2.80, 2.914, 156.52, 2.75, 0.006, 344.45, -25.79);
insert into SHOT values (3688, 3699, 3705, 1806, 1.460, 202.03, 8.90, 1.452, 202.10, 8.71, 0.009, 8.71, -39.34);
insert into SHOT values (3689, 3699, 3706, 1806, 2.330, 241.13, -3.40, 2.323, 241.11, -3.46, 0.008, 66.90, -13.67);
insert into SHOT values (3690, 3699, 3707, 1806, 4.890, 280.63, 70.10, 4.908, 281.64, 69.93, 0.038, 336.78, 18.51);
insert into SHOT values (3691, 3699, 3708, 1806, 5.410, 180.73, 68.20, 5.404, 180.57, 68.28, 0.011, 32.38, -16.37);
insert into SHOT values (3692, 3699, 3709, 1806, 7.390, 107.93, -61.30, 7.398, 107.87, -61.31, 0.009, 53.23, -60.74);
insert into SHOT values (3693, 3707, 3710, 1806, 0.500, 86.63, 7.40, 0.495, 86.50, 6.97, 0.007, 279.91, -41.03);
insert into SHOT values (3694, 3707, 3711, 1806, 0.720, 30.03, 9.80, 0.713, 29.85, 9.68, 0.007, 230.19, -21.06);
insert into SHOT values (3695, 3707, 3712, 1806, 5.040, 133.93, 3.40, 5.037, 133.95, 3.41, 0.003, 280.75, 18.39);
insert into SHOT values (3696, 3707, 3713, 1806, 1.020, 127.13, 82.00, 1.020, 129.29, 81.99, 0.005, 216.39, -0.79);
insert into SHOT values (3697, 3707, 3714, 1806, 4.510, 84.23, -88.10, 4.513, 86.19, -88.09, 0.006, 166.28, -25.60);
insert into SHOT values (3698, 3707, 3715, 1806, 3.860, 349.03, 8.40, 3.861, 348.98, 8.34, 0.005, 288.51, -46.69);
insert into SHOT values (3699, 3707, 3716, 1806, 2.320, 353.03, 36.30, 2.388, 352.87, 35.89, 0.071, 348.38, 22.08);
insert into SHOT values (3700, 3716, 3717, 1806, 0.810, 243.13, 6.60, 0.816, 242.80, 7.04, 0.010, 199.32, 45.69);
insert into SHOT values (3701, 3716, 3718, 1806, 0.740, 207.33, -1.70, 0.743, 207.26, -1.54, 0.004, 187.50, 33.71);
insert into SHOT values (3702, 3716, 3719, 1806, 0.800, 269.23, 7.50, 0.798, 269.27, 7.93, 0.006, 78.42, 60.56);
insert into SHOT values (3703, 3716, 3720, 1806, 1.390, 274.23, -80.80, 1.388, 272.60, -80.87, 0.007, 165.72, 17.79);
insert into SHOT values (3704, 3716, 3721, 1806, 4.710, 350.73, 8.00, 4.707, 350.74, 8.06, 0.006, 160.20, 52.24);
insert into SHOT values (3705, 3716, 3722, 1806, 4.960, 244.13, 67.40, 4.963, 244.93, 67.64, 0.034, 9.19, 18.75);
insert into SHOT values (3706, 3722, 3723, 1806, 0.450, 69.23, 3.70, 0.450, 69.15, 3.82, 0.001, 8.61, 51.00);
insert into SHOT values (3707, 3722, 3724, 1806, 0.260, 123.93, 4.40, 0.267, 124.29, 4.30, 0.007, 137.13, 0.42);
insert into SHOT values (3708, 3722, 3725, 1806, 0.920, 316.73, 15.40, 0.919, 316.37, 15.79, 0.008, 199.41, 42.52);
insert into SHOT values (3709, 3722, 3726, 1806, 5.140, 198.03, 81.70, 5.146, 198.70, 82.34, 0.058, 9.89, 13.79);
insert into SHOT values (3710, 3726, 3727, 1806, 0.510, 201.43, 0.50, 0.507, 202.01, 0.00, 0.007, 322.23, -36.72);
insert into SHOT values (3711, 3726, 3728, 1806, 0.790, 144.33, -15.00, 0.786, 144.64, -14.74, 0.007, 269.24, 42.10);
insert into SHOT values (3712, 3726, 3729, 1806, 1.020, 313.23, -11.60, 1.020, 312.97, -11.89, 0.007, 204.75, -45.44);
insert into SHOT values (3713, 3726, 3730, 1806, 0.200, 154.73, 70.40, 0.201, 153.43, 70.55, 0.002, 63.77, 46.29);
insert into SHOT values (3714, 3726, 3731, 1806, 4.770, 282.33, -14.20, 4.793, 283.05, -14.01, 0.064, 348.72, 9.04);
insert into SHOT values (3715, 3731, 3732, 1806, 2.490, 326.93, -9.40, 2.489, 326.63, -9.48, 0.013, 227.99, -14.39);
insert into SHOT values (3716, 3731, 3733, 1806, 2.560, 6.93, -3.40, 2.552, 6.76, -3.37, 0.011, 231.03, 9.56);
insert into SHOT values (3717, 3731, 3734, 1806, 2.270, 53.93, 4.20, 2.260, 53.84, 4.06, 0.012, 253.95, -31.11);
insert into SHOT values (3718, 3731, 3735, 1806, 3.170, 99.23, 6.50, 3.162, 99.34, 6.54, 0.010, 241.96, 6.54);
insert into SHOT values (3719, 3731, 3736, 1806, 1.400, 142.43, 14.10, 1.398, 142.79, 14.08, 0.009, 244.51, -6.94);
insert into SHOT values (3720, 3731, 3737, 1806, 3.840, 315.43, -82.00, 3.838, 315.00, -81.95, 0.006, 261.59, 27.65);
insert into SHOT values (3721, 3731, 3738, 1806, 13.400, 287.83, 82.60, 13.402, 287.49, 82.58, 0.011, 219.67, 8.27);
insert into SHOT values (3722, 3731, 3739, 1806, 4.730, 312.33, -46.30, 4.774, 312.95, -45.25, 0.104, 333.67, 16.56);
insert into SHOT values (3723, 3739, 3740, 1806, 0.560, 205.63, 5.40, 0.557, 205.64, 5.15, 0.004, 23.90, -42.97);
insert into SHOT values (3724, 3739, 3741, 1806, 0.770, 171.53, 8.70, 0.766, 171.66, 8.26, 0.007, 323.75, -61.42);
insert into SHOT values (3725, 3739, 3742, 1806, 1.490, 261.23, 1.50, 1.487, 261.49, 1.54, 0.007, 16.46, 7.72);
insert into SHOT values (3726, 3739, 3743, 1806, 6.760, 298.13, 81.30, 6.758, 298.57, 81.28, 0.008, 12.36, -15.38);
insert into SHOT values (3727, 3739, 3744, 1806, 2.930, 173.13, -84.20, 2.935, 172.15, -84.27, 0.008, 49.15, -39.47);
insert into SHOT values (3728, 3739, 3745, 1806, 8.190, 292.33, -24.80, 8.238, 293.81, -23.92, 0.236, 356.56, 23.87);
insert into SHOT values (3729, 3745, 3746, 1806, 0.530, 182.03, 9.50, 0.528, 182.20, 9.81, 0.004, 328.62, 41.90);
insert into SHOT values (3730, 3745, 3747, 1806, 6.600, 239.93, 74.30, 6.606, 240.14, 74.30, 0.009, 317.77, 43.78);
insert into SHOT values (3731, 3745, 3748, 1806, 4.450, 232.43, -85.80, 4.442, 232.43, -85.77, 0.008, 232.35, 75.28);
insert into SHOT values (3732, 3745, 3749, 1806, 3.590, 294.73, -14.90, 3.655, 295.77, -14.26, 0.099, 336.27, 13.44);
insert into SHOT values (3733, 3749, 3750, 1806, 0.740, 358.33, 2.90, 0.741, 358.45, 3.09, 0.003, 50.19, 52.44);
insert into SHOT values (3734, 3749, 3751, 1806, 2.370, 310.13, -7.70, 2.378, 310.18, -7.74, 0.008, 325.05, -17.99);
insert into SHOT values (3735, 3749, 3752, 1806, 4.690, 288.63, -13.40, 4.689, 288.67, -13.44, 0.005, 53.27, -37.77);
insert into SHOT values (3736, 3749, 3753, 1806, 2.510, 302.13, -80.10, 2.508, 301.87, -80.00, 0.005, 275.95, 29.79);
insert into SHOT values (3737, 3749, 3754, 1806, 6.990, 300.93, 83.60, 6.994, 300.84, 83.59, 0.004, 252.87, 64.19);
insert into SHOT values (3738, 3749, 3755, 1806, 0.810, 9.63, 16.50, 0.959, 8.75, 16.34, 0.150, 3.99, 15.44);
insert into SHOT values (3739, 3755, 3756, 1806, 4.880, 292.93, -0.00, 4.875, 292.94, 0.00, 0.005, 108.32, 0.00);
insert into SHOT values (3740, 3755, 3757, 1806, 1.430, 272.83, -0.10, 1.432, 272.80, 0.00, 0.003, 249.56, 53.22);
insert into SHOT values (3741, 3755, 3758, 1806, 0.820, 195.93, -10.40, 0.813, 195.95, -9.92, 0.010, 14.05, 54.52);
insert into SHOT values (3742, 3755, 3759, 1806, 0.830, 157.73, -11.90, 0.829, 157.54, -11.83, 0.003, 54.58, 22.70);
insert into SHOT values (3743, 3755, 3760, 1806, 5.300, 295.93, 81.70, 5.366, 298.39, 80.98, 0.100, 321.55, 33.60);
insert into SHOT values (3744, 3760, 3761, 1806, 0.780, 96.93, 3.50, 0.778, 97.40, 3.68, 0.007, 205.30, 19.63);
insert into SHOT values (3745, 3760, 3762, 1806, 0.970, 25.73, 6.40, 0.963, 26.03, 6.56, 0.009, 169.91, 12.45);
insert into SHOT values (3746, 3760, 3763, 1806, 2.610, 297.13, 11.70, 2.604, 297.07, 11.74, 0.007, 140.71, 5.79);
insert into SHOT values (3747, 3760, 3764, 1806, 1.540, 321.13, 9.00, 1.534, 321.16, 9.00, 0.006, 133.53, -8.34);
insert into SHOT values (3748, 3760, 3765, 1806, 5.950, 28.13, 73.30, 6.026, 27.26, 72.28, 0.133, 15.47, 17.90);
insert into SHOT values (3749, 3765, 3766, 1806, 0.670, 240.53, 1.60, 0.668, 240.36, 1.72, 0.003, 99.72, 22.37);
insert into SHOT values (3750, 3765, 3767, 1806, 1.310, 269.93, 0.30, 1.310, 270.00, 0.44, 0.004, 359.30, 63.65);
insert into SHOT values (3751, 3765, 3768, 1806, 3.250, 288.03, 3.80, 3.246, 287.99, 3.89, 0.007, 136.85, 41.38);
insert into SHOT values (3752, 3765, 3769, 1806, 0.780, 7.63, 14.00, 0.780, 7.59, 14.10, 0.001, 256.19, 67.86);
insert into SHOT values (3753, 3765, 3770, 1806, 4.710, 17.03, 69.30, 4.713, 17.13, 69.33, 0.005, 128.15, 53.61);
insert into SHOT values (3754, 3765, 3771, 1806, 13.240, 334.33, 86.40, 13.246, 334.36, 86.40, 0.006, 8.48, 83.49);
insert into SHOT values (3755, 3765, 3772, 1806, 1.780, 152.63, 9.60, 1.783, 152.56, 9.69, 0.005, 113.26, 42.27);
insert into SHOT values (3756, 3765, 3773, 1806, 4.520, 296.53, 21.30, 4.619, 297.58, 21.46, 0.126, 338.78, 22.39);
insert into SHOT values (3757, 3773, 3774, 1806, 1.300, 292.53, 1.10, 1.297, 292.21, 1.33, 0.010, 176.14, 31.96);
insert into SHOT values (3758, 3773, 3775, 1806, 1.110, 323.93, 11.90, 1.104, 323.66, 12.02, 0.008, 183.86, 7.95);
insert into SHOT values (3759, 3773, 3776, 1806, 1.140, 5.73, 7.20, 1.135, 6.12, 7.08, 0.009, 127.26, -18.03);
insert into SHOT values (3760, 3773, 3777, 1806, 1.060, 54.23, 1.10, 1.060, 54.21, 1.08, 0.001, 8.99, -32.64);
insert into SHOT values (3761, 3773, 3778, 1806, 10.820, 60.33, 84.10, 10.818, 60.45, 84.08, 0.005, 98.21, -36.52);
insert into SHOT values (3762, 3773, 3779, 1806, 1.310, 322.13, -74.70, 1.306, 322.13, -74.81, 0.005, 142.79, 44.59);
insert into SHOT values (3763, 3773, 3780, 1806, 6.480, 316.53, 86.80, 6.539, 319.03, 85.59, 0.151, 325.36, 19.34);
insert into SHOT values (3764, 3780, 3781, 1806, 0.270, 212.23, -3.70, 0.270, 211.33, -4.25, 0.005, 119.37, -31.22);
insert into SHOT values (3765, 3780, 3782, 1806, 6.710, 106.93, 18.20, 6.711, 106.96, 18.15, 0.007, 150.69, -54.61);
insert into SHOT values (3766, 3780, 3783, 1806, 0.610, 159.43, 79.90, 0.610, 158.20, 79.82, 0.002, 86.34, -12.72);
insert into SHOT values (3767, 3780, 3784, 1806, 3.330, 275.53, 2.50, 3.328, 275.52, 2.41, 0.005, 117.96, -73.93);
insert into SHOT values (3768, 3780, 3785, 1806, 2.270, 282.03, 18.70, 2.328, 283.40, 19.06, 0.079, 329.04, 24.09);
insert into SHOT values (3769, 3785, 3786, 1806, 1.430, 342.63, 2.90, 1.428, 342.45, 2.81, 0.005, 230.31, -26.15);
insert into SHOT values (3770, 3785, 3787, 1806, 3.290, 288.83, 5.30, 3.296, 288.66, 5.22, 0.013, 231.68, -17.98);
insert into SHOT values (3771, 3785, 3788, 1806, 10.720, 354.83, 72.90, 10.715, 354.72, 72.88, 0.009, 276.60, -44.97);
insert into SHOT values (3772, 3785, 3789, 1806, 1.500, 291.23, -75.50, 1.507, 290.38, -75.66, 0.010, 179.27, -52.30);
insert into SHOT values (3773, 3785, 3790, 1806, 4.040, 297.43, 10.80, 4.134, 298.40, 11.02, 0.117, 334.85, 16.35);
insert into SHOT values (3774, 3790, 3791, 1806, 1.570, 27.03, 4.60, 1.566, 27.06, 4.76, 0.006, 197.40, 44.44);
insert into SHOT values (3775, 3790, 3792, 1806, 2.540, 8.93, 38.90, 2.535, 9.03, 38.84, 0.007, 131.85, -50.48);
insert into SHOT values (3776, 3790, 3793, 1806, 8.690, 351.13, 77.00, 8.692, 351.16, 77.01, 0.003, 137.08, 53.86);
insert into SHOT values (3777, 3790, 3794, 1806, 3.600, 340.13, 60.10, 3.600, 340.15, 60.06, 0.002, 357.19, -20.11);
insert into SHOT values (3778, 3790, 3795, 1806, 4.720, 293.33, 1.10, 4.717, 293.36, 1.09, 0.003, 73.55, -10.31);
insert into SHOT values (3779, 3790, 3796, 1806, 3.130, 318.33, -2.40, 3.134, 318.37, -2.38, 0.004, 346.24, 14.89);
insert into SHOT values (3780, 3790, 3797, 1806, 1.440, 331.53, -61.60, 1.443, 331.19, -61.67, 0.005, 239.46, -38.89);
insert into SHOT values (3781, 3790, 3798, 1806, 1.260, 102.93, -78.40, 1.266, 103.50, -78.29, 0.007, 137.09, -51.85);
insert into SHOT values (3782, 3790, 3799, 1806, 1.640, 345.03, -58.10, 1.639, 345.32, -58.01, 0.005, 54.20, 26.07);
insert into SHOT values (3783, 3790, 3800, 1806, 3.850, 122.23, -0.40, 3.851, 122.16, -0.45, 0.006, 45.34, -33.30);
insert into SHOT values (3784, 3790, 3801, 1806, 1.750, 95.13, 1.60, 1.748, 95.25, 1.64, 0.004, 213.19, 15.11);
insert into SHOT values (3785, 3790, 3802, 1806, 5.490, 69.23, 46.90, 5.493, 69.25, 46.89, 0.003, 92.49, 28.76);
insert into SHOT values (3786, 3790, 3803, 1806, 7.890, 39.13, 66.80, 7.887, 39.12, 66.81, 0.003, 237.81, -46.07);
insert into SHOT values (3787, 3790, 3804, 1806, 5.860, 114.03, -58.30, 5.862, 113.98, -58.35, 0.006, 329.69, -42.38);
insert into SHOT values (3788, 3790, 3805, 1806, 5.200, 105.13, -68.30, 5.200, 105.05, -68.26, 0.005, 64.46, 18.65);
insert into SHOT values (3789, 3790, 3806, 1806, 5.690, 286.93, 36.50, 5.769, 288.08, 36.48, 0.122, 342.35, 21.87);
insert into SHOT values (3790, 3806, 3807, 1806, 0.540, 189.93, -2.40, 0.538, 189.64, -2.13, 0.004, 64.77, 37.71);
insert into SHOT values (3791, 3806, 3808, 1806, 2.020, 301.53, -1.80, 2.021, 301.64, -1.70, 0.005, 12.27, 39.33);
insert into SHOT values (3792, 3806, 3809, 1806, 1.240, 22.93, 1.20, 1.241, 23.26, 1.38, 0.008, 104.12, 29.34);
insert into SHOT values (3793, 3806, 3810, 1806, 0.410, 67.03, 12.00, 0.413, 66.61, 12.59, 0.006, 12.12, 52.98);
insert into SHOT values (3794, 3806, 3811, 1806, 2.840, 121.43, -2.40, 2.839, 121.45, -2.42, 0.002, 256.12, -42.60);
insert into SHOT values (3795, 3806, 3812, 1806, 16.130, 137.63, -78.60, 16.128, 137.54, -78.61, 0.006, 15.06, 17.15);
insert into SHOT values (3796, 3806, 3813, 1806, 1.640, 342.13, 36.40, 1.646, 342.39, 36.55, 0.009, 54.01, 47.60);
insert into SHOT values (3797, 3806, 3814, 1806, 2.280, 329.63, 58.30, 2.281, 330.02, 58.25, 0.008, 42.06, 1.02);
insert into SHOT values (3798, 3806, 3815, 1806, 3.240, 279.63, 41.90, 3.239, 279.81, 42.06, 0.012, 49.36, 31.94);
insert into SHOT values (3799, 3806, 3816, 1806, 3.380, 244.83, 67.90, 3.378, 244.85, 67.91, 0.002, 48.98, -53.98);
insert into SHOT values (3800, 3806, 3817, 1806, 5.090, 294.93, 74.20, 5.159, 296.57, 73.64, 0.095, 326.68, 33.60);
insert into SHOT values (3801, 3817, 3818, 1806, 0.470, 208.73, -5.50, 0.472, 209.29, -4.86, 0.007, 272.64, 44.64);
insert into SHOT values (3802, 3817, 3819, 1806, 16.130, 115.93, 6.00, 16.136, 115.94, 6.01, 0.007, 144.44, 33.10);
insert into SHOT values (3803, 3817, 3820, 1806, 1.420, 131.53, 12.00, 1.421, 131.50, 12.19, 0.005, 14.15, 78.51);
insert into SHOT values (3804, 3817, 3821, 1806, 1.440, 242.63, -1.70, 1.441, 242.72, -1.59, 0.004, 314.06, 48.33);
insert into SHOT values (3805, 3817, 3822, 1806, 3.190, 274.03, -7.80, 3.187, 274.00, -7.75, 0.005, 129.85, 40.21);
insert into SHOT values (3806, 3817, 3823, 1806, 4.830, 289.93, -6.00, 4.834, 289.94, -5.94, 0.007, 300.30, 45.05);
insert into SHOT values (3807, 3817, 3824, 1806, 8.440, 200.13, 69.80, 8.445, 200.81, 71.54, 0.258, 12.66, 20.21);
insert into SHOT values (3808, 3824, 3825, 1806, 1.860, 31.73, -8.30, 1.865, 31.71, -8.32, 0.005, 23.33, -16.62);
insert into SHOT values (3809, 3824, 3826, 1806, 1.020, 358.33, -13.10, 1.017, 358.26, -13.07, 0.003, 199.62, 20.18);
insert into SHOT values (3810, 3824, 3827, 1806, 0.550, 312.93, -9.10, 0.551, 312.77, -8.35, 0.007, 272.26, 71.19);
insert into SHOT values (3811, 3824, 3828, 1806, 0.260, 200.53, -10.10, 0.259, 200.56, -8.87, 0.006, 217.68, 86.26);
insert into SHOT values (3812, 3824, 3829, 1806, 0.840, 330.83, 79.30, 0.845, 333.43, 79.32, 0.008, 57.58, 32.89);
insert into SHOT values (3813, 3824, 3830, 1806, 2.920, 276.83, 13.20, 2.973, 278.16, 13.62, 0.087, 332.53, 22.31);
insert into SHOT values (3814, 3830, 3831, 1806, 1.380, 190.33, 1.60, 1.382, 190.01, 1.66, 0.008, 111.42, 10.45);
insert into SHOT values (3815, 3830, 3832, 1806, 2.010, 150.43, -2.90, 2.019, 150.26, -3.12, 0.013, 113.01, -39.06);
insert into SHOT values (3816, 3830, 3833, 1806, 1.670, 117.33, 4.60, 1.673, 117.49, 4.46, 0.007, 167.96, -34.02);
insert into SHOT values (3817, 3830, 3834, 1806, 4.350, 176.03, 69.20, 4.344, 175.91, 69.18, 0.007, 71.95, -63.29);
insert into SHOT values (3818, 3830, 3835, 1806, 0.950, 116.63, -80.10, 0.955, 118.07, -79.75, 0.009, 149.50, -27.77);
insert into SHOT values (3819, 3830, 3836, 1806, 0.420, 23.23, -4.30, 0.417, 24.10, -4.12, 0.007, 135.37, 12.32);
insert into SHOT values (3820, 3830, 3837, 1806, 2.130, 314.33, 17.00, 2.249, 315.00, 17.07, 0.121, 326.89, 17.91);
insert into SHOT values (3821, 3837, 3838, 1806, 0.520, 195.83, -3.60, 0.510, 195.95, -3.37, 0.010, 9.68, 15.72);
insert into SHOT values (3822, 3837, 3839, 1806, 1.680, 297.33, -9.20, 1.681, 297.65, -9.24, 0.009, 20.78, -8.69);
insert into SHOT values (3823, 3837, 3840, 1806, 1.220, 334.03, -78.30, 1.216, 336.50, -78.10, 0.012, 47.71, 22.45);
insert into SHOT values (3824, 3837, 3841, 1806, 0.850, 228.73, 66.60, 0.848, 228.65, 66.88, 0.005, 54.54, -1.14);
insert into SHOT values (3825, 3837, 3842, 1806, 0.690, 294.03, 22.80, 0.691, 294.15, 23.02, 0.003, 44.76, 62.73);
insert into SHOT values (3826, 3837, 3843, 1806, 3.040, 294.03, 23.00, 3.036, 294.09, 23.08, 0.006, 86.14, 20.63);
insert into SHOT values (3827, 3837, 3844, 1806, 1.160, 294.23, 23.00, 1.156, 294.40, 22.90, 0.005, 64.75, -38.42);
insert into SHOT values (3828, 3837, 3845, 1806, 0.410, 191.03, -8.30, 0.401, 190.18, -8.61, 0.011, 42.92, -4.15);
insert into SHOT values (3829, 3837, 3846, 1806, 1.220, 338.43, -86.50, 1.222, 344.05, -86.59, 0.008, 84.31, -17.06);
insert into SHOT values (3830, 3837, 3847, 1806, 2.540, 241.43, 78.30, 2.542, 241.93, 78.42, 0.007, 20.57, 22.37);
insert into SHOT values (3831, 3837, 3848, 1806, 6.440, 294.13, -10.70, 6.506, 295.52, -10.09, 0.182, 358.34, 17.85);
insert into SHOT values (3832, 3848, 3849, 1806, 2.130, 66.43, 3.30, 2.131, 66.45, 3.50, 0.007, 104.93, 82.74);
insert into SHOT values (3833, 3848, 3850, 1806, 3.920, 111.83, 3.10, 3.919, 111.91, 3.22, 0.010, 219.09, 55.07);
insert into SHOT values (3834, 3848, 3851, 1806, 3.180, 155.33, 3.90, 3.185, 155.45, 3.96, 0.009, 210.93, 24.78);
insert into SHOT values (3835, 3848, 3852, 1806, 1.900, 183.23, 8.10, 1.902, 183.35, 8.16, 0.005, 243.76, 27.45);
insert into SHOT values (3836, 3848, 3853, 1806, 0.900, 199.03, 12.10, 0.899, 199.26, 12.19, 0.004, 302.07, 20.56);
insert into SHOT values (3837, 3848, 3854, 1806, 0.630, 215.23, 24.20, 0.636, 215.88, 24.14, 0.009, 265.80, 11.59);
insert into SHOT values (3838, 3848, 3855, 1806, 2.230, 129.63, -45.90, 2.226, 129.76, -45.95, 0.005, 268.63, 15.30);
insert into SHOT values (3839, 3848, 3856, 1806, 8.660, 49.03, 82.60, 8.662, 49.01, 82.62, 0.003, 239.70, 40.01);
insert into SHOT values (3840, 3848, 3857, 1806, 9.120, 110.23, 70.40, 9.128, 110.27, 70.42, 0.009, 195.46, 76.04);
insert into SHOT values (3841, 3848, 3858, 1806, 6.400, 120.43, 67.90, 6.415, 119.47, 69.02, 0.132, 319.65, 27.12);
insert into SHOT values (3842, 3858, 3859, 1806, 2.070, 43.03, -0.30, 2.066, 43.04, -0.28, 0.004, 219.62, 11.79);
insert into SHOT values (3843, 3858, 3860, 1806, 2.460, 12.13, -2.40, 2.458, 12.23, -2.33, 0.005, 130.52, 33.59);
insert into SHOT values (3844, 3858, 3861, 1806, 2.630, 66.43, -2.40, 2.631, 66.46, -2.40, 0.002, 113.56, 4.67);
insert into SHOT values (3845, 3858, 3862, 1806, 7.770, 51.43, -75.80, 7.768, 51.39, -75.79, 0.003, 350.90, 56.51);
insert into SHOT values (3846, 3858, 3863, 1806, 1.580, 323.63, 81.00, 1.580, 323.13, 80.90, 0.004, 285.84, -8.71);
insert into SHOT values (3847, 3858, 3864, 1806, 0.970, 261.33, 0.40, 0.972, 261.12, 0.59, 0.005, 196.12, 39.11);
insert into SHOT values (3848, 3858, 3865, 1806, 0.970, 294.23, -3.90, 0.969, 294.44, -4.14, 0.005, 41.57, -47.05);
insert into SHOT values (3849, 3858, 3866, 1806, 1.410, 222.03, -6.30, 1.410, 222.11, -6.11, 0.005, 300.90, 67.94);
insert into SHOT values (3850, 3858, 3867, 1806, 1.030, 241.03, 3.40, 1.031, 240.95, 3.34, 0.002, 192.51, -27.61);
insert into SHOT values (3851, 3858, 3868, 1806, 3.990, 231.33, 39.30, 3.960, 232.37, 40.08, 0.083, 7.73, 15.93);
insert into SHOT values (3852, 3868, 3869, 1806, 2.050, 77.33, -9.80, 2.049, 77.41, -9.84, 0.003, 196.85, -18.80);
insert into SHOT values (3853, 3868, 3870, 1806, 2.290, 43.43, -3.70, 2.290, 43.40, -3.76, 0.003, 294.39, -61.98);
insert into SHOT values (3854, 3868, 3871, 1806, 2.560, 285.23, 15.60, 2.562, 285.28, 15.62, 0.003, 337.18, 33.33);
insert into SHOT values (3855, 3868, 3872, 1806, 1.320, 328.83, 9.40, 1.329, 328.74, 9.53, 0.009, 313.52, 28.03);
insert into SHOT values (3856, 3868, 3873, 1806, 1.490, 291.53, -71.40, 1.491, 291.80, -71.03, 0.010, 305.15, 12.66);
insert into SHOT values (3857, 3868, 3874, 1806, 7.320, 282.33, 72.50, 7.388, 283.49, 72.08, 0.098, 315.13, 30.00);
insert into SHOT values (3858, 3874, 3875, 1806, 0.320, 91.83, -1.40, 0.320, 91.79, -1.79, 0.002, 48.80, -81.03);
insert into SHOT values (3859, 3874, 3876, 1806, 0.570, 266.93, 25.30, 0.564, 267.75, 25.18, 0.010, 31.18, -22.08);
insert into SHOT values (3860, 3874, 3877, 1806, 1.470, 181.33, 29.40, 1.469, 181.34, 29.35, 0.002, 325.71, -75.89);
insert into SHOT values (3861, 3874, 3878, 1806, 2.100, 198.73, 74.10, 2.089, 198.43, 74.19, 0.012, 44.50, -54.90);
insert into SHOT values (3862, 3874, 3879, 1806, 0.960, 333.83, 3.30, 0.958, 333.97, 2.99, 0.006, 93.77, -63.10);
insert into SHOT values (3863, 3874, 3880, 1806, 1.460, 311.53, 6.80, 1.462, 311.93, 6.68, 0.011, 30.88, -15.68);
insert into SHOT values (3864, 3874, 3881, 1806, 2.930, 290.63, 19.00, 2.928, 290.73, 18.93, 0.006, 35.10, -39.96);
insert into SHOT values (3865, 3874, 3882, 1806, 0.580, 290.73, 18.80, 0.577, 291.41, 18.19, 0.010, 31.87, -46.18);
insert into SHOT values (3866, 3874, 3883, 1806, 2.950, 290.33, 19.00, 2.945, 290.39, 19.02, 0.006, 81.30, -4.38);
insert into SHOT values (3867, 3874, 3884, 1806, 0.350, 173.73, 4.40, 0.343, 173.29, 3.34, 0.010, 15.43, -43.82);
insert into SHOT values (3868, 3874, 3885, 1806, 0.350, 344.63, -1.90, 0.352, 345.17, -3.25, 0.009, 45.05, -65.52);
insert into SHOT values (3869, 3874, 3886, 1806, 1.390, 349.43, -78.60, 1.397, 349.51, -78.67, 0.007, 102.11, -86.93);
insert into SHOT values (3870, 3874, 3887, 1806, 1.230, 264.53, 79.20, 1.222, 265.03, 79.11, 0.008, 343.81, -76.03);
insert into SHOT values (3871, 3874, 3888, 1806, 4.170, 272.43, 38.20, 4.219, 273.81, 38.39, 0.094, 342.24, 25.88);
insert into SHOT values (3872, 3888, 3889, 1806, 0.740, 1.23, -2.80, 0.731, 1.57, -3.14, 0.011, 155.33, -21.37);
insert into SHOT values (3873, 3888, 3890, 1806, 2.360, 315.23, 4.50, 2.362, 315.17, 4.37, 0.006, 263.62, -58.69);
insert into SHOT values (3874, 3888, 3891, 1806, 3.150, 287.53, 6.90, 3.147, 287.51, 6.75, 0.009, 136.46, -71.66);
insert into SHOT values (3875, 3888, 3892, 1806, 2.510, 107.93, -9.80, 2.510, 108.14, -9.86, 0.009, 200.82, -17.00);
insert into SHOT values (3876, 3888, 3893, 1806, 14.660, 352.73, 82.30, 14.651, 352.66, 82.33, 0.012, 190.07, -42.30);
insert into SHOT values (3877, 3888, 3894, 1806, 6.390, 310.83, 33.00, 6.385, 310.83, 33.03, 0.006, 129.52, -2.21);
insert into SHOT values (3878, 3888, 3895, 1806, 8.140, 318.63, 50.00, 8.133, 318.57, 49.99, 0.009, 196.66, -38.58);
insert into SHOT values (3879, 3888, 3896, 1806, 5.380, 324.63, 40.50, 5.506, 325.14, 40.01, 0.139, 341.28, 19.35);
insert into SHOT values (3880, 3896, 3897, 1806, 1.170, 178.63, 0.20, 1.170, 178.53, 0.49, 0.006, 99.36, 70.50);
insert into SHOT values (3881, 3896, 3898, 1806, 2.130, 181.43, -86.80, 2.123, 180.00, -86.76, 0.007, 110.95, 64.53);
insert into SHOT values (3882, 3896, 3899, 1806, 9.060, 290.93, 82.70, 9.063, 290.97, 82.74, 0.006, 103.73, 32.54);
insert into SHOT values (3883, 3896, 3900, 1806, 6.230, 121.03, -1.70, 6.233, 121.01, -1.65, 0.006, 86.39, 50.35);
insert into SHOT values (3884, 3896, 3901, 1806, 7.960, 296.93, 75.30, 8.031, 298.12, 74.52, 0.137, 316.85, 17.28);
insert into SHOT values (3885, 3901, 3902, 1806, 0.420, 42.83, -2.50, 0.418, 42.09, -2.74, 0.006, 293.47, -16.31);
insert into SHOT values (3886, 3901, 3903, 1806, 3.700, 27.13, -87.80, 3.703, 24.78, -87.78, 0.007, 306.98, -24.53);
insert into SHOT values (3887, 3901, 3904, 1806, 1.260, 261.03, -31.30, 1.269, 260.97, -31.35, 0.009, 251.63, -38.10);
insert into SHOT values (3888, 3901, 3905, 1806, 4.600, 256.63, 76.60, 4.596, 256.48, 76.54, 0.007, 218.89, -46.47);
insert into SHOT values (3889, 3901, 3906, 1806, 3.100, 232.73, 69.00, 3.114, 234.40, 69.66, 0.050, 5.48, 31.11);
insert into SHOT values (3890, 3906, 3907, 1806, 0.410, 292.53, 4.00, 0.413, 292.83, 4.16, 0.004, 325.84, 19.50);
insert into SHOT values (3891, 3906, 3908, 1806, 0.720, 238.23, 80.40, 0.721, 241.39, 79.99, 0.009, 292.12, 0.56);
insert into SHOT values (3892, 3906, 3909, 1806, 1.620, 152.53, -61.00, 1.611, 152.45, -61.10, 0.010, 341.71, 43.64);
insert into SHOT values (3893, 3906, 3910, 1806, 5.020, 213.33, 23.00, 4.941, 214.36, 23.88, 0.137, 355.26, 16.36);
insert into SHOT values (3894, 3910, 3911, 1806, 1.300, 311.93, -2.10, 1.297, 312.18, -2.21, 0.007, 73.95, -19.34);
insert into SHOT values (3895, 3910, 3912, 1806, 1.650, 331.03, -0.20, 1.642, 331.25, -0.35, 0.011, 111.31, -23.41);
insert into SHOT values (3896, 3910, 3913, 1806, 1.880, 354.13, 1.00, 1.880, 354.20, 0.91, 0.004, 86.43, -52.18);
insert into SHOT values (3897, 3910, 3914, 1806, 1.170, 35.33, 1.90, 1.169, 35.59, 1.96, 0.006, 136.73, 12.47);
insert into SHOT values (3898, 3910, 3915, 1806, 0.520, 92.43, 1.10, 0.520, 92.20, 1.10, 0.002, 15.31, 0.46);
insert into SHOT values (3899, 3910, 3916, 1806, 1.670, 285.13, -22.00, 1.666, 285.03, -22.21, 0.008, 131.71, -34.93);
insert into SHOT values (3900, 3910, 3917, 1806, 4.200, 333.13, 76.50, 4.197, 333.43, 76.44, 0.007, 30.08, -32.49);
insert into SHOT values (3901, 3910, 3918, 1806, 3.730, 33.33, -34.70, 3.729, 33.43, -34.65, 0.006, 113.48, 32.37);
insert into SHOT values (3902, 3910, 3919, 1806, 7.310, 281.73, 69.50, 7.370, 283.03, 69.20, 0.093, 327.97, 27.65);
insert into SHOT values (3903, 3919, 3920, 1806, 0.760, 221.83, 0.00, 0.765, 221.82, 0.00, 0.005, 219.98, 0.00);
insert into SHOT values (3904, 3919, 3921, 1806, 2.880, 273.23, -0.50, 2.885, 273.18, -0.40, 0.007, 243.26, 44.34);
insert into SHOT values (3905, 3919, 3922, 1806, 2.430, 265.23, -50.00, 2.431, 265.24, -49.92, 0.004, 267.24, 23.42);
insert into SHOT values (3906, 3919, 3923, 1806, 3.390, 149.33, -5.40, 3.395, 149.41, -5.41, 0.007, 191.51, -7.67);
insert into SHOT values (3907, 3919, 3924, 1806, 1.780, 173.03, -5.90, 1.782, 173.20, -5.80, 0.006, 242.42, 28.76);
insert into SHOT values (3908, 3919, 3925, 1806, 4.960, 223.83, 85.00, 4.959, 224.06, 85.01, 0.002, 341.48, -30.06);
insert into SHOT values (3909, 3919, 3926, 1806, 3.140, 285.33, 26.10, 3.210, 286.55, 26.25, 0.093, 331.41, 24.48);
insert into SHOT values (3910, 3926, 3927, 1806, 1.110, 95.43, -5.30, 1.110, 95.71, -5.17, 0.006, 183.10, 25.20);
insert into SHOT values (3911, 3926, 3928, 1806, 0.670, 52.93, 7.70, 0.662, 52.43, 7.81, 0.010, 268.77, 1.34);
insert into SHOT values (3912, 3926, 3929, 1806, 1.410, 289.33, -2.50, 1.409, 289.08, -2.44, 0.007, 186.92, 13.28);
insert into SHOT values (3913, 3926, 3930, 1806, 0.160, 319.53, -2.80, 0.163, 317.49, -3.52, 0.007, 255.90, -18.64);
insert into SHOT values (3914, 3926, 3931, 1806, 0.770, 317.73, -4.30, 0.767, 317.12, -4.49, 0.009, 203.44, -14.23);
insert into SHOT values (3915, 3926, 3932, 1806, 3.220, 24.53, -86.90, 3.214, 25.02, -87.05, 0.010, 195.29, 31.22);
insert into SHOT values (3916, 3926, 3933, 1806, 3.220, 147.33, 87.30, 3.224, 148.39, 87.29, 0.005, 219.03, 50.22);
insert into SHOT values (3917, 3926, 3934, 1806, 7.370, 291.83, 83.50, 7.430, 293.84, 82.73, 0.120, 309.19, 23.23);
insert into SHOT values (3918, 3934, 3935, 1806, 0.340, 17.53, -41.70, 0.340, 16.26, -42.61, 0.008, 252.30, -29.36);
insert into SHOT values (3919, 3934, 3936, 1806, 0.760, 219.23, -38.00, 0.766, 218.96, -37.87, 0.007, 191.36, -18.61);
insert into SHOT values (3920, 3934, 3937, 1806, 12.120, 128.33, -47.20, 12.119, 128.34, -47.18, 0.004, 172.43, 46.69);
insert into SHOT values (3921, 3934, 3938, 1806, 1.840, 125.83, -58.70, 1.836, 126.03, -58.77, 0.005, 265.45, 23.74);
insert into SHOT values (3922, 3934, 3939, 1806, 4.600, 140.43, -70.90, 4.601, 140.68, -70.98, 0.009, 272.04, -20.16);
insert into SHOT values (3923, 3934, 3940, 1806, 4.990, 283.93, -39.10, 4.992, 283.89, -39.12, 0.004, 211.39, -46.49);
insert into SHOT values (3924, 3934, 3941, 1806, 4.990, 282.53, -40.80, 4.992, 282.53, -40.78, 0.003, 277.98, 12.27);
insert into SHOT values (3925, 3934, 3942, 1806, 0.810, 260.13, 4.50, 0.814, 260.07, 4.23, 0.006, 250.08, -36.92);
insert into SHOT values (3926, 3934, 3943, 1806, 2.200, 305.73, 26.30, 2.204, 305.54, 26.12, 0.010, 258.72, -27.41);
insert into SHOT values (3927, 3934, 3944, 1806, 4.520, 292.03, 20.80, 4.611, 293.11, 20.97, 0.122, 337.65, 21.60);
insert into SHOT values (3928, 3944, 3945, 1806, 0.500, 198.43, 7.20, 0.500, 198.80, 6.89, 0.004, 280.93, -39.67);
insert into SHOT values (3929, 3944, 3946, 1806, 3.810, 350.83, -83.70, 3.813, 350.31, -83.74, 0.005, 230.95, -34.61);
insert into SHOT values (3930, 3944, 3947, 1806, 2.420, 242.93, 85.10, 2.419, 240.95, 85.12, 0.007, 145.59, -9.12);
insert into SHOT values (3931, 3944, 3948, 1806, 2.870, 301.43, 12.40, 2.971, 302.32, 12.64, 0.111, 326.56, 17.68);
insert into SHOT values (3932, 3948, 3949, 1806, 0.440, 183.33, 2.90, 0.441, 182.60, 2.60, 0.006, 103.27, -21.66);
insert into SHOT values (3933, 3948, 3950, 1806, 2.520, 322.43, -87.70, 2.522, 323.13, -87.73, 0.003, 95.51, -50.59);
insert into SHOT values (3934, 3948, 3951, 1806, 4.500, 303.03, 85.70, 4.492, 302.74, 85.75, 0.009, 143.81, -56.47);
insert into SHOT values (3935, 3948, 3952, 1806, 2.320, 290.83, 3.60, 2.315, 290.79, 3.47, 0.008, 130.21, -46.89);
insert into SHOT values (3936, 3948, 3953, 1806, 3.110, 302.43, 38.60, 3.107, 302.38, 38.63, 0.004, 157.61, -4.03);
insert into SHOT values (3937, 3948, 3954, 1806, 3.860, 298.13, 47.00, 3.856, 298.12, 46.99, 0.004, 129.23, -57.05);
insert into SHOT values (3938, 3948, 3955, 1806, 4.730, 295.43, 52.40, 4.817, 296.48, 52.08, 0.106, 331.56, 29.77);
insert into SHOT values (3939, 3955, 3956, 1806, 0.350, 76.73, 10.40, 0.354, 76.76, 9.75, 0.006, 78.64, -32.28);
insert into SHOT values (3940, 3955, 3957, 1806, 0.460, 124.03, 6.90, 0.458, 123.34, 6.27, 0.008, 15.51, -42.28);
insert into SHOT values (3941, 3955, 3958, 1806, 3.740, 134.73, -77.30, 3.743, 134.51, -77.23, 0.006, 102.69, -13.97);
insert into SHOT values (3942, 3955, 3959, 1806, 1.080, 308.93, -18.30, 1.078, 309.45, -18.38, 0.010, 53.48, -5.34);
insert into SHOT values (3943, 3955, 3960, 1806, 1.060, 300.73, -49.40, 1.061, 300.68, -49.74, 0.006, 130.46, -53.17);
insert into SHOT values (3944, 3955, 3961, 1806, 2.370, 344.63, 35.50, 2.521, 344.82, 35.12, 0.152, 347.52, 29.06);
insert into SHOT values (3945, 3961, 3962, 1806, 0.400, 236.93, -3.00, 0.397, 236.31, -2.89, 0.005, 113.30, 10.24);
insert into SHOT values (3946, 3961, 3963, 1806, 1.280, 300.73, 75.50, 1.279, 300.65, 75.80, 0.007, 124.57, 6.61);
insert into SHOT values (3947, 3961, 3964, 1806, 0.960, 345.13, -85.70, 0.963, 351.87, -85.79, 0.009, 87.09, -17.67);
insert into SHOT values (3948, 3961, 3965, 1806, 3.750, 316.13, 23.40, 3.874, 316.94, 23.26, 0.133, 339.27, 17.76);
insert into SHOT values (3949, 3965, 3966, 1806, 0.300, 17.23, -0.30, 0.294, 17.82, 0.00, 0.007, 170.19, 13.33);
insert into SHOT values (3950, 3965, 3967, 1806, 0.670, 322.73, -65.90, 0.667, 321.01, -66.11, 0.009, 209.31, 10.24);
insert into SHOT values (3951, 3965, 3968, 1806, 0.520, 3.33, 76.70, 0.522, 5.19, 77.78, 0.011, 162.08, 21.73);
insert into SHOT values (3952, 3965, 3969, 1806, 3.150, 312.33, 25.40, 3.276, 313.08, 25.49, 0.132, 331.46, 26.48);
insert into SHOT values (3953, 3969, 3970, 1806, 0.440, 191.03, 3.20, 0.438, 190.54, 2.62, 0.006, 73.61, -47.11);
insert into SHOT values (3954, 3969, 3971, 1806, 0.820, 190.73, -74.40, 0.821, 190.30, -74.20, 0.004, 162.36, -3.37);
insert into SHOT values (3955, 3969, 3972, 1806, 0.890, 227.03, 69.20, 0.889, 226.27, 69.02, 0.005, 164.63, -22.75);
insert into SHOT values (3956, 3969, 3973, 1806, 3.510, 306.83, 17.00, 3.617, 307.60, 17.04, 0.116, 331.38, 16.87);
insert into SHOT values (3957, 3973, 3974, 1806, 0.370, 49.33, -10.30, 0.374, 49.40, -9.24, 0.008, 54.51, 52.27);
insert into SHOT values (3958, 3973, 3975, 1806, 0.460, 62.83, 67.80, 0.466, 63.43, 67.41, 0.007, 83.21, 37.17);
insert into SHOT values (3959, 3973, 3976, 1806, 0.830, 162.43, -85.90, 0.822, 158.20, -86.24, 0.010, 17.62, 48.78);
insert into SHOT values (3960, 3973, 3977, 1806, 2.970, 289.83, 23.20, 2.973, 289.89, 23.18, 0.004, 331.86, -0.10);
insert into SHOT values (3961, 3973, 3978, 1806, 2.320, 296.43, 24.50, 2.421, 297.61, 24.65, 0.111, 323.42, 25.61);
insert into SHOT values (3962, 3978, 3979, 1806, 0.930, 231.13, 4.80, 0.928, 231.15, 4.95, 0.003, 44.95, 44.77);
insert into SHOT values (3963, 3978, 3980, 1806, 0.380, 279.23, 1.10, 0.375, 279.21, 1.53, 0.006, 100.77, 27.95);
insert into SHOT values (3964, 3978, 3981, 1806, 0.660, 280.23, -60.00, 0.656, 280.62, -60.27, 0.005, 73.80, 17.67);
insert into SHOT values (3965, 3978, 3982, 1806, 11.960, 282.83, 68.10, 11.963, 282.82, 68.10, 0.003, 212.73, 74.07);
insert into SHOT values (3966, 3978, 3983, 1806, 4.430, 264.53, 56.20, 4.469, 265.83, 56.35, 0.069, 342.94, 34.04);
insert into SHOT values (3967, 3983, 3984, 1806, 2.150, 316.13, 7.60, 2.149, 316.33, 7.76, 0.010, 62.32, 36.09);
insert into SHOT values (3968, 3983, 3985, 1806, 1.430, 2.33, 3.20, 1.433, 2.40, 3.20, 0.004, 29.18, 2.57);
insert into SHOT values (3969, 3983, 3986, 1806, 2.220, 87.73, 5.10, 2.221, 87.67, 5.17, 0.004, 11.81, 46.19);
insert into SHOT values (3970, 3983, 3987, 1806, 3.410, 152.33, 4.60, 3.411, 152.30, 4.71, 0.007, 78.26, 75.32);
insert into SHOT values (3971, 3983, 3988, 1806, 4.340, 174.23, 3.80, 4.342, 174.17, 3.83, 0.006, 107.05, 25.36);
insert into SHOT values (3972, 3983, 3989, 1806, 3.120, 151.33, -2.90, 3.119, 151.21, -2.76, 0.010, 51.97, 50.23);
insert into SHOT values (3973, 3983, 3990, 1806, 2.290, 165.53, -5.00, 2.290, 165.54, -4.76, 0.010, 177.65, 83.68);
insert into SHOT values (3974, 3983, 3991, 1806, 2.170, 186.03, -1.10, 2.172, 185.82, -1.06, 0.009, 106.80, 11.24);
insert into SHOT values (3975, 3983, 3992, 1806, 1.780, 207.83, -2.70, 1.778, 207.86, -2.58, 0.005, 3.02, 58.63);
insert into SHOT values (3976, 3983, 3993, 1806, 3.090, 129.53, -50.70, 3.087, 129.39, -50.73, 0.006, 5.10, 11.44);
insert into SHOT values (3977, 3983, 3994, 1806, 15.840, 157.13, 83.20, 15.842, 157.12, 83.19, 0.003, 148.62, 32.76);
insert into SHOT values (3978, 3983, 3995, 1806, 6.530, 136.93, 50.80, 6.536, 136.87, 50.87, 0.011, 18.63, 60.94);
insert into SHOT values (3979, 3983, 3996, 1806, 11.740, 103.43, 74.70, 11.748, 103.41, 74.68, 0.009, 93.29, 41.54);
insert into SHOT values (3980, 3983, 3997, 1806, 9.900, 201.93, 73.30, 9.917, 202.60, 75.26, 0.340, 16.68, 18.44);
insert into SHOT values (3981, 3997, 3998, 1806, 2.060, 320.33, 4.30, 2.059, 320.34, 4.46, 0.006, 134.02, 72.25);
insert into SHOT values (3982, 3997, 3999, 1806, 2.460, 348.03, 2.40, 2.466, 348.05, 2.56, 0.009, 356.65, 51.32);
insert into SHOT values (3983, 3997, 4000, 1806, 4.080, 11.83, -6.60, 4.083, 11.81, -6.61, 0.003, 341.95, -17.68);
insert into SHOT values (3984, 3997, 4001, 1806, 4.720, 70.43, -0.60, 4.722, 70.45, -0.61, 0.003, 105.02, -10.99);
insert into SHOT values (3985, 3997, 4002, 1806, 6.690, 46.63, 59.80, 6.698, 46.68, 59.82, 0.009, 102.78, 65.00);
insert into SHOT values (3986, 3997, 4003, 1806, 8.410, 54.73, 88.00, 8.471, 50.71, 87.11, 0.146, 41.95, 22.19);
insert into SHOT values (3987, 4003, 4004, 1806, 1.890, 52.73, -8.00, 1.889, 52.82, -8.22, 0.008, 170.58, -64.06);
insert into SHOT values (3988, 4003, 4005, 1806, 0.980, 353.23, 4.00, 0.979, 352.95, 3.51, 0.010, 260.51, -59.86);
insert into SHOT values (3989, 4003, 4006, 1806, 0.910, 252.73, 18.90, 0.914, 253.24, 18.50, 0.011, 305.26, -26.31);
insert into SHOT values (3990, 4003, 4007, 1806, 1.310, 286.53, 13.50, 1.316, 286.31, 13.17, 0.011, 254.46, -32.32);
insert into SHOT values (3991, 4003, 4008, 1806, 1.230, 255.33, -34.40, 1.240, 255.28, -34.37, 0.010, 249.81, -30.27);
insert into SHOT values (3992, 4003, 4009, 1806, 2.720, 264.63, 47.00, 2.715, 264.75, 46.82, 0.010, 318.82, -63.10);
insert into SHOT values (3993, 4003, 4010, 1806, 3.290, 286.23, 54.60, 3.361, 287.51, 54.31, 0.085, 324.98, 34.59);
insert into SHOT values (3994, 4010, 4011, 1806, 1.180, 154.23, 20.30, 1.183, 154.36, 20.29, 0.004, 198.51, 9.92);
insert into SHOT values (3995, 4010, 4012, 1806, 0.320, 6.93, 27.00, 0.319, 6.12, 28.04, 0.007, 235.45, 41.40);
insert into SHOT values (3996, 4010, 4013, 1806, 0.800, 117.43, 2.30, 0.801, 117.53, 2.15, 0.003, 163.22, -49.18);
insert into SHOT values (3997, 4010, 4014, 1806, 1.470, 105.83, -78.80, 1.467, 106.50, -78.94, 0.006, 245.85, 21.29);
insert into SHOT values (3998, 4010, 4015, 1806, 0.850, 44.43, 88.00, 0.850, 45.00, 88.09, 0.002, 212.96, 20.17);
insert into SHOT values (3999, 4010, 4016, 1806, 1.330, 255.53, 81.70, 1.375, 267.14, 81.62, 0.060, 339.63, 47.33);
insert into SHOT values (4000, 4016, 4017, 1806, 0.500, 17.73, -3.50, 0.497, 18.80, -3.46, 0.010, 123.80, 3.12);
insert into SHOT values (4001, 4016, 4018, 1806, 0.570, 319.73, -6.80, 0.564, 320.06, -6.11, 0.010, 107.74, 50.72);
insert into SHOT values (4002, 4016, 4019, 1806, 0.840, 253.53, -5.00, 0.838, 253.30, -4.79, 0.005, 138.33, 40.76);
insert into SHOT values (4003, 4016, 4020, 1806, 1.200, 190.73, -2.20, 1.201, 190.56, -1.91, 0.007, 119.44, 58.06);
insert into SHOT values (4004, 4016, 4021, 1806, 2.270, 335.43, 28.20, 2.421, 335.96, 28.10, 0.152, 343.68, 26.33);
insert into SHOT values (4005, 4021, 4022, 1806, 0.770, 226.93, 6.80, 0.776, 226.58, 6.66, 0.008, 190.33, -8.31);
insert into SHOT values (4006, 4021, 4023, 1806, 0.480, 357.43, -85.00, 0.482, 0.00, -85.24, 0.003, 133.72, -35.15);
insert into SHOT values (4007, 4021, 4024, 1806, 0.700, 99.43, -25.00, 0.706, 99.90, -25.13, 0.008, 145.41, -29.62);
insert into SHOT values (4008, 4021, 4025, 1806, 0.250, 31.73, 71.70, 0.251, 33.69, 73.28, 0.007, 190.76, 21.00);
insert into SHOT values (4009, 4021, 4026, 1806, 2.770, 23.23, -20.30, 2.864, 22.67, -19.58, 0.104, 8.43, 0.56);
insert into SCRAPS values (1808, 1802, 'SP-Valombre-1', 1, 29.14879, 1.93777);
 insert into SCRAPS values (1844, 1802, 'SP-Valombre-3', 1, 25.67989, 2.29962);
 insert into SCRAPS values (1866, 1802, 'SP-Valombre-4', 1, 45.31883, 3.27213);
 insert into SCRAPS values (1884, 1802, 'SP-Valombre-5', 1, 54.24414, 3.75793);
 insert into SCRAPS values (1897, 1802, 'SP-Valombre-8', 1, 3.75375, 0.66043);
 insert into SCRAPS values (1911, 1802, 'SP-Valombre-9', 1, 6.64927, 0.63566);
 insert into SCRAPS values (1926, 1802, 'SP-Valombre-10', 1, 18.22649, 1.29320);
 insert into SCRAPS values (1941, 1802, 'SP-Valombre-11', 1, 7.06749, 0.54298);
 insert into SCRAPS values (1961, 1802, 'SP-Valombre-12', 1, 47.41722, 3.14498);
 insert into SCRAPS values (1976, 1802, 'SP-Valombre-6', 1, 11.63265, 0.44875);
 insert into SCRAPS values (1996, 1802, 'SP-Valombre-2', 1, 18.20281, 1.22443);
 insert into SCRAPS values (2028, 1802, 'SP-Valombre-7', 1, 3.59896, 0.81612);
 insert into SCRAPS values (2042, 1802, 'SC-Valombre-1', 2, 26.98552, 0.43277);
 insert into SCRAPS values (2122, 1802, 'SC-Valombre-2', 2, 98.44978, 0.82977);
 insert into MAPS values (2216, 1802, 'MP-Valombre-plan-tot', 'Valombre', 1, 520.000, -333.490);
 insert into MAPITEMS values (2216, 4, 1808);
 insert into MAPITEMS values (2216, 4, 1996);
 insert into MAPITEMS values (2216, 4, 1844);
 insert into MAPITEMS values (2216, 4, 1866);
 insert into MAPITEMS values (2216, 4, 1884);
 insert into MAPITEMS values (2216, 4, 1976);
 insert into MAPITEMS values (2216, 4, 2028);
 insert into MAPITEMS values (2216, 4, 1897);
 insert into MAPITEMS values (2216, 4, 1911);
 insert into MAPITEMS values (2216, 4, 1926);
 insert into MAPITEMS values (2216, 4, 1941);
 insert into MAPITEMS values (2216, 4, 1961);
 insert into MAPS values (2217, 1802, 'MC-Valombre-coupe-tot', 'Valombre', 2, 520.000, -333.490);
 insert into MAPITEMS values (2217, 4, 2042);
 insert into MAPITEMS values (2217, 4, 2122);
 insert into SURVEY values (2219, 58, 'Corneilles', 'Corneilles.Ded', 'Corneilles');
 insert into CENTRELINE values (2220, 2219, NULL, NULL, NULL, 0.00, 0.00, 0.00);
 insert into SURVEY values (2221, 2219, 'Corneilles', 'Corneilles.Corneilles.Ded', 'Corneilles');
 insert into CENTRELINE values (2222, 2221, NULL, NULL, NULL, 0.00, 0.00, 0.00);
 insert into CENTRELINE values (2223, 2221, NULL, '2022-04-17', NULL, 70.80, 0.00, 0.00);
 insert into TOPO values (2, 2223);
 insert into TOPO values (35, 2223);
 insert into SHOT values (4010, 4027, 4028, 2223, 1.550, 147.63, -85.40, 1.545, 145.01, -85.47, 0.008, 34.62, 39.55);
insert into SHOT values (4011, 4027, 4029, 2223, 2.770, 114.43, -73.60, 2.772, 114.26, -73.68, 0.005, 328.99, -33.91);
insert into SHOT values (4012, 4027, 4030, 2223, 2.910, 137.03, -79.60, 2.908, 136.55, -79.63, 0.005, 23.87, 24.66);
insert into SHOT values (4013, 4027, 4031, 2223, 0.230, 338.13, -18.70, 0.226, 338.20, -18.00, 0.004, 152.03, 56.61);
insert into SHOT values (4014, 4027, 4032, 2223, 0.430, 274.43, -8.50, 0.425, 274.09, -8.11, 0.006, 125.34, 35.92);
insert into SHOT values (4015, 4027, 4033, 2223, 0.510, 69.23, -14.60, 0.511, 68.63, -14.74, 0.005, 343.71, -15.57);
insert into SHOT values (4016, 4027, 4034, 2223, 0.920, 335.73, 40.60, 0.924, 335.62, 40.49, 0.004, 318.26, 16.65);
insert into SHOT values (4017, 4034, 4035, 2223, 0.230, 126.63, 17.30, 0.233, 125.84, 17.50, 0.004, 74.91, 22.32);
insert into SHOT values (4018, 4034, 4036, 2223, 2.100, 281.93, 62.90, 2.098, 282.14, 63.04, 0.006, 69.29, 4.94);
insert into SHOT values (4019, 4034, 4037, 2223, 0.900, 222.63, 8.50, 0.901, 222.27, 8.29, 0.007, 150.96, -27.47);
insert into SHOT values (4020, 4034, 4038, 2223, 0.660, 110.03, -60.20, 0.658, 109.54, -60.01, 0.004, 38.11, 42.51);
insert into SHOT values (4021, 4034, 4039, 2223, 1.880, 56.83, -2.50, 1.879, 56.73, -2.44, 0.004, 317.75, 32.22);
insert into SHOT values (4022, 4034, 4040, 2223, 1.490, 57.03, -2.50, 1.491, 57.06, -2.31, 0.005, 95.39, 76.85);
insert into SHOT values (4023, 4034, 4041, 2223, 1.490, 56.93, -2.50, 1.491, 57.06, -2.31, 0.006, 131.60, 55.39);
insert into SHOT values (4024, 4041, 4042, 2223, 0.380, 217.93, 44.50, 0.375, 218.99, 43.90, 0.008, 318.08, -51.28);
insert into SHOT values (4025, 4041, 4043, 2223, 0.560, 324.53, 61.30, 0.560, 323.97, 60.96, 0.004, 284.02, -16.47);
insert into SHOT values (4026, 4041, 4044, 2223, 0.170, 22.83, 13.30, 0.164, 21.80, 10.52, 0.010, 239.36, -61.88);
insert into SHOT values (4027, 4041, 4045, 2223, 3.480, 22.53, 13.50, 3.485, 22.55, 13.44, 0.006, 38.42, -23.11);
insert into SHOT values (4028, 4045, 4046, 2223, 12.060, 272.13, 77.80, 12.063, 272.02, 77.79, 0.006, 214.24, 22.69);
insert into SHOT values (4029, 4045, 4047, 2223, 2.900, 264.83, 1.20, 2.902, 264.86, 1.18, 0.003, 298.44, -14.82);
insert into SHOT values (4030, 4045, 4048, 2223, 2.150, 248.13, -1.50, 2.155, 248.20, -1.60, 0.007, 276.74, -34.22);
insert into SHOT values (4031, 4045, 4049, 2223, 4.070, 222.03, -4.40, 4.076, 222.01, -4.36, 0.007, 208.93, 19.07);
insert into SHOT values (4032, 4045, 4050, 2223, 2.270, 190.33, -6.60, 2.272, 190.46, -6.57, 0.006, 254.42, 8.73);
insert into SHOT values (4033, 4045, 4051, 2223, 1.960, 171.83, -4.70, 1.965, 172.08, -4.67, 0.010, 229.94, 3.44);
insert into SHOT values (4034, 4045, 4052, 2223, 2.330, 233.13, -64.30, 2.332, 233.02, -64.23, 0.004, 204.16, -6.85);
insert into SHOT values (4035, 4045, 4053, 2223, 5.320, 237.13, 46.20, 5.325, 237.17, 46.15, 0.007, 258.58, 1.80);
insert into SHOT values (4036, 4045, 4054, 2223, 4.750, 215.93, 69.00, 4.747, 215.93, 68.96, 0.005, 215.57, -66.26);
insert into SHOT values (4037, 4045, 4055, 2223, 6.320, 264.13, 60.10, 6.324, 264.00, 60.05, 0.010, 218.16, 7.02);
insert into SHOT values (4038, 4045, 4056, 2223, 15.240, 307.93, 83.90, 15.236, 307.72, 83.90, 0.007, 205.55, -31.52);
insert into SHOT values (4039, 4045, 4057, 2223, 4.140, 226.63, -7.40, 4.145, 226.68, -7.48, 0.009, 263.34, -50.23);
insert into SHOT values (4040, 4057, 4058, 2223, 1.190, 15.53, 1.10, 1.184, 15.68, 1.45, 0.010, 166.99, 47.68);
insert into SHOT values (4041, 4057, 4059, 2223, 11.220, 8.43, 71.90, 11.225, 8.41, 71.90, 0.006, 332.84, 68.13);
insert into SHOT values (4042, 4057, 4060, 2223, 3.870, 41.03, 0.70, 3.870, 41.02, 0.74, 0.003, 343.25, 73.46);
insert into SHOT values (4043, 4057, 4061, 2223, 3.910, 71.23, -2.20, 3.908, 71.33, -2.20, 0.007, 174.54, 0.76);
insert into SHOT values (4044, 4057, 4062, 2223, 0.800, 308.83, -10.20, 0.795, 308.77, -10.14, 0.005, 137.46, 18.51);
insert into SHOT values (4045, 4057, 4063, 2223, 1.130, 328.03, 4.00, 1.121, 328.16, 4.09, 0.009, 132.36, 7.21);
insert into SHOT values (4046, 4057, 4064, 2223, 0.890, 341.13, -59.10, 0.886, 340.77, -59.07, 0.005, 221.15, 48.10);
insert into SHOT values (4047, 4057, 4065, 2223, 6.560, 293.63, 70.30, 6.561, 293.54, 70.38, 0.010, 136.80, 24.47);
insert into SHOT values (4048, 4065, 4066, 2223, 0.290, 162.93, -2.60, 0.282, 163.50, -2.03, 0.009, 323.98, 20.20);
insert into SHOT values (4049, 4065, 4067, 2223, 0.510, 23.13, 1.60, 0.511, 23.05, 2.24, 0.006, 347.96, 78.22);
insert into SHOT values (4050, 4065, 4068, 2223, 0.440, 103.83, 3.60, 0.433, 103.39, 3.97, 0.008, 307.78, 16.32);
insert into SHOT values (4051, 4065, 4069, 2223, 0.410, 126.03, 72.90, 0.406, 127.87, 73.70, 0.008, 276.93, -13.95);
insert into SHOT values (4052, 4065, 4070, 2223, 2.100, 281.83, 56.30, 2.102, 281.89, 56.35, 0.003, 20.47, 67.01);
insert into SHOT values (4053, 4070, 4071, 2223, 0.210, 20.33, 3.70, 0.212, 19.29, 2.70, 0.006, 321.23, -38.42);
insert into SHOT values (4054, 4070, 4072, 2223, 0.620, 174.83, -11.80, 0.616, 175.24, -12.18, 0.007, 313.29, -26.45);
insert into SHOT values (4055, 4070, 4073, 2223, 0.750, 221.73, -88.70, 0.750, 243.43, -88.29, 0.009, 287.28, -1.22);
insert into SHOT values (4056, 4070, 4074, 2223, 0.350, 137.63, 72.10, 0.347, 138.81, 72.14, 0.004, 258.15, -50.15);
insert into SHOT values (4057, 4070, 4075, 2223, 2.040, 269.33, 49.80, 2.044, 269.57, 49.76, 0.007, 328.24, 16.23);
insert into SHOT values (4058, 4070, 4076, 2223, 2.170, 269.73, 50.00, 2.172, 270.00, 49.86, 0.009, 321.94, -15.45);
insert into SHOT values (4059, 4076, 4077, 2223, 1.670, 311.83, -86.70, 1.673, 310.60, -86.84, 0.005, 158.35, -32.05);
insert into SHOT values (4060, 4076, 4078, 2223, 0.240, 175.93, 0.30, 0.241, 175.24, 0.00, 0.003, 101.62, -22.57);
insert into SHOT values (4061, 4076, 4079, 2223, 3.590, 344.03, 88.30, 3.592, 343.30, 88.33, 0.003, 196.23, 32.40);
insert into SHOT values (4062, 4076, 4080, 2223, 1.880, 254.93, 32.30, 1.875, 254.65, 32.22, 0.009, 146.93, -29.42);
insert into SHOT values (4063, 4076, 4081, 2223, 5.220, 268.83, 68.10, 5.218, 268.82, 68.05, 0.005, 266.51, -44.05);
insert into SHOT values (4064, 4076, 4082, 2223, 4.680, 269.23, 68.10, 4.676, 269.01, 68.15, 0.009, 140.19, -15.02);
insert into SHOT values (4065, 4082, 4083, 2223, 0.560, 165.93, 11.30, 0.557, 166.22, 11.40, 0.004, 307.22, 3.51);
insert into SHOT values (4066, 4082, 4084, 2223, 0.490, 160.13, 7.40, 0.483, 160.43, 8.34, 0.011, 323.52, 38.41);
insert into SHOT values (4067, 4082, 4085, 2223, 2.410, 298.33, 82.10, 2.414, 298.07, 81.90, 0.009, 288.47, 17.91);
insert into SHOT values (4068, 4082, 4086, 2223, 3.640, 148.03, -88.70, 3.641, 150.26, -88.73, 0.004, 270.85, -14.11);
insert into SHOT values (4069, 4082, 4087, 2223, 2.900, 77.53, -40.20, 2.897, 77.47, -40.20, 0.004, 301.40, 29.60);
insert into SHOT values (4070, 4082, 4088, 2223, 1.110, 219.43, 9.50, 1.110, 219.81, 9.86, 0.010, 320.19, 42.89);
insert into SHOT values (4071, 4082, 4089, 2223, 1.240, 220.03, 43.40, 1.239, 220.05, 43.32, 0.002, 256.98, -74.69);
insert into SHOT values (4072, 4082, 4090, 2223, 1.100, 217.13, 47.30, 1.098, 217.33, 47.51, 0.005, 3.36, 18.52);
insert into SHOT values (4073, 4090, 4091, 2223, 0.420, 357.33, -13.50, 0.422, 357.21, -13.69, 0.003, 334.71, -40.76);
insert into SHOT values (4074, 4090, 4092, 2223, 0.990, 272.43, 1.20, 0.991, 272.31, 1.16, 0.002, 209.61, -18.12);
insert into SHOT values (4075, 4090, 4093, 2223, 1.080, 316.03, -4.10, 1.078, 315.75, -4.26, 0.006, 201.52, -26.13);
insert into SHOT values (4076, 4090, 4094, 2223, 2.170, 225.83, -71.80, 2.169, 226.19, -71.76, 0.005, 300.44, 17.81);
insert into SHOT values (4077, 4090, 4095, 2223, 3.080, 295.93, 57.20, 3.086, 295.80, 57.07, 0.010, 272.75, 6.33);
insert into SHOT values (4078, 4095, 4096, 2223, 0.430, 186.93, 3.90, 0.434, 186.63, 3.96, 0.005, 156.98, 9.53);
insert into SHOT values (4079, 4095, 4097, 2223, 2.250, 83.83, -86.00, 2.246, 86.42, -85.91, 0.009, 150.06, 29.68);
insert into SHOT values (4080, 4095, 4098, 2223, 1.430, 306.93, 87.60, 1.431, 306.87, 88.00, 0.010, 127.23, 7.23);
insert into SHOT values (4081, 4095, 4099, 2223, 1.080, 249.53, 12.70, 1.075, 249.32, 12.90, 0.008, 102.24, 19.60);
insert into SHOT values (4082, 4095, 4100, 2223, 3.650, 269.73, 66.40, 3.645, 269.61, 66.39, 0.006, 157.83, -54.80);
insert into SHOT values (4083, 4100, 4101, 2223, 6.570, 346.73, 1.50, 6.566, 346.79, 1.57, 0.011, 107.05, 44.94);
insert into SHOT values (4084, 4100, 4102, 2223, 6.350, 358.43, 0.70, 6.353, 358.47, 0.72, 0.006, 55.00, 25.90);
insert into SHOT values (4085, 4100, 4103, 2223, 4.970, 3.13, -2.80, 4.973, 3.12, -2.77, 0.004, 344.05, 38.76);
insert into SHOT values (4086, 4100, 4104, 2223, 2.670, 3.13, -3.10, 2.668, 3.23, -3.01, 0.007, 115.32, 41.55);
insert into SHOT values (4087, 4100, 4105, 2223, 4.040, 324.13, -41.60, 4.040, 324.15, -41.56, 0.003, 7.75, 49.92);
insert into SHOT values (4088, 4100, 4106, 2223, 3.110, 13.23, -69.60, 3.107, 13.27, -69.48, 0.007, 22.20, 44.21);
insert into SHOT values (4089, 4100, 4107, 2223, 8.150, 289.63, 41.30, 8.147, 289.68, 41.33, 0.008, 65.52, 7.31);
insert into SHOT values (4090, 4100, 4108, 2223, 12.440, 321.13, 43.10, 12.439, 321.12, 43.11, 0.002, 168.97, 2.28);
insert into SHOT values (4091, 4100, 4109, 2223, 7.130, 341.83, 47.70, 7.134, 341.90, 47.74, 0.009, 83.57, 44.68);
insert into SHOT values (4092, 4100, 4110, 2223, 14.470, 329.83, 54.00, 14.470, 329.85, 54.02, 0.007, 123.40, 32.60);
insert into SHOT values (4093, 4110, 4111, 2223, 2.050, 182.13, -5.50, 2.051, 182.25, -5.60, 0.006, 258.60, -39.40);
insert into SHOT values (4094, 4110, 4112, 2223, 5.000, 129.93, -2.60, 4.996, 129.88, -2.64, 0.007, 357.48, -28.42);
insert into SHOT values (4095, 4110, 4113, 2223, 3.390, 104.73, 0.60, 3.391, 104.69, 0.68, 0.005, 40.48, 61.65);
insert into SHOT values (4096, 4110, 4114, 2223, 0.170, 278.83, 76.60, 0.175, 284.04, 76.37, 0.006, 344.86, 48.50);
insert into SHOT values (4097, 4110, 4115, 2223, 0.190, 277.53, 76.50, 0.197, 281.31, 74.98, 0.009, 304.79, 35.57);
insert into SHOT values (4098, 4110, 4116, 2223, 0.180, 276.53, 76.50, 0.185, 284.04, 77.10, 0.007, 18.50, 42.09);
insert into SHOT values (4099, 4110, 4117, 2223, 3.630, 217.73, 65.50, 3.627, 217.71, 65.50, 0.003, 62.83, -67.66);
insert into SHOT values (4100, 4117, 4118, 2223, 2.220, 22.43, 2.40, 2.218, 22.28, 2.58, 0.009, 267.58, 48.27);
insert into SHOT values (4101, 4117, 4119, 2223, 2.840, 69.23, 1.00, 2.836, 69.14, 1.01, 0.006, 300.83, 4.27);
insert into SHOT values (4102, 4117, 4120, 2223, 4.730, 102.73, 5.80, 4.729, 102.65, 5.83, 0.007, 358.88, 16.27);
insert into SHOT values (4103, 4117, 4121, 2223, 4.890, 134.13, 5.60, 4.889, 134.17, 5.63, 0.004, 245.20, 38.94);
insert into SHOT values (4104, 4117, 4122, 2223, 15.980, 133.23, 79.90, 15.987, 133.26, 79.91, 0.008, 251.56, 75.57);
insert into SHOT values (4105, 4117, 4123, 2223, 5.320, 347.93, 58.60, 5.328, 347.92, 58.65, 0.009, 216.11, 86.23);
insert into SHOT values (4106, 4123, 4124, 2223, 1.410, 213.93, 3.10, 1.405, 214.26, 2.86, 0.011, 333.23, -34.21);
insert into SHOT values (4107, 4123, 4125, 2223, 4.310, 169.33, 5.00, 4.309, 169.40, 4.93, 0.008, 262.63, -47.94);
insert into SHOT values (4108, 4123, 4126, 2223, 7.330, 146.33, 5.30, 7.322, 146.35, 5.25, 0.011, 302.61, -42.27);
insert into SHOT values (4109, 4123, 4127, 2223, 5.120, 120.33, 8.30, 5.117, 120.36, 8.20, 0.010, 240.87, -69.38);
insert into SHOT values (4110, 4123, 4128, 2223, 16.080, 156.83, 83.90, 16.071, 156.89, 83.90, 0.009, 290.78, -74.35);
insert into SHOT values (4111, 4123, 4129, 2223, 2.220, 209.43, 51.30, 2.218, 209.34, 51.26, 0.003, 118.00, -48.39);
insert into SHOT values (4112, 4129, 4130, 2223, 1.300, 14.73, 2.80, 1.304, 14.68, 2.64, 0.005, 358.30, -39.70);
insert into SHOT values (4113, 4129, 4131, 2223, 5.290, 113.83, -1.40, 5.280, 113.80, -1.41, 0.010, 310.75, -4.29);
insert into SHOT values (4114, 4129, 4132, 2223, 2.430, 77.23, -1.00, 2.431, 77.16, -0.94, 0.004, 9.28, 39.20);
insert into SHOT values (4115, 4129, 4133, 2223, 11.790, 51.63, 81.60, 11.787, 51.60, 81.60, 0.004, 340.33, -75.35);
insert into CENTRELINE values (2224, 2221, NULL, '2022-04-17', NULL, 0.00, 105.96, 0.00);
 insert into TOPO values (2, 2224);
 insert into TOPO values (35, 2224);
 insert into SHOT values (4116, 4133, 4134, 2224, 8.850, 155.83, -20.20, 8.841, 155.81, -20.18, 0.010, 353.45, 38.03);
insert into SHOT_FLAG values(4116, 'srf');
insert into SHOT values (4117, 4133, 4135, 2224, 5.820, 69.13, -4.40, 5.751, 68.40, -4.59, 0.102, 294.85, -7.57);
insert into SHOT_FLAG values(4117, 'srf');
insert into SHOT values (4118, 4135, 4136, 2224, 2.820, 72.73, 7.50, 2.747, 72.03, 7.53, 0.081, 277.09, -5.74);
insert into SHOT_FLAG values(4118, 'srf');
insert into SHOT values (4119, 4136, 4137, 2224, 9.690, 75.93, -48.50, 9.651, 75.23, -49.42, 0.178, 283.83, -24.03);
insert into SHOT_FLAG values(4119, 'srf');
insert into SHOT values (4120, 4137, 4138, 2224, 15.080, 81.23, -64.20, 15.058, 80.66, -65.85, 0.438, 269.89, -21.87);
insert into SHOT_FLAG values(4120, 'srf');
insert into SHOT values (4121, 4138, 4139, 2224, 9.900, 329.13, -33.90, 9.982, 328.39, -33.37, 0.164, 287.02, 11.15);
insert into SHOT_FLAG values(4121, 'srf');
insert into SHOT values (4122, 4139, 4140, 2224, 10.690, 276.03, -25.70, 10.778, 276.48, -25.20, 0.149, 308.56, 17.92);
insert into SHOT_FLAG values(4122, 'srf');
insert into SHOT values (4123, 4140, 4141, 2224, 13.060, 278.03, -20.90, 13.148, 278.54, -20.48, 0.171, 321.85, 20.23);
insert into SHOT_FLAG values(4123, 'srf');
insert into SHOT values (4124, 4141, 4142, 2224, 9.690, 266.23, 7.70, 9.776, 266.87, 7.41, 0.146, 315.98, -15.18);
insert into SHOT_FLAG values(4124, 'srf');
insert into SHOT values (4125, 4142, 4143, 2224, 11.830, 270.93, 11.40, 11.919, 271.57, 10.88, 0.190, 321.52, -27.64);
insert into SHOT_FLAG values(4125, 'srf');
insert into SHOT values (4126, 4143, 4144, 2224, 14.290, 269.93, 14.20, 14.382, 270.74, 13.55, 0.271, 327.29, -30.03);
insert into SHOT_FLAG values(4126, 'srf');
insert into SHOT values (4127, 4144, 4145, 2224, 3.090, 156.03, 7.30, 3.022, 156.60, 7.42, 0.075, 312.50, -2.01);
insert into SHOT_FLAG values(4127, 'srf');
insert into SURVEY values (2226, 2219, 'vire-puits_escalade', 'vire-puits_escalade.Corneilles.Ded', 'vire-puits escalade');
 insert into CENTRELINE values (2227, 2226, NULL, NULL, NULL, 0.00, 0.00, 0.00);
 insert into CENTRELINE values (2228, 2226, NULL, '2022-07-10', NULL, 37.83, 0.00, 0.00);
 insert into TOPO values (2, 2228);
 insert into SHOT values (4128, 4146, 4147, 2228, 3.480, 187.27, 7.20, 3.476, 187.33, 7.27, 0.007, 325.52, 33.23);
insert into SHOT values (4129, 4146, 4148, 2228, 5.190, 203.17, -4.00, 5.191, 203.20, -3.98, 0.004, 268.09, 32.26);
insert into SHOT values (4130, 4146, 4149, 2228, 2.460, 246.27, -4.00, 2.464, 246.25, -3.96, 0.005, 237.04, 20.79);
insert into SHOT values (4131, 4146, 4150, 2228, 3.600, 113.27, -9.20, 3.595, 113.24, -9.28, 0.007, 308.39, -36.44);
insert into SHOT values (4132, 4146, 4151, 2228, 3.040, 79.47, -1.30, 3.043, 79.39, -1.32, 0.005, 24.52, -12.06);
insert into SHOT values (4133, 4146, 4152, 2228, 2.680, 30.87, 6.10, 2.683, 30.89, 5.99, 0.006, 47.60, -51.14);
insert into SHOT values (4134, 4146, 4153, 2228, 3.070, 4.37, 2.80, 3.072, 4.30, 2.80, 0.004, 306.65, 0.42);
insert into SHOT values (4135, 4146, 4154, 2228, 12.360, 268.97, 81.40, 12.359, 269.07, 81.39, 0.004, 328.57, -14.71);
insert into SHOT values (4136, 4146, 4155, 2228, 7.000, 323.17, 29.70, 7.006, 323.15, 29.69, 0.006, 304.90, 16.94);
insert into SHOT values (4137, 4146, 4156, 2228, 7.000, 323.27, 29.80, 6.974, 323.36, 30.12, 0.048, 130.40, 26.01);
insert into SHOT values (4138, 4156, 4157, 2228, 1.450, 38.17, 1.60, 1.447, 37.98, 1.58, 0.006, 274.28, -4.89);
insert into SHOT values (4139, 4156, 4158, 2228, 2.230, 85.87, -5.70, 2.227, 85.86, -5.67, 0.004, 270.82, 24.85);
insert into SHOT values (4140, 4156, 4159, 2228, 2.810, 121.27, -0.50, 2.809, 121.31, -0.61, 0.006, 227.95, -66.17);
insert into SHOT values (4141, 4156, 4160, 2228, 3.720, 164.77, -1.00, 3.722, 164.73, -1.08, 0.006, 115.09, -59.66);
insert into SHOT values (4142, 4156, 4161, 2228, 2.680, 198.27, 8.60, 2.683, 198.23, 8.57, 0.004, 171.35, -11.52);
insert into SHOT values (4143, 4156, 4162, 2228, 1.420, 294.07, 14.20, 1.423, 293.96, 14.24, 0.004, 245.77, 26.44);
insert into SHOT values (4144, 4156, 4163, 2228, 1.460, 230.77, 7.60, 1.462, 230.60, 7.47, 0.006, 168.63, -32.93);
insert into SHOT values (4145, 4156, 4164, 2228, 8.070, 162.27, 77.60, 8.068, 162.19, 77.60, 0.003, 75.25, -37.94);
insert into SHOT values (4146, 4156, 4165, 2228, 2.680, 218.97, 75.80, 2.683, 219.47, 75.74, 0.007, 279.99, 15.79);
insert into SHOT values (4147, 4156, 4166, 2228, 11.390, 124.67, -25.80, 11.387, 124.67, -25.82, 0.006, 303.44, -28.26);
insert into SHOT values (4148, 4156, 4167, 2228, 8.180, 141.27, -20.60, 8.178, 141.26, -20.62, 0.004, 341.39, -32.22);
insert into SHOT values (4149, 4156, 4168, 2228, 9.830, 164.67, -19.90, 9.836, 164.70, -19.91, 0.008, 215.21, -28.98);
insert into SHOT values (4150, 4156, 4169, 2228, 4.510, 311.87, 49.70, 4.488, 311.77, 50.04, 0.035, 140.22, 0.60);
insert into SHOT values (4151, 4169, 4170, 2228, 0.280, 40.87, -1.70, 0.277, 40.60, -2.07, 0.004, 242.09, -25.61);
insert into SHOT values (4152, 4169, 4171, 2228, 0.800, 226.37, 12.90, 0.806, 226.55, 12.91, 0.006, 251.30, 13.32);
insert into SHOT values (4153, 4169, 4172, 2228, 0.560, 268.07, -86.90, 0.561, 270.00, -86.93, 0.001, 14.64, -37.81);
insert into SHOT values (4154, 4169, 4173, 2228, 1.040, 264.97, 23.80, 1.042, 265.19, 23.78, 0.004, 328.83, 4.38);
insert into SHOT values (4155, 4169, 4174, 2228, 1.680, 313.27, 13.60, 1.680, 313.26, 13.42, 0.005, 310.74, -75.82);
insert into SHOT values (4156, 4169, 4175, 2228, 0.620, 2.77, -0.00, 0.621, 2.77, 0.00, 0.001, 6.14, 0.00);
insert into SHOT values (4157, 4169, 4176, 2228, 1.870, 147.77, 0.40, 1.870, 147.67, 0.31, 0.004, 56.11, -44.13);
insert into SHOT values (4158, 4169, 4177, 2228, 5.310, 101.57, -27.80, 5.310, 101.55, -27.84, 0.004, 315.59, -54.47);
insert into SHOT values (4159, 4169, 4178, 2228, 3.930, 99.37, -38.40, 3.930, 99.34, -38.38, 0.002, 42.71, 33.33);
insert into SHOT values (4160, 4169, 4179, 2228, 3.640, 292.47, 21.70, 3.615, 292.44, 21.93, 0.029, 116.08, 8.31);
insert into SHOT values (4161, 4179, 4180, 2228, 1.860, 177.47, 8.90, 1.863, 177.51, 8.64, 0.009, 196.43, -60.62);
insert into SHOT values (4162, 4179, 4181, 2228, 0.430, 41.37, 58.40, 0.422, 43.15, 58.65, 0.011, 173.13, -34.26);
insert into SHOT values (4163, 4179, 4182, 2228, 2.060, 201.77, 66.20, 2.059, 201.67, 65.94, 0.009, 192.29, -30.58);
insert into SHOT values (4164, 4179, 4183, 2228, 2.040, 204.77, 38.70, 2.037, 204.47, 38.56, 0.010, 122.07, -33.82);
insert into SHOT values (4165, 4179, 4184, 2228, 0.740, 206.17, -64.80, 0.743, 205.77, -64.33, 0.007, 188.35, -3.36);
insert into SHOT values (4166, 4179, 4185, 2228, 3.480, 261.27, 55.40, 3.464, 260.87, 55.65, 0.026, 113.22, -10.15);
insert into SHOT values (4167, 4185, 4186, 2228, 1.880, 42.27, -57.00, 1.868, 42.20, -57.19, 0.013, 228.27, 29.99);
insert into SHOT values (4168, 4185, 4187, 2228, 3.380, 84.97, -53.20, 3.370, 85.17, -53.24, 0.012, 222.01, 32.15);
insert into SHOT values (4169, 4185, 4188, 2228, 2.550, 323.87, -25.80, 2.550, 323.68, -25.80, 0.008, 236.01, -1.23);
insert into SHOT values (4170, 4185, 4189, 2228, 0.890, 218.67, -41.50, 0.892, 218.93, -41.43, 0.004, 277.36, -4.30);
insert into SHOT values (4171, 4185, 4190, 2228, 3.910, 269.07, 39.60, 3.921, 269.05, 39.61, 0.011, 263.29, 44.72);
insert into SHOT values (4172, 4185, 4191, 2228, 2.220, 266.07, 23.80, 2.225, 266.05, 23.86, 0.006, 259.64, 48.65);
insert into SHOT values (4173, 4185, 4192, 2228, 3.320, 254.77, 11.40, 3.322, 254.68, 11.46, 0.006, 178.31, 37.87);
insert into SHOT values (4174, 4185, 4193, 2228, 2.200, 288.07, 6.70, 2.201, 287.85, 6.79, 0.009, 199.88, 22.37);
insert into SHOT values (4175, 4185, 4194, 2228, 2.540, 306.87, 2.50, 2.497, 306.69, 2.75, 0.045, 137.07, 11.75);
insert into SHOT values (4176, 4194, 4195, 2228, 0.620, 60.97, 6.60, 0.613, 60.49, 6.56, 0.009, 277.33, -8.38);
insert into SHOT values (4177, 4194, 4196, 2228, 1.770, 18.67, -6.00, 1.772, 18.54, -6.16, 0.006, 304.01, -50.60);
insert into SHOT values (4178, 4194, 4197, 2228, 2.040, 340.67, -0.90, 2.047, 340.59, -1.12, 0.011, 318.33, -48.38);
insert into SHOT values (4179, 4194, 4198, 2228, 2.920, 169.17, 6.10, 2.917, 169.27, 6.10, 0.006, 286.67, -2.78);
insert into SHOT values (4180, 4194, 4199, 2228, 0.970, 331.07, 82.40, 0.970, 329.74, 81.77, 0.011, 314.23, -7.61);
insert into SHOT values (4181, 4194, 4200, 2228, 9.930, 24.27, -82.80, 9.929, 24.10, -82.77, 0.006, 344.62, 16.87);
insert into SHOT values (4182, 4194, 4201, 2228, 2.580, 285.37, 17.90, 2.551, 285.30, 18.04, 0.029, 111.14, -5.80);
insert into SHOT values (4183, 4201, 4202, 2228, 2.480, 206.67, 75.10, 2.474, 206.97, 75.02, 0.008, 267.93, -60.04);
insert into SHOT values (4184, 4201, 4203, 2228, 2.970, 160.17, 28.00, 2.971, 160.18, 27.90, 0.005, 175.42, -53.44);
insert into SHOT values (4185, 4201, 4204, 2228, 4.350, 128.67, 0.20, 4.346, 128.74, 0.13, 0.009, 251.09, -37.24);
insert into SHOT values (4186, 4201, 4205, 2228, 1.900, 115.27, -8.20, 1.898, 115.20, -8.18, 0.003, 345.99, 19.83);
insert into SHOT values (4187, 4201, 4206, 2228, 0.880, 74.97, 5.50, 0.875, 74.69, 5.25, 0.008, 295.05, -33.40);
insert into SHOT values (4188, 4201, 4207, 2228, 0.870, 357.57, 63.60, 0.872, 357.06, 63.40, 0.005, 314.54, 8.29);
insert into SHOT values (4189, 4201, 4208, 2228, 1.640, 32.97, -51.10, 1.628, 33.38, -51.29, 0.015, 181.60, 24.22);
insert into SHOT values (4190, 4208, 4209, 2228, 0.660, 35.47, 19.60, 0.662, 35.22, 19.41, 0.004, 348.12, -20.78);
insert into SHOT values (4191, 4208, 4210, 2228, 0.360, 210.37, -14.50, 0.356, 209.54, -14.63, 0.006, 83.38, 1.26);
insert into SHOT values (4192, 4208, 4211, 2228, 2.970, 192.17, -83.80, 2.967, 190.95, -83.89, 0.009, 64.94, 17.40);
insert into SHOT values (4193, 4208, 4212, 2228, 1.890, 286.57, -0.80, 1.889, 286.61, -0.61, 0.007, 49.56, 74.26);
insert into SHOT values (4194, 4208, 4213, 2228, 2.750, 130.17, -3.90, 2.753, 130.13, -3.96, 0.005, 95.67, -41.03);
insert into SHOT values (4195, 4208, 4214, 2228, 2.030, 293.07, -36.90, 2.029, 293.24, -36.96, 0.005, 41.98, -12.11);
insert into SHOT values (4196, 4208, 4215, 2228, 2.570, 302.77, -50.30, 2.572, 302.82, -50.33, 0.003, 15.58, -59.06);
insert into SHOT values (4197, 4208, 4216, 2228, 1.630, 301.27, 27.30, 1.595, 301.10, 27.64, 0.036, 127.78, -12.07);
insert into SHOT values (4198, 4216, 4217, 2228, 4.440, 168.07, -80.30, 4.433, 168.39, -80.32, 0.008, 292.31, 52.14);
insert into SHOT values (4199, 4216, 4218, 2228, 0.730, 193.77, 0.80, 0.720, 193.65, 0.80, 0.010, 22.41, -1.14);
insert into SHOT values (4200, 4216, 4219, 2228, 0.350, 215.77, 1.20, 0.344, 215.54, 1.66, 0.007, 49.01, 24.02);
insert into SHOT values (4201, 4216, 4220, 2228, 1.190, 214.47, -3.00, 1.189, 214.36, -2.89, 0.003, 95.38, 41.98);
insert into SHOT values (4202, 4216, 4221, 2228, 0.570, 257.77, -12.00, 0.574, 258.69, -12.08, 0.010, 327.86, -8.81);
insert into SHOT values (4203, 4216, 4222, 2228, 1.610, 231.67, 19.30, 1.608, 231.16, 19.62, 0.016, 122.27, 29.16);
insert into SHOT values (4204, 4222, 4223, 2228, 0.380, 25.77, -9.20, 0.381, 25.20, -9.07, 0.004, 305.50, 11.35);
insert into SHOT values (4205, 4222, 4224, 2228, 1.200, 333.07, -79.30, 1.201, 333.43, -79.27, 0.002, 33.92, -27.69);
insert into SHOT values (4206, 4222, 4225, 2228, 1.120, 13.57, 70.80, 1.113, 12.53, 70.65, 0.010, 286.91, -49.03);
insert into SHOT values (4207, 4222, 4226, 2228, 3.610, 260.67, 17.70, 3.613, 260.81, 17.56, 0.013, 320.42, -36.86);
insert into SHOT values (4208, 4222, 4227, 2228, 4.480, 260.77, 17.60, 4.460, 260.52, 17.75, 0.030, 120.63, 10.51);
insert into SHOT values (4209, 4227, 4228, 2228, 1.280, 272.57, -89.00, 1.280, 270.00, -89.10, 0.003, 113.35, -4.42);
insert into SHOT values (4210, 4227, 4229, 2228, 2.480, 167.27, -9.00, 2.481, 167.27, -9.04, 0.002, 173.61, -69.04);
insert into SHOT values (4211, 4227, 4230, 2228, 1.560, 199.07, 0.80, 1.556, 199.13, 0.74, 0.005, 353.89, -22.49);
insert into SHOT values (4212, 4227, 4231, 2228, 1.110, 171.87, 55.40, 1.105, 171.74, 55.45, 0.005, 11.70, -42.27);
insert into SHOT values (4213, 4227, 4232, 2228, 3.260, 243.77, 30.10, 3.255, 243.89, 30.05, 0.008, 359.05, -36.27);
insert into SHOT values (4214, 4227, 4233, 2228, 3.490, 248.77, 34.90, 3.486, 248.90, 34.81, 0.010, 343.35, -44.32);
insert into SHOT values (4215, 4227, 4234, 2228, 2.560, 255.17, 36.50, 2.558, 255.36, 36.46, 0.007, 354.08, -21.75);
insert into SHOT values (4216, 4227, 4235, 2228, 2.370, 56.57, 2.20, 2.376, 56.51, 2.17, 0.006, 35.19, -8.82);
insert into SHOT values (4217, 4227, 4236, 2228, 3.320, 81.57, 2.40, 3.319, 81.50, 2.42, 0.004, 340.81, 14.72);
insert into SHOT values (4218, 4227, 4237, 2228, 1.730, 101.07, 5.90, 1.730, 101.05, 5.64, 0.008, 75.32, -81.28);
insert into SHOT values (4219, 4227, 4238, 2228, 1.600, 236.87, 12.40, 1.595, 236.51, 12.31, 0.011, 124.28, -19.00);
insert into SHOT values (4220, 4238, 4239, 2228, 1.080, 290.57, 6.20, 1.076, 290.81, 6.40, 0.007, 61.73, 29.40);
insert into SHOT values (4221, 4238, 4240, 2228, 0.930, 333.37, 6.50, 0.932, 333.71, 6.78, 0.008, 46.39, 38.97);
insert into SHOT values (4222, 4238, 4241, 2228, 0.960, 8.07, 13.60, 0.967, 7.96, 13.76, 0.008, 351.41, 34.43);
insert into SHOT values (4223, 4238, 4242, 2228, 1.460, 60.47, -6.80, 1.461, 60.26, -6.68, 0.006, 345.80, 27.36);
insert into SHOT values (4224, 4238, 4243, 2228, 3.010, 91.37, -6.70, 3.011, 91.34, -6.67, 0.002, 47.71, 31.81);
insert into SHOT values (4225, 4238, 4244, 2228, 3.120, 289.17, 72.50, 3.123, 289.41, 72.62, 0.008, 72.30, 34.09);
insert into SURVEY values (2230, 2219, 'escalade_corneille-vire', 'escalade_corneille-vire.Corneilles.Ded', 'escalade corneille-vire');
 insert into CENTRELINE values (2231, 2230, NULL, NULL, NULL, 0.00, 0.00, 0.00);
 insert into CENTRELINE values (2232, 2230, NULL, '2022-07-10', NULL, 52.75, 0.00, 0.00);
 insert into TOPO values (1, 2232);
 insert into TOPO values (2, 2232);
 insert into SHOT values (4226, 4245, 4246, 2232, 0.950, 299.37, 2.00, 0.946, 299.82, 2.42, 0.011, 59.27, 38.40);
insert into SHOT values (4227, 4245, 4247, 2232, 0.880, 334.27, 3.30, 0.878, 334.31, 3.26, 0.002, 134.10, -17.97);
insert into SHOT values (4228, 4245, 4248, 2232, 1.010, 7.47, 4.70, 1.012, 7.41, 5.10, 0.008, 337.48, 73.90);
insert into SHOT values (4229, 4245, 4249, 2232, 0.880, 50.07, 3.90, 0.889, 50.03, 3.87, 0.009, 46.54, 0.90);
insert into SHOT values (4230, 4245, 4250, 2232, 1.430, 59.77, 2.00, 1.435, 59.86, 2.00, 0.005, 85.73, 1.02);
insert into SHOT values (4231, 4245, 4251, 2232, 3.090, 83.37, -0.70, 3.091, 83.31, -0.74, 0.004, 16.66, -35.12);
insert into SHOT values (4232, 4245, 4252, 2232, 5.010, 78.97, -1.20, 5.014, 78.96, -1.14, 0.006, 69.74, 51.37);
insert into SHOT values (4233, 4245, 4253, 2232, 1.620, 67.17, -12.90, 1.558, 66.31, -12.98, 0.066, 267.56, 10.11);
insert into SHOT values (4234, 4253, 4254, 2232, 0.440, 57.47, 2.50, 0.441, 57.03, 2.60, 0.004, 350.53, 12.49);
insert into SHOT values (4235, 4253, 4255, 2232, 2.390, 58.77, 0.20, 2.396, 58.83, 0.24, 0.007, 83.61, 14.39);
insert into SHOT values (4236, 4253, 4256, 2232, 3.440, 75.67, 1.50, 3.438, 75.68, 1.50, 0.002, 232.74, -1.25);
insert into SHOT values (4237, 4253, 4257, 2232, 1.630, 95.47, 4.50, 1.632, 95.29, 4.57, 0.006, 26.73, 21.47);
insert into SHOT values (4238, 4253, 4258, 2232, 2.920, 177.67, -2.40, 2.915, 177.64, -2.56, 0.009, 13.46, -56.25);
insert into SHOT values (4239, 4253, 4259, 2232, 2.190, 160.97, -5.30, 2.189, 160.98, -5.51, 0.008, 320.65, -76.65);
insert into SHOT values (4240, 4253, 4260, 2232, 1.760, 133.17, -5.70, 1.764, 133.15, -5.86, 0.006, 125.69, -57.85);
insert into SHOT values (4241, 4253, 4261, 2232, 1.300, 114.37, -88.00, 1.301, 116.57, -88.03, 0.002, 226.01, -23.22);
insert into SHOT values (4242, 4253, 4262, 2232, 1.040, 171.57, 63.30, 1.040, 171.35, 63.42, 0.003, 33.19, 18.48);
insert into SHOT values (4243, 4253, 4263, 2232, 3.130, 73.17, -9.10, 3.058, 72.65, -9.41, 0.078, 273.64, -3.63);
insert into SHOT values (4244, 4263, 4264, 2232, 0.250, 354.37, 2.00, 0.251, 355.43, 2.28, 0.005, 73.29, 15.10);
insert into SHOT values (4245, 4263, 4265, 2232, 1.670, 206.77, 88.30, 1.671, 206.57, 88.47, 0.005, 28.63, 8.66);
insert into SHOT values (4246, 4263, 4266, 2232, 0.400, 184.07, -4.70, 0.392, 184.40, -4.39, 0.008, 347.25, 19.48);
insert into SHOT values (4247, 4263, 4267, 2232, 1.470, 136.27, -83.80, 1.468, 135.00, -83.92, 0.005, 3.02, 16.54);
insert into SHOT values (4248, 4263, 4268, 2232, 1.460, 91.67, -35.90, 1.394, 91.02, -36.54, 0.069, 283.03, 22.25);
insert into SHOT values (4249, 4268, 4269, 2232, 0.490, 7.67, 1.20, 0.494, 6.98, 1.16, 0.007, 309.97, -2.15);
insert into SHOT values (4250, 4268, 4270, 2232, 1.140, 350.17, -71.30, 1.140, 350.54, -71.33, 0.002, 93.04, -4.25);
insert into SHOT values (4251, 4268, 4271, 2232, 0.460, 113.87, 80.90, 0.465, 116.57, 81.70, 0.009, 265.06, 41.45);
insert into SHOT values (4252, 4268, 4272, 2232, 1.130, 14.87, 76.20, 1.132, 15.07, 76.25, 0.003, 121.63, 69.24);
insert into SHOT values (4253, 4268, 4273, 2232, 0.900, 88.87, -11.00, 0.816, 87.85, -11.30, 0.085, 278.55, 7.93);
insert into SHOT values (4254, 4273, 4274, 2232, 0.360, 339.37, 2.80, 0.365, 339.08, 3.14, 0.005, 316.73, 26.70);
insert into SHOT values (4255, 4273, 4275, 2232, 1.580, 125.57, -82.60, 1.583, 126.87, -82.74, 0.007, 253.52, -28.70);
insert into SHOT values (4256, 4273, 4276, 2232, 4.550, 84.17, -73.80, 4.550, 84.11, -73.84, 0.003, 288.97, -12.48);
insert into SHOT values (4257, 4273, 4277, 2232, 1.270, 243.37, -68.30, 1.270, 243.43, -68.30, 0.001, 333.82, -0.17);
insert into SHOT values (4258, 4273, 4278, 2232, 2.440, 72.67, -8.70, 2.438, 72.62, -8.73, 0.003, 300.34, -18.45);
insert into SHOT values (4259, 4273, 4279, 2232, 0.910, 48.07, -3.10, 0.907, 47.68, -3.16, 0.007, 294.82, -6.83);
insert into SHOT values (4260, 4273, 4280, 2232, 1.880, 69.37, -24.50, 1.878, 69.44, -24.53, 0.003, 199.13, -7.12);
insert into SHOT values (4261, 4273, 4281, 2232, 2.520, 67.87, -43.10, 2.515, 67.91, -43.15, 0.006, 233.55, 18.63);
insert into SHOT values (4262, 4273, 4282, 2232, 3.420, 66.87, -53.00, 3.418, 66.80, -53.01, 0.003, 296.91, 23.71);
insert into SHOT values (4263, 4273, 4283, 2232, 1.480, 40.47, -28.20, 1.475, 40.31, -28.33, 0.007, 250.40, -5.17);
insert into SHOT values (4264, 4273, 4284, 2232, 2.000, 42.87, -45.00, 2.005, 42.71, -45.09, 0.007, 329.06, -55.11);
insert into SHOT values (4265, 4273, 4285, 2232, 2.860, 61.47, -58.40, 2.861, 61.21, -58.51, 0.009, 302.29, -27.57);
insert into SHOT values (4266, 4273, 4286, 2232, 1.100, 69.17, 12.00, 1.026, 67.77, 11.81, 0.078, 267.97, -13.89);
insert into SHOT values (4267, 4286, 4287, 2232, 4.580, 28.87, -87.60, 4.574, 27.90, -87.59, 0.007, 308.22, 61.14);
insert into SHOT values (4268, 4286, 4288, 2232, 4.240, 91.57, -69.90, 4.240, 91.57, -69.85, 0.004, 92.88, 27.15);
insert into SHOT values (4269, 4286, 4289, 2232, 4.330, 101.27, -56.90, 4.324, 101.21, -56.84, 0.008, 25.59, 73.36);
insert into SHOT values (4270, 4286, 4290, 2232, 0.970, 134.97, -54.80, 0.968, 135.73, -54.73, 0.008, 229.06, 19.52);
insert into SHOT values (4271, 4286, 4291, 2232, 0.630, 160.37, -29.70, 0.632, 160.91, -29.40, 0.006, 220.24, 19.63);
insert into SHOT values (4272, 4286, 4292, 2232, 0.780, 76.77, -48.70, 0.774, 77.59, -48.57, 0.010, 188.19, 37.04);
insert into SHOT values (4273, 4286, 4293, 2232, 0.870, 59.77, -22.00, 0.867, 60.26, -21.65, 0.009, 153.54, 40.60);
insert into SHOT values (4274, 4286, 4294, 2232, 0.830, 207.77, 52.40, 0.834, 208.07, 52.31, 0.005, 245.11, 28.10);
insert into SHOT values (4275, 4286, 4295, 2232, 0.400, 318.77, -11.60, 0.398, 318.12, -11.61, 0.005, 200.36, 4.95);
insert into SHOT values (4276, 4286, 4296, 2232, 2.560, 83.67, -71.50, 2.542, 82.60, -72.21, 0.040, 285.55, 11.25);
insert into SHOT values (4277, 4296, 4297, 2232, 0.360, 211.97, -1.70, 0.364, 211.50, -1.58, 0.005, 173.87, 8.14);
insert into SHOT values (4278, 4296, 4298, 2232, 2.090, 124.37, -88.40, 2.091, 128.66, -88.25, 0.007, 165.47, -6.38);
insert into SHOT values (4279, 4296, 4299, 2232, 2.580, 240.37, 74.70, 2.581, 240.05, 74.70, 0.004, 152.66, 20.76);
insert into SHOT values (4280, 4296, 4300, 2232, 1.170, 270.47, -5.60, 1.175, 270.49, -5.37, 0.007, 275.33, 36.46);
insert into SHOT values (4281, 4296, 4301, 2232, 0.910, 282.57, 0.20, 0.910, 282.05, 0.00, 0.009, 192.73, -21.20);
insert into SHOT values (4282, 4296, 4302, 2232, 3.230, 131.87, -5.20, 3.228, 131.97, -5.15, 0.007, 239.88, 23.35);
insert into SHOT values (4283, 4296, 4303, 2232, 4.050, 131.97, -22.80, 4.048, 132.07, -22.82, 0.007, 240.58, -4.64);
insert into SHOT values (4284, 4296, 4304, 2232, 2.680, 146.77, -18.80, 2.685, 146.87, -18.68, 0.009, 183.09, 24.81);
insert into SHOT values (4285, 4296, 4305, 2232, 1.430, 127.67, 19.20, 1.338, 128.23, 19.65, 0.093, 299.78, -12.56);
insert into SHOT values (4286, 4305, 4306, 2232, 0.610, 142.87, -13.10, 0.608, 142.55, -13.30, 0.004, 20.14, -24.12);
insert into SHOT values (4287, 4305, 4307, 2232, 2.160, 147.27, -48.00, 2.160, 147.19, -48.20, 0.008, 345.14, -38.73);
insert into SHOT values (4288, 4305, 4308, 2232, 3.380, 155.57, -68.50, 3.385, 155.71, -68.52, 0.006, 227.97, -58.01);
insert into SHOT values (4289, 4305, 4309, 2232, 0.800, 223.37, -32.40, 0.798, 223.19, -32.61, 0.004, 74.64, -18.70);
insert into SHOT values (4290, 4305, 4310, 2232, 2.020, 358.47, -85.30, 2.027, 0.00, -85.19, 0.009, 44.28, -46.95);
insert into SHOT values (4291, 4305, 4311, 2232, 1.480, 170.77, -20.90, 1.431, 171.81, -21.30, 0.055, 324.53, 8.26);
insert into SHOT values (4292, 4311, 4312, 2232, 0.850, 318.97, -2.70, 0.851, 318.81, -2.69, 0.003, 259.87, 0.88);
insert into SHOT values (4293, 4311, 4313, 2232, 15.230, 20.17, -83.00, 15.233, 20.19, -83.01, 0.004, 176.79, -56.98);
insert into SHOT values (4294, 4311, 4314, 2232, 0.130, 243.97, -6.40, 0.136, 243.43, -8.48, 0.008, 229.91, -47.09);
insert into SHOT values (4295, 4311, 4315, 2232, 1.160, 51.57, -8.50, 1.159, 51.73, -8.44, 0.004, 157.23, 23.15);
insert into SHOT values (4296, 4311, 4316, 2232, 15.680, 20.77, -80.60, 15.696, 19.83, -80.49, 0.054, 328.35, -11.18);
insert into SHOT values (4297, 4316, 4317, 2232, 3.450, 278.27, 39.70, 3.442, 278.25, 39.73, 0.008, 103.44, -28.03);
insert into SHOT values (4298, 4316, 4318, 2232, 5.670, 258.77, 38.30, 5.665, 258.72, 38.29, 0.007, 125.41, -37.35);
insert into SHOT values (4299, 4316, 4319, 2232, 3.060, 241.57, 42.60, 3.058, 241.61, 42.61, 0.003, 16.54, -25.53);
insert into SHOT values (4300, 4316, 4320, 2232, 1.180, 349.17, 50.90, 1.183, 349.14, 51.06, 0.004, 187.38, 77.56);
insert into SHOT values (4301, 4316, 4321, 2232, 0.830, 56.77, 7.60, 0.831, 56.89, 7.61, 0.002, 115.68, 6.31);
insert into SHOT values (4302, 4316, 4322, 2232, 0.630, 108.87, 4.20, 0.634, 108.43, 4.52, 0.007, 59.80, 31.49);
insert into SHOT values (4303, 4316, 4323, 2232, 2.140, 157.57, 65.50, 2.143, 157.48, 65.52, 0.003, 78.06, 62.98);
insert into SHOT values (4304, 4316, 4324, 2232, 8.340, 332.77, 87.10, 8.340, 332.82, 87.14, 0.006, 149.13, 6.44);
insert into SHOT values (4305, 4316, 4325, 2232, 12.300, 263.77, 67.70, 12.300, 263.73, 67.70, 0.003, 185.11, -1.42);
insert into SHOT values (4306, 4316, 4326, 2232, 11.080, 262.67, 74.40, 11.077, 262.66, 74.42, 0.006, 86.24, -19.27);
insert into SHOT values (4307, 4316, 4327, 2232, 5.880, 33.47, 62.80, 5.879, 33.45, 62.83, 0.003, 225.04, 4.38);
insert into SHOT values (4308, 4316, 4328, 2232, 7.490, 33.87, 78.30, 7.496, 34.00, 78.30, 0.007, 108.24, 56.04);
insert into SHOT values (4309, 4316, 4329, 2232, 9.660, 39.37, 82.70, 9.659, 39.39, 82.69, 0.002, 54.21, -43.33);
insert into SHOT values (4310, 4316, 4330, 2232, 2.340, 326.07, 68.80, 2.337, 326.12, 68.86, 0.004, 131.17, -27.40);
insert into SHOT values (4311, 4316, 4331, 2232, 3.010, 151.67, 70.50, 3.015, 151.66, 70.40, 0.007, 150.82, 22.39);
insert into SHOT values (4312, 4316, 4332, 2232, 4.910, 46.57, -53.50, 4.892, 45.84, -53.85, 0.051, 272.32, -3.44);
insert into SHOT values (4313, 4332, 4333, 2232, 3.950, 230.77, 86.50, 3.947, 231.71, 86.48, 0.005, 308.05, -32.79);
insert into SHOT values (4314, 4332, 4334, 2232, 1.180, 129.67, 24.30, 1.175, 129.33, 24.10, 0.009, 18.28, -39.31);
insert into SHOT values (4315, 4332, 4335, 2232, 1.130, 286.07, 14.10, 1.128, 286.45, 13.85, 0.009, 25.19, -35.54);
insert into SHOT values (4316, 4332, 4336, 2232, 1.720, 243.17, 26.60, 1.716, 243.27, 26.66, 0.005, 28.93, -1.72);
insert into SHOT values (4317, 4332, 4337, 2232, 3.040, 214.27, 29.70, 3.037, 214.35, 29.60, 0.007, 305.62, -57.44);
insert into SHOT values (4318, 4332, 4338, 2232, 1.500, 188.07, 32.60, 1.500, 188.19, 32.68, 0.003, 293.68, 32.19);
insert into SHOT values (4319, 4332, 4339, 2232, 2.830, 222.17, 67.10, 2.822, 222.41, 67.12, 0.009, 352.97, -47.95);
insert into SHOT values (4320, 4332, 4340, 2232, 1.440, 304.27, 38.40, 1.508, 304.09, 37.58, 0.072, 301.10, 20.88);
insert into SHOT values (4321, 4340, 4341, 2232, 0.470, 53.47, 3.30, 0.473, 53.62, 3.64, 0.004, 77.23, 43.96);
insert into SHOT values (4322, 4340, 4342, 2232, 1.820, 124.97, 87.10, 1.822, 122.01, 87.03, 0.006, 58.62, 23.66);
insert into SHOT values (4323, 4340, 4343, 2232, 2.150, 33.57, -79.20, 2.149, 32.91, -79.14, 0.005, 327.49, 20.57);
insert into SHOT values (4324, 4340, 4344, 2232, 3.250, 319.37, -57.10, 3.311, 318.99, -56.47, 0.072, 308.67, -25.83);
insert into SHOT values (4325, 4344, 4345, 2232, 0.360, 51.47, 1.20, 0.362, 50.60, 1.58, 0.006, 345.03, 22.36);
insert into SHOT values (4326, 4344, 4346, 2232, 1.270, 129.27, -84.30, 1.266, 128.66, -84.20, 0.004, 94.03, 57.73);
insert into SHOT values (4327, 4344, 4347, 2232, 2.470, 354.97, 86.60, 2.475, 356.19, 86.52, 0.007, 34.98, 41.14);
insert into SHOT values (4328, 4344, 4348, 2232, 1.290, 142.77, 19.10, 1.290, 142.66, 19.00, 0.003, 77.86, -40.32);
insert into SHOT values (4329, 4344, 4349, 2232, 1.160, 143.77, 34.00, 1.158, 143.49, 34.16, 0.006, 15.36, 12.72);
insert into SHOT values (4330, 4344, 4350, 2232, 4.760, 141.57, 42.50, 4.763, 141.60, 42.54, 0.005, 237.41, 66.98);
insert into SHOT values (4331, 4344, 4351, 2232, 5.180, 141.97, 52.00, 5.180, 141.87, 51.97, 0.006, 69.47, -19.20);
insert into SHOT values (4332, 4344, 4352, 2232, 2.720, 139.87, 26.60, 2.723, 139.83, 26.62, 0.003, 103.45, 41.15);
insert into SHOT values (4333, 4344, 4353, 2232, 1.670, 137.87, 14.60, 1.675, 137.75, 14.52, 0.006, 104.88, -9.00);
insert into SHOT values (4334, 4344, 4354, 2232, 2.280, 336.87, -39.00, 2.346, 336.23, -38.50, 0.072, 319.07, -20.59);
insert into SHOT values (4335, 4354, 4355, 2232, 0.500, 233.17, 17.10, 0.498, 232.65, 16.32, 0.008, 144.51, -58.49);
insert into SHOT values (4336, 4354, 4356, 2232, 0.260, 53.37, 4.00, 0.258, 54.46, 2.22, 0.010, 158.60, -57.84);
insert into SHOT values (4337, 4354, 4357, 2232, 33.350, 9.47, -84.70, 33.352, 9.55, -84.71, 0.010, 158.74, -15.61);
insert into SHOT values (4338, 4354, 4358, 2232, 1.690, 282.07, 82.70, 1.684, 280.78, 82.71, 0.008, 180.06, -52.19);
insert into SHOT values (4339, 4354, 4359, 2232, 2.530, 270.57, -70.90, 2.572, 271.32, -70.22, 0.053, 285.65, -33.76);
insert into SHOT values (4340, 4359, 4360, 2232, 1.160, 59.57, 1.00, 1.156, 59.89, 0.99, 0.008, 180.14, -1.87);
insert into SHOT values (4341, 4359, 4361, 2232, 1.540, 1.87, 39.40, 1.542, 1.93, 39.46, 0.003, 63.48, 61.04);
insert into SHOT values (4342, 4359, 4362, 2232, 5.710, 117.47, -77.70, 5.712, 117.82, -77.66, 0.009, 175.49, -6.79);
insert into SHOT values (4343, 4359, 4363, 2232, 34.440, 34.07, -84.00, 34.439, 34.13, -84.00, 0.004, 121.99, 18.02);
insert into SHOT values (4344, 4359, 4364, 2232, 8.190, 340.77, 8.70, 8.188, 340.74, 8.71, 0.005, 218.37, 13.34);
insert into SHOT values (4345, 4359, 4365, 2232, 6.050, 348.07, 5.80, 6.040, 348.09, 5.80, 0.010, 152.69, -7.87);
insert into SHOT values (4346, 4359, 4366, 2232, 2.340, 5.97, 13.20, 2.334, 6.06, 13.13, 0.008, 151.26, -33.12);
insert into SHOT values (4347, 4359, 4367, 2232, 1.480, 27.07, 5.10, 1.477, 27.09, 5.05, 0.003, 195.84, -29.17);
insert into SHOT values (4348, 4359, 4368, 2232, 10.640, 348.77, -47.30, 10.636, 348.72, -47.33, 0.009, 210.32, -3.41);
insert into SHOT values (4349, 4359, 4369, 2232, 8.780, 0.57, -50.30, 8.778, 0.61, -50.36, 0.010, 150.58, -26.65);
insert into SHOT values (4350, 4359, 4370, 2232, 3.350, 23.67, -55.20, 3.349, 23.75, -55.19, 0.003, 113.30, 17.01);
insert into SHOT values (4351, 4359, 4371, 2232, 8.640, 3.97, -50.80, 8.639, 4.00, -50.86, 0.009, 163.37, -29.28);
insert into SHOT values (4352, 4359, 4372, 2232, 13.990, 355.67, -66.40, 13.988, 355.70, -66.42, 0.006, 146.40, -0.84);
insert into SHOT values (4353, 4359, 4373, 2232, 4.230, 355.87, 17.90, 4.268, 355.06, 17.73, 0.069, 300.48, -0.10);
insert into SHOT values (4354, 4373, 4374, 2232, 4.310, 355.77, 18.00, 4.311, 355.80, 17.97, 0.004, 50.80, -28.91);
insert into SHOT values (4355, 4373, 4375, 2232, 1.230, 257.57, 3.10, 1.229, 257.77, 2.80, 0.008, 352.23, -55.46);
insert into SHOT values (4356, 4373, 4376, 2232, 2.660, 253.27, 71.50, 2.658, 253.50, 71.47, 0.004, 330.43, -36.22);
insert into SHOT values (4357, 4373, 4377, 2232, 2.070, 199.67, -13.60, 2.064, 199.52, -13.73, 0.009, 57.09, -21.04);
insert into SHOT values (4358, 4373, 4378, 2232, 1.150, 231.07, -7.40, 1.141, 231.10, -7.56, 0.010, 46.82, -10.95);
insert into SHOT values (4359, 4373, 4379, 2232, 0.240, 158.17, -73.70, 0.249, 153.43, -74.38, 0.011, 62.94, -60.06);
insert into SHOT values (4360, 4373, 4380, 2232, 34.210, 139.27, -82.20, 34.217, 139.28, -82.20, 0.007, 169.64, -73.53);
insert into SHOT values (4361, 4373, 4381, 2232, 3.370, 332.57, 15.80, 3.440, 332.12, 15.51, 0.076, 312.86, 1.81);
insert into SHOT values (4362, 4381, 4382, 2232, 1.380, 143.37, 64.70, 1.330, 144.58, 65.47, 0.055, 306.09, -43.63);
insert into SURVEY values (2234, 2219, 'escalade_bas_corneilles', 'escalade_bas_corneilles.Corneilles.Ded', 'escalade bas corneilles');
 insert into CENTRELINE values (2235, 2234, NULL, NULL, NULL, 0.00, 0.00, 0.00);
 insert into CENTRELINE values (2236, 2234, NULL, '2022-07-09', NULL, 19.76, 0.00, 0.00);
 insert into TOPO values (1, 2236);
 insert into TOPO values (2, 2236);
 insert into SHOT values (4363, 4383, 4384, 2236, 2.050, 248.87, 0.30, 2.058, 248.92, 0.28, 0.008, 263.68, -5.27);
insert into SHOT values (4364, 4383, 4385, 2236, 2.480, 213.97, 3.40, 2.490, 214.01, 3.45, 0.010, 225.36, 16.84);
insert into SHOT values (4365, 4383, 4386, 2236, 1.810, 185.87, 4.20, 1.815, 186.03, 4.11, 0.007, 231.98, -20.09);
insert into SHOT values (4366, 4383, 4387, 2236, 0.300, 147.97, 8.80, 0.294, 149.04, 7.81, 0.009, 280.36, -38.64);
insert into SHOT values (4367, 4383, 4388, 2236, 2.690, 245.77, -66.50, 2.693, 245.82, -66.49, 0.004, 278.46, -58.41);
insert into SHOT values (4368, 4383, 4389, 2236, 8.850, 274.77, 78.10, 8.850, 274.71, 78.09, 0.002, 220.89, 5.21);
insert into SHOT values (4369, 4389, 4390, 2236, 0.860, 3.67, -3.90, 0.854, 3.37, -4.03, 0.008, 217.85, -10.77);
insert into SHOT values (4370, 4389, 4391, 2236, 0.890, 298.97, -4.90, 0.894, 298.87, -5.13, 0.006, 277.62, -43.35);
insert into SHOT values (4371, 4389, 4392, 2236, 0.950, 341.27, 3.60, 0.954, 340.99, 3.61, 0.006, 291.02, 3.40);
insert into SHOT values (4372, 4389, 4393, 2236, 1.170, 273.77, -3.70, 1.175, 273.91, -3.90, 0.007, 303.77, -37.01);
insert into SHOT values (4373, 4389, 4394, 2236, 0.970, 233.27, -5.10, 0.976, 233.37, -5.29, 0.007, 249.46, -31.78);
insert into SHOT values (4374, 4389, 4395, 2236, 0.750, 202.07, -2.50, 0.755, 201.80, -2.28, 0.006, 165.14, 25.12);
insert into SHOT values (4375, 4389, 4396, 2236, 4.840, 345.97, 83.70, 4.839, 345.70, 83.76, 0.005, 192.90, -8.13);
insert into SHOT values (4376, 4389, 4397, 2236, 4.840, 346.07, 83.70, 4.839, 345.70, 83.76, 0.006, 200.99, -7.48);
insert into SHOT values (4377, 4397, 4398, 2236, 0.650, 35.77, 11.80, 0.651, 35.43, 11.51, 0.005, 333.24, -34.99);
insert into SHOT values (4378, 4397, 4399, 2236, 0.690, 356.57, 10.40, 0.692, 356.63, 9.99, 0.005, 14.35, -59.95);
insert into SHOT values (4379, 4397, 4400, 2236, 0.630, 331.47, 2.20, 0.636, 331.82, 1.80, 0.008, 5.92, -30.98);
insert into SHOT values (4380, 4397, 4401, 2236, 0.760, 302.27, -1.30, 0.760, 302.64, -1.51, 0.006, 29.48, -28.73);
insert into SHOT values (4381, 4397, 4402, 2236, 0.810, 271.57, -2.30, 0.811, 272.12, -2.12, 0.008, 353.10, 17.52);
insert into SHOT values (4382, 4397, 4403, 2236, 0.880, 292.47, -2.90, 0.880, 292.77, -3.26, 0.007, 27.62, -49.44);
insert into SHOT values (4383, 4397, 4404, 2236, 6.070, 19.57, 69.20, 6.065, 19.53, 69.20, 0.005, 240.83, -64.20);
insert into SHOT values (4384, 4404, 4405, 2236, 0.230, 114.97, -30.20, 0.226, 113.96, -29.18, 0.007, 356.94, 55.54);
insert into SHOT values (4385, 4404, 4406, 2236, 0.510, 311.47, -11.40, 0.512, 312.58, -11.26, 0.010, 27.34, 4.57);
insert into SHOT values (4386, 4404, 4407, 2236, 0.620, 24.37, -21.70, 0.626, 24.36, -21.57, 0.006, 24.02, -7.51);
insert into SHOT values (4387, 4404, 4408, 2236, 0.670, 63.07, 3.00, 0.677, 62.68, 3.39, 0.009, 26.77, 32.45);
insert into SHOT values (4388, 4404, 4409, 2236, 3.910, 328.67, 67.20, 3.917, 328.71, 67.15, 0.008, 340.47, 41.84);
insert into SHOT values (4389, 4404, 4410, 2236, 2.470, 309.87, 58.90, 2.475, 309.92, 58.92, 0.006, 341.54, 65.22);
insert into SHOT values (4390, 4404, 4411, 2236, 2.190, 295.77, 56.30, 2.195, 295.93, 56.48, 0.009, 67.30, 59.83);
insert into SHOT values (4391, 4404, 4412, 2236, 2.500, 345.57, 57.50, 2.505, 345.86, 57.37, 0.010, 27.82, 8.36);
insert into SHOT values (4392, 4404, 4413, 2236, 3.940, 338.27, 66.20, 3.946, 338.27, 66.19, 0.006, 338.05, 56.89);
insert into SHOT values (4393, 4404, 4414, 2236, 3.870, 311.47, 66.90, 3.872, 311.54, 66.84, 0.005, 334.13, 3.26);
insert into SCRAPS values (2238, 2219, 'SP-Corneilles-1', 1, 5.74576, 0.68194);
 insert into SCRAPS values (2255, 2219, 'SP-Corneilles-3', 1, 31.50867, 2.13180);
 insert into SCRAPS values (2270, 2219, 'SP-Corneilles-2', 1, 22.53273, 1.42026);
 insert into SCRAPS values (2290, 2219, 'SP-Corneilles-5', 1, 49.63303, 3.97241);
 insert into SCRAPS values (2310, 2219, 'SP-Corneilles-4', 1, 17.55323, 2.05667);
 insert into SCRAPS values (2329, 2219, 'SP-Corneilles-6', 1, 0.49757, 0.11281);
 insert into SCRAPS values (2337, 2219, 'SC-Corneilles-1', 2, 29.19569, 1.37827);
 insert into SCRAPS values (2371, 2219, 'SC-Corneilles-3', 2, 44.88575, 2.12009);
 insert into SCRAPS values (2406, 2219, 'SC-Corneilles-4', 2, 50.06896, 2.25798);
 insert into SCRAPS values (2428, 2219, 'SC-Corneilles-2', 2, 10.17000, 0.51440);
 insert into MAPS values (2437, 2219, 'MP-Corneilles-plan-tot', 'Corneilles', 1, 181.140, -83.250);
 insert into MAPITEMS values (2437, 4, 2329);
 insert into MAPITEMS values (2437, 4, 2310);
 insert into MAPITEMS values (2437, 4, 2290);
 insert into MAPITEMS values (2437, 4, 2255);
 insert into MAPITEMS values (2437, 4, 2238);
 insert into MAPITEMS values (2437, 4, 2270);
 insert into MAPS values (2438, 2219, 'MC-Corneilles-coupe-tot', 'Corneilles', 2, 181.140, -83.250);
 insert into MAPITEMS values (2438, 4, 2406);
 insert into MAPITEMS values (2438, 4, 2428);
 insert into MAPITEMS values (2438, 4, 2337);
 insert into MAPITEMS values (2438, 4, 2371);
 insert into SURVEY values (2440, 58, 'val_ref', 'val_ref.Ded', 'val_ref');
 insert into CENTRELINE values (2441, 2440, NULL, NULL, NULL, 0.00, 0.00, 0.00);
 insert into SURVEY values (2442, 2440, 'val_ref', 'val_ref.val_ref.Ded', 'val_ref');
 insert into CENTRELINE values (2443, 2442, NULL, NULL, NULL, 0.00, 0.00, 0.00);
 insert into CENTRELINE values (2444, 2442, NULL, '2022-04-17', NULL, 0.00, 74.97, 0.00);
 insert into TOPO values (2, 2444);
 insert into TOPO values (35, 2444);
 insert into SHOT values (4394, 4415, 4416, 2444, 7.620, 335.23, -19.30, 7.823, 335.02, -18.10, 0.261, 328.89, 19.85);
insert into SHOT_FLAG values(4394, 'srf');
insert into SHOT values (4395, 4416, 4417, 2444, 10.930, 328.33, -13.40, 11.132, 328.37, -12.03, 0.332, 330.01, 39.86);
insert into SHOT_FLAG values(4395, 'srf');
insert into SHOT values (4396, 4417, 4418, 2444, 11.610, 337.43, -4.10, 11.821, 336.95, -3.25, 0.290, 313.59, 33.51);
insert into SHOT_FLAG values(4396, 'srf');
insert into SHOT values (4397, 4418, 4419, 2444, 9.850, 340.73, 6.00, 10.065, 340.13, 6.22, 0.241, 314.29, 14.52);
insert into SHOT_FLAG values(4397, 'srf');
insert into SHOT values (4398, 4419, 4420, 2444, 10.260, 342.73, 14.00, 10.477, 342.03, 13.75, 0.253, 313.28, 1.78);
insert into SHOT_FLAG values(4398, 'srf');
insert into SHOT values (4399, 4420, 4421, 2444, 10.450, 347.13, 16.00, 10.663, 346.19, 15.67, 0.277, 309.85, -0.09);
insert into SHOT_FLAG values(4399, 'srf');
insert into SHOT values (4400, 4421, 4422, 2444, 14.250, 340.13, 15.50, 14.465, 339.37, 15.11, 0.299, 301.68, -7.33);
insert into SHOT_FLAG values(4400, 'srf');
insert into SURVEY values (2447, 58, 'SE-tot', 'SE-tot.Ded', 'Suite escalade');
 insert into CENTRELINE values (2448, 2447, NULL, NULL, NULL, 0.00, 0.00, 0.00);
 insert into SURVEY values (2449, 2447, 'Suite_escalade', 'Suite_escalade.SE-tot.Ded', 'Suite escalade');
 insert into CENTRELINE values (2450, 2449, NULL, NULL, NULL, 0.00, 0.00, 0.00);
 insert into CENTRELINE values (2451, 2449, NULL, '2022-08-23', NULL, 78.18, 0.00, 0.00);
 insert into PERSON values (47, 'Coline', 'Camus(Speleo Campus)');
insert into TOPO values (47, 2451);
 insert into TOPO values (2, 2451);
 insert into SHOT values (4401, 4423, 4424, 2451, 2.020, 121.19, 0.20, 2.019, 121.01, 0.28, 0.007, 17.76, 25.15);
insert into SHOT values (4402, 4423, 4425, 2451, 2.600, 288.59, -2.70, 2.599, 288.64, -2.65, 0.004, 36.71, 41.61);
insert into SHOT values (4403, 4423, 4426, 2451, 5.260, 255.39, 77.10, 5.261, 255.61, 77.19, 0.009, 45.08, 17.20);
insert into SHOT values (4404, 4423, 4427, 2451, 6.710, 98.79, -71.80, 6.706, 98.79, -71.80, 0.004, 275.35, 74.68);
insert into SHOT values (4405, 4423, 4428, 2451, 4.380, 214.89, 43.30, 4.373, 214.89, 43.31, 0.007, 33.26, -34.06);
insert into SHOT values (4406, 4423, 4429, 2451, 1.940, 130.19, 19.40, 1.943, 130.13, 19.55, 0.006, 70.21, 68.54);
insert into SHOT values (4407, 4423, 4430, 2451, 2.770, 157.09, 14.80, 2.767, 156.89, 14.87, 0.010, 47.07, 13.66);
insert into SHOT values (4408, 4423, 4431, 2451, 1.760, 201.49, 1.50, 1.752, 201.44, 1.64, 0.009, 31.76, 25.09);
insert into SHOT values (4409, 4423, 4432, 2451, 1.280, 268.59, -4.40, 1.274, 268.65, -4.50, 0.006, 75.62, -16.62);
insert into SHOT values (4410, 4423, 4433, 2451, 2.970, 302.79, -36.50, 2.970, 303.02, -36.58, 0.011, 44.77, -18.43);
insert into SHOT values (4411, 4423, 4434, 2451, 2.470, 286.29, -68.60, 2.469, 286.82, -68.66, 0.009, 34.98, -1.89);
insert into SHOT values (4412, 4423, 4435, 2451, 7.100, 189.19, -85.80, 7.099, 188.91, -85.83, 0.005, 42.17, 11.75);
insert into SHOT values (4413, 4423, 4436, 2451, 7.530, 137.69, -76.10, 7.530, 137.47, -76.13, 0.008, 16.40, -3.63);
insert into SHOT values (4414, 4423, 4437, 2451, 6.850, 140.49, -77.80, 6.844, 140.35, -77.84, 0.009, 351.19, 37.78);
insert into SHOT values (4415, 4423, 4438, 2451, 7.340, 262.99, 68.60, 7.337, 263.14, 68.58, 0.008, 345.31, -28.46);
insert into SHOT values (4416, 4423, 4439, 2451, 8.320, 223.39, 58.20, 8.325, 223.06, 58.26, 0.027, 122.50, 19.16);
insert into SHOT values (4417, 4439, 4440, 2451, 6.640, 231.39, -3.30, 6.642, 231.37, -3.28, 0.004, 186.27, 36.16);
insert into SHOT values (4418, 4439, 4441, 2451, 3.000, 251.49, -0.80, 2.995, 251.50, -0.77, 0.005, 60.47, 20.21);
insert into SHOT values (4419, 4439, 4442, 2451, 1.860, 279.89, -2.80, 1.860, 279.92, -2.77, 0.001, 10.54, 38.95);
insert into SHOT values (4420, 4439, 4443, 2451, 1.210, 81.89, -2.50, 1.213, 81.94, -2.36, 0.004, 100.86, 39.99);
insert into SHOT values (4421, 4439, 4444, 2451, 2.130, 49.59, 1.20, 2.136, 49.75, 1.34, 0.010, 93.94, 31.97);
insert into SHOT values (4422, 4439, 4445, 2451, 1.850, 22.79, -3.80, 1.850, 22.95, -3.72, 0.006, 110.20, 25.65);
insert into SHOT values (4423, 4439, 4446, 2451, 1.360, 50.99, -84.30, 1.357, 50.71, -83.99, 0.008, 45.45, 24.82);
insert into SHOT values (4424, 4439, 4447, 2451, 11.500, 57.09, 85.50, 11.506, 57.19, 85.49, 0.006, 96.33, 64.80);
insert into SHOT values (4425, 4439, 4448, 2451, 3.120, 246.59, -2.40, 3.096, 246.17, -2.22, 0.034, 110.25, 18.10);
insert into SHOT values (4426, 4448, 4449, 2451, 3.740, 196.19, -8.30, 3.738, 196.33, -8.31, 0.009, 296.26, -0.66);
insert into SHOT values (4427, 4448, 4450, 2451, 6.840, 206.19, -60.60, 6.841, 206.34, -60.60, 0.009, 290.95, -5.79);
insert into SHOT values (4428, 4448, 4451, 2451, 9.770, 216.69, -69.80, 9.770, 216.80, -69.81, 0.007, 319.61, -7.50);
insert into SHOT values (4429, 4448, 4452, 2451, 4.790, 207.09, -73.90, 4.788, 207.34, -73.89, 0.006, 297.14, 20.13);
insert into SHOT values (4430, 4448, 4453, 2451, 2.510, 198.69, -81.70, 2.516, 199.44, -81.76, 0.008, 309.56, -51.08);
insert into SHOT values (4431, 4448, 4454, 2451, 5.630, 51.39, -74.20, 5.632, 51.11, -74.25, 0.009, 293.19, -17.76);
insert into SHOT values (4432, 4448, 4455, 2451, 1.580, 103.29, -4.40, 1.576, 103.24, -4.37, 0.004, 302.52, 17.87);
insert into SHOT values (4433, 4448, 4456, 2451, 1.670, 151.59, -3.00, 1.662, 151.58, -3.10, 0.008, 332.33, -18.69);
insert into SHOT values (4434, 4448, 4457, 2451, 3.070, 177.29, -3.00, 3.067, 177.38, -2.99, 0.006, 294.45, 6.73);
insert into SHOT values (4435, 4448, 4458, 2451, 7.660, 186.89, 59.50, 7.660, 186.94, 59.49, 0.004, 265.62, -1.16);
insert into SHOT values (4436, 4448, 4459, 2451, 8.070, 159.49, 78.80, 8.062, 159.70, 78.87, 0.014, 310.94, -27.12);
insert into SHOT values (4437, 4448, 4460, 2451, 7.460, 55.69, 74.60, 7.457, 55.51, 74.62, 0.007, 297.22, -16.98);
insert into SHOT values (4438, 4448, 4461, 2451, 2.230, 47.49, 10.80, 2.227, 47.41, 10.87, 0.005, 266.54, 24.72);
insert into SHOT values (4439, 4448, 4462, 2451, 2.560, 35.99, -13.70, 2.566, 35.86, -13.75, 0.008, 349.24, -25.89);
insert into SHOT values (4440, 4448, 4463, 2451, 8.480, 117.09, 81.70, 8.489, 117.16, 81.24, 0.068, 118.48, -0.99);
insert into SHOT values (4441, 4463, 4464, 2451, 0.950, 15.39, 12.90, 0.948, 15.09, 13.42, 0.010, 243.51, 51.22);
insert into SHOT values (4442, 4463, 4465, 2451, 1.060, 39.59, 15.00, 1.061, 39.45, 15.31, 0.006, 290.66, 65.13);
insert into SHOT values (4443, 4463, 4466, 2451, 0.460, 322.69, -1.40, 0.464, 322.88, -1.23, 0.005, 343.80, 15.60);
insert into SHOT values (4444, 4463, 4467, 2451, 0.580, 261.99, -1.30, 0.586, 262.15, -0.98, 0.007, 278.24, 28.27);
insert into SHOT values (4445, 4463, 4468, 2451, 1.630, 238.79, -0.40, 1.633, 239.04, -0.35, 0.008, 308.13, 10.25);
insert into SHOT values (4446, 4463, 4469, 2451, 0.720, 33.49, -25.50, 0.719, 33.69, -25.53, 0.002, 144.01, -0.74);
insert into SHOT values (4447, 4463, 4470, 2451, 5.460, 42.09, 77.30, 5.463, 41.95, 77.35, 0.006, 259.53, 37.84);
insert into SHOT values (4448, 4463, 4471, 2451, 5.790, 23.69, 81.30, 5.796, 23.63, 81.34, 0.007, 222.07, 67.61);
insert into SHOT values (4449, 4463, 4472, 2451, 5.280, 304.69, 81.30, 5.285, 304.32, 81.70, 0.038, 132.51, 16.52);
insert into SHOT values (4450, 4472, 4473, 2451, 0.320, 164.89, -5.10, 0.312, 165.07, -5.52, 0.008, 338.04, -10.59);
insert into SHOT values (4451, 4472, 4474, 2451, 0.620, 104.59, -4.70, 0.620, 104.04, -4.62, 0.006, 19.62, 7.67);
insert into SHOT values (4452, 4472, 4475, 2451, 1.920, 83.59, -14.60, 1.923, 83.52, -14.46, 0.006, 56.15, 42.28);
insert into SHOT values (4453, 4472, 4476, 2451, 0.370, 184.29, 0.80, 0.371, 184.64, 1.54, 0.005, 245.52, 61.87);
insert into SHOT values (4454, 4472, 4477, 2451, 0.770, 221.19, -82.40, 0.766, 225.00, -82.58, 0.008, 336.12, 24.02);
insert into SHOT values (4455, 4472, 4478, 2451, 5.170, 112.49, -85.60, 5.165, 112.07, -85.57, 0.006, 64.26, 50.65);
insert into SHOT values (4456, 4472, 4479, 2451, 0.870, 99.79, 85.90, 0.872, 99.46, 86.00, 0.003, 293.80, 57.50);
insert into SHOT values (4457, 4472, 4480, 2451, 0.950, 95.69, 34.40, 0.951, 95.13, 34.59, 0.008, 359.99, 23.19);
insert into SHOT values (4458, 4472, 4481, 2451, 3.140, 250.59, 23.60, 3.130, 250.43, 23.74, 0.015, 104.55, 11.54);
insert into SHOT values (4459, 4481, 4482, 2451, 1.920, 348.19, 7.00, 1.916, 348.16, 7.20, 0.008, 178.20, 48.48);
insert into SHOT values (4460, 4481, 4483, 2451, 1.500, 43.69, -2.10, 1.500, 43.92, -1.91, 0.008, 130.61, 39.09);
insert into SHOT values (4461, 4481, 4484, 2451, 2.010, 329.19, 23.50, 2.005, 329.25, 23.52, 0.005, 126.02, -15.84);
insert into SHOT values (4462, 4481, 4485, 2451, 4.330, 50.39, 82.10, 4.331, 50.44, 82.08, 0.002, 70.84, 33.96);
insert into SHOT values (4463, 4481, 4486, 2451, 1.570, 6.99, -80.10, 1.564, 8.43, -79.95, 0.010, 73.86, 41.58);
insert into SHOT values (4464, 4481, 4487, 2451, 0.460, 130.79, 5.70, 0.464, 130.60, 6.19, 0.006, 106.23, 50.37);
insert into SHOT values (4465, 4481, 4488, 2451, 1.720, 89.49, -1.20, 1.720, 89.67, -1.00, 0.008, 175.30, 47.85);
insert into SHOT values (4466, 4481, 4489, 2451, 4.510, 228.39, 31.40, 4.507, 228.27, 31.43, 0.009, 113.53, 1.61);
insert into SHOT values (4467, 4481, 4490, 2451, 7.040, 239.69, 35.80, 7.034, 239.66, 35.86, 0.010, 77.61, 11.42);
insert into SHOT values (4468, 4481, 4491, 2451, 1.980, 251.69, 40.10, 1.978, 251.44, 40.32, 0.010, 117.57, 27.69);
insert into SHOT values (4469, 4481, 4492, 2451, 2.120, 268.79, 45.20, 2.122, 268.85, 45.38, 0.007, 64.64, 55.93);
insert into SHOT values (4470, 4481, 4493, 2451, 12.130, 278.89, 41.90, 12.110, 278.56, 42.42, 0.124, 128.87, 33.91);
insert into SHOT values (4471, 4493, 4494, 2451, 8.690, 86.59, -39.80, 8.685, 86.56, -39.81, 0.006, 297.88, 26.46);
insert into SHOT values (4472, 4493, 4495, 2451, 9.310, 100.69, -40.50, 9.315, 100.66, -40.51, 0.006, 51.61, -40.11);
insert into SHOT values (4473, 4493, 4496, 2451, 10.600, 114.99, -39.30, 10.599, 114.94, -39.28, 0.008, 46.13, 29.12);
insert into SHOT values (4474, 4493, 4497, 2451, 7.750, 135.79, -37.20, 7.753, 135.72, -37.22, 0.008, 49.29, -32.27);
insert into SHOT values (4475, 4493, 4498, 2451, 3.920, 171.29, -27.00, 3.918, 171.27, -27.02, 0.003, 18.88, -7.93);
insert into SHOT values (4476, 4493, 4499, 2451, 1.570, 193.99, -13.00, 1.565, 194.04, -12.92, 0.005, 356.31, 35.67);
insert into SHOT values (4477, 4493, 4500, 2451, 2.940, 188.89, 61.00, 2.940, 188.87, 60.96, 0.002, 174.62, -37.91);
insert into SHOT values (4478, 4493, 4501, 2451, 2.170, 63.29, -68.70, 2.168, 62.78, -68.71, 0.007, 323.91, 14.21);
insert into SHOT values (4479, 4493, 4502, 2451, 3.070, 106.99, -61.80, 3.075, 106.81, -61.82, 0.006, 33.84, -43.80);
insert into SHOT values (4480, 4493, 4503, 2451, 5.610, 103.09, -48.40, 5.614, 103.03, -48.42, 0.006, 32.46, -51.19);
insert into SHOT values (4481, 4493, 4504, 2451, 6.610, 121.69, -45.80, 6.610, 121.69, -45.82, 0.002, 291.69, -39.85);
insert into SHOT values (4482, 4493, 4505, 2451, 3.170, 152.49, -51.30, 3.169, 152.40, -51.20, 0.006, 116.24, 39.13);
insert into SHOT values (4483, 4493, 4506, 2451, 2.060, 239.39, -34.00, 2.059, 239.38, -33.95, 0.002, 218.14, 79.35);
insert into SHOT values (4484, 4493, 4507, 2451, 1.730, 294.09, -41.50, 1.731, 294.19, -41.64, 0.005, 67.04, -49.50);
insert into SHOT values (4485, 4493, 4508, 2451, 3.930, 291.39, 18.20, 3.900, 291.23, 18.38, 0.034, 129.06, 4.26);
insert into SHOT values (4486, 4508, 4509, 2451, 0.710, 58.39, 11.70, 0.719, 58.34, 11.23, 0.010, 54.99, -22.35);
insert into SHOT values (4487, 4508, 4510, 2451, 0.280, 196.59, -0.60, 0.282, 196.50, 0.00, 0.003, 182.68, 60.39);
insert into SHOT values (4488, 4508, 4511, 2451, 0.570, 152.49, -81.70, 0.566, 150.26, -81.81, 0.005, 33.74, 48.39);
insert into SHOT values (4489, 4508, 4512, 2451, 2.230, 12.89, 85.60, 2.227, 13.24, 85.50, 0.005, 29.80, -42.69);
insert into SHOT values (4490, 4508, 4513, 2451, 5.950, 324.29, 8.00, 5.955, 324.32, 8.01, 0.006, 354.88, 17.74);
insert into SHOT values (4491, 4508, 4514, 2451, 5.950, 319.59, 8.10, 5.914, 319.64, 8.26, 0.040, 130.82, 16.92);
insert into SHOT values (4492, 4514, 4515, 2451, 3.700, 187.49, 3.50, 3.698, 187.47, 3.41, 0.006, 35.09, -71.36);
insert into SHOT values (4493, 4514, 4516, 2451, 4.650, 216.49, 12.20, 4.645, 216.49, 12.18, 0.006, 31.41, -28.48);
insert into SHOT values (4494, 4514, 4517, 2451, 2.550, 266.39, -1.60, 2.546, 266.40, -1.58, 0.004, 80.16, 16.72);
insert into SHOT values (4495, 4514, 4518, 2451, 1.760, 89.59, -14.00, 1.763, 89.66, -14.11, 0.005, 135.25, -51.95);
insert into SHOT values (4496, 4514, 4519, 2451, 2.750, 113.79, -12.10, 2.752, 113.90, -12.16, 0.007, 185.25, -32.66);
insert into SHOT values (4497, 4514, 4520, 2451, 3.600, 141.19, -5.10, 3.598, 141.12, -5.10, 0.005, 31.95, 0.24);
insert into SHOT values (4498, 4514, 4521, 2451, 4.310, 177.19, 42.80, 4.312, 177.10, 42.80, 0.005, 106.89, 17.99);
insert into SHOT values (4499, 4514, 4522, 2451, 5.680, 202.29, 44.90, 5.677, 202.23, 44.94, 0.006, 63.81, 5.77);
insert into SHOT values (4500, 4514, 4523, 2451, 6.080, 224.49, 51.70, 6.079, 224.46, 51.69, 0.002, 161.71, -39.89);
insert into SHOT values (4501, 4514, 4524, 2451, 5.320, 198.99, 68.00, 5.319, 198.71, 67.96, 0.010, 123.38, -14.65);
insert into SHOT values (4502, 4514, 4525, 2451, 8.780, 240.59, 72.80, 8.783, 240.47, 72.80, 0.006, 161.58, 27.22);
insert into SHOT values (4503, 4514, 4526, 2451, 10.540, 269.99, 66.50, 10.534, 270.00, 66.50, 0.007, 69.72, -62.70);
insert into SHOT values (4504, 4514, 4527, 2451, 10.800, 273.49, 60.50, 10.791, 273.18, 61.02, 0.103, 110.69, 23.04);
insert into SHOT values (4505, 4527, 4528, 2451, 0.390, 17.79, -4.70, 0.390, 17.97, -4.41, 0.002, 95.00, 56.88);
insert into SHOT values (4506, 4527, 4529, 2451, 0.290, 6.49, 80.20, 0.284, 0.00, 79.88, 0.008, 279.72, -45.56);
insert into SHOT values (4507, 4527, 4530, 2451, 2.070, 343.89, -67.00, 2.076, 343.57, -66.94, 0.008, 298.27, -36.05);
insert into SHOT values (4508, 4527, 4531, 2451, 14.060, 309.39, 35.30, 14.063, 309.42, 35.27, 0.010, 352.42, -27.98);
insert into SHOT values (4509, 4527, 4532, 2451, 17.810, 309.49, 35.20, 17.808, 309.51, 35.18, 0.009, 19.42, -45.96);
insert into SHOT values (4510, 4527, 4533, 2451, 14.050, 309.49, 35.20, 14.028, 309.44, 35.77, 0.142, 134.92, 45.35);
insert into SHOT values (4511, 4533, 4534, 2451, 2.980, 179.79, -20.90, 3.003, 179.39, -20.67, 0.033, 143.09, 5.39);
insert into SURVEY values (2453, 2447, 'p110kriska', 'p110kriska.SE-tot.Ded', 'p110kriska');
 insert into CENTRELINE values (2454, 2453, NULL, NULL, NULL, 0.00, 0.00, 0.00);
 insert into CENTRELINE values (2455, 2453, NULL, '2022-11-13', NULL, 100.93, 0.00, 0.00);
 insert into PERSON values (48, 'Noemie', 'Briot (GUCEM)');
insert into TOPO values (48, 2455);
 insert into TOPO values (2, 2455);
 insert into SHOT values (4512, 4535, 4536, 2455, 11.340, 35.72, 82.40, 11.340, 35.80, 82.38, 0.005, 61.18, -4.44);
insert into SHOT values (4513, 4535, 4537, 2455, 0.550, 62.22, 3.90, 0.552, 62.97, 4.16, 0.008, 141.81, 19.57);
insert into SHOT values (4514, 4535, 4538, 2455, 0.970, 355.42, -4.80, 0.966, 355.83, -4.75, 0.008, 116.19, 8.34);
insert into SHOT values (4515, 4535, 4539, 2455, 4.320, 32.02, -66.00, 4.325, 32.25, -65.96, 0.009, 88.24, -22.76);
insert into SHOT values (4516, 4535, 4540, 2455, 0.320, 229.82, -12.70, 0.313, 228.99, -12.93, 0.009, 80.66, 2.33);
insert into SHOT values (4517, 4535, 4541, 2455, 3.510, 60.22, -71.50, 3.512, 60.45, -71.49, 0.005, 133.25, -16.89);
insert into SHOT values (4518, 4541, 4542, 2455, 1.080, 22.22, -10.70, 1.077, 22.20, -10.70, 0.003, 209.46, 10.69);
insert into SHOT values (4519, 4541, 4543, 2455, 0.250, 229.12, -13.70, 0.248, 228.37, -13.99, 0.004, 105.95, -11.77);
insert into SHOT values (4520, 4541, 4544, 2455, 0.980, 12.22, -58.90, 0.984, 12.41, -58.64, 0.006, 28.27, -8.16);
insert into SHOT values (4521, 4541, 4545, 2455, 3.850, 217.92, 76.20, 3.850, 217.87, 76.29, 0.006, 44.83, 10.26);
insert into SHOT values (4522, 4541, 4546, 2455, 3.270, 81.82, -39.80, 3.271, 81.77, -39.72, 0.005, 50.98, 36.98);
insert into SHOT values (4523, 4541, 4547, 2455, 2.150, 72.12, -50.20, 2.148, 72.22, -50.18, 0.003, 175.00, 35.94);
insert into SHOT values (4524, 4541, 4548, 2455, 1.230, 54.32, -54.70, 1.230, 54.09, -54.39, 0.007, 25.78, 32.39);
insert into SHOT values (4525, 4541, 4549, 2455, 3.770, 307.02, 37.00, 3.767, 307.02, 37.06, 0.005, 126.95, 13.43);
insert into SHOT values (4526, 4541, 4550, 2455, 3.950, 306.72, 37.10, 3.921, 306.65, 37.37, 0.035, 133.30, -4.41);
insert into SHOT values (4527, 4550, 4551, 2455, 1.020, 26.72, -69.90, 1.024, 26.57, -69.56, 0.008, 19.00, -16.22);
insert into SHOT values (4528, 4550, 4552, 2455, 0.220, 225.42, -31.50, 0.214, 225.00, -30.89, 0.006, 65.35, 51.23);
insert into SHOT values (4529, 4550, 4553, 2455, 1.170, 310.02, -6.20, 1.170, 310.12, -5.89, 0.007, 20.36, 71.53);
insert into SHOT values (4530, 4550, 4554, 2455, 5.790, 315.62, -12.40, 5.748, 315.72, -12.36, 0.043, 121.97, 17.90);
insert into SHOT values (4531, 4554, 4555, 2455, 3.240, 144.32, 2.50, 3.236, 144.44, 2.48, 0.008, 265.49, -9.56);
insert into SHOT values (4532, 4554, 4556, 2455, 1.350, 214.42, 6.50, 1.354, 214.40, 6.36, 0.005, 206.46, -35.45);
insert into SHOT values (4533, 4554, 4557, 2455, 2.700, 158.72, -1.00, 2.701, 158.95, -1.06, 0.011, 245.32, -15.16);
insert into SHOT values (4534, 4554, 4558, 2455, 2.190, 99.72, -0.50, 2.182, 99.76, -0.53, 0.009, 268.76, -5.99);
insert into SHOT values (4535, 4554, 4559, 2455, 1.210, 72.82, -2.30, 1.206, 72.62, -2.38, 0.006, 299.91, -13.77);
insert into SHOT values (4536, 4554, 4560, 2455, 23.510, 288.92, 87.00, 23.522, 288.43, 88.15, 0.473, 109.71, 3.91);
insert into SHOT values (4537, 4560, 4561, 2455, 0.770, 281.72, -3.10, 0.766, 281.31, -2.99, 0.007, 155.44, 13.51);
insert into SHOT values (4538, 4560, 4562, 2455, 3.270, 350.02, 1.00, 3.269, 350.13, 1.05, 0.007, 90.45, 24.29);
insert into SHOT values (4539, 4560, 4563, 2455, 3.150, 17.72, -3.50, 3.146, 17.80, -3.46, 0.006, 149.30, 21.94);
insert into SHOT values (4540, 4560, 4564, 2455, 1.020, 30.42, -3.10, 1.024, 30.58, -3.36, 0.007, 67.97, -46.48);
insert into SHOT values (4541, 4560, 4565, 2455, 0.180, 129.72, -84.70, 0.181, 135.00, -85.51, 0.003, 282.64, -15.07);
insert into SHOT values (4542, 4560, 4566, 2455, 0.160, 109.72, -85.40, 0.161, 135.00, -84.95, 0.006, 200.14, -4.88);
insert into SHOT values (4543, 4560, 4567, 2455, 0.390, 141.32, -85.50, 0.392, 146.31, -84.72, 0.006, 171.83, -11.02);
insert into SHOT values (4544, 4560, 4568, 2455, 0.180, 140.82, -84.20, 0.181, 153.43, -82.92, 0.006, 194.19, -8.61);
insert into SHOT values (4545, 4560, 4569, 2455, 0.140, 134.12, -83.20, 0.141, 135.00, -84.23, 0.003, 309.04, -21.93);
insert into SHOT values (4546, 4560, 4570, 2455, 0.610, 125.72, -82.60, 0.616, 125.54, -81.97, 0.009, 123.59, -34.25);
insert into SHOT values (4547, 4560, 4571, 2455, 0.130, 145.02, -82.30, 0.132, 153.43, -80.24, 0.006, 179.85, -11.57);
insert into SHOT values (4548, 4560, 4572, 2455, 1.990, 266.22, 62.10, 1.987, 265.65, 62.33, 0.013, 133.36, 5.92);
insert into SHOT values (4549, 4572, 4573, 2455, 1.150, 154.42, -0.20, 1.154, 154.32, 0.00, 0.006, 127.65, 42.18);
insert into SHOT values (4550, 4572, 4574, 2455, 1.180, 100.02, 0.40, 1.189, 100.18, 0.48, 0.009, 120.05, 10.75);
insert into SHOT values (4551, 4572, 4575, 2455, 3.280, 35.32, -4.10, 3.286, 35.44, -4.19, 0.010, 85.57, -32.96);
insert into SHOT values (4552, 4572, 4576, 2455, 4.140, 4.12, -8.80, 4.139, 4.21, -8.75, 0.007, 96.59, 29.51);
insert into SHOT values (4553, 4572, 4577, 2455, 3.170, 84.82, 73.30, 3.190, 85.08, 72.98, 0.027, 95.53, 30.91);
insert into SHOT values (4554, 4577, 4578, 2455, 1.930, 21.02, 4.50, 1.924, 21.08, 4.47, 0.006, 182.06, -13.39);
insert into SHOT values (4555, 4577, 4579, 2455, 2.830, 345.92, -3.30, 2.830, 345.87, -3.24, 0.004, 260.72, 45.92);
insert into SHOT values (4556, 4577, 4580, 2455, 2.580, 323.02, -5.20, 2.580, 322.91, -5.11, 0.006, 240.01, 36.38);
insert into SHOT values (4557, 4577, 4581, 2455, 1.060, 279.92, -12.00, 1.057, 279.46, -12.01, 0.009, 171.28, 2.53);
insert into SHOT values (4558, 4577, 4582, 2455, 1.100, 239.12, -5.80, 1.105, 238.77, -5.71, 0.008, 185.07, 7.88);
insert into SHOT values (4559, 4577, 4583, 2455, 1.250, 197.72, -2.50, 1.251, 197.71, -2.75, 0.005, 162.66, -85.03);
insert into SHOT values (4560, 4577, 4584, 2455, 4.420, 247.22, 63.00, 4.420, 246.76, 63.06, 0.017, 142.27, 6.03);
insert into SHOT values (4561, 4584, 4585, 2455, 0.260, 5.92, -7.20, 0.263, 6.58, -6.54, 0.005, 44.65, 28.24);
insert into SHOT values (4562, 4584, 4586, 2455, 2.850, 34.52, -3.50, 2.845, 34.53, -3.43, 0.006, 209.90, 42.66);
insert into SHOT values (4563, 4584, 4587, 2455, 2.590, 68.02, -4.10, 2.595, 67.99, -3.98, 0.007, 53.89, 43.79);
insert into SHOT values (4564, 4584, 4588, 2455, 2.430, 92.82, -3.40, 2.427, 92.84, -3.31, 0.005, 258.56, 55.41);
insert into SHOT values (4565, 4584, 4589, 2455, 1.800, 186.42, -7.50, 1.796, 186.45, -7.36, 0.006, 353.57, 55.32);
insert into SHOT values (4566, 4584, 4590, 2455, 2.300, 139.82, 3.30, 2.296, 139.78, 3.50, 0.009, 342.21, 58.75);
insert into SHOT values (4567, 4584, 4591, 2455, 1.450, 213.82, 7.40, 1.446, 213.91, 7.55, 0.006, 4.67, 35.23);
insert into SHOT values (4568, 4584, 4592, 2455, 1.450, 213.82, 7.60, 1.459, 213.14, 7.88, 0.021, 147.93, 23.59);
insert into SHOT values (4569, 4592, 4593, 2455, 6.890, 289.02, 77.70, 6.889, 288.82, 78.05, 0.043, 116.06, 11.02);
insert into SHOT values (4570, 4593, 4594, 2455, 0.560, 161.02, -4.70, 0.564, 160.28, -4.06, 0.011, 104.63, 33.82);
insert into SHOT values (4571, 4593, 4595, 2455, 0.490, 37.62, -3.30, 0.492, 37.57, -2.33, 0.009, 28.43, 70.62);
insert into SHOT values (4572, 4593, 4596, 2455, 1.530, 115.12, -6.90, 1.532, 114.88, -6.75, 0.008, 44.44, 29.24);
insert into SHOT values (4573, 4593, 4597, 2455, 5.610, 251.52, 70.00, 5.618, 251.18, 70.33, 0.035, 93.62, 31.52);
insert into SHOT values (4574, 4597, 4598, 2455, 0.860, 100.72, 10.30, 0.858, 100.91, 10.06, 0.005, 207.96, -52.26);
insert into SHOT values (4575, 4597, 4599, 2455, 1.050, 120.72, 16.20, 1.046, 121.16, 16.10, 0.009, 234.33, -19.37);
insert into SHOT values (4576, 4597, 4600, 2455, 1.280, 142.72, 22.30, 1.272, 142.94, 22.17, 0.010, 287.75, -36.70);
insert into SHOT values (4577, 4597, 4601, 2455, 2.820, 154.32, 21.70, 2.816, 154.41, 21.68, 0.006, 284.72, -25.96);
insert into SHOT values (4578, 4597, 4602, 2455, 1.930, 182.02, 27.80, 1.933, 182.01, 27.74, 0.004, 176.34, -1.89);
insert into SHOT values (4579, 4597, 4603, 2455, 1.380, 255.32, 32.20, 1.378, 255.13, 31.98, 0.007, 185.02, -52.43);
insert into SHOT values (4580, 4597, 4604, 2455, 1.350, 314.22, 22.30, 1.352, 314.03, 22.17, 0.006, 257.00, -24.28);
insert into SHOT values (4581, 4597, 4605, 2455, 1.420, 11.52, 7.10, 1.418, 11.47, 6.88, 0.006, 244.07, -73.51);
insert into SHOT values (4582, 4597, 4606, 2455, 1.930, 43.02, 1.80, 1.926, 42.89, 1.79, 0.006, 267.16, -5.77);
insert into SHOT values (4583, 4597, 4607, 2455, 9.130, 174.32, 77.70, 9.144, 174.29, 77.30, 0.065, 173.31, -0.38);
insert into SHOT values (4584, 4607, 4608, 2455, 1.810, 148.22, 3.10, 1.809, 147.89, 3.17, 0.011, 51.93, 11.49);
insert into SHOT values (4585, 4607, 4609, 2455, 1.590, 92.02, 1.30, 1.591, 91.80, 1.44, 0.007, 12.93, 32.14);
insert into SHOT values (4586, 4607, 4610, 2455, 2.550, 1.02, -3.50, 2.556, 1.12, -3.59, 0.008, 41.65, -32.06);
insert into SHOT values (4587, 4607, 4611, 2455, 1.420, 47.12, -6.60, 1.424, 47.29, -6.45, 0.007, 88.33, 26.96);
insert into SHOT values (4588, 4607, 4612, 2455, 1.480, 49.52, 3.50, 1.485, 49.65, 3.47, 0.006, 80.61, -3.14);
insert into SHOT values (4589, 4607, 4613, 2455, 2.380, 171.12, 38.60, 2.408, 170.84, 38.53, 0.030, 149.82, 30.49);
insert into SHOT values (4590, 4613, 4614, 2455, 17.150, 308.42, 79.60, 17.152, 308.50, 80.57, 0.289, 127.65, 10.30);
insert into SHOT values (4591, 4614, 4615, 2455, 0.940, 267.22, -6.10, 0.947, 266.96, -6.06, 0.008, 233.77, -0.80);
insert into SHOT values (4592, 4614, 4616, 2455, 1.670, 226.62, -2.60, 1.671, 226.46, -2.40, 0.008, 148.58, 49.36);
insert into SHOT values (4593, 4614, 4617, 2455, 2.410, 178.12, 11.50, 2.410, 178.06, 11.49, 0.003, 82.37, -10.23);
insert into SHOT values (4594, 4614, 4618, 2455, 5.020, 144.22, -2.20, 5.019, 144.25, -2.17, 0.004, 263.33, 44.43);
insert into SHOT values (4595, 4614, 4619, 2455, 5.360, 134.52, 2.80, 5.366, 134.55, 2.78, 0.007, 153.92, -15.05);
insert into SHOT values (4596, 4614, 4620, 2455, 22.860, 190.42, 87.70, 22.859, 190.58, 87.68, 0.009, 207.61, -10.30);
insert into SHOT values (4597, 4614, 4621, 2455, 3.730, 225.12, 54.60, 3.740, 224.63, 54.65, 0.021, 144.19, 26.75);
insert into SHOT values (4598, 4621, 4622, 2455, 2.910, 74.92, 4.80, 2.909, 75.00, 4.73, 0.006, 179.54, -39.02);
insert into SHOT values (4599, 4621, 4623, 2455, 6.470, 118.62, -6.60, 6.469, 118.64, -6.57, 0.004, 234.97, 60.21);
insert into SHOT values (4600, 4621, 4624, 2455, 6.080, 78.42, 29.80, 6.072, 78.39, 29.83, 0.009, 277.35, -10.39);
insert into SHOT values (4601, 4621, 4625, 2455, 1.690, 81.72, 78.30, 1.695, 81.63, 78.30, 0.005, 52.52, 78.04);
insert into SHOT values (4602, 4621, 4626, 2455, 11.130, 266.42, 81.80, 11.135, 266.40, 81.77, 0.007, 260.55, 33.57);
insert into SHOT values (4603, 4621, 4627, 2455, 14.860, 267.02, 74.10, 14.860, 267.05, 74.08, 0.005, 288.37, -17.42);
insert into SHOT values (4604, 4621, 4628, 2455, 0.990, 270.82, -6.40, 0.996, 270.58, -6.34, 0.008, 236.70, 2.70);
insert into SHOT values (4605, 4621, 4629, 2455, 2.660, 274.22, 19.30, 2.667, 274.33, 19.27, 0.008, 309.32, 5.83);
insert into SHOT values (4606, 4621, 4630, 2455, 1.720, 17.72, 59.80, 1.720, 17.59, 60.00, 0.006, 219.16, 32.88);
insert into SHOT values (4607, 4621, 4631, 2455, 6.040, 265.82, 74.10, 6.043, 265.41, 74.40, 0.034, 107.32, 19.24);
insert into SHOT values (4608, 4631, 4632, 2455, 0.490, 27.62, 1.00, 0.492, 26.57, 1.16, 0.009, 309.60, 8.87);
insert into SHOT values (4609, 4631, 4633, 2455, 1.920, 340.52, -1.90, 1.921, 340.53, -1.79, 0.004, 350.52, 76.37);
insert into SHOT values (4610, 4631, 4634, 2455, 2.810, 313.52, 4.80, 2.811, 313.55, 4.90, 0.005, 13.24, 70.06);
insert into SHOT values (4611, 4631, 4635, 2455, 1.690, 304.72, 2.10, 1.690, 304.63, 2.03, 0.003, 223.63, -35.23);
insert into SHOT values (4612, 4631, 4636, 2455, 2.680, 103.52, -17.70, 2.675, 103.38, -17.63, 0.009, 341.34, 33.13);
insert into SHOT values (4613, 4631, 4637, 2455, 1.790, 82.32, -9.20, 1.790, 82.19, -9.32, 0.006, 343.91, -42.99);
insert into SHOT values (4614, 4631, 4638, 2455, 2.210, 9.82, 71.50, 2.211, 10.01, 71.80, 0.012, 178.05, 20.97);
insert into SURVEY values (2457, 2447, 'jonction_p110', 'jonction_p110.SE-tot.Ded', 'jonction p110');
 insert into CENTRELINE values (2458, 2457, NULL, NULL, NULL, 0.00, 0.00, 0.00);
 insert into CENTRELINE values (2459, 2457, NULL, '2022-11-20', NULL, 16.63, 0.00, 0.00);
 insert into TOPO values (2, 2459);
 insert into SHOT values (4615, 4639, 4640, 2459, 1.240, 302.03, -17.90, 1.204, 302.16, -17.90, 0.036, 117.37, 18.00);
insert into SHOT values (4616, 4640, 4641, 2459, 2.320, 218.03, 1.10, 2.325, 217.66, 1.23, 0.016, 145.21, 19.34);
insert into SHOT values (4617, 4641, 4642, 2459, 4.350, 299.03, -3.20, 4.349, 298.93, -3.30, 0.010, 197.23, -43.14);
insert into SHOT values (4618, 4641, 4643, 2459, 3.860, 319.63, -2.80, 3.856, 319.53, -2.82, 0.008, 199.63, -10.76);
insert into SHOT values (4619, 4641, 4644, 2459, 3.010, 337.83, -1.00, 3.005, 337.70, -1.14, 0.011, 210.58, -42.78);
insert into SHOT values (4620, 4641, 4645, 2459, 2.490, 3.33, -5.60, 2.487, 3.24, -5.77, 0.009, 223.53, -52.23);
insert into SHOT values (4621, 4641, 4646, 2459, 5.900, 331.43, 72.60, 5.900, 331.55, 72.61, 0.004, 81.73, -0.26);
insert into SHOT values (4622, 4641, 4647, 2459, 1.320, 319.53, -57.80, 1.322, 319.04, -57.93, 0.007, 213.98, -26.33);
insert into SHOT values (4623, 4641, 4648, 2459, 2.650, 307.33, -29.90, 2.655, 307.22, -30.06, 0.010, 227.45, -64.30);
insert into SHOT values (4624, 4641, 4649, 2459, 3.260, 330.63, 1.30, 3.220, 330.81, 1.25, 0.042, 136.42, -5.44);
insert into SHOT values (4625, 4649, 4650, 2459, 6.890, 231.73, 73.50, 6.901, 231.25, 73.59, 0.023, 115.82, 37.28);
insert into SHOT values (4626, 4650, 4651, 2459, 0.550, 258.73, 12.30, 0.535, 257.83, 12.95, 0.018, 106.19, 9.09);
insert into SHOT values (4627, 4651, 4652, 2459, 0.220, 21.83, 15.70, 0.224, 21.80, 15.56, 0.004, 20.40, 7.37);
insert into SHOT values (4628, 4651, 4653, 2459, 0.390, 256.63, 85.90, 0.391, 251.57, 85.36, 0.005, 218.98, 12.33);
insert into SHOT values (4629, 4651, 4654, 2459, 0.430, 102.83, 22.40, 0.431, 102.99, 21.79, 0.005, 126.52, -52.69);
insert into SHOT values (4630, 4651, 4655, 2459, 0.830, 87.23, -48.10, 0.829, 86.88, -48.38, 0.005, 310.94, -24.68);
insert into SHOT values (4631, 4651, 4656, 2459, 0.870, 311.23, -40.40, 0.877, 311.35, -40.56, 0.007, 333.39, -58.42);
insert into SHOT values (4632, 4651, 4657, 2459, 0.370, 333.43, 0.40, 0.371, 332.74, 0.00, 0.005, 258.61, -29.48);
insert into SHOT values (4633, 4651, 4658, 2459, 1.340, 299.93, -15.40, 1.339, 299.74, -15.59, 0.006, 184.49, -42.72);
insert into SHOT values (4634, 4651, 4659, 2459, 1.280, 300.73, 17.50, 1.243, 300.47, 17.80, 0.038, 128.89, -7.40);
insert into SHOT values (4635, 4659, 4660, 2459, 1.090, 223.63, 39.10, 1.094, 223.09, 39.10, 0.009, 154.82, 16.79);
insert into SCRAPS values (2461, 2447, 'SC-SE-1', 2, 49.11087, 1.43535);
 insert into SCRAPS values (2490, 2447, 'SC-SE-2', 2, 20.53948, 0.57674);
 insert into SCRAPS values (2514, 2447, 'SC-SE-3', 2, 93.73385, 7.24303);
 insert into SCRAPS values (2530, 2447, 'SP-SE-1', 1, 5.95598, 0.54736);
 insert into SCRAPS values (2543, 2447, 'SP-SE-3', 1, 59.17029, 2.98013);
 insert into SCRAPS values (2575, 2447, 'SP-SE-4', 1, 86.02674, 9.18538);
 insert into SCRAPS values (2590, 2447, 'SP-SE-2', 1, 92.61172, 1.46530);
 insert into MAPS values (2610, 2447, 'MP-SE-plan-tot', 'SE', 1, 195.740, -141.610);
 insert into MAPITEMS values (2610, 4, 2590);
 insert into MAPITEMS values (2610, 4, 2530);
 insert into MAPITEMS values (2610, 4, 2543);
 insert into MAPITEMS values (2610, 4, 2575);
 insert into MAPS values (2611, 2447, 'MC-SE-elevation-tot', 'SE', 2, 195.740, -141.610);
 insert into MAPITEMS values (2611, 4, 2461);
 insert into MAPITEMS values (2611, 4, 2490);
 insert into MAPITEMS values (2611, 4, 2514);
 insert into SURVEY values (2613, 58, 'Vire', 'Vire.Ded', 'Vire');
 insert into CENTRELINE values (2614, 2613, NULL, NULL, NULL, 0.00, 0.00, 0.00);
 insert into SURVEY values (2615, 2613, 'Vire', 'Vire.Vire.Ded', 'Vire');
 insert into CENTRELINE values (2616, 2615, NULL, NULL, NULL, 0.00, 0.00, 0.00);
 insert into CENTRELINE values (2617, 2615, NULL, '2022-08-23', NULL, 69.76, 0.00, 0.00);
 insert into TOPO values (47, 2617);
 insert into TOPO values (2, 2617);
 insert into SHOT values (4636, 4661, 4662, 2617, 0.980, 296.29, 0.10, 0.984, 296.57, 0.00, 0.006, 347.45, -15.53);
insert into SHOT values (4637, 4661, 4663, 2617, 0.950, 0.49, -4.00, 0.952, 0.60, -3.61, 0.007, 39.92, 63.97);
insert into SHOT values (4638, 4661, 4664, 2617, 0.740, 41.59, -4.40, 0.738, 41.70, -3.88, 0.007, 171.47, 74.47);
insert into SHOT values (4639, 4661, 4665, 2617, 1.190, 35.59, -71.80, 1.190, 36.25, -71.78, 0.004, 121.40, 6.13);
insert into SHOT values (4640, 4661, 4666, 2617, 3.740, 299.49, 73.70, 3.728, 299.74, 74.96, 0.083, 116.44, 7.15);
insert into SHOT values (4641, 4666, 4667, 2617, 0.720, 126.09, -2.50, 0.723, 126.55, -3.17, 0.011, 191.65, -53.07);
insert into SHOT values (4642, 4666, 4668, 2617, 0.810, 169.09, 3.50, 0.815, 169.38, 3.52, 0.007, 206.64, 4.59);
insert into SHOT values (4643, 4666, 4669, 2617, 1.390, 136.19, 82.10, 1.383, 137.12, 82.06, 0.007, 226.62, -65.39);
insert into SHOT values (4644, 4666, 4670, 2617, 2.000, 190.09, 59.70, 2.036, 188.29, 59.26, 0.051, 143.83, 27.15);
insert into SHOT values (4645, 4670, 4671, 2617, 1.520, 53.09, -85.70, 1.514, 52.13, -85.68, 0.006, 324.10, 71.52);
insert into SHOT values (4646, 4670, 4672, 2617, 1.550, 337.19, 85.40, 1.554, 340.02, 85.68, 0.011, 119.20, 27.99);
insert into SHOT values (4647, 4670, 4673, 2617, 0.760, 15.69, 39.50, 0.761, 15.95, 40.08, 0.008, 162.48, 53.79);
insert into SHOT values (4648, 4670, 4674, 2617, 0.170, 247.99, 7.30, 0.164, 248.20, 10.52, 0.011, 63.13, 49.82);
insert into SHOT values (4649, 4670, 4675, 2617, 1.930, 316.69, 0.60, 1.924, 316.68, 0.60, 0.006, 137.07, -2.10);
insert into SHOT values (4650, 4670, 4676, 2617, 1.200, 339.89, 4.10, 1.196, 339.89, 4.32, 0.006, 157.65, 44.71);
insert into SHOT values (4651, 4670, 4677, 2617, 0.850, 303.09, -9.30, 0.848, 303.31, -8.82, 0.008, 53.42, 64.55);
insert into SHOT values (4652, 4670, 4678, 2617, 1.260, 303.39, -32.40, 1.256, 303.09, -32.24, 0.008, 197.44, 42.20);
insert into SHOT values (4653, 4670, 4679, 2617, 3.920, 309.59, 63.70, 3.883, 309.81, 65.02, 0.097, 125.86, 3.41);
insert into SHOT values (4654, 4679, 4680, 2617, 0.720, 123.59, -2.10, 0.716, 123.02, -2.40, 0.009, 4.28, -24.20);
insert into SHOT values (4655, 4679, 4681, 2617, 5.350, 104.59, -71.50, 5.355, 104.36, -71.57, 0.010, 339.07, -38.85);
insert into SHOT values (4656, 4679, 4682, 2617, 3.750, 34.89, -88.20, 3.752, 34.99, -88.14, 0.005, 37.92, -23.38);
insert into SHOT values (4657, 4679, 4683, 2617, 3.510, 67.59, -78.30, 3.514, 67.01, -78.23, 0.009, 13.04, -18.35);
insert into SHOT values (4658, 4679, 4684, 2617, 2.300, 153.49, -76.90, 2.298, 153.43, -77.07, 0.007, 337.22, 1.18);
insert into SHOT values (4659, 4679, 4685, 2617, 2.200, 286.39, -62.70, 2.206, 286.65, -62.68, 0.008, 339.93, -41.52);
insert into SHOT values (4660, 4679, 4686, 2617, 0.600, 212.29, -11.60, 0.599, 213.15, -12.52, 0.013, 318.61, -45.58);
insert into SHOT values (4661, 4679, 4687, 2617, 1.450, 299.19, -0.30, 1.455, 299.21, -0.39, 0.006, 305.48, -25.53);
insert into SHOT values (4662, 4679, 4688, 2617, 1.020, 145.89, 88.60, 1.020, 153.43, 88.74, 0.004, 279.04, 4.32);
insert into SHOT values (4663, 4679, 4689, 2617, 2.020, 171.49, 50.60, 2.087, 170.12, 50.06, 0.076, 142.30, 30.75);
insert into SHOT values (4664, 4689, 4690, 2617, 0.880, 53.19, -13.30, 0.879, 52.59, -13.15, 0.009, 320.56, 15.45);
insert into SHOT values (4665, 4689, 4691, 2617, 0.690, 2.79, -14.10, 0.692, 2.56, -14.22, 0.004, 302.02, -32.61);
insert into SHOT values (4666, 4689, 4692, 2617, 1.380, 111.19, 11.00, 1.377, 111.25, 10.89, 0.005, 261.90, -46.74);
insert into SHOT values (4667, 4689, 4693, 2617, 0.470, 165.09, -75.20, 0.474, 164.74, -76.08, 0.008, 351.49, -42.60);
insert into SHOT values (4668, 4689, 4694, 2617, 1.110, 74.59, 60.80, 1.111, 73.91, 60.84, 0.006, 341.37, 9.37);
insert into SHOT values (4669, 4689, 4695, 2617, 1.500, 154.49, 32.30, 1.607, 153.43, 31.93, 0.110, 139.86, 26.07);
insert into SHOT values (4670, 4695, 4696, 2617, 0.650, 264.79, -3.10, 0.654, 264.73, -3.51, 0.006, 254.41, -52.09);
insert into SHOT values (4671, 4695, 4697, 2617, 0.510, 182.09, -73.80, 0.510, 184.09, -74.02, 0.005, 294.44, -2.71);
insert into SHOT values (4672, 4695, 4698, 2617, 0.740, 81.69, -39.70, 0.742, 81.87, -40.32, 0.008, 235.36, -60.73);
insert into SHOT values (4673, 4695, 4699, 2617, 1.960, 350.69, -5.10, 1.965, 350.59, -5.26, 0.008, 310.93, -47.21);
insert into SHOT values (4674, 4695, 4700, 2617, 0.890, 322.19, -5.10, 0.894, 321.84, -5.14, 0.007, 267.19, -7.74);
insert into SHOT values (4675, 4695, 4701, 2617, 1.580, 296.79, -15.40, 1.582, 296.90, -15.40, 0.004, 357.08, -6.80);
insert into SHOT values (4676, 4695, 4702, 2617, 1.070, 318.59, -11.00, 1.076, 318.46, -11.25, 0.008, 293.85, -45.73);
insert into SHOT values (4677, 4695, 4703, 2617, 0.530, 274.79, -16.40, 0.533, 274.48, -16.34, 0.004, 234.05, -4.98);
insert into SHOT values (4678, 4695, 4704, 2617, 0.470, 241.59, 71.80, 0.464, 241.70, 71.45, 0.007, 260.55, -82.11);
insert into SHOT values (4679, 4695, 4705, 2617, 0.750, 263.19, 4.90, 0.758, 263.16, 4.54, 0.009, 260.53, -26.55);
insert into SHOT values (4680, 4695, 4706, 2617, 0.580, 249.99, 69.50, 0.570, 240.64, 71.22, 0.037, 123.58, -5.05);
insert into SHOT values (4681, 4706, 4707, 2617, 3.710, 144.49, 38.70, 3.817, 144.08, 38.19, 0.114, 133.17, 20.66);
insert into SHOT values (4682, 4707, 4708, 2617, 7.470, 253.69, 21.30, 7.459, 253.70, 21.30, 0.011, 62.17, -17.97);
insert into SHOT values (4683, 4707, 4709, 2617, 4.080, 349.09, 9.50, 4.078, 349.11, 9.46, 0.004, 123.42, -56.06);
insert into SHOT values (4684, 4707, 4710, 2617, 1.570, 48.99, 3.40, 1.576, 49.12, 3.27, 0.008, 78.55, -22.27);
insert into SHOT values (4685, 4707, 4711, 2617, 14.100, 249.19, 80.90, 14.097, 249.20, 80.92, 0.006, 61.74, -26.43);
insert into SHOT values (4686, 4707, 4712, 2617, 6.580, 281.19, 57.60, 6.571, 281.31, 57.63, 0.012, 55.44, -28.08);
insert into SHOT values (4687, 4707, 4713, 2617, 8.540, 281.99, 34.30, 8.539, 282.03, 34.29, 0.006, 12.35, -26.53);
insert into SHOT values (4688, 4707, 4714, 2617, 8.970, 247.49, 31.10, 8.964, 247.48, 31.10, 0.006, 78.97, -31.32);
insert into SHOT values (4689, 4707, 4715, 2617, 3.060, 352.99, 28.30, 3.064, 353.19, 28.25, 0.011, 56.77, -3.77);
insert into SHOT values (4690, 4707, 4716, 2617, 1.840, 292.59, -36.60, 1.840, 292.74, -36.72, 0.006, 55.62, -32.00);
insert into SHOT values (4691, 4707, 4717, 2617, 15.400, 248.39, 74.40, 15.397, 248.46, 74.41, 0.006, 1.74, -26.20);
insert into SHOT values (4692, 4707, 4718, 2617, 9.320, 250.49, 30.80, 9.313, 250.50, 30.81, 0.007, 53.69, -17.68);
insert into SHOT values (4693, 4707, 4719, 2617, 8.500, 282.69, 27.70, 8.499, 282.74, 27.69, 0.008, 16.30, -8.67);
insert into SHOT values (4694, 4707, 4720, 2617, 5.350, 323.39, 25.60, 5.350, 323.51, 25.58, 0.011, 46.35, -8.94);
insert into SHOT values (4695, 4707, 4721, 2617, 13.260, 311.99, 37.40, 13.259, 312.00, 37.38, 0.005, 359.75, -48.57);
insert into SHOT values (4696, 4721, 4722, 2617, 1.800, 186.29, -3.40, 1.803, 186.06, -3.18, 0.010, 120.53, 40.82);
insert into SHOT values (4697, 4721, 4723, 2617, 1.660, 184.49, 41.00, 1.661, 184.12, 41.02, 0.008, 97.28, 6.67);
insert into SHOT values (4698, 4721, 4724, 2617, 0.590, 138.19, 64.80, 0.597, 138.18, 64.73, 0.007, 137.78, 58.69);
insert into SHOT values (4699, 4721, 4725, 2617, 2.470, 52.49, -50.70, 2.472, 52.77, -50.58, 0.010, 106.48, 8.33);
insert into SHOT values (4700, 4721, 4726, 2617, 6.700, 78.39, -42.70, 6.702, 78.42, -42.64, 0.008, 100.58, 27.64);
insert into SHOT values (4701, 4721, 4727, 2617, 3.100, 276.19, 47.70, 3.102, 276.07, 47.85, 0.010, 138.93, 48.23);
insert into SHOT values (4702, 4721, 4728, 2617, 4.600, 270.59, 49.00, 4.594, 270.57, 49.06, 0.008, 96.33, -12.10);
insert into SHOT values (4703, 4707, 4729, 2617, 3.650, 240.99, 16.50, 3.586, 239.92, 16.86, 0.093, 104.00, 2.05);
insert into SHOT values (4704, 4729, 4730, 2617, 1.730, 159.49, -1.30, 1.732, 159.37, -1.32, 0.004, 91.82, -10.90);
insert into SHOT values (4705, 4729, 4731, 2617, 3.110, 213.69, 4.40, 3.110, 213.69, 4.43, 0.001, 318.32, 80.40);
insert into SHOT values (4706, 4729, 4732, 2617, 2.650, 256.49, 10.50, 2.646, 256.44, 10.45, 0.005, 107.56, -38.69);
insert into SHOT values (4707, 4729, 4733, 2617, 4.600, 293.09, 18.30, 4.595, 293.22, 18.26, 0.012, 45.36, -22.20);
insert into SHOT values (4708, 4729, 4734, 2617, 5.450, 330.29, 20.40, 5.452, 330.32, 20.40, 0.004, 29.70, 4.01);
insert into SHOT values (4709, 4729, 4735, 2617, 1.520, 100.29, 0.20, 1.524, 100.20, 0.00, 0.007, 72.40, -48.74);
insert into SHOT values (4710, 4729, 4736, 2617, 4.640, 55.49, -1.00, 4.647, 55.52, -0.99, 0.007, 79.66, 7.53);
insert into SHOT values (4711, 4729, 4737, 2617, 4.820, 32.89, 0.90, 4.824, 32.90, 0.95, 0.006, 48.18, 44.77);
insert into SHOT values (4712, 4729, 4738, 2617, 15.950, 356.39, 86.10, 15.947, 356.33, 86.07, 0.008, 347.55, -22.25);
insert into SHOT values (4713, 4729, 4739, 2617, 10.000, 59.49, 74.40, 10.000, 59.44, 74.37, 0.006, 35.47, -16.21);
insert into SHOT values (4714, 4729, 4740, 2617, 5.720, 60.59, 59.60, 5.716, 60.60, 59.60, 0.004, 221.82, -59.81);
insert into SHOT values (4715, 4729, 4741, 2617, 8.350, 282.09, 56.60, 8.348, 282.19, 56.61, 0.009, 31.37, -6.28);
insert into SHOT values (4716, 4729, 4742, 2617, 6.450, 332.39, 51.50, 6.453, 332.41, 51.50, 0.003, 27.33, 41.86);
insert into SHOT values (4717, 4729, 4743, 2617, 5.280, 9.29, 54.20, 5.279, 9.31, 54.17, 0.003, 40.64, -44.03);
insert into SHOT values (4718, 4729, 4744, 2617, 11.060, 261.09, 81.60, 11.064, 260.10, 83.36, 0.341, 84.84, 8.20);
insert into SHOT values (4719, 4744, 4745, 2617, 2.180, 207.09, -0.80, 2.183, 207.27, -0.79, 0.008, 275.49, 3.33);
insert into SHOT values (4720, 4744, 4746, 2617, 1.360, 143.29, 1.40, 1.359, 143.38, 1.69, 0.007, 267.71, 67.54);
insert into SHOT values (4721, 4744, 4747, 2617, 0.680, 72.89, -3.30, 0.671, 72.65, -2.56, 0.013, 271.45, 46.05);
insert into SHOT values (4722, 4744, 4748, 2617, 1.080, 38.29, 2.40, 1.069, 38.16, 2.68, 0.012, 230.82, 23.37);
insert into SHOT values (4723, 4744, 4749, 2617, 5.820, 166.29, 82.50, 5.853, 165.15, 81.56, 0.102, 156.55, 11.16);
insert into SHOT values (4724, 4749, 4750, 2617, 1.150, 297.79, 6.20, 1.148, 297.69, 6.50, 0.007, 153.88, 60.41);
insert into SHOT values (4725, 4749, 4751, 2617, 0.780, 239.39, -3.70, 0.782, 239.16, -3.67, 0.004, 181.88, 5.30);
insert into SHOT values (4726, 4749, 4752, 2617, 0.480, 172.89, -6.20, 0.476, 172.72, -6.02, 0.004, 14.36, 26.86);
insert into SHOT values (4727, 4749, 4753, 2617, 0.370, 24.89, -19.60, 0.373, 25.11, -18.75, 0.007, 41.13, 39.19);
insert into SHOT values (4728, 4749, 4754, 2617, 0.560, 309.39, 5.70, 0.558, 309.14, 6.18, 0.006, 169.28, 50.21);
insert into SHOT values (4729, 4749, 4755, 2617, 0.360, 107.19, -8.10, 0.370, 107.45, -7.76, 0.011, 116.27, 3.91);
insert into SHOT values (4730, 4749, 4756, 2617, 2.390, 201.49, 50.60, 2.390, 201.31, 50.71, 0.007, 74.28, 28.41);
insert into SHOT values (4731, 4749, 4757, 2617, 3.460, 201.49, 50.70, 3.462, 201.41, 50.73, 0.004, 106.48, 41.94);
insert into SHOT values (4732, 4749, 4758, 2617, 3.330, 201.39, 50.70, 3.328, 201.19, 50.83, 0.010, 66.61, 17.43);
insert into SHOT values (4733, 4749, 4759, 2617, 2.390, 201.49, 50.70, 2.390, 201.31, 50.71, 0.005, 107.63, 6.37);
insert into SHOT values (4734, 4749, 4760, 2617, 1.640, 10.69, -27.30, 1.639, 11.08, -27.23, 0.010, 101.90, 12.34);
insert into SHOT values (4735, 4749, 4761, 2617, 0.990, 337.79, -37.30, 0.988, 338.33, -37.37, 0.008, 83.12, -0.53);
insert into SHOT values (4736, 4749, 4762, 2617, 1.030, 165.69, -77.80, 1.024, 164.05, -77.68, 0.009, 81.66, 47.15);
insert into SHOT values (4737, 4749, 4763, 2617, 0.410, 76.69, 12.90, 0.413, 77.01, 14.03, 0.009, 151.84, 74.74);
insert into SHOT values (4738, 4749, 4764, 2617, 0.800, 10.19, 3.30, 0.806, 10.75, 3.56, 0.010, 65.93, 22.37);
insert into SHOT values (4739, 4749, 4765, 2617, 1.320, 319.69, -12.80, 1.317, 319.74, -12.72, 0.004, 118.25, 37.67);
insert into SHOT values (4740, 4749, 4766, 2617, 1.130, 316.09, -41.50, 1.121, 316.44, -41.32, 0.011, 87.31, 51.38);
insert into SHOT values (4741, 4749, 4767, 2617, 0.900, 135.59, -27.10, 0.904, 135.00, -26.96, 0.010, 76.15, -0.06);
insert into SHOT values (4742, 4749, 4768, 2617, 3.060, 304.29, 74.80, 3.049, 304.99, 76.10, 0.071, 116.93, 5.71);
insert into SHOT values (4743, 4768, 4769, 2617, 1.140, 119.09, -67.90, 1.142, 119.58, -68.13, 0.006, 252.61, -36.71);
insert into SHOT values (4744, 4768, 4770, 2617, 1.390, 164.39, -70.50, 1.390, 165.07, -70.43, 0.006, 237.35, 2.68);
insert into SHOT values (4745, 4768, 4771, 2617, 1.380, 147.39, -53.30, 1.384, 147.85, -53.32, 0.008, 220.28, -26.98);
insert into SHOT values (4746, 4768, 4772, 2617, 2.610, 138.29, -66.10, 2.613, 138.46, -66.17, 0.005, 259.61, -45.87);
insert into SHOT values (4747, 4768, 4773, 2617, 2.260, 151.89, -69.90, 2.258, 152.45, -69.84, 0.008, 230.33, 16.82);
insert into SHOT values (4748, 4768, 4774, 2617, 0.890, 241.19, 41.30, 0.852, 238.57, 42.01, 0.050, 99.59, -20.52);
insert into SHOT values (4749, 4774, 4775, 2617, 3.530, 336.49, 44.20, 3.529, 336.47, 44.19, 0.001, 209.74, -57.51);
insert into SHOT values (4750, 4774, 4776, 2617, 1.860, 256.99, 59.10, 1.864, 256.69, 59.15, 0.006, 172.42, 38.98);
insert into SHOT values (4751, 4774, 4777, 2617, 1.280, 181.69, 35.10, 1.285, 181.64, 35.16, 0.005, 165.91, 50.25);
insert into SHOT values (4752, 4774, 4778, 2617, 0.990, 124.19, 20.40, 0.993, 124.03, 20.64, 0.006, 60.39, 60.52);
insert into SHOT values (4753, 4774, 4779, 2617, 0.810, 51.69, 26.20, 0.811, 51.71, 26.37, 0.002, 203.00, 75.08);
insert into SHOT values (4754, 4774, 4780, 2617, 1.030, 13.89, 31.80, 1.034, 13.88, 32.14, 0.007, 336.77, 88.34);
insert into SHOT values (4755, 4774, 4781, 2617, 4.420, 244.39, 82.10, 4.421, 243.43, 82.15, 0.011, 133.37, 10.29);
insert into SHOT values (4756, 4774, 4782, 2617, 0.990, 206.19, -65.60, 0.990, 205.94, -65.43, 0.003, 171.04, 27.43);
insert into SHOT values (4757, 4774, 4783, 2617, 3.590, 335.29, 43.70, 3.518, 335.07, 44.37, 0.084, 162.08, -13.93);
insert into SHOT values (4758, 4783, 4784, 2617, 0.750, 218.89, -2.80, 0.755, 218.54, -3.04, 0.008, 177.79, -25.97);
insert into SHOT values (4759, 4783, 4785, 2617, 0.470, 269.09, -5.20, 0.462, 268.75, -4.97, 0.009, 107.55, 17.19);
insert into SHOT values (4760, 4783, 4786, 2617, 0.580, 160.39, -15.40, 0.583, 160.28, -14.92, 0.006, 144.97, 45.20);
insert into SHOT values (4761, 4783, 4787, 2617, 3.190, 224.99, 31.20, 3.183, 224.85, 31.22, 0.009, 90.66, -15.65);
insert into SHOT values (4762, 4783, 4788, 2617, 3.090, 301.39, 39.00, 3.024, 300.63, 39.42, 0.077, 146.58, -18.71);
insert into SHOT values (4763, 4788, 4789, 2617, 2.660, 128.59, 33.70, 2.731, 129.13, 33.32, 0.076, 146.11, 18.51);
insert into SHOT values (4764, 4789, 4790, 2617, 0.610, 196.39, 25.40, 0.696, 195.57, 24.61, 0.087, 190.14, 18.94);
insert into SCRAPS values (2619, 2613, 'SP-Vire-1', 1, 41.49287, 7.14390);
 insert into SCRAPS values (2639, 2613, 'SP-Vire-2', 1, 2.46003, 0.56655);
 insert into SCRAPS values (2660, 2613, 'SP-Vire-3', 1, 47.52371, 5.95725);
 insert into SCRAPS values (2673, 2613, 'SC-Vire-1', 2, 43.72203, 3.34567);
 insert into SCRAPS values (2695, 2613, 'SC-Vire-2', 2, 59.13756, 2.01767);
 insert into MAPS values (2723, 2613, 'MP-Vire-plan-tot', 'Vire', 1, 69.760, -41.740);
 insert into MAPITEMS values (2723, 4, 2619);
 insert into MAPITEMS values (2723, 4, 2639);
 insert into MAPITEMS values (2723, 4, 2660);
 insert into MAPS values (2724, 2613, 'MC-Vire-coupe-tot', 'Vire', 2, 69.760, -41.740);
 insert into MAPITEMS values (2724, 4, 2673);
 insert into MAPITEMS values (2724, 4, 2695);
 insert into SURVEY values (2727, 58, 'Aura', 'Aura.Ded', 'Aura');
 insert into CENTRELINE values (2728, 2727, NULL, NULL, NULL, 0.00, 0.00, 0.00);
 insert into SURVEY values (2729, 2727, 'aura', 'aura.Aura.Ded', 'aura');
 insert into CENTRELINE values (2730, 2729, NULL, NULL, NULL, 0.00, 0.00, 0.00);
 insert into CENTRELINE values (2731, 2729, NULL, '2021-07-17', NULL, 55.93, 0.00, 0.00);
 insert into TOPO values (12, 2731);
 insert into TOPO values (2, 2731);
 insert into SHOT values (4765, 4791, 4792, 2731, 9.740, 310.41, 64.20, 9.740, 311.25, 65.04, 0.155, 105.35, 23.06);
insert into SHOT values (4766, 4792, 4793, 2731, 1.770, 130.31, -64.50, 1.771, 130.19, -64.61, 0.004, 339.47, -37.79);
insert into SHOT values (4767, 4792, 4794, 2731, 1.490, 30.91, -23.10, 1.493, 30.68, -23.27, 0.008, 315.78, -43.58);
insert into SHOT values (4768, 4792, 4795, 2731, 1.020, 215.61, 10.50, 1.018, 216.07, 10.18, 0.010, 311.64, -35.87);
insert into SHOT values (4769, 4792, 4796, 2731, 0.830, 304.11, 11.50, 0.836, 304.08, 11.03, 0.009, 300.90, -35.59);
insert into SHOT values (4770, 4792, 4797, 2731, 1.420, 352.31, 1.40, 1.423, 352.33, 1.21, 0.006, 0.55, -55.71);
insert into SHOT values (4771, 4792, 4798, 2731, 6.190, 278.61, 31.90, 6.124, 279.13, 32.49, 0.103, 70.74, 10.57);
insert into SHOT values (4772, 4798, 4799, 2731, 2.580, 113.31, 1.40, 2.581, 113.29, 1.55, 0.007, 68.31, 79.15);
insert into SHOT values (4773, 4798, 4800, 2731, 2.860, 65.61, 2.20, 2.857, 65.59, 2.21, 0.003, 264.08, 4.31);
insert into SHOT values (4774, 4798, 4801, 2731, 1.530, 329.31, 2.40, 1.526, 329.23, 2.63, 0.007, 176.40, 52.66);
insert into SHOT values (4775, 4798, 4802, 2731, 1.120, 18.71, -82.70, 1.119, 21.04, -82.85, 0.007, 137.74, 8.10);
insert into SHOT values (4776, 4798, 4803, 2731, 4.830, 318.91, 63.40, 4.831, 318.94, 63.42, 0.002, 85.71, 39.58);
insert into SHOT values (4777, 4798, 4804, 2731, 5.270, 29.41, 85.50, 5.302, 31.37, 84.80, 0.073, 43.33, 20.98);
insert into SHOT values (4778, 4804, 4805, 2731, 2.380, 142.91, 10.60, 2.383, 142.98, 10.64, 0.005, 192.87, 28.33);
insert into SHOT values (4779, 4804, 4806, 2731, 2.210, 105.71, 15.00, 2.215, 105.72, 14.91, 0.006, 112.70, -20.10);
insert into SHOT values (4780, 4804, 4807, 2731, 1.650, 210.31, 3.20, 1.647, 210.31, 3.13, 0.003, 30.58, -38.49);
insert into SHOT values (4781, 4804, 4808, 2731, 6.060, 169.01, 79.80, 6.072, 167.41, 79.99, 0.038, 47.26, 24.55);
insert into SHOT values (4782, 4808, 4809, 2731, 1.450, 222.81, 9.50, 1.449, 222.73, 9.53, 0.002, 113.92, 19.00);
insert into SHOT values (4783, 4808, 4810, 2731, 1.470, 257.01, 13.30, 1.466, 257.04, 13.41, 0.005, 67.46, 23.15);
insert into SHOT values (4784, 4808, 4811, 2731, 1.520, 272.11, 8.20, 1.517, 271.91, 8.34, 0.007, 147.06, 26.84);
insert into SHOT values (4785, 4808, 4812, 2731, 5.130, 279.11, 3.40, 5.124, 279.11, 3.47, 0.009, 94.84, 41.80);
insert into SHOT values (4786, 4808, 4813, 2731, 3.420, 287.41, 6.70, 3.417, 287.31, 6.72, 0.006, 169.93, 9.00);
insert into SHOT values (4787, 4808, 4814, 2731, 1.370, 307.71, 4.00, 1.366, 307.54, 4.20, 0.007, 168.16, 36.41);
insert into SHOT values (4788, 4808, 4815, 2731, 3.750, 248.11, 75.40, 3.749, 248.09, 75.52, 0.008, 70.84, 8.27);
insert into SHOT values (4789, 4808, 4816, 2731, 2.410, 225.11, 51.50, 2.412, 225.00, 51.58, 0.005, 111.97, 52.12);
insert into SHOT values (4790, 4808, 4817, 2731, 2.710, 164.51, 16.30, 2.717, 164.42, 16.46, 0.011, 123.50, 56.42);
insert into SHOT values (4791, 4808, 4818, 2731, 7.170, 54.51, -82.40, 7.164, 54.81, -82.34, 0.011, 94.14, 41.44);
insert into SHOT values (4792, 4808, 4819, 2731, 3.820, 283.41, 29.30, 3.754, 283.87, 29.88, 0.081, 84.62, 0.40);
insert into SHOT values (4793, 4819, 4820, 2731, 0.730, 193.11, 13.90, 0.731, 193.06, 14.26, 0.005, 76.87, 81.24);
insert into SHOT values (4794, 4819, 4821, 2731, 0.710, 189.01, 2.50, 0.709, 188.93, 2.42, 0.002, 61.15, -39.01);
insert into SHOT values (4795, 4819, 4822, 2731, 1.320, 142.91, 1.70, 1.321, 142.70, 1.74, 0.005, 60.06, 9.74);
insert into SHOT values (4796, 4819, 4823, 2731, 2.990, 110.51, 1.10, 2.991, 110.56, 1.15, 0.004, 180.11, 43.61);
insert into SHOT values (4797, 4819, 4824, 2731, 1.590, 91.51, -1.20, 1.591, 91.44, -1.08, 0.004, 26.44, 58.54);
insert into SHOT values (4798, 4819, 4825, 2731, 0.750, 47.61, 8.00, 0.751, 47.73, 8.42, 0.006, 116.39, 73.55);
insert into SHOT values (4799, 4819, 4826, 2731, 1.930, 232.81, 0.70, 1.928, 233.01, 0.89, 0.010, 337.99, 42.05);
insert into SHOT values (4800, 4819, 4827, 2731, 1.090, 218.51, 11.50, 1.083, 218.49, 11.72, 0.008, 40.71, 19.25);
insert into SHOT values (4801, 4819, 4828, 2731, 2.330, 267.91, 8.10, 2.325, 268.01, 8.16, 0.007, 50.86, 14.19);
insert into SHOT values (4802, 4819, 4829, 2731, 3.090, 240.71, -77.80, 3.090, 240.69, -77.79, 0.001, 224.93, 16.74);
insert into SHOT values (4803, 4819, 4830, 2731, 9.010, 11.61, 89.00, 9.011, 10.62, 88.96, 0.006, 344.66, 12.50);
insert into SHOT values (4804, 4819, 4831, 2731, 7.490, 96.41, 76.20, 7.497, 96.41, 76.18, 0.008, 97.89, 53.53);
insert into SHOT values (4805, 4819, 4832, 2731, 9.540, 271.41, 76.90, 9.540, 271.77, 78.26, 0.227, 88.21, 12.28);
insert into SHOT values (4806, 4832, 4833, 2731, 0.190, 58.61, -6.50, 0.198, 59.53, -5.79, 0.009, 79.36, 9.50);
insert into SHOT values (4807, 4832, 4834, 2731, 0.240, 212.81, -9.90, 0.237, 210.96, -9.73, 0.008, 99.01, 8.76);
insert into SHOT values (4808, 4832, 4835, 2731, 0.380, 130.01, -22.50, 0.375, 129.17, -21.90, 0.008, 10.82, 43.05);
insert into SHOT values (4809, 4832, 4836, 2731, 7.070, 133.91, -67.90, 7.069, 133.78, -67.90, 0.006, 38.15, 5.42);
insert into SHOT values (4810, 4832, 4837, 2731, 3.170, 193.61, -85.60, 3.169, 192.26, -85.74, 0.010, 48.55, 3.91);
insert into SHOT values (4811, 4832, 4838, 2731, 0.340, 253.51, -84.30, 0.332, 251.57, -84.53, 0.009, 99.85, 73.81);
insert into SHOT values (4812, 4832, 4839, 2731, 1.300, 320.61, 0.40, 1.301, 320.93, 0.44, 0.007, 42.99, 7.18);
insert into SHOT values (4813, 4832, 4840, 2731, 2.350, 310.61, -2.50, 2.297, 311.47, -2.25, 0.064, 97.38, 11.24);
insert into SHOT values (4814, 4840, 4841, 2731, 0.750, 55.61, 4.00, 0.756, 55.26, 3.79, 0.008, 19.54, -16.48);
insert into SHOT values (4815, 4840, 4842, 2731, 2.820, 158.11, 86.00, 2.817, 156.04, 85.99, 0.008, 69.20, -23.75);
insert into SHOT values (4816, 4840, 4843, 2731, 2.450, 148.41, -80.00, 2.448, 147.43, -79.95, 0.008, 71.49, 20.31);
insert into SHOT values (4817, 4840, 4844, 2731, 5.190, 176.31, -83.00, 5.189, 176.37, -83.01, 0.002, 328.12, 43.20);
insert into SHOT values (4818, 4840, 4845, 2731, 0.720, 355.51, 1.20, 0.722, 356.03, 1.59, 0.008, 69.65, 35.83);
insert into SHOT values (4819, 4840, 4846, 2731, 2.090, 303.31, -51.30, 2.032, 304.70, -51.50, 0.066, 87.33, 38.23);
insert into SHOT values (4820, 4846, 4847, 2731, 0.550, 211.91, -3.30, 0.554, 211.68, -4.14, 0.009, 176.80, -65.04);
insert into SHOT values (4821, 4846, 4848, 2731, 0.790, 266.91, 73.50, 0.782, 264.81, 73.59, 0.012, 152.87, -40.09);
insert into SHOT values (4822, 4846, 4849, 2731, 0.660, 225.51, -83.40, 0.665, 219.81, -83.25, 0.009, 148.97, -28.73);
insert into SHOT values (4823, 4846, 4850, 2731, 0.430, 151.51, -0.00, 0.434, 151.07, 0.00, 0.005, 113.17, 0.00);
insert into SHOT values (4824, 4846, 4851, 2731, 0.540, 162.61, 1.70, 0.544, 162.90, 1.05, 0.008, 195.33, -49.74);
insert into SHOT values (4825, 4846, 4852, 2731, 0.650, 343.61, -84.60, 0.653, 341.57, -84.44, 0.004, 295.69, -43.53);
insert into SHOT values (4826, 4846, 4853, 2731, 1.430, 145.41, 67.20, 1.425, 145.18, 66.84, 0.011, 125.36, -51.37);
insert into SHOT values (4827, 4846, 4854, 2731, 2.820, 325.91, -50.10, 2.790, 326.94, -50.41, 0.047, 100.31, 16.70);
insert into SHOT values (4828, 4854, 4855, 2731, 1.830, 198.51, 73.80, 1.832, 199.50, 73.86, 0.009, 297.60, 16.55);
insert into SHOT values (4829, 4854, 4856, 2731, 1.510, 273.71, 63.70, 1.517, 274.27, 63.71, 0.010, 340.69, 41.43);
insert into SHOT values (4830, 4854, 4857, 2731, 2.330, 359.91, 58.60, 2.334, 359.53, 58.49, 0.010, 306.99, 6.96);
insert into SHOT values (4831, 4854, 4858, 2731, 1.830, 334.71, 24.20, 1.833, 334.51, 24.15, 0.007, 276.96, -1.32);
insert into SHOT values (4832, 4854, 4859, 2731, 1.310, 137.81, 35.50, 1.312, 138.05, 35.94, 0.011, 271.36, 55.87);
insert into SHOT values (4833, 4854, 4860, 2731, 2.780, 292.91, 75.90, 2.787, 294.59, 76.54, 0.037, 79.31, 21.77);
insert into SHOT values (4834, 4860, 4861, 2731, 0.270, 17.41, 4.50, 0.273, 17.10, 4.20, 0.003, 350.59, -20.29);
insert into SHOT values (4835, 4860, 4862, 2731, 1.160, 325.41, 2.70, 1.167, 325.49, 2.95, 0.008, 340.71, 39.46);
insert into SHOT values (4836, 4860, 4863, 2731, 0.960, 142.41, -3.20, 0.957, 142.65, -2.99, 0.006, 263.78, 37.01);
insert into SHOT values (4837, 4860, 4864, 2731, 3.750, 179.31, 83.00, 3.747, 180.00, 83.10, 0.009, 321.61, -12.96);
insert into SHOT values (4838, 4860, 4865, 2731, 1.700, 314.11, 55.80, 1.707, 314.16, 55.70, 0.007, 321.85, 32.24);
insert into SHOT values (4839, 4860, 4866, 2731, 3.460, 141.41, -69.70, 3.456, 141.41, -69.64, 0.006, 145.65, 67.15);
insert into SHOT values (4840, 4860, 4867, 2731, 2.720, 125.21, -83.70, 2.716, 125.31, -83.78, 0.006, 298.23, 39.07);
insert into SHOT values (4841, 4860, 4868, 2731, 5.270, 324.41, 80.90, 5.283, 326.50, 81.12, 0.039, 86.37, 24.90);
insert into SHOT values (4842, 4868, 4869, 2731, 0.620, 108.91, -9.90, 0.622, 109.03, -9.26, 0.007, 133.73, 65.37);
insert into SHOT values (4843, 4868, 4870, 2731, 1.280, 158.51, -4.80, 1.283, 158.45, -4.47, 0.008, 140.03, 59.69);
insert into SHOT values (4844, 4868, 4871, 2731, 2.390, 164.61, -52.40, 2.390, 164.54, -52.26, 0.006, 144.24, 35.50);
insert into SHOT values (4845, 4868, 4872, 2731, 6.830, 197.61, -83.60, 6.823, 197.49, -83.56, 0.009, 176.13, 59.71);
insert into SHOT values (4846, 4868, 4873, 2731, 1.440, 138.91, 66.00, 1.445, 139.82, 65.95, 0.011, 210.06, 24.36);
insert into SURVEY values (2733, 2727, 'gps_aura', 'gps_aura.Aura.Ded', 'gps aura');
 insert into CENTRELINE values (2734, 2733, NULL, NULL, NULL, 0.00, 0.00, 0.00);
 insert into CENTRELINE values (2735, 2733, NULL, '2022-09-10', NULL, 3.04, 0.00, 0.00);
 insert into TOPO values (2, 2735);
 insert into SHOT values (4847, 4874, 4875, 2735, 1.350, 324.49, 15.50, 1.370, 323.30, 15.23, 0.034, 271.66, -1.28);
insert into SHOT values (4848, 4875, 4876, 2735, 1.690, 214.09, -4.20, 1.773, 214.86, -4.53, 0.086, 230.25, -10.83);
insert into SCRAPS values (2737, 2727, 'SP-aura-1', 1, 18.23252, 0.96351);
 insert into SCRAPS values (2754, 2727, 'SP-aura-2', 1, 9.72009, 1.87678);
 insert into SCRAPS values (2764, 2727, 'SP-aura-3', 1, 28.55210, 8.24430);
 insert into SCRAPS values (2773, 2727, 'SC-aura-1', 2, 76.92072, 1.39741);
 insert into MAPS values (2799, 2727, 'MP-Aura-plan-tot', 'Aura', 1, 55.930, -38.690);
 insert into MAPITEMS values (2799, 4, 2737);
 insert into MAPITEMS values (2799, 4, 2754);
 insert into MAPITEMS values (2799, 4, 2764);
 insert into MAPS values (2800, 2727, 'MC-Aura-coupe-tot', 'Aura', 2, 55.930, -38.690);
 insert into MAPITEMS values (2800, 4, 2773);
 insert into SURVEY values (2802, 58, 'jonction', 'jonction.Ded', 'jonction');
 insert into CENTRELINE values (2803, 2802, NULL, NULL, NULL, 0.00, 0.00, 0.00);
 insert into SURVEY values (2804, 2802, 'jonction', 'jonction.jonction.Ded', 'jonction');
 insert into CENTRELINE values (2805, 2804, NULL, NULL, NULL, 0.00, 0.00, 0.00);
 insert into CENTRELINE values (2806, 2804, NULL, '2021-07-17', NULL, 0.00, 12.37, 0.00);
 insert into TOPO values (12, 2806);
 insert into TOPO values (2, 2806);
 insert into SHOT values (4849, 4877, 4878, 2806, 4.890, 173.51, 25.00, 4.882, 172.59, 25.22, 0.074, 71.21, 10.44);
insert into SHOT_FLAG values(4849, 'srf');
insert into SHOT values (4850, 4878, 4879, 2806, 5.330, 178.71, -14.00, 5.289, 177.77, -13.89, 0.095, 64.15, 11.86);
insert into SHOT_FLAG values(4850, 'srf');
insert into SHOT values (4851, 4879, 4880, 2806, 2.150, 316.61, -36.00, 2.104, 317.86, -36.12, 0.060, 94.10, 23.31);
insert into SHOT_FLAG values(4851, 'srf');
insert into SCRAPS values (2808, 2802, 'SP-jonction', 1, 6.94011, 1.37299);
 insert into SCRAPS values (2815, 2802, 'SC-jonction', 3, 0.00000, 0.00000);
 insert into SURVEY values (2824, 58, 'Puits1', 'Puits1.Ded', 'Puits1');
 insert into CENTRELINE values (2825, 2824, NULL, NULL, NULL, 0.00, 0.00, 0.00);
 insert into SURVEY values (2826, 2824, 'Puits1', 'Puits1.Puits1.Ded', 'Puits1');
 insert into CENTRELINE values (2827, 2826, NULL, NULL, NULL, 0.00, 0.00, 0.00);
 insert into CENTRELINE values (2828, 2826, NULL, '2021-07-17', NULL, 17.02, 0.00, 0.00);
 insert into TOPO values (12, 2828);
 insert into TOPO values (2, 2828);
 insert into SHOT values (4852, 4881, 4882, 2828, 2.880, 324.11, 32.90, 2.885, 324.08, 32.97, 0.006, 294.46, 65.65);
insert into SHOT values (4853, 4882, 4883, 2828, 0.330, 81.11, 2.20, 0.334, 81.38, 1.72, 0.005, 103.07, -31.70);
insert into SHOT values (4854, 4882, 4884, 2828, 0.180, 259.41, -1.70, 0.185, 257.47, -3.10, 0.009, 204.43, -31.50);
insert into SHOT values (4855, 4882, 4885, 2828, 0.710, 67.21, -68.20, 0.709, 67.38, -68.50, 0.004, 235.13, -11.66);
insert into SHOT values (4856, 4882, 4886, 2828, 0.760, 74.51, -39.20, 0.760, 75.26, -39.16, 0.008, 161.55, 2.54);
insert into SHOT values (4857, 4882, 4887, 2828, 1.000, 15.71, -20.70, 0.997, 15.52, -20.54, 0.005, 261.01, 46.63);
insert into SHOT values (4858, 4882, 4888, 2828, 0.500, 207.11, 24.10, 0.502, 207.12, 23.47, 0.006, 208.66, -44.52);
insert into SHOT values (4859, 4882, 4889, 2828, 1.120, 355.11, -0.50, 1.115, 354.85, -0.51, 0.007, 217.28, -1.75);
insert into SHOT values (4860, 4882, 4890, 2828, 1.590, 328.21, -3.30, 1.593, 328.11, -3.24, 0.004, 282.34, 21.98);
insert into SHOT values (4861, 4882, 4891, 2828, 2.310, 344.51, -5.90, 2.305, 344.57, -5.98, 0.006, 138.49, -24.09);
insert into SHOT values (4862, 4891, 4892, 2828, 0.310, 236.21, -3.90, 0.311, 236.82, -3.68, 0.004, 304.23, 16.80);
insert into SHOT values (4863, 4891, 4893, 2828, 1.200, 232.81, 68.00, 1.198, 233.13, 67.93, 0.004, 312.42, -45.45);
insert into SHOT values (4864, 4891, 4894, 2828, 1.020, 214.31, -81.40, 1.021, 216.87, -81.55, 0.007, 326.06, -11.49);
insert into SHOT values (4865, 4891, 4895, 2828, 0.390, 272.11, -56.20, 0.388, 272.60, -55.46, 0.006, 302.37, 47.22);
insert into SHOT values (4866, 4891, 4896, 2828, 0.480, 232.21, 52.40, 0.479, 231.95, 52.45, 0.002, 110.16, -11.07);
insert into SHOT values (4867, 4891, 4897, 2828, 0.330, 356.41, 65.00, 0.331, 355.91, 64.93, 0.002, 302.74, 31.51);
insert into SHOT values (4868, 4891, 4898, 2828, 0.930, 65.41, -67.40, 0.930, 64.89, -67.66, 0.005, 284.25, -15.41);
insert into SHOT values (4869, 4891, 4899, 2828, 2.800, 340.11, -39.70, 2.806, 339.97, -39.64, 0.008, 301.28, -10.09);
insert into SHOT values (4870, 4899, 4900, 2828, 4.200, 272.71, 83.10, 4.200, 272.29, 83.16, 0.006, 133.68, 4.32);
insert into SHOT values (4871, 4899, 4901, 2828, 1.390, 175.11, 7.30, 1.397, 175.03, 7.40, 0.008, 159.11, 26.66);
insert into SHOT values (4872, 4899, 4902, 2828, 1.050, 56.11, -0.80, 1.046, 56.31, -0.55, 0.007, 195.34, 39.42);
insert into SHOT values (4873, 4899, 4903, 2828, 1.800, 219.61, 22.10, 1.803, 219.41, 22.16, 0.007, 147.74, 24.85);
insert into SHOT values (4874, 4899, 4904, 2828, 1.630, 328.31, 43.60, 1.631, 328.20, 43.84, 0.007, 178.12, 53.53);
insert into SHOT values (4875, 4899, 4905, 2828, 3.700, 334.41, 79.60, 3.700, 334.20, 79.63, 0.003, 211.70, 15.64);
insert into SHOT values (4876, 4899, 4906, 2828, 3.300, 152.21, 69.40, 3.302, 152.33, 69.38, 0.003, 205.79, 17.50);
insert into SHOT values (4877, 4899, 4907, 2828, 2.680, 138.91, 53.50, 2.685, 138.81, 53.57, 0.006, 57.58, 65.20);
insert into SHOT values (4878, 4899, 4908, 2828, 1.640, 14.01, 55.30, 1.639, 14.34, 55.47, 0.007, 145.50, 13.33);
insert into SHOT values (4879, 4899, 4909, 2828, 2.020, 73.41, 71.70, 2.023, 73.56, 71.67, 0.003, 117.70, 41.69);
insert into SHOT values (4880, 4899, 4910, 2828, 2.110, 117.71, 68.70, 2.115, 117.90, 68.67, 0.006, 158.59, 46.63);
insert into SHOT values (4881, 4899, 4911, 2828, 3.160, 340.11, 37.90, 3.154, 340.25, 37.97, 0.010, 119.17, -6.73);
insert into SHOT values (4882, 4899, 4912, 2828, 2.860, 340.41, 37.80, 2.869, 341.40, 38.09, 0.043, 73.77, 23.46);
insert into SHOT values (4883, 4912, 4913, 2828, 0.670, 208.81, 12.60, 0.671, 209.31, 12.92, 0.007, 300.88, 33.80);
insert into SHOT values (4884, 4912, 4914, 2828, 0.440, 297.21, 29.90, 0.443, 297.90, 29.76, 0.006, 352.21, 6.71);
insert into SHOT values (4885, 4912, 4915, 2828, 0.340, 81.71, 12.70, 0.341, 81.38, 11.84, 0.006, 39.59, -59.44);
insert into SHOT values (4886, 4912, 4916, 2828, 1.010, 151.71, 0.40, 1.002, 151.39, 0.57, 0.010, 7.89, 17.40);
insert into SHOT values (4887, 4912, 4917, 2828, 1.050, 109.31, -73.80, 1.052, 107.82, -73.76, 0.008, 27.27, -12.37);
insert into SHOT values (4888, 4912, 4918, 2828, 1.210, 47.01, 82.60, 1.210, 45.00, 82.61, 0.005, 313.07, 0.82);
insert into SHOT values (4889, 4912, 4919, 2828, 1.570, 234.71, 70.40, 1.570, 235.10, 70.49, 0.004, 358.17, 12.76);
insert into SHOT values (4890, 4912, 4920, 2828, 3.300, 321.51, 42.60, 3.290, 322.42, 42.90, 0.043, 78.19, 8.38);
insert into SHOT values (4891, 4920, 4921, 2828, 0.660, 174.71, 1.20, 0.653, 174.73, 0.88, 0.008, 352.95, -28.31);
insert into SHOT values (4892, 4920, 4922, 2828, 1.760, 125.21, -10.50, 1.752, 125.07, -10.52, 0.009, 332.74, 4.84);
insert into SHOT values (4893, 4920, 4923, 2828, 4.010, 202.71, -49.20, 4.009, 202.74, -49.32, 0.009, 11.53, -31.46);
insert into SHOT values (4894, 4920, 4924, 2828, 4.300, 145.81, -38.40, 4.293, 145.79, -38.46, 0.008, 332.73, 6.41);
insert into SHOT values (4895, 4920, 4925, 2828, 0.920, 200.11, 2.10, 0.918, 200.41, 1.87, 0.006, 310.36, -35.68);
insert into SHOT values (4896, 4920, 4926, 2828, 2.870, 193.51, 48.70, 2.848, 192.76, 49.33, 0.046, 45.54, 4.87);
insert into SCRAPS values (2830, 2824, 'SP-Puits1-1', 1, 38.60836, 3.13371);
 insert into SCRAPS values (2842, 2824, 'SC-Puits1-1', 2, 44.93061, 10.31883);
 insert into MAPS values (2852, 2824, 'MP-Puits1-plan-tot', 'Puits1', 1, 17.020, -6.170);
 insert into MAPITEMS values (2852, 4, 2830);
 insert into MAPS values (2853, 2824, 'MC-Puits1-coupe-tot', 'Puits1', 2, 17.020, -6.170);
 insert into MAPITEMS values (2853, 4, 2842);
 insert into SURVEY values (2855, 58, 'William', 'William.Ded', 'William');
 insert into CENTRELINE values (2856, 2855, NULL, NULL, NULL, 0.00, 0.00, 0.00);
 insert into SURVEY values (2857, 2855, 'William', 'William.William.Ded', 'William');
 insert into CENTRELINE values (2858, 2857, NULL, NULL, NULL, 0.00, 0.00, 0.00);
 insert into CENTRELINE values (2859, 2857, NULL, '2021-07-17', NULL, 55.40, 0.00, 0.00);
 insert into TOPO values (12, 2859);
 insert into TOPO values (2, 2859);
 insert into SHOT values (4897, 4927, 4928, 2859, 2.670, 168.51, -13.50, 2.678, 168.47, -13.61, 0.009, 155.08, -46.19);
insert into SHOT values (4898, 4927, 4929, 2859, 0.850, 104.61, -31.00, 0.857, 104.98, -30.91, 0.008, 141.61, -15.52);
insert into SHOT values (4899, 4927, 4930, 2859, 2.270, 343.71, 17.40, 2.272, 343.66, 17.42, 0.003, 290.68, 25.63);
insert into SHOT values (4900, 4927, 4931, 2859, 0.600, 184.21, 81.50, 0.597, 180.00, 81.33, 0.008, 103.43, -27.01);
insert into SHOT values (4901, 4927, 4932, 2859, 4.070, 298.31, 34.90, 4.070, 298.25, 34.92, 0.003, 201.71, 23.82);
insert into SHOT values (4902, 4932, 4933, 2859, 1.280, 25.11, 4.00, 1.283, 24.96, 4.02, 0.004, 334.50, 9.69);
insert into SHOT values (4903, 4932, 4934, 2859, 1.420, 123.91, -6.80, 1.422, 124.03, -6.87, 0.004, 183.84, -28.50);
insert into SHOT values (4904, 4932, 4935, 2859, 1.930, 264.11, -74.80, 1.936, 264.29, -74.96, 0.008, 59.76, -62.71);
insert into SHOT values (4905, 4932, 4936, 2859, 0.570, 110.71, 75.00, 0.570, 109.65, 74.87, 0.003, 42.79, -11.08);
insert into SHOT values (4906, 4932, 4937, 2859, 2.530, 207.21, -2.90, 2.530, 207.07, -2.95, 0.006, 118.06, -18.57);
insert into SHOT values (4907, 4932, 4938, 2859, 3.810, 180.11, -24.40, 3.813, 180.00, -24.48, 0.009, 92.66, -43.10);
insert into SHOT values (4908, 4932, 4939, 2859, 3.860, 157.61, -30.80, 3.868, 157.53, -30.79, 0.009, 122.70, -23.19);
insert into SHOT values (4909, 4932, 4940, 2859, 3.570, 97.01, -30.10, 3.574, 97.06, -30.06, 0.006, 125.71, 4.08);
insert into SHOT values (4910, 4932, 4941, 2859, 3.840, 283.01, 43.10, 3.836, 282.99, 43.08, 0.004, 119.33, -60.19);
insert into SHOT values (4911, 4932, 4942, 2859, 3.580, 259.71, 33.30, 3.574, 259.59, 33.25, 0.009, 142.97, -39.38);
insert into SHOT values (4912, 4942, 4943, 2859, 0.340, 111.21, 73.30, 0.343, 108.43, 73.96, 0.007, 348.51, 38.52);
insert into SHOT values (4913, 4942, 4944, 2859, 0.360, 290.41, -40.00, 0.361, 291.04, -39.54, 0.004, 338.25, 18.75);
insert into SHOT values (4914, 4942, 4945, 2859, 1.610, 289.51, 21.80, 1.612, 289.53, 21.85, 0.002, 311.44, 59.07);
insert into SHOT values (4915, 4942, 4946, 2859, 6.520, 120.81, -31.00, 6.520, 120.79, -31.02, 0.003, 356.35, -40.77);
insert into SHOT values (4916, 4942, 4947, 2859, 4.870, 354.61, 4.60, 4.877, 354.57, 4.59, 0.008, 332.33, -4.02);
insert into SHOT values (4917, 4942, 4948, 2859, 3.860, 239.71, 22.50, 3.858, 239.84, 22.56, 0.009, 355.10, 17.73);
insert into SHOT values (4918, 4948, 4949, 2859, 0.630, 134.31, -3.90, 0.631, 134.36, -3.64, 0.003, 167.60, 70.93);
insert into SHOT values (4919, 4948, 4950, 2859, 2.410, 115.11, 75.00, 2.412, 115.74, 75.06, 0.007, 222.10, 16.42);
insert into SHOT values (4920, 4948, 4951, 2859, 4.380, 315.11, 85.80, 4.382, 313.73, 85.83, 0.008, 206.38, 12.29);
insert into SHOT values (4921, 4948, 4952, 2859, 2.010, 198.01, 5.80, 2.018, 197.98, 5.69, 0.009, 192.47, -20.31);
insert into SHOT values (4922, 4948, 4953, 2859, 1.540, 51.21, 7.60, 1.536, 51.40, 7.48, 0.007, 177.79, -30.05);
insert into SHOT values (4923, 4948, 4954, 2859, 10.670, 53.21, -16.70, 10.667, 53.20, -16.73, 0.006, 256.65, -41.84);
insert into SHOT values (4924, 4954, 4955, 2859, 3.120, 319.21, 15.30, 3.119, 319.32, 15.43, 0.009, 75.01, 46.59);
insert into SHOT values (4925, 4954, 4956, 2859, 7.390, 317.21, 65.10, 7.394, 317.22, 65.16, 0.009, 130.56, 54.45);
insert into SHOT values (4926, 4954, 4957, 2859, 5.520, 241.91, 10.40, 5.522, 241.88, 10.43, 0.005, 185.89, 46.67);
insert into SHOT values (4927, 4954, 4958, 2859, 7.580, 259.51, 57.40, 7.581, 259.41, 57.44, 0.009, 138.26, 26.64);
insert into SHOT values (4928, 4954, 4959, 2859, 1.620, 159.91, 56.50, 1.620, 159.74, 56.45, 0.003, 95.71, -17.50);
insert into SHOT values (4929, 4954, 4960, 2859, 0.790, 134.81, 22.00, 0.794, 135.00, 22.19, 0.006, 175.19, 46.73);
insert into SHOT values (4930, 4954, 4961, 2859, 18.040, 30.01, 85.70, 18.041, 30.17, 85.70, 0.004, 110.36, 11.65);
insert into SHOT values (4931, 4954, 4962, 2859, 2.860, 43.91, 24.20, 2.860, 43.91, 24.15, 0.003, 59.20, -65.84);
insert into SHOT values (4932, 4954, 4963, 2859, 4.590, 5.11, 10.20, 4.592, 5.21, 10.29, 0.011, 86.54, 42.32);
insert into SHOT values (4933, 4954, 4964, 2859, 17.380, 67.31, 86.00, 17.367, 67.11, 88.39, 0.724, 247.44, 1.77);
insert into SHOT values (4934, 4964, 4965, 2859, 2.470, 250.11, 0.10, 2.471, 249.88, 0.23, 0.011, 164.71, 29.89);
insert into SHOT values (4935, 4964, 4966, 2859, 1.560, 174.81, -5.60, 1.564, 174.84, -5.51, 0.004, 187.79, 30.05);
insert into SHOT values (4936, 4964, 4967, 2859, 2.360, 218.91, -4.70, 2.361, 218.96, -4.62, 0.004, 276.12, 50.50);
insert into SHOT values (4937, 4964, 4968, 2859, 1.290, 108.91, -5.20, 1.295, 109.00, -4.87, 0.009, 128.80, 49.38);
insert into SHOT values (4938, 4964, 4969, 2859, 3.580, 72.71, -0.40, 3.581, 72.78, -0.32, 0.007, 155.33, 47.51);
insert into SHOT values (4939, 4964, 4970, 2859, 9.170, 83.81, 64.60, 9.175, 83.87, 64.62, 0.008, 185.04, 55.96);
insert into SHOT values (4940, 4964, 4971, 2859, 6.960, 30.21, 79.70, 6.962, 30.49, 79.73, 0.007, 144.72, 17.83);
insert into SHOT values (4941, 4964, 4972, 2859, 5.220, 301.11, 17.00, 5.213, 301.04, 17.07, 0.011, 155.58, 21.10);
insert into SHOT values (4942, 4964, 4973, 2859, 6.770, 39.21, 78.40, 6.736, 38.80, 79.35, 0.118, 223.51, -5.72);
insert into SHOT values (4943, 4973, 4974, 2859, 4.340, 225.31, -6.40, 4.340, 225.38, -6.35, 0.006, 309.91, 36.02);
insert into SHOT values (4944, 4973, 4975, 2859, 1.910, 251.91, 0.50, 1.913, 252.04, 0.60, 0.006, 304.90, 31.21);
insert into SHOT values (4945, 4973, 4976, 2859, 2.740, 314.61, 9.20, 2.744, 314.55, 9.23, 0.005, 277.97, 23.54);
insert into SHOT values (4946, 4973, 4977, 2859, 3.280, 86.21, -10.30, 3.281, 86.09, -10.36, 0.007, 359.35, -28.42);
insert into SHOT values (4947, 4973, 4978, 2859, 2.900, 255.81, 50.30, 2.949, 255.82, 49.42, 0.067, 256.15, 7.54);
insert into SHOT values (4948, 4978, 4979, 2859, 1.450, 17.81, 13.80, 1.450, 17.79, 13.97, 0.004, 222.58, 77.33);
insert into SHOT values (4949, 4978, 4980, 2859, 0.620, 342.81, 4.80, 0.619, 343.03, 4.63, 0.003, 94.75, -35.54);
insert into SHOT values (4950, 4978, 4981, 2859, 1.100, 355.51, 2.20, 1.105, 355.32, 2.59, 0.010, 317.09, 53.66);
insert into SHOT values (4951, 4978, 4982, 2859, 1.240, 63.81, -1.30, 1.239, 63.64, -1.39, 0.004, 319.72, -26.89);
insert into SHOT values (4952, 4978, 4983, 2859, 1.280, 92.31, -1.10, 1.281, 92.24, -0.89, 0.005, 40.02, 66.59);
insert into SHOT values (4953, 4978, 4984, 2859, 4.100, 0.81, 71.30, 4.070, 359.56, 71.52, 0.044, 229.47, -32.13);
insert into SHOT values (4954, 4984, 4985, 2859, 0.950, 257.41, -6.90, 0.950, 257.14, -6.65, 0.006, 174.37, 43.19);
insert into SHOT values (4955, 4984, 4986, 2859, 1.070, 278.31, -4.70, 1.064, 278.13, -4.31, 0.010, 127.99, 49.24);
insert into SHOT values (4956, 4984, 4987, 2859, 0.530, 340.71, 2.50, 0.529, 341.22, 3.25, 0.008, 87.22, 54.27);
insert into SHOT values (4957, 4984, 4988, 2859, 2.070, 191.41, 80.10, 2.064, 194.04, 79.64, 0.024, 240.41, -22.14);
insert into SHOT values (4958, 4988, 4989, 2859, 1.620, 45.21, -6.70, 1.616, 45.25, -6.75, 0.004, 206.66, -13.96);
insert into SHOT values (4959, 4988, 4990, 2859, 1.150, 71.01, -4.90, 1.146, 71.09, -5.01, 0.005, 229.67, -21.55);
insert into SHOT values (4960, 4988, 4991, 2859, 1.370, 1.81, 0.40, 1.361, 1.68, 0.42, 0.010, 199.01, 2.54);
insert into SHOT values (4961, 4988, 4992, 2859, 1.560, 102.71, -72.70, 1.560, 103.74, -72.73, 0.008, 197.72, -3.93);
insert into SHOT values (4962, 4988, 4993, 2859, 1.060, 84.41, 28.30, 1.051, 84.41, 28.41, 0.009, 263.81, -15.86);
insert into SCRAPS values (2861, 2855, 'SP-William-1', 1, 54.82368, 8.86375);
 insert into SCRAPS values (2878, 2855, 'SP-William-2', 1, 19.69332, 1.75485);
 insert into SCRAPS values (2887, 2855, 'SC-William-1', 2, 29.57890, 2.16510);
 insert into MAPS values (2908, 2855, 'MP-William-plan-tot', 'William', 1, 55.400, -34.810);
 insert into MAPITEMS values (2908, 4, 2861);
 insert into MAPITEMS values (2908, 4, 2878);
 insert into MAPS values (2909, 2855, 'MC-William-coupe-tot', 'William', 2, 55.400, -34.810);
 insert into MAPITEMS values (2909, 4, 2887);
 insert into MAPS values (2911, 58, 'MP-Ded-tot', 'Synthese topographie du Reseau Ded', 1, 2718.181, -692.900);
 insert into MAPITEMS values (2911, 4, 1777);
 insert into MAPITEMS values (2911, 4, 2216);
 insert into MAPITEMS values (2911, 4, 2799);
 insert into MAPITEMS values (2911, 4, 2437);
 insert into MAPITEMS values (2911, 4, 329);
 insert into MAPITEMS values (2911, 4, 2852);
 insert into MAPITEMS values (2911, 4, 2908);
 insert into MAPITEMS values (2911, 4, 2723);
 insert into MAPITEMS values (2911, 4, 2610);
 insert into MAPS values (2912, 58, 'MC-Ded-tot', 'Synthese topographie du Reseau Ded', 2, 2718.181, -692.900);
 insert into MAPITEMS values (2912, 4, 1778);
 insert into MAPITEMS values (2912, 4, 2217);
 insert into MAPITEMS values (2912, 4, 2800);
 insert into MAPITEMS values (2912, 4, 2438);
 insert into MAPITEMS values (2912, 4, 330);
 insert into MAPITEMS values (2912, 4, 2853);
 insert into MAPITEMS values (2912, 4, 2909);
 insert into MAPITEMS values (2912, 4, 2724);
 insert into MAPITEMS values (2912, 4, 2611);
 insert into STATION values (1, 'FT.0', 62, 246848.16, 5024244.29, -220.81);
insert into STATION values (2, '.', 62, 246846.50, 5024246.69, -221.08);
insert into STATION values (3, '.', 62, 246849.02, 5024246.66, -220.90);
insert into STATION values (4, '.', 62, 246850.12, 5024245.49, -220.83);
insert into STATION values (5, '.', 62, 246851.63, 5024244.23, -220.43);
insert into STATION values (6, '.', 62, 246847.57, 5024244.70, -224.57);
insert into STATION values (7, '.', 62, 246846.26, 5024246.58, -221.97);
insert into STATION values (8, '.', 62, 246846.23, 5024246.59, -218.40);
insert into STATION values (9, '.', 62, 246849.22, 5024246.05, -216.28);
insert into STATION values (10, '.', 62, 246851.22, 5024242.46, -216.04);
insert into STATION values (11, '.', 62, 246849.34, 5024243.36, -212.45);
insert into STATION values (12, 'FT.1', 62, 246849.47, 5024245.61, -219.62);
insert into STATION values (13, 'FT.2', 62, 246846.52, 5024242.54, -211.99);
insert into STATION values (14, '.', 62, 246845.38, 5024242.57, -211.92);
insert into STATION values (15, '.', 62, 246846.59, 5024240.87, -212.02);
insert into STATION values (16, '.', 62, 246845.40, 5024247.95, -211.75);
insert into STATION values (17, '.', 62, 246848.28, 5024244.56, -211.62);
insert into STATION values (18, '.', 62, 246848.57, 5024242.00, -211.93);
insert into STATION values (19, '.', 62, 246849.18, 5024243.57, -212.24);
insert into STATION values (20, '.', 62, 246845.24, 5024247.26, -205.41);
insert into STATION values (21, '.', 62, 246846.28, 5024243.31, -207.37);
insert into STATION values (22, 'FT.3', 62, 246844.33, 5024242.91, -203.23);
insert into STATION values (23, '.', 62, 246844.74, 5024242.75, -203.22);
insert into STATION values (24, '.', 62, 246844.84, 5024243.03, -203.27);
insert into STATION values (25, '.', 62, 246844.52, 5024243.24, -203.22);
insert into STATION values (26, '.', 62, 246844.51, 5024242.82, -202.90);
insert into STATION values (27, '.', 62, 246844.74, 5024242.26, -204.13);
insert into STATION values (28, '.', 62, 246844.09, 5024241.96, -204.13);
insert into STATION values (29, '.', 62, 246842.91, 5024242.63, -204.99);
insert into STATION values (30, '.', 62, 246844.11, 5024244.37, -205.37);
insert into STATION values (31, '.', 62, 246844.72, 5024243.23, -210.86);
insert into STATION values (32, '.', 62, 246843.18, 5024243.27, -209.88);
insert into STATION values (33, '.', 62, 246842.65, 5024242.87, -208.47);
insert into STATION values (34, '.', 62, 246842.57, 5024244.17, -208.36);
insert into STATION values (35, '.', 62, 246843.89, 5024242.44, -206.27);
insert into STATION values (36, 'FT.4', 62, 246844.44, 5024240.55, -202.22);
insert into STATION values (37, '.', 62, 246845.49, 5024240.22, -202.16);
insert into STATION values (38, '.', 62, 246845.50, 5024241.25, -202.22);
insert into STATION values (39, '.', 62, 246844.55, 5024241.54, -202.23);
insert into STATION values (40, '.', 62, 246844.07, 5024241.65, -202.30);
insert into STATION values (41, '.', 62, 246843.97, 5024240.82, -202.14);
insert into STATION values (42, '.', 62, 246844.53, 5024240.61, -203.14);
insert into STATION values (43, '.', 62, 246845.06, 5024241.29, -200.13);
insert into STATION values (44, '.', 62, 246844.90, 5024240.74, -199.39);
insert into STATION values (45, '.', 62, 246844.13, 5024242.12, -199.02);
insert into STATION values (46, '.', 62, 246844.89, 5024241.54, -200.12);
insert into STATION values (47, 'FT.5', 62, 246844.40, 5024241.57, -197.84);
insert into STATION values (48, '.', 62, 246846.26, 5024241.70, -197.82);
insert into STATION values (49, '.', 62, 246847.01, 5024239.76, -197.35);
insert into STATION values (50, '.', 62, 246845.71, 5024239.38, -197.19);
insert into STATION values (51, '.', 62, 246844.52, 5024239.24, -197.48);
insert into STATION values (52, '.', 62, 246845.27, 5024241.17, -195.93);
insert into STATION values (53, '.', 62, 246844.32, 5024241.47, -195.13);
insert into STATION values (54, '.', 62, 246844.14, 5024240.67, -196.40);
insert into STATION values (55, '.', 62, 246845.43, 5024238.85, -195.28);
insert into STATION values (56, '.', 62, 246844.71, 5024239.07, -197.63);
insert into STATION values (57, 'FT.6', 62, 246845.16, 5024238.32, -195.02);
insert into STATION values (58, '.', 62, 246844.22, 5024238.04, -194.90);
insert into STATION values (59, '.', 62, 246844.26, 5024239.02, -194.88);
insert into STATION values (60, '.', 62, 246843.95, 5024237.84, -195.02);
insert into STATION values (61, '.', 62, 246844.70, 5024240.12, -195.38);
insert into STATION values (62, '.', 62, 246845.42, 5024240.22, -195.14);
insert into STATION values (63, '.', 62, 246846.27, 5024240.19, -195.10);
insert into STATION values (64, '.', 62, 246844.53, 5024238.91, -191.66);
insert into STATION values (65, 'FT.7', 62, 246842.41, 5024236.48, -192.61);
insert into STATION values (66, '.', 62, 246840.67, 5024235.95, -192.31);
insert into STATION values (67, '.', 62, 246841.16, 5024237.25, -192.39);
insert into STATION values (68, '.', 62, 246842.15, 5024238.71, -192.72);
insert into STATION values (69, '.', 62, 246843.55, 5024239.32, -192.76);
insert into STATION values (70, '.', 62, 246842.58, 5024236.57, -194.20);
insert into STATION values (71, '.', 62, 246843.65, 5024237.51, -194.53);
insert into STATION values (72, '.', 62, 246840.44, 5024236.77, -188.54);
insert into STATION values (73, '.', 62, 246840.76, 5024238.27, -188.57);
insert into STATION values (74, '.', 62, 246842.14, 5024239.51, -188.60);
insert into STATION values (75, '.', 62, 246842.79, 5024239.75, -188.28);
insert into STATION values (76, '.', 62, 246842.52, 5024238.15, -187.62);
insert into STATION values (77, '.', 62, 246841.88, 5024237.50, -186.67);
insert into STATION values (78, '.', 62, 246840.14, 5024238.85, -182.01);
insert into STATION values (79, 'FT.8', 62, 246841.13, 5024238.84, -182.92);
insert into STATION values (80, '.', 62, 246839.60, 5024237.34, -182.68);
insert into STATION values (81, '.', 62, 246839.75, 5024238.70, -182.85);
insert into STATION values (82, '.', 62, 246839.93, 5024239.80, -182.85);
insert into STATION values (83, '.', 62, 246840.40, 5024240.50, -182.74);
insert into STATION values (84, '.', 62, 246840.51, 5024242.58, -182.39);
insert into STATION values (85, '.', 62, 246842.41, 5024241.64, -182.41);
insert into STATION values (86, '.', 62, 246843.04, 5024241.07, -182.54);
insert into STATION values (87, '.', 62, 246840.21, 5024238.22, -184.93);
insert into STATION values (88, '.', 62, 246840.48, 5024238.73, -184.83);
insert into STATION values (89, '.', 62, 246841.02, 5024239.36, -184.54);
insert into STATION values (90, 'FT.9', 62, 246841.60, 5024242.33, -182.44);
insert into STATION values (91, '.', 62, 246841.52, 5024242.31, -183.93);
insert into STATION values (92, '.', 62, 246841.67, 5024240.48, -184.01);
insert into STATION values (93, '.', 62, 246842.56, 5024240.68, -183.56);
insert into STATION values (94, '.', 62, 246840.41, 5024237.84, -182.49);
insert into STATION values (95, '.', 62, 246840.30, 5024241.46, -182.46);
insert into STATION values (96, '.', 62, 246840.51, 5024242.69, -182.53);
insert into STATION values (97, '.', 62, 246842.90, 5024240.56, -182.17);
insert into STATION values (98, '.', 62, 246841.97, 5024239.69, -182.23);
insert into STATION values (99, 'FT.10', 62, 246838.55, 5024242.08, -173.56);
insert into STATION values (100, '.', 62, 246838.91, 5024243.33, -173.39);
insert into STATION values (101, '.', 62, 246841.08, 5024243.52, -173.10);
insert into STATION values (102, '.', 62, 246840.59, 5024240.93, -173.40);
insert into STATION values (103, '.', 62, 246839.03, 5024240.18, -172.96);
insert into STATION values (104, '.', 62, 246838.60, 5024240.29, -173.52);
insert into STATION values (105, '.', 62, 246838.27, 5024241.82, -173.62);
insert into STATION values (106, '.', 62, 246838.74, 5024242.05, -169.83);
insert into STATION values (107, '.', 62, 246839.99, 5024242.12, -170.54);
insert into STATION values (108, '.', 62, 246840.51, 5024241.89, -171.79);
insert into STATION values (109, 'FT.11', 62, 246834.91, 5024241.85, -161.38);
insert into STATION values (110, '.', 62, 246834.24, 5024241.76, -161.35);
insert into STATION values (111, '.', 62, 246834.25, 5024242.24, -161.35);
insert into STATION values (112, '.', 62, 246831.73, 5024246.67, -161.11);
insert into STATION values (113, '.', 62, 246834.94, 5024242.93, -161.28);
insert into STATION values (114, '.', 62, 246834.81, 5024242.17, -162.50);
insert into STATION values (115, '.', 62, 246834.80, 5024242.52, -162.34);
insert into STATION values (116, '.', 62, 246834.55, 5024242.11, -160.29);
insert into STATION values (117, '.', 62, 246833.47, 5024243.10, -157.89);
insert into STATION values (118, 'FT.12', 62, 246832.76, 5024247.54, -159.68);
insert into STATION values (119, '.', 62, 246836.93, 5024250.65, -159.62);
insert into STATION values (120, '.', 62, 246836.26, 5024248.01, -159.34);
insert into STATION values (121, '.', 62, 246835.08, 5024246.11, -159.78);
insert into STATION values (122, '.', 62, 246834.06, 5024246.56, -165.93);
insert into STATION values (123, '.', 62, 246832.92, 5024246.09, -159.31);
insert into STATION values (124, '.', 62, 246834.81, 5024245.34, -159.28);
insert into STATION values (125, '.', 62, 246837.99, 5024249.15, -164.21);
insert into STATION values (126, '.', 62, 246832.89, 5024245.91, -163.32);
insert into STATION values (127, 'FT.13', 62, 246830.05, 5024245.75, -149.95);
insert into STATION values (128, '.', 62, 246829.51, 5024245.95, -149.99);
insert into STATION values (129, '.', 62, 246830.23, 5024246.94, -150.12);
insert into STATION values (130, '.', 62, 246829.23, 5024243.48, -150.12);
insert into STATION values (131, '.', 62, 246827.99, 5024243.38, -150.15);
insert into STATION values (132, '.', 62, 246828.00, 5024244.15, -150.18);
insert into STATION values (133, '.', 62, 246826.33, 5024244.15, -148.02);
insert into STATION values (134, '.', 62, 246830.62, 5024244.69, -156.47);
insert into STATION values (135, '.', 62, 246828.63, 5024244.35, -154.01);
insert into STATION values (136, '.', 62, 246830.25, 5024246.16, -153.61);
insert into STATION values (137, '.', 62, 246832.98, 5024246.17, -154.87);
insert into STATION values (138, 'FT.14', 62, 246831.17, 5024247.99, -149.96);
insert into STATION values (139, '.', 62, 246831.40, 5024247.78, -149.93);
insert into STATION values (140, '.', 62, 246830.97, 5024248.13, -149.97);
insert into STATION values (141, '.', 62, 246832.05, 5024248.75, -149.23);
insert into STATION values (142, '.', 62, 246830.82, 5024248.30, -148.69);
insert into STATION values (143, '.', 62, 246830.99, 5024248.04, -148.10);
insert into STATION values (144, '.', 62, 246831.56, 5024248.43, -148.22);
insert into STATION values (145, 'FT.15', 62, 246831.02, 5024248.41, -147.75);
insert into STATION values (146, '.', 62, 246830.69, 5024248.78, -147.89);
insert into STATION values (147, '.', 62, 246830.60, 5024248.42, -147.85);
insert into STATION values (148, '.', 62, 246830.51, 5024249.05, -146.99);
insert into STATION values (149, '.', 62, 246831.01, 5024249.05, -147.31);
insert into STATION values (150, '.', 62, 246830.85, 5024248.93, -147.55);
insert into STATION values (151, '.', 62, 246831.50, 5024248.18, -149.74);
insert into STATION values (152, '.', 62, 246829.65, 5024247.18, -147.51);
insert into STATION values (153, 'FT.16', 62, 246830.09, 5024250.52, -146.38);
insert into STATION values (154, '.', 62, 246829.55, 5024249.39, -146.35);
insert into STATION values (155, '.', 62, 246828.95, 5024250.30, -146.03);
insert into STATION values (156, '.', 62, 246827.91, 5024251.89, -145.70);
insert into STATION values (157, '.', 62, 246828.87, 5024252.94, -145.73);
insert into STATION values (158, '.', 62, 246830.21, 5024252.29, -146.20);
insert into STATION values (159, '.', 62, 246830.86, 5024252.28, -146.21);
insert into STATION values (160, '.', 62, 246832.07, 5024252.20, -146.31);
insert into STATION values (161, '.', 62, 246832.22, 5024251.41, -146.15);
insert into STATION values (162, '.', 62, 246831.29, 5024250.03, -146.32);
insert into STATION values (163, '.', 62, 246830.78, 5024249.58, -146.41);
insert into STATION values (164, '.', 62, 246831.02, 5024250.98, -147.46);
insert into STATION values (165, '.', 62, 246829.20, 5024251.81, -140.37);
insert into STATION values (166, '.', 62, 246828.10, 5024253.26, -144.90);
insert into STATION values (167, '.', 62, 246827.71, 5024254.06, -143.77);
insert into STATION values (168, 'FT.17', 62, 246827.98, 5024253.76, -143.12);
insert into STATION values (169, '.', 62, 246829.31, 5024254.62, -143.26);
insert into STATION values (170, '.', 62, 246827.82, 5024253.70, -144.33);
insert into STATION values (171, '.', 62, 246827.47, 5024252.44, -142.83);
insert into STATION values (172, '.', 62, 246826.44, 5024256.67, -142.22);
insert into STATION values (173, '.', 62, 246828.11, 5024255.72, -142.86);
insert into STATION values (174, 'FT.18', 62, 246827.81, 5024255.04, -141.72);
insert into STATION values (175, '.', 62, 246827.74, 5024256.70, -141.77);
insert into STATION values (176, '.', 62, 246826.07, 5024256.06, -141.86);
insert into STATION values (177, '.', 62, 246826.82, 5024254.61, -141.89);
insert into STATION values (178, '.', 62, 246827.66, 5024255.01, -143.43);
insert into STATION values (179, '.', 62, 246828.94, 5024255.59, -142.90);
insert into STATION values (180, 'FT.19', 62, 246826.55, 5024256.76, -131.51);
insert into STATION values (181, '.', 62, 246826.57, 5024257.37, -131.53);
insert into STATION values (182, '.', 62, 246826.84, 5024256.99, -131.50);
insert into STATION values (183, '.', 62, 246826.08, 5024256.38, -131.51);
insert into STATION values (184, '.', 62, 246826.54, 5024255.99, -131.34);
insert into STATION values (185, '.', 62, 246827.17, 5024256.46, -131.47);
insert into STATION values (186, '.', 62, 246826.90, 5024256.20, -131.49);
insert into STATION values (187, '.', 62, 246827.53, 5024255.78, -133.72);
insert into STATION values (188, '.', 62, 246829.89, 5024250.64, -146.65);
insert into STATION values (189, 'FT.20', 62, 246827.55, 5024255.63, -129.68);
insert into STATION values (190, '.', 62, 246826.99, 5024255.22, -129.69);
insert into STATION values (191, '.', 62, 246827.03, 5024255.59, -129.66);
insert into STATION values (192, '.', 62, 246826.88, 5024255.78, -129.69);
insert into STATION values (193, '.', 62, 246827.54, 5024255.73, -131.24);
insert into STATION values (194, '.', 62, 246826.53, 5024257.55, -129.88);
insert into STATION values (195, '.', 62, 246827.34, 5024255.73, -128.57);
insert into STATION values (196, 'FT.21', 62, 246826.17, 5024255.96, -127.24);
insert into STATION values (197, '.', 62, 246825.57, 5024256.42, -127.20);
insert into STATION values (198, '.', 62, 246825.84, 5024256.99, -127.31);
insert into STATION values (199, '.', 62, 246826.56, 5024256.59, -127.34);
insert into STATION values (200, '.', 62, 246826.83, 5024255.61, -127.36);
insert into STATION values (201, '.', 62, 246826.18, 5024255.99, -127.05);
insert into STATION values (202, '.', 62, 246826.22, 5024255.90, -128.58);
insert into STATION values (203, '.', 62, 246826.32, 5024254.67, -127.62);
insert into STATION values (204, '.', 62, 246826.15, 5024254.57, -128.36);
insert into STATION values (205, '.', 62, 246825.76, 5024254.16, -130.28);
insert into STATION values (206, 'FT.22', 62, 246826.08, 5024253.19, -127.57);
insert into STATION values (207, '.', 62, 246825.56, 5024255.08, -127.56);
insert into STATION values (208, '.', 62, 246826.70, 5024254.37, -127.69);
insert into STATION values (209, '.', 62, 246827.11, 5024253.48, -127.70);
insert into STATION values (210, '.', 62, 246823.80, 5024255.26, -127.90);
insert into STATION values (211, '.', 62, 246824.38, 5024254.76, -129.23);
insert into STATION values (212, '.', 62, 246825.40, 5024254.50, -130.10);
insert into STATION values (213, '.', 62, 246825.57, 5024254.25, -122.13);
insert into STATION values (214, '.', 62, 246823.05, 5024254.33, -121.85);
insert into STATION values (215, '.', 62, 246822.79, 5024254.47, -125.09);
insert into STATION values (216, '.', 62, 246823.07, 5024254.78, -126.16);
insert into STATION values (217, '.', 62, 246823.47, 5024255.03, -127.50);
insert into STATION values (218, '.', 62, 246823.95, 5024255.31, -127.77);
insert into STATION values (219, '.', 62, 246819.96, 5024258.45, -124.10);
insert into STATION values (220, 'FT.23', 62, 246823.25, 5024254.37, -119.08);
insert into STATION values (221, '.', 62, 246823.48, 5024253.64, -119.21);
insert into STATION values (222, '.', 62, 246821.68, 5024252.31, -119.05);
insert into STATION values (223, '.', 62, 246822.79, 5024254.20, -119.08);
insert into STATION values (224, '.', 62, 246822.96, 5024255.27, -119.19);
insert into STATION values (225, '.', 62, 246821.69, 5024255.65, -119.31);
insert into STATION values (226, '.', 62, 246821.07, 5024254.73, -119.35);
insert into STATION values (227, '.', 62, 246822.95, 5024254.86, -129.40);
insert into STATION values (228, '.', 62, 246822.66, 5024254.68, -120.53);
insert into STATION values (229, '.', 62, 246820.85, 5024254.77, -117.83);
insert into STATION values (230, 'FT.24', 62, 246821.66, 5024255.49, -118.57);
insert into STATION values (231, '.', 62, 246821.05, 5024254.68, -118.62);
insert into STATION values (232, '.', 62, 246821.59, 5024254.22, -118.80);
insert into STATION values (233, '.', 62, 246822.19, 5024253.98, -118.81);
insert into STATION values (234, '.', 62, 246822.27, 5024255.77, -118.55);
insert into STATION values (235, '.', 62, 246822.39, 5024255.13, -118.50);
insert into STATION values (236, 'FT.25', 62, 246821.25, 5024255.24, -111.97);
insert into STATION values (237, '.', 62, 246822.27, 5024256.31, -131.73);
insert into STATION values (238, '.', 62, 246821.36, 5024255.25, -111.92);
insert into STATION values (239, '.', 62, 246821.63, 5024253.91, -112.08);
insert into STATION values (240, '.', 62, 246821.03, 5024255.08, -111.92);
insert into STATION values (241, '.', 62, 246820.81, 5024255.77, -112.22);
insert into STATION values (242, '.', 62, 246820.82, 5024258.50, -124.10);
insert into STATION values (243, '.', 62, 246821.25, 5024255.38, -112.71);
insert into STATION values (244, '.', 62, 246820.96, 5024258.37, -123.87);
insert into STATION values (245, 'FT.26', 62, 246821.54, 5024252.93, -110.30);
insert into STATION values (246, '.', 62, 246821.82, 5024253.26, -110.37);
insert into STATION values (247, '.', 62, 246821.97, 5024253.24, -111.60);
insert into STATION values (248, '.', 62, 246822.15, 5024252.81, -110.40);
insert into STATION values (249, '.', 62, 246821.75, 5024253.13, -108.64);
insert into STATION values (250, '.', 62, 246821.45, 5024252.98, -111.33);
insert into STATION values (251, '.', 62, 246821.21, 5024254.12, -110.76);
insert into STATION values (252, '.', 62, 246822.08, 5024253.10, -110.35);
insert into STATION values (253, '.', 62, 246822.09, 5024253.09, -110.35);
insert into STATION values (254, '.', 62, 246822.11, 5024253.06, -110.34);
insert into STATION values (255, '.', 62, 246822.12, 5024253.08, -110.33);
insert into STATION values (256, 'FT.27', 62, 246822.11, 5024253.05, -110.34);
insert into STATION values (257, '.', 62, 246821.90, 5024252.81, -110.44);
insert into STATION values (258, '.', 62, 246821.76, 5024252.72, -111.22);
insert into STATION values (259, '.', 62, 246822.42, 5024253.34, -111.49);
insert into STATION values (260, '.', 62, 246822.41, 5024252.44, -110.86);
insert into STATION values (261, '.', 62, 246822.24, 5024252.18, -110.22);
insert into STATION values (262, '.', 62, 246822.39, 5024251.63, -110.69);
insert into STATION values (263, 'FT.28', 62, 246822.37, 5024251.56, -110.71);
insert into STATION values (264, '.', 62, 246822.60, 5024250.12, -111.05);
insert into STATION values (265, '.', 62, 246822.69, 5024251.71, -110.78);
insert into STATION values (266, '.', 62, 246822.65, 5024251.66, -112.21);
insert into STATION values (267, '.', 62, 246822.68, 5024251.75, -110.08);
insert into STATION values (268, 'FT.29', 62, 246823.26, 5024250.47, -111.14);
insert into STATION values (269, '.', 62, 246823.28, 5024250.48, -112.34);
insert into STATION values (270, '.', 62, 246822.92, 5024250.04, -111.16);
insert into STATION values (271, '.', 62, 246823.38, 5024250.08, -111.20);
insert into STATION values (272, '.', 62, 246822.91, 5024250.54, -111.17);
insert into STATION values (273, '.', 62, 246822.77, 5024250.18, -108.08);
insert into STATION values (274, 'FT.30', 62, 246822.83, 5024249.54, -108.36);
insert into STATION values (275, '.', 62, 246822.57, 5024249.61, -108.37);
insert into STATION values (276, '.', 62, 246822.48, 5024249.56, -105.54);
insert into STATION values (277, '.', 62, 246822.44, 5024249.57, -110.13);
insert into STATION values (278, '.', 62, 246823.06, 5024249.62, -107.63);
insert into STATION values (279, '.', 62, 246822.89, 5024249.88, -107.36);
insert into STATION values (280, 'FT.31', 62, 246822.60, 5024248.43, -106.68);
insert into STATION values (281, '.', 62, 246822.99, 5024248.28, -106.65);
insert into STATION values (282, '.', 62, 246823.07, 5024248.23, -107.30);
insert into STATION values (283, '.', 62, 246823.25, 5024248.05, -105.77);
insert into STATION values (284, '.', 62, 246821.27, 5024247.38, -106.49);
insert into STATION values (285, '.', 62, 246822.78, 5024249.82, -106.90);
insert into STATION values (286, 'FT.32', 62, 246823.00, 5024248.30, -106.41);
insert into STATION values (287, 'FT.33', 62, 246821.23, 5024247.32, -101.77);
insert into STATION values (288, '.', 62, 246821.57, 5024247.45, -101.70);
insert into STATION values (289, '.', 62, 246821.56, 5024248.05, -101.89);
insert into STATION values (290, '.', 62, 246820.94, 5024247.67, -101.84);
insert into STATION values (291, '.', 62, 246822.14, 5024247.81, -105.00);
insert into STATION values (292, '.', 62, 246822.49, 5024247.20, -105.50);
insert into STATION values (293, '.', 62, 246821.20, 5024247.57, -102.89);
insert into STATION values (294, '.', 62, 246819.95, 5024247.27, -102.94);
insert into STATION values (295, 'FT.34', 62, 246819.96, 5024246.87, -102.43);
insert into STATION values (296, '.', 62, 246820.32, 5024246.54, -102.51);
insert into STATION values (297, '.', 62, 246819.65, 5024246.56, -104.40);
insert into STATION values (298, '.', 62, 246819.77, 5024246.21, -102.52);
insert into STATION values (299, '.', 62, 246820.78, 5024247.37, -102.62);
insert into STATION values (300, '.', 62, 246820.01, 5024246.54, -101.39);
insert into STATION values (301, 'FT.35', 62, 246819.99, 5024245.15, -103.66);
insert into STATION values (302, '.', 62, 246819.84, 5024245.39, -103.68);
insert into STATION values (303, '.', 62, 246819.69, 5024245.30, -104.85);
insert into STATION values (304, '.', 62, 246819.88, 5024245.02, -102.68);
insert into STATION values (305, '.', 62, 246820.22, 5024245.36, -103.47);
insert into STATION values (306, 'FT.36', 62, 246818.55, 5024244.91, -103.65);
insert into STATION values (307, '.', 62, 246818.67, 5024245.02, -105.17);
insert into STATION values (308, '.', 62, 246818.66, 5024245.25, -103.66);
insert into STATION values (309, '.', 62, 246818.77, 5024244.61, -103.72);
insert into STATION values (310, '.', 62, 246819.34, 5024244.88, -103.76);
insert into STATION values (311, '.', 62, 246820.11, 5024245.11, -103.71);
insert into STATION values (312, '.', 62, 246819.11, 5024244.63, -100.25);
insert into STATION values (313, 'FT.37', 62, 246818.61, 5024244.13, -101.76);
insert into STATION values (314, '.', 62, 246818.30, 5024244.49, -101.74);
insert into STATION values (315, '.', 62, 246818.83, 5024244.96, -101.80);
insert into STATION values (316, '.', 62, 246819.49, 5024245.06, -101.80);
insert into STATION values (317, '.', 62, 246818.63, 5024244.50, -98.81);
insert into STATION values (318, '.', 62, 246817.74, 5024243.67, -101.63);
insert into STATION values (319, '.', 62, 246817.45, 5024244.07, -101.70);
insert into STATION values (320, '.', 62, 246817.41, 5024244.43, -100.25);
insert into STATION values (321, '.', 62, 246815.01, 5024243.39, -92.98);
insert into STATION values (322, '.', 62, 246815.49, 5024243.62, -98.86);
insert into STATION values (323, 'FT.38', 62, 246815.50, 5024243.91, -100.83);
insert into STATION values (324, '.', 62, 246816.92, 5024243.40, -101.28);
insert into STATION values (325, '.', 62, 246817.62, 5024244.08, -101.08);
insert into STATION values (326, '.', 62, 246817.06, 5024244.79, -101.10);
insert into STATION values (327, '.', 62, 246816.49, 5024245.99, -101.14);
insert into STATION values (328, '.', 62, 246815.25, 5024246.59, -101.02);
insert into STATION values (329, '.', 62, 246814.20, 5024246.76, -100.81);
insert into STATION values (330, '.', 62, 246815.74, 5024245.61, -96.84);
insert into STATION values (331, '.', 62, 246812.99, 5024247.68, -93.01);
insert into STATION values (332, '.', 62, 246817.10, 5024244.46, -97.21);
insert into STATION values (333, 'FT.39', 62, 246814.37, 5024243.78, -90.36);
insert into STATION values (334, '.', 62, 246815.07, 5024243.87, -90.37);
insert into STATION values (335, '.', 62, 246815.33, 5024243.36, -90.32);
insert into STATION values (336, '.', 62, 246816.25, 5024240.98, -90.24);
insert into STATION values (337, '.', 62, 246814.98, 5024244.96, -90.50);
insert into STATION values (338, '.', 62, 246813.91, 5024245.54, -90.16);
insert into STATION values (339, '.', 62, 246814.28, 5024245.77, -102.04);
insert into STATION values (340, '.', 62, 246812.23, 5024246.75, -97.92);
insert into STATION values (341, '.', 62, 246811.01, 5024248.30, -95.69);
insert into STATION values (342, '.', 62, 246811.33, 5024248.40, -92.32);
insert into STATION values (343, '.', 62, 246814.52, 5024243.75, -89.16);
insert into STATION values (344, 'FT.40', 62, 246814.75, 5024243.08, -88.51);
insert into STATION values (345, '.', 62, 246814.53, 5024242.85, -88.53);
insert into STATION values (346, '.', 62, 246815.09, 5024241.52, -89.27);
insert into STATION values (347, '.', 62, 246814.76, 5024242.58, -88.08);
insert into STATION values (348, '.', 62, 246814.74, 5024242.52, -87.66);
insert into STATION values (349, '.', 62, 246815.18, 5024242.83, -87.43);
insert into STATION values (350, '.', 62, 246814.86, 5024242.57, -87.60);
insert into STATION values (351, 'FT.41', 62, 246814.84, 5024242.57, -87.60);
insert into STATION values (352, '.', 62, 246815.05, 5024242.60, -87.58);
insert into STATION values (353, '.', 62, 246815.28, 5024242.02, -87.67);
insert into STATION values (354, '.', 62, 246815.17, 5024241.86, -87.71);
insert into STATION values (355, '.', 62, 246814.75, 5024242.37, -88.41);
insert into STATION values (356, '.', 62, 246815.02, 5024242.25, -86.77);
insert into STATION values (357, '.', 62, 246814.78, 5024243.10, -87.95);
insert into STATION values (358, 'FT.42', 62, 246816.10, 5024240.83, -85.16);
insert into STATION values (359, '.', 62, 246816.33, 5024240.97, -85.15);
insert into STATION values (360, '.', 62, 246816.44, 5024240.99, -86.34);
insert into STATION values (361, '.', 62, 246816.20, 5024240.98, -84.72);
insert into STATION values (362, '.', 62, 246816.73, 5024240.47, -85.26);
insert into STATION values (363, '.', 62, 246816.24, 5024241.20, -85.36);
insert into STATION values (364, '.', 62, 246817.22, 5024239.17, -85.00);
insert into STATION values (365, 'FT.43', 62, 246817.52, 5024238.71, -84.96);
insert into STATION values (366, '.', 62, 246817.24, 5024238.90, -84.97);
insert into STATION values (367, '.', 62, 246817.29, 5024238.84, -85.58);
insert into STATION values (368, '.', 62, 246817.30, 5024238.85, -84.52);
insert into STATION values (369, '.', 62, 246817.15, 5024238.60, -84.99);
insert into STATION values (370, '.', 62, 246817.73, 5024239.09, -85.01);
insert into STATION values (371, 'FT.44', 62, 246817.08, 5024238.54, -84.92);
insert into STATION values (372, '.', 62, 246817.43, 5024238.43, -84.93);
insert into STATION values (373, '.', 62, 246817.15, 5024238.18, -84.99);
insert into STATION values (374, '.', 62, 246817.42, 5024238.32, -84.16);
insert into STATION values (375, 'FT.45', 62, 246818.46, 5024236.10, -84.63);
insert into STATION values (376, '.', 62, 246817.89, 5024236.09, -84.64);
insert into STATION values (377, '.', 62, 246816.53, 5024237.74, -84.32);
insert into STATION values (378, '.', 62, 246817.50, 5024238.32, -84.21);
insert into STATION values (379, '.', 62, 246818.90, 5024236.79, -84.60);
insert into STATION values (380, '.', 62, 246818.86, 5024236.58, -87.55);
insert into STATION values (381, '.', 62, 246817.95, 5024236.75, -79.54);
insert into STATION values (382, 'FT.46', 62, 246819.71, 5024236.32, -84.42);
insert into STATION values (383, '.', 62, 246819.21, 5024235.86, -84.57);
insert into STATION values (384, '.', 62, 246820.08, 5024235.03, -84.49);
insert into STATION values (385, '.', 62, 246819.60, 5024235.71, -87.30);
insert into STATION values (386, '.', 62, 246819.68, 5024236.01, -83.80);
insert into STATION values (387, 'FT.47', 62, 246818.26, 5024232.76, -82.05);
insert into STATION values (388, '.', 62, 246818.98, 5024235.53, -87.19);
insert into STATION values (389, '.', 62, 246818.75, 5024233.76, -85.53);
insert into STATION values (390, '.', 62, 246818.46, 5024232.98, -83.81);
insert into STATION values (391, '.', 62, 246819.14, 5024232.17, -83.91);
insert into STATION values (392, '.', 62, 246819.51, 5024231.85, -82.89);
insert into STATION values (393, '.', 62, 246819.59, 5024231.84, -82.39);
insert into STATION values (394, '.', 62, 246821.47, 5024230.46, -82.00);
insert into STATION values (395, '.', 62, 246819.15, 5024236.02, -82.20);
insert into STATION values (396, '.', 62, 246819.28, 5024234.35, -82.12);
insert into STATION values (397, '.', 62, 246819.21, 5024233.45, -82.09);
insert into STATION values (398, '.', 62, 246819.06, 5024232.95, -82.06);
insert into STATION values (399, '.', 62, 246819.28, 5024232.56, -82.10);
insert into STATION values (400, '.', 62, 246818.67, 5024233.59, -77.89);
insert into STATION values (401, 'FT.48', 62, 246821.15, 5024230.71, -82.56);
insert into STATION values (402, '.', 62, 246821.50, 5024232.19, -82.64);
insert into STATION values (403, '.', 62, 246820.79, 5024232.91, -82.67);
insert into STATION values (404, '.', 62, 246820.26, 5024232.13, -82.76);
insert into STATION values (405, '.', 62, 246819.63, 5024231.40, -82.87);
insert into STATION values (406, '.', 62, 246818.17, 5024230.30, -82.26);
insert into STATION values (407, '.', 62, 246818.96, 5024229.77, -82.24);
insert into STATION values (408, '.', 62, 246819.92, 5024229.72, -82.44);
insert into STATION values (409, '.', 62, 246820.74, 5024229.79, -82.35);
insert into STATION values (410, '.', 62, 246820.06, 5024229.91, -82.49);
insert into STATION values (411, '.', 62, 246820.27, 5024229.84, -69.27);
insert into STATION values (412, '.', 62, 246820.85, 5024232.18, -84.78);
insert into STATION values (413, '.', 62, 246821.05, 5024230.72, -84.16);
insert into STATION values (414, '.', 62, 246818.37, 5024233.20, -81.44);
insert into STATION values (415, '.', 62, 246818.67, 5024232.94, -79.98);
insert into STATION values (416, '.', 62, 246818.24, 5024233.39, -77.34);
insert into STATION values (417, '.', 62, 246820.83, 5024231.08, -77.31);
insert into STATION values (418, '.', 62, 246819.39, 5024230.89, -70.71);
insert into STATION values (419, '.', 62, 246818.42, 5024231.23, -71.90);
insert into STATION values (420, '.', 62, 246817.81, 5024230.52, -73.42);
insert into STATION values (421, '.', 62, 246818.66, 5024229.48, -74.37);
insert into STATION values (422, '.', 62, 246819.75, 5024229.24, -73.43);
insert into STATION values (423, '.', 62, 246820.54, 5024229.59, -66.69);
insert into STATION values (424, '.', 62, 246818.94, 5024229.96, -67.46);
insert into STATION values (425, '.', 62, 246817.96, 5024230.11, -70.37);
insert into STATION values (426, '.', 62, 246817.44, 5024230.73, -70.27);
insert into STATION values (427, 'FT.49', 62, 246817.72, 5024230.47, -68.93);
insert into STATION values (428, '.', 62, 246817.67, 5024230.93, -68.92);
insert into STATION values (429, '.', 62, 246818.10, 5024230.98, -68.89);
insert into STATION values (430, '.', 62, 246818.29, 5024229.94, -68.95);
insert into STATION values (431, '.', 62, 246819.85, 5024229.39, -69.21);
insert into STATION values (432, '.', 62, 246817.99, 5024230.40, -68.95);
insert into STATION values (433, '.', 62, 246818.83, 5024230.69, -69.01);
insert into STATION values (434, 'FT.50', 62, 246818.39, 5024230.14, -63.47);
insert into STATION values (435, '.', 62, 246818.14, 5024229.82, -63.54);
insert into STATION values (436, '.', 62, 246818.41, 5024230.01, -65.27);
insert into STATION values (437, '.', 62, 246816.70, 5024231.13, -63.96);
insert into STATION values (438, '.', 62, 246818.37, 5024230.29, -63.45);
insert into STATION values (439, '.', 62, 246818.96, 5024229.91, -83.02);
insert into STATION values (440, '.', 62, 246818.26, 5024230.02, -61.22);
insert into STATION values (441, 'FT.51', 62, 246820.75, 5024229.52, -63.54);
insert into STATION values (442, '.', 62, 246819.83, 5024230.67, -63.50);
insert into STATION values (443, '.', 62, 246820.21, 5024228.94, -63.74);
insert into STATION values (444, '.', 62, 246820.50, 5024229.38, -64.21);
insert into STATION values (445, '.', 62, 246819.80, 5024228.91, -63.80);
insert into STATION values (446, '.', 62, 246820.07, 5024229.28, -62.54);
insert into STATION values (447, '.', 62, 246818.81, 5024229.04, -62.79);
insert into STATION values (448, '.', 62, 246817.32, 5024229.92, -61.33);
insert into STATION values (449, 'FT.52', 62, 246821.55, 5024227.98, -63.42);
insert into STATION values (450, '.', 62, 246821.84, 5024228.24, -63.40);
insert into STATION values (451, '.', 62, 246821.62, 5024228.10, -63.82);
insert into STATION values (452, '.', 62, 246821.92, 5024228.00, -62.56);
insert into STATION values (453, 'FT.53', 62, 246822.64, 5024227.19, -63.60);
insert into STATION values (454, '.', 62, 246822.45, 5024226.96, -63.62);
insert into STATION values (455, '.', 62, 246822.60, 5024227.34, -64.38);
insert into STATION values (456, '.', 62, 246822.47, 5024226.93, -62.86);
insert into STATION values (457, 'FT.54', 62, 246824.01, 5024225.57, -65.85);
insert into STATION values (458, '.', 62, 246823.86, 5024226.73, -66.01);
insert into STATION values (459, '.', 62, 246823.24, 5024226.96, -66.03);
insert into STATION values (460, '.', 62, 246823.11, 5024225.68, -66.02);
insert into STATION values (461, '.', 62, 246822.87, 5024225.92, -66.07);
insert into STATION values (462, '.', 62, 246823.87, 5024226.49, -66.96);
insert into STATION values (463, '.', 62, 246824.28, 5024226.13, -63.60);
insert into STATION values (464, 'FT.55', 62, 246824.55, 5024226.85, -65.68);
insert into STATION values (465, '.', 62, 246823.13, 5024225.51, -66.01);
insert into STATION values (466, '.', 62, 246824.43, 5024225.79, -65.84);
insert into STATION values (467, '.', 62, 246825.24, 5024225.56, -65.91);
insert into STATION values (468, '.', 62, 246824.67, 5024226.38, -67.41);
insert into STATION values (469, '.', 62, 246826.03, 5024226.62, -66.18);
insert into STATION values (470, '.', 62, 246825.71, 5024225.42, -66.11);
insert into STATION values (471, 'FT.56', 62, 246826.60, 5024225.06, -66.96);
insert into STATION values (472, '.', 62, 246826.35, 5024224.76, -67.05);
insert into STATION values (473, '.', 62, 246826.53, 5024225.14, -68.54);
insert into STATION values (474, '.', 62, 246826.08, 5024225.72, -68.15);
insert into STATION values (475, '.', 62, 246828.69, 5024224.26, -72.38);
insert into STATION values (476, '.', 62, 246830.82, 5024223.47, -72.70);
insert into STATION values (477, '.', 62, 246831.29, 5024222.64, -68.64);
insert into STATION values (478, '.', 62, 246827.14, 5024225.52, -68.09);
insert into STATION values (479, '.', 62, 246826.60, 5024224.71, -66.24);
insert into STATION values (480, 'FT.57', 62, 246831.42, 5024223.18, -71.29);
insert into STATION values (481, '.', 62, 246829.33, 5024222.57, -70.33);
insert into STATION values (482, '.', 62, 246827.29, 5024224.24, -70.02);
insert into STATION values (483, '.', 62, 246828.97, 5024225.33, -70.70);
insert into STATION values (484, '.', 62, 246830.31, 5024225.74, -70.67);
insert into STATION values (485, '.', 62, 246831.67, 5024224.90, -71.27);
insert into STATION values (486, '.', 62, 246831.56, 5024223.27, -72.44);
insert into STATION values (487, '.', 62, 246827.52, 5024224.75, -58.33);
insert into STATION values (488, '.', 62, 246830.76, 5024223.17, -67.05);
insert into STATION values (489, '.', 62, 246826.81, 5024224.20, -65.11);
insert into STATION values (490, 'FT.58', 62, 246830.53, 5024219.88, -69.64);
insert into STATION values (491, '.', 62, 246830.02, 5024221.09, -69.87);
insert into STATION values (492, '.', 62, 246831.35, 5024221.65, -69.98);
insert into STATION values (493, '.', 62, 246831.85, 5024219.48, -69.89);
insert into STATION values (494, '.', 62, 246831.91, 5024220.23, -69.79);
insert into STATION values (495, '.', 62, 246830.95, 5024218.70, -69.90);
insert into STATION values (496, '.', 62, 246831.11, 5024220.25, -66.63);
insert into STATION values (497, '.', 62, 246830.92, 5024221.16, -67.62);
insert into STATION values (498, 'FT.59', 62, 246831.36, 5024220.05, -68.50);
insert into STATION values (499, '.', 62, 246831.88, 5024221.29, -72.62);
insert into STATION values (500, '.', 62, 246832.00, 5024220.13, -72.18);
insert into STATION values (501, '.', 62, 246831.41, 5024221.42, -68.32);
insert into STATION values (502, '.', 62, 246830.44, 5024221.16, -68.43);
insert into STATION values (503, '.', 62, 246831.25, 5024220.19, -65.92);
insert into STATION values (504, '.', 62, 246830.24, 5024217.08, -59.74);
insert into STATION values (505, '.', 62, 246830.89, 5024219.12, -63.17);
insert into STATION values (506, '.', 62, 246830.62, 5024218.27, -67.77);
insert into STATION values (507, '.', 62, 246830.43, 5024218.25, -66.84);
insert into STATION values (508, 'FT.60', 62, 246829.32, 5024215.84, -58.05);
insert into STATION values (509, '.', 62, 246829.05, 5024216.58, -63.80);
insert into STATION values (510, '.', 62, 246830.23, 5024215.65, -58.35);
insert into STATION values (511, '.', 62, 246829.67, 5024216.98, -57.76);
insert into STATION values (512, '.', 62, 246829.83, 5024215.85, -54.98);
insert into STATION values (513, '.', 62, 246830.52, 5024211.31, -44.38);
insert into STATION values (514, 'FT.61', 62, 246830.39, 5024212.90, -48.83);
insert into STATION values (515, '.', 62, 246830.49, 5024211.70, -48.73);
insert into STATION values (516, '.', 62, 246830.00, 5024209.93, -48.61);
insert into STATION values (517, '.', 62, 246829.35, 5024211.46, -48.85);
insert into STATION values (518, '.', 62, 246828.85, 5024212.07, -48.87);
insert into STATION values (519, '.', 62, 246827.21, 5024212.67, -48.88);
insert into STATION values (520, '.', 62, 246826.49, 5024213.87, -48.98);
insert into STATION values (521, '.', 62, 246827.70, 5024214.79, -48.72);
insert into STATION values (522, '.', 62, 246829.20, 5024214.96, -48.70);
insert into STATION values (523, '.', 62, 246830.58, 5024213.92, -48.97);
insert into STATION values (524, '.', 62, 246829.54, 5024213.50, -56.00);
insert into STATION values (525, '.', 62, 246829.93, 5024212.67, -57.29);
insert into STATION values (526, '.', 62, 246828.02, 5024213.50, -56.82);
insert into STATION values (527, '.', 62, 246827.44, 5024215.08, -56.73);
insert into STATION values (528, '.', 62, 246826.98, 5024215.01, -57.39);
insert into STATION values (529, '.', 62, 246827.08, 5024215.56, -58.40);
insert into STATION values (530, '.', 62, 246828.95, 5024215.68, -56.90);
insert into STATION values (531, '.', 62, 246829.57, 5024218.12, -64.70);
insert into STATION values (532, '.', 62, 246827.76, 5024213.48, -43.16);
insert into STATION values (533, '.', 62, 246829.10, 5024214.69, -42.26);
insert into STATION values (534, '.', 62, 246830.51, 5024213.19, -46.09);
insert into STATION values (535, '.', 62, 246828.49, 5024211.57, -44.61);
insert into STATION values (536, '.', 62, 246827.95, 5024212.00, -44.39);
insert into STATION values (537, 'FT.63', 62, 246830.15, 5024212.85, -38.49);
insert into STATION values (538, '.', 62, 246830.75, 5024213.79, -38.20);
insert into STATION values (539, '.', 62, 246829.86, 5024214.03, -38.50);
insert into STATION values (540, '.', 62, 246829.55, 5024211.71, -38.54);
insert into STATION values (541, '.', 62, 246828.64, 5024212.14, -38.65);
insert into STATION values (542, '.', 62, 246827.75, 5024212.83, -38.46);
insert into STATION values (543, '.', 62, 246827.18, 5024213.61, -38.40);
insert into STATION values (544, '.', 62, 246827.51, 5024212.26, -40.78);
insert into STATION values (545, '.', 62, 246827.28, 5024213.83, -41.26);
insert into STATION values (546, 'FT.64', 62, 246832.14, 5024213.45, -35.80);
insert into STATION values (547, '.', 62, 246833.25, 5024212.40, -35.61);
insert into STATION values (548, '.', 62, 246831.99, 5024212.30, -35.89);
insert into STATION values (549, '.', 62, 246831.17, 5024212.28, -35.95);
insert into STATION values (550, '.', 62, 246830.77, 5024213.77, -36.09);
insert into STATION values (551, '.', 62, 246827.17, 5024212.15, -36.83);
insert into STATION values (552, '.', 62, 246829.33, 5024213.15, -36.46);
insert into STATION values (553, '.', 62, 246829.93, 5024212.46, -36.32);
insert into STATION values (554, '.', 62, 246831.84, 5024213.99, -38.16);
insert into STATION values (555, 'FT.65', 62, 246832.33, 5024212.07, -29.69);
insert into STATION values (556, '.', 62, 246829.30, 5024211.71, -29.70);
insert into STATION values (557, '.', 62, 246828.58, 5024213.00, -29.59);
insert into STATION values (558, '.', 62, 246830.00, 5024213.22, -29.67);
insert into STATION values (559, '.', 62, 246831.31, 5024213.22, -29.53);
insert into STATION values (560, '.', 62, 246831.97, 5024213.74, -29.59);
insert into STATION values (561, '.', 62, 246833.16, 5024212.35, -29.74);
insert into STATION values (562, 'FT.66', 62, 246833.06, 5024212.37, -29.12);
insert into STATION values (563, 'FT.67', 62, 246833.41, 5024212.37, -28.85);
insert into STATION values (564, 'frb.0', 66, 246831.42, 5024223.18, -71.29);
insert into STATION values (565, '.', 66, 246831.05, 5024223.12, -67.40);
insert into STATION values (566, '.', 66, 246826.81, 5024224.46, -66.51);
insert into STATION values (567, '.', 66, 246827.45, 5024224.67, -70.49);
insert into STATION values (568, '.', 66, 246829.74, 5024225.30, -71.45);
insert into STATION values (569, '.', 66, 246830.30, 5024222.56, -71.53);
insert into STATION values (570, '.', 66, 246829.94, 5024224.56, -72.55);
insert into STATION values (571, '.', 66, 246830.31, 5024225.99, -71.12);
insert into STATION values (572, '.', 66, 246830.70, 5024225.56, -69.53);
insert into STATION values (573, '.', 66, 246828.13, 5024225.78, -59.58);
insert into STATION values (574, 'frb.1', 66, 246830.65, 5024220.89, -72.31);
insert into STATION values (575, '.', 66, 246829.72, 5024220.20, -71.64);
insert into STATION values (576, '.', 66, 246831.65, 5024218.76, -71.29);
insert into STATION values (577, '.', 66, 246832.27, 5024220.12, -71.87);
insert into STATION values (578, '.', 66, 246832.99, 5024221.24, -72.30);
insert into STATION values (579, '.', 66, 246831.34, 5024220.67, -67.20);
insert into STATION values (580, '.', 66, 246830.25, 5024220.38, -68.36);
insert into STATION values (581, 'frb.2', 66, 246831.92, 5024219.50, -69.91);
insert into STATION values (582, '.', 66, 246829.80, 5024220.93, -68.89);
insert into STATION values (583, '.', 66, 246830.90, 5024221.77, -69.20);
insert into STATION values (584, '.', 66, 246831.74, 5024221.24, -68.84);
insert into STATION values (585, '.', 66, 246830.95, 5024220.91, -67.26);
insert into STATION values (586, '.', 66, 246829.81, 5024218.27, -69.04);
insert into STATION values (587, '.', 66, 246830.52, 5024219.48, -69.43);
insert into STATION values (588, '.', 66, 246830.51, 5024218.25, -69.31);
insert into STATION values (589, '.', 66, 246831.42, 5024218.77, -69.70);
insert into STATION values (590, 'frb.3', 66, 246829.75, 5024217.80, -66.92);
insert into STATION values (591, '.', 66, 246830.15, 5024217.64, -66.94);
insert into STATION values (592, '.', 66, 246830.41, 5024217.92, -67.04);
insert into STATION values (593, '.', 66, 246830.02, 5024218.46, -66.87);
insert into STATION values (594, '.', 66, 246830.47, 5024218.64, -66.91);
insert into STATION values (595, '.', 66, 246831.44, 5024219.37, -66.89);
insert into STATION values (596, '.', 66, 246831.22, 5024218.47, -66.89);
insert into STATION values (597, '.', 66, 246829.81, 5024217.39, -58.67);
insert into STATION values (598, '.', 66, 246830.69, 5024218.90, -62.54);
insert into STATION values (599, '.', 66, 246831.21, 5024219.37, -64.42);
insert into STATION values (600, '.', 66, 246830.99, 5024218.49, -71.61);
insert into STATION values (601, '.', 66, 246830.47, 5024216.66, -65.89);
insert into STATION values (602, '.', 66, 246830.69, 5024216.05, -65.22);
insert into STATION values (603, '.', 66, 246829.94, 5024214.94, -64.66);
insert into STATION values (604, '.', 66, 246829.56, 5024215.29, -64.88);
insert into STATION values (605, '.', 66, 246828.70, 5024215.28, -64.68);
insert into STATION values (606, '.', 66, 246829.54, 5024216.24, -65.91);
insert into STATION values (607, '.', 66, 246829.63, 5024216.90, -66.51);
insert into STATION values (608, '.', 66, 246829.69, 5024217.50, -66.92);
insert into STATION values (609, 'frb.4', 66, 246829.84, 5024215.91, -63.11);
insert into STATION values (610, '.', 66, 246829.05, 5024216.56, -63.23);
insert into STATION values (611, '.', 66, 246829.55, 5024217.61, -63.34);
insert into STATION values (612, '.', 66, 246830.09, 5024218.11, -63.38);
insert into STATION values (613, '.', 66, 246830.71, 5024218.70, -63.41);
insert into STATION values (614, '.', 66, 246831.31, 5024218.85, -63.40);
insert into STATION values (615, '.', 66, 246830.70, 5024217.24, -63.24);
insert into STATION values (616, '.', 66, 246829.42, 5024215.18, -63.24);
insert into STATION values (617, '.', 66, 246829.29, 5024215.41, -63.16);
insert into STATION values (618, '.', 66, 246828.43, 5024215.28, -63.19);
insert into STATION values (619, '.', 66, 246830.04, 5024216.03, -65.62);
insert into STATION values (620, '.', 66, 246829.79, 5024218.39, -69.56);
insert into STATION values (621, '.', 66, 246829.72, 5024216.87, -57.36);
insert into STATION values (622, '.', 66, 246827.88, 5024212.47, -31.78);
insert into STATION values (623, 'frb.5', 66, 246827.73, 5024215.79, -62.65);
insert into STATION values (624, '.', 66, 246827.94, 5024216.61, -62.58);
insert into STATION values (625, '.', 66, 246828.44, 5024216.15, -62.60);
insert into STATION values (626, '.', 66, 246826.97, 5024216.18, -62.68);
insert into STATION values (627, '.', 66, 246827.69, 5024216.11, -63.18);
insert into STATION values (628, '.', 66, 246827.83, 5024215.38, -52.18);
insert into STATION values (629, 'frb.6', 66, 246829.32, 5024215.84, -58.05);
insert into STATION values (630, '.', 66, 246829.56, 5024217.21, -58.02);
insert into STATION values (631, '.', 66, 246829.66, 5024216.20, -58.12);
insert into STATION values (632, '.', 66, 246829.99, 5024215.77, -58.12);
insert into STATION values (633, '.', 66, 246830.95, 5024214.38, -57.96);
insert into STATION values (634, '.', 66, 246830.28, 5024211.50, -57.70);
insert into STATION values (635, '.', 66, 246828.39, 5024213.57, -58.11);
insert into STATION values (636, '.', 66, 246827.14, 5024214.54, -58.04);
insert into STATION values (637, '.', 66, 246827.19, 5024216.28, -57.69);
insert into STATION values (638, '.', 66, 246828.85, 5024215.97, -65.22);
insert into STATION values (639, '.', 66, 246827.02, 5024216.29, -62.72);
insert into STATION values (640, '.', 66, 246827.24, 5024215.43, -60.93);
insert into STATION values (641, '.', 66, 246829.08, 5024215.34, -59.98);
insert into STATION values (642, 'frb.7', 66, 246829.84, 5024212.05, -54.60);
insert into STATION values (643, '.', 66, 246826.84, 5024214.08, -54.58);
insert into STATION values (644, '.', 66, 246827.33, 5024216.05, -54.86);
insert into STATION values (645, '.', 66, 246827.92, 5024216.40, -54.95);
insert into STATION values (646, '.', 66, 246829.21, 5024215.81, -54.56);
insert into STATION values (647, '.', 66, 246830.56, 5024210.56, -53.18);
insert into STATION values (648, '.', 66, 246828.96, 5024211.31, -53.24);
insert into STATION values (649, '.', 66, 246828.90, 5024211.92, -53.74);
insert into STATION values (650, '.', 66, 246831.13, 5024212.35, -53.55);
insert into STATION values (651, '.', 66, 246830.93, 5024211.38, -53.65);
insert into STATION values (652, 'frb.8', 66, 246829.89, 5024214.24, -49.24);
insert into STATION values (653, '.', 66, 246830.30, 5024213.11, -49.20);
insert into STATION values (654, '.', 66, 246830.01, 5024209.88, -49.36);
insert into STATION values (655, '.', 66, 246828.93, 5024212.03, -49.38);
insert into STATION values (656, '.', 66, 246827.72, 5024212.17, -49.26);
insert into STATION values (657, '.', 66, 246828.58, 5024214.86, -49.40);
insert into STATION values (658, '.', 66, 246826.58, 5024214.34, -49.48);
insert into STATION values (659, '.', 66, 246826.45, 5024213.39, -49.47);
insert into STATION values (660, '.', 66, 246830.47, 5024208.88, -45.23);
insert into STATION values (661, '.', 66, 246830.34, 5024209.97, -47.90);
insert into STATION values (662, '.', 66, 246830.14, 5024209.92, -49.79);
insert into STATION values (663, '.', 66, 246830.19, 5024210.35, -50.74);
insert into STATION values (664, '.', 66, 246829.82, 5024210.72, -52.36);
insert into STATION values (665, '.', 66, 246827.92, 5024212.13, -34.55);
insert into STATION values (666, '.', 66, 246826.73, 5024212.98, -35.40);
insert into STATION values (667, '.', 66, 246827.06, 5024212.59, -40.47);
insert into STATION values (668, '.', 66, 246827.36, 5024212.41, -43.47);
insert into STATION values (669, 'frb.9', 66, 246830.16, 5024212.81, -48.83);
insert into STATION values (670, 'frb.10', 66, 246830.26, 5024213.29, -46.13);
insert into STATION values (671, '.', 66, 246829.10, 5024211.52, -46.32);
insert into STATION values (672, '.', 66, 246830.17, 5024212.34, -46.28);
insert into STATION values (673, '.', 66, 246829.89, 5024212.14, -46.30);
insert into STATION values (674, '.', 66, 246828.27, 5024211.91, -46.53);
insert into STATION values (675, '.', 66, 246827.94, 5024214.09, -46.13);
insert into STATION values (676, '.', 66, 246826.45, 5024213.46, -46.20);
insert into STATION values (677, 'frb.11', 66, 246829.38, 5024213.57, -39.88);
insert into STATION values (678, '.', 66, 246827.43, 5024214.41, -39.78);
insert into STATION values (679, '.', 66, 246826.76, 5024213.70, -39.74);
insert into STATION values (680, '.', 66, 246826.99, 5024212.31, -39.87);
insert into STATION values (681, '.', 66, 246828.52, 5024211.73, -40.06);
insert into STATION values (682, '.', 66, 246829.37, 5024211.91, -39.95);
insert into STATION values (683, '.', 66, 246826.82, 5024211.83, -35.92);
insert into STATION values (684, '.', 66, 246827.72, 5024212.21, -34.57);
insert into STATION values (685, 'frb.12', 66, 246830.12, 5024212.50, -39.80);
insert into STATION values (686, '.', 66, 246830.77, 5024213.05, -39.70);
insert into STATION values (687, '.', 66, 246830.36, 5024213.68, -39.65);
insert into STATION values (688, '.', 66, 246829.71, 5024213.64, -39.56);
insert into STATION values (689, '.', 66, 246829.56, 5024213.34, -36.97);
insert into STATION values (690, '.', 66, 246829.55, 5024213.66, -34.63);
insert into STATION values (691, '.', 66, 246830.54, 5024213.50, -37.04);
insert into STATION values (692, '.', 66, 246830.82, 5024212.76, -38.42);
insert into STATION values (693, '.', 66, 246831.79, 5024214.16, -37.67);
insert into STATION values (694, '.', 66, 246832.09, 5024213.84, -37.80);
insert into STATION values (695, 'frb.13', 66, 246831.57, 5024213.91, -35.67);
insert into STATION values (696, 'frb.14', 66, 246832.14, 5024213.45, -35.80);
insert into STATION values (697, '.', 66, 246833.03, 5024212.54, -35.80);
insert into STATION values (698, '.', 66, 246832.57, 5024212.24, -35.83);
insert into STATION values (699, '.', 66, 246832.02, 5024212.04, -35.87);
insert into STATION values (700, '.', 66, 246831.35, 5024212.12, -35.94);
insert into STATION values (701, '.', 66, 246830.38, 5024212.22, -35.86);
insert into STATION values (702, '.', 66, 246830.83, 5024213.23, -35.84);
insert into STATION values (703, '.', 66, 246830.85, 5024213.83, -35.95);
insert into STATION values (704, 'frb.15', 66, 246833.35, 5024212.73, -31.92);
insert into STATION values (705, '.', 66, 246832.34, 5024211.96, -31.85);
insert into STATION values (706, '.', 66, 246831.35, 5024212.02, -31.81);
insert into STATION values (707, '.', 66, 246829.19, 5024212.88, -31.68);
insert into STATION values (708, '.', 66, 246830.36, 5024213.74, -31.80);
insert into STATION values (709, '.', 66, 246831.86, 5024213.82, -31.87);
insert into STATION values (710, '.', 66, 246833.09, 5024213.50, -31.95);
insert into STATION values (711, 'frb.16', 66, 246832.89, 5024211.86, -28.07);
insert into STATION values (712, 'frb.17', 66, 246833.41, 5024212.37, -28.85);
insert into STATION_FLAG values(712, 'ent');
insert into STATION values (713, 'frb.18', 66, 246836.47, 5024212.88, -30.87);
insert into STATION_FLAG values(713, 'fix');
insert into STATION values (714, '0', 336, 246929.88, 5024196.45, -208.61);
insert into STATION values (715, '-1', 336, 246933.62, 5024196.14, -216.63);
insert into STATION values (716, '.', 336, 246929.80, 5024197.28, -208.34);
insert into STATION values (717, '.', 336, 246929.66, 5024196.22, -209.54);
insert into STATION values (718, '.', 336, 246929.77, 5024195.61, -208.50);
insert into STATION values (719, '.', 336, 246930.05, 5024196.71, -207.66);
insert into STATION values (720, '.', 336, 246928.48, 5024197.03, -205.98);
insert into STATION values (721, '.', 336, 246927.41, 5024197.60, -206.83);
insert into STATION values (722, '.', 336, 246927.16, 5024196.20, -207.10);
insert into STATION values (723, '.', 336, 246927.66, 5024196.11, -205.61);
insert into STATION values (724, '.', 336, 246932.18, 5024196.18, -211.01);
insert into STATION values (725, '.', 336, 246933.58, 5024194.91, -212.52);
insert into STATION values (726, '.', 336, 246931.07, 5024195.50, -210.10);
insert into STATION values (727, '.', 336, 246928.10, 5024196.58, -209.27);
insert into STATION values (728, '1', 336, 246925.32, 5024197.45, -203.29);
insert into STATION values (729, '.', 336, 246925.65, 5024197.42, -201.41);
insert into STATION values (730, '.', 336, 246925.43, 5024196.55, -202.97);
insert into STATION values (731, '.', 336, 246925.91, 5024197.95, -203.10);
insert into STATION values (732, '.', 336, 246928.63, 5024196.74, -209.34);
insert into STATION values (733, '.', 336, 246927.01, 5024197.05, -207.60);
insert into STATION values (734, '.', 336, 246926.51, 5024196.66, -204.71);
insert into STATION values (735, '.', 336, 246927.65, 5024197.39, -205.08);
insert into STATION values (736, '.', 336, 246927.44, 5024196.23, -203.59);
insert into STATION values (737, '.', 336, 246928.33, 5024196.44, -205.01);
insert into STATION values (738, '.', 336, 246924.94, 5024197.14, -202.20);
insert into STATION values (739, '.', 336, 246925.41, 5024196.74, -202.04);
insert into STATION values (740, '.', 336, 246925.31, 5024197.80, -202.21);
insert into STATION values (741, '2', 336, 246925.48, 5024197.82, -202.79);
insert into STATION values (742, '.', 336, 246925.18, 5024197.67, -202.83);
insert into STATION values (743, '.', 336, 246924.95, 5024198.03, -204.70);
insert into STATION values (744, '.', 336, 246925.51, 5024198.04, -203.16);
insert into STATION values (745, '3', 336, 246923.82, 5024198.96, -202.00);
insert into STATION values (746, '.', 336, 246924.46, 5024198.33, -203.58);
insert into STATION values (747, '.', 336, 246923.13, 5024197.71, -202.20);
insert into STATION values (748, '.', 336, 246924.15, 5024199.08, -201.98);
insert into STATION values (749, '.', 336, 246924.40, 5024198.33, -203.71);
insert into STATION values (750, '.', 336, 246924.04, 5024198.49, -201.11);
insert into STATION values (751, '.', 336, 246924.25, 5024198.32, -201.41);
insert into STATION values (752, '.', 336, 246924.33, 5024198.90, -201.42);
insert into STATION values (753, '.', 336, 246924.80, 5024198.64, -202.95);
insert into STATION values (754, '.', 336, 246924.56, 5024198.18, -202.78);
insert into STATION values (755, '.', 336, 246928.27, 5024196.48, -204.83);
insert into STATION values (756, '4', 336, 246922.95, 5024198.66, -199.98);
insert into STATION values (757, '.', 336, 246923.09, 5024198.62, -200.91);
insert into STATION values (758, '.', 336, 246923.02, 5024198.54, -199.25);
insert into STATION values (759, '.', 336, 246923.10, 5024199.29, -199.85);
insert into STATION values (760, '.', 336, 246921.59, 5024197.91, -199.71);
insert into STATION values (761, '.', 336, 246922.21, 5024199.02, -199.78);
insert into STATION values (762, '.', 336, 246920.96, 5024197.96, -196.66);
insert into STATION values (763, '.', 336, 246920.88, 5024197.42, -197.99);
insert into STATION values (764, '.', 336, 246922.70, 5024196.85, -200.74);
insert into STATION values (765, '5', 336, 246920.83, 5024198.67, -197.90);
insert into STATION values (766, '.', 336, 246920.80, 5024198.06, -197.51);
insert into STATION values (767, '.', 336, 246922.15, 5024196.33, -198.03);
insert into STATION values (768, '.', 336, 246922.79, 5024197.63, -198.10);
insert into STATION values (769, '.', 336, 246922.48, 5024198.61, -198.04);
insert into STATION values (770, '.', 336, 246921.41, 5024199.37, -197.89);
insert into STATION values (771, '.', 336, 246922.19, 5024198.10, -200.97);
insert into STATION values (772, '.', 336, 246922.89, 5024196.10, -200.88);
insert into STATION values (773, '.', 336, 246924.30, 5024196.68, -200.43);
insert into STATION values (774, '.', 336, 246921.40, 5024198.10, -195.06);
insert into STATION values (775, '.', 336, 246922.10, 5024197.51, -196.06);
insert into STATION values (776, '.', 336, 246921.42, 5024198.97, -196.88);
insert into STATION values (777, '.', 336, 246920.70, 5024198.31, -197.10);
insert into STATION values (778, '.', 336, 246920.22, 5024199.12, -196.44);
insert into STATION values (779, '.', 336, 246920.81, 5024199.22, -196.69);
insert into STATION values (780, '.', 336, 246920.56, 5024199.64, -197.95);
insert into STATION values (781, '6', 336, 246920.75, 5024199.17, -196.62);
insert into STATION values (782, '.', 336, 246920.63, 5024198.09, -196.79);
insert into STATION values (783, '.', 336, 246920.32, 5024198.83, -196.62);
insert into STATION values (784, '.', 336, 246920.18, 5024199.39, -196.13);
insert into STATION values (785, '.', 336, 246920.98, 5024199.25, -199.49);
insert into STATION values (786, '.', 336, 246920.63, 5024198.60, -195.68);
insert into STATION values (787, '.', 336, 246920.80, 5024199.22, -196.26);
insert into STATION values (788, '7', 336, 246919.86, 5024200.52, -194.20);
insert into STATION values (789, '.', 336, 246919.82, 5024201.17, -195.51);
insert into STATION values (790, '.', 336, 246920.24, 5024200.92, -194.25);
insert into STATION values (791, '.', 336, 246920.17, 5024200.86, -193.96);
insert into STATION values (792, '.', 336, 246920.09, 5024200.82, -193.54);
insert into STATION values (793, '.', 336, 246919.72, 5024201.50, -193.98);
insert into STATION values (794, '.', 336, 246919.33, 5024201.75, -194.26);
insert into STATION values (795, '8', 336, 246919.64, 5024201.92, -193.35);
insert into STATION values (796, '.', 336, 246919.24, 5024201.81, -193.35);
insert into STATION values (797, '.', 336, 246919.46, 5024201.99, -192.27);
insert into STATION values (798, '.', 336, 246919.69, 5024201.96, -193.10);
insert into STATION values (799, '.', 336, 246919.13, 5024201.76, -195.25);
insert into STATION values (800, '.', 336, 246919.37, 5024202.04, -194.03);
insert into STATION values (801, '.', 336, 246919.09, 5024202.33, -194.11);
insert into STATION values (802, '.', 336, 246919.59, 5024202.44, -193.48);
insert into STATION values (803, '9', 336, 246918.90, 5024202.35, -193.04);
insert into STATION values (804, '.', 336, 246919.48, 5024203.00, -193.20);
insert into STATION values (805, '.', 336, 246919.09, 5024203.94, -196.44);
insert into STATION values (806, '.', 336, 246916.84, 5024205.10, -194.22);
insert into STATION values (807, '.', 336, 246916.98, 5024203.45, -193.42);
insert into STATION values (808, '.', 336, 246919.44, 5024209.07, -194.51);
insert into STATION values (809, '.', 336, 246922.09, 5024210.02, -194.75);
insert into STATION values (810, '.', 336, 246921.74, 5024206.76, -194.67);
insert into STATION values (811, '10', 336, 246918.85, 5024204.88, -195.27);
insert into STATION values (812, '.', 336, 246919.13, 5024210.01, -195.12);
insert into STATION values (813, '.', 336, 246921.04, 5024210.51, -194.93);
insert into STATION values (814, '.', 336, 246921.66, 5024206.72, -195.12);
insert into STATION values (815, '.', 336, 246921.78, 5024204.22, -195.04);
insert into STATION values (816, '.', 336, 246919.87, 5024203.23, -194.84);
insert into STATION values (817, '.', 336, 246917.18, 5024205.46, -194.49);
insert into STATION values (818, '.', 336, 246918.25, 5024207.86, -194.58);
insert into STATION values (819, '.', 336, 246915.67, 5024203.79, -170.71);
insert into STATION values (820, '.', 336, 246920.00, 5024201.05, -174.51);
insert into STATION values (821, '.', 336, 246922.76, 5024202.83, -185.31);
insert into STATION values (822, '.', 336, 246918.88, 5024201.38, -184.42);
insert into STATION values (823, '.', 336, 246920.47, 5024205.31, -185.68);
insert into STATION values (824, '.', 336, 246919.39, 5024204.25, -178.77);
insert into STATION values (825, '.', 336, 246916.25, 5024204.80, -182.84);
insert into STATION values (826, '11', 336, 246919.56, 5024202.33, -172.70);
insert into STATION values (827, '12', 336, 246917.54, 5024204.34, -195.60);
insert into STATION values (828, '.', 336, 246919.51, 5024202.95, -194.56);
insert into STATION values (829, '.', 336, 246922.16, 5024205.32, -195.15);
insert into STATION values (830, '.', 336, 246917.46, 5024204.91, -197.34);
insert into STATION values (831, '.', 336, 246922.21, 5024211.97, -197.32);
insert into STATION values (832, '.', 336, 246917.90, 5024205.90, -195.67);
insert into STATION values (833, '.', 336, 246917.28, 5024206.85, -195.64);
insert into STATION values (834, '.', 336, 246917.17, 5024205.46, -195.50);
insert into STATION values (835, '13', 336, 246915.19, 5024204.29, -194.24);
insert into STATION values (836, '14', 336, 246918.17, 5024205.14, -195.51);
insert into STATION values (837, '15', 336, 246920.32, 5024209.14, -211.13);
insert into STATION values (838, '16', 336, 246920.74, 5024207.23, -209.40);
insert into STATION values (839, '17', 336, 246921.37, 5024212.37, -207.52);
insert into STATION values (840, '0', 343, 246862.30, 5024226.19, -49.66);
insert into STATION_FLAG values(840, 'ent');
insert into STATION values (841, '.', 343, 246862.62, 5024226.92, -49.69);
insert into STATION values (842, '.', 343, 246861.97, 5024225.37, -49.59);
insert into STATION values (843, '.', 343, 246862.29, 5024225.59, -50.93);
insert into STATION values (844, '.', 343, 246862.74, 5024226.71, -50.91);
insert into STATION values (845, '.', 343, 246862.60, 5024226.84, -49.64);
insert into STATION values (846, '.', 343, 246862.58, 5024226.64, -48.79);
insert into STATION values (847, '.', 343, 246862.08, 5024225.48, -48.44);
insert into STATION values (848, '.', 343, 246862.09, 5024225.52, -49.79);
insert into STATION values (849, '.', 343, 246862.30, 5024225.65, -50.52);
insert into STATION values (850, '.', 343, 246863.60, 5024225.98, -51.32);
insert into STATION values (851, '.', 343, 246862.56, 5024226.84, -51.69);
insert into STATION values (852, '.', 343, 246861.14, 5024226.29, -49.98);
insert into STATION values (853, '1', 343, 246863.46, 5024227.68, -74.95);
insert into STATION values (854, '.', 343, 246863.26, 5024228.38, -75.02);
insert into STATION values (855, '.', 343, 246864.28, 5024226.37, -74.99);
insert into STATION values (856, '.', 343, 246863.81, 5024227.00, -73.43);
insert into STATION values (857, '.', 343, 246861.24, 5024226.98, -72.97);
insert into STATION values (858, '.', 343, 246865.55, 5024229.27, -72.58);
insert into STATION values (859, '.', 343, 246864.52, 5024228.68, -67.67);
insert into STATION values (860, '.', 343, 246866.13, 5024228.79, -78.65);
insert into STATION values (861, '.', 343, 246866.02, 5024228.76, -78.70);
insert into STATION values (862, '2', 343, 246867.98, 5024229.02, -77.78);
insert into STATION values (863, '.', 343, 246865.64, 5024227.95, -77.72);
insert into STATION values (864, '.', 343, 246867.66, 5024228.10, -77.99);
insert into STATION values (865, '.', 343, 246865.99, 5024229.61, -76.82);
insert into STATION values (866, '.', 343, 246866.40, 5024229.08, -79.13);
insert into STATION values (867, '.', 343, 246867.35, 5024227.63, -80.03);
insert into STATION values (868, '3', 343, 246870.63, 5024228.29, -82.03);
insert into STATION values (869, '.', 343, 246870.91, 5024228.25, -81.80);
insert into STATION values (870, '.', 343, 246869.89, 5024226.13, -81.11);
insert into STATION values (871, '.', 343, 246870.57, 5024228.93, -81.80);
insert into STATION values (872, '.', 343, 246868.44, 5024228.37, -82.42);
insert into STATION values (873, '.', 343, 246870.16, 5024228.22, -80.63);
insert into STATION values (874, '.', 343, 246868.69, 5024227.47, -82.35);
insert into STATION values (875, '.', 343, 246868.37, 5024228.11, -82.38);
insert into STATION values (876, '4', 343, 246868.00, 5024227.42, -83.45);
insert into STATION values (877, '.', 343, 246868.28, 5024227.94, -83.43);
insert into STATION values (878, '.', 343, 246868.27, 5024227.16, -82.94);
insert into STATION values (879, '.', 343, 246867.52, 5024227.56, -83.38);
insert into STATION values (880, '5', 343, 246868.93, 5024228.20, -87.58);
insert into STATION values (881, '.', 343, 246870.41, 5024227.88, -87.71);
insert into STATION values (882, '.', 343, 246866.96, 5024228.29, -86.51);
insert into STATION values (883, '.', 343, 246869.23, 5024227.33, -85.85);
insert into STATION values (884, '.', 343, 246868.89, 5024227.17, -87.68);
insert into STATION values (885, '6', 343, 246870.03, 5024227.12, -88.32);
insert into STATION values (886, '.', 343, 246870.23, 5024227.36, -88.34);
insert into STATION values (887, '.', 343, 246870.40, 5024227.58, -89.29);
insert into STATION values (888, '.', 343, 246870.06, 5024226.88, -87.76);
insert into STATION values (889, '.', 343, 246869.97, 5024226.99, -88.35);
insert into STATION values (890, '7', 343, 246872.65, 5024226.60, -89.70);
insert into STATION values (891, '.', 343, 246872.54, 5024226.59, -90.93);
insert into STATION values (892, '.', 343, 246872.21, 5024226.61, -87.96);
insert into STATION values (893, '.', 343, 246872.09, 5024225.72, -89.78);
insert into STATION values (894, '.', 343, 246873.04, 5024224.90, -88.75);
insert into STATION values (895, '.', 343, 246872.19, 5024225.90, -91.08);
insert into STATION values (896, '8', 343, 246873.73, 5024225.27, -91.14);
insert into STATION values (897, '.', 343, 246873.91, 5024225.63, -91.09);
insert into STATION values (898, '.', 343, 246873.98, 5024225.36, -90.43);
insert into STATION values (899, '.', 343, 246873.74, 5024225.52, -91.77);
insert into STATION values (900, '9', 343, 246875.38, 5024225.01, -91.43);
insert into STATION values (901, '.', 343, 246875.04, 5024224.57, -91.44);
insert into STATION values (902, '.', 343, 246875.19, 5024224.66, -90.28);
insert into STATION values (903, '.', 343, 246875.26, 5024225.13, -92.30);
insert into STATION values (904, '.', 343, 246875.81, 5024223.89, -92.01);
insert into STATION values (905, '.', 343, 246876.57, 5024224.38, -91.84);
insert into STATION values (906, '10', 343, 246878.23, 5024223.56, -93.11);
insert into STATION values (907, '.', 343, 246878.31, 5024223.87, -93.09);
insert into STATION values (908, '.', 343, 246878.21, 5024223.69, -91.98);
insert into STATION values (909, '.', 343, 246878.22, 5024223.63, -93.80);
insert into STATION values (910, '11', 343, 246880.02, 5024223.66, -93.48);
insert into STATION values (911, '.', 343, 246879.82, 5024223.44, -93.57);
insert into STATION values (912, '.', 343, 246879.59, 5024223.34, -92.13);
insert into STATION values (913, '.', 343, 246879.88, 5024223.77, -92.84);
insert into STATION values (914, '12', 343, 246881.86, 5024222.47, -94.62);
insert into STATION values (915, '.', 343, 246881.91, 5024222.38, -94.50);
insert into STATION values (916, '.', 343, 246881.60, 5024222.31, -94.81);
insert into STATION values (917, '.', 343, 246882.50, 5024223.23, -94.80);
insert into STATION values (918, '.', 343, 246881.61, 5024222.14, -95.86);
insert into STATION values (919, '.', 343, 246881.52, 5024222.88, -94.88);
insert into STATION values (920, '13', 343, 246882.59, 5024221.82, -100.05);
insert into STATION values (921, '.', 343, 246882.03, 5024221.50, -100.12);
insert into STATION values (922, '.', 343, 246882.96, 5024220.68, -100.35);
insert into STATION values (923, '.', 343, 246881.45, 5024222.47, -97.98);
insert into STATION values (924, '.', 343, 246882.28, 5024224.16, -99.68);
insert into STATION values (925, '.', 343, 246881.66, 5024223.60, -98.51);
insert into STATION values (926, '.', 343, 246882.17, 5024224.00, -100.04);
insert into STATION values (927, '.', 343, 246883.02, 5024220.76, -100.01);
insert into STATION values (928, '.', 343, 246881.88, 5024221.60, -99.99);
insert into STATION values (929, '14', 343, 246883.66, 5024222.34, -113.12);
insert into STATION values (930, '.', 343, 246884.31, 5024223.08, -112.41);
insert into STATION values (931, '.', 343, 246883.22, 5024222.65, -112.86);
insert into STATION values (932, '.', 343, 246881.86, 5024221.40, -112.86);
insert into STATION values (933, '.', 343, 246887.62, 5024215.69, -112.80);
insert into STATION values (934, '.', 343, 246885.36, 5024221.64, -112.25);
insert into STATION values (935, '.', 343, 246882.53, 5024220.37, -112.94);
insert into STATION values (936, '.', 343, 246883.44, 5024218.61, -112.56);
insert into STATION values (937, '.', 343, 246884.89, 5024217.04, -113.17);
insert into STATION values (938, '15', 343, 246886.86, 5024219.26, -136.18);
insert into STATION values (939, '.', 343, 246886.70, 5024218.66, -136.11);
insert into STATION values (940, '.', 343, 246886.52, 5024219.58, -136.11);
insert into STATION values (941, '.', 343, 246888.50, 5024220.43, -135.97);
insert into STATION values (942, '.', 343, 246889.22, 5024217.97, -136.08);
insert into STATION values (943, '.', 343, 246888.10, 5024218.41, -134.23);
insert into STATION values (944, '.', 343, 246887.66, 5024219.08, -132.32);
insert into STATION values (945, '.', 343, 246888.98, 5024217.31, -134.68);
insert into STATION values (946, '.', 343, 246887.63, 5024217.19, -136.14);
insert into STATION values (947, '16', 343, 246886.28, 5024222.81, -131.64);
insert into STATION values (948, '.', 343, 246885.99, 5024222.43, -131.80);
insert into STATION values (949, '.', 343, 246885.89, 5024222.48, -131.18);
insert into STATION values (950, '.', 343, 246886.17, 5024222.98, -132.45);
insert into STATION values (951, '.', 343, 246886.44, 5024222.83, -131.62);
insert into STATION values (952, '.', 343, 246884.74, 5024224.63, -131.28);
insert into STATION values (953, '17', 343, 246884.77, 5024223.19, -130.90);
insert into STATION values (954, '.', 343, 246884.91, 5024223.22, -130.75);
insert into STATION values (955, '.', 343, 246884.82, 5024222.58, -130.73);
insert into STATION values (956, '.', 343, 246884.64, 5024223.65, -130.88);
insert into STATION values (957, '.', 343, 246884.64, 5024223.23, -130.94);
insert into STATION values (958, '18', 343, 246881.98, 5024225.25, -128.35);
insert into STATION values (959, '.', 343, 246881.97, 5024225.24, -128.04);
insert into STATION values (960, '.', 343, 246882.94, 5024225.80, -128.33);
insert into STATION values (961, '.', 343, 246882.23, 5024225.06, -128.33);
insert into STATION values (962, '.', 343, 246882.05, 5024225.24, -128.64);
insert into STATION values (963, '.', 343, 246881.83, 5024225.25, -128.37);
insert into STATION values (964, '19', 343, 246880.74, 5024227.27, -128.16);
insert into STATION values (965, '.', 343, 246880.35, 5024226.75, -128.04);
insert into STATION values (966, '.', 343, 246880.60, 5024226.88, -126.93);
insert into STATION values (967, '.', 343, 246880.61, 5024227.25, -129.15);
insert into STATION values (968, '20', 343, 246879.72, 5024227.91, -128.20);
insert into STATION values (969, '.', 343, 246880.30, 5024228.80, -128.20);
insert into STATION values (970, '.', 343, 246879.61, 5024228.15, -125.75);
insert into STATION values (971, '.', 343, 246879.47, 5024227.14, -127.89);
insert into STATION values (972, '.', 343, 246880.28, 5024226.68, -128.33);
insert into STATION values (973, '21', 343, 246877.31, 5024231.04, -145.72);
insert into STATION values (974, '.', 343, 246877.02, 5024233.24, -145.56);
insert into STATION values (975, '.', 343, 246879.24, 5024232.76, -145.67);
insert into STATION values (976, '.', 343, 246879.23, 5024230.41, -145.64);
insert into STATION values (977, '.', 343, 246878.56, 5024229.18, -145.57);
insert into STATION values (978, '.', 343, 246878.39, 5024232.23, -142.38);
insert into STATION values (979, '22', 343, 246880.23, 5024234.22, -163.04);
insert into STATION values (980, '.', 343, 246881.46, 5024235.08, -162.89);
insert into STATION values (981, '.', 343, 246882.39, 5024233.96, -162.91);
insert into STATION values (982, '.', 343, 246881.71, 5024233.07, -162.93);
insert into STATION values (983, '.', 343, 246879.23, 5024233.15, -162.89);
insert into STATION values (984, '.', 343, 246879.08, 5024234.25, -163.11);
insert into STATION values (985, '23', 343, 246881.88, 5024232.91, -165.90);
insert into STATION values (986, '.', 343, 246880.14, 5024232.57, -166.22);
insert into STATION values (987, '.', 343, 246880.69, 5024233.74, -165.97);
insert into STATION values (988, '.', 343, 246882.35, 5024234.16, -165.74);
insert into STATION values (989, '.', 343, 246883.13, 5024232.78, -165.91);
insert into STATION values (990, '24', 343, 246882.13, 5024231.95, -185.69);
insert into STATION values (991, '.', 343, 246881.34, 5024231.03, -186.08);
insert into STATION values (992, '.', 343, 246882.36, 5024230.67, -185.86);
insert into STATION values (993, '.', 343, 246880.69, 5024232.15, -186.04);
insert into STATION values (994, '25', 343, 246880.88, 5024232.02, -189.18);
insert into STATION values (995, '.', 343, 246880.48, 5024232.64, -189.16);
insert into STATION values (996, '.', 343, 246881.49, 5024232.57, -189.17);
insert into STATION values (997, '.', 343, 246882.48, 5024231.83, -189.10);
insert into STATION values (998, '.', 343, 246883.60, 5024229.68, -189.09);
insert into STATION values (999, '.', 343, 246881.74, 5024230.58, -188.97);
insert into STATION values (1000, '26', 343, 246884.90, 5024236.20, -201.62);
insert into STATION values (1001, '.', 343, 246884.42, 5024234.07, -201.59);
insert into STATION values (1002, '.', 343, 246880.02, 5024235.35, -201.69);
insert into STATION values (1003, '.', 343, 246878.91, 5024237.59, -201.71);
insert into STATION values (1004, '.', 343, 246884.18, 5024236.73, -201.64);
insert into STATION values (1005, '.', 343, 246885.03, 5024236.66, -201.65);
insert into STATION values (1006, '.', 343, 246885.79, 5024235.95, -201.61);
insert into STATION values (1007, '.', 343, 246896.18, 5024229.18, -197.51);
insert into STATION values (1008, '.', 343, 246889.95, 5024233.59, -199.78);
insert into STATION values (1009, '27', 343, 246886.61, 5024235.88, -219.69);
insert into STATION values (1010, '.', 343, 246887.33, 5024237.20, -219.34);
insert into STATION values (1011, '.', 343, 246884.11, 5024236.27, -217.64);
insert into STATION values (1012, '.', 343, 246885.67, 5024235.99, -219.35);
insert into STATION values (1013, '.', 343, 246886.87, 5024234.89, -219.27);
insert into STATION values (1014, '.', 343, 246889.02, 5024235.92, -219.39);
insert into STATION values (1015, '.', 343, 246889.63, 5024234.27, -219.61);
insert into STATION values (1016, '28', 343, 246890.75, 5024234.06, -222.98);
insert into STATION values (1017, '.', 343, 246890.89, 5024234.27, -223.02);
insert into STATION values (1018, '.', 343, 246890.74, 5024234.10, -224.15);
insert into STATION values (1019, '.', 343, 246889.63, 5024232.76, -223.10);
insert into STATION values (1020, '.', 343, 246889.94, 5024233.37, -223.73);
insert into STATION values (1021, '29', 343, 246892.34, 5024232.55, -225.82);
insert into STATION values (1022, '.', 343, 246892.70, 5024232.94, -225.63);
insert into STATION values (1023, '.', 343, 246891.85, 5024231.80, -225.65);
insert into STATION values (1024, '.', 343, 246892.41, 5024232.47, -225.58);
insert into STATION values (1025, '.', 343, 246891.96, 5024232.87, -226.00);
insert into STATION values (1026, '.', 343, 246892.78, 5024233.07, -228.61);
insert into STATION values (1027, '30', 343, 246894.16, 5024231.99, -228.46);
insert into STATION values (1028, '.', 343, 246894.61, 5024232.49, -228.49);
insert into STATION values (1029, '.', 343, 246894.01, 5024231.24, -228.33);
insert into STATION values (1030, '.', 343, 246892.85, 5024232.67, -228.50);
insert into STATION values (1031, '.', 343, 246894.91, 5024231.78, -228.50);
insert into STATION values (1032, '31', 343, 246894.99, 5024232.37, -231.86);
insert into STATION values (1033, '.', 343, 246895.12, 5024232.54, -231.85);
insert into STATION values (1034, '.', 343, 246894.77, 5024231.98, -231.82);
insert into STATION values (1035, '.', 343, 246894.12, 5024232.68, -231.80);
insert into STATION values (1036, '.', 343, 246896.07, 5024231.25, -232.18);
insert into STATION values (1037, '32', 343, 246895.92, 5024231.66, -236.43);
insert into STATION values (1038, '.', 343, 246898.01, 5024230.96, -236.55);
insert into STATION values (1039, '.', 343, 246898.10, 5024232.80, -236.53);
insert into STATION values (1040, '.', 343, 246894.66, 5024232.36, -236.12);
insert into STATION values (1041, '.', 343, 246897.80, 5024232.58, -248.15);
insert into STATION values (1042, '.', 343, 246898.13, 5024232.85, -254.04);
insert into STATION values (1043, '33', 343, 246897.97, 5024233.48, -234.98);
insert into STATION values (1044, '.', 343, 246896.38, 5024230.99, -235.05);
insert into STATION values (1045, '.', 343, 246897.92, 5024231.50, -235.11);
insert into STATION values (1046, '.', 343, 246898.64, 5024231.91, -234.98);
insert into STATION values (1047, '.', 343, 246898.12, 5024233.44, -235.89);
insert into STATION values (1048, '.', 343, 246896.62, 5024231.07, -219.27);
insert into STATION values (1049, '.', 343, 246897.66, 5024230.41, -218.47);
insert into STATION values (1050, '.', 343, 246900.47, 5024234.92, -234.60);
insert into STATION values (1051, '.', 343, 246899.38, 5024233.43, -234.80);
insert into STATION values (1052, '.', 343, 246898.61, 5024234.52, -234.87);
insert into STATION values (1053, '34', 343, 246900.73, 5024230.07, -230.85);
insert into STATION values (1054, '.', 343, 246901.08, 5024230.34, -230.77);
insert into STATION values (1055, '.', 343, 246900.33, 5024229.99, -230.85);
insert into STATION values (1056, '.', 343, 246900.33, 5024230.26, -233.19);
insert into STATION values (1057, '.', 343, 246900.57, 5024230.17, -225.06);
insert into STATION values (1058, '35', 343, 246903.93, 5024226.98, -228.06);
insert into STATION values (1059, '.', 343, 246902.70, 5024229.09, -227.73);
insert into STATION values (1060, '.', 343, 246904.29, 5024223.90, -227.83);
insert into STATION values (1061, '.', 343, 246902.36, 5024225.67, -227.81);
insert into STATION values (1062, '.', 343, 246901.21, 5024226.76, -227.61);
insert into STATION values (1063, '.', 343, 246900.06, 5024228.92, -228.08);
insert into STATION values (1064, '36', 343, 246903.96, 5024226.40, -241.33);
insert into STATION values (1065, '.', 343, 246906.21, 5024227.34, -241.09);
insert into STATION values (1066, '.', 343, 246906.52, 5024223.77, -241.21);
insert into STATION values (1067, '.', 343, 246908.02, 5024222.85, -242.04);
insert into STATION values (1068, '37', 343, 246906.53, 5024225.27, -243.73);
insert into STATION values (1069, '.', 343, 246905.80, 5024224.46, -243.74);
insert into STATION values (1070, '.', 343, 246908.20, 5024223.47, -244.04);
insert into STATION values (1071, '.', 343, 246907.89, 5024226.00, -243.64);
insert into STATION values (1072, '.', 343, 246905.53, 5024225.91, -243.80);
insert into STATION values (1073, '38', 343, 246910.80, 5024223.70, -248.04);
insert into STATION values (1074, '.', 343, 246910.82, 5024224.46, -248.15);
insert into STATION values (1075, '.', 343, 246911.30, 5024223.80, -248.23);
insert into STATION values (1076, '.', 343, 246908.51, 5024225.36, -247.56);
insert into STATION values (1077, '.', 343, 246908.64, 5024223.94, -247.96);
insert into STATION values (1078, '39', 343, 246912.17, 5024224.08, -249.76);
insert into STATION values (1079, '.', 343, 246912.21, 5024223.83, -249.76);
insert into STATION values (1080, '.', 343, 246912.11, 5024224.40, -251.69);
insert into STATION values (1081, '40', 343, 246912.25, 5024224.18, -249.32);
insert into STATION values (1082, '.', 343, 246912.53, 5024224.28, -249.14);
insert into STATION values (1083, '.', 343, 246912.34, 5024223.84, -249.44);
insert into STATION values (1084, '.', 343, 246912.10, 5024224.29, -249.31);
insert into STATION values (1085, '41', 343, 246912.98, 5024224.69, -251.82);
insert into STATION values (1086, '.', 343, 246912.94, 5024224.29, -251.84);
insert into STATION values (1087, '.', 343, 246913.02, 5024224.92, -251.79);
insert into STATION values (1088, '.', 343, 246913.18, 5024224.69, -250.33);
insert into STATION values (1089, '.', 343, 246912.98, 5024224.59, -253.30);
insert into STATION values (1090, '42', 343, 246914.07, 5024224.25, -250.81);
insert into STATION values (1091, '.', 343, 246913.93, 5024224.12, -250.83);
insert into STATION values (1092, '.', 343, 246913.79, 5024224.06, -250.30);
insert into STATION values (1093, '.', 343, 246914.10, 5024224.19, -251.67);
insert into STATION values (1094, '43', 343, 246915.22, 5024223.15, -251.81);
insert into STATION values (1095, '.', 343, 246915.39, 5024223.56, -251.77);
insert into STATION values (1096, '.', 343, 246915.49, 5024223.32, -251.36);
insert into STATION values (1097, '.', 343, 246915.40, 5024223.37, -257.00);
insert into STATION values (1098, '44', 343, 246918.16, 5024222.68, -255.33);
insert into STATION values (1099, '.', 343, 246920.35, 5024222.79, -259.26);
insert into STATION values (1100, '.', 343, 246918.31, 5024222.68, -255.59);
insert into STATION values (1101, '.', 343, 246917.76, 5024221.94, -255.26);
insert into STATION values (1102, '.', 343, 246918.37, 5024222.35, -253.88);
insert into STATION values (1103, '.', 343, 246917.93, 5024222.52, -256.97);
insert into STATION values (1104, '.', 343, 246918.32, 5024222.88, -255.30);
insert into STATION values (1105, '45', 343, 246920.23, 5024221.66, -257.19);
insert into STATION values (1106, '.', 343, 246920.33, 5024222.02, -257.14);
insert into STATION values (1107, '.', 343, 246920.33, 5024221.68, -256.49);
insert into STATION values (1108, '.', 343, 246920.13, 5024221.72, -259.48);
insert into STATION values (1109, '46', 343, 246921.15, 5024221.18, -259.15);
insert into STATION values (1110, '.', 343, 246920.83, 5024220.94, -259.15);
insert into STATION values (1111, '.', 343, 246920.65, 5024222.15, -259.11);
insert into STATION values (1112, '.', 343, 246922.62, 5024218.93, -259.86);
insert into STATION values (1113, '47', 343, 246921.16, 5024221.28, -261.74);
insert into STATION values (1114, '.', 343, 246921.20, 5024221.30, -264.38);
insert into STATION values (1115, '.', 343, 246921.04, 5024221.16, -261.74);
insert into STATION values (1116, '.', 343, 246921.37, 5024221.52, -261.76);
insert into STATION values (1117, '.', 343, 246922.24, 5024220.21, -261.91);
insert into STATION values (1118, '.', 343, 246925.17, 5024216.92, -262.10);
insert into STATION values (1119, '.', 343, 246921.42, 5024221.03, -261.77);
insert into STATION values (1120, '48', 343, 246925.30, 5024217.24, -261.80);
insert into STATION values (1121, '.', 343, 246921.23, 5024221.31, -263.85);
insert into STATION values (1122, '.', 343, 246925.84, 5024217.74, -262.01);
insert into STATION values (1123, '.', 343, 246925.63, 5024217.69, -264.46);
insert into STATION values (1124, '.', 343, 246925.16, 5024217.14, -261.80);
insert into STATION values (1125, '49', 343, 246929.63, 5024218.02, -266.21);
insert into STATION values (1126, '.', 343, 246928.90, 5024218.18, -268.16);
insert into STATION values (1127, '.', 343, 246929.64, 5024218.98, -266.23);
insert into STATION values (1128, '.', 343, 246929.77, 5024218.03, -265.87);
insert into STATION values (1129, '.', 343, 246929.63, 5024217.75, -266.21);
insert into STATION values (1130, '50', 343, 246931.69, 5024218.17, -268.37);
insert into STATION values (1131, '.', 343, 246931.65, 5024217.94, -268.35);
insert into STATION values (1132, '.', 343, 246931.71, 5024218.45, -268.42);
insert into STATION values (1133, '.', 343, 246931.80, 5024218.12, -268.05);
insert into STATION values (1134, '.', 343, 246931.76, 5024217.98, -269.40);
insert into STATION values (1135, '51', 343, 246934.13, 5024218.85, -270.04);
insert into STATION values (1136, '.', 343, 246934.06, 5024218.93, -270.08);
insert into STATION values (1137, '.', 343, 246933.92, 5024219.03, -270.07);
insert into STATION values (1138, '.', 343, 246934.14, 5024218.91, -269.80);
insert into STATION values (1139, '.', 343, 246933.86, 5024218.73, -270.49);
insert into STATION values (1140, '.', 343, 246935.74, 5024219.94, -271.12);
insert into STATION values (1141, '52', 343, 246935.82, 5024220.08, -270.94);
insert into STATION values (1142, '.', 343, 246935.06, 5024219.79, -271.03);
insert into STATION values (1143, '.', 343, 246934.02, 5024220.18, -266.29);
insert into STATION values (1144, '.', 343, 246935.77, 5024220.06, -270.54);
insert into STATION values (1145, '.', 343, 246935.89, 5024219.64, -272.82);
insert into STATION values (1146, 'gk.0', 347, 246863.52, 5024222.85, -48.13);
insert into STATION_FLAG values(1146, 'fix');
insert into STATION values (1147, 'gk.1', 347, 246864.59, 5024224.10, -48.97);
insert into STATION values (1148, 'gk.2', 347, 246862.30, 5024226.19, -49.66);
insert into STATION values (1149, 'gk.3', 347, 246862.37, 5024226.18, -49.73);
insert into STATION values (1150, 'bivouac', 650, 247026.90, 5024172.68, -549.21);
insert into STATION values (1151, '.', 650, 247026.49, 5024172.23, -549.17);
insert into STATION values (1152, '.', 650, 247028.12, 5024172.26, -548.87);
insert into STATION values (1153, '.', 650, 247028.23, 5024174.27, -549.09);
insert into STATION values (1154, '.', 650, 247029.58, 5024173.42, -548.99);
insert into STATION values (1155, '.', 650, 247027.10, 5024172.27, -550.13);
insert into STATION values (1156, '.', 650, 247026.80, 5024173.08, -545.14);
insert into STATION values (1157, 'bivouad', 650, 247028.71, 5024170.63, -543.99);
insert into STATION values (1158, '.', 650, 247028.29, 5024170.55, -544.06);
insert into STATION values (1159, '.', 650, 247028.52, 5024170.64, -543.82);
insert into STATION values (1160, '.', 650, 247028.49, 5024170.64, -545.48);
insert into STATION values (1161, 'bivouae', 650, 247028.33, 5024169.68, -543.95);
insert into STATION values (1162, '.', 650, 247028.70, 5024169.77, -543.90);
insert into STATION values (1163, '.', 650, 247028.36, 5024169.66, -543.38);
insert into STATION values (1164, '.', 650, 247029.12, 5024169.50, -545.22);
insert into STATION values (1165, '.', 650, 247028.42, 5024169.62, -544.44);
insert into STATION values (1166, 'bivouaf', 650, 247028.71, 5024167.82, -543.43);
insert into STATION values (1167, '.', 650, 247028.31, 5024168.26, -543.44);
insert into STATION values (1168, '.', 650, 247029.02, 5024167.97, -545.14);
insert into STATION values (1169, '.', 650, 247028.26, 5024168.18, -542.52);
insert into STATION values (1170, '.', 650, 247028.37, 5024167.48, -543.44);
insert into STATION values (1171, '.', 650, 247028.59, 5024167.84, -543.41);
insert into STATION values (1172, 'bivouag', 650, 247023.24, 5024168.70, -542.34);
insert into STATION values (1173, '.', 650, 247023.66, 5024171.27, -542.06);
insert into STATION values (1174, '.', 650, 247022.33, 5024169.89, -542.10);
insert into STATION values (1175, '.', 650, 247022.86, 5024169.46, -537.92);
insert into STATION values (1176, '.', 650, 247023.24, 5024168.71, -543.22);
insert into STATION values (1177, '.', 650, 247023.85, 5024167.23, -542.27);
insert into STATION values (1178, '.', 650, 247024.76, 5024169.23, -542.31);
insert into STATION values (1179, 'bivouah', 650, 247024.69, 5024170.89, -542.97);
insert into STATION values (1180, '.', 650, 247022.98, 5024169.10, -542.90);
insert into STATION values (1181, '.', 650, 247024.77, 5024170.21, -542.96);
insert into STATION values (1182, '.', 650, 247023.11, 5024169.41, -539.91);
insert into STATION values (1183, '.', 650, 247024.56, 5024170.75, -544.34);
insert into STATION values (1184, '.', 650, 247022.97, 5024170.67, -539.72);
insert into STATION values (1185, 'bivouai', 650, 247027.07, 5024169.91, -551.05);
insert into STATION values (1186, '.', 650, 247027.82, 5024170.01, -550.85);
insert into STATION values (1187, '.', 650, 247026.58, 5024170.97, -550.86);
insert into STATION values (1188, 'bivouaj', 650, 247027.74, 5024171.17, -550.81);
insert into STATION values (1189, '.', 650, 247027.97, 5024170.49, -550.96);
insert into STATION values (1190, '.', 650, 247027.41, 5024171.08, -550.80);
insert into STATION values (1191, '.', 650, 247027.37, 5024170.02, -548.52);
insert into STATION values (1192, '.', 650, 247027.94, 5024171.18, -552.34);
insert into STATION values (1193, 'bivouak', 650, 247028.57, 5024170.70, -551.52);
insert into STATION values (1194, '.', 650, 247032.07, 5024168.71, -564.61);
insert into STATION values (1195, '.', 650, 247030.09, 5024170.24, -558.11);
insert into STATION values (1196, 'bivy1', 716, 247026.90, 5024172.68, -549.21);
insert into STATION values (1197, 'bivy2', 716, 247026.30, 5024172.03, -541.61);
insert into STATION values (1198, '.', 716, 247025.95, 5024171.85, -541.83);
insert into STATION values (1199, '.', 716, 247026.47, 5024172.29, -541.73);
insert into STATION values (1200, '.', 716, 247026.83, 5024171.80, -542.28);
insert into STATION values (1201, 'bivy3', 716, 247025.30, 5024173.45, -541.28);
insert into STATION values (1202, '.', 716, 247024.35, 5024172.59, -541.31);
insert into STATION values (1203, '.', 716, 247025.27, 5024173.40, -540.92);
insert into STATION values (1204, '.', 716, 247025.18, 5024173.44, -541.62);
insert into STATION values (1205, 'bivy4', 716, 247024.17, 5024172.56, -540.92);
insert into STATION values (1206, '.', 716, 247023.78, 5024173.10, -541.00);
insert into STATION values (1207, '.', 716, 247024.80, 5024172.23, -540.84);
insert into STATION values (1208, '.', 716, 247024.63, 5024173.15, -540.98);
insert into STATION values (1209, '.', 716, 247024.10, 5024172.79, -539.67);
insert into STATION values (1210, 'bivy5', 716, 247023.28, 5024173.47, -539.30);
insert into STATION values (1211, '.', 716, 247022.92, 5024173.06, -539.43);
insert into STATION values (1212, '.', 716, 247023.26, 5024173.53, -540.03);
insert into STATION values (1213, '.', 716, 247023.14, 5024173.00, -538.96);
insert into STATION values (1214, 'bivy6', 716, 247019.51, 5024173.91, -536.91);
insert into STATION values (1215, '.', 716, 247019.81, 5024174.74, -536.91);
insert into STATION values (1216, '.', 716, 247020.88, 5024173.42, -536.70);
insert into STATION values (1217, '.', 716, 247019.45, 5024173.28, -536.70);
insert into STATION values (1218, 'bivy7', 716, 247018.52, 5024174.51, -533.33);
insert into STATION values (1219, '.', 716, 247019.34, 5024173.05, -533.32);
insert into STATION values (1220, '.', 716, 247018.19, 5024173.85, -533.37);
insert into STATION values (1221, '.', 716, 247018.94, 5024174.76, -533.29);
insert into STATION values (1222, 'bivy8', 716, 247018.13, 5024173.38, -530.21);
insert into STATION values (1223, '.', 716, 247017.93, 5024173.39, -530.24);
insert into STATION values (1224, '.', 716, 247017.99, 5024173.01, -530.32);
insert into STATION values (1225, 'bivy9', 716, 247017.82, 5024174.55, -530.21);
insert into STATION values (1226, '.', 716, 247017.50, 5024174.18, -529.97);
insert into STATION values (1227, '.', 716, 247017.80, 5024174.62, -530.75);
insert into STATION values (1228, 'bivy10', 716, 247015.87, 5024175.01, -529.78);
insert into STATION values (1229, '.', 716, 247015.96, 5024174.93, -528.52);
insert into STATION values (1230, '.', 716, 247016.13, 5024174.41, -529.69);
insert into STATION values (1231, '.', 716, 247016.15, 5024175.12, -529.74);
insert into STATION values (1232, '.', 716, 247016.64, 5024175.27, -529.76);
insert into STATION values (1233, '.', 716, 247016.28, 5024175.29, -529.24);
insert into STATION values (1234, '.', 716, 247016.66, 5024179.59, -529.49);
insert into STATION values (1235, 'bivy11', 716, 247016.54, 5024179.05, -529.53);
insert into STATION values (1236, '.', 716, 247017.34, 5024177.07, -530.97);
insert into STATION values (1237, 'bivy12', 716, 247017.52, 5024177.08, -530.85);
insert into STATION values (1238, '.', 716, 247019.10, 5024175.49, -530.55);
insert into STATION values (1239, '.', 716, 247019.19, 5024178.63, -530.67);
insert into STATION values (1240, '.', 716, 247016.97, 5024176.28, -530.79);
insert into STATION values (1241, '.', 716, 247016.66, 5024179.18, -530.95);
insert into STATION values (1242, 'bivy13', 716, 247014.92, 5024179.55, -522.23);
insert into STATION values (1243, '.', 716, 247017.29, 5024176.05, -522.59);
insert into STATION values (1244, '.', 716, 247019.00, 5024178.21, -521.92);
insert into STATION values (1245, '.', 716, 247017.97, 5024181.39, -522.19);
insert into STATION values (1246, '.', 716, 247017.87, 5024176.52, -522.26);
insert into STATION values (1247, '.', 716, 247013.97, 5024179.64, -522.00);
insert into STATION values (1248, 'bivy14', 716, 247011.91, 5024178.62, -511.85);
insert into STATION values (1249, '.', 716, 247013.23, 5024178.20, -511.73);
insert into STATION values (1250, '.', 716, 247015.22, 5024180.68, -511.58);
insert into STATION values (1251, '.', 716, 247011.20, 5024179.81, -511.86);
insert into STATION values (1252, '.', 716, 247012.58, 5024181.52, -511.71);
insert into STATION values (1253, 'bivy15', 716, 247011.06, 5024180.37, -508.61);
insert into STATION values (1254, '.', 716, 247010.58, 5024179.58, -508.62);
insert into STATION values (1255, '.', 716, 247011.20, 5024179.90, -508.62);
insert into STATION values (1256, '.', 716, 247013.43, 5024180.85, -508.48);
insert into STATION values (1257, '.', 716, 247011.77, 5024179.92, -508.62);
insert into STATION values (1258, 'bivy16', 716, 247008.91, 5024182.23, -501.49);
insert into STATION values (1259, '.', 716, 247008.69, 5024181.42, -501.51);
insert into STATION values (1260, '.', 716, 247008.88, 5024181.03, -501.49);
insert into STATION values (1261, '.', 716, 247010.11, 5024180.29, -501.46);
insert into STATION values (1262, '.', 716, 247008.07, 5024182.32, -501.45);
insert into STATION values (1263, '.', 716, 247008.73, 5024182.08, -498.30);
insert into STATION values (1264, '.', 716, 247008.39, 5024181.91, -505.23);
insert into STATION values (1265, 'bivy17', 716, 247006.96, 5024183.94, -498.06);
insert into STATION values (1266, '.', 716, 247001.94, 5024183.40, -498.18);
insert into STATION values (1267, '.', 716, 247005.23, 5024182.35, -498.39);
insert into STATION values (1268, '.', 716, 247003.00, 5024184.95, -498.58);
insert into STATION values (1269, 'bivy18', 716, 247000.42, 5024186.24, -489.23);
insert into STATION values (1270, '.', 716, 247002.44, 5024188.08, -489.02);
insert into STATION values (1271, '.', 716, 247005.28, 5024184.33, -489.11);
insert into STATION values (1272, '.', 716, 247005.46, 5024182.17, -489.40);
insert into STATION values (1273, '.', 716, 247001.70, 5024183.69, -489.16);
insert into STATION values (1274, '.', 716, 247002.96, 5024187.25, -484.65);
insert into STATION values (1275, '.', 716, 247005.01, 5024183.63, -482.32);
insert into STATION values (1276, '.', 716, 246998.60, 5024182.96, -483.15);
insert into STATION values (1277, '.', 716, 247004.15, 5024186.47, -492.15);
insert into STATION values (1278, 'bivy19', 716, 246998.09, 5024188.28, -476.12);
insert into STATION values (1279, '.', 716, 246998.64, 5024188.49, -476.13);
insert into STATION values (1280, '.', 716, 246999.40, 5024188.78, -475.53);
insert into STATION values (1281, '.', 716, 246999.49, 5024189.15, -469.50);
insert into STATION values (1282, '.', 716, 246999.17, 5024188.58, -474.03);
insert into STATION values (1283, '.', 716, 246996.98, 5024192.63, -475.69);
insert into STATION values (1284, '.', 716, 246998.30, 5024186.20, -476.10);
insert into STATION values (1285, 'bivy20', 716, 246997.32, 5024193.41, -475.93);
insert into STATION values (1286, '.', 716, 246999.36, 5024193.04, -475.94);
insert into STATION values (1287, '.', 716, 246998.66, 5024196.77, -476.26);
insert into STATION values (1288, '.', 716, 246999.73, 5024195.83, -476.14);
insert into STATION values (1289, '.', 716, 246996.06, 5024190.55, -476.49);
insert into STATION values (1290, '.', 716, 246998.10, 5024191.08, -475.63);
insert into STATION values (1291, '.', 716, 246997.08, 5024190.66, -475.89);
insert into STATION values (1292, '.', 716, 246997.97, 5024193.73, -478.35);
insert into STATION values (1293, 'bivy21', 716, 246998.09, 5024196.44, -466.18);
insert into STATION values (1294, '.', 716, 246997.62, 5024193.71, -466.14);
insert into STATION values (1295, '.', 716, 246997.67, 5024196.28, -466.05);
insert into STATION values (1296, '.', 716, 246997.64, 5024197.49, -465.92);
insert into STATION values (1297, '.', 716, 246997.49, 5024200.81, -465.78);
insert into STATION values (1298, '.', 716, 246998.27, 5024198.40, -465.98);
insert into STATION values (1299, '.', 716, 246998.62, 5024196.65, -462.45);
insert into STATION values (1300, '.', 716, 246998.52, 5024197.75, -462.53);
insert into STATION values (1301, 'bivy22', 716, 246998.15, 5024198.93, -463.42);
insert into STATION values (1302, '.', 716, 246999.11, 5024196.89, -463.44);
insert into STATION values (1303, '.', 716, 246997.91, 5024198.86, -460.47);
insert into STATION values (1304, '.', 716, 246998.96, 5024199.30, -463.38);
insert into STATION values (1305, '.', 716, 246999.00, 5024198.71, -462.20);
insert into STATION values (1306, 'bivy23', 716, 246997.54, 5024202.31, -460.97);
insert into STATION values (1307, '.', 716, 246996.97, 5024203.70, -460.88);
insert into STATION values (1308, '.', 716, 246996.82, 5024201.58, -461.30);
insert into STATION values (1309, '.', 716, 246996.30, 5024202.34, -460.75);
insert into STATION values (1310, '.', 716, 246995.71, 5024203.08, -461.21);
insert into STATION values (1311, '.', 716, 246996.42, 5024202.70, -462.43);
insert into STATION values (1312, '.', 716, 246996.84, 5024202.34, -458.45);
insert into STATION values (1313, 'bivy24', 716, 246994.29, 5024203.12, -457.47);
insert into STATION values (1314, '.', 716, 246993.33, 5024204.25, -457.42);
insert into STATION values (1315, '.', 716, 246994.10, 5024204.38, -457.36);
insert into STATION values (1316, '.', 716, 246995.51, 5024203.82, -457.47);
insert into STATION values (1317, '.', 716, 246994.19, 5024204.21, -455.82);
insert into STATION values (1318, '.', 716, 246993.83, 5024203.14, -458.89);
insert into STATION values (1319, 'bivy25', 716, 246990.76, 5024206.40, -454.86);
insert into STATION values (1320, '.', 716, 246991.56, 5024206.99, -454.47);
insert into STATION values (1321, '.', 716, 246990.85, 5024206.31, -450.56);
insert into STATION values (1322, '.', 716, 246991.09, 5024207.11, -457.53);
insert into STATION values (1323, '.', 716, 246993.80, 5024205.89, -452.81);
insert into STATION values (1324, 'bivy26', 716, 246988.45, 5024211.65, -453.32);
insert into STATION values (1325, '.', 716, 246988.83, 5024211.68, -453.04);
insert into STATION values (1326, '.', 716, 246987.91, 5024211.13, -453.31);
insert into STATION values (1327, '.', 716, 246988.96, 5024211.37, -446.63);
insert into STATION values (1328, '.', 716, 246985.53, 5024212.77, -452.85);
insert into STATION values (1329, '.', 716, 246990.21, 5024203.98, -452.27);
insert into STATION values (1330, '.', 716, 246989.30, 5024210.13, -453.20);
insert into STATION values (1331, '.', 716, 246988.23, 5024210.16, -453.27);
insert into STATION values (1332, 'bivy27', 716, 246986.75, 5024213.82, -445.45);
insert into STATION values (1333, '.', 716, 246985.93, 5024211.91, -445.33);
insert into STATION values (1334, '.', 716, 246982.97, 5024212.69, -445.06);
insert into STATION values (1335, '.', 716, 246984.23, 5024211.41, -445.12);
insert into STATION values (1336, '.', 716, 246989.33, 5024212.10, -445.23);
insert into STATION values (1337, '.', 716, 246991.40, 5024212.67, -445.46);
insert into STATION values (1338, '.', 716, 246987.31, 5024211.66, -442.12);
insert into STATION values (1339, '.', 716, 246987.19, 5024212.60, -438.90);
insert into STATION values (1340, '.', 716, 246986.29, 5024212.57, -447.54);
insert into STATION values (1341, 'bivy28', 716, 246985.25, 5024213.04, -435.39);
insert into STATION values (1342, '.', 716, 246985.23, 5024213.41, -434.60);
insert into STATION values (1343, '.', 716, 246985.95, 5024212.86, -435.80);
insert into STATION values (1344, '.', 716, 246984.51, 5024211.92, -447.19);
insert into STATION values (1345, '.', 716, 246985.10, 5024214.17, -435.37);
insert into STATION values (1346, 'bivy29', 716, 246982.45, 5024215.24, -434.62);
insert into STATION values (1347, '.', 716, 246984.75, 5024215.43, -433.97);
insert into STATION values (1348, '.', 716, 246984.68, 5024216.12, -434.56);
insert into STATION values (1349, '.', 716, 246983.83, 5024214.00, -434.40);
insert into STATION values (1350, '.', 716, 246981.30, 5024214.29, -434.33);
insert into STATION values (1351, '.', 716, 246979.63, 5024218.40, -434.29);
insert into STATION values (1352, '.', 716, 246979.83, 5024217.02, -434.68);
insert into STATION values (1353, '.', 716, 246981.21, 5024221.08, -434.51);
insert into STATION values (1354, '.', 716, 246981.91, 5024215.52, -419.98);
insert into STATION values (1355, '.', 716, 246981.51, 5024218.68, -436.62);
insert into STATION values (1356, '.', 716, 246984.23, 5024219.73, -421.06);
insert into STATION values (1357, 'bivy30', 716, 246983.78, 5024219.58, -421.05);
insert into STATION values (1358, '.', 716, 246983.49, 5024218.41, -420.93);
insert into STATION values (1359, '.', 716, 246980.99, 5024216.79, -420.61);
insert into STATION values (1360, '.', 716, 246979.60, 5024217.83, -420.61);
insert into STATION values (1361, '.', 716, 246980.56, 5024221.32, -421.10);
insert into STATION values (1362, '.', 716, 246975.82, 5024219.74, -421.36);
insert into STATION values (1363, '.', 716, 246978.93, 5024217.91, -421.35);
insert into STATION values (1364, '.', 716, 246979.57, 5024220.47, -412.62);
insert into STATION values (1365, '.', 716, 246980.13, 5024218.78, -435.17);
insert into STATION values (1366, '.', 716, 246984.82, 5024220.98, -410.13);
insert into STATION values (1367, '.', 716, 246985.14, 5024221.02, -411.77);
insert into STATION values (1368, '.', 716, 246987.26, 5024221.69, -420.45);
insert into STATION values (1369, '.', 716, 246983.35, 5024222.24, -421.12);
insert into STATION values (1370, '.', 716, 246979.61, 5024217.65, -421.07);
insert into STATION values (1371, '.', 716, 246979.67, 5024220.24, -421.17);
insert into STATION values (1372, 'bivy31', 716, 246982.48, 5024219.81, -402.70);
insert into STATION values (1373, '.', 716, 246983.48, 5024222.53, -402.76);
insert into STATION values (1374, '.', 716, 246987.80, 5024218.88, -402.47);
insert into STATION values (1375, '.', 716, 246987.61, 5024222.18, -403.34);
insert into STATION values (1376, '.', 716, 246985.74, 5024222.24, -403.63);
insert into STATION values (1377, '.', 716, 246980.52, 5024222.67, -402.54);
insert into STATION values (1378, '.', 716, 246982.71, 5024222.49, -402.75);
insert into STATION values (1379, '.', 716, 246983.86, 5024222.48, -397.64);
insert into STATION values (1380, '.', 716, 246982.86, 5024221.08, -408.40);
insert into STATION values (1381, 'bivy32', 716, 246980.98, 5024221.55, -377.38);
insert into STATION values (1382, '.', 716, 246979.59, 5024220.56, -377.40);
insert into STATION values (1383, '.', 716, 246981.40, 5024219.09, -377.47);
insert into STATION values (1384, '.', 716, 246983.99, 5024217.92, -377.36);
insert into STATION values (1385, '.', 716, 246983.85, 5024220.51, -376.46);
insert into STATION values (1386, '.', 716, 246983.72, 5024221.74, -375.35);
insert into STATION values (1387, '.', 716, 246982.73, 5024221.18, -371.78);
insert into STATION values (1388, '.', 716, 246984.46, 5024217.39, -379.92);
insert into STATION values (1389, '.', 716, 246978.18, 5024221.56, -382.71);
insert into STATION values (1390, '.', 716, 246980.12, 5024222.83, -380.65);
insert into STATION values (1391, '.', 716, 246980.32, 5024220.20, -378.74);
insert into STATION values (1392, 'bivy33', 716, 246979.91, 5024221.20, -370.69);
insert into STATION values (1393, '.', 716, 246980.70, 5024221.90, -370.72);
insert into STATION values (1394, '.', 716, 246982.57, 5024220.64, -370.74);
insert into STATION values (1395, '.', 716, 246980.39, 5024220.40, -370.75);
insert into STATION values (1396, '.', 716, 246980.44, 5024220.49, -368.34);
insert into STATION values (1397, '.', 716, 246979.95, 5024221.65, -369.54);
insert into STATION values (1398, '.', 716, 246979.37, 5024221.46, -370.74);
insert into STATION values (1399, '.', 716, 246979.90, 5024222.01, -370.65);
insert into STATION values (1400, 'bivy34', 716, 246977.70, 5024222.70, -371.74);
insert into STATION values (1401, '.', 716, 246977.62, 5024221.97, -371.72);
insert into STATION values (1402, '.', 716, 246977.51, 5024222.31, -370.44);
insert into STATION values (1403, '.', 716, 246977.92, 5024222.28, -375.42);
insert into STATION values (1404, '.', 716, 246975.74, 5024222.44, -372.03);
insert into STATION values (1405, '.', 716, 246978.75, 5024222.27, -371.87);
insert into STATION values (1406, 'bivy35', 716, 246973.77, 5024221.07, -370.06);
insert into STATION values (1407, '.', 716, 246973.84, 5024220.81, -370.05);
insert into STATION values (1408, '.', 716, 246973.61, 5024221.30, -370.01);
insert into STATION values (1409, '.', 716, 246974.22, 5024221.35, -367.80);
insert into STATION values (1410, '.', 716, 246973.61, 5024220.89, -371.04);
insert into STATION values (1411, '.', 716, 246971.28, 5024221.70, -367.37);
insert into STATION values (1412, 'bivy36', 716, 246972.19, 5024221.79, -367.96);
insert into STATION values (1413, '.', 716, 246972.32, 5024220.94, -367.88);
insert into STATION values (1414, '.', 716, 246973.10, 5024221.15, -367.83);
insert into STATION values (1415, '.', 716, 246973.17, 5024221.72, -367.75);
insert into STATION values (1416, '.', 716, 246970.48, 5024221.37, -367.80);
insert into STATION values (1417, '.', 716, 246972.41, 5024221.23, -370.29);
insert into STATION values (1418, '.', 716, 246971.58, 5024221.74, -359.26);
insert into STATION values (1419, 'bivy37', 716, 246968.71, 5024220.32, -360.53);
insert into STATION values (1420, '.', 716, 246972.94, 5024221.01, -360.94);
insert into STATION values (1421, '.', 716, 246968.64, 5024220.87, -356.69);
insert into STATION values (1422, '.', 716, 246968.72, 5024219.92, -360.50);
insert into STATION values (1423, '.', 716, 246968.92, 5024220.95, -360.62);
insert into STATION values (1424, '.', 716, 246967.71, 5024220.62, -360.53);
insert into STATION values (1425, '.', 716, 246965.37, 5024221.79, -360.51);
insert into STATION values (1426, '.', 716, 246967.93, 5024220.89, -360.48);
insert into STATION values (1427, '.', 716, 246967.52, 5024220.69, -362.62);
insert into STATION values (1428, 'bivy38', 716, 246965.06, 5024220.64, -353.22);
insert into STATION values (1429, '.', 716, 246964.95, 5024224.00, -353.39);
insert into STATION values (1430, '.', 716, 246966.54, 5024222.91, -354.79);
insert into STATION values (1431, '.', 716, 246965.28, 5024221.85, -352.05);
insert into STATION values (1432, '.', 716, 246964.95, 5024219.92, -353.08);
insert into STATION values (1433, '.', 716, 246965.61, 5024220.30, -353.30);
insert into STATION values (1434, '.', 716, 246967.41, 5024219.54, -354.98);
insert into STATION values (1435, '.', 716, 246964.87, 5024220.84, -351.84);
insert into STATION values (1436, '.', 716, 246964.44, 5024221.35, -353.24);
insert into STATION values (1437, 'bivy39', 716, 246963.28, 5024218.79, -351.60);
insert into STATION values (1438, '.', 716, 246963.35, 5024219.39, -351.66);
insert into STATION values (1439, '.', 716, 246963.33, 5024218.93, -351.41);
insert into STATION values (1440, '.', 716, 246963.47, 5024219.15, -353.41);
insert into STATION values (1441, '.', 716, 246963.24, 5024219.33, -352.10);
insert into STATION values (1442, 'bivy40', 716, 246960.70, 5024217.62, -350.88);
insert into STATION values (1443, '.', 716, 246960.61, 5024218.17, -350.76);
insert into STATION values (1444, '.', 716, 246963.18, 5024218.10, -350.79);
insert into STATION values (1445, '.', 716, 246960.52, 5024217.48, -350.81);
insert into STATION values (1446, '.', 716, 246960.27, 5024215.50, -350.41);
insert into STATION values (1447, '.', 716, 246960.48, 5024218.19, -350.76);
insert into STATION values (1448, '.', 716, 246963.71, 5024216.82, -350.59);
insert into STATION values (1449, '.', 716, 246961.62, 5024216.43, -350.43);
insert into STATION values (1450, '.', 716, 246962.69, 5024217.63, -343.84);
insert into STATION values (1451, '.', 716, 246959.30, 5024217.80, -345.42);
insert into STATION values (1452, '.', 716, 246963.77, 5024218.13, -353.16);
insert into STATION values (1453, 'bivy41', 716, 246961.61, 5024220.36, -332.36);
insert into STATION values (1454, '.', 716, 246960.31, 5024220.56, -332.38);
insert into STATION values (1455, '.', 716, 246961.40, 5024218.26, -331.68);
insert into STATION values (1456, '.', 716, 246962.02, 5024219.68, -332.05);
insert into STATION values (1457, '.', 716, 246962.76, 5024218.09, -334.81);
insert into STATION values (1458, '.', 716, 246960.94, 5024217.94, -335.08);
insert into STATION values (1459, '.', 716, 246961.14, 5024218.67, -330.28);
insert into STATION values (1460, '.', 716, 246959.82, 5024220.20, -327.55);
insert into STATION values (1461, 'bivy42', 716, 246959.92, 5024221.33, -326.42);
insert into STATION values (1462, '.', 716, 246961.20, 5024220.58, -326.44);
insert into STATION values (1463, '.', 716, 246958.21, 5024222.51, -325.92);
insert into STATION values (1464, '.', 716, 246959.78, 5024223.02, -326.16);
insert into STATION values (1465, '.', 716, 246959.25, 5024222.53, -327.13);
insert into STATION values (1466, '.', 716, 246960.77, 5024222.33, -326.20);
insert into STATION values (1467, '.', 716, 246961.46, 5024221.04, -326.16);
insert into STATION values (1468, '.', 716, 246961.30, 5024219.56, -327.99);
insert into STATION values (1469, '.', 716, 246959.54, 5024221.90, -327.81);
insert into STATION values (1470, 'bivy43', 716, 246957.02, 5024223.94, -313.71);
insert into STATION values (1471, '.', 716, 246956.27, 5024223.55, -313.59);
insert into STATION values (1472, '.', 716, 246956.61, 5024224.86, -307.50);
insert into STATION values (1473, '.', 716, 246955.71, 5024226.86, -312.16);
insert into STATION values (1474, '.', 716, 246955.10, 5024226.24, -312.04);
insert into STATION values (1475, '.', 716, 246957.26, 5024223.14, -312.75);
insert into STATION values (1476, '.', 716, 246957.14, 5024222.85, -314.02);
insert into STATION values (1477, 'bivy44', 716, 246954.61, 5024226.79, -313.24);
insert into STATION values (1478, '.', 716, 246954.96, 5024227.14, -313.27);
insert into STATION values (1479, '.', 716, 246955.18, 5024227.14, -308.79);
insert into STATION values (1480, '.', 716, 246957.00, 5024224.18, -312.05);
insert into STATION values (1481, '.', 716, 246954.58, 5024227.09, -315.04);
insert into STATION values (1482, '.', 716, 246955.97, 5024225.16, -314.40);
insert into STATION values (1483, '.', 716, 246951.15, 5024229.69, -313.30);
insert into STATION values (1484, '.', 716, 246953.20, 5024229.54, -313.38);
insert into STATION values (1485, '.', 716, 246953.95, 5024228.76, -313.39);
insert into STATION values (1486, '.', 716, 246954.53, 5024227.46, -313.26);
insert into STATION values (1487, '.', 716, 246952.15, 5024227.33, -323.26);
insert into STATION values (1488, '.', 716, 246953.46, 5024229.03, -316.42);
insert into STATION values (1489, '.', 716, 246953.18, 5024229.46, -312.92);
insert into STATION values (1490, '.', 716, 246950.48, 5024228.83, -317.22);
insert into STATION values (1491, '.', 716, 246950.44, 5024229.12, -317.45);
insert into STATION values (1492, 'bivy45', 716, 246952.74, 5024228.99, -310.47);
insert into STATION values (1493, '.', 716, 246952.24, 5024228.68, -310.45);
insert into STATION values (1494, '.', 716, 246953.90, 5024226.93, -310.01);
insert into STATION values (1495, '.', 716, 246953.36, 5024228.94, -310.42);
insert into STATION values (1496, '.', 716, 246951.21, 5024230.08, -310.36);
insert into STATION values (1497, '.', 716, 246950.22, 5024229.21, -310.48);
insert into STATION values (1498, '.', 716, 246953.05, 5024227.35, -323.32);
insert into STATION values (1499, '.', 716, 246953.66, 5024229.06, -315.68);
insert into STATION values (1500, '.', 716, 246953.69, 5024227.62, -307.56);
insert into STATION values (1501, 'bivy46', 716, 246951.85, 5024230.55, -305.31);
insert into STATION values (1502, '.', 716, 246951.55, 5024230.14, -305.32);
insert into STATION values (1503, '.', 716, 246951.86, 5024230.14, -304.55);
insert into STATION values (1504, '.', 716, 246951.27, 5024230.67, -305.10);
insert into STATION values (1505, '.', 716, 246952.36, 5024229.73, -305.21);
insert into STATION values (1506, '.', 716, 246951.54, 5024230.44, -307.19);
insert into STATION values (1507, 'bivy47', 716, 246950.79, 5024230.50, -304.58);
insert into STATION values (1508, '.', 716, 246951.10, 5024230.25, -304.66);
insert into STATION values (1509, '.', 716, 246951.14, 5024230.17, -304.94);
insert into STATION values (1510, '.', 716, 246950.81, 5024230.32, -305.19);
insert into STATION values (1511, '.', 716, 246950.82, 5024230.43, -304.30);
insert into STATION values (1512, 'bivy48', 716, 246949.44, 5024228.32, -304.32);
insert into STATION values (1513, '.', 716, 246948.82, 5024227.66, -303.92);
insert into STATION values (1514, '.', 716, 246949.22, 5024228.50, -303.10);
insert into STATION values (1515, '.', 716, 246949.69, 5024228.28, -304.12);
insert into STATION values (1516, '.', 716, 246948.05, 5024228.98, -304.20);
insert into STATION values (1517, '.', 716, 246948.56, 5024228.05, -304.18);
insert into STATION values (1518, '.', 716, 246948.17, 5024228.96, -302.90);
insert into STATION values (1519, '.', 716, 246947.53, 5024227.62, -302.31);
insert into STATION values (1520, '.', 716, 246947.76, 5024228.20, -301.37);
insert into STATION values (1521, '.', 716, 246945.00, 5024228.69, -303.61);
insert into STATION values (1522, 'bivy49', 716, 246942.10, 5024228.24, -300.68);
insert into STATION values (1523, '.', 716, 246946.59, 5024227.75, -300.46);
insert into STATION values (1524, '.', 716, 246946.37, 5024224.87, -300.14);
insert into STATION values (1525, '.', 716, 246944.46, 5024224.72, -300.31);
insert into STATION values (1526, '.', 716, 246943.97, 5024229.10, -300.63);
insert into STATION values (1527, '.', 716, 246942.06, 5024229.62, -300.54);
insert into STATION values (1528, '.', 716, 246944.70, 5024228.05, -303.63);
insert into STATION values (1529, '.', 716, 246944.88, 5024227.32, -295.86);
insert into STATION values (1530, '.', 716, 246944.71, 5024224.34, -295.97);
insert into STATION values (1531, '.', 716, 246943.95, 5024229.32, -297.18);
insert into STATION values (1532, 'bivy50', 716, 246945.99, 5024226.70, -301.08);
insert into STATION values (1533, '.', 716, 246942.67, 5024226.59, -301.27);
insert into STATION values (1534, '.', 716, 246941.90, 5024229.35, -300.58);
insert into STATION values (1535, '.', 716, 246945.33, 5024228.63, -299.99);
insert into STATION values (1536, '.', 716, 246945.51, 5024224.18, -301.56);
insert into STATION values (1537, '.', 716, 246945.52, 5024226.61, -299.06);
insert into STATION values (1538, 'bivy51', 716, 246942.04, 5024226.06, -284.67);
insert into STATION values (1539, '.', 716, 246942.12, 5024223.93, -284.87);
insert into STATION values (1540, '.', 716, 246945.15, 5024223.07, -285.02);
insert into STATION values (1541, '.', 716, 246942.31, 5024226.00, -284.68);
insert into STATION values (1542, '.', 716, 246945.03, 5024225.12, -284.47);
insert into STATION values (1543, '.', 716, 246939.94, 5024225.90, -284.41);
insert into STATION values (1544, '.', 716, 246945.22, 5024225.31, -288.37);
insert into STATION values (1545, '.', 716, 246942.22, 5024223.61, -285.93);
insert into STATION values (1546, '.', 716, 246941.72, 5024223.62, -282.64);
insert into STATION values (1547, '.', 716, 246944.30, 5024224.45, -282.17);
insert into STATION values (1548, '.', 716, 246939.13, 5024224.78, -280.37);
insert into STATION values (1549, 'bivy52', 716, 246939.80, 5024224.87, -273.99);
insert into STATION values (1550, '.', 716, 246939.74, 5024224.77, -273.90);
insert into STATION values (1551, '.', 716, 246939.75, 5024225.43, -273.92);
insert into STATION values (1552, '.', 716, 246939.67, 5024224.50, -268.43);
insert into STATION values (1553, '.', 716, 246940.17, 5024223.64, -263.99);
insert into STATION values (1554, '.', 716, 246937.90, 5024226.10, -274.06);
insert into STATION values (1555, '.', 716, 246939.67, 5024224.60, -273.92);
insert into STATION values (1556, '.', 716, 246939.89, 5024223.45, -270.98);
insert into STATION values (1557, '.', 716, 246938.83, 5024224.34, -278.21);
insert into STATION values (1558, '.', 716, 246938.11, 5024225.10, -276.98);
insert into STATION values (1559, 'bivy53', 716, 246935.75, 5024226.48, -271.93);
insert into STATION values (1560, '.', 716, 246935.94, 5024225.91, -271.82);
insert into STATION values (1561, '.', 716, 246936.02, 5024225.61, -271.24);
insert into STATION values (1562, '.', 716, 246936.35, 5024225.80, -267.61);
insert into STATION values (1563, '.', 716, 246936.31, 5024226.37, -271.91);
insert into STATION values (1564, '.', 716, 246936.41, 5024226.47, -273.94);
insert into STATION values (1565, '.', 716, 246934.31, 5024225.78, -262.71);
insert into STATION values (1566, 'bivy54', 716, 246932.56, 5024223.71, -270.01);
insert into STATION values (1567, '.', 716, 246932.91, 5024220.81, -270.02);
insert into STATION values (1568, '.', 716, 246931.18, 5024223.23, -269.26);
insert into STATION values (1569, '.', 716, 246931.88, 5024225.79, -269.26);
insert into STATION values (1570, '.', 716, 246934.32, 5024223.99, -269.93);
insert into STATION values (1571, '.', 716, 246933.56, 5024218.09, -244.87);
insert into STATION values (1572, '.', 716, 246933.35, 5024222.49, -270.53);
insert into STATION values (1573, '.', 716, 246932.36, 5024225.21, -270.90);
insert into STATION values (1574, 'bivy55', 716, 246934.42, 5024220.18, -270.08);
insert into STATION values (1575, '.', 716, 246935.64, 5024220.67, -270.06);
insert into STATION values (1576, '.', 716, 246935.10, 5024221.45, -270.26);
insert into STATION values (1577, '.', 716, 246934.29, 5024220.60, -270.04);
insert into STATION values (1578, '.', 716, 246933.51, 5024222.97, -270.30);
insert into STATION values (1579, '.', 716, 246934.98, 5024220.39, -261.31);
insert into STATION values (1580, 'bivy56', 716, 246935.82, 5024220.08, -270.94);
insert into STATION values (1581, '.', 716, 246935.79, 5024219.41, -270.97);
insert into STATION values (1582, '.', 716, 246935.99, 5024220.53, -271.01);
insert into STATION values (1583, '.', 716, 246935.88, 5024219.49, -272.61);
insert into STATION values (1584, '.', 716, 246935.91, 5024219.86, -270.65);
insert into STATION values (1585, '0', 1015, 247026.90, 5024172.68, -549.21);
insert into STATION values (1586, '1', 1015, 247029.76, 5024172.89, -549.10);
insert into STATION values (1587, '.', 1015, 247029.70, 5024172.38, -549.10);
insert into STATION values (1588, '.', 1015, 247029.76, 5024172.69, -548.82);
insert into STATION values (1589, '.', 1015, 247029.31, 5024173.01, -552.19);
insert into STATION values (1590, '.', 1015, 247030.05, 5024173.43, -549.78);
insert into STATION values (1591, '2', 1015, 247032.47, 5024170.90, -552.91);
insert into STATION values (1592, '.', 1015, 247031.90, 5024170.29, -552.90);
insert into STATION values (1593, '.', 1015, 247032.49, 5024170.54, -551.98);
insert into STATION values (1594, '.', 1015, 247032.43, 5024170.58, -556.09);
insert into STATION values (1595, '.', 1015, 247034.00, 5024169.70, -553.49);
insert into STATION values (1596, '.', 1015, 247031.69, 5024171.42, -553.20);
insert into STATION values (1597, '3', 1015, 247033.82, 5024169.81, -557.04);
insert into STATION values (1598, '.', 1015, 247033.20, 5024169.59, -556.98);
insert into STATION values (1599, '.', 1015, 247033.24, 5024169.33, -553.87);
insert into STATION values (1600, '.', 1015, 247033.22, 5024169.51, -560.51);
insert into STATION values (1601, '.', 1015, 247032.97, 5024170.73, -557.49);
insert into STATION values (1602, '.', 1015, 247035.19, 5024168.13, -557.50);
insert into STATION values (1603, '4', 1015, 247035.13, 5024168.29, -560.78);
insert into STATION values (1604, '.', 1015, 247035.65, 5024168.80, -560.75);
insert into STATION values (1605, '.', 1015, 247035.04, 5024168.99, -555.40);
insert into STATION values (1606, '.', 1015, 247036.42, 5024166.80, -568.54);
insert into STATION values (1607, '.', 1015, 247037.30, 5024167.38, -560.99);
insert into STATION values (1608, '5', 1015, 247039.77, 5024167.18, -571.33);
insert into STATION values (1609, '.', 1015, 247041.14, 5024168.21, -571.24);
insert into STATION values (1610, '.', 1015, 247039.85, 5024167.26, -572.87);
insert into STATION values (1611, '.', 1015, 247041.04, 5024167.13, -570.83);
insert into STATION values (1612, '.', 1015, 247040.25, 5024167.01, -570.27);
insert into STATION values (1613, '.', 1015, 247038.51, 5024167.87, -571.37);
insert into STATION values (1614, '6', 1015, 247042.74, 5024166.68, -573.99);
insert into STATION values (1615, '.', 1015, 247042.96, 5024167.17, -574.07);
insert into STATION values (1616, '.', 1015, 247043.03, 5024166.83, -573.08);
insert into STATION values (1617, '.', 1015, 247043.69, 5024164.50, -584.83);
insert into STATION values (1618, '.', 1015, 247048.53, 5024166.31, -592.51);
insert into STATION values (1619, '.', 1015, 247048.82, 5024165.61, -597.89);
insert into STATION values (1620, '7', 1015, 247045.06, 5024166.78, -574.63);
insert into STATION values (1621, '.', 1015, 247044.98, 5024166.55, -574.67);
insert into STATION values (1622, '.', 1015, 247045.78, 5024166.83, -574.63);
insert into STATION values (1623, '.', 1015, 247044.83, 5024166.80, -575.84);
insert into STATION values (1624, '.', 1015, 247044.91, 5024166.86, -574.12);
insert into STATION values (1625, '8', 1015, 247047.08, 5024163.55, -581.03);
insert into STATION values (1626, '.', 1015, 247049.79, 5024163.96, -602.71);
insert into STATION values (1627, '.', 1015, 247047.86, 5024164.71, -580.89);
insert into STATION values (1628, '.', 1015, 247047.62, 5024164.54, -576.65);
insert into STATION values (1629, '.', 1015, 247047.32, 5024163.72, -583.55);
insert into STATION values (1630, '.', 1015, 247046.22, 5024165.43, -580.87);
insert into STATION values (1631, '.', 1015, 247048.52, 5024162.12, -581.19);
insert into STATION values (1632, '9', 1015, 247050.64, 5024160.80, -586.45);
insert into STATION values (1633, '.', 1015, 247051.63, 5024161.27, -586.50);
insert into STATION values (1634, '.', 1015, 247050.09, 5024160.62, -586.32);
insert into STATION values (1635, '.', 1015, 247050.81, 5024160.29, -591.51);
insert into STATION values (1636, '.', 1015, 247050.00, 5024159.80, -596.57);
insert into STATION values (1637, '.', 1015, 247049.07, 5024163.99, -586.31);
insert into STATION values (1638, '.', 1015, 247051.43, 5024160.31, -586.73);
insert into STATION values (1639, '10', 1015, 247053.56, 5024157.68, -596.42);
insert into STATION values (1640, '.', 1015, 247053.57, 5024157.49, -592.87);
insert into STATION values (1641, '.', 1015, 247053.78, 5024158.69, -596.09);
insert into STATION values (1642, '.', 1015, 247055.38, 5024157.64, -596.43);
insert into STATION values (1643, '.', 1015, 247053.99, 5024156.37, -596.48);
insert into STATION values (1644, '.', 1015, 247052.52, 5024156.36, -596.16);
insert into STATION values (1645, '11', 1015, 247056.45, 5024157.98, -597.93);
insert into STATION values (1646, '.', 1015, 247056.02, 5024157.38, -597.93);
insert into STATION values (1647, '.', 1015, 247056.49, 5024157.97, -597.72);
insert into STATION values (1648, '.', 1015, 247056.41, 5024157.98, -598.06);
insert into STATION values (1649, '12', 1015, 247057.53, 5024156.94, -597.98);
insert into STATION values (1650, '.', 1015, 247057.55, 5024157.41, -597.99);
insert into STATION values (1651, '.', 1015, 247057.64, 5024156.91, -597.48);
insert into STATION values (1652, '.', 1015, 247057.57, 5024157.04, -598.33);
insert into STATION values (1653, '13', 1015, 247059.55, 5024157.23, -598.22);
insert into STATION values (1654, '.', 1015, 247059.50, 5024156.75, -598.22);
insert into STATION values (1655, '.', 1015, 247059.55, 5024157.38, -598.20);
insert into STATION values (1656, '.', 1015, 247059.50, 5024157.35, -598.20);
insert into STATION values (1657, '.', 1015, 247059.70, 5024157.19, -597.53);
insert into STATION values (1658, '.', 1015, 247059.81, 5024157.01, -599.78);
insert into STATION values (1659, '14', 1015, 247062.30, 5024156.00, -599.81);
insert into STATION values (1660, '.', 1015, 247062.43, 5024156.28, -599.81);
insert into STATION values (1661, '.', 1015, 247062.10, 5024155.63, -599.81);
insert into STATION values (1662, '.', 1015, 247062.34, 5024155.87, -599.36);
insert into STATION values (1663, '.', 1015, 247062.18, 5024155.68, -602.34);
insert into STATION values (1664, '15', 1015, 247064.17, 5024154.66, -601.52);
insert into STATION values (1665, '.', 1015, 247063.89, 5024155.37, -601.51);
insert into STATION values (1666, '.', 1015, 247063.82, 5024154.99, -599.65);
insert into STATION values (1667, '.', 1015, 247064.33, 5024154.77, -603.11);
insert into STATION values (1668, '16', 1015, 247067.17, 5024156.47, -604.20);
insert into STATION values (1669, '.', 1015, 247066.95, 5024156.89, -604.16);
insert into STATION values (1670, '.', 1015, 247067.28, 5024156.02, -604.35);
insert into STATION values (1671, '.', 1015, 247068.27, 5024156.76, -604.63);
insert into STATION values (1672, '.', 1015, 247067.19, 5024156.51, -607.92);
insert into STATION values (1673, '.', 1015, 247065.71, 5024155.65, -604.80);
insert into STATION values (1674, '.', 1015, 247064.88, 5024154.60, -604.86);
insert into STATION values (1675, '17', 1015, 247073.42, 5024155.54, -614.47);
insert into STATION values (1676, '.', 1015, 247070.61, 5024152.88, -614.07);
insert into STATION values (1677, '.', 1015, 247070.71, 5024155.78, -613.08);
insert into STATION values (1678, '.', 1015, 247073.16, 5024156.75, -614.43);
insert into STATION values (1679, '.', 1015, 247074.48, 5024155.41, -614.04);
insert into STATION values (1680, '.', 1015, 247072.45, 5024155.79, -616.26);
insert into STATION values (1681, '18', 1015, 247073.52, 5024158.01, -617.30);
insert into STATION values (1682, '.', 1015, 247073.61, 5024157.86, -618.72);
insert into STATION values (1683, '.', 1015, 247073.61, 5024157.63, -615.02);
insert into STATION values (1684, '.', 1015, 247072.35, 5024158.22, -617.08);
insert into STATION values (1685, '.', 1015, 247073.85, 5024156.00, -617.73);
insert into STATION values (1686, '.', 1015, 247072.71, 5024157.06, -617.31);
insert into STATION values (1687, '19', 1015, 247075.76, 5024156.61, -618.52);
insert into STATION values (1688, '.', 1015, 247075.60, 5024157.23, -618.39);
insert into STATION values (1689, '.', 1015, 247075.62, 5024156.08, -618.52);
insert into STATION values (1690, '.', 1015, 247075.93, 5024156.75, -619.42);
insert into STATION values (1691, '.', 1015, 247075.86, 5024156.83, -617.83);
insert into STATION values (1692, '20', 1015, 247076.98, 5024156.65, -618.57);
insert into STATION values (1693, '.', 1015, 247077.39, 5024156.87, -618.57);
insert into STATION values (1694, '.', 1015, 247077.01, 5024156.69, -619.60);
insert into STATION values (1695, '.', 1015, 247077.06, 5024156.68, -618.27);
insert into STATION values (1696, '.', 1015, 247076.43, 5024157.17, -618.48);
insert into STATION values (1697, '21', 1015, 247076.63, 5024159.71, -618.03);
insert into STATION values (1698, '.', 1015, 247076.22, 5024159.48, -618.03);
insert into STATION values (1699, '.', 1015, 247077.27, 5024159.90, -618.08);
insert into STATION values (1700, '.', 1015, 247077.14, 5024159.04, -618.15);
insert into STATION values (1701, '.', 1015, 247077.22, 5024159.29, -620.33);
insert into STATION values (1702, '.', 1015, 247076.81, 5024159.41, -617.08);
insert into STATION values (1703, '.', 1015, 247077.10, 5024158.67, -619.35);
insert into STATION values (1704, '.', 1015, 247077.86, 5024159.26, -619.56);
insert into STATION values (1705, '22', 1015, 247078.41, 5024159.42, -618.71);
insert into STATION values (1706, '.', 1015, 247078.24, 5024159.91, -618.68);
insert into STATION values (1707, '.', 1015, 247078.35, 5024159.44, -618.40);
insert into STATION values (1708, '.', 1015, 247078.59, 5024159.59, -621.08);
insert into STATION values (1709, '23', 1015, 247080.26, 5024161.53, -619.53);
insert into STATION values (1710, '.', 1015, 247080.14, 5024160.65, -619.55);
insert into STATION values (1711, '.', 1015, 247080.21, 5024161.53, -620.61);
insert into STATION values (1712, '.', 1015, 247080.26, 5024161.64, -619.12);
insert into STATION values (1713, '.', 1015, 247080.92, 5024160.31, -620.35);
insert into STATION values (1714, '.', 1015, 247079.80, 5024160.35, -619.78);
insert into STATION values (1715, '.', 1015, 247080.29, 5024161.51, -620.09);
insert into STATION values (1716, '24', 1015, 247082.08, 5024160.33, -621.70);
insert into STATION values (1717, '.', 1015, 247082.07, 5024161.07, -621.58);
insert into STATION values (1718, '.', 1015, 247082.30, 5024161.06, -620.71);
insert into STATION values (1719, '.', 1015, 247082.17, 5024160.36, -623.07);
insert into STATION values (1720, '.', 1015, 247082.53, 5024160.52, -620.57);
insert into STATION values (1721, '.', 1015, 247080.84, 5024160.41, -621.81);
insert into STATION values (1722, '.', 1015, 247083.37, 5024161.07, -622.06);
insert into STATION values (1723, '.', 1015, 247083.48, 5024160.87, -620.98);
insert into STATION values (1724, '25', 1015, 247084.52, 5024160.74, -622.65);
insert into STATION values (1725, '.', 1015, 247084.10, 5024161.17, -622.64);
insert into STATION values (1726, '.', 1015, 247084.40, 5024160.68, -623.07);
insert into STATION values (1727, '.', 1015, 247084.42, 5024160.81, -622.38);
insert into STATION values (1728, '.', 1015, 247084.60, 5024161.04, -624.68);
insert into STATION values (1729, '.', 1015, 247085.32, 5024161.77, -622.89);
insert into STATION values (1730, '.', 1015, 247083.99, 5024160.18, -622.63);
insert into STATION values (1731, '26', 1015, 247085.44, 5024161.71, -622.95);
insert into STATION values (1732, '.', 1015, 247085.36, 5024162.33, -622.71);
insert into STATION values (1733, '.', 1015, 247085.88, 5024161.09, -622.93);
insert into STATION values (1734, '.', 1015, 247085.53, 5024161.78, -625.08);
insert into STATION values (1735, '.', 1015, 247085.72, 5024161.72, -622.25);
insert into STATION values (1736, '.', 1015, 247084.88, 5024161.66, -622.92);
insert into STATION values (1737, '.', 1015, 247081.89, 5024160.15, -619.90);
insert into STATION values (1738, '.', 1015, 247086.94, 5024162.02, -623.03);
insert into STATION values (1739, '.', 1015, 247086.60, 5024161.45, -624.17);
insert into STATION values (1740, '27', 1015, 247088.08, 5024162.16, -624.01);
insert into STATION values (1741, '.', 1015, 247087.65, 5024161.59, -624.05);
insert into STATION values (1742, '.', 1015, 247088.00, 5024161.85, -625.55);
insert into STATION values (1743, '.', 1015, 247088.14, 5024161.81, -623.23);
insert into STATION values (1744, '.', 1015, 247088.19, 5024162.45, -623.99);
insert into STATION values (1745, '28', 1015, 247094.32, 5024161.33, -625.98);
insert into STATION values (1746, '.', 1015, 247094.89, 5024159.77, -631.47);
insert into STATION values (1747, '.', 1015, 247094.34, 5024162.18, -625.98);
insert into STATION values (1748, '.', 1015, 247094.57, 5024161.40, -625.20);
insert into STATION values (1749, '.', 1015, 247094.53, 5024161.74, -627.18);
insert into STATION values (1750, '.', 1015, 247094.69, 5024161.61, -626.67);
insert into STATION values (1751, '.', 1015, 247094.90, 5024161.52, -625.47);
insert into STATION values (1752, '29', 1015, 247097.18, 5024162.63, -627.11);
insert into STATION values (1753, '.', 1015, 247096.75, 5024163.08, -627.09);
insert into STATION values (1754, '.', 1015, 247096.96, 5024162.61, -628.25);
insert into STATION values (1755, '.', 1015, 247097.08, 5024162.68, -626.78);
insert into STATION values (1756, '.', 1015, 247097.33, 5024162.32, -627.17);
insert into STATION values (1757, '.', 1015, 247096.54, 5024164.33, -627.74);
insert into STATION values (1758, '.', 1015, 247097.14, 5024164.03, -628.04);
insert into STATION values (1759, '.', 1015, 247097.99, 5024163.00, -627.59);
insert into STATION values (1760, '30', 1015, 247098.65, 5024163.50, -627.91);
insert into STATION values (1761, '.', 1015, 247098.22, 5024163.36, -627.89);
insert into STATION values (1762, '.', 1015, 247098.44, 5024163.44, -627.23);
insert into STATION values (1763, '.', 1015, 247098.66, 5024163.51, -628.58);
insert into STATION values (1764, '31', 1015, 247099.13, 5024164.21, -628.26);
insert into STATION values (1765, '.', 1015, 247099.25, 5024163.70, -628.26);
insert into STATION values (1766, '.', 1015, 247099.14, 5024164.30, -627.92);
insert into STATION values (1767, '.', 1015, 247099.28, 5024164.14, -628.90);
insert into STATION values (1768, '.', 1015, 247100.24, 5024162.66, -630.13);
insert into STATION values (1769, '.', 1015, 247100.11, 5024163.62, -628.51);
insert into STATION values (1770, '.', 1015, 247098.50, 5024163.68, -628.05);
insert into STATION values (1771, '32', 1015, 247100.16, 5024161.28, -631.15);
insert into STATION values (1772, '.', 1015, 247100.36, 5024162.17, -631.17);
insert into STATION values (1773, '.', 1015, 247100.48, 5024161.46, -630.82);
insert into STATION values (1774, '.', 1015, 247100.11, 5024161.59, -631.84);
insert into STATION values (1775, '.', 1015, 247099.04, 5024161.23, -631.01);
insert into STATION values (1776, '.', 1015, 247100.76, 5024161.42, -631.20);
insert into STATION values (1777, '.', 1015, 247100.40, 5024161.27, -630.66);
insert into STATION values (1778, '33', 1015, 247102.67, 5024161.12, -633.44);
insert into STATION values (1779, '.', 1015, 247102.72, 5024161.21, -632.82);
insert into STATION values (1780, '.', 1015, 247102.23, 5024161.95, -633.39);
insert into STATION values (1781, '.', 1015, 247103.07, 5024161.87, -633.70);
insert into STATION values (1782, '.', 1015, 247102.07, 5024160.66, -633.28);
insert into STATION values (1783, '.', 1015, 247102.15, 5024161.17, -633.52);
insert into STATION values (1784, '.', 1015, 247102.56, 5024161.72, -634.75);
insert into STATION values (1785, '34', 1015, 247104.34, 5024159.00, -638.49);
insert into STATION values (1786, '.', 1015, 247103.38, 5024160.30, -638.16);
insert into STATION values (1787, '.', 1015, 247105.49, 5024160.23, -638.23);
insert into STATION values (1788, '.', 1015, 247104.99, 5024158.40, -638.32);
insert into STATION values (1789, '.', 1015, 247103.59, 5024158.78, -638.54);
insert into STATION values (1790, '.', 1015, 247104.41, 5024158.87, -636.75);
insert into STATION values (1791, '35', 1015, 247105.05, 5024159.80, -638.09);
insert into STATION values (1792, '.', 1015, 247106.40, 5024159.81, -638.38);
insert into STATION values (1793, '.', 1015, 247104.73, 5024160.15, -638.17);
insert into STATION values (1794, '.', 1015, 247104.90, 5024159.50, -638.52);
insert into STATION values (1795, '36', 1015, 247106.23, 5024161.08, -640.28);
insert into STATION values (1796, '.', 1015, 247105.96, 5024162.38, -640.52);
insert into STATION values (1797, '.', 1015, 247106.43, 5024160.50, -640.40);
insert into STATION values (1798, '.', 1015, 247106.41, 5024161.10, -639.30);
insert into STATION values (1799, '.', 1015, 247105.30, 5024160.24, -640.06);
insert into STATION values (1800, '37', 1015, 247108.00, 5024162.17, -641.77);
insert into STATION values (1801, '.', 1015, 247108.42, 5024161.97, -641.60);
insert into STATION values (1802, '.', 1015, 247107.70, 5024162.65, -641.71);
insert into STATION values (1803, '.', 1015, 247107.95, 5024162.22, -641.07);
insert into STATION values (1804, '.', 1015, 247108.01, 5024162.48, -640.79);
insert into STATION values (1805, '.', 1015, 247106.75, 5024160.55, -641.28);
insert into STATION values (1806, '.', 1015, 247109.22, 5024163.72, -641.49);
insert into STATION values (1807, 'boyau.0', 1193, 247097.18, 5024162.63, -627.11);
insert into STATION values (1808, 'boyau.1', 1193, 247096.47, 5024164.20, -627.86);
insert into STATION values (1809, '.', 1193, 247095.75, 5024164.35, -626.38);
insert into STATION values (1810, '.', 1193, 247096.75, 5024163.97, -627.48);
insert into STATION values (1811, '.', 1193, 247096.27, 5024163.92, -627.77);
insert into STATION values (1812, '.', 1193, 247096.72, 5024164.38, -627.81);
insert into STATION values (1813, '.', 1193, 247096.76, 5024163.73, -628.42);
insert into STATION values (1814, '.', 1193, 247096.87, 5024163.41, -627.75);
insert into STATION values (1815, '.', 1193, 247097.72, 5024162.41, -627.52);
insert into STATION values (1816, '.', 1193, 247097.33, 5024163.85, -628.23);
insert into STATION values (1817, 'boyau.2', 1193, 247095.56, 5024164.27, -626.35);
insert into STATION values (1818, '.', 1193, 247095.59, 5024164.04, -626.41);
insert into STATION values (1819, '.', 1193, 247095.78, 5024164.39, -626.37);
insert into STATION values (1820, '.', 1193, 247095.52, 5024164.38, -626.65);
insert into STATION values (1821, '.', 1193, 247095.72, 5024163.95, -626.43);
insert into STATION values (1822, '.', 1193, 247095.34, 5024164.08, -626.41);
insert into STATION values (1823, '.', 1193, 247095.16, 5024164.71, -626.59);
insert into STATION values (1824, 'boyau.3', 1193, 247094.84, 5024164.81, -626.48);
insert into STATION values (1825, '.', 1193, 247095.25, 5024164.87, -626.41);
insert into STATION values (1826, '.', 1193, 247094.93, 5024164.77, -626.00);
insert into STATION values (1827, '.', 1193, 247094.99, 5024164.74, -626.60);
insert into STATION values (1828, '.', 1193, 247094.71, 5024165.29, -626.44);
insert into STATION values (1829, '.', 1193, 247095.02, 5024164.93, -627.11);
insert into STATION values (1830, 'boyau.4', 1193, 247095.98, 5024165.40, -627.36);
insert into STATION values (1831, '.', 1193, 247095.57, 5024166.13, -627.78);
insert into STATION values (1832, '.', 1193, 247096.11, 5024165.27, -626.80);
insert into STATION values (1833, '.', 1193, 247096.18, 5024165.69, -628.40);
insert into STATION values (1834, 'boyau.5', 1193, 247097.69, 5024167.32, -630.24);
insert into STATION values (1835, '.', 1193, 247097.89, 5024167.70, -630.10);
insert into STATION values (1836, '.', 1193, 247097.84, 5024167.35, -629.81);
insert into STATION values (1837, '.', 1193, 247097.85, 5024167.01, -630.06);
insert into STATION values (1838, 'boyau.6', 1193, 247100.55, 5024166.69, -630.48);
insert into STATION values (1839, '.', 1193, 247100.35, 5024167.06, -630.41);
insert into STATION values (1840, '.', 1193, 247100.56, 5024166.92, -630.30);
insert into STATION values (1841, '.', 1193, 247100.42, 5024166.77, -630.74);
insert into STATION values (1842, 'boyau.7', 1193, 247101.86, 5024167.80, -632.16);
insert into STATION values (1843, '.', 1193, 247102.00, 5024167.32, -632.11);
insert into STATION values (1844, '.', 1193, 247101.80, 5024167.64, -631.22);
insert into STATION values (1845, '.', 1193, 247101.90, 5024168.00, -632.07);
insert into STATION values (1846, '.', 1193, 247101.16, 5024167.62, -631.71);
insert into STATION values (1847, '.', 1193, 247102.62, 5024167.28, -632.13);
insert into STATION values (1848, '.', 1193, 247102.43, 5024168.06, -632.22);
insert into STATION values (1849, 'boyau.8', 1193, 247101.75, 5024167.89, -633.47);
insert into STATION values (1850, '.', 1193, 247101.21, 5024168.23, -633.36);
insert into STATION values (1851, '.', 1193, 247101.77, 5024168.35, -633.36);
insert into STATION values (1852, '.', 1193, 247102.23, 5024167.82, -633.38);
insert into STATION values (1853, '.', 1193, 247101.79, 5024167.95, -632.47);
insert into STATION values (1854, '.', 1193, 247101.74, 5024167.81, -633.73);
insert into STATION values (1855, 'boyau.9', 1193, 247102.09, 5024168.86, -633.99);
insert into STATION values (1856, '.', 1193, 247101.74, 5024168.61, -633.76);
insert into STATION values (1857, '.', 1193, 247102.07, 5024168.99, -633.53);
insert into STATION values (1858, '.', 1193, 247102.30, 5024169.13, -633.89);
insert into STATION values (1859, '.', 1193, 247102.57, 5024168.73, -633.66);
insert into STATION values (1860, '.', 1193, 247100.87, 5024169.05, -634.03);
insert into STATION values (1861, '0', 1241, 247169.60, 5024181.40, -692.68);
insert into STATION values (1862, '.', 1241, 247169.35, 5024180.73, -690.58);
insert into STATION values (1863, '.', 1241, 247170.18, 5024181.78, -694.32);
insert into STATION values (1864, '.', 1241, 247169.25, 5024180.74, -692.80);
insert into STATION values (1865, '.', 1241, 247173.49, 5024178.64, -694.34);
insert into STATION values (1866, '.', 1241, 247171.30, 5024181.28, -694.32);
insert into STATION values (1867, '1', 1241, 247167.04, 5024181.90, -689.88);
insert into STATION values (1868, '.', 1241, 247167.14, 5024181.94, -688.47);
insert into STATION values (1869, '.', 1241, 247167.52, 5024182.23, -689.86);
insert into STATION values (1870, '2', 1241, 247162.27, 5024184.25, -688.24);
insert into STATION values (1871, '.', 1241, 247162.22, 5024184.53, -688.11);
insert into STATION values (1872, '.', 1241, 247163.59, 5024184.02, -691.57);
insert into STATION values (1873, '.', 1241, 247162.15, 5024183.91, -687.36);
insert into STATION values (1874, '3', 1241, 247159.62, 5024183.26, -685.87);
insert into STATION values (1875, '.', 1241, 247160.05, 5024182.67, -686.14);
insert into STATION values (1876, '.', 1241, 247159.49, 5024183.45, -687.33);
insert into STATION values (1877, '.', 1241, 247160.49, 5024181.06, -681.97);
insert into STATION values (1878, '4', 1241, 247159.37, 5024181.71, -685.15);
insert into STATION values (1879, '.', 1241, 247158.95, 5024182.46, -685.18);
insert into STATION values (1880, '.', 1241, 247159.07, 5024182.19, -686.60);
insert into STATION values (1881, '.', 1241, 247158.71, 5024181.97, -682.81);
insert into STATION values (1882, '5', 1241, 247156.08, 5024182.34, -683.58);
insert into STATION values (1883, '.', 1241, 247155.68, 5024181.60, -684.51);
insert into STATION values (1884, '.', 1241, 247155.83, 5024181.04, -682.79);
insert into STATION values (1885, '.', 1241, 247155.32, 5024180.43, -679.76);
insert into STATION values (1886, '.', 1241, 247153.07, 5024182.75, -683.30);
insert into STATION values (1887, '.', 1241, 247147.64, 5024181.94, -676.41);
insert into STATION values (1888, '6', 1241, 247151.51, 5024179.91, -680.11);
insert into STATION values (1889, '.', 1241, 247151.13, 5024180.20, -680.14);
insert into STATION values (1890, '.', 1241, 247151.24, 5024179.98, -681.06);
insert into STATION values (1891, '.', 1241, 247151.51, 5024179.85, -679.46);
insert into STATION values (1892, '7', 1241, 247147.14, 5024177.53, -677.52);
insert into STATION values (1893, '.', 1241, 247146.81, 5024178.00, -677.51);
insert into STATION values (1894, '.', 1241, 247147.06, 5024177.60, -678.08);
insert into STATION values (1895, '.', 1241, 247147.10, 5024177.53, -676.78);
insert into STATION values (1896, '8', 1241, 247142.99, 5024176.53, -674.88);
insert into STATION values (1897, '.', 1241, 247143.26, 5024175.92, -674.83);
insert into STATION values (1898, '.', 1241, 247143.36, 5024176.50, -675.88);
insert into STATION values (1899, '.', 1241, 247142.91, 5024176.24, -673.37);
insert into STATION values (1900, '9', 1241, 247141.07, 5024175.31, -671.45);
insert into STATION values (1901, '.', 1241, 247140.72, 5024175.10, -672.81);
insert into STATION values (1902, '.', 1241, 247141.13, 5024175.58, -671.44);
insert into STATION values (1903, '.', 1241, 247141.05, 5024175.05, -671.70);
insert into STATION values (1904, '10', 1241, 247136.75, 5024174.68, -669.14);
insert into STATION values (1905, '.', 1241, 247136.75, 5024175.37, -669.12);
insert into STATION values (1906, '.', 1241, 247136.96, 5024174.98, -670.19);
insert into STATION values (1907, '.', 1241, 247136.60, 5024174.69, -668.08);
insert into STATION values (1908, '11', 1241, 247133.97, 5024174.37, -666.30);
insert into STATION values (1909, '.', 1241, 247134.17, 5024173.30, -666.22);
insert into STATION values (1910, '.', 1241, 247133.60, 5024173.70, -667.63);
insert into STATION values (1911, '.', 1241, 247134.12, 5024174.08, -665.31);
insert into STATION values (1912, '12', 1241, 247132.12, 5024173.14, -665.14);
insert into STATION values (1913, '.', 1241, 247132.50, 5024172.94, -665.22);
insert into STATION values (1914, '.', 1241, 247132.28, 5024172.88, -665.72);
insert into STATION values (1915, '13', 1241, 247131.59, 5024172.15, -665.78);
insert into STATION values (1916, '.', 1241, 247132.28, 5024173.12, -664.99);
insert into STATION values (1917, '.', 1241, 247131.98, 5024173.03, -664.81);
insert into STATION values (1918, '.', 1241, 247131.77, 5024173.06, -664.97);
insert into STATION values (1919, '14', 1241, 247129.89, 5024169.02, -666.47);
insert into STATION values (1920, '.', 1241, 247131.36, 5024172.33, -665.79);
insert into STATION values (1921, '.', 1241, 247132.00, 5024171.97, -665.78);
insert into STATION values (1922, '15', 1241, 247129.74, 5024169.14, -665.03);
insert into STATION values (1923, '16', 1241, 247128.26, 5024169.77, -664.75);
insert into STATION values (1924, '.', 1241, 247128.35, 5024170.14, -664.74);
insert into STATION values (1925, '.', 1241, 247128.33, 5024169.34, -664.77);
insert into STATION values (1926, '.', 1241, 247128.28, 5024169.97, -663.42);
insert into STATION values (1927, '.', 1241, 247128.29, 5024169.90, -665.61);
insert into STATION values (1928, '17', 1241, 247129.34, 5024169.14, -663.33);
insert into STATION values (1929, '.', 1241, 247129.41, 5024169.68, -663.25);
insert into STATION values (1930, '.', 1241, 247129.12, 5024169.09, -663.26);
insert into STATION values (1931, '.', 1241, 247129.22, 5024169.26, -662.82);
insert into STATION values (1932, '.', 1241, 247128.86, 5024169.32, -665.38);
insert into STATION values (1933, '18', 1241, 247129.70, 5024167.88, -662.64);
insert into STATION values (1934, '.', 1241, 247130.42, 5024168.09, -662.75);
insert into STATION values (1935, '.', 1241, 247129.92, 5024168.11, -661.75);
insert into STATION values (1936, '.', 1241, 247129.29, 5024167.90, -662.61);
insert into STATION values (1937, '.', 1241, 247129.62, 5024168.90, -662.63);
insert into STATION values (1938, '19', 1241, 247129.90, 5024168.99, -661.78);
insert into STATION values (1939, '.', 1241, 247129.85, 5024168.50, -661.80);
insert into STATION values (1940, '.', 1241, 247129.66, 5024168.88, -662.21);
insert into STATION values (1941, '.', 1241, 247129.77, 5024168.64, -661.49);
insert into STATION values (1942, '20', 1241, 247129.25, 5024169.13, -661.91);
insert into STATION values (1943, '.', 1241, 247129.03, 5024169.04, -661.37);
insert into STATION values (1944, '.', 1241, 247129.09, 5024168.73, -661.87);
insert into STATION values (1945, '.', 1241, 247129.26, 5024169.44, -661.80);
insert into STATION values (1946, '.', 1241, 247128.01, 5024170.51, -661.16);
insert into STATION values (1947, '21', 1241, 247128.30, 5024170.19, -661.34);
insert into STATION values (1948, '.', 1241, 247128.37, 5024169.53, -661.16);
insert into STATION values (1949, '.', 1241, 247128.17, 5024169.94, -660.63);
insert into STATION values (1950, '.', 1241, 247128.02, 5024171.20, -660.98);
insert into STATION values (1951, '.', 1241, 247128.32, 5024170.03, -662.05);
insert into STATION values (1952, '22', 1241, 247127.12, 5024168.72, -659.99);
insert into STATION values (1953, '.', 1241, 247127.32, 5024169.14, -660.09);
insert into STATION values (1954, '.', 1241, 247127.14, 5024168.83, -660.80);
insert into STATION values (1955, '.', 1241, 247127.09, 5024168.78, -659.51);
insert into STATION values (1956, '23', 1241, 247125.70, 5024169.56, -659.06);
insert into STATION values (1957, '.', 1241, 247125.82, 5024169.16, -659.07);
insert into STATION values (1958, '.', 1241, 247125.52, 5024169.50, -660.00);
insert into STATION values (1959, '.', 1241, 247125.47, 5024169.52, -658.90);
insert into STATION values (1960, '.', 1241, 247123.71, 5024167.60, -657.93);
insert into STATION values (1961, '24', 1241, 247123.39, 5024167.32, -657.76);
insert into STATION values (1962, '.', 1241, 247123.94, 5024166.84, -657.68);
insert into STATION values (1963, '.', 1241, 247123.69, 5024167.09, -658.27);
insert into STATION values (1964, '.', 1241, 247123.50, 5024167.23, -657.35);
insert into STATION values (1965, '.', 1241, 247123.73, 5024166.41, -657.23);
insert into STATION values (1966, '.', 1241, 247123.28, 5024166.53, -657.88);
insert into STATION values (1967, '.', 1241, 247123.35, 5024166.62, -656.96);
insert into STATION values (1968, '25', 1241, 247122.79, 5024166.59, -657.29);
insert into STATION values (1969, '26', 1241, 247120.68, 5024166.84, -656.20);
insert into STATION values (1970, '.', 1241, 247121.01, 5024166.41, -656.22);
insert into STATION values (1971, '.', 1241, 247120.71, 5024166.99, -657.17);
insert into STATION values (1972, '.', 1241, 247120.71, 5024166.83, -655.79);
insert into STATION values (1973, '.', 1241, 247120.08, 5024166.13, -656.36);
insert into STATION values (1974, '27', 1241, 247120.96, 5024165.51, -655.56);
insert into STATION values (1975, '.', 1241, 247120.69, 5024165.71, -655.50);
insert into STATION values (1976, '.', 1241, 247120.90, 5024165.62, -656.13);
insert into STATION values (1977, '.', 1241, 247120.73, 5024165.53, -655.04);
insert into STATION values (1978, '28', 1241, 247124.22, 5024166.35, -655.39);
insert into STATION values (1979, '.', 1241, 247124.17, 5024166.00, -655.46);
insert into STATION values (1980, '.', 1241, 247124.23, 5024166.31, -656.34);
insert into STATION values (1981, '.', 1241, 247124.10, 5024166.67, -655.48);
insert into STATION values (1982, '29', 1241, 247123.79, 5024166.57, -656.28);
insert into STATION values (1983, '.', 1241, 247123.61, 5024166.33, -656.15);
insert into STATION values (1984, '.', 1241, 247123.94, 5024166.89, -656.19);
insert into STATION values (1985, '.', 1241, 247123.65, 5024166.56, -655.62);
insert into STATION values (1986, '30', 1241, 247122.22, 5024168.01, -655.39);
insert into STATION values (1987, '.', 1241, 247123.14, 5024167.65, -655.36);
insert into STATION values (1988, '.', 1241, 247122.40, 5024167.97, -656.05);
insert into STATION values (1989, '.', 1241, 247122.14, 5024168.19, -654.94);
insert into STATION values (1990, '31', 1241, 247122.19, 5024168.84, -654.54);
insert into STATION values (1991, '32', 1241, 247122.78, 5024169.08, -655.46);
insert into STATION values (1992, '33', 1241, 247124.47, 5024168.18, -655.87);
insert into STATION values (1993, '.', 1241, 247124.18, 5024168.64, -655.99);
insert into STATION values (1994, '.', 1241, 247124.07, 5024167.97, -656.02);
insert into STATION values (1995, '.', 1241, 247124.02, 5024168.05, -655.11);
insert into STATION values (1996, '34', 1241, 247124.67, 5024167.73, -659.50);
insert into STATION values (1997, '.', 1241, 247125.24, 5024167.31, -659.58);
insert into STATION values (1998, '.', 1241, 247125.03, 5024168.02, -659.60);
insert into STATION values (1999, '.', 1241, 247125.25, 5024167.57, -659.61);
insert into STATION values (2000, '35', 1241, 247124.87, 5024168.49, -660.49);
insert into STATION values (2001, '.', 1241, 247124.27, 5024168.57, -660.51);
insert into STATION values (2002, '.', 1241, 247124.89, 5024168.02, -660.66);
insert into STATION values (2003, '36', 1241, 247122.71, 5024167.21, -660.58);
insert into STATION values (2004, '.', 1241, 247122.40, 5024167.70, -660.39);
insert into STATION values (2005, '.', 1241, 247123.04, 5024166.97, -660.29);
insert into STATION values (2006, '.', 1241, 247122.49, 5024167.26, -659.63);
insert into STATION values (2007, '37', 1241, 247120.63, 5024166.70, -659.14);
insert into STATION values (2008, '.', 1241, 247120.82, 5024166.43, -659.06);
insert into STATION values (2009, '.', 1241, 247120.46, 5024166.95, -659.14);
insert into STATION values (2010, '.', 1241, 247120.65, 5024166.77, -657.90);
insert into STATION values (2011, '.', 1241, 247120.94, 5024166.69, -660.71);
insert into STATION values (2012, '38', 1241, 247119.98, 5024166.38, -657.48);
insert into STATION values (2013, '.', 1241, 247120.24, 5024166.73, -657.53);
insert into STATION values (2014, '.', 1241, 247119.94, 5024166.60, -658.16);
insert into STATION values (2015, '.', 1241, 247119.99, 5024166.51, -657.32);
insert into STATION values (2016, '39', 1241, 247118.30, 5024167.19, -657.08);
insert into STATION values (2017, '.', 1241, 247118.68, 5024166.79, -657.06);
insert into STATION values (2018, '.', 1241, 247118.10, 5024167.28, -657.11);
insert into STATION values (2019, '.', 1241, 247118.30, 5024167.17, -657.95);
insert into STATION values (2020, '.', 1241, 247118.24, 5024167.02, -656.40);
insert into STATION values (2021, '40', 1241, 247117.69, 5024165.49, -656.15);
insert into STATION values (2022, '.', 1241, 247117.40, 5024165.81, -656.13);
insert into STATION values (2023, '.', 1241, 247117.64, 5024165.45, -655.29);
insert into STATION values (2024, '.', 1241, 247117.44, 5024165.51, -656.71);
insert into STATION values (2025, '.', 1241, 247117.96, 5024165.35, -656.01);
insert into STATION values (2026, '41', 1241, 247114.67, 5024163.65, -654.00);
insert into STATION values (2027, '.', 1241, 247114.79, 5024163.41, -654.02);
insert into STATION values (2028, '.', 1241, 247113.88, 5024164.45, -654.21);
insert into STATION values (2029, '.', 1241, 247114.62, 5024163.70, -654.72);
insert into STATION values (2030, '.', 1241, 247113.80, 5024163.94, -650.67);
insert into STATION values (2031, '42', 1241, 247113.07, 5024165.96, -649.92);
insert into STATION values (2032, '.', 1241, 247113.02, 5024164.81, -649.84);
insert into STATION values (2033, '.', 1241, 247113.62, 5024166.08, -649.70);
insert into STATION values (2034, '.', 1241, 247113.67, 5024165.03, -649.85);
insert into STATION values (2035, '43', 1241, 247111.80, 5024165.69, -645.75);
insert into STATION values (2036, '.', 1241, 247108.33, 5024164.23, -644.45);
insert into STATION values (2037, '.', 1241, 247110.97, 5024166.45, -645.28);
insert into STATION values (2038, '.', 1241, 247112.06, 5024167.63, -645.55);
insert into STATION values (2039, '.', 1241, 247111.77, 5024164.81, -645.76);
insert into STATION values (2040, '.', 1241, 247113.03, 5024165.19, -649.91);
insert into STATION values (2041, '44', 1241, 247108.67, 5024164.29, -642.16);
insert into STATION values (2042, '45', 1241, 247109.30, 5024163.29, -641.33);
insert into STATION values (2043, '46', 1241, 247108.00, 5024162.17, -641.77);
insert into STATION values (2044, '.', 1241, 247108.68, 5024163.37, -641.34);
insert into STATION values (2045, '.', 1241, 247109.12, 5024163.10, -642.01);
insert into STATION values (2046, '.', 1241, 247109.14, 5024163.31, -641.07);
insert into STATION values (2047, '.', 1241, 247108.67, 5024163.73, -641.13);
insert into STATION values (2048, '.', 1241, 247108.73, 5024162.83, -639.76);
insert into STATION values (2049, '.', 1241, 247109.85, 5024163.05, -641.33);
insert into STATION values (2050, '0', 1406, 246977.47, 5024213.36, -414.57);
insert into STATION values (2051, '.', 1406, 246979.25, 5024211.92, -414.55);
insert into STATION values (2052, '.', 1406, 246978.30, 5024214.15, -414.67);
insert into STATION values (2053, '.', 1406, 246976.60, 5024212.40, -414.43);
insert into STATION values (2054, '.', 1406, 246975.91, 5024219.18, -415.37);
insert into STATION values (2055, '.', 1406, 246978.78, 5024218.39, -415.29);
insert into STATION values (2056, '.', 1406, 246974.73, 5024216.25, -415.61);
insert into STATION values (2057, '.', 1406, 246977.63, 5024213.67, -416.59);
insert into STATION values (2058, '1', 1406, 246978.37, 5024218.36, -401.47);
insert into STATION values (2059, '.', 1406, 246974.12, 5024217.10, -401.54);
insert into STATION values (2060, '.', 1406, 246975.66, 5024220.45, -401.78);
insert into STATION values (2061, '.', 1406, 246977.42, 5024220.15, -401.50);
insert into STATION values (2062, '.', 1406, 246979.22, 5024217.04, -401.44);
insert into STATION values (2063, '.', 1406, 246975.98, 5024214.75, -401.38);
insert into STATION values (2064, '2', 1406, 246979.16, 5024218.49, -391.78);
insert into STATION values (2065, '.', 1406, 246975.38, 5024217.02, -392.17);
insert into STATION values (2066, '.', 1406, 246975.35, 5024218.98, -392.13);
insert into STATION values (2067, '.', 1406, 246977.82, 5024221.22, -392.22);
insert into STATION values (2068, '.', 1406, 246981.43, 5024221.63, -392.07);
insert into STATION values (2069, '.', 1406, 246976.86, 5024220.17, -392.11);
insert into STATION values (2070, '3', 1406, 246979.86, 5024219.05, -391.17);
insert into STATION values (2071, '4', 1406, 246978.96, 5024220.11, -374.54);
insert into STATION values (2072, '.', 1406, 246979.25, 5024220.10, -374.56);
insert into STATION values (2073, '.', 1406, 246981.40, 5024223.11, -374.72);
insert into STATION values (2074, '.', 1406, 246975.75, 5024221.91, -374.69);
insert into STATION values (2075, '.', 1406, 246978.61, 5024222.44, -374.85);
insert into STATION values (2076, '5', 1406, 246979.60, 5024220.11, -372.76);
insert into STATION values (2077, '6', 1406, 246979.51, 5024220.36, -371.01);
insert into STATION values (2078, '.', 1406, 246980.13, 5024218.94, -371.16);
insert into STATION values (2079, '.', 1406, 246981.99, 5024219.44, -371.20);
insert into STATION values (2080, '.', 1406, 246980.70, 5024220.99, -370.99);
insert into STATION values (2081, '7', 1406, 246979.20, 5024219.36, -368.92);
insert into STATION values (2082, '.', 1406, 246979.02, 5024219.38, -365.79);
insert into STATION values (2083, '.', 1406, 246981.29, 5024219.90, -368.94);
insert into STATION values (2084, '.', 1406, 246979.58, 5024220.50, -369.06);
insert into STATION values (2085, '.', 1406, 246978.32, 5024220.42, -367.93);
insert into STATION values (2086, '.', 1406, 246978.75, 5024219.91, -368.40);
insert into STATION values (2087, '.', 1406, 246978.34, 5024220.41, -367.93);
insert into STATION values (2088, '.', 1406, 246979.39, 5024219.80, -369.06);
insert into STATION values (2089, '.', 1406, 246979.40, 5024219.21, -370.76);
insert into STATION values (2090, '.', 1406, 246976.84, 5024220.38, -372.95);
insert into STATION values (2091, '8', 1406, 246977.55, 5024220.72, -370.35);
insert into STATION values (2092, '.', 1406, 246977.54, 5024219.88, -370.42);
insert into STATION values (2093, '.', 1406, 246977.89, 5024220.12, -373.52);
insert into STATION values (2094, '.', 1406, 246977.32, 5024220.60, -369.23);
insert into STATION values (2095, '9', 1406, 246975.24, 5024219.82, -369.90);
insert into STATION values (2096, '.', 1406, 246975.23, 5024219.44, -371.14);
insert into STATION values (2097, '.', 1406, 246975.34, 5024219.58, -369.96);
insert into STATION values (2098, '.', 1406, 246974.60, 5024219.72, -364.65);
insert into STATION values (2099, '.', 1406, 246975.11, 5024220.04, -369.98);
insert into STATION values (2100, '10', 1406, 246973.57, 5024219.29, -368.72);
insert into STATION values (2101, '.', 1406, 246972.84, 5024220.38, -368.32);
insert into STATION values (2102, '.', 1406, 246973.64, 5024219.03, -368.66);
insert into STATION values (2103, '.', 1406, 246973.11, 5024219.34, -367.09);
insert into STATION values (2104, '11', 1406, 246972.11, 5024220.32, -366.67);
insert into STATION values (2105, '.', 1406, 246972.06, 5024219.49, -366.73);
insert into STATION values (2106, '.', 1406, 246970.55, 5024219.66, -366.71);
insert into STATION values (2107, '.', 1406, 246972.80, 5024219.95, -366.80);
insert into STATION values (2108, '.', 1406, 246971.72, 5024220.06, -368.97);
insert into STATION values (2109, '.', 1406, 246971.82, 5024220.76, -366.63);
insert into STATION values (2110, '12', 1406, 246968.51, 5024219.38, -359.23);
insert into STATION values (2111, '.', 1406, 246968.38, 5024218.97, -359.23);
insert into STATION values (2112, '.', 1406, 246968.45, 5024220.01, -359.15);
insert into STATION values (2113, '.', 1406, 246967.25, 5024222.56, -396.89);
insert into STATION values (2114, '.', 1406, 246967.93, 5024219.36, -355.15);
insert into STATION values (2115, '.', 1406, 246971.73, 5024219.56, -359.44);
insert into STATION values (2116, '.', 1406, 246969.56, 5024220.20, -359.29);
insert into STATION values (2117, '.', 1406, 246965.03, 5024220.82, -359.31);
insert into STATION values (2118, '.', 1406, 246964.92, 5024220.77, -357.69);
insert into STATION values (2119, '13', 1406, 246964.93, 5024219.97, -351.76);
insert into STATION values (2120, '.', 1406, 246964.47, 5024222.75, -351.79);
insert into STATION values (2121, '.', 1406, 246965.75, 5024223.18, -352.03);
insert into STATION values (2122, '.', 1406, 246965.76, 5024220.78, -351.97);
insert into STATION values (2123, '.', 1406, 246965.16, 5024219.69, -352.12);
insert into STATION values (2124, '.', 1406, 246966.76, 5024220.47, -359.60);
insert into STATION values (2125, '.', 1406, 246963.20, 5024218.76, -351.13);
insert into STATION values (2126, '14', 1406, 246962.09, 5024217.98, -350.73);
insert into STATION values (2127, '.', 1406, 246965.77, 5024217.59, -352.01);
insert into STATION values (2128, '.', 1406, 246964.87, 5024220.70, -351.72);
insert into STATION values (2129, '.', 1406, 246965.44, 5024219.97, -353.54);
insert into STATION values (2130, '.', 1406, 246965.00, 5024219.93, -351.09);
insert into STATION values (2131, '15', 1406, 246960.65, 5024216.03, -349.40);
insert into STATION values (2132, '.', 1406, 246962.11, 5024217.47, -350.49);
insert into STATION values (2133, '.', 1406, 246961.68, 5024219.31, -350.73);
insert into STATION values (2134, '.', 1406, 246964.50, 5024218.79, -350.27);
insert into STATION values (2135, '.', 1406, 246958.10, 5024215.29, -350.77);
insert into STATION values (2136, '.', 1406, 246957.23, 5024216.78, -350.33);
insert into STATION values (2137, '.', 1406, 246960.40, 5024218.62, -350.50);
insert into STATION values (2138, '.', 1406, 246963.76, 5024220.65, -330.88);
insert into STATION values (2139, '16', 1406, 246959.48, 5024215.61, -349.77);
insert into STATION values (2140, '.', 1406, 246958.40, 5024214.00, -357.10);
insert into STATION values (2141, '.', 1406, 246960.28, 5024212.43, -357.80);
insert into STATION values (2142, '17', 1406, 246960.77, 5024217.56, -345.54);
insert into STATION values (2143, '.', 1406, 246958.36, 5024215.92, -346.03);
insert into STATION values (2144, '.', 1406, 246960.86, 5024216.02, -345.67);
insert into STATION values (2145, '.', 1406, 246962.22, 5024217.02, -345.53);
insert into STATION values (2146, '.', 1406, 246963.21, 5024217.87, -345.55);
insert into STATION values (2147, '18', 1406, 246961.75, 5024219.13, -337.22);
insert into STATION values (2148, '.', 1406, 246960.02, 5024217.53, -337.47);
insert into STATION values (2149, '.', 1406, 246961.80, 5024216.84, -337.42);
insert into STATION values (2150, '.', 1406, 246962.74, 5024217.11, -337.05);
insert into STATION values (2151, '19', 1406, 246960.30, 5024219.11, -331.03);
insert into STATION values (2152, '.', 1406, 246962.07, 5024219.35, -330.66);
insert into STATION values (2153, '.', 1406, 246962.05, 5024217.59, -331.07);
insert into STATION values (2154, '.', 1406, 246960.32, 5024218.01, -331.09);
insert into STATION values (2155, '20', 1406, 246961.09, 5024219.61, -325.10);
insert into STATION values (2156, '.', 1406, 246959.42, 5024222.08, -324.80);
insert into STATION values (2157, '.', 1406, 246957.87, 5024220.78, -324.93);
insert into STATION values (2158, '.', 1406, 246959.72, 5024219.22, -325.28);
insert into STATION values (2159, '.', 1406, 246952.87, 5024224.26, -313.96);
insert into STATION values (2160, '.', 1406, 246957.13, 5024221.83, -319.71);
insert into STATION values (2161, '21', 1406, 246957.19, 5024221.80, -319.81);
insert into STATION values (2162, '.', 1406, 246957.22, 5024221.76, -319.86);
insert into STATION values (2163, '.', 1406, 246962.88, 5024220.26, -325.09);
insert into STATION values (2164, '.', 1406, 246964.43, 5024218.88, -325.53);
insert into STATION values (2165, '.', 1406, 246963.26, 5024218.11, -325.35);
insert into STATION values (2166, '.', 1406, 246960.68, 5024219.40, -325.26);
insert into STATION values (2167, '22', 1406, 246957.59, 5024222.75, -311.62);
insert into STATION values (2168, '.', 1406, 246957.64, 5024222.88, -310.67);
insert into STATION values (2169, '.', 1406, 246957.38, 5024222.02, -319.75);
insert into STATION values (2170, '.', 1406, 246957.15, 5024221.52, -319.78);
insert into STATION values (2171, '23', 1406, 246954.42, 5024225.79, -311.89);
insert into STATION values (2172, '.', 1406, 246954.00, 5024224.84, -320.07);
insert into STATION values (2173, '.', 1406, 246954.65, 5024226.09, -311.90);
insert into STATION values (2174, '.', 1406, 246954.30, 5024225.69, -311.85);
insert into STATION values (2175, '.', 1406, 246952.71, 5024225.42, -320.87);
insert into STATION values (2176, '.', 1406, 246954.88, 5024225.88, -308.13);
insert into STATION values (2177, '24', 1406, 246952.85, 5024228.21, -308.37);
insert into STATION values (2178, '.', 1406, 246954.17, 5024226.59, -307.98);
insert into STATION values (2179, '.', 1406, 246951.28, 5024229.12, -308.28);
insert into STATION values (2180, '.', 1406, 246952.44, 5024227.98, -308.31);
insert into STATION values (2181, '.', 1406, 246953.33, 5024228.40, -308.23);
insert into STATION values (2182, '.', 1406, 246950.83, 5024226.65, -321.26);
insert into STATION values (2183, '25', 1406, 246952.78, 5024229.04, -305.32);
insert into STATION values (2184, '.', 1406, 246951.86, 5024229.43, -303.63);
insert into STATION values (2185, '.', 1406, 246951.89, 5024229.41, -303.69);
insert into STATION values (2186, '.', 1406, 246951.84, 5024229.43, -303.61);
insert into STATION values (2187, '.', 1406, 246951.88, 5024229.41, -303.67);
insert into STATION values (2188, '.', 1406, 246952.23, 5024228.64, -305.34);
insert into STATION values (2189, '.', 1406, 246952.41, 5024229.18, -307.07);
insert into STATION values (2190, '.', 1406, 246952.20, 5024228.68, -304.05);
insert into STATION values (2191, '26', 1406, 246951.36, 5024228.96, -304.65);
insert into STATION values (2192, '.', 1406, 246951.70, 5024228.77, -304.72);
insert into STATION values (2193, '.', 1406, 246951.41, 5024228.95, -305.16);
insert into STATION values (2194, '.', 1406, 246951.49, 5024229.43, -304.07);
insert into STATION values (2195, '27', 1406, 246949.71, 5024227.10, -304.46);
insert into STATION values (2196, '.', 1406, 246949.58, 5024226.95, -304.44);
insert into STATION values (2197, '.', 1406, 246949.67, 5024227.56, -304.47);
insert into STATION values (2198, '.', 1406, 246949.40, 5024227.70, -305.80);
insert into STATION values (2199, '.', 1406, 246949.67, 5024227.03, -303.43);
insert into STATION values (2200, '28', 1406, 246943.79, 5024227.08, -302.52);
insert into STATION values (2201, '.', 1406, 246941.47, 5024228.01, -301.29);
insert into STATION values (2202, '.', 1406, 246944.04, 5024228.43, -301.83);
insert into STATION values (2203, '.', 1406, 246945.42, 5024227.83, -302.03);
insert into STATION values (2204, '.', 1406, 246943.00, 5024225.27, -301.55);
insert into STATION values (2205, '.', 1406, 246945.17, 5024223.25, -301.50);
insert into STATION values (2206, '.', 1406, 246946.45, 5024224.14, -301.72);
insert into STATION values (2207, '.', 1406, 246947.51, 5024226.73, -301.92);
insert into STATION values (2208, '29', 1406, 246946.21, 5024225.66, -300.77);
insert into STATION values (2209, '30', 1406, 246942.81, 5024225.15, -297.04);
insert into STATION values (2210, '.', 1406, 246943.49, 5024227.47, -297.06);
insert into STATION values (2211, '.', 1406, 246945.41, 5024226.28, -297.34);
insert into STATION values (2212, '.', 1406, 246945.98, 5024224.52, -297.36);
insert into STATION values (2213, '.', 1406, 246945.40, 5024222.94, -297.82);
insert into STATION values (2214, '31', 1406, 246942.66, 5024225.44, -285.38);
insert into STATION values (2215, '32', 1406, 246941.20, 5024223.83, -285.02);
insert into STATION values (2216, '.', 1406, 246939.77, 5024222.22, -284.68);
insert into STATION values (2217, '.', 1406, 246939.95, 5024226.92, -284.92);
insert into STATION values (2218, '.', 1406, 246942.35, 5024225.45, -284.96);
insert into STATION values (2219, '.', 1406, 246944.63, 5024225.65, -284.87);
insert into STATION values (2220, '.', 1406, 246945.10, 5024223.50, -284.95);
insert into STATION values (2221, '33', 1406, 246940.40, 5024225.19, -276.41);
insert into STATION values (2222, '.', 1406, 246943.47, 5024225.17, -276.38);
insert into STATION values (2223, '.', 1406, 246945.02, 5024222.73, -276.91);
insert into STATION values (2224, '.', 1406, 246941.09, 5024223.60, -276.52);
insert into STATION values (2225, '.', 1406, 246939.58, 5024224.33, -276.55);
insert into STATION values (2226, '34', 1406, 246939.82, 5024224.60, -273.85);
insert into STATION values (2227, '.', 1406, 246939.89, 5024225.17, -273.80);
insert into STATION values (2228, '.', 1406, 246939.81, 5024222.99, -267.86);
insert into STATION values (2229, '.', 1406, 246939.57, 5024224.57, -273.79);
insert into STATION values (2230, '.', 1406, 246937.54, 5024226.00, -274.41);
insert into STATION values (2231, '.', 1406, 246938.28, 5024225.14, -276.57);
insert into STATION values (2232, '35', 1406, 246935.77, 5024226.45, -271.85);
insert into STATION values (2233, '.', 1406, 246935.82, 5024225.90, -271.92);
insert into STATION values (2234, '.', 1406, 246935.80, 5024226.44, -273.15);
insert into STATION values (2235, '.', 1406, 246932.25, 5024224.27, -254.33);
insert into STATION values (2236, '36', 1406, 246932.56, 5024223.71, -270.01);
insert into STATION values (2237, 'es.2', 1413, 246931.86, 5024210.75, -241.37);
insert into STATION values (2238, '.', 1413, 246929.15, 5024209.05, -231.10);
insert into STATION values (2239, '.', 1413, 246928.43, 5024208.77, -231.31);
insert into STATION values (2240, '.', 1413, 246927.46, 5024208.26, -229.73);
insert into STATION values (2241, '.', 1413, 246928.15, 5024208.61, -224.67);
insert into STATION values (2242, '.', 1413, 246931.93, 5024208.41, -232.94);
insert into STATION values (2243, '.', 1413, 246931.92, 5024209.64, -241.26);
insert into STATION values (2244, '.', 1413, 246933.01, 5024209.05, -241.34);
insert into STATION values (2245, '.', 1413, 246934.36, 5024208.90, -241.50);
insert into STATION values (2246, '.', 1413, 246935.45, 5024209.13, -241.37);
insert into STATION values (2247, '.', 1413, 246935.45, 5024210.05, -241.44);
insert into STATION values (2248, '.', 1413, 246935.07, 5024207.45, -233.18);
insert into STATION values (2249, '.', 1413, 246934.91, 5024207.71, -237.67);
insert into STATION values (2250, '.', 1413, 246934.65, 5024207.73, -240.24);
insert into STATION values (2251, '.', 1413, 246934.05, 5024209.42, -241.27);
insert into STATION values (2252, '.', 1413, 246934.13, 5024209.51, -241.24);
insert into STATION values (2253, 'es.3', 1413, 246934.15, 5024209.57, -241.25);
insert into STATION values (2254, '.', 1413, 246932.99, 5024210.28, -241.46);
insert into STATION values (2255, '.', 1413, 246931.64, 5024211.64, -241.77);
insert into STATION values (2256, '.', 1413, 246932.83, 5024211.84, -241.64);
insert into STATION values (2257, '.', 1413, 246933.67, 5024211.75, -241.49);
insert into STATION values (2258, '.', 1413, 246934.51, 5024211.59, -240.86);
insert into STATION values (2259, '.', 1413, 246936.48, 5024210.05, -241.08);
insert into STATION values (2260, '.', 1413, 246936.22, 5024211.86, -241.04);
insert into STATION values (2261, 'es.4', 1413, 246934.70, 5024214.79, -241.16);
insert into STATION values (2262, '.', 1413, 246933.75, 5024213.61, -241.31);
insert into STATION values (2263, '.', 1413, 246934.10, 5024212.97, -245.54);
insert into STATION values (2264, '.', 1413, 246934.94, 5024213.57, -242.18);
insert into STATION values (2265, '.', 1413, 246935.29, 5024213.58, -241.44);
insert into STATION values (2266, '.', 1413, 246935.31, 5024215.35, -242.72);
insert into STATION values (2267, 'es.5', 1413, 246933.69, 5024216.15, -243.64);
insert into STATION values (2268, '.', 1413, 246933.33, 5024215.76, -243.63);
insert into STATION values (2269, '.', 1413, 246933.44, 5024215.85, -243.01);
insert into STATION values (2270, '.', 1413, 246933.57, 5024215.90, -245.13);
insert into STATION values (2271, '.', 1413, 246933.40, 5024216.09, -241.71);
insert into STATION values (2272, '.', 1413, 246932.83, 5024216.81, -243.29);
insert into STATION values (2273, 'es.6', 1413, 246932.83, 5024216.89, -243.77);
insert into STATION values (2274, 'es.7', 1413, 246934.24, 5024221.95, -259.53);
insert into STATION values (2275, 'es.1', 1413, 246931.34, 5024224.32, -267.94);
insert into STATION values (2276, 'es.0', 1413, 246932.56, 5024223.71, -270.01);
insert into STATION values (2277, '0', 1453, 246917.73, 5024212.91, -210.33);
insert into STATION values (2278, '.', 1453, 246918.21, 5024212.70, -194.62);
insert into STATION values (2279, '.', 1453, 246918.69, 5024213.18, -209.89);
insert into STATION values (2280, '.', 1453, 246919.77, 5024213.09, -210.10);
insert into STATION values (2281, '.', 1453, 246920.77, 5024212.03, -210.20);
insert into STATION values (2282, '.', 1453, 246920.29, 5024211.75, -210.51);
insert into STATION values (2283, '.', 1453, 246918.10, 5024213.07, -211.38);
insert into STATION values (2284, '.', 1453, 246919.66, 5024210.87, -210.02);
insert into STATION values (2285, '.', 1453, 246920.27, 5024211.75, -210.33);
insert into STATION values (2286, '.', 1453, 246921.07, 5024211.58, -195.49);
insert into STATION values (2287, '.', 1453, 246918.50, 5024210.97, -201.77);
insert into STATION values (2288, '.', 1453, 246917.90, 5024212.08, -205.08);
insert into STATION values (2289, '.', 1453, 246920.79, 5024210.84, -197.71);
insert into STATION values (2290, '.', 1453, 246919.14, 5024210.74, -195.69);
insert into STATION values (2291, '.', 1453, 246920.74, 5024210.77, -207.62);
insert into STATION values (2292, '.', 1453, 246921.32, 5024212.24, -205.79);
insert into STATION values (2293, '.', 1453, 246923.19, 5024210.79, -203.41);
insert into STATION values (2294, '.', 1453, 246923.21, 5024211.48, -202.98);
insert into STATION values (2295, '.', 1453, 246922.67, 5024210.26, -203.46);
insert into STATION values (2296, '1', 1453, 246918.68, 5024210.39, -210.30);
insert into STATION values (2297, '.', 1453, 246919.73, 5024207.90, -210.27);
insert into STATION values (2298, '.', 1453, 246917.77, 5024210.10, -210.86);
insert into STATION values (2299, '.', 1453, 246916.71, 5024210.29, -211.60);
insert into STATION values (2300, '.', 1453, 246917.42, 5024211.14, -211.17);
insert into STATION values (2301, '.', 1453, 246918.06, 5024211.31, -211.85);
insert into STATION values (2302, '.', 1453, 246921.39, 5024211.23, -210.22);
insert into STATION values (2303, '.', 1453, 246921.45, 5024211.88, -210.26);
insert into STATION values (2304, '.', 1453, 246921.24, 5024212.45, -210.26);
insert into STATION values (2305, '.', 1453, 246920.08, 5024211.23, -211.25);
insert into STATION values (2306, '.', 1453, 246917.39, 5024213.07, -201.41);
insert into STATION values (2307, '.', 1453, 246917.68, 5024213.57, -205.41);
insert into STATION values (2308, '.', 1453, 246923.04, 5024215.52, -203.59);
insert into STATION values (2309, '.', 1453, 246921.63, 5024216.17, -200.34);
insert into STATION values (2310, '2', 1453, 246916.76, 5024210.48, -211.68);
insert into STATION values (2311, '.', 1453, 246917.08, 5024210.34, -211.71);
insert into STATION values (2312, '.', 1453, 246916.62, 5024210.61, -211.67);
insert into STATION values (2313, '.', 1453, 246917.01, 5024211.02, -210.44);
insert into STATION values (2314, '.', 1453, 246917.95, 5024211.17, -211.05);
insert into STATION values (2315, '.', 1453, 246916.09, 5024210.89, -211.26);
insert into STATION values (2316, '.', 1453, 246916.79, 5024210.44, -212.48);
insert into STATION values (2317, '.', 1453, 246916.77, 5024210.67, -212.11);
insert into STATION values (2318, '3', 1453, 246917.39, 5024209.53, -214.18);
insert into STATION values (2319, '.', 1453, 246917.63, 5024209.33, -214.14);
insert into STATION values (2320, '.', 1453, 246917.30, 5024209.57, -214.32);
insert into STATION values (2321, '.', 1453, 246917.26, 5024210.35, -214.35);
insert into STATION values (2322, '.', 1453, 246917.01, 5024208.11, -214.06);
insert into STATION values (2323, '.', 1453, 246915.91, 5024204.87, -213.30);
insert into STATION values (2324, '.', 1453, 246916.38, 5024208.13, -214.00);
insert into STATION values (2325, '.', 1453, 246917.34, 5024209.50, -213.14);
insert into STATION values (2326, '.', 1453, 246917.08, 5024209.46, -213.14);
insert into STATION values (2327, '.', 1453, 246918.29, 5024209.76, -214.15);
insert into STATION values (2328, '.', 1453, 246916.59, 5024209.97, -214.17);
insert into STATION values (2329, '.', 1453, 246916.47, 5024209.95, -213.23);
insert into STATION values (2330, '.', 1453, 246919.49, 5024210.40, -214.41);
insert into STATION values (2331, '4', 1453, 246914.36, 5024208.26, -213.86);
insert into STATION values (2332, '.', 1453, 246915.00, 5024207.91, -213.88);
insert into STATION values (2333, '.', 1453, 246912.88, 5024207.77, -213.89);
insert into STATION values (2334, '.', 1453, 246912.42, 5024207.24, -213.94);
insert into STATION values (2335, '.', 1453, 246913.12, 5024207.29, -213.94);
insert into STATION values (2336, '.', 1453, 246912.62, 5024207.60, -216.01);
insert into STATION values (2337, '.', 1453, 246913.80, 5024207.89, -215.69);
insert into STATION values (2338, '.', 1453, 246913.41, 5024209.98, -204.97);
insert into STATION values (2339, '.', 1453, 246912.47, 5024208.84, -211.14);
insert into STATION values (2340, '.', 1453, 246914.28, 5024208.29, -212.03);
insert into STATION values (2341, '.', 1453, 246913.69, 5024208.14, -210.08);
insert into STATION values (2342, '.', 1453, 246913.96, 5024208.89, -207.47);
insert into STATION values (2343, '.', 1453, 246913.69, 5024208.83, -213.64);
insert into STATION values (2344, '.', 1453, 246913.43, 5024208.15, -213.77);
insert into STATION values (2345, '.', 1453, 246911.81, 5024211.14, -213.85);
insert into STATION values (2346, '.', 1453, 246915.28, 5024209.13, -215.66);
insert into STATION values (2347, '.', 1453, 246917.22, 5024210.12, -216.59);
insert into STATION values (2348, '.', 1453, 246917.34, 5024209.21, -214.71);
insert into STATION values (2349, '5', 1453, 246915.75, 5024208.76, -214.42);
insert into STATION values (2350, '.', 1453, 246917.43, 5024208.69, -215.25);
insert into STATION values (2351, '.', 1453, 246918.01, 5024208.95, -219.68);
insert into STATION values (2352, '.', 1453, 246915.75, 5024208.68, -218.35);
insert into STATION values (2353, '.', 1453, 246915.74, 5024208.66, -215.77);
insert into STATION values (2354, '.', 1453, 246915.58, 5024208.84, -215.84);
insert into STATION values (2355, '.', 1453, 246917.12, 5024208.50, -217.08);
insert into STATION values (2356, '.', 1453, 246916.96, 5024209.20, -216.81);
insert into STATION values (2357, '.', 1453, 246915.90, 5024208.65, -212.61);
insert into STATION values (2358, '.', 1453, 246915.79, 5024209.24, -212.95);
insert into STATION values (2359, '.', 1453, 246915.83, 5024208.85, -210.65);
insert into STATION values (2360, '.', 1453, 246915.32, 5024208.72, -214.41);
insert into STATION values (2361, '.', 1453, 246910.79, 5024206.82, -215.10);
insert into STATION values (2362, '.', 1453, 246915.32, 5024208.54, -214.45);
insert into STATION values (2363, '6', 1453, 246916.07, 5024208.72, -218.19);
insert into STATION values (2364, '.', 1453, 246916.19, 5024207.90, -218.11);
insert into STATION values (2365, '.', 1453, 246915.59, 5024205.67, -218.65);
insert into STATION values (2366, '.', 1453, 246915.84, 5024206.93, -218.41);
insert into STATION values (2367, '.', 1453, 246915.72, 5024207.43, -218.38);
insert into STATION values (2368, '.', 1453, 246915.61, 5024208.07, -218.23);
insert into STATION values (2369, '.', 1453, 246915.78, 5024208.90, -218.83);
insert into STATION values (2370, '.', 1453, 246916.33, 5024209.35, -212.32);
insert into STATION values (2371, '.', 1453, 246917.04, 5024208.96, -217.75);
insert into STATION values (2372, '.', 1453, 246917.72, 5024209.21, -217.84);
insert into STATION values (2373, '.', 1453, 246917.10, 5024209.18, -217.96);
insert into STATION values (2374, '.', 1453, 246917.14, 5024209.14, -217.99);
insert into STATION values (2375, '.', 1453, 246915.04, 5024209.13, -217.91);
insert into STATION values (2376, '.', 1453, 246915.26, 5024209.21, -217.89);
insert into STATION values (2377, '0-0', 1453, 246921.37, 5024212.37, -207.52);
insert into STATION values (2378, '.', 1453, 246920.03, 5024210.74, -207.16);
insert into STATION values (2379, '.', 1453, 246917.80, 5024209.27, -207.42);
insert into STATION values (2380, '.', 1453, 246917.15, 5024209.74, -207.58);
insert into STATION values (2381, '.', 1453, 246917.12, 5024210.44, -209.87);
insert into STATION values (2382, '.', 1453, 246917.52, 5024210.45, -211.45);
insert into STATION values (2383, '.', 1453, 246920.70, 5024212.04, -208.39);
insert into STATION values (2384, '.', 1453, 246925.83, 5024210.97, -228.42);
insert into STATION values (2385, '.', 1453, 246921.04, 5024211.84, -207.21);
insert into STATION values (2386, '.', 1453, 246920.94, 5024211.49, -207.13);
insert into STATION values (2387, '.', 1453, 246921.27, 5024212.65, -204.51);
insert into STATION values (2388, '.', 1453, 246922.55, 5024210.71, -204.19);
insert into STATION values (2389, '.', 1453, 246923.34, 5024212.02, -201.67);
insert into STATION values (2390, '0-1', 1453, 246922.23, 5024213.04, -205.22);
insert into STATION values (2391, '.', 1453, 246921.99, 5024214.88, -204.86);
insert into STATION values (2392, '.', 1453, 246922.06, 5024210.58, -204.81);
insert into STATION values (2393, '.', 1453, 246921.21, 5024210.93, -204.90);
insert into STATION values (2394, '.', 1453, 246920.79, 5024211.14, -205.03);
insert into STATION values (2395, '.', 1453, 246917.72, 5024209.43, -204.97);
insert into STATION values (2396, '.', 1453, 246921.05, 5024210.87, -202.28);
insert into STATION values (2397, '.', 1453, 246921.70, 5024211.47, -199.79);
insert into STATION values (2398, '.', 1453, 246921.15, 5024211.80, -206.13);
insert into STATION values (2399, '.', 1453, 246921.06, 5024211.19, -206.06);
insert into STATION values (2400, '.', 1453, 246921.86, 5024216.58, -210.07);
insert into STATION values (2401, '.', 1453, 246921.50, 5024210.98, -205.09);
insert into STATION values (2402, '0-2', 1453, 246921.46, 5024210.99, -205.12);
insert into STATION values (2403, '.', 1453, 246921.44, 5024211.00, -205.12);
insert into STATION values (2404, '.', 1453, 246920.16, 5024214.53, -205.14);
insert into STATION values (2405, '.', 1453, 246919.36, 5024214.50, -204.09);
insert into STATION values (2406, '.', 1453, 246920.33, 5024213.72, -204.63);
insert into STATION values (2407, '.', 1453, 246918.65, 5024214.71, -210.27);
insert into STATION values (2408, '.', 1453, 246920.46, 5024213.22, -207.38);
insert into STATION values (2409, '.', 1453, 246922.37, 5024214.22, -203.18);
insert into STATION values (2410, '.', 1453, 246922.20, 5024213.16, -205.51);
insert into STATION values (2411, '.', 1453, 246922.28, 5024212.68, -202.80);
insert into STATION values (2412, '00-0', 1453, 246925.45, 5024209.89, -228.23);
insert into STATION values (2413, '.', 1453, 246927.89, 5024208.58, -227.76);
insert into STATION values (2414, '.', 1453, 246927.31, 5024208.33, -228.03);
insert into STATION values (2415, '.', 1453, 246927.91, 5024207.37, -228.04);
insert into STATION values (2416, '.', 1453, 246928.15, 5024206.75, -228.05);
insert into STATION values (2417, '.', 1453, 246926.37, 5024208.22, -228.04);
insert into STATION values (2418, '.', 1453, 246925.68, 5024208.09, -228.01);
insert into STATION values (2419, '.', 1453, 246927.58, 5024210.03, -227.50);
insert into STATION values (2420, '.', 1453, 246926.26, 5024210.55, -227.86);
insert into STATION values (2421, '.', 1453, 246927.05, 5024211.00, -227.36);
insert into STATION values (2422, '.', 1453, 246925.47, 5024209.99, -228.55);
insert into STATION values (2423, '.', 1453, 246924.20, 5024209.11, -206.68);
insert into STATION values (2424, '.', 1453, 246926.86, 5024210.02, -219.60);
insert into STATION values (2425, '.', 1453, 246927.42, 5024209.49, -224.34);
insert into STATION values (2426, '.', 1453, 246928.95, 5024214.21, -218.20);
insert into STATION values (2427, '.', 1453, 246927.79, 5024213.46, -215.39);
insert into STATION values (2428, '.', 1453, 246925.58, 5024210.94, -223.34);
insert into STATION values (2429, '.', 1453, 246923.70, 5024210.61, -221.84);
insert into STATION values (2430, '.', 1453, 246928.74, 5024207.19, -228.19);
insert into STATION values (2431, '.', 1453, 246928.01, 5024207.52, -228.13);
insert into STATION values (2432, '.', 1453, 246927.15, 5024209.93, -228.81);
insert into STATION values (2433, '.', 1453, 246927.33, 5024209.64, -229.03);
insert into STATION values (2434, '.', 1453, 246930.59, 5024209.79, -230.31);
insert into STATION values (2435, '.', 1453, 246931.00, 5024209.67, -230.19);
insert into STATION values (2436, '00-1', 1453, 246927.40, 5024209.78, -228.80);
insert into STATION values (2437, '.', 1453, 246927.34, 5024209.61, -230.52);
insert into STATION values (2438, '.', 1453, 246928.52, 5024208.47, -229.80);
insert into STATION values (2439, '.', 1453, 246928.10, 5024208.44, -229.45);
insert into STATION values (2440, '.', 1453, 246927.14, 5024209.38, -229.00);
insert into STATION values (2441, '.', 1453, 246927.55, 5024209.77, -229.01);
insert into STATION values (2442, '.', 1453, 246928.16, 5024209.52, -229.33);
insert into STATION values (2443, '.', 1453, 246927.45, 5024210.69, -230.08);
insert into STATION values (2444, '.', 1453, 246927.45, 5024209.43, -221.56);
insert into STATION values (2445, '.', 1453, 246925.59, 5024211.75, -226.52);
insert into STATION values (2446, '.', 1453, 246928.49, 5024212.37, -224.48);
insert into STATION values (2447, '.', 1453, 246927.90, 5024217.24, -216.71);
insert into STATION values (2448, '.', 1453, 246926.79, 5024214.39, -220.88);
insert into STATION values (2449, '.', 1453, 246925.35, 5024209.31, -225.24);
insert into STATION values (2450, '.', 1453, 246924.17, 5024210.26, -224.41);
insert into STATION values (2451, '00-2', 1453, 246926.48, 5024208.55, -229.47);
insert into STATION values (2452, '.', 1453, 246926.41, 5024208.48, -230.53);
insert into STATION values (2453, '.', 1453, 246925.92, 5024208.33, -230.15);
insert into STATION values (2454, '.', 1453, 246926.87, 5024208.99, -230.38);
insert into STATION values (2455, '.', 1453, 246926.94, 5024208.84, -229.51);
insert into STATION values (2456, '.', 1453, 246927.32, 5024207.79, -229.19);
insert into STATION values (2457, '.', 1453, 246927.74, 5024207.82, -229.03);
insert into STATION values (2458, '.', 1453, 246928.13, 5024207.32, -228.49);
insert into STATION values (2459, '.', 1453, 246926.53, 5024208.45, -228.57);
insert into STATION values (2460, '.', 1453, 246927.63, 5024209.01, -232.41);
insert into STATION values (2461, '.', 1453, 246927.35, 5024208.27, -232.44);
insert into STATION values (2462, '.', 1453, 246929.61, 5024208.04, -230.91);
insert into STATION values (2463, '.', 1453, 246929.43, 5024208.50, -228.99);
insert into STATION values (2464, '00-3', 1453, 246928.00, 5024207.37, -228.15);
insert into STATION values (2465, '.', 1453, 246928.85, 5024207.55, -228.99);
insert into STATION values (2466, '.', 1453, 246928.14, 5024207.09, -229.76);
insert into STATION values (2467, '.', 1453, 246929.65, 5024208.00, -228.60);
insert into STATION values (2468, '.', 1453, 246930.04, 5024207.94, -228.25);
insert into STATION values (2469, '.', 1453, 246928.99, 5024207.48, -228.28);
insert into STATION values (2470, '.', 1453, 246927.19, 5024206.86, -228.27);
insert into STATION values (2471, '.', 1453, 246926.92, 5024206.39, -228.19);
insert into STATION values (2472, '.', 1453, 246927.63, 5024207.17, -226.01);
insert into STATION values (2473, '.', 1453, 246927.79, 5024207.78, -231.89);
insert into STATION values (2474, '00-4', 1453, 246929.03, 5024207.69, -230.85);
insert into STATION values (2475, '.', 1453, 246929.26, 5024207.39, -230.74);
insert into STATION values (2476, '.', 1453, 246931.16, 5024207.98, -230.91);
insert into STATION values (2477, '.', 1453, 246929.75, 5024207.65, -230.87);
insert into STATION values (2478, '.', 1453, 246929.10, 5024206.53, -230.96);
insert into STATION values (2479, '.', 1453, 246929.39, 5024207.73, -230.81);
insert into STATION values (2480, '.', 1453, 246928.53, 5024208.08, -233.80);
insert into STATION values (2481, '.', 1453, 246928.87, 5024208.79, -237.29);
insert into STATION values (2482, '.', 1453, 246929.68, 5024208.20, -233.92);
insert into STATION values (2483, '.', 1453, 246928.99, 5024207.90, -225.35);
insert into STATION values (2484, '.', 1453, 246929.28, 5024207.74, -228.94);
insert into STATION values (2485, '.', 1453, 246928.81, 5024208.10, -228.97);
insert into STATION values (2486, '.', 1453, 246929.91, 5024208.78, -234.41);
insert into STATION values (2487, '00-5', 1453, 246931.86, 5024210.75, -241.37);
insert into STATION values (2488, '.', 1453, 246930.10, 5024210.52, -241.67);
insert into STATION values (2489, '.', 1453, 246930.73, 5024209.97, -241.51);
insert into STATION values (2490, '.', 1453, 246934.39, 5024208.55, -241.25);
insert into STATION values (2491, '.', 1453, 246933.27, 5024208.86, -241.65);
insert into STATION values (2492, '.', 1453, 246931.61, 5024207.74, -236.88);
insert into STATION values (2493, '.', 1453, 246930.49, 5024209.09, -235.47);
insert into STATION values (2494, '.', 1453, 246930.08, 5024210.27, -235.11);
insert into STATION values (2495, '00-6', 1453, 246931.28, 5024210.69, -241.62);
insert into STATION values (2496, '15-0', 1540, 246901.31, 5024203.03, -170.11);
insert into STATION values (2497, '.', 1540, 246902.47, 5024204.04, -171.63);
insert into STATION values (2498, '.', 1540, 246903.71, 5024204.69, -172.33);
insert into STATION values (2499, '.', 1540, 246902.17, 5024203.57, -170.95);
insert into STATION values (2500, '.', 1540, 246901.98, 5024203.65, -169.98);
insert into STATION values (2501, '.', 1540, 246901.05, 5024204.83, -170.07);
insert into STATION values (2502, '.', 1540, 246901.17, 5024202.99, -170.12);
insert into STATION values (2503, '.', 1540, 246899.91, 5024204.99, -169.72);
insert into STATION values (2504, '.', 1540, 246902.03, 5024202.38, -169.90);
insert into STATION values (2505, '.', 1540, 246901.47, 5024202.72, -167.34);
insert into STATION values (2506, '.', 1540, 246902.50, 5024203.06, -170.05);
insert into STATION values (2507, '.', 1540, 246901.72, 5024204.51, -170.30);
insert into STATION values (2508, '.', 1540, 246900.87, 5024204.87, -170.06);
insert into STATION values (2509, '.', 1540, 246899.70, 5024204.00, -170.34);
insert into STATION values (2510, '.', 1540, 246897.51, 5024206.24, -170.48);
insert into STATION values (2511, '15-1', 1540, 246898.88, 5024205.65, -166.05);
insert into STATION values (2512, '.', 1540, 246899.01, 5024205.84, -166.07);
insert into STATION values (2513, '.', 1540, 246899.57, 5024205.29, -166.15);
insert into STATION values (2514, '.', 1540, 246899.26, 5024205.08, -166.22);
insert into STATION values (2515, '.', 1540, 246899.76, 5024204.94, -167.39);
insert into STATION values (2516, '.', 1540, 246899.42, 5024204.90, -167.27);
insert into STATION values (2517, '.', 1540, 246898.97, 5024205.60, -167.14);
insert into STATION values (2518, '.', 1540, 246899.00, 5024205.27, -166.12);
insert into STATION values (2519, '.', 1540, 246897.90, 5024204.84, -166.68);
insert into STATION values (2520, '.', 1540, 246897.63, 5024204.85, -166.33);
insert into STATION values (2521, '.', 1540, 246898.66, 5024205.68, -164.14);
insert into STATION values (2522, '.', 1540, 246898.81, 5024205.43, -165.12);
insert into STATION values (2523, '.', 1540, 246898.84, 5024205.76, -165.35);
insert into STATION values (2524, '15-2', 1540, 246897.76, 5024205.42, -163.37);
insert into STATION values (2525, '.', 1540, 246895.77, 5024205.14, -163.61);
insert into STATION values (2526, '.', 1540, 246897.75, 5024205.29, -163.39);
insert into STATION values (2527, '.', 1540, 246894.87, 5024205.18, -163.59);
insert into STATION values (2528, '.', 1540, 246896.17, 5024206.24, -163.47);
insert into STATION values (2529, '.', 1540, 246897.38, 5024206.99, -163.44);
insert into STATION values (2530, '.', 1540, 246898.14, 5024206.33, -163.24);
insert into STATION values (2531, '.', 1540, 246898.36, 5024205.60, -163.32);
insert into STATION values (2532, '.', 1540, 246895.93, 5024206.58, -165.19);
insert into STATION values (2533, '.', 1540, 246897.42, 5024205.87, -165.06);
insert into STATION values (2534, '.', 1540, 246896.72, 5024206.16, -152.12);
insert into STATION values (2535, '.', 1540, 246896.43, 5024206.11, -156.44);
insert into STATION values (2536, '.', 1540, 246893.65, 5024205.71, -149.64);
insert into STATION values (2537, '15-3', 1540, 246895.82, 5024204.65, -163.88);
insert into STATION values (2538, '.', 1540, 246894.96, 5024205.02, -163.91);
insert into STATION values (2539, '.', 1540, 246895.56, 5024205.49, -163.94);
insert into STATION values (2540, '.', 1540, 246897.00, 5024205.51, -163.94);
insert into STATION values (2541, '.', 1540, 246898.61, 5024204.22, -163.95);
insert into STATION values (2542, '.', 1540, 246898.24, 5024205.44, -163.81);
insert into STATION values (2543, '.', 1540, 246897.17, 5024204.34, -163.88);
insert into STATION values (2544, '.', 1540, 246895.77, 5024204.50, -163.85);
insert into STATION values (2545, '.', 1540, 246897.64, 5024204.30, -163.45);
insert into STATION values (2546, '.', 1540, 246896.85, 5024204.25, -163.76);
insert into STATION values (2547, '15-4', 1540, 246895.71, 5024206.01, -157.34);
insert into STATION values (2548, '.', 1540, 246894.31, 5024206.40, -157.42);
insert into STATION values (2549, '.', 1540, 246893.72, 5024205.80, -157.41);
insert into STATION values (2550, '.', 1540, 246893.44, 5024204.97, -157.59);
insert into STATION values (2551, '.', 1540, 246894.48, 5024204.78, -157.52);
insert into STATION values (2552, '.', 1540, 246896.30, 5024205.68, -157.19);
insert into STATION values (2553, '.', 1540, 246899.50, 5024202.91, -157.53);
insert into STATION values (2554, '.', 1540, 246899.95, 5024201.96, -157.62);
insert into STATION values (2555, '.', 1540, 246897.60, 5024203.62, -157.39);
insert into STATION values (2556, '.', 1540, 246896.33, 5024204.95, -157.40);
insert into STATION values (2557, '.', 1540, 246895.65, 5024204.89, -157.41);
insert into STATION values (2558, '.', 1540, 246895.04, 5024204.86, -157.32);
insert into STATION values (2559, '.', 1540, 246895.38, 5024204.86, -162.74);
insert into STATION values (2560, '.', 1540, 246895.58, 5024205.03, -165.31);
insert into STATION values (2561, '.', 1540, 246894.89, 5024204.83, -154.20);
insert into STATION values (2562, '.', 1540, 246894.29, 5024206.23, -151.01);
insert into STATION values (2563, '.', 1540, 246895.67, 5024205.32, -152.77);
insert into STATION values (2564, '.', 1540, 246895.03, 5024205.79, -148.22);
insert into STATION values (2565, '.', 1540, 246894.72, 5024205.88, -145.47);
insert into STATION values (2566, '.', 1540, 246895.54, 5024204.92, -156.84);
insert into STATION values (2567, '15-5', 1540, 246895.54, 5024204.91, -156.87);
insert into STATION values (2568, '15-6', 1540, 246896.55, 5024206.33, -147.65);
insert into STATION values (2569, '.', 1540, 246897.28, 5024206.73, -147.44);
insert into STATION values (2570, '.', 1540, 246896.77, 5024207.61, -146.86);
insert into STATION values (2571, '.', 1540, 246895.92, 5024207.20, -146.88);
insert into STATION values (2572, '.', 1540, 246895.46, 5024208.92, -145.30);
insert into STATION values (2573, '.', 1540, 246897.34, 5024204.58, -148.02);
insert into STATION values (2574, '.', 1540, 246896.57, 5024205.50, -147.76);
insert into STATION values (2575, '.', 1540, 246895.78, 5024205.71, -147.82);
insert into STATION values (2576, '.', 1540, 246895.67, 5024206.20, -147.83);
insert into STATION values (2577, '.', 1540, 246894.16, 5024205.24, -148.07);
insert into STATION values (2578, '.', 1540, 246895.13, 5024205.36, -161.04);
insert into STATION values (2579, '.', 1540, 246895.59, 5024206.41, -150.53);
insert into STATION values (2580, '.', 1540, 246894.98, 5024204.84, -153.64);
insert into STATION values (2581, '.', 1540, 246893.79, 5024205.11, -150.60);
insert into STATION values (2582, '.', 1540, 246896.23, 5024206.66, -145.95);
insert into STATION values (2583, '15-7', 1540, 246896.54, 5024208.50, -146.37);
insert into STATION values (2584, '.', 1540, 246896.73, 5024209.71, -146.73);
insert into STATION values (2585, '.', 1540, 246895.38, 5024209.53, -146.03);
insert into STATION values (2586, '.', 1540, 246893.56, 5024210.06, -144.20);
insert into STATION values (2587, '.', 1540, 246894.71, 5024208.38, -145.15);
insert into STATION values (2588, '.', 1540, 246896.71, 5024208.63, -147.98);
insert into STATION values (2589, '.', 1540, 246896.62, 5024208.83, -146.91);
insert into STATION values (2590, '.', 1540, 246895.46, 5024207.59, -147.72);
insert into STATION values (2591, '.', 1540, 246895.36, 5024208.69, -146.58);
insert into STATION values (2592, '.', 1540, 246895.30, 5024209.26, -145.28);
insert into STATION values (2593, '.', 1540, 246893.12, 5024209.48, -143.52);
insert into STATION values (2594, '.', 1540, 246893.49, 5024210.26, -144.89);
insert into STATION values (2595, '15-8', 1540, 246894.84, 5024209.90, -144.95);
insert into STATION values (2596, '.', 1540, 246894.43, 5024208.35, -144.80);
insert into STATION values (2597, '.', 1540, 246895.00, 5024210.07, -144.81);
insert into STATION values (2598, '.', 1540, 246894.42, 5024209.59, -148.34);
insert into STATION values (2599, '.', 1540, 246893.73, 5024210.16, -144.22);
insert into STATION values (2600, '.', 1540, 246890.75, 5024210.04, -145.23);
insert into STATION values (2601, '.', 1540, 246897.66, 5024208.32, -147.43);
insert into STATION values (2602, '15-9', 1540, 246892.39, 5024209.71, -142.16);
insert into STATION values (2603, '.', 1540, 246892.11, 5024210.04, -146.57);
insert into STATION values (2604, '.', 1540, 246892.35, 5024209.99, -143.40);
insert into STATION values (2605, '.', 1540, 246892.33, 5024209.74, -143.43);
insert into STATION values (2606, '.', 1540, 246892.92, 5024211.24, -143.06);
insert into STATION values (2607, '.', 1540, 246892.48, 5024210.18, -142.55);
insert into STATION values (2608, '.', 1540, 246892.38, 5024210.34, -142.88);
insert into STATION values (2609, '.', 1540, 246892.30, 5024208.86, -142.10);
insert into STATION values (2610, '.', 1540, 246892.28, 5024209.65, -142.43);
insert into STATION values (2611, '.', 1540, 246891.89, 5024209.73, -143.28);
insert into STATION values (2612, '.', 1540, 246891.96, 5024209.69, -143.30);
insert into STATION values (2613, '.', 1540, 246894.22, 5024209.36, -145.33);
insert into STATION values (2614, '.', 1540, 246897.27, 5024209.00, -147.42);
insert into STATION values (2615, '.', 1540, 246890.83, 5024210.42, -140.54);
insert into STATION values (2616, '.', 1540, 246890.22, 5024210.70, -141.87);
insert into STATION values (2617, '15-10', 1540, 246890.43, 5024210.67, -141.69);
insert into STATION values (2618, '.', 1540, 246890.45, 5024210.16, -144.24);
insert into STATION values (2619, '.', 1540, 246890.45, 5024209.96, -142.45);
insert into STATION values (2620, '.', 1540, 246890.56, 5024209.75, -141.66);
insert into STATION values (2621, '.', 1540, 246890.42, 5024210.54, -140.01);
insert into STATION values (2622, '.', 1540, 246890.31, 5024209.95, -140.94);
insert into STATION values (2623, '.', 1540, 246889.71, 5024209.94, -141.42);
insert into STATION values (2624, '.', 1540, 246889.15, 5024209.77, -142.66);
insert into STATION values (2625, '.', 1540, 246889.71, 5024209.64, -140.47);
insert into STATION values (2626, '.', 1540, 246891.33, 5024210.54, -141.15);
insert into STATION values (2627, '.', 1540, 246892.27, 5024210.48, -142.19);
insert into STATION values (2628, '.', 1540, 246891.91, 5024210.43, -143.06);
insert into STATION values (2629, '15-11', 1540, 246889.60, 5024209.22, -141.51);
insert into STATION values (2630, '.', 1540, 246889.65, 5024209.75, -141.51);
insert into STATION values (2631, '.', 1540, 246889.94, 5024209.52, -141.51);
insert into STATION values (2632, '.', 1540, 246889.65, 5024209.96, -143.05);
insert into STATION values (2633, '.', 1540, 246890.21, 5024209.69, -142.95);
insert into STATION values (2634, '.', 1540, 246889.66, 5024209.31, -140.86);
insert into STATION values (2635, '.', 1540, 246889.94, 5024209.16, -140.59);
insert into STATION values (2636, '.', 1540, 246889.72, 5024209.20, -139.76);
insert into STATION values (2637, '.', 1540, 246889.45, 5024209.06, -142.58);
insert into STATION values (2638, '.', 1540, 246890.05, 5024208.99, -142.72);
insert into STATION values (2639, '.', 1540, 246889.85, 5024208.99, -143.39);
insert into STATION values (2640, '.', 1540, 246890.46, 5024207.85, -141.29);
insert into STATION values (2641, '.', 1540, 246890.69, 5024208.06, -141.28);
insert into STATION values (2642, '.', 1540, 246890.19, 5024208.89, -141.41);
insert into STATION values (2643, '.', 1540, 246890.05, 5024208.17, -142.24);
insert into STATION values (2644, '.', 1540, 246890.42, 5024208.33, -142.59);
insert into STATION values (2645, '.', 1540, 246890.30, 5024208.30, -141.73);
insert into STATION values (2646, '.', 1540, 246890.63, 5024207.85, -141.56);
insert into STATION values (2647, '.', 1540, 246890.44, 5024208.03, -140.75);
insert into STATION values (2648, '.', 1540, 246890.04, 5024208.80, -140.40);
insert into STATION values (2649, '.', 1540, 246892.65, 5024210.82, -142.23);
insert into STATION values (2650, '.', 1540, 246892.48, 5024210.88, -142.50);
insert into STATION values (2651, '.', 1540, 246892.15, 5024210.70, -141.98);
insert into STATION values (2652, '15-12', 1540, 246892.05, 5024211.98, -142.07);
insert into STATION values (2653, '.', 1540, 246892.04, 5024211.45, -141.74);
insert into STATION values (2654, '.', 1540, 246891.89, 5024211.31, -141.90);
insert into STATION values (2655, '.', 1540, 246891.86, 5024211.70, -142.29);
insert into STATION values (2656, '.', 1540, 246892.18, 5024212.04, -141.98);
insert into STATION values (2657, '.', 1540, 246891.00, 5024213.77, -141.00);
insert into STATION values (2658, '.', 1540, 246890.91, 5024213.15, -141.25);
insert into STATION values (2659, '.', 1540, 246891.25, 5024212.52, -141.65);
insert into STATION values (2660, '.', 1540, 246891.50, 5024211.96, -142.11);
insert into STATION values (2661, '.', 1540, 246892.05, 5024211.87, -143.76);
insert into STATION values (2662, '.', 1540, 246892.05, 5024212.10, -142.48);
insert into STATION values (2663, '.', 1540, 246891.86, 5024211.89, -142.75);
insert into STATION values (2664, '15-13', 1540, 246888.35, 5024213.31, -140.77);
insert into STATION values (2665, '.', 1540, 246888.31, 5024212.87, -140.76);
insert into STATION values (2666, '.', 1540, 246887.38, 5024212.69, -140.88);
insert into STATION values (2667, '.', 1540, 246886.80, 5024212.96, -140.93);
insert into STATION values (2668, '.', 1540, 246887.48, 5024213.17, -140.88);
insert into STATION values (2669, '.', 1540, 246888.37, 5024213.46, -140.78);
insert into STATION values (2670, '.', 1540, 246889.38, 5024213.41, -140.94);
insert into STATION values (2671, '.', 1540, 246891.86, 5024212.40, -141.68);
insert into STATION values (2672, '.', 1540, 246889.93, 5024212.56, -141.31);
insert into STATION values (2673, '.', 1540, 246890.71, 5024212.65, -142.93);
insert into STATION values (2674, '.', 1540, 246890.53, 5024212.42, -140.48);
insert into STATION values (2675, '.', 1540, 246888.96, 5024212.75, -138.38);
insert into STATION values (2676, '.', 1540, 246887.26, 5024212.84, -136.51);
insert into STATION values (2677, '.', 1540, 246887.42, 5024213.06, -139.02);
insert into STATION values (2678, '.', 1540, 246886.99, 5024212.71, -138.42);
insert into STATION values (2679, '15-13-1', 1540, 246886.78, 5024212.47, -136.24);
insert into STATION values (2680, '.', 1540, 246886.44, 5024211.91, -136.44);
insert into STATION values (2681, '.', 1540, 246886.85, 5024212.34, -136.16);
insert into STATION values (2682, '.', 1540, 246886.55, 5024211.89, -136.95);
insert into STATION values (2683, '.', 1540, 246886.76, 5024212.49, -137.66);
insert into STATION values (2684, '.', 1540, 246887.15, 5024212.95, -140.30);
insert into STATION values (2685, '.', 1540, 246888.36, 5024213.36, -142.53);
insert into STATION values (2686, '.', 1540, 246887.27, 5024213.05, -139.06);
insert into STATION values (2687, '.', 1540, 246886.97, 5024212.98, -137.68);
insert into STATION values (2688, '.', 1540, 246886.49, 5024213.14, -139.76);
insert into STATION values (2689, '.', 1540, 246885.77, 5024212.87, -138.13);
insert into STATION values (2690, '.', 1540, 246888.94, 5024213.32, -141.30);
insert into STATION values (2691, '.', 1540, 246890.29, 5024212.97, -141.75);
insert into STATION values (2692, '.', 1540, 246888.32, 5024213.18, -138.76);
insert into STATION values (2693, '.', 1540, 246888.15, 5024212.63, -138.51);
insert into STATION values (2694, '.', 1540, 246887.27, 5024213.84, -137.19);
insert into STATION values (2695, '.', 1540, 246889.14, 5024214.95, -139.01);
insert into STATION values (2696, '.', 1540, 246889.74, 5024214.41, -139.84);
insert into STATION values (2697, '.', 1540, 246886.18, 5024213.01, -136.31);
insert into STATION values (2698, '.', 1540, 246885.68, 5024212.72, -136.22);
insert into STATION values (2699, '.', 1540, 246882.82, 5024213.92, -136.52);
insert into STATION values (2700, '.', 1540, 246884.85, 5024213.45, -136.43);
insert into STATION values (2701, '.', 1540, 246882.70, 5024214.51, -131.77);
insert into STATION values (2702, '15-13-2', 1540, 246883.10, 5024214.02, -131.71);
insert into STATION values (2703, '.', 1540, 246883.71, 5024213.55, -137.58);
insert into STATION values (2704, '.', 1540, 246883.36, 5024213.53, -134.53);
insert into STATION values (2705, '.', 1540, 246883.69, 5024213.88, -134.16);
insert into STATION values (2706, '.', 1540, 246882.58, 5024212.12, -131.95);
insert into STATION values (2707, '.', 1540, 246882.70, 5024213.39, -132.08);
insert into STATION values (2708, '.', 1540, 246883.98, 5024215.10, -132.89);
insert into STATION values (2709, '.', 1540, 246883.58, 5024214.45, -133.31);
insert into STATION values (2710, '.', 1540, 246888.35, 5024213.27, -138.38);
insert into STATION values (2711, '.', 1540, 246887.59, 5024211.87, -137.55);
insert into STATION values (2712, '.', 1540, 246884.71, 5024213.21, -133.47);
insert into STATION values (2713, '.', 1540, 246883.45, 5024213.89, -131.90);
insert into STATION values (2714, '.', 1540, 246882.62, 5024214.54, -130.29);
insert into STATION values (2715, '.', 1540, 246882.15, 5024214.99, -129.78);
insert into STATION values (2716, '.', 1540, 246882.59, 5024214.31, -131.56);
insert into STATION values (2717, '.', 1540, 246882.54, 5024214.81, -131.33);
insert into STATION values (2718, '.', 1540, 246881.70, 5024215.08, -130.10);
insert into STATION values (2719, '.', 1540, 246882.48, 5024214.96, -130.88);
insert into STATION values (2720, '.', 1540, 246882.40, 5024214.23, -134.93);
insert into STATION values (2721, '.', 1540, 246881.87, 5024214.97, -134.97);
insert into STATION values (2722, '.', 1540, 246884.01, 5024213.26, -138.06);
insert into STATION values (2723, '.', 1540, 246883.17, 5024214.00, -137.77);
insert into STATION values (2724, '15-13-3', 1540, 246882.20, 5024215.51, -130.38);
insert into STATION values (2725, '.', 1540, 246881.71, 5024215.02, -130.44);
insert into STATION values (2726, '.', 1540, 246882.39, 5024215.14, -130.40);
insert into STATION values (2727, '.', 1540, 246882.31, 5024216.08, -130.37);
insert into STATION values (2728, '.', 1540, 246882.03, 5024215.80, -130.28);
insert into STATION values (2729, '.', 1540, 246882.23, 5024215.41, -133.87);
insert into STATION values (2730, '.', 1540, 246882.35, 5024217.06, -131.88);
insert into STATION values (2731, '.', 1540, 246882.01, 5024218.20, -130.76);
insert into STATION values (2732, '.', 1540, 246880.33, 5024218.71, -130.92);
insert into STATION values (2733, '.', 1540, 246882.53, 5024215.54, -130.34);
insert into STATION values (2734, '.', 1540, 246881.63, 5024215.40, -129.15);
insert into STATION values (2735, '15-13-4', 1540, 246881.72, 5024217.25, -131.30);
insert into STATION values (2736, '.', 1540, 246881.72, 5024217.45, -131.94);
insert into STATION values (2737, '.', 1540, 246881.75, 5024218.00, -131.16);
insert into STATION values (2738, '.', 1540, 246882.46, 5024217.56, -131.14);
insert into STATION values (2739, '.', 1540, 246882.60, 5024216.80, -131.15);
insert into STATION values (2740, '.', 1540, 246880.92, 5024218.38, -131.00);
insert into STATION values (2741, '.', 1540, 246879.99, 5024218.14, -131.26);
insert into STATION values (2742, '.', 1540, 246880.11, 5024216.94, -131.19);
insert into STATION values (2743, '.', 1540, 246880.98, 5024216.16, -131.21);
insert into STATION values (2744, '.', 1540, 246881.49, 5024216.01, -131.19);
insert into STATION values (2745, '.', 1540, 246879.69, 5024217.59, -131.12);
insert into STATION values (2746, '.', 1540, 246880.23, 5024218.97, -118.89);
insert into STATION values (2747, '.', 1540, 246880.58, 5024216.77, -127.18);
insert into STATION values (2748, '.', 1540, 246881.74, 5024217.26, -127.79);
insert into STATION values (2749, '.', 1540, 246880.69, 5024218.42, -127.88);
insert into STATION values (2750, '15-13-5', 1540, 246879.52, 5024218.45, -128.62);
insert into STATION values (2751, '.', 1540, 246879.45, 5024218.06, -130.33);
insert into STATION values (2752, '.', 1540, 246879.68, 5024218.40, -131.04);
insert into STATION values (2753, '.', 1540, 246879.92, 5024218.62, -130.15);
insert into STATION values (2754, '.', 1540, 246879.49, 5024218.44, -128.19);
insert into STATION values (2755, '.', 1540, 246879.66, 5024218.59, -127.69);
insert into STATION values (2756, '.', 1540, 246879.84, 5024218.78, -128.39);
insert into STATION values (2757, '.', 1540, 246881.14, 5024216.83, -127.96);
insert into STATION values (2758, '.', 1540, 246882.62, 5024215.25, -130.77);
insert into STATION values (2759, '.', 1540, 246880.94, 5024216.78, -132.03);
insert into STATION values (2760, '.', 1540, 246879.20, 5024219.15, -127.03);
insert into STATION values (2761, '.', 1540, 246878.58, 5024219.69, -127.81);
insert into STATION values (2762, '.', 1540, 246878.96, 5024219.35, -128.81);
insert into STATION values (2763, '.', 1540, 246879.01, 5024219.19, -129.88);
insert into STATION values (2764, '.', 1540, 246878.59, 5024219.36, -127.53);
insert into STATION values (2765, '.', 1540, 246879.25, 5024220.03, -127.94);
insert into STATION values (2766, '.', 1540, 246882.22, 5024217.24, -129.13);
insert into STATION values (2767, '.', 1540, 246881.12, 5024215.94, -128.96);
insert into STATION values (2768, '.', 1540, 246879.42, 5024218.35, -128.58);
insert into STATION values (2769, '15-13-6', 1540, 246877.58, 5024221.34, -124.69);
insert into STATION values (2770, '.', 1540, 246876.67, 5024222.34, -123.93);
insert into STATION values (2771, '.', 1540, 246876.43, 5024223.28, -123.29);
insert into STATION values (2772, '.', 1540, 246877.28, 5024222.56, -124.00);
insert into STATION values (2773, '.', 1540, 246876.65, 5024222.72, -124.80);
insert into STATION values (2774, '.', 1540, 246876.97, 5024222.28, -125.39);
insert into STATION values (2775, '.', 1540, 246877.74, 5024222.59, -125.05);
insert into STATION values (2776, '.', 1540, 246877.11, 5024221.69, -125.00);
insert into STATION values (2777, '.', 1540, 246877.86, 5024221.69, -124.32);
insert into STATION values (2778, '.', 1540, 246877.63, 5024221.31, -124.38);
insert into STATION values (2779, '.', 1540, 246877.97, 5024220.62, -125.81);
insert into STATION values (2780, '.', 1540, 246879.37, 5024219.43, -127.64);
insert into STATION values (2781, '.', 1540, 246878.73, 5024220.59, -125.56);
insert into STATION values (2782, '.', 1540, 246879.84, 5024219.33, -124.98);
insert into STATION values (2783, '.', 1540, 246880.79, 5024217.35, -125.42);
insert into STATION values (2784, '.', 1540, 246877.64, 5024221.60, -125.99);
insert into STATION values (2785, '.', 1540, 246878.80, 5024221.63, -127.64);
insert into STATION values (2786, '.', 1540, 246880.06, 5024221.52, -127.53);
insert into STATION values (2787, '.', 1540, 246877.80, 5024221.37, -124.90);
insert into STATION values (2788, '.', 1540, 246881.83, 5024221.51, -127.87);
insert into STATION values (2789, '15-13-7', 1540, 246879.39, 5024219.90, -124.77);
insert into STATION values (2790, '.', 1540, 246878.90, 5024220.38, -124.79);
insert into STATION values (2791, '.', 1540, 246878.56, 5024220.29, -124.75);
insert into STATION values (2792, '.', 1540, 246876.37, 5024222.22, -124.92);
insert into STATION values (2793, '.', 1540, 246879.03, 5024219.56, -125.90);
insert into STATION values (2794, '.', 1540, 246879.37, 5024219.83, -125.81);
insert into STATION values (2795, '.', 1540, 246879.02, 5024219.51, -129.43);
insert into STATION values (2796, '.', 1540, 246879.08, 5024219.40, -122.13);
insert into STATION values (2797, '.', 1540, 246879.58, 5024219.11, -119.72);
insert into STATION values (2798, '.', 1540, 246879.45, 5024219.70, -123.09);
insert into STATION values (2799, '.', 1540, 246879.39, 5024218.68, -124.57);
insert into STATION values (2800, '.', 1540, 246879.97, 5024219.09, -124.60);
insert into STATION values (2801, '.', 1540, 246880.45, 5024217.95, -124.48);
insert into STATION values (2802, '15-13-8', 1540, 246880.29, 5024218.23, -123.83);
insert into STATION values (2803, '.', 1540, 246880.71, 5024219.11, -123.65);
insert into STATION values (2804, '.', 1540, 246881.64, 5024219.57, -123.32);
insert into STATION values (2805, '.', 1540, 246884.86, 5024221.06, -122.57);
insert into STATION values (2806, '.', 1540, 246885.73, 5024220.51, -122.81);
insert into STATION values (2807, '.', 1540, 246882.73, 5024219.05, -123.51);
insert into STATION values (2808, '.', 1540, 246881.81, 5024218.34, -123.79);
insert into STATION values (2809, '.', 1540, 246881.66, 5024217.99, -123.90);
insert into STATION values (2810, '.', 1540, 246880.21, 5024218.09, -123.71);
insert into STATION values (2811, '.', 1540, 246882.22, 5024218.87, -130.47);
insert into STATION values (2812, '.', 1540, 246881.54, 5024219.71, -114.72);
insert into STATION values (2813, '.', 1540, 246880.69, 5024218.64, -117.74);
insert into STATION values (2814, '.', 1540, 246880.72, 5024219.20, -121.17);
insert into STATION values (2815, '.', 1540, 246880.95, 5024219.51, -122.10);
insert into STATION values (2816, '.', 1540, 246881.31, 5024218.67, -125.94);
insert into STATION values (2817, '.', 1540, 246880.07, 5024216.91, -127.25);
insert into STATION values (2818, '15-13-9', 1540, 246882.27, 5024219.15, -124.27);
insert into STATION values (2819, '15-14', 1540, 246888.89, 5024214.70, -138.51);
insert into STATION values (2820, '.', 1540, 246890.19, 5024214.34, -140.13);
insert into STATION values (2821, '.', 1540, 246890.44, 5024213.87, -140.45);
insert into STATION values (2822, '.', 1540, 246892.55, 5024211.09, -143.31);
insert into STATION values (2823, '.', 1540, 246888.72, 5024213.55, -139.20);
insert into STATION values (2824, '.', 1540, 246889.06, 5024214.74, -139.36);
insert into STATION values (2825, '.', 1540, 246888.90, 5024214.79, -138.34);
insert into STATION values (2826, '.', 1540, 246889.06, 5024214.94, -138.45);
insert into STATION values (2827, '.', 1540, 246888.55, 5024214.72, -138.54);
insert into STATION values (2828, '.', 1540, 246888.62, 5024215.24, -138.49);
insert into STATION values (2829, '.', 1540, 246888.59, 5024215.23, -138.80);
insert into STATION values (2830, '.', 1540, 246887.56, 5024220.23, -135.02);
insert into STATION values (2831, '.', 1540, 246888.52, 5024214.51, -138.57);
insert into STATION values (2832, '.', 1540, 246888.17, 5024213.87, -138.56);
insert into STATION values (2833, '.', 1540, 246888.30, 5024213.32, -138.56);
insert into STATION values (2834, '15-15', 1540, 246888.20, 5024215.49, -138.15);
insert into STATION values (2835, '.', 1540, 246883.77, 5024220.84, -119.57);
insert into STATION values (2836, '.', 1540, 246887.91, 5024215.84, -135.25);
insert into STATION values (2837, '.', 1540, 246888.61, 5024215.02, -137.20);
insert into STATION values (2838, '.', 1540, 246887.62, 5024215.86, -137.69);
insert into STATION values (2839, '.', 1540, 246886.86, 5024216.76, -136.91);
insert into STATION values (2840, '.', 1540, 246888.50, 5024217.60, -136.93);
insert into STATION values (2841, '.', 1540, 246888.06, 5024220.20, -135.30);
insert into STATION values (2842, '.', 1540, 246886.58, 5024219.03, -135.91);
insert into STATION values (2843, '.', 1540, 246886.91, 5024220.37, -135.55);
insert into STATION values (2844, '.', 1540, 246889.41, 5024216.49, -137.62);
insert into STATION values (2845, '.', 1540, 246889.15, 5024215.61, -137.58);
insert into STATION values (2846, '.', 1540, 246888.25, 5024215.55, -138.34);
insert into STATION values (2847, '.', 1540, 246886.64, 5024219.86, -135.85);
insert into STATION values (2848, '15-16', 1540, 246886.86, 5024219.26, -136.18);
insert into STATION values (2849, '.', 1540, 246886.78, 5024219.82, -136.07);
insert into STATION values (2850, '.', 1540, 246887.41, 5024219.81, -136.10);
insert into STATION values (2851, '.', 1540, 246887.13, 5024219.38, -136.73);
insert into STATION values (2852, '.', 1540, 246882.54, 5024220.27, -118.76);
insert into STATION values (2853, '.', 1540, 246886.34, 5024216.83, -134.86);
insert into STATION values (2854, '.', 1540, 246886.25, 5024217.43, -136.16);
insert into STATION values (2855, '.', 1540, 246888.03, 5024215.32, -136.28);
insert into STATION values (2856, '.', 1540, 246887.04, 5024216.51, -132.50);
insert into STATION values (2857, '.', 1540, 246887.75, 5024218.85, -133.60);
insert into STATION values (2858, '.', 1540, 246885.41, 5024217.84, -129.77);
insert into STATION values (2859, '15-16-0', 1540, 246889.00, 5024215.76, -137.37);
insert into STATION values (2860, '.', 1540, 246889.30, 5024216.19, -137.40);
insert into STATION values (2861, '.', 1540, 246889.16, 5024215.92, -138.11);
insert into STATION values (2862, '.', 1540, 246889.31, 5024216.20, -138.11);
insert into STATION values (2863, '.', 1540, 246888.87, 5024215.34, -138.27);
insert into STATION values (2864, '.', 1540, 246889.30, 5024215.88, -137.21);
insert into STATION values (2865, '.', 1540, 246889.03, 5024215.73, -137.04);
insert into STATION values (2866, '.', 1540, 246889.94, 5024215.59, -137.26);
insert into STATION values (2867, '.', 1540, 246889.64, 5024214.83, -137.42);
insert into STATION values (2868, '15-16-1', 1540, 246889.92, 5024214.95, -137.31);
insert into STATION values (2869, '.', 1540, 246890.81, 5024214.80, -137.29);
insert into STATION values (2870, '.', 1540, 246890.73, 5024214.39, -137.26);
insert into STATION values (2871, '.', 1540, 246890.88, 5024213.62, -137.30);
insert into STATION values (2872, '.', 1540, 246890.08, 5024214.18, -137.27);
insert into STATION values (2873, '.', 1540, 246889.70, 5024214.65, -137.26);
insert into STATION values (2874, '.', 1540, 246890.21, 5024215.49, -137.20);
insert into STATION values (2875, '.', 1540, 246889.52, 5024215.96, -137.15);
insert into STATION values (2876, '.', 1540, 246889.15, 5024215.32, -137.24);
insert into STATION values (2877, '.', 1540, 246889.54, 5024215.13, -138.34);
insert into STATION values (2878, '.', 1540, 246888.84, 5024215.86, -122.10);
insert into STATION values (2879, '.', 1540, 246890.01, 5024216.47, -129.80);
insert into STATION values (2880, '.', 1540, 246889.19, 5024215.37, -131.21);
insert into STATION values (2881, '.', 1540, 246889.71, 5024214.95, -135.86);
insert into STATION values (2882, '.', 1540, 246890.10, 5024215.41, -136.14);
insert into STATION values (2883, '.', 1540, 246890.20, 5024214.83, -134.93);
insert into STATION values (2884, '.', 1540, 246888.65, 5024216.72, -133.62);
insert into STATION values (2885, '.', 1540, 246888.39, 5024216.43, -131.68);
insert into STATION values (2886, '.', 1540, 246889.14, 5024216.35, -127.15);
insert into STATION values (2887, '.', 1540, 246892.36, 5024212.43, -141.21);
insert into STATION values (2888, '.', 1540, 246891.80, 5024213.70, -139.36);
insert into STATION values (2889, '.', 1540, 246891.14, 5024213.35, -139.26);
insert into STATION values (2890, 'jp.0', 1673, 246884.90, 5024236.20, -201.62);
insert into STATION values (2891, '.', 1673, 246883.39, 5024234.64, -201.97);
insert into STATION values (2892, '.', 1673, 246882.94, 5024234.52, -199.73);
insert into STATION values (2893, '.', 1673, 246882.16, 5024234.16, -196.34);
insert into STATION values (2894, '.', 1673, 246884.72, 5024233.38, -201.23);
insert into STATION values (2895, '.', 1673, 246884.73, 5024233.43, -201.09);
insert into STATION values (2896, '.', 1673, 246884.44, 5024233.19, -199.11);
insert into STATION values (2897, '.', 1673, 246883.71, 5024230.08, -189.17);
insert into STATION values (2898, '.', 1673, 246882.82, 5024233.92, -192.49);
insert into STATION values (2899, '.', 1673, 246884.35, 5024235.64, -198.54);
insert into STATION values (2900, '.', 1673, 246885.31, 5024236.70, -201.37);
insert into STATION values (2901, '.', 1673, 246886.22, 5024235.64, -200.97);
insert into STATION values (2902, '.', 1673, 246885.82, 5024235.56, -199.90);
insert into STATION values (2903, '.', 1673, 246885.07, 5024236.09, -201.54);
insert into STATION values (2904, '.', 1673, 246887.44, 5024234.59, -200.45);
insert into STATION values (2905, '.', 1673, 246888.38, 5024234.20, -200.86);
insert into STATION values (2906, '.', 1673, 246887.09, 5024235.34, -202.09);
insert into STATION values (2907, '.', 1673, 246886.12, 5024234.92, -202.22);
insert into STATION values (2908, '.', 1673, 246885.99, 5024234.33, -201.61);
insert into STATION values (2909, 'jp.1', 1673, 246886.33, 5024234.11, -200.96);
insert into STATION values (2910, '.', 1673, 246886.36, 5024233.55, -197.17);
insert into STATION values (2911, '.', 1673, 246886.45, 5024234.30, -198.43);
insert into STATION values (2912, '.', 1673, 246886.54, 5024234.55, -198.86);
insert into STATION values (2913, '.', 1673, 246886.57, 5024234.68, -199.62);
insert into STATION values (2914, '.', 1673, 246886.76, 5024234.94, -199.93);
insert into STATION values (2915, '.', 1673, 246886.79, 5024235.00, -200.44);
insert into STATION values (2916, '.', 1673, 246886.92, 5024235.05, -200.92);
insert into STATION values (2917, '.', 1673, 246887.03, 5024235.07, -201.37);
insert into STATION values (2918, '.', 1673, 246887.21, 5024235.07, -201.98);
insert into STATION values (2919, '.', 1673, 246886.77, 5024234.55, -201.67);
insert into STATION values (2920, '.', 1673, 246887.83, 5024234.20, -199.97);
insert into STATION values (2921, '.', 1673, 246888.02, 5024234.31, -200.73);
insert into STATION values (2922, '.', 1673, 246888.38, 5024234.52, -201.49);
insert into STATION values (2923, '.', 1673, 246888.41, 5024234.66, -202.12);
insert into STATION values (2924, '.', 1673, 246888.22, 5024233.69, -199.33);
insert into STATION values (2925, '.', 1673, 246888.05, 5024233.40, -198.84);
insert into STATION values (2926, '.', 1673, 246887.73, 5024233.14, -198.07);
insert into STATION values (2927, '.', 1673, 246887.20, 5024232.94, -197.46);
insert into STATION values (2928, '.', 1673, 246886.18, 5024233.05, -196.76);
insert into STATION values (2929, '.', 1673, 246883.25, 5024232.53, -195.31);
insert into STATION values (2930, '.', 1673, 246882.86, 5024233.31, -196.85);
insert into STATION values (2931, '.', 1673, 246883.36, 5024233.67, -198.51);
insert into STATION values (2932, '.', 1673, 246883.42, 5024233.94, -199.66);
insert into STATION values (2933, '.', 1673, 246883.50, 5024234.07, -200.32);
insert into STATION values (2934, '.', 1673, 246883.49, 5024234.30, -201.19);
insert into STATION values (2935, '.', 1673, 246883.27, 5024234.98, -203.02);
insert into STATION values (2936, '.', 1673, 246883.56, 5024236.90, -201.48);
insert into STATION values (2937, '.', 1673, 246886.28, 5024233.95, -200.91);
insert into STATION values (2938, '.', 1673, 246889.03, 5024233.79, -201.10);
insert into STATION values (2939, '.', 1673, 246889.22, 5024234.04, -201.80);
insert into STATION values (2940, '.', 1673, 246889.58, 5024234.21, -202.81);
insert into STATION values (2941, 'jp.2', 1673, 246889.89, 5024233.99, -202.39);
insert into STATION values (2942, '.', 1673, 246890.15, 5024233.23, -201.41);
insert into STATION values (2943, '.', 1673, 246890.02, 5024233.11, -201.93);
insert into STATION values (2944, '.', 1673, 246889.93, 5024233.27, -202.28);
insert into STATION values (2945, '.', 1673, 246889.91, 5024233.32, -202.62);
insert into STATION values (2946, '.', 1673, 246889.85, 5024233.38, -203.03);
insert into STATION values (2947, '.', 1673, 246889.92, 5024233.32, -203.05);
insert into STATION values (2948, '.', 1673, 246889.95, 5024233.52, -203.29);
insert into STATION values (2949, '.', 1673, 246889.88, 5024233.72, -203.61);
insert into STATION values (2950, '.', 1673, 246889.84, 5024233.92, -203.21);
insert into STATION values (2951, '.', 1673, 246890.66, 5024233.13, -202.68);
insert into STATION values (2952, '.', 1673, 246890.90, 5024233.17, -203.64);
insert into STATION values (2953, '.', 1673, 246891.26, 5024233.18, -204.70);
insert into STATION values (2954, '.', 1673, 246891.90, 5024233.57, -205.64);
insert into STATION values (2955, '.', 1673, 246890.02, 5024233.98, -202.61);
insert into STATION values (2956, '.', 1673, 246894.00, 5024231.81, -202.65);
insert into STATION values (2957, '.', 1673, 246891.94, 5024232.58, -201.85);
insert into STATION values (2958, '.', 1673, 246891.86, 5024232.30, -201.22);
insert into STATION values (2959, '.', 1673, 246891.87, 5024231.92, -200.50);
insert into STATION values (2960, '.', 1673, 246891.78, 5024231.75, -199.98);
insert into STATION values (2961, '.', 1673, 246894.16, 5024232.07, -203.74);
insert into STATION values (2962, '.', 1673, 246895.01, 5024232.30, -204.88);
insert into STATION values (2963, '.', 1673, 246892.05, 5024233.47, -203.46);
insert into STATION values (2964, '.', 1673, 246895.73, 5024233.15, -207.66);
insert into STATION values (2965, '.', 1673, 246895.83, 5024233.69, -208.44);
insert into STATION values (2966, '.', 1673, 246891.98, 5024233.70, -204.95);
insert into STATION values (2967, '.', 1673, 246892.29, 5024234.02, -205.70);
insert into STATION values (2968, 'jp.3', 1673, 246893.04, 5024233.31, -204.61);
insert into STATION values (2969, '.', 1673, 246890.56, 5024233.95, -204.00);
insert into STATION values (2970, '.', 1673, 246889.87, 5024233.99, -202.77);
insert into STATION values (2971, '.', 1673, 246891.91, 5024233.20, -204.27);
insert into STATION values (2972, '.', 1673, 246892.28, 5024233.09, -204.01);
insert into STATION values (2973, '.', 1673, 246892.32, 5024233.43, -204.74);
insert into STATION values (2974, '.', 1673, 246891.98, 5024234.31, -205.32);
insert into STATION values (2975, '.', 1673, 246892.68, 5024233.89, -205.35);
insert into STATION values (2976, '.', 1673, 246892.98, 5024233.54, -205.77);
insert into STATION values (2977, '.', 1673, 246892.70, 5024233.02, -204.71);
insert into STATION values (2978, '.', 1673, 246892.66, 5024232.98, -204.36);
insert into STATION values (2979, '.', 1673, 246892.28, 5024232.65, -203.34);
insert into STATION values (2980, '.', 1673, 246892.49, 5024232.63, -202.96);
insert into STATION values (2981, '.', 1673, 246890.80, 5024232.30, -200.07);
insert into STATION values (2982, '.', 1673, 246892.76, 5024232.63, -202.79);
insert into STATION values (2983, '.', 1673, 246892.75, 5024232.12, -202.88);
insert into STATION values (2984, '.', 1673, 246892.98, 5024232.26, -203.41);
insert into STATION values (2985, '.', 1673, 246893.24, 5024232.10, -203.91);
insert into STATION values (2986, '.', 1673, 246893.31, 5024232.16, -204.31);
insert into STATION values (2987, '.', 1673, 246893.34, 5024231.96, -204.67);
insert into STATION values (2988, '.', 1673, 246893.30, 5024231.81, -205.21);
insert into STATION values (2989, '.', 1673, 246893.18, 5024231.71, -205.49);
insert into STATION values (2990, '.', 1673, 246893.19, 5024232.57, -205.31);
insert into STATION values (2991, '.', 1673, 246893.41, 5024232.40, -205.16);
insert into STATION values (2992, '.', 1673, 246894.28, 5024231.46, -206.54);
insert into STATION values (2993, '.', 1673, 246894.10, 5024232.02, -206.60);
insert into STATION values (2994, '.', 1673, 246894.36, 5024232.15, -206.08);
insert into STATION values (2995, '.', 1673, 246894.47, 5024232.04, -205.47);
insert into STATION values (2996, '.', 1673, 246894.23, 5024231.81, -205.49);
insert into STATION values (2997, '.', 1673, 246894.31, 5024231.16, -205.74);
insert into STATION values (2998, '.', 1673, 246894.19, 5024230.98, -204.72);
insert into STATION values (2999, '.', 1673, 246894.47, 5024230.83, -204.09);
insert into STATION values (3000, '.', 1673, 246895.10, 5024230.42, -203.93);
insert into STATION values (3001, '.', 1673, 246894.99, 5024230.21, -204.73);
insert into STATION values (3002, '.', 1673, 246895.09, 5024230.03, -205.33);
insert into STATION values (3003, '.', 1673, 246894.59, 5024230.78, -205.35);
insert into STATION values (3004, '.', 1673, 246895.34, 5024230.53, -205.11);
insert into STATION values (3005, '.', 1673, 246895.17, 5024230.75, -204.63);
insert into STATION values (3006, '.', 1673, 246895.30, 5024230.42, -204.27);
insert into STATION values (3007, '.', 1673, 246894.53, 5024231.45, -204.28);
insert into STATION values (3008, '.', 1673, 246894.78, 5024231.56, -204.61);
insert into STATION values (3009, '.', 1673, 246895.14, 5024229.84, -201.30);
insert into STATION values (3010, '.', 1673, 246894.03, 5024232.01, -202.90);
insert into STATION values (3011, '.', 1673, 246894.05, 5024232.03, -203.12);
insert into STATION values (3012, '.', 1673, 246894.28, 5024232.27, -203.78);
insert into STATION values (3013, '.', 1673, 246894.55, 5024232.43, -204.31);
insert into STATION values (3014, '.', 1673, 246895.08, 5024232.52, -205.06);
insert into STATION values (3015, '.', 1673, 246895.63, 5024232.59, -206.00);
insert into STATION values (3016, '.', 1673, 246895.50, 5024232.89, -206.45);
insert into STATION values (3017, '.', 1673, 246895.09, 5024232.67, -206.17);
insert into STATION values (3018, '.', 1673, 246894.71, 5024233.43, -206.13);
insert into STATION values (3019, '.', 1673, 246896.06, 5024233.50, -208.32);
insert into STATION values (3020, '.', 1673, 246895.24, 5024233.19, -208.41);
insert into STATION values (3021, '.', 1673, 246894.35, 5024233.48, -208.17);
insert into STATION values (3022, '.', 1673, 246893.88, 5024234.10, -208.06);
insert into STATION values (3023, '.', 1673, 246893.10, 5024233.77, -206.17);
insert into STATION values (3024, '.', 1673, 246894.31, 5024235.20, -208.69);
insert into STATION values (3025, '.', 1673, 246895.45, 5024235.24, -210.14);
insert into STATION values (3026, '.', 1673, 246893.31, 5024235.29, -207.48);
insert into STATION values (3027, '.', 1673, 246893.01, 5024235.13, -207.02);
insert into STATION values (3028, '.', 1673, 246894.75, 5024233.37, -206.11);
insert into STATION values (3029, '.', 1673, 246895.29, 5024233.19, -206.80);
insert into STATION values (3030, '.', 1673, 246894.86, 5024232.97, -206.72);
insert into STATION values (3031, '.', 1673, 246894.64, 5024232.60, -206.97);
insert into STATION values (3032, '.', 1673, 246894.50, 5024232.30, -207.54);
insert into STATION values (3033, '.', 1673, 246894.31, 5024232.32, -208.09);
insert into STATION values (3034, '.', 1673, 246893.78, 5024232.70, -207.60);
insert into STATION values (3035, '.', 1673, 246892.97, 5024233.67, -205.78);
insert into STATION values (3036, '.', 1673, 246892.93, 5024234.21, -206.16);
insert into STATION values (3037, 'jp.4', 1673, 246894.91, 5024234.57, -209.13);
insert into STATION values (3038, '.', 1673, 246893.87, 5024235.52, -208.24);
insert into STATION values (3039, '.', 1673, 246894.05, 5024234.84, -208.50);
insert into STATION values (3040, '.', 1673, 246893.32, 5024234.57, -208.47);
insert into STATION values (3041, '.', 1673, 246893.51, 5024234.54, -209.39);
insert into STATION values (3042, '.', 1673, 246893.56, 5024234.93, -209.46);
insert into STATION values (3043, '.', 1673, 246894.54, 5024234.89, -209.11);
insert into STATION values (3044, '.', 1673, 246894.71, 5024235.39, -209.12);
insert into STATION values (3045, '.', 1673, 246895.19, 5024235.19, -209.05);
insert into STATION values (3046, '.', 1673, 246895.41, 5024234.97, -209.05);
insert into STATION values (3047, '.', 1673, 246895.55, 5024235.21, -209.57);
insert into STATION values (3048, '.', 1673, 246894.92, 5024235.67, -210.20);
insert into STATION values (3049, '.', 1673, 246894.71, 5024234.94, -209.73);
insert into STATION values (3050, '.', 1673, 246893.94, 5024234.52, -210.27);
insert into STATION values (3051, '.', 1673, 246894.34, 5024234.45, -210.38);
insert into STATION values (3052, '.', 1673, 246894.52, 5024234.49, -210.44);
insert into STATION values (3053, '.', 1673, 246894.57, 5024234.64, -213.21);
insert into STATION values (3054, '.', 1673, 246894.48, 5024234.50, -211.52);
insert into STATION values (3055, '.', 1673, 246894.90, 5024234.99, -211.81);
insert into STATION values (3056, '.', 1673, 246894.97, 5024234.72, -212.27);
insert into STATION values (3057, '.', 1673, 246895.04, 5024234.52, -211.95);
insert into STATION values (3058, '.', 1673, 246895.00, 5024234.45, -209.58);
insert into STATION values (3059, '.', 1673, 246895.43, 5024233.67, -208.86);
insert into STATION values (3060, '.', 1673, 246895.39, 5024233.71, -208.46);
insert into STATION values (3061, '.', 1673, 246895.43, 5024233.37, -207.32);
insert into STATION values (3062, '.', 1673, 246895.11, 5024232.39, -205.12);
insert into STATION values (3063, '.', 1673, 246894.29, 5024232.31, -204.01);
insert into STATION values (3064, '.', 1673, 246893.27, 5024231.30, -201.56);
insert into STATION values (3065, '.', 1673, 246893.00, 5024232.60, -203.03);
insert into STATION values (3066, '.', 1673, 246894.44, 5024233.60, -205.94);
insert into STATION values (3067, '.', 1673, 246894.89, 5024234.06, -207.09);
insert into STATION values (3068, '.', 1673, 246895.27, 5024234.31, -207.86);
insert into STATION values (3069, '.', 1673, 246895.66, 5024234.00, -207.94);
insert into STATION values (3070, '.', 1673, 246895.60, 5024234.02, -207.98);
insert into STATION values (3071, '.', 1673, 246895.76, 5024233.99, -208.48);
insert into STATION values (3072, '.', 1673, 246896.00, 5024233.54, -208.36);
insert into STATION values (3073, '.', 1673, 246896.09, 5024233.60, -208.73);
insert into STATION values (3074, '.', 1673, 246896.08, 5024233.72, -208.97);
insert into STATION values (3075, '.', 1673, 246896.22, 5024233.76, -209.32);
insert into STATION values (3076, '.', 1673, 246896.92, 5024233.24, -210.01);
insert into STATION values (3077, '.', 1673, 246896.90, 5024233.36, -210.23);
insert into STATION values (3078, '.', 1673, 246898.78, 5024232.41, -211.23);
insert into STATION values (3079, '.', 1673, 246896.58, 5024233.70, -210.24);
insert into STATION values (3080, '.', 1673, 246896.08, 5024233.84, -210.11);
insert into STATION values (3081, '.', 1673, 246896.50, 5024234.09, -209.83);
insert into STATION values (3082, '.', 1673, 246896.55, 5024234.08, -210.48);
insert into STATION values (3083, '.', 1673, 246895.71, 5024234.80, -209.40);
insert into STATION values (3084, '.', 1673, 246896.28, 5024234.74, -210.16);
insert into STATION values (3085, '.', 1673, 246897.26, 5024234.78, -211.70);
insert into STATION values (3086, '.', 1673, 246896.17, 5024234.69, -210.79);
insert into STATION values (3087, '.', 1673, 246896.13, 5024235.00, -210.69);
insert into STATION values (3088, '.', 1673, 246895.99, 5024235.21, -211.23);
insert into STATION values (3089, '.', 1673, 246895.54, 5024234.96, -209.24);
insert into STATION values (3090, '.', 1673, 246895.45, 5024234.85, -208.96);
insert into STATION values (3091, '.', 1673, 246895.67, 5024234.68, -209.09);
insert into STATION values (3092, '.', 1673, 246895.75, 5024235.07, -209.86);
insert into STATION values (3093, '.', 1673, 246895.66, 5024235.50, -210.70);
insert into STATION values (3094, '.', 1673, 246895.34, 5024235.85, -211.31);
insert into STATION values (3095, 'jp.5', 1673, 246894.98, 5024234.83, -212.15);
insert into STATION values (3096, '.', 1673, 246894.90, 5024234.57, -207.62);
insert into STATION values (3097, '.', 1673, 246895.01, 5024234.47, -210.84);
insert into STATION values (3098, '.', 1673, 246894.86, 5024234.46, -211.60);
insert into STATION values (3099, '.', 1673, 246894.98, 5024235.02, -211.09);
insert into STATION values (3100, '.', 1673, 246895.04, 5024235.03, -210.14);
insert into STATION values (3101, '.', 1673, 246895.15, 5024235.18, -208.94);
insert into STATION values (3102, '.', 1673, 246895.12, 5024234.87, -208.37);
insert into STATION values (3103, '.', 1673, 246894.63, 5024234.41, -209.30);
insert into STATION values (3104, '.', 1673, 246894.28, 5024234.43, -208.65);
insert into STATION values (3105, '.', 1673, 246895.28, 5024234.48, -210.88);
insert into STATION values (3106, '.', 1673, 246895.10, 5024234.53, -211.54);
insert into STATION values (3107, '.', 1673, 246894.81, 5024234.45, -211.60);
insert into STATION values (3108, '.', 1673, 246894.49, 5024234.51, -211.39);
insert into STATION values (3109, '.', 1673, 246894.79, 5024234.92, -211.53);
insert into STATION values (3110, '.', 1673, 246895.18, 5024235.20, -211.64);
insert into STATION values (3111, '.', 1673, 246895.53, 5024235.04, -211.80);
insert into STATION values (3112, '.', 1673, 246895.59, 5024234.83, -211.79);
insert into STATION values (3113, '.', 1673, 246895.67, 5024234.67, -211.84);
insert into STATION values (3114, '.', 1673, 246895.15, 5024234.70, -212.03);
insert into STATION values (3115, '.', 1673, 246894.94, 5024234.34, -212.14);
insert into STATION values (3116, '.', 1673, 246894.50, 5024233.94, -212.21);
insert into STATION values (3117, '.', 1673, 246894.61, 5024234.42, -212.15);
insert into STATION values (3118, '.', 1673, 246894.08, 5024233.75, -212.71);
insert into STATION values (3119, '.', 1673, 246894.63, 5024233.98, -212.60);
insert into STATION values (3120, '.', 1673, 246895.00, 5024233.86, -212.65);
insert into STATION values (3121, '.', 1673, 246895.21, 5024233.84, -212.93);
insert into STATION values (3122, '.', 1673, 246894.90, 5024233.94, -213.07);
insert into STATION values (3123, '.', 1673, 246894.26, 5024233.70, -213.63);
insert into STATION values (3124, '.', 1673, 246894.23, 5024233.62, -214.27);
insert into STATION values (3125, '.', 1673, 246894.57, 5024233.55, -214.49);
insert into STATION values (3126, '.', 1673, 246895.05, 5024233.83, -214.01);
insert into STATION values (3127, '.', 1673, 246894.49, 5024233.89, -214.17);
insert into STATION values (3128, '.', 1673, 246894.66, 5024233.91, -214.46);
insert into STATION values (3129, '.', 1673, 246894.79, 5024233.69, -215.01);
insert into STATION values (3130, '.', 1673, 246894.79, 5024234.65, -213.46);
insert into STATION values (3131, '.', 1673, 246895.59, 5024235.17, -212.31);
insert into STATION values (3132, '.', 1673, 246895.78, 5024235.22, -212.71);
insert into STATION values (3133, '.', 1673, 246895.58, 5024235.26, -213.22);
insert into STATION values (3134, '.', 1673, 246895.40, 5024235.07, -213.74);
insert into STATION values (3135, '.', 1673, 246895.94, 5024235.07, -213.84);
insert into STATION values (3136, '.', 1673, 246896.17, 5024234.93, -214.31);
insert into STATION values (3137, '.', 1673, 246896.50, 5024233.66, -213.84);
insert into STATION values (3138, '.', 1673, 246895.84, 5024234.14, -212.77);
insert into STATION values (3139, '.', 1673, 246897.88, 5024232.65, -215.84);
insert into STATION values (3140, '.', 1673, 246898.65, 5024232.39, -217.22);
insert into STATION values (3141, '.', 1673, 246899.30, 5024232.24, -218.70);
insert into STATION values (3142, '.', 1673, 246897.12, 5024233.03, -215.69);
insert into STATION values (3143, '.', 1673, 246898.25, 5024233.41, -216.11);
insert into STATION values (3144, '.', 1673, 246896.51, 5024233.41, -216.61);
insert into STATION values (3145, '.', 1673, 246897.25, 5024233.33, -217.47);
insert into STATION values (3146, '.', 1673, 246895.84, 5024234.07, -217.59);
insert into STATION values (3147, '.', 1673, 246895.01, 5024234.00, -215.93);
insert into STATION values (3148, '.', 1673, 246896.15, 5024234.34, -214.69);
insert into STATION values (3149, '.', 1673, 246896.01, 5024234.41, -215.23);
insert into STATION values (3150, '.', 1673, 246895.38, 5024234.72, -213.68);
insert into STATION values (3151, '.', 1673, 246896.51, 5024234.79, -213.28);
insert into STATION values (3152, '.', 1673, 246896.64, 5024234.78, -214.01);
insert into STATION values (3153, '.', 1673, 246896.37, 5024234.95, -214.17);
insert into STATION values (3154, 'jp.6', 1673, 246896.65, 5024234.02, -214.60);
insert into STATION values (3155, '.', 1673, 246896.41, 5024233.11, -214.69);
insert into STATION values (3156, '.', 1673, 246897.06, 5024233.77, -214.33);
insert into STATION values (3157, '.', 1673, 246896.96, 5024234.39, -214.50);
insert into STATION values (3158, '.', 1673, 246896.95, 5024234.45, -215.24);
insert into STATION values (3159, '.', 1673, 246896.65, 5024234.09, -214.74);
insert into STATION values (3160, '.', 1673, 246896.07, 5024233.45, -215.68);
insert into STATION values (3161, '.', 1673, 246896.58, 5024234.16, -218.24);
insert into STATION values (3162, '.', 1673, 246897.61, 5024232.67, -216.88);
insert into STATION values (3163, '.', 1673, 246898.79, 5024232.99, -217.29);
insert into STATION values (3164, '.', 1673, 246899.27, 5024232.06, -218.73);
insert into STATION values (3165, '.', 1673, 246896.04, 5024234.10, -213.13);
insert into STATION values (3166, '.', 1673, 246895.37, 5024233.75, -213.55);
insert into STATION values (3167, '.', 1673, 246895.28, 5024234.61, -212.92);
insert into STATION values (3168, '.', 1673, 246896.04, 5024235.19, -213.18);
insert into STATION values (3169, '.', 1673, 246895.26, 5024235.19, -212.55);
insert into STATION values (3170, '.', 1673, 246894.41, 5024234.50, -211.77);
insert into STATION values (3171, 'jp.7', 1673, 246903.93, 5024226.98, -228.06);
insert into STATION values (3172, '0', 1713, 246903.25, 5024222.21, -186.62);
insert into STATION values (3173, '.', 1713, 246903.16, 5024221.88, -186.60);
insert into STATION values (3174, '.', 1713, 246903.48, 5024222.09, -186.59);
insert into STATION values (3175, '.', 1713, 246903.32, 5024222.05, -187.24);
insert into STATION values (3176, '.', 1713, 246903.05, 5024222.32, -185.84);
insert into STATION values (3177, '.', 1713, 246902.52, 5024222.68, -186.27);
insert into STATION values (3178, '.', 1713, 246902.07, 5024221.32, -185.64);
insert into STATION values (3179, '.', 1713, 246902.94, 5024221.67, -184.86);
insert into STATION values (3180, '.', 1713, 246902.98, 5024222.08, -186.03);
insert into STATION values (3181, '.', 1713, 246902.35, 5024221.77, -184.91);
insert into STATION values (3182, '1', 1713, 246904.02, 5024221.05, -187.57);
insert into STATION values (3183, '2', 1713, 246902.35, 5024221.69, -184.21);
insert into STATION values (3184, '.', 1713, 246901.85, 5024221.36, -184.26);
insert into STATION values (3185, '.', 1713, 246902.66, 5024222.01, -184.32);
insert into STATION values (3186, '.', 1713, 246901.95, 5024221.57, -183.58);
insert into STATION values (3187, '.', 1713, 246902.30, 5024221.80, -186.45);
insert into STATION values (3188, '.', 1713, 246902.19, 5024221.58, -185.01);
insert into STATION values (3189, '.', 1713, 246902.53, 5024221.04, -183.83);
insert into STATION values (3190, '.', 1713, 246902.00, 5024221.91, -184.32);
insert into STATION values (3191, '.', 1713, 246902.13, 5024221.69, -182.13);
insert into STATION values (3192, '.', 1713, 246901.70, 5024221.30, -183.03);
insert into STATION values (3193, '.', 1713, 246901.92, 5024221.43, -183.43);
insert into STATION values (3194, '3', 1713, 246901.91, 5024221.44, -183.43);
insert into STATION values (3195, '.', 1713, 246902.36, 5024220.82, -183.39);
insert into STATION values (3196, '.', 1713, 246901.86, 5024221.10, -183.43);
insert into STATION values (3197, '.', 1713, 246901.52, 5024221.28, -183.47);
insert into STATION values (3198, '.', 1713, 246902.54, 5024221.41, -183.47);
insert into STATION values (3199, '.', 1713, 246902.27, 5024222.18, -183.41);
insert into STATION values (3200, '.', 1713, 246901.45, 5024221.51, -183.48);
insert into STATION values (3201, '.', 1713, 246901.80, 5024221.54, -183.42);
insert into STATION values (3202, '.', 1713, 246901.38, 5024221.11, -181.89);
insert into STATION values (3203, '4', 1713, 246901.27, 5024221.04, -181.54);
insert into STATION values (3204, '.', 1713, 246900.22, 5024221.06, -181.31);
insert into STATION values (3205, '.', 1713, 246899.98, 5024221.83, -181.28);
insert into STATION values (3206, '.', 1713, 246900.64, 5024222.36, -181.30);
insert into STATION values (3207, '.', 1713, 246901.27, 5024222.04, -181.35);
insert into STATION values (3208, '.', 1713, 246901.74, 5024221.37, -181.48);
insert into STATION values (3209, '.', 1713, 246901.15, 5024221.37, -179.36);
insert into STATION values (3210, '.', 1713, 246899.26, 5024221.42, -177.63);
insert into STATION values (3211, '.', 1713, 246898.68, 5024221.98, -170.24);
insert into STATION values (3212, '.', 1713, 246901.73, 5024221.54, -183.19);
insert into STATION values (3213, '.', 1713, 246901.38, 5024221.16, -182.51);
insert into STATION values (3214, '5', 1713, 246899.21, 5024221.90, -179.05);
insert into STATION values (3215, '.', 1713, 246900.77, 5024220.68, -179.19);
insert into STATION values (3216, '.', 1713, 246901.04, 5024221.40, -179.21);
insert into STATION values (3217, '.', 1713, 246900.89, 5024222.14, -179.03);
insert into STATION values (3218, '.', 1713, 246900.29, 5024222.91, -178.82);
insert into STATION values (3219, '.', 1713, 246898.28, 5024224.06, -178.86);
insert into STATION values (3220, '.', 1713, 246898.96, 5024225.04, -178.90);
insert into STATION values (3221, '.', 1713, 246899.62, 5024225.30, -179.09);
insert into STATION values (3222, '.', 1713, 246899.85, 5024223.19, -178.95);
insert into STATION values (3223, '.', 1713, 246900.11, 5024224.91, -178.79);
insert into STATION values (3224, '.', 1713, 246899.31, 5024221.34, -174.17);
insert into STATION values (3225, '.', 1713, 246899.47, 5024222.71, -172.50);
insert into STATION values (3226, '.', 1713, 246899.93, 5024220.74, -150.03);
insert into STATION values (3227, '.', 1713, 246899.21, 5024221.80, -175.80);
insert into STATION values (3228, '6', 1713, 246899.91, 5024220.95, -148.09);
insert into STATION values (3229, '7', 1713, 246899.94, 5024223.17, -178.95);
insert into STATION values (3230, '.', 1713, 246898.17, 5024223.21, -179.15);
insert into STATION values (3231, '.', 1713, 246898.34, 5024224.25, -179.08);
insert into STATION values (3232, '.', 1713, 246899.09, 5024225.00, -179.16);
insert into STATION values (3233, '.', 1713, 246900.29, 5024225.25, -178.94);
insert into STATION values (3234, '.', 1713, 246900.66, 5024224.31, -179.07);
insert into STATION values (3235, '.', 1713, 246897.79, 5024223.19, -160.93);
insert into STATION values (3236, '.', 1713, 246899.29, 5024224.76, -181.08);
insert into STATION values (3237, '.', 1713, 246901.03, 5024225.49, -182.13);
insert into STATION values (3238, '.', 1713, 246900.31, 5024225.61, -182.18);
insert into STATION values (3239, '.', 1713, 246901.40, 5024225.09, -182.42);
insert into STATION values (3240, '8', 1713, 246899.59, 5024224.54, -183.80);
insert into STATION values (3241, '.', 1713, 246900.58, 5024223.72, -183.80);
insert into STATION values (3242, '.', 1713, 246901.74, 5024224.22, -183.98);
insert into STATION values (3243, '.', 1713, 246900.85, 5024225.85, -183.78);
insert into STATION values (3244, '.', 1713, 246901.54, 5024225.15, -183.78);
insert into STATION values (3245, '.', 1713, 246899.31, 5024224.26, -183.83);
insert into STATION values (3246, '.', 1713, 246901.10, 5024225.09, -188.76);
insert into STATION values (3247, '.', 1713, 246899.81, 5024224.46, -189.50);
insert into STATION values (3248, '.', 1713, 246901.19, 5024224.00, -187.22);
insert into STATION values (3249, '.', 1713, 246900.08, 5024223.90, -185.88);
insert into STATION values (3250, '.', 1713, 246900.77, 5024225.29, -179.91);
insert into STATION values (3251, '.', 1713, 246900.75, 5024223.93, -179.55);
insert into STATION values (3252, '.', 1713, 246899.96, 5024223.63, -181.88);
insert into STATION values (3253, '9', 1713, 246899.49, 5024224.26, -187.74);
insert into STATION values (3254, '.', 1713, 246901.43, 5024223.80, -188.01);
insert into STATION values (3255, '.', 1713, 246901.03, 5024224.70, -187.81);
insert into STATION values (3256, '.', 1713, 246900.58, 5024225.50, -187.71);
insert into STATION values (3257, '.', 1713, 246901.03, 5024224.78, -187.88);
insert into STATION values (3258, '10', 1713, 246899.72, 5024224.91, -187.92);
insert into STATION values (3259, '.', 1713, 246899.20, 5024226.85, -187.97);
insert into STATION values (3260, '.', 1713, 246898.76, 5024228.80, -188.00);
insert into STATION values (3261, '.', 1713, 246899.60, 5024227.38, -187.97);
insert into STATION values (3262, '.', 1713, 246900.28, 5024225.86, -187.89);
insert into STATION values (3263, '11', 1713, 246899.89, 5024224.64, -195.43);
insert into STATION values (3264, '.', 1713, 246896.49, 5024228.34, -196.07);
insert into STATION values (3265, '.', 1713, 246897.07, 5024229.81, -196.13);
insert into STATION values (3266, '.', 1713, 246899.45, 5024227.71, -195.96);
insert into STATION values (3267, '.', 1713, 246900.40, 5024225.49, -195.38);
insert into STATION values (3268, '.', 1713, 246900.98, 5024223.10, -195.53);
insert into STATION values (3269, '.', 1713, 246901.93, 5024223.25, -195.31);
insert into STATION values (3270, '.', 1713, 246901.23, 5024224.64, -194.97);
insert into STATION values (3271, '12', 1713, 246902.41, 5024224.67, -201.63);
insert into STATION values (3272, '.', 1713, 246902.50, 5024223.67, -201.59);
insert into STATION values (3273, '.', 1713, 246901.48, 5024223.71, -201.62);
insert into STATION values (3274, '.', 1713, 246900.53, 5024224.62, -201.70);
insert into STATION values (3275, '.', 1713, 246899.55, 5024225.62, -201.60);
insert into STATION values (3276, '.', 1713, 246896.85, 5024227.58, -202.90);
insert into STATION values (3277, '.', 1713, 246896.73, 5024228.83, -202.37);
insert into STATION values (3278, '.', 1713, 246901.47, 5024225.49, -201.75);
insert into STATION values (3279, '.', 1713, 246901.97, 5024225.07, -202.50);
insert into STATION values (3280, '13', 1713, 246901.45, 5024225.13, -205.53);
insert into STATION values (3281, '.', 1713, 246901.01, 5024224.98, -205.45);
insert into STATION values (3282, '.', 1713, 246901.85, 5024225.53, -205.61);
insert into STATION values (3283, '.', 1713, 246903.41, 5024223.51, -202.64);
insert into STATION values (3284, '.', 1713, 246901.91, 5024225.44, -206.20);
insert into STATION values (3285, '.', 1713, 246901.33, 5024226.94, -206.96);
insert into STATION values (3286, '14', 1713, 246901.28, 5024226.99, -206.98);
insert into STATION values (3287, '.', 1713, 246900.31, 5024229.58, -207.18);
insert into STATION values (3288, '.', 1713, 246899.61, 5024228.44, -207.24);
insert into STATION values (3289, '.', 1713, 246899.54, 5024227.29, -207.10);
insert into STATION values (3290, '.', 1713, 246900.56, 5024226.44, -207.00);
insert into STATION values (3291, '.', 1713, 246901.29, 5024226.13, -207.07);
insert into STATION values (3292, '.', 1713, 246897.13, 5024229.79, -197.83);
insert into STATION values (3293, '.', 1713, 246898.89, 5024228.76, -205.53);
insert into STATION values (3294, '.', 1713, 246896.94, 5024229.03, -198.67);
insert into STATION values (3295, '.', 1713, 246897.36, 5024228.80, -194.93);
insert into STATION values (3296, '.', 1713, 246900.35, 5024229.67, -213.32);
insert into STATION values (3297, '.', 1713, 246900.42, 5024227.45, -213.22);
insert into STATION values (3298, '.', 1713, 246902.44, 5024229.22, -214.86);
insert into STATION values (3299, '.', 1713, 246902.73, 5024227.28, -213.95);
insert into STATION values (3300, '15', 1713, 246902.17, 5024228.25, -229.12);
insert into STATION values (3301, '16', 1713, 246903.93, 5024226.98, -228.06);
insert into STATION values (3302, '0', 1804, 246982.45, 5024215.24, -434.62);
insert into STATION values (3303, '.', 1804, 246981.06, 5024214.64, -434.41);
insert into STATION values (3304, '.', 1804, 246979.76, 5024216.62, -434.67);
insert into STATION values (3305, '.', 1804, 246979.92, 5024219.58, -434.77);
insert into STATION values (3306, '.', 1804, 246982.86, 5024220.94, -434.76);
insert into STATION values (3307, '.', 1804, 246984.77, 5024216.91, -434.60);
insert into STATION values (3308, '.', 1804, 246984.85, 5024215.57, -434.53);
insert into STATION values (3309, '.', 1804, 246985.27, 5024213.64, -434.62);
insert into STATION values (3310, '.', 1804, 246982.24, 5024215.63, -436.51);
insert into STATION values (3311, '.', 1804, 246982.41, 5024214.84, -424.72);
insert into STATION values (3312, '.', 1804, 246983.50, 5024220.32, -402.91);
insert into STATION values (3313, '.', 1804, 246983.93, 5024222.12, -421.70);
insert into STATION values (3314, '.', 1804, 246983.66, 5024221.03, -427.59);
insert into STATION values (3315, '1', 1804, 246978.87, 5024218.28, -425.51);
insert into STATION values (3316, '.', 1804, 246981.65, 5024213.64, -425.50);
insert into STATION values (3317, '.', 1804, 246982.22, 5024216.51, -425.53);
insert into STATION values (3318, '.', 1804, 246982.54, 5024218.31, -425.35);
insert into STATION values (3319, '.', 1804, 246979.84, 5024219.68, -425.54);
insert into STATION values (3320, '.', 1804, 246981.09, 5024219.15, -425.27);
insert into STATION values (3321, '.', 1804, 246981.13, 5024219.51, -403.34);
insert into STATION values (3322, '2', 1804, 246974.56, 5024220.39, -419.84);
insert into STATION values (3323, '.', 1804, 246971.76, 5024221.39, -419.75);
insert into STATION values (3324, '.', 1804, 246972.98, 5024219.45, -419.86);
insert into STATION values (3325, '.', 1804, 246974.06, 5024219.33, -419.84);
insert into STATION values (3326, '.', 1804, 246974.29, 5024217.44, -419.77);
insert into STATION values (3327, '.', 1804, 246975.32, 5024218.07, -419.90);
insert into STATION values (3328, '.', 1804, 246980.90, 5024215.34, -419.41);
insert into STATION values (3329, '.', 1804, 246975.89, 5024213.31, -419.61);
insert into STATION values (3330, '.', 1804, 246974.03, 5024220.10, -421.42);
insert into STATION values (3331, '.', 1804, 246974.46, 5024220.69, -414.40);
insert into STATION values (3332, '3', 1804, 246973.10, 5024221.86, -414.11);
insert into STATION values (3333, '.', 1804, 246973.57, 5024221.39, -414.05);
insert into STATION values (3334, '.', 1804, 246972.81, 5024221.35, -414.07);
insert into STATION values (3335, '.', 1804, 246973.06, 5024222.33, -414.07);
insert into STATION values (3336, '.', 1804, 246967.95, 5024222.12, -413.64);
insert into STATION values (3337, '.', 1804, 246970.68, 5024222.63, -413.84);
insert into STATION values (3338, '.', 1804, 246969.63, 5024222.80, -412.14);
insert into STATION values (3339, '4', 1804, 246969.72, 5024222.94, -412.84);
insert into STATION values (3340, '.', 1804, 246973.34, 5024221.88, -420.96);
insert into STATION values (3341, '.', 1804, 246972.22, 5024221.40, -404.71);
insert into STATION values (3342, '.', 1804, 246966.25, 5024218.39, -413.70);
insert into STATION values (3343, '.', 1804, 246966.98, 5024217.25, -413.58);
insert into STATION values (3344, '.', 1804, 246969.23, 5024219.05, -413.07);
insert into STATION values (3345, '.', 1804, 246971.12, 5024220.04, -413.40);
insert into STATION values (3346, '.', 1804, 246971.99, 5024221.22, -413.08);
insert into STATION values (3347, '5', 1804, 246968.58, 5024221.26, -401.70);
insert into STATION values (3348, '.', 1804, 246967.17, 5024221.08, -401.64);
insert into STATION values (3349, '.', 1804, 246967.99, 5024221.90, -401.63);
insert into STATION values (3350, '.', 1804, 246968.91, 5024222.41, -401.83);
insert into STATION values (3351, '.', 1804, 246968.00, 5024222.23, -401.71);
insert into STATION values (3352, '.', 1804, 246968.62, 5024221.82, -414.18);
insert into STATION values (3353, '.', 1804, 246968.56, 5024221.41, -399.85);
insert into STATION values (3354, '6', 1804, 246968.51, 5024221.90, -400.04);
insert into STATION values (3355, '7', 1804, 246964.75, 5024220.89, -399.09);
insert into STATION values (3356, '.', 1804, 246965.29, 5024221.64, -399.05);
insert into STATION values (3357, '.', 1804, 246967.01, 5024221.60, -399.52);
insert into STATION values (3358, '.', 1804, 246965.53, 5024221.49, -400.63);
insert into STATION values (3359, '.', 1804, 246965.08, 5024221.11, -396.79);
insert into STATION values (3360, '.', 1804, 246963.54, 5024222.07, -390.30);
insert into STATION values (3361, '.', 1804, 246962.39, 5024219.32, -399.07);
insert into STATION values (3362, '.', 1804, 246959.77, 5024218.98, -398.91);
insert into STATION values (3363, '.', 1804, 246951.68, 5024220.06, -399.14);
insert into STATION values (3364, '.', 1804, 246961.03, 5024221.71, -399.07);
insert into STATION values (3365, '.', 1804, 246956.51, 5024221.55, -399.08);
insert into STATION values (3366, '8', 1804, 246961.55, 5024221.01, -399.11);
insert into STATION values (3367, '.', 1804, 246961.55, 5024218.79, -399.13);
insert into STATION values (3368, '.', 1804, 246962.41, 5024219.03, -398.98);
insert into STATION values (3369, '.', 1804, 246964.33, 5024220.13, -399.03);
insert into STATION values (3370, '.', 1804, 246957.90, 5024217.95, -399.20);
insert into STATION values (3371, '.', 1804, 246953.64, 5024219.23, -399.95);
insert into STATION values (3372, '.', 1804, 246953.08, 5024222.06, -400.26);
insert into STATION values (3373, '.', 1804, 246958.95, 5024221.74, -399.37);
insert into STATION values (3374, '.', 1804, 246953.40, 5024221.69, -403.82);
insert into STATION values (3375, '.', 1804, 246957.57, 5024221.33, -403.44);
insert into STATION values (3376, '.', 1804, 246961.45, 5024220.75, -399.78);
insert into STATION values (3377, '.', 1804, 246961.29, 5024219.83, -387.39);
insert into STATION values (3378, '.', 1804, 246961.58, 5024221.79, -399.08);
insert into STATION values (3379, '.', 1804, 246963.14, 5024221.58, -398.68);
insert into STATION values (3380, '9', 1804, 246953.75, 5024218.92, -391.22);
insert into STATION values (3381, '.', 1804, 246951.79, 5024218.48, -391.04);
insert into STATION values (3382, '.', 1804, 246953.11, 5024217.85, -391.44);
insert into STATION values (3383, '.', 1804, 246954.19, 5024217.98, -391.38);
insert into STATION values (3384, '.', 1804, 246957.76, 5024216.74, -391.47);
insert into STATION values (3385, '.', 1804, 246963.78, 5024219.48, -391.05);
insert into STATION values (3386, '.', 1804, 246954.10, 5024218.03, -391.26);
insert into STATION values (3387, '10', 1804, 246950.51, 5024219.18, -388.89);
insert into STATION values (3388, '.', 1804, 246950.40, 5024219.52, -388.88);
insert into STATION values (3389, '.', 1804, 246950.24, 5024218.81, -388.83);
insert into STATION values (3390, '.', 1804, 246950.10, 5024219.34, -390.51);
insert into STATION values (3391, '.', 1804, 246949.85, 5024219.20, -388.71);
insert into STATION values (3392, '.', 1804, 246949.47, 5024218.39, -383.22);
insert into STATION values (3393, '11', 1804, 246949.87, 5024218.37, -385.99);
insert into STATION values (3394, '.', 1804, 246949.89, 5024217.58, -385.75);
insert into STATION values (3395, '.', 1804, 246949.20, 5024218.98, -385.91);
insert into STATION values (3396, '.', 1804, 246945.63, 5024218.55, -385.34);
insert into STATION values (3397, '.', 1804, 246944.90, 5024217.43, -384.65);
insert into STATION values (3398, '.', 1804, 246954.79, 5024218.62, -384.76);
insert into STATION values (3399, '.', 1804, 246953.15, 5024216.82, -384.93);
insert into STATION values (3400, '.', 1804, 246948.42, 5024217.45, -379.63);
insert into STATION values (3401, '12', 1804, 246945.66, 5024217.76, -380.56);
insert into STATION values (3402, '.', 1804, 246943.77, 5024217.27, -380.65);
insert into STATION values (3403, '.', 1804, 246944.36, 5024216.55, -380.57);
insert into STATION values (3404, '.', 1804, 246945.28, 5024216.10, -380.58);
insert into STATION values (3405, '.', 1804, 246945.96, 5024216.24, -380.65);
insert into STATION values (3406, '.', 1804, 246948.26, 5024215.71, -380.39);
insert into STATION values (3407, '.', 1804, 246948.93, 5024217.35, -380.36);
insert into STATION values (3408, '13', 1804, 246942.94, 5024215.15, -374.37);
insert into STATION values (3409, '.', 1804, 246944.67, 5024215.72, -374.44);
insert into STATION values (3410, '.', 1804, 246943.47, 5024216.16, -374.41);
insert into STATION values (3411, '.', 1804, 246941.51, 5024217.53, -374.46);
insert into STATION values (3412, '.', 1804, 246937.32, 5024216.95, -375.09);
insert into STATION values (3413, '.', 1804, 246943.18, 5024215.41, -378.85);
insert into STATION values (3414, '.', 1804, 246941.50, 5024215.66, -368.94);
insert into STATION values (3415, '14', 1804, 246935.82, 5024216.49, -372.45);
insert into STATION values (3416, '.', 1804, 246930.34, 5024213.61, -373.30);
insert into STATION values (3417, '.', 1804, 246934.57, 5024214.43, -372.50);
insert into STATION values (3418, '.', 1804, 246936.56, 5024214.51, -372.37);
insert into STATION values (3419, '.', 1804, 246938.55, 5024214.85, -372.54);
insert into STATION values (3420, '.', 1804, 246935.44, 5024216.14, -374.77);
insert into STATION values (3421, '.', 1804, 246935.22, 5024215.12, -366.76);
insert into STATION values (3422, '15', 1804, 246933.52, 5024213.61, -374.78);
insert into STATION values (3423, '.', 1804, 246933.72, 5024212.84, -374.76);
insert into STATION values (3424, '.', 1804, 246933.18, 5024214.51, -374.95);
insert into STATION values (3425, '.', 1804, 246929.60, 5024213.64, -375.47);
insert into STATION values (3426, '.', 1804, 246935.75, 5024213.35, -375.12);
insert into STATION values (3427, '.', 1804, 246942.83, 5024214.32, -373.46);
insert into STATION values (3428, '.', 1804, 246934.48, 5024213.50, -369.45);
insert into STATION values (3429, '.', 1804, 246931.23, 5024213.21, -379.64);
insert into STATION values (3430, '16', 1804, 246931.05, 5024212.79, -368.45);
insert into STATION values (3431, '.', 1804, 246930.97, 5024213.24, -368.51);
insert into STATION values (3432, '.', 1804, 246932.67, 5024213.51, -378.41);
insert into STATION values (3433, '.', 1804, 246931.38, 5024213.59, -362.73);
insert into STATION values (3434, '.', 1804, 246925.98, 5024213.58, -368.34);
insert into STATION values (3435, '17', 1804, 246927.46, 5024214.21, -370.06);
insert into STATION values (3436, '.', 1804, 246925.15, 5024212.67, -369.88);
insert into STATION values (3437, '.', 1804, 246925.62, 5024210.90, -369.97);
insert into STATION values (3438, '.', 1804, 246927.41, 5024212.23, -369.96);
insert into STATION values (3439, '.', 1804, 246928.69, 5024212.38, -370.01);
insert into STATION values (3440, '.', 1804, 246927.22, 5024214.62, -369.92);
insert into STATION values (3441, '.', 1804, 246928.97, 5024213.17, -369.50);
insert into STATION values (3442, '.', 1804, 246935.15, 5024211.04, -365.48);
insert into STATION values (3443, '.', 1804, 246927.41, 5024214.09, -360.53);
insert into STATION values (3444, '.', 1804, 246927.99, 5024212.58, -371.97);
insert into STATION values (3445, '18', 1804, 246927.20, 5024212.71, -361.03);
insert into STATION values (3446, '.', 1804, 246927.58, 5024213.52, -360.99);
insert into STATION values (3447, '.', 1804, 246927.99, 5024213.08, -360.92);
insert into STATION values (3448, '.', 1804, 246929.74, 5024209.18, -360.75);
insert into STATION values (3449, '.', 1804, 246927.60, 5024208.49, -360.98);
insert into STATION values (3450, '.', 1804, 246927.22, 5024212.71, -360.81);
insert into STATION values (3451, '.', 1804, 246927.27, 5024212.58, -362.75);
insert into STATION values (3452, '.', 1804, 246926.59, 5024212.35, -361.10);
insert into STATION values (3453, '.', 1804, 246926.47, 5024210.66, -360.89);
insert into STATION values (3454, '19', 1804, 246928.44, 5024209.13, -361.42);
insert into STATION values (3455, '.', 1804, 246929.97, 5024210.52, -361.17);
insert into STATION values (3456, '.', 1804, 246929.83, 5024209.17, -361.09);
insert into STATION values (3457, '.', 1804, 246928.36, 5024208.36, -361.40);
insert into STATION values (3458, '.', 1804, 246923.38, 5024209.57, -361.81);
insert into STATION values (3459, '.', 1804, 246921.53, 5024211.36, -361.99);
insert into STATION values (3460, '.', 1804, 246925.78, 5024211.13, -361.77);
insert into STATION values (3461, '.', 1804, 246927.19, 5024210.56, -361.61);
insert into STATION values (3462, '.', 1804, 246928.03, 5024208.47, -351.58);
insert into STATION values (3463, '.', 1804, 246928.71, 5024209.72, -362.63);
insert into STATION values (3464, '20', 1804, 246923.70, 5024210.59, -354.48);
insert into STATION values (3465, '.', 1804, 246923.74, 5024210.89, -354.47);
insert into STATION values (3466, '.', 1804, 246923.69, 5024210.42, -354.47);
insert into STATION values (3467, '.', 1804, 246917.38, 5024214.26, -354.27);
insert into STATION values (3468, '.', 1804, 246928.06, 5024209.37, -354.12);
insert into STATION values (3469, '.', 1804, 246920.30, 5024208.43, -340.08);
insert into STATION values (3470, '.', 1804, 246923.21, 5024212.34, -367.25);
insert into STATION values (3471, '21', 1804, 246921.36, 5024212.79, -353.80);
insert into STATION values (3472, '.', 1804, 246920.53, 5024211.74, -353.91);
insert into STATION values (3473, '.', 1804, 246918.36, 5024212.42, -354.02);
insert into STATION values (3474, '.', 1804, 246916.93, 5024214.29, -353.95);
insert into STATION values (3475, '.', 1804, 246921.66, 5024210.20, -354.02);
insert into STATION values (3476, '.', 1804, 246922.40, 5024209.58, -353.27);
insert into STATION values (3477, '22', 1804, 246917.62, 5024213.01, -353.36);
insert into STATION values (3478, '.', 1804, 246915.93, 5024213.79, -353.31);
insert into STATION values (3479, '.', 1804, 246917.67, 5024214.50, -353.00);
insert into STATION values (3480, '.', 1804, 246920.28, 5024213.94, -352.88);
insert into STATION values (3481, '.', 1804, 246910.07, 5024210.01, -315.75);
insert into STATION values (3482, '.', 1804, 246922.03, 5024208.82, -338.90);
insert into STATION values (3483, '.', 1804, 246922.40, 5024208.34, -339.48);
insert into STATION values (3484, '.', 1804, 246918.01, 5024212.97, -355.00);
insert into STATION values (3485, '23', 1804, 246915.39, 5024216.91, -351.22);
insert into STATION values (3486, '.', 1804, 246915.38, 5024216.88, -352.36);
insert into STATION values (3487, '.', 1804, 246914.81, 5024217.35, -346.74);
insert into STATION values (3488, '.', 1804, 246914.08, 5024216.14, -351.35);
insert into STATION values (3489, '.', 1804, 246915.60, 5024218.41, -351.13);
insert into STATION values (3490, '.', 1804, 246913.53, 5024212.07, -350.97);
insert into STATION values (3491, '.', 1804, 246911.69, 5024219.27, -351.53);
insert into STATION values (3492, '.', 1804, 246913.63, 5024219.14, -351.64);
insert into STATION values (3493, '24', 1804, 246913.65, 5024219.56, -347.51);
insert into STATION values (3494, '.', 1804, 246912.07, 5024219.90, -347.69);
insert into STATION values (3495, '.', 1804, 246911.62, 5024219.35, -347.63);
insert into STATION values (3496, '.', 1804, 246912.58, 5024218.89, -347.51);
insert into STATION values (3497, '.', 1804, 246913.45, 5024218.92, -347.53);
insert into STATION values (3498, '.', 1804, 246915.72, 5024219.20, -347.65);
insert into STATION values (3499, '.', 1804, 246916.62, 5024217.81, -347.68);
insert into STATION values (3500, '.', 1804, 246915.83, 5024216.29, -347.67);
insert into STATION values (3501, '.', 1804, 246913.46, 5024219.63, -353.03);
insert into STATION values (3502, '.', 1804, 246913.15, 5024219.00, -341.92);
insert into STATION values (3503, '25', 1804, 246913.20, 5024219.92, -341.98);
insert into STATION values (3504, '.', 1804, 246913.11, 5024219.40, -342.06);
insert into STATION values (3505, '.', 1804, 246914.40, 5024219.58, -342.27);
insert into STATION values (3506, '.', 1804, 246910.96, 5024219.35, -342.15);
insert into STATION values (3507, '.', 1804, 246913.16, 5024219.14, -352.93);
insert into STATION values (3508, '.', 1804, 246913.44, 5024219.90, -341.37);
insert into STATION values (3509, '26', 1804, 246910.49, 5024219.46, -340.60);
insert into STATION values (3510, '.', 1804, 246910.38, 5024219.77, -340.54);
insert into STATION values (3511, '.', 1804, 246910.81, 5024219.23, -340.49);
insert into STATION values (3512, '.', 1804, 246908.80, 5024219.73, -340.47);
insert into STATION values (3513, '.', 1804, 246911.53, 5024219.72, -340.62);
insert into STATION values (3514, '.', 1804, 246910.01, 5024219.83, -342.82);
insert into STATION values (3515, '.', 1804, 246910.24, 5024219.45, -340.13);
insert into STATION values (3516, '27', 1804, 246908.94, 5024219.82, -340.64);
insert into STATION values (3517, '.', 1804, 246909.05, 5024218.91, -340.60);
insert into STATION values (3518, '.', 1804, 246908.88, 5024219.85, -339.87);
insert into STATION values (3519, '.', 1804, 246909.49, 5024220.49, -340.56);
insert into STATION values (3520, '.', 1804, 246908.63, 5024219.18, -342.10);
insert into STATION values (3521, '.', 1804, 246907.34, 5024218.49, -340.67);
insert into STATION values (3522, '28', 1804, 246906.16, 5024218.48, -340.29);
insert into STATION values (3523, '.', 1804, 246905.99, 5024219.00, -340.27);
insert into STATION values (3524, '.', 1804, 246906.16, 5024218.48, -340.46);
insert into STATION values (3525, '.', 1804, 246905.40, 5024218.72, -336.01);
insert into STATION values (3526, '.', 1804, 246901.45, 5024218.94, -340.15);
insert into STATION values (3527, '.', 1804, 246909.37, 5024218.80, -339.95);
insert into STATION values (3528, '29', 1804, 246900.02, 5024220.14, -338.95);
insert into STATION values (3529, '.', 1804, 246899.88, 5024221.62, -338.84);
insert into STATION values (3530, '.', 1804, 246900.90, 5024218.53, -338.54);
insert into STATION values (3531, '.', 1804, 246902.07, 5024218.42, -338.94);
insert into STATION values (3532, '.', 1804, 246903.00, 5024219.60, -339.05);
insert into STATION values (3533, '.', 1804, 246901.70, 5024221.00, -338.86);
insert into STATION values (3534, '.', 1804, 246900.95, 5024220.01, -341.14);
insert into STATION values (3535, '.', 1804, 246903.06, 5024219.27, -315.24);
insert into STATION values (3536, '30', 1804, 246901.68, 5024220.17, -319.57);
insert into STATION values (3537, '.', 1804, 246901.60, 5024220.27, -319.66);
insert into STATION values (3538, '.', 1804, 246901.56, 5024220.13, -319.71);
insert into STATION values (3539, '.', 1804, 246902.17, 5024219.50, -340.21);
insert into STATION values (3540, '.', 1804, 246901.52, 5024219.59, -319.57);
insert into STATION values (3541, '.', 1804, 246898.31, 5024222.92, -319.65);
insert into STATION values (3542, '.', 1804, 246906.84, 5024216.63, -319.81);
insert into STATION values (3543, '.', 1804, 246901.12, 5024219.21, -315.47);
insert into STATION values (3544, '31', 1804, 246898.08, 5024223.24, -318.07);
insert into STATION values (3545, '.', 1804, 246897.66, 5024222.94, -317.99);
insert into STATION values (3546, '.', 1804, 246893.97, 5024222.17, -319.04);
insert into STATION values (3547, '.', 1804, 246896.30, 5024222.24, -321.48);
insert into STATION values (3548, '.', 1804, 246898.04, 5024223.15, -318.77);
insert into STATION values (3549, '.', 1804, 246899.08, 5024220.81, -320.15);
insert into STATION values (3550, '.', 1804, 246901.31, 5024220.78, -318.11);
insert into STATION values (3551, '.', 1804, 246898.04, 5024223.13, -317.24);
insert into STATION values (3552, '32', 1804, 246897.27, 5024223.13, -315.02);
insert into STATION values (3553, '.', 1804, 246897.19, 5024223.63, -314.96);
insert into STATION values (3554, '.', 1804, 246898.32, 5024223.03, -314.86);
insert into STATION values (3555, '.', 1804, 246896.67, 5024222.31, -315.22);
insert into STATION values (3556, '.', 1804, 246897.11, 5024222.89, -316.21);
insert into STATION values (3557, '.', 1804, 246897.04, 5024222.96, -314.26);
insert into STATION values (3558, '.', 1804, 246895.76, 5024222.73, -314.73);
insert into STATION values (3559, '33', 1804, 246895.75, 5024222.78, -314.70);
insert into STATION values (3560, '.', 1804, 246895.56, 5024223.16, -314.71);
insert into STATION values (3561, '.', 1804, 246895.64, 5024222.80, -313.32);
insert into STATION values (3562, '.', 1804, 246895.37, 5024223.07, -316.09);
insert into STATION values (3563, '.', 1804, 246894.65, 5024222.46, -314.77);
insert into STATION values (3564, '.', 1804, 246893.47, 5024223.11, -314.40);
insert into STATION values (3565, '34', 1804, 246891.54, 5024222.98, -314.55);
insert into STATION values (3566, '.', 1804, 246891.41, 5024224.97, -314.49);
insert into STATION values (3567, '.', 1804, 246885.23, 5024224.93, -315.14);
insert into STATION values (3568, '.', 1804, 246890.17, 5024224.72, -314.65);
insert into STATION values (3569, '.', 1804, 246892.62, 5024222.80, -314.37);
insert into STATION values (3570, '.', 1804, 246892.67, 5024223.84, -314.30);
insert into STATION values (3571, '.', 1804, 246891.56, 5024223.02, -315.42);
insert into STATION values (3572, '.', 1804, 246889.76, 5024223.88, -306.85);
insert into STATION values (3573, '35', 1804, 246890.03, 5024224.34, -309.13);
insert into STATION values (3574, '.', 1804, 246890.19, 5024223.12, -309.14);
insert into STATION values (3575, '.', 1804, 246888.76, 5024222.47, -309.30);
insert into STATION values (3576, '.', 1804, 246890.27, 5024223.08, -315.26);
insert into STATION values (3577, '.', 1804, 246892.80, 5024222.84, -309.45);
insert into STATION values (3578, '.', 1804, 246890.59, 5024223.60, -309.21);
insert into STATION values (3579, '.', 1804, 246889.67, 5024223.90, -304.08);
insert into STATION values (3580, '36', 1804, 246886.91, 5024222.99, -309.04);
insert into STATION values (3581, '.', 1804, 246886.85, 5024223.59, -309.06);
insert into STATION values (3582, '.', 1804, 246884.10, 5024224.13, -309.64);
insert into STATION values (3583, '.', 1804, 246881.58, 5024223.84, -310.53);
insert into STATION values (3584, '.', 1804, 246883.87, 5024223.20, -309.85);
insert into STATION values (3585, '.', 1804, 246886.97, 5024223.87, -308.94);
insert into STATION values (3586, '.', 1804, 246886.43, 5024223.51, -306.86);
insert into STATION values (3587, '.', 1804, 246886.37, 5024222.89, -310.43);
insert into STATION values (3588, '37', 1804, 246882.65, 5024224.56, -309.48);
insert into STATION values (3589, '.', 1804, 246881.88, 5024223.68, -308.22);
insert into STATION values (3590, '.', 1804, 246880.11, 5024223.73, -309.25);
insert into STATION values (3591, '.', 1804, 246881.04, 5024225.41, -309.21);
insert into STATION values (3592, '.', 1804, 246883.11, 5024222.47, -312.93);
insert into STATION values (3593, '.', 1804, 246883.31, 5024223.15, -309.52);
insert into STATION values (3594, '.', 1804, 246886.01, 5024223.69, -308.57);
insert into STATION values (3595, '.', 1804, 246881.46, 5024225.09, -298.98);
insert into STATION values (3596, '38', 1804, 246879.73, 5024224.42, -300.02);
insert into STATION values (3597, '.', 1804, 246879.66, 5024224.78, -300.04);
insert into STATION values (3598, '.', 1804, 246878.50, 5024224.89, -300.14);
insert into STATION values (3599, '.', 1804, 246887.03, 5024223.27, -300.14);
insert into STATION values (3600, '.', 1804, 246882.38, 5024224.28, -300.25);
insert into STATION values (3601, '39', 1804, 246879.48, 5024224.81, -299.81);
insert into STATION values (3602, '40', 1804, 246875.59, 5024226.64, -297.00);
insert into STATION values (3603, '.', 1804, 246876.80, 5024226.78, -297.05);
insert into STATION values (3604, '.', 1804, 246879.58, 5024225.82, -297.09);
insert into STATION values (3605, '.', 1804, 246879.67, 5024224.26, -296.96);
insert into STATION values (3606, '.', 1804, 246877.53, 5024223.88, -296.98);
insert into STATION values (3607, '.', 1804, 246875.90, 5024225.07, -297.08);
insert into STATION values (3608, '.', 1804, 246875.29, 5024225.83, -297.12);
insert into STATION values (3609, '.', 1804, 246876.88, 5024226.47, -300.04);
insert into STATION values (3610, '.', 1804, 246875.84, 5024226.89, -298.52);
insert into STATION values (3611, '.', 1804, 246877.76, 5024224.53, -294.23);
insert into STATION values (3612, '.', 1804, 246877.05, 5024225.22, -294.87);
insert into STATION values (3613, '41', 1804, 246873.15, 5024227.26, -299.01);
insert into STATION values (3614, '.', 1804, 246872.87, 5024226.48, -299.10);
insert into STATION values (3615, '.', 1804, 246872.38, 5024227.24, -298.97);
insert into STATION values (3616, '.', 1804, 246872.95, 5024226.55, -299.21);
insert into STATION values (3617, '.', 1804, 246873.74, 5024226.23, -299.29);
insert into STATION values (3618, '.', 1804, 246873.80, 5024227.48, -299.01);
insert into STATION values (3619, '.', 1804, 246873.15, 5024227.11, -300.38);
insert into STATION values (3620, '.', 1804, 246872.42, 5024226.33, -293.84);
insert into STATION values (3621, '.', 1804, 246873.35, 5024226.03, -293.33);
insert into STATION values (3622, '42', 1804, 246872.33, 5024226.81, -296.69);
insert into STATION values (3623, '.', 1804, 246872.21, 5024227.09, -296.77);
insert into STATION values (3624, '.', 1804, 246872.20, 5024226.93, -298.34);
insert into STATION values (3625, '.', 1804, 246871.51, 5024227.01, -293.60);
insert into STATION values (3626, '.', 1804, 246868.11, 5024228.01, -297.18);
insert into STATION values (3627, '.', 1804, 246873.80, 5024226.32, -296.49);
insert into STATION values (3628, '43', 1804, 246868.47, 5024227.18, -295.84);
insert into STATION values (3629, '.', 1804, 246868.02, 5024228.19, -295.94);
insert into STATION values (3630, '.', 1804, 246868.77, 5024228.44, -295.90);
insert into STATION values (3631, '.', 1804, 246869.41, 5024227.96, -295.74);
insert into STATION values (3632, '.', 1804, 246872.30, 5024227.32, -295.32);
insert into STATION values (3633, '.', 1804, 246868.71, 5024227.32, -297.33);
insert into STATION values (3634, '.', 1804, 246869.13, 5024228.45, -287.83);
insert into STATION values (3635, '44', 1804, 246866.73, 5024230.20, -291.67);
insert into STATION values (3636, '.', 1804, 246862.92, 5024230.84, -292.07);
insert into STATION values (3637, '.', 1804, 246865.01, 5024228.21, -292.02);
insert into STATION values (3638, '.', 1804, 246866.47, 5024227.37, -291.97);
insert into STATION values (3639, '.', 1804, 246868.23, 5024227.09, -291.91);
insert into STATION values (3640, '.', 1804, 246866.48, 5024229.93, -293.10);
insert into STATION values (3641, '.', 1804, 246865.98, 5024229.85, -285.17);
insert into STATION values (3642, '45', 1804, 246863.48, 5024229.47, -286.50);
insert into STATION values (3643, '.', 1804, 246863.86, 5024229.20, -293.12);
insert into STATION values (3644, '.', 1804, 246866.57, 5024227.89, -287.64);
insert into STATION values (3645, '.', 1804, 246864.14, 5024229.68, -286.57);
insert into STATION values (3646, '.', 1804, 246863.77, 5024230.13, -286.37);
insert into STATION values (3647, '.', 1804, 246863.15, 5024230.86, -286.47);
insert into STATION values (3648, '.', 1804, 246863.86, 5024229.58, -283.17);
insert into STATION values (3649, '46', 1804, 246862.83, 5024233.31, -283.04);
insert into STATION values (3650, '.', 1804, 246862.97, 5024232.41, -282.45);
insert into STATION values (3651, '.', 1804, 246864.98, 5024231.31, -283.08);
insert into STATION values (3652, '.', 1804, 246866.42, 5024232.31, -283.21);
insert into STATION values (3653, '.', 1804, 246866.43, 5024233.55, -283.46);
insert into STATION values (3654, '.', 1804, 246863.90, 5024232.52, -284.90);
insert into STATION values (3655, '.', 1804, 246862.06, 5024238.63, -237.34);
insert into STATION values (3656, '.', 1804, 246862.98, 5024237.78, -227.46);
insert into STATION values (3657, '47', 1804, 246861.79, 5024234.07, -272.49);
insert into STATION values (3658, '.', 1804, 246862.69, 5024238.37, -272.38);
insert into STATION values (3659, '.', 1804, 246864.44, 5024238.03, -272.23);
insert into STATION values (3660, '.', 1804, 246866.15, 5024234.90, -272.24);
insert into STATION values (3661, '.', 1804, 246865.41, 5024231.64, -271.70);
insert into STATION values (3662, '.', 1804, 246863.25, 5024233.08, -284.56);
insert into STATION values (3663, '.', 1804, 246860.87, 5024240.32, -243.73);
insert into STATION values (3664, '48', 1804, 246860.04, 5024239.00, -262.89);
insert into STATION values (3665, '.', 1804, 246857.26, 5024240.51, -263.04);
insert into STATION values (3666, '.', 1804, 246857.56, 5024237.93, -262.92);
insert into STATION values (3667, '.', 1804, 246859.45, 5024236.97, -263.12);
insert into STATION values (3668, '.', 1804, 246858.43, 5024235.09, -263.39);
insert into STATION values (3669, '.', 1804, 246860.87, 5024232.67, -263.78);
insert into STATION values (3670, '.', 1804, 246863.21, 5024236.87, -263.45);
insert into STATION values (3671, '.', 1804, 246862.82, 5024238.39, -263.35);
insert into STATION values (3672, '.', 1804, 246861.16, 5024232.10, -284.27);
insert into STATION values (3673, '.', 1804, 246862.67, 5024232.13, -278.45);
insert into STATION values (3674, '.', 1804, 246862.63, 5024232.61, -271.43);
insert into STATION values (3675, '.', 1804, 246861.72, 5024232.04, -258.52);
insert into STATION values (3676, '.', 1804, 246861.93, 5024232.13, -249.54);
insert into STATION values (3677, '.', 1804, 246862.41, 5024231.74, -238.23);
insert into STATION values (3678, '49', 1804, 246860.16, 5024238.83, -251.56);
insert into STATION values (3679, '.', 1804, 246863.93, 5024238.17, -251.68);
insert into STATION values (3680, '.', 1804, 246860.82, 5024239.30, -251.56);
insert into STATION values (3681, '.', 1804, 246859.69, 5024239.73, -251.45);
insert into STATION values (3682, '.', 1804, 246858.20, 5024239.95, -251.23);
insert into STATION values (3683, '.', 1804, 246852.81, 5024242.17, -250.38);
insert into STATION values (3684, '.', 1804, 246863.54, 5024233.73, -251.19);
insert into STATION values (3685, '.', 1804, 246860.53, 5024239.77, -251.20);
insert into STATION values (3686, '.', 1804, 246862.55, 5024238.51, -227.76);
insert into STATION values (3687, '50', 1804, 246860.16, 5024240.42, -239.88);
insert into STATION values (3688, '.', 1804, 246857.93, 5024239.43, -239.32);
insert into STATION values (3689, '.', 1804, 246858.62, 5024237.56, -239.75);
insert into STATION values (3690, '.', 1804, 246861.62, 5024237.81, -239.28);
insert into STATION values (3691, '.', 1804, 246859.66, 5024236.03, -239.17);
insert into STATION values (3692, '.', 1804, 246858.83, 5024237.23, -239.39);
insert into STATION values (3693, '.', 1804, 246859.40, 5024239.40, -235.29);
insert into STATION values (3694, '51', 1804, 246858.23, 5024240.85, -238.55);
insert into STATION values (3695, '.', 1804, 246858.75, 5024241.22, -238.45);
insert into STATION values (3696, '.', 1804, 246859.25, 5024240.80, -238.51);
insert into STATION values (3697, '.', 1804, 246857.78, 5024241.92, -238.47);
insert into STATION values (3698, '.', 1804, 246855.84, 5024242.19, -238.43);
insert into STATION values (3699, '52', 1804, 246856.51, 5024242.43, -235.35);
insert into STATION values (3700, '.', 1804, 246855.29, 5024244.95, -234.86);
insert into STATION values (3701, '.', 1804, 246856.64, 5024243.12, -235.25);
insert into STATION values (3702, '.', 1804, 246856.94, 5024242.77, -235.30);
insert into STATION values (3703, '.', 1804, 246857.98, 5024241.78, -235.20);
insert into STATION values (3704, '.', 1804, 246857.67, 5024239.76, -235.21);
insert into STATION values (3705, '.', 1804, 246855.97, 5024241.10, -235.13);
insert into STATION values (3706, '.', 1804, 246854.48, 5024241.31, -235.49);
insert into STATION values (3707, '53', 1804, 246854.86, 5024242.77, -230.74);
insert into STATION values (3708, '.', 1804, 246856.49, 5024240.43, -230.33);
insert into STATION values (3709, '.', 1804, 246859.89, 5024241.34, -241.84);
insert into STATION values (3710, '.', 1804, 246855.35, 5024242.80, -230.68);
insert into STATION values (3711, '.', 1804, 246855.21, 5024243.38, -230.62);
insert into STATION values (3712, '.', 1804, 246858.48, 5024239.28, -230.44);
insert into STATION values (3713, '.', 1804, 246854.97, 5024242.68, -229.73);
insert into STATION values (3714, '.', 1804, 246855.01, 5024242.78, -235.25);
insert into STATION values (3715, '.', 1804, 246854.13, 5024246.52, -230.18);
insert into STATION values (3716, '54', 1804, 246854.62, 5024244.69, -229.34);
insert into STATION values (3717, '.', 1804, 246853.90, 5024244.32, -229.24);
insert into STATION values (3718, '.', 1804, 246854.28, 5024244.03, -229.36);
insert into STATION values (3719, '.', 1804, 246853.83, 5024244.68, -229.23);
insert into STATION values (3720, '.', 1804, 246854.40, 5024244.70, -230.71);
insert into STATION values (3721, '.', 1804, 246853.87, 5024249.29, -228.68);
insert into STATION values (3722, '55', 1804, 246852.91, 5024243.89, -224.75);
insert into STATION values (3723, '.', 1804, 246853.33, 5024244.05, -224.72);
insert into STATION values (3724, '.', 1804, 246853.13, 5024243.74, -224.73);
insert into STATION values (3725, '.', 1804, 246852.30, 5024244.53, -224.50);
insert into STATION values (3726, '56', 1804, 246852.69, 5024243.24, -219.65);
insert into STATION values (3727, '.', 1804, 246852.50, 5024242.77, -219.65);
insert into STATION values (3728, '.', 1804, 246853.13, 5024242.62, -219.85);
insert into STATION values (3729, '.', 1804, 246851.96, 5024243.92, -219.86);
insert into STATION values (3730, '.', 1804, 246852.72, 5024243.18, -219.46);
insert into STATION values (3731, '57', 1804, 246848.16, 5024244.29, -220.81);
insert into STATION values (3732, '.', 1804, 246846.81, 5024246.34, -221.22);
insert into STATION values (3733, '.', 1804, 246848.46, 5024246.82, -220.96);
insert into STATION values (3734, '.', 1804, 246849.98, 5024245.62, -220.65);
insert into STATION values (3735, '.', 1804, 246851.26, 5024243.78, -220.45);
insert into STATION values (3736, '.', 1804, 246848.98, 5024243.21, -220.47);
insert into STATION values (3737, '.', 1804, 246847.78, 5024244.67, -224.61);
insert into STATION values (3738, '.', 1804, 246846.51, 5024244.81, -207.52);
insert into STATION values (3739, '58', 1804, 246845.70, 5024246.58, -224.20);
insert into STATION values (3740, '.', 1804, 246845.46, 5024246.08, -224.15);
insert into STATION values (3741, '.', 1804, 246845.81, 5024245.83, -224.09);
insert into STATION values (3742, '.', 1804, 246844.23, 5024246.36, -224.16);
insert into STATION values (3743, '.', 1804, 246844.80, 5024247.07, -217.52);
insert into STATION values (3744, '.', 1804, 246845.74, 5024246.29, -227.12);
insert into STATION values (3745, '59', 1804, 246838.81, 5024249.62, -227.54);
insert into STATION values (3746, '.', 1804, 246838.79, 5024249.10, -227.45);
insert into STATION values (3747, '.', 1804, 246837.26, 5024248.73, -221.18);
insert into STATION values (3748, '.', 1804, 246838.55, 5024249.42, -231.97);
insert into STATION values (3749, '60', 1804, 246835.62, 5024251.16, -228.44);
insert into STATION values (3750, '.', 1804, 246835.60, 5024251.90, -228.40);
insert into STATION values (3751, '.', 1804, 246833.82, 5024252.68, -228.76);
insert into STATION values (3752, '.', 1804, 246831.30, 5024252.62, -229.53);
insert into STATION values (3753, '.', 1804, 246835.25, 5024251.39, -230.91);
insert into STATION values (3754, '.', 1804, 246834.95, 5024251.56, -221.49);
insert into STATION values (3755, '61', 1804, 246835.76, 5024252.07, -228.17);
insert into STATION values (3756, '.', 1804, 246831.27, 5024253.97, -228.17);
insert into STATION values (3757, '.', 1804, 246834.33, 5024252.14, -228.17);
insert into STATION values (3758, '.', 1804, 246835.54, 5024251.30, -228.31);
insert into STATION values (3759, '.', 1804, 246836.07, 5024251.32, -228.34);
insert into STATION values (3760, '62', 1804, 246835.02, 5024252.47, -222.87);
insert into STATION values (3761, '.', 1804, 246835.79, 5024252.37, -222.82);
insert into STATION values (3762, '.', 1804, 246835.44, 5024253.33, -222.76);
insert into STATION values (3763, '.', 1804, 246832.75, 5024253.63, -222.34);
insert into STATION values (3764, '.', 1804, 246834.07, 5024253.65, -222.63);
insert into STATION values (3765, '63', 1804, 246835.86, 5024254.10, -217.13);
insert into STATION values (3766, '.', 1804, 246835.28, 5024253.77, -217.11);
insert into STATION values (3767, '.', 1804, 246834.55, 5024254.10, -217.12);
insert into STATION values (3768, '.', 1804, 246832.78, 5024255.10, -216.91);
insert into STATION values (3769, '.', 1804, 246835.96, 5024254.85, -216.94);
insert into STATION values (3770, '.', 1804, 246836.35, 5024255.69, -212.72);
insert into STATION values (3771, '.', 1804, 246835.50, 5024254.85, -203.91);
insert into STATION values (3772, '.', 1804, 246836.67, 5024252.54, -216.83);
insert into STATION values (3773, '64', 1804, 246832.05, 5024256.09, -215.44);
insert into STATION values (3774, '.', 1804, 246830.85, 5024256.58, -215.41);
insert into STATION values (3775, '.', 1804, 246831.41, 5024256.96, -215.21);
insert into STATION values (3776, '.', 1804, 246832.17, 5024257.21, -215.30);
insert into STATION values (3777, '.', 1804, 246832.91, 5024256.71, -215.42);
insert into STATION values (3778, '.', 1804, 246833.02, 5024256.64, -204.68);
insert into STATION values (3779, '.', 1804, 246831.84, 5024256.36, -216.70);
insert into STATION values (3780, '65', 1804, 246831.72, 5024256.47, -208.92);
insert into STATION values (3781, '.', 1804, 246831.58, 5024256.24, -208.94);
insert into STATION values (3782, '.', 1804, 246837.82, 5024254.61, -206.83);
insert into STATION values (3783, '.', 1804, 246831.76, 5024256.37, -208.32);
insert into STATION values (3784, '.', 1804, 246828.41, 5024256.79, -208.78);
insert into STATION values (3785, '66', 1804, 246829.58, 5024256.98, -208.16);
insert into STATION values (3786, '.', 1804, 246829.15, 5024258.34, -208.09);
insert into STATION values (3787, '.', 1804, 246826.47, 5024258.03, -207.86);
insert into STATION values (3788, '.', 1804, 246829.29, 5024260.12, -197.92);
insert into STATION values (3789, '.', 1804, 246829.23, 5024257.11, -209.62);
insert into STATION values (3790, '67', 1804, 246826.01, 5024258.91, -207.37);
insert into STATION values (3791, '.', 1804, 246826.72, 5024260.30, -207.24);
insert into STATION values (3792, '.', 1804, 246826.32, 5024260.86, -205.78);
insert into STATION values (3793, '.', 1804, 246825.71, 5024260.84, -198.90);
insert into STATION values (3794, '.', 1804, 246825.40, 5024260.60, -204.25);
insert into STATION values (3795, '.', 1804, 246821.68, 5024260.78, -207.28);
insert into STATION values (3796, '.', 1804, 246823.93, 5024261.25, -207.50);
insert into STATION values (3797, '.', 1804, 246825.68, 5024259.51, -208.64);
insert into STATION values (3798, '.', 1804, 246826.26, 5024258.85, -208.61);
insert into STATION values (3799, '.', 1804, 246825.79, 5024259.75, -208.76);
insert into STATION values (3800, '.', 1804, 246829.27, 5024256.86, -207.40);
insert into STATION values (3801, '.', 1804, 246827.75, 5024258.75, -207.32);
insert into STATION values (3802, '.', 1804, 246829.52, 5024260.24, -203.36);
insert into STATION values (3803, '.', 1804, 246827.97, 5024261.32, -200.12);
insert into STATION values (3804, '.', 1804, 246828.82, 5024257.66, -212.36);
insert into STATION values (3805, '.', 1804, 246827.87, 5024258.41, -212.20);
insert into STATION values (3806, '68', 1804, 246821.60, 5024260.35, -203.94);
insert into STATION values (3807, '.', 1804, 246821.51, 5024259.82, -203.96);
insert into STATION values (3808, '.', 1804, 246819.88, 5024261.41, -204.00);
insert into STATION values (3809, '.', 1804, 246822.09, 5024261.49, -203.91);
insert into STATION values (3810, '.', 1804, 246821.97, 5024260.51, -203.85);
insert into STATION values (3811, '.', 1804, 246824.02, 5024258.87, -204.06);
insert into STATION values (3812, '.', 1804, 246823.75, 5024258.00, -219.75);
insert into STATION values (3813, '.', 1804, 246821.20, 5024261.61, -202.96);
insert into STATION values (3814, '.', 1804, 246821.00, 5024261.39, -202.00);
insert into STATION values (3815, '.', 1804, 246819.23, 5024260.76, -201.77);
insert into STATION values (3816, '.', 1804, 246820.45, 5024259.81, -200.81);
insert into STATION values (3817, '69', 1804, 246820.30, 5024261.00, -198.99);
insert into STATION values (3818, '.', 1804, 246820.07, 5024260.59, -199.03);
insert into STATION values (3819, '.', 1804, 246834.73, 5024253.98, -197.30);
insert into STATION values (3820, '.', 1804, 246821.34, 5024260.08, -198.69);
insert into STATION values (3821, '.', 1804, 246819.02, 5024260.34, -199.03);
insert into STATION values (3822, '.', 1804, 246817.15, 5024261.22, -199.42);
insert into STATION values (3823, '.', 1804, 246815.78, 5024262.64, -199.49);
insert into STATION values (3824, '71', 1804, 246819.35, 5024258.50, -190.98);
insert into STATION values (3825, '.', 1804, 246820.32, 5024260.07, -191.25);
insert into STATION values (3826, '.', 1804, 246819.32, 5024259.49, -191.21);
insert into STATION values (3827, '.', 1804, 246818.95, 5024258.87, -191.06);
insert into STATION values (3828, '.', 1804, 246819.26, 5024258.26, -191.02);
insert into STATION values (3829, '.', 1804, 246819.28, 5024258.64, -190.15);
insert into STATION values (3830, '72', 1804, 246816.49, 5024258.91, -190.28);
insert into STATION values (3831, '.', 1804, 246816.25, 5024257.55, -190.24);
insert into STATION values (3832, '.', 1804, 246817.49, 5024257.16, -190.39);
insert into STATION values (3833, '.', 1804, 246817.97, 5024258.14, -190.15);
insert into STATION values (3834, '.', 1804, 246816.60, 5024257.37, -186.22);
insert into STATION values (3835, '.', 1804, 246816.64, 5024258.83, -191.22);
insert into STATION values (3836, '.', 1804, 246816.66, 5024259.29, -190.31);
insert into STATION values (3837, '73', 1804, 246814.97, 5024260.43, -189.62);
insert into STATION values (3838, '.', 1804, 246814.83, 5024259.94, -189.65);
insert into STATION values (3839, '.', 1804, 246813.50, 5024261.20, -189.89);
insert into STATION values (3840, '.', 1804, 246814.87, 5024260.66, -190.81);
insert into STATION values (3841, '.', 1804, 246814.72, 5024260.21, -188.84);
insert into STATION values (3842, '.', 1804, 246814.39, 5024260.69, -189.35);
insert into STATION values (3843, '.', 1804, 246812.42, 5024261.57, -188.43);
insert into STATION values (3844, '.', 1804, 246814.00, 5024260.87, -189.17);
insert into STATION values (3845, '.', 1804, 246814.90, 5024260.04, -189.68);
insert into STATION values (3846, '.', 1804, 246814.95, 5024260.50, -190.84);
insert into STATION values (3847, '.', 1804, 246814.52, 5024260.19, -187.13);
insert into STATION values (3848, '74', 1804, 246809.19, 5024263.19, -190.76);
insert into STATION values (3849, '.', 1804, 246811.14, 5024264.04, -190.63);
insert into STATION values (3850, '.', 1804, 246812.82, 5024261.73, -190.54);
insert into STATION values (3851, '.', 1804, 246810.51, 5024260.30, -190.54);
insert into STATION values (3852, '.', 1804, 246809.08, 5024261.31, -190.49);
insert into STATION values (3853, '.', 1804, 246808.90, 5024262.36, -190.57);
insert into STATION values (3854, '.', 1804, 246808.85, 5024262.72, -190.50);
insert into STATION values (3855, '.', 1804, 246810.38, 5024262.20, -192.36);
insert into STATION values (3856, '.', 1804, 246810.03, 5024263.92, -182.17);
insert into STATION values (3857, '.', 1804, 246812.06, 5024262.13, -182.16);
insert into STATION values (3858, '75', 1804, 246811.19, 5024262.06, -184.77);
insert into STATION values (3859, '.', 1804, 246812.60, 5024263.57, -184.78);
insert into STATION values (3860, '.', 1804, 246811.71, 5024264.46, -184.87);
insert into STATION values (3861, '.', 1804, 246813.60, 5024263.11, -184.88);
insert into STATION values (3862, '.', 1804, 246812.68, 5024263.25, -192.30);
insert into STATION values (3863, '.', 1804, 246811.04, 5024262.26, -183.21);
insert into STATION values (3864, '.', 1804, 246810.23, 5024261.91, -184.76);
insert into STATION values (3865, '.', 1804, 246810.31, 5024262.46, -184.84);
insert into STATION values (3866, '.', 1804, 246810.25, 5024261.02, -184.92);
insert into STATION values (3867, '.', 1804, 246810.29, 5024261.56, -184.71);
insert into STATION values (3868, '76', 1804, 246808.79, 5024260.21, -182.22);
insert into STATION values (3869, '.', 1804, 246810.76, 5024260.65, -182.57);
insert into STATION values (3870, '.', 1804, 246810.36, 5024261.87, -182.37);
insert into STATION values (3871, '.', 1804, 246806.41, 5024260.86, -181.53);
insert into STATION values (3872, '.', 1804, 246808.11, 5024261.33, -182.00);
insert into STATION values (3873, '.', 1804, 246808.34, 5024260.39, -183.63);
insert into STATION values (3874, '77', 1804, 246806.58, 5024260.74, -175.19);
insert into STATION values (3875, '.', 1804, 246806.90, 5024260.73, -175.20);
insert into STATION values (3876, '.', 1804, 246806.07, 5024260.72, -174.95);
insert into STATION values (3877, '.', 1804, 246806.55, 5024259.46, -174.47);
insert into STATION values (3878, '.', 1804, 246806.40, 5024260.20, -173.18);
insert into STATION values (3879, '.', 1804, 246806.16, 5024261.60, -175.14);
insert into STATION values (3880, '.', 1804, 246805.50, 5024261.71, -175.02);
insert into STATION values (3881, '.', 1804, 246803.99, 5024261.72, -174.24);
insert into STATION values (3882, '.', 1804, 246806.07, 5024260.94, -175.01);
insert into STATION values (3883, '.', 1804, 246803.97, 5024261.71, -174.23);
insert into STATION values (3884, '.', 1804, 246806.62, 5024260.40, -175.17);
insert into STATION values (3885, '.', 1804, 246806.49, 5024261.08, -175.21);
insert into STATION values (3886, '.', 1804, 246806.53, 5024261.01, -176.56);
insert into STATION values (3887, '.', 1804, 246806.35, 5024260.72, -173.99);
insert into STATION values (3888, '78', 1804, 246803.28, 5024260.96, -172.57);
insert into STATION values (3889, '.', 1804, 246803.30, 5024261.69, -172.61);
insert into STATION values (3890, '.', 1804, 246801.62, 5024262.63, -172.39);
insert into STATION values (3891, '.', 1804, 246800.30, 5024261.90, -172.20);
insert into STATION values (3892, '.', 1804, 246805.63, 5024260.19, -173.00);
insert into STATION values (3893, '.', 1804, 246803.03, 5024262.90, -158.05);
insert into STATION values (3894, '.', 1804, 246799.23, 5024264.46, -169.09);
insert into STATION values (3895, '.', 1804, 246799.82, 5024264.88, -166.34);
insert into STATION values (3896, '79', 1804, 246800.87, 5024264.42, -169.03);
insert into STATION values (3897, '.', 1804, 246800.90, 5024263.25, -169.02);
insert into STATION values (3898, '.', 1804, 246800.87, 5024264.30, -171.15);
insert into STATION values (3899, '.', 1804, 246799.80, 5024264.83, -160.04);
insert into STATION values (3900, '.', 1804, 246806.21, 5024261.21, -169.21);
insert into STATION values (3901, '80', 1804, 246798.98, 5024265.43, -161.29);
insert into STATION values (3902, '.', 1804, 246799.26, 5024265.74, -161.31);
insert into STATION values (3903, '.', 1804, 246799.04, 5024265.56, -164.99);
insert into STATION values (3904, '.', 1804, 246797.91, 5024265.26, -161.95);
insert into STATION values (3905, '.', 1804, 246797.94, 5024265.18, -156.82);
insert into STATION values (3906, '81', 1804, 246798.10, 5024264.80, -158.37);
insert into STATION values (3907, '.', 1804, 246797.72, 5024264.96, -158.34);
insert into STATION values (3908, '.', 1804, 246797.99, 5024264.74, -157.66);
insert into STATION values (3909, '.', 1804, 246798.46, 5024264.11, -159.78);
insert into STATION values (3910, '82', 1804, 246795.55, 5024261.07, -156.37);
insert into STATION values (3911, '.', 1804, 246794.59, 5024261.94, -156.42);
insert into STATION values (3912, '.', 1804, 246794.76, 5024262.51, -156.38);
insert into STATION values (3913, '.', 1804, 246795.36, 5024262.94, -156.34);
insert into STATION values (3914, '.', 1804, 246796.23, 5024262.02, -156.33);
insert into STATION values (3915, '.', 1804, 246796.07, 5024261.05, -156.36);
insert into STATION values (3916, '.', 1804, 246794.06, 5024261.47, -157.00);
insert into STATION values (3917, '.', 1804, 246795.11, 5024261.95, -152.29);
insert into STATION values (3918, '.', 1804, 246797.24, 5024263.63, -158.49);
insert into STATION values (3919, '83', 1804, 246793.00, 5024261.66, -149.48);
insert into STATION values (3920, '.', 1804, 246792.49, 5024261.09, -149.48);
insert into STATION values (3921, '.', 1804, 246790.12, 5024261.82, -149.50);
insert into STATION values (3922, '.', 1804, 246791.44, 5024261.53, -151.34);
insert into STATION values (3923, '.', 1804, 246794.72, 5024258.75, -149.80);
insert into STATION values (3924, '.', 1804, 246793.21, 5024259.90, -149.66);
insert into STATION values (3925, '.', 1804, 246792.70, 5024261.35, -144.54);
insert into STATION values (3926, '84', 1804, 246790.24, 5024262.48, -148.06);
insert into STATION values (3927, '.', 1804, 246791.34, 5024262.37, -148.16);
insert into STATION values (3928, '.', 1804, 246790.76, 5024262.88, -147.97);
insert into STATION values (3929, '.', 1804, 246788.91, 5024262.94, -148.12);
insert into STATION values (3930, '.', 1804, 246790.13, 5024262.60, -148.07);
insert into STATION values (3931, '.', 1804, 246789.72, 5024263.04, -148.12);
insert into STATION values (3932, '.', 1804, 246790.31, 5024262.63, -151.27);
insert into STATION values (3933, '.', 1804, 246790.32, 5024262.35, -144.84);
insert into STATION values (3934, '85', 1804, 246789.38, 5024262.86, -140.69);
insert into STATION values (3935, '.', 1804, 246789.45, 5024263.10, -140.92);
insert into STATION values (3936, '.', 1804, 246789.00, 5024262.39, -141.16);
insert into STATION values (3937, '.', 1804, 246795.84, 5024257.75, -149.58);
insert into STATION values (3938, '.', 1804, 246790.15, 5024262.30, -142.26);
insert into STATION values (3939, '.', 1804, 246790.33, 5024261.70, -145.04);
insert into STATION values (3940, '.', 1804, 246785.62, 5024263.79, -143.84);
insert into STATION values (3941, '.', 1804, 246785.69, 5024263.68, -143.95);
insert into STATION values (3942, '.', 1804, 246788.58, 5024262.72, -140.63);
insert into STATION values (3943, '.', 1804, 246787.77, 5024264.01, -139.72);
insert into STATION values (3944, '86', 1804, 246785.42, 5024264.55, -139.04);
insert into STATION values (3945, '.', 1804, 246785.26, 5024264.08, -138.98);
insert into STATION values (3946, '.', 1804, 246785.35, 5024264.96, -142.83);
insert into STATION values (3947, '.', 1804, 246785.24, 5024264.45, -136.63);
insert into STATION values (3948, '87', 1804, 246782.97, 5024266.10, -138.39);
insert into STATION values (3949, '.', 1804, 246782.95, 5024265.66, -138.37);
insert into STATION values (3950, '.', 1804, 246782.91, 5024266.18, -140.91);
insert into STATION values (3951, '.', 1804, 246782.69, 5024266.28, -133.91);
insert into STATION values (3952, '.', 1804, 246780.81, 5024266.92, -138.25);
insert into STATION values (3953, '.', 1804, 246780.92, 5024267.40, -136.45);
insert into STATION values (3954, '.', 1804, 246780.65, 5024267.34, -135.57);
insert into STATION values (3955, '88', 1804, 246780.32, 5024267.42, -134.59);
insert into STATION values (3956, '.', 1804, 246780.66, 5024267.50, -134.53);
insert into STATION values (3957, '.', 1804, 246780.70, 5024267.17, -134.54);
insert into STATION values (3958, '.', 1804, 246780.91, 5024266.84, -138.24);
insert into STATION values (3959, '.', 1804, 246779.53, 5024268.07, -134.93);
insert into STATION values (3960, '.', 1804, 246779.73, 5024267.77, -135.40);
insert into STATION values (3961, '89', 1804, 246779.78, 5024269.41, -133.14);
insert into STATION values (3962, '.', 1804, 246779.45, 5024269.19, -133.16);
insert into STATION values (3963, '.', 1804, 246779.51, 5024269.57, -131.90);
insert into STATION values (3964, '.', 1804, 246779.77, 5024269.48, -134.10);
insert into STATION values (3965, '90', 1804, 246777.35, 5024272.01, -131.61);
insert into STATION values (3966, '.', 1804, 246777.44, 5024272.29, -131.61);
insert into STATION values (3967, '.', 1804, 246777.18, 5024272.22, -132.22);
insert into STATION values (3968, '.', 1804, 246777.36, 5024272.12, -131.10);
insert into STATION values (3969, '91', 1804, 246775.19, 5024274.03, -130.20);
insert into STATION values (3970, '.', 1804, 246775.11, 5024273.60, -130.18);
insert into STATION values (3971, '.', 1804, 246775.15, 5024273.81, -130.99);
insert into STATION values (3972, '.', 1804, 246774.96, 5024273.81, -129.37);
insert into STATION values (3973, '92', 1804, 246772.45, 5024276.14, -129.14);
insert into STATION values (3974, '.', 1804, 246772.73, 5024276.38, -129.20);
insert into STATION values (3975, '.', 1804, 246772.61, 5024276.22, -128.71);
insert into STATION values (3976, '.', 1804, 246772.47, 5024276.09, -129.96);
insert into STATION values (3977, '.', 1804, 246769.88, 5024277.07, -127.97);
insert into STATION values (3978, '93', 1804, 246770.50, 5024277.16, -128.13);
insert into STATION values (3979, '.', 1804, 246769.78, 5024276.58, -128.05);
insert into STATION values (3980, '.', 1804, 246770.13, 5024277.22, -128.12);
insert into STATION values (3981, '.', 1804, 246770.18, 5024277.22, -128.70);
insert into STATION values (3982, '.', 1804, 246766.15, 5024278.15, -117.03);
insert into STATION values (3983, '94', 1804, 246768.03, 5024276.98, -124.41);
insert into STATION values (3984, '.', 1804, 246766.56, 5024278.52, -124.12);
insert into STATION values (3985, '.', 1804, 246768.09, 5024278.41, -124.33);
insert into STATION values (3986, '.', 1804, 246770.24, 5024277.07, -124.21);
insert into STATION values (3987, '.', 1804, 246769.61, 5024273.97, -124.13);
insert into STATION values (3988, '.', 1804, 246768.47, 5024272.67, -124.12);
insert into STATION values (3989, '.', 1804, 246769.53, 5024274.25, -124.56);
insert into STATION values (3990, '.', 1804, 246768.60, 5024274.77, -124.60);
insert into STATION values (3991, '.', 1804, 246767.81, 5024274.82, -124.45);
insert into STATION values (3992, '.', 1804, 246767.20, 5024275.41, -124.49);
insert into STATION values (3993, '.', 1804, 246769.54, 5024275.74, -126.80);
insert into STATION values (3994, '.', 1804, 246768.76, 5024275.25, -108.68);
insert into STATION values (3995, '.', 1804, 246770.85, 5024273.97, -119.34);
insert into STATION values (3996, '.', 1804, 246771.05, 5024276.26, -113.08);
insert into STATION values (3997, '95', 1804, 246767.06, 5024274.65, -114.82);
insert into STATION values (3998, '.', 1804, 246765.75, 5024276.23, -114.66);
insert into STATION values (3999, '.', 1804, 246766.55, 5024277.06, -114.71);
insert into STATION values (4000, '.', 1804, 246767.89, 5024278.62, -115.29);
insert into STATION values (4001, '.', 1804, 246771.51, 5024276.23, -114.87);
insert into STATION values (4002, '.', 1804, 246769.51, 5024276.96, -109.03);
insert into STATION values (4003, '96', 1804, 246767.39, 5024274.92, -106.36);
insert into STATION values (4004, '.', 1804, 246768.88, 5024276.05, -106.63);
insert into STATION values (4005, '.', 1804, 246767.27, 5024275.89, -106.30);
insert into STATION values (4006, '.', 1804, 246766.56, 5024274.67, -106.07);
insert into STATION values (4007, '.', 1804, 246766.16, 5024275.28, -106.06);
insert into STATION values (4008, '.', 1804, 246766.40, 5024274.66, -107.06);
insert into STATION values (4009, '.', 1804, 246765.54, 5024274.75, -104.38);
insert into STATION values (4010, '97', 1804, 246765.52, 5024275.51, -103.63);
insert into STATION values (4011, '.', 1804, 246766.00, 5024274.51, -103.22);
insert into STATION values (4012, '.', 1804, 246765.55, 5024275.79, -103.48);
insert into STATION values (4013, '.', 1804, 246766.23, 5024275.14, -103.60);
insert into STATION values (4014, '.', 1804, 246765.79, 5024275.43, -105.07);
insert into STATION values (4015, '.', 1804, 246765.54, 5024275.53, -102.78);
insert into STATION values (4016, '98', 1804, 246765.32, 5024275.50, -102.27);
insert into STATION values (4017, '.', 1804, 246765.48, 5024275.97, -102.30);
insert into STATION values (4018, '.', 1804, 246764.96, 5024275.93, -102.33);
insert into STATION values (4019, '.', 1804, 246764.52, 5024275.26, -102.34);
insert into STATION values (4020, '.', 1804, 246765.10, 5024274.32, -102.31);
insert into STATION values (4021, '99', 1804, 246764.45, 5024277.45, -101.13);
insert into STATION values (4022, '.', 1804, 246763.89, 5024276.92, -101.04);
insert into STATION values (4023, '.', 1804, 246764.45, 5024277.49, -101.61);
insert into STATION values (4024, '.', 1804, 246765.08, 5024277.34, -101.43);
insert into STATION values (4025, '.', 1804, 246764.49, 5024277.51, -100.89);
insert into STATION values (4026, '100', 1804, 246765.49, 5024279.94, -102.09);
insert into STATION_FLAG values(4026, 'ent');
insert into STATION values (4027, '0', 2221, 246821.38, 5024255.43, -127.94);
insert into STATION values (4028, '.', 2221, 246821.45, 5024255.33, -129.48);
insert into STATION values (4029, '.', 2221, 246822.09, 5024255.11, -130.60);
insert into STATION values (4030, '.', 2221, 246821.74, 5024255.05, -130.80);
insert into STATION values (4031, '.', 2221, 246821.30, 5024255.63, -128.01);
insert into STATION values (4032, '.', 2221, 246820.96, 5024255.46, -128.00);
insert into STATION values (4033, '.', 2221, 246821.84, 5024255.61, -128.07);
insert into STATION values (4034, '1', 2221, 246821.09, 5024256.07, -127.34);
insert into STATION values (4035, '.', 2221, 246821.27, 5024255.94, -127.27);
insert into STATION values (4036, '.', 2221, 246820.16, 5024256.27, -125.47);
insert into STATION values (4037, '.', 2221, 246820.49, 5024255.41, -127.21);
insert into STATION values (4038, '.', 2221, 246821.40, 5024255.96, -127.91);
insert into STATION values (4039, '.', 2221, 246822.66, 5024257.10, -127.42);
insert into STATION values (4040, '.', 2221, 246822.34, 5024256.88, -127.40);
insert into STATION values (4041, '2', 2221, 246822.34, 5024256.88, -127.40);
insert into STATION values (4042, '.', 2221, 246822.17, 5024256.67, -127.14);
insert into STATION values (4043, '.', 2221, 246822.18, 5024257.10, -126.91);
insert into STATION values (4044, '.', 2221, 246822.40, 5024257.03, -127.37);
insert into STATION values (4045, '3', 2221, 246823.64, 5024260.01, -126.59);
insert into STATION values (4046, '.', 2221, 246821.09, 5024260.10, -114.80);
insert into STATION values (4047, '.', 2221, 246820.75, 5024259.75, -126.53);
insert into STATION values (4048, '.', 2221, 246821.64, 5024259.21, -126.65);
insert into STATION values (4049, '.', 2221, 246820.92, 5024256.99, -126.90);
insert into STATION values (4050, '.', 2221, 246823.23, 5024257.79, -126.85);
insert into STATION values (4051, '.', 2221, 246823.91, 5024258.07, -126.75);
insert into STATION values (4052, '.', 2221, 246822.83, 5024259.40, -128.69);
insert into STATION values (4053, '.', 2221, 246820.54, 5024258.01, -122.75);
insert into STATION values (4054, '.', 2221, 246822.64, 5024258.63, -122.16);
insert into STATION values (4055, '.', 2221, 246820.50, 5024259.68, -121.11);
insert into STATION values (4056, '.', 2221, 246822.36, 5024261.00, -111.44);
insert into STATION values (4057, '4', 2221, 246820.65, 5024257.19, -127.13);
insert into STATION values (4058, '.', 2221, 246820.97, 5024258.33, -127.10);
insert into STATION values (4059, '.', 2221, 246821.16, 5024260.64, -116.46);
insert into STATION values (4060, '.', 2221, 246823.19, 5024260.11, -127.08);
insert into STATION values (4061, '.', 2221, 246824.35, 5024258.44, -127.28);
insert into STATION values (4062, '.', 2221, 246820.04, 5024257.68, -127.27);
insert into STATION values (4063, '.', 2221, 246820.06, 5024258.14, -127.05);
insert into STATION values (4064, '.', 2221, 246820.50, 5024257.62, -127.89);
insert into STATION values (4065, '5', 2221, 246818.63, 5024258.07, -120.95);
insert into STATION values (4066, '.', 2221, 246818.71, 5024257.80, -120.96);
insert into STATION values (4067, '.', 2221, 246818.83, 5024258.54, -120.93);
insert into STATION values (4068, '.', 2221, 246819.05, 5024257.97, -120.92);
insert into STATION values (4069, '.', 2221, 246818.72, 5024258.00, -120.56);
insert into STATION values (4070, '6', 2221, 246817.49, 5024258.31, -119.20);
insert into STATION values (4071, '.', 2221, 246817.56, 5024258.51, -119.19);
insert into STATION values (4072, '.', 2221, 246817.54, 5024257.71, -119.33);
insert into STATION values (4073, '.', 2221, 246817.47, 5024258.30, -119.95);
insert into STATION values (4074, '.', 2221, 246817.56, 5024258.23, -118.87);
insert into STATION values (4075, '.', 2221, 246816.17, 5024258.30, -117.64);
insert into STATION values (4076, '7', 2221, 246816.09, 5024258.31, -117.54);
insert into STATION values (4077, '.', 2221, 246816.02, 5024258.37, -119.21);
insert into STATION values (4078, '.', 2221, 246816.11, 5024258.07, -117.54);
insert into STATION values (4079, '.', 2221, 246816.06, 5024258.41, -113.95);
insert into STATION values (4080, '.', 2221, 246814.56, 5024257.89, -116.54);
insert into STATION values (4081, '.', 2221, 246814.14, 5024258.27, -112.70);
insert into STATION values (4082, '8', 2221, 246814.35, 5024258.28, -113.20);
insert into STATION values (4083, '.', 2221, 246814.48, 5024257.75, -113.09);
insert into STATION values (4084, '.', 2221, 246814.51, 5024257.83, -113.13);
insert into STATION values (4085, '.', 2221, 246814.05, 5024258.44, -110.81);
insert into STATION values (4086, '.', 2221, 246814.39, 5024258.21, -116.84);
insert into STATION values (4087, '.', 2221, 246816.51, 5024258.76, -115.07);
insert into STATION values (4088, '.', 2221, 246813.65, 5024257.44, -113.01);
insert into STATION values (4089, '.', 2221, 246813.77, 5024257.59, -112.35);
insert into STATION values (4090, '9', 2221, 246813.90, 5024257.69, -112.39);
insert into STATION values (4091, '.', 2221, 246813.88, 5024258.10, -112.49);
insert into STATION values (4092, '.', 2221, 246812.91, 5024257.73, -112.37);
insert into STATION values (4093, '.', 2221, 246813.15, 5024258.46, -112.47);
insert into STATION values (4094, '.', 2221, 246813.41, 5024257.22, -114.45);
insert into STATION values (4095, '10', 2221, 246812.39, 5024258.42, -109.80);
insert into STATION values (4096, '.', 2221, 246812.34, 5024257.99, -109.77);
insert into STATION values (4097, '.', 2221, 246812.55, 5024258.43, -112.04);
insert into STATION values (4098, '.', 2221, 246812.35, 5024258.45, -108.37);
insert into STATION values (4099, '.', 2221, 246811.41, 5024258.05, -109.56);
insert into STATION values (4100, '11', 2221, 246810.93, 5024258.41, -106.46);
insert into STATION values (4101, '.', 2221, 246809.43, 5024264.80, -106.28);
insert into STATION values (4102, '.', 2221, 246810.76, 5024264.76, -106.38);
insert into STATION values (4103, '.', 2221, 246811.20, 5024263.37, -106.70);
insert into STATION values (4104, '.', 2221, 246811.08, 5024261.07, -106.60);
insert into STATION values (4105, '.', 2221, 246809.16, 5024260.86, -109.14);
insert into STATION values (4106, '.', 2221, 246811.18, 5024259.47, -109.37);
insert into STATION values (4107, '.', 2221, 246805.17, 5024260.47, -101.08);
insert into STATION values (4108, '.', 2221, 246805.23, 5024265.48, -97.96);
insert into STATION values (4109, '.', 2221, 246809.44, 5024262.97, -101.18);
insert into STATION values (4110, '12', 2221, 246806.66, 5024265.76, -94.75);
insert into STATION values (4111, '.', 2221, 246806.58, 5024263.72, -94.95);
insert into STATION values (4112, '.', 2221, 246810.49, 5024262.56, -94.98);
insert into STATION values (4113, '.', 2221, 246809.94, 5024264.90, -94.71);
insert into STATION values (4114, '.', 2221, 246806.62, 5024265.77, -94.58);
insert into STATION values (4115, '.', 2221, 246806.61, 5024265.77, -94.56);
insert into STATION values (4116, '.', 2221, 246806.62, 5024265.77, -94.57);
insert into STATION values (4117, '13', 2221, 246805.74, 5024264.57, -91.45);
insert into STATION values (4118, '.', 2221, 246806.58, 5024266.62, -91.35);
insert into STATION values (4119, '.', 2221, 246808.39, 5024265.58, -91.40);
insert into STATION values (4120, '.', 2221, 246810.33, 5024263.54, -90.97);
insert into STATION values (4121, '.', 2221, 246809.23, 5024261.18, -90.97);
insert into STATION values (4122, '.', 2221, 246807.78, 5024262.65, -75.71);
insert into STATION values (4123, '14', 2221, 246805.16, 5024267.28, -86.90);
insert into STATION values (4124, '.', 2221, 246804.37, 5024266.12, -86.83);
insert into STATION values (4125, '.', 2221, 246805.95, 5024263.06, -86.53);
insert into STATION values (4126, '.', 2221, 246809.20, 5024261.21, -86.23);
insert into STATION values (4127, '.', 2221, 246809.53, 5024264.72, -86.17);
insert into STATION values (4128, '.', 2221, 246805.83, 5024265.71, -70.92);
insert into STATION values (4129, '15', 2221, 246804.48, 5024266.07, -85.17);
insert into STATION values (4130, '.', 2221, 246804.81, 5024267.33, -85.11);
insert into STATION values (4131, '.', 2221, 246809.31, 5024263.94, -85.30);
insert into STATION values (4132, '.', 2221, 246806.85, 5024266.61, -85.21);
insert into STATION values (4133, '16', 2221, 246805.83, 5024267.14, -73.51);
insert into STATION_FLAG values(4133, 'ent');
insert into STATION values (4134, '.', 2221, 246809.23, 5024259.57, -76.56);
insert into STATION values (4135, '17', 2221, 246811.16, 5024269.25, -73.97);
insert into STATION values (4136, '18', 2221, 246813.75, 5024270.09, -73.61);
insert into STATION values (4137, '19', 2221, 246819.82, 5024271.69, -80.94);
insert into STATION values (4138, '20', 2221, 246825.90, 5024272.69, -94.68);
insert into STATION values (4139, '21', 2221, 246821.53, 5024279.79, -100.17);
insert into STATION values (4140, '22', 2221, 246811.84, 5024280.89, -104.76);
insert into STATION values (4141, '23', 2221, 246799.66, 5024282.72, -109.36);
insert into STATION values (4142, '24', 2221, 246789.98, 5024282.19, -108.10);
insert into STATION values (4143, '25', 2221, 246778.28, 5024282.51, -105.85);
insert into STATION values (4144, '26', 2221, 246764.30, 5024282.69, -102.48);
insert into STATION values (4145, '27', 2221, 246765.49, 5024279.94, -102.09);
insert into STATION values (4146, '0', 2226, 246821.63, 5024243.58, -61.44);
insert into STATION values (4147, '.', 2226, 246821.19, 5024240.16, -61.00);
insert into STATION values (4148, '.', 2226, 246819.59, 5024238.82, -61.80);
insert into STATION values (4149, '.', 2226, 246819.38, 5024242.59, -61.61);
insert into STATION values (4150, '.', 2226, 246824.89, 5024242.18, -62.02);
insert into STATION values (4151, '.', 2226, 246824.62, 5024244.14, -61.51);
insert into STATION values (4152, '.', 2226, 246823.00, 5024245.87, -61.16);
insert into STATION values (4153, '.', 2226, 246821.86, 5024246.64, -61.29);
insert into STATION values (4154, '.', 2226, 246819.78, 5024243.55, -49.22);
insert into STATION values (4155, '.', 2226, 246817.98, 5024248.45, -57.97);
insert into STATION values (4156, '1', 2226, 246818.03, 5024248.42, -57.94);
insert into STATION values (4157, '.', 2226, 246818.92, 5024249.56, -57.90);
insert into STATION values (4158, '.', 2226, 246820.24, 5024248.58, -58.16);
insert into STATION values (4159, '.', 2226, 246820.43, 5024246.96, -57.97);
insert into STATION values (4160, '.', 2226, 246819.01, 5024244.83, -58.01);
insert into STATION values (4161, '.', 2226, 246817.20, 5024245.90, -57.54);
insert into STATION values (4162, '.', 2226, 246816.77, 5024248.98, -57.59);
insert into STATION values (4163, '.', 2226, 246816.91, 5024247.50, -57.75);
insert into STATION values (4164, '.', 2226, 246818.56, 5024246.77, -50.06);
insert into STATION values (4165, '.', 2226, 246817.61, 5024247.91, -55.34);
insert into STATION values (4166, '.', 2226, 246826.46, 5024242.59, -62.90);
insert into STATION values (4167, '.', 2226, 246822.82, 5024242.45, -60.82);
insert into STATION values (4168, '.', 2226, 246820.47, 5024239.50, -61.29);
insert into STATION values (4169, '2', 2226, 246815.88, 5024250.34, -54.50);
insert into STATION values (4170, '.', 2226, 246816.06, 5024250.55, -54.51);
insert into STATION values (4171, '.', 2226, 246815.31, 5024249.80, -54.32);
insert into STATION values (4172, '.', 2226, 246815.85, 5024250.34, -55.06);
insert into STATION values (4173, '.', 2226, 246814.93, 5024250.26, -54.08);
insert into STATION values (4174, '.', 2226, 246814.69, 5024251.46, -54.11);
insert into STATION values (4175, '.', 2226, 246815.91, 5024250.96, -54.50);
insert into STATION values (4176, '.', 2226, 246816.88, 5024248.76, -54.49);
insert into STATION values (4177, '.', 2226, 246820.48, 5024249.40, -56.98);
insert into STATION values (4178, '.', 2226, 246818.92, 5024249.84, -56.94);
insert into STATION values (4179, '3', 2226, 246812.78, 5024251.62, -53.15);
insert into STATION values (4180, '.', 2226, 246812.86, 5024249.78, -52.87);
insert into STATION values (4181, '.', 2226, 246812.93, 5024251.78, -52.79);
insert into STATION values (4182, '.', 2226, 246812.47, 5024250.84, -51.27);
insert into STATION values (4183, '.', 2226, 246812.12, 5024250.17, -51.88);
insert into STATION values (4184, '.', 2226, 246812.64, 5024251.33, -53.82);
insert into STATION values (4185, '4', 2226, 246810.85, 5024251.31, -50.29);
insert into STATION values (4186, '.', 2226, 246811.53, 5024252.06, -51.86);
insert into STATION values (4187, '.', 2226, 246812.86, 5024251.48, -52.99);
insert into STATION values (4188, '.', 2226, 246809.49, 5024253.16, -51.40);
insert into STATION values (4189, '.', 2226, 246810.43, 5024250.79, -50.88);
insert into STATION values (4190, '.', 2226, 246807.83, 5024251.26, -47.79);
insert into STATION values (4191, '.', 2226, 246808.82, 5024251.17, -49.39);
insert into STATION values (4192, '.', 2226, 246807.71, 5024250.45, -49.63);
insert into STATION values (4193, '.', 2226, 246808.77, 5024251.98, -50.03);
insert into STATION values (4194, '5', 2226, 246808.85, 5024252.80, -50.17);
insert into STATION values (4195, '.', 2226, 246809.38, 5024253.10, -50.10);
insert into STATION values (4196, '.', 2226, 246809.41, 5024254.47, -50.36);
insert into STATION values (4197, '.', 2226, 246808.17, 5024254.73, -50.21);
insert into STATION values (4198, '.', 2226, 246809.39, 5024249.95, -49.86);
insert into STATION values (4199, '.', 2226, 246808.78, 5024252.92, -49.21);
insert into STATION values (4200, '.', 2226, 246809.36, 5024253.94, -60.02);
insert into STATION values (4201, '6', 2226, 246806.51, 5024253.44, -49.38);
insert into STATION values (4202, '.', 2226, 246806.22, 5024252.87, -46.99);
insert into STATION values (4203, '.', 2226, 246807.40, 5024250.97, -47.99);
insert into STATION values (4204, '.', 2226, 246809.90, 5024250.72, -49.37);
insert into STATION values (4205, '.', 2226, 246808.21, 5024252.64, -49.65);
insert into STATION values (4206, '.', 2226, 246807.35, 5024253.67, -49.30);
insert into STATION values (4207, '.', 2226, 246806.49, 5024253.83, -48.60);
insert into STATION values (4208, '7', 2226, 246807.07, 5024254.29, -50.65);
insert into STATION values (4209, '.', 2226, 246807.43, 5024254.80, -50.43);
insert into STATION values (4210, '.', 2226, 246806.90, 5024253.99, -50.74);
insert into STATION values (4211, '.', 2226, 246807.01, 5024253.98, -53.60);
insert into STATION values (4212, '.', 2226, 246805.26, 5024254.83, -50.67);
insert into STATION values (4213, '.', 2226, 246809.17, 5024252.52, -50.84);
insert into STATION values (4214, '.', 2226, 246805.58, 5024254.93, -51.87);
insert into STATION values (4215, '.', 2226, 246805.69, 5024255.18, -52.63);
insert into STATION values (4216, '8', 2226, 246805.86, 5024255.02, -49.91);
insert into STATION values (4217, '.', 2226, 246806.01, 5024254.29, -54.28);
insert into STATION values (4218, '.', 2226, 246805.69, 5024254.32, -49.90);
insert into STATION values (4219, '.', 2226, 246805.66, 5024254.74, -49.90);
insert into STATION values (4220, '.', 2226, 246805.19, 5024254.04, -49.97);
insert into STATION values (4221, '.', 2226, 246805.31, 5024254.91, -50.03);
insert into STATION values (4222, '9', 2226, 246804.68, 5024254.07, -49.37);
insert into STATION values (4223, '.', 2226, 246804.84, 5024254.41, -49.43);
insert into STATION values (4224, '.', 2226, 246804.58, 5024254.27, -50.55);
insert into STATION values (4225, '.', 2226, 246804.76, 5024254.43, -48.32);
insert into STATION values (4226, '.', 2226, 246801.28, 5024253.52, -48.28);
insert into STATION values (4227, '10', 2226, 246800.49, 5024253.37, -48.01);
insert into STATION values (4228, '.', 2226, 246800.47, 5024253.37, -49.29);
insert into STATION values (4229, '.', 2226, 246801.03, 5024250.98, -48.40);
insert into STATION values (4230, '.', 2226, 246799.98, 5024251.90, -47.99);
insert into STATION values (4231, '.', 2226, 246800.58, 5024252.75, -47.10);
insert into STATION values (4232, '.', 2226, 246797.96, 5024252.13, -46.38);
insert into STATION values (4233, '.', 2226, 246797.82, 5024252.34, -46.02);
insert into STATION values (4234, '.', 2226, 246798.50, 5024252.85, -46.49);
insert into STATION values (4235, '.', 2226, 246802.47, 5024254.68, -47.92);
insert into STATION values (4236, '.', 2226, 246803.77, 5024253.86, -47.87);
insert into STATION values (4237, '.', 2226, 246802.18, 5024253.04, -47.84);
insert into STATION values (4238, '11', 2226, 246799.19, 5024252.51, -47.67);
insert into STATION values (4239, '.', 2226, 246798.19, 5024252.89, -47.55);
insert into STATION values (4240, '.', 2226, 246798.78, 5024253.34, -47.56);
insert into STATION values (4241, '.', 2226, 246799.32, 5024253.44, -47.44);
insert into STATION values (4242, '.', 2226, 246800.45, 5024253.23, -47.84);
insert into STATION values (4243, '.', 2226, 246802.18, 5024252.44, -48.02);
insert into STATION values (4244, '12', 2226, 246798.31, 5024252.82, -44.69);
insert into STATION values (4245, 'cv.0', 2230, 246799.19, 5024252.51, -47.67);
insert into STATION values (4246, '.', 2230, 246798.37, 5024252.98, -47.63);
insert into STATION values (4247, '.', 2230, 246798.81, 5024253.30, -47.62);
insert into STATION values (4248, '.', 2230, 246799.32, 5024253.51, -47.58);
insert into STATION values (4249, '.', 2230, 246799.87, 5024253.08, -47.61);
insert into STATION values (4250, '.', 2230, 246800.43, 5024253.23, -47.62);
insert into STATION values (4251, '.', 2230, 246802.26, 5024252.87, -47.71);
insert into STATION values (4252, '.', 2230, 246804.11, 5024253.47, -47.77);
insert into STATION values (4253, 'cv.1', 2230, 246800.58, 5024253.12, -48.02);
insert into STATION values (4254, '.', 2230, 246800.95, 5024253.36, -48.00);
insert into STATION values (4255, '.', 2230, 246802.63, 5024254.36, -48.01);
insert into STATION values (4256, '.', 2230, 246803.91, 5024253.97, -47.93);
insert into STATION values (4257, '.', 2230, 246802.20, 5024252.97, -47.89);
insert into STATION values (4258, '.', 2230, 246800.70, 5024250.21, -48.15);
insert into STATION values (4259, '.', 2230, 246801.29, 5024251.06, -48.23);
insert into STATION values (4260, '.', 2230, 246801.86, 5024251.92, -48.20);
insert into STATION values (4261, '.', 2230, 246800.62, 5024253.10, -49.32);
insert into STATION values (4262, '.', 2230, 246800.65, 5024252.66, -47.09);
insert into STATION values (4263, 'cv.2', 2230, 246803.46, 5024254.02, -48.52);
insert into STATION values (4264, '.', 2230, 246803.44, 5024254.27, -48.51);
insert into STATION values (4265, '.', 2230, 246803.44, 5024253.98, -46.85);
insert into STATION values (4266, '.', 2230, 246803.43, 5024253.63, -48.55);
insert into STATION values (4267, '.', 2230, 246803.57, 5024253.91, -49.98);
insert into STATION values (4268, 'cv.3', 2230, 246804.58, 5024254.00, -49.35);
insert into STATION values (4269, '.', 2230, 246804.64, 5024254.49, -49.34);
insert into STATION values (4270, '.', 2230, 246804.52, 5024254.36, -50.43);
insert into STATION values (4271, '.', 2230, 246804.64, 5024253.97, -48.89);
insert into STATION values (4272, '.', 2230, 246804.65, 5024254.26, -48.25);
insert into STATION values (4273, 'cv.4', 2230, 246805.38, 5024254.03, -49.51);
insert into STATION values (4274, '.', 2230, 246805.25, 5024254.37, -49.49);
insert into STATION values (4275, '.', 2230, 246805.54, 5024253.91, -51.08);
insert into STATION values (4276, '.', 2230, 246806.64, 5024254.16, -53.88);
insert into STATION values (4277, '.', 2230, 246804.96, 5024253.82, -50.69);
insert into STATION values (4278, '.', 2230, 246807.68, 5024254.75, -49.88);
insert into STATION values (4279, '.', 2230, 246806.05, 5024254.64, -49.56);
insert into STATION values (4280, '.', 2230, 246806.98, 5024254.63, -50.29);
insert into STATION values (4281, '.', 2230, 246807.08, 5024254.72, -51.23);
insert into STATION values (4282, '.', 2230, 246807.27, 5024254.84, -52.24);
insert into STATION values (4283, '.', 2230, 246806.22, 5024255.02, -50.21);
insert into STATION values (4284, '.', 2230, 246806.34, 5024255.07, -50.93);
insert into STATION values (4285, '.', 2230, 246806.69, 5024254.75, -51.95);
insert into STATION values (4286, 'cv.5', 2230, 246806.31, 5024254.41, -49.30);
insert into STATION values (4287, '.', 2230, 246806.40, 5024254.58, -53.87);
insert into STATION values (4288, '.', 2230, 246807.77, 5024254.37, -53.28);
insert into STATION values (4289, '.', 2230, 246808.63, 5024253.95, -52.92);
insert into STATION values (4290, '.', 2230, 246806.70, 5024254.01, -50.09);
insert into STATION values (4291, '.', 2230, 246806.49, 5024253.89, -49.61);
insert into STATION values (4292, '.', 2230, 246806.81, 5024254.52, -49.88);
insert into STATION values (4293, '.', 2230, 246807.01, 5024254.81, -49.62);
insert into STATION values (4294, '.', 2230, 246806.07, 5024253.96, -48.64);
insert into STATION values (4295, '.', 2230, 246806.05, 5024254.70, -49.38);
insert into STATION values (4296, 'cv.6', 2230, 246807.08, 5024254.51, -51.72);
insert into STATION values (4297, '.', 2230, 246806.89, 5024254.20, -51.73);
insert into STATION values (4298, '.', 2230, 246807.13, 5024254.47, -53.81);
insert into STATION values (4299, '.', 2230, 246806.49, 5024254.17, -49.23);
insert into STATION values (4300, '.', 2230, 246805.91, 5024254.52, -51.83);
insert into STATION values (4301, '.', 2230, 246806.19, 5024254.70, -51.72);
insert into STATION values (4302, '.', 2230, 246809.47, 5024252.36, -52.01);
insert into STATION values (4303, '.', 2230, 246809.85, 5024252.01, -53.29);
insert into STATION values (4304, '.', 2230, 246808.47, 5024252.38, -52.58);
insert into STATION values (4305, 'cv.7', 2230, 246808.07, 5024253.73, -51.27);
insert into STATION values (4306, '.', 2230, 246808.43, 5024253.26, -51.41);
insert into STATION values (4307, '.', 2230, 246808.85, 5024252.52, -52.88);
insert into STATION values (4308, '.', 2230, 246808.58, 5024252.60, -54.42);
insert into STATION values (4309, '.', 2230, 246807.61, 5024253.24, -51.70);
insert into STATION values (4310, '.', 2230, 246808.07, 5024253.90, -53.29);
insert into STATION values (4311, 'cv.8', 2230, 246808.26, 5024252.41, -51.79);
insert into STATION values (4312, '.', 2230, 246807.70, 5024253.05, -51.83);
insert into STATION values (4313, '.', 2230, 246808.90, 5024254.15, -66.91);
insert into STATION values (4314, '.', 2230, 246808.14, 5024252.35, -51.81);
insert into STATION values (4315, '.', 2230, 246809.16, 5024253.12, -51.96);
insert into STATION values (4316, 'cv.9', 2230, 246809.14, 5024254.85, -67.27);
insert into STATION values (4317, '.', 2230, 246806.52, 5024255.23, -65.07);
insert into STATION values (4318, '.', 2230, 246804.78, 5024253.98, -63.76);
insert into STATION values (4319, '.', 2230, 246807.16, 5024253.78, -65.20);
insert into STATION values (4320, '.', 2230, 246809.00, 5024255.58, -66.35);
insert into STATION values (4321, '.', 2230, 246809.83, 5024255.30, -67.16);
insert into STATION values (4322, '.', 2230, 246809.74, 5024254.65, -67.22);
insert into STATION values (4323, '.', 2230, 246809.48, 5024254.03, -65.32);
insert into STATION values (4324, '.', 2230, 246808.95, 5024255.22, -58.94);
insert into STATION values (4325, '.', 2230, 246804.50, 5024254.34, -55.89);
insert into STATION values (4326, '.', 2230, 246806.19, 5024254.47, -56.60);
insert into STATION values (4327, '.', 2230, 246810.62, 5024257.09, -62.04);
insert into STATION values (4328, '.', 2230, 246809.99, 5024256.11, -59.93);
insert into STATION values (4329, '.', 2230, 246809.92, 5024255.80, -57.69);
insert into STATION values (4330, '.', 2230, 246808.67, 5024255.55, -65.09);
insert into STATION values (4331, '.', 2230, 246809.62, 5024253.96, -64.43);
insert into STATION values (4332, 'cv.10', 2230, 246811.21, 5024256.86, -71.22);
insert into STATION values (4333, '.', 2230, 246811.02, 5024256.71, -67.28);
insert into STATION values (4334, '.', 2230, 246812.04, 5024256.18, -70.74);
insert into STATION values (4335, '.', 2230, 246810.16, 5024257.17, -70.95);
insert into STATION values (4336, '.', 2230, 246809.84, 5024256.17, -70.45);
insert into STATION values (4337, '.', 2230, 246809.72, 5024254.68, -69.72);
insert into STATION values (4338, '.', 2230, 246811.03, 5024255.61, -70.41);
insert into STATION values (4339, '.', 2230, 246810.47, 5024256.05, -68.62);
insert into STATION values (4340, 'cv.11', 2230, 246810.22, 5024257.53, -70.30);
insert into STATION values (4341, '.', 2230, 246810.60, 5024257.81, -70.27);
insert into STATION values (4342, '.', 2230, 246810.30, 5024257.48, -68.48);
insert into STATION values (4343, '.', 2230, 246810.44, 5024257.87, -72.41);
insert into STATION values (4344, 'cv.12', 2230, 246809.02, 5024258.91, -73.06);
insert into STATION values (4345, '.', 2230, 246809.30, 5024259.14, -73.05);
insert into STATION values (4346, '.', 2230, 246809.12, 5024258.83, -74.32);
insert into STATION values (4347, '.', 2230, 246809.01, 5024259.06, -70.59);
insert into STATION values (4348, '.', 2230, 246809.76, 5024257.94, -72.64);
insert into STATION values (4349, '.', 2230, 246809.59, 5024258.14, -72.41);
insert into STATION values (4350, '.', 2230, 246811.20, 5024256.16, -69.84);
insert into STATION values (4351, '.', 2230, 246810.99, 5024256.40, -68.98);
insert into STATION values (4352, '.', 2230, 246810.59, 5024257.05, -71.84);
insert into STATION values (4353, '.', 2230, 246810.11, 5024257.71, -72.64);
insert into STATION values (4354, 'cv.13', 2230, 246808.28, 5024260.59, -74.52);
insert into STATION values (4355, '.', 2230, 246807.90, 5024260.30, -74.38);
insert into STATION values (4356, '.', 2230, 246808.49, 5024260.74, -74.51);
insert into STATION values (4357, '.', 2230, 246808.79, 5024263.62, -107.73);
insert into STATION values (4358, '.', 2230, 246808.07, 5024260.63, -72.85);
insert into STATION values (4359, 'cv.14', 2230, 246807.41, 5024260.61, -76.94);
insert into STATION values (4360, '.', 2230, 246808.41, 5024261.19, -76.92);
insert into STATION values (4361, '.', 2230, 246807.45, 5024261.80, -75.96);
insert into STATION values (4362, '.', 2230, 246808.49, 5024260.04, -82.52);
insert into STATION values (4363, '.', 2230, 246809.43, 5024263.59, -111.19);
insert into STATION values (4364, '.', 2230, 246804.74, 5024268.25, -75.70);
insert into STATION values (4365, '.', 2230, 246806.17, 5024266.49, -76.33);
insert into STATION values (4366, '.', 2230, 246807.65, 5024262.87, -76.41);
insert into STATION values (4367, '.', 2230, 246808.08, 5024261.92, -76.81);
insert into STATION values (4368, '.', 2230, 246806.00, 5024267.68, -84.76);
insert into STATION values (4369, '.', 2230, 246807.47, 5024266.21, -83.70);
insert into STATION values (4370, '.', 2230, 246808.18, 5024262.36, -79.69);
insert into STATION values (4371, '.', 2230, 246807.79, 5024266.05, -83.64);
insert into STATION values (4372, '.', 2230, 246806.99, 5024266.19, -89.76);
insert into STATION values (4373, 'cv.15', 2230, 246807.06, 5024264.66, -75.64);
insert into STATION values (4374, '.', 2230, 246806.76, 5024268.75, -74.31);
insert into STATION values (4375, '.', 2230, 246805.86, 5024264.40, -75.58);
insert into STATION values (4376, '.', 2230, 246806.25, 5024264.42, -73.12);
insert into STATION values (4377, '.', 2230, 246806.39, 5024262.77, -76.13);
insert into STATION values (4378, '.', 2230, 246806.18, 5024263.95, -75.79);
insert into STATION values (4379, '.', 2230, 246807.09, 5024264.60, -75.88);
insert into STATION values (4380, '.', 2230, 246810.09, 5024261.14, -109.54);
insert into STATION values (4381, 'cv.16', 2230, 246805.51, 5024267.59, -74.72);
insert into STATION values (4382, 'cv.17', 2230, 246805.83, 5024267.14, -73.51);
insert into STATION values (4383, '0', 2234, 246823.64, 5024260.01, -126.59);
insert into STATION values (4384, '.', 2234, 246821.72, 5024259.27, -126.58);
insert into STATION values (4385, '.', 2234, 246822.25, 5024257.95, -126.44);
insert into STATION values (4386, '.', 2234, 246823.45, 5024258.21, -126.46);
insert into STATION values (4387, '.', 2234, 246823.79, 5024259.76, -126.55);
insert into STATION values (4388, '.', 2234, 246822.66, 5024259.57, -129.06);
insert into STATION values (4389, '1', 2234, 246821.82, 5024260.16, -117.93);
insert into STATION values (4390, '.', 2234, 246821.87, 5024261.01, -117.99);
insert into STATION values (4391, '.', 2234, 246821.04, 5024260.59, -118.01);
insert into STATION values (4392, '.', 2234, 246821.51, 5024261.06, -117.87);
insert into STATION values (4393, '.', 2234, 246820.65, 5024260.24, -118.01);
insert into STATION values (4394, '.', 2234, 246821.04, 5024259.58, -118.02);
insert into STATION values (4395, '.', 2234, 246821.54, 5024259.46, -117.96);
insert into STATION values (4396, '.', 2234, 246821.69, 5024260.67, -113.12);
insert into STATION values (4397, '2', 2234, 246821.69, 5024260.67, -113.12);
insert into STATION values (4398, '.', 2234, 246822.06, 5024261.19, -112.99);
insert into STATION values (4399, '.', 2234, 246821.65, 5024261.35, -113.00);
insert into STATION values (4400, '.', 2234, 246821.39, 5024261.23, -113.10);
insert into STATION values (4401, '.', 2234, 246821.05, 5024261.08, -113.14);
insert into STATION values (4402, '.', 2234, 246820.88, 5024260.70, -113.15);
insert into STATION values (4403, '.', 2234, 246820.88, 5024261.01, -113.17);
insert into STATION values (4404, '3', 2234, 246822.41, 5024262.70, -107.45);
insert into STATION values (4405, '.', 2234, 246822.59, 5024262.62, -107.56);
insert into STATION values (4406, '.', 2234, 246822.04, 5024263.04, -107.55);
insert into STATION values (4407, '.', 2234, 246822.65, 5024263.23, -107.68);
insert into STATION values (4408, '.', 2234, 246823.01, 5024263.01, -107.41);
insert into STATION values (4409, '.', 2234, 246821.62, 5024264.00, -103.84);
insert into STATION values (4410, '.', 2234, 246821.43, 5024263.52, -105.33);
insert into STATION values (4411, '.', 2234, 246821.32, 5024263.23, -105.62);
insert into STATION values (4412, '.', 2234, 246822.08, 5024264.01, -105.34);
insert into STATION values (4413, '.', 2234, 246821.82, 5024264.18, -103.84);
insert into STATION values (4414, '.', 2234, 246821.27, 5024263.71, -103.89);
insert into STATION values (4415, '0', 2442, 246765.49, 5024279.94, -102.09);
insert into STATION values (4416, '1', 2442, 246762.35, 5024286.68, -104.52);
insert into STATION values (4417, '2', 2442, 246756.64, 5024295.95, -106.84);
insert into STATION values (4418, '3', 2442, 246752.02, 5024306.81, -107.51);
insert into STATION values (4419, '4', 2442, 246748.62, 5024316.22, -106.42);
insert into STATION values (4420, '5', 2442, 246745.48, 5024325.90, -103.93);
insert into STATION values (4421, '6', 2442, 246743.03, 5024335.87, -101.05);
insert into STATION values (4422, '7', 2442, 246738.11, 5024348.94, -97.28);
insert into STATION_FLAG values(4422, 'fix');
insert into STATION values (4423, 'SE.0', 2449, 246859.69, 5024237.31, -110.11);
insert into STATION values (4424, '.', 2449, 246861.42, 5024236.27, -110.10);
insert into STATION values (4425, '.', 2449, 246857.23, 5024238.14, -110.23);
insert into STATION values (4426, '.', 2449, 246858.56, 5024237.02, -104.98);
insert into STATION values (4427, '.', 2449, 246861.76, 5024236.99, -116.48);
insert into STATION values (4428, '.', 2449, 246857.87, 5024234.70, -107.11);
insert into STATION values (4429, '.', 2449, 246861.09, 5024236.13, -109.46);
insert into STATION values (4430, '.', 2449, 246860.74, 5024234.85, -109.40);
insert into STATION values (4431, '.', 2449, 246859.05, 5024235.68, -110.06);
insert into STATION values (4432, '.', 2449, 246858.42, 5024237.28, -110.21);
insert into STATION values (4433, '.', 2449, 246857.69, 5024238.61, -111.88);
insert into STATION values (4434, '.', 2449, 246858.83, 5024237.57, -112.41);
insert into STATION values (4435, '.', 2449, 246859.61, 5024236.80, -117.19);
insert into STATION values (4436, '.', 2449, 246860.91, 5024235.98, -117.42);
insert into STATION values (4437, '.', 2449, 246860.61, 5024236.20, -116.80);
insert into STATION values (4438, '.', 2449, 246857.03, 5024236.99, -103.28);
insert into STATION values (4439, 'SE.1', 2449, 246856.70, 5024234.11, -103.03);
insert into STATION values (4440, '.', 2449, 246851.52, 5024229.97, -103.41);
insert into STATION values (4441, '.', 2449, 246853.86, 5024233.16, -103.07);
insert into STATION values (4442, '.', 2449, 246854.87, 5024234.43, -103.12);
insert into STATION values (4443, '.', 2449, 246857.90, 5024234.28, -103.08);
insert into STATION values (4444, '.', 2449, 246858.33, 5024235.49, -102.98);
insert into STATION values (4445, '.', 2449, 246857.42, 5024235.81, -103.15);
insert into STATION values (4446, '.', 2449, 246856.81, 5024234.20, -104.38);
insert into STATION values (4447, '.', 2449, 246857.46, 5024234.60, -91.56);
insert into STATION values (4448, 'SE.2', 2449, 246853.87, 5024232.86, -103.15);
insert into STATION values (4449, '.', 2449, 246852.83, 5024229.31, -103.69);
insert into STATION values (4450, '.', 2449, 246852.38, 5024229.85, -109.11);
insert into STATION values (4451, '.', 2449, 246851.85, 5024230.16, -112.32);
insert into STATION values (4452, '.', 2449, 246853.26, 5024231.68, -107.75);
insert into STATION values (4453, '.', 2449, 246853.75, 5024232.52, -105.64);
insert into STATION values (4454, '.', 2449, 246855.06, 5024233.82, -108.57);
insert into STATION values (4455, '.', 2449, 246855.40, 5024232.50, -103.27);
insert into STATION values (4456, '.', 2449, 246854.66, 5024231.40, -103.24);
insert into STATION values (4457, '.', 2449, 246854.01, 5024229.80, -103.31);
insert into STATION values (4458, '.', 2449, 246853.40, 5024229.00, -96.55);
insert into STATION values (4459, '.', 2449, 246854.41, 5024231.40, -95.24);
insert into STATION values (4460, '.', 2449, 246855.50, 5024233.98, -95.96);
insert into STATION values (4461, '.', 2449, 246855.48, 5024234.34, -102.73);
insert into STATION values (4462, '.', 2449, 246855.33, 5024234.88, -103.76);
insert into STATION values (4463, 'SE.3', 2449, 246855.02, 5024232.27, -94.76);
insert into STATION values (4464, '.', 2449, 246855.26, 5024233.16, -94.54);
insert into STATION values (4465, '.', 2449, 246855.67, 5024233.06, -94.48);
insert into STATION values (4466, '.', 2449, 246854.74, 5024232.64, -94.77);
insert into STATION values (4467, '.', 2449, 246854.44, 5024232.19, -94.77);
insert into STATION values (4468, '.', 2449, 246853.62, 5024231.43, -94.77);
insert into STATION values (4469, '.', 2449, 246855.38, 5024232.81, -95.07);
insert into STATION values (4470, '.', 2449, 246855.82, 5024233.16, -89.43);
insert into STATION values (4471, '.', 2449, 246855.37, 5024233.07, -89.03);
insert into STATION values (4472, 'SE.4', 2449, 246854.39, 5024232.70, -89.53);
insert into STATION values (4473, '.', 2449, 246854.47, 5024232.40, -89.56);
insert into STATION values (4474, '.', 2449, 246854.99, 5024232.55, -89.58);
insert into STATION values (4475, '.', 2449, 246856.24, 5024232.91, -90.01);
insert into STATION values (4476, '.', 2449, 246854.36, 5024232.33, -89.52);
insert into STATION values (4477, '.', 2449, 246854.32, 5024232.63, -90.29);
insert into STATION values (4478, '.', 2449, 246854.76, 5024232.55, -94.68);
insert into STATION values (4479, '.', 2449, 246854.45, 5024232.69, -88.66);
insert into STATION values (4480, '.', 2449, 246855.17, 5024232.63, -88.99);
insert into STATION values (4481, 'SE.5', 2449, 246851.69, 5024231.74, -88.27);
insert into STATION values (4482, '.', 2449, 246851.30, 5024233.60, -88.03);
insert into STATION values (4483, '.', 2449, 246852.73, 5024232.82, -88.32);
insert into STATION values (4484, '.', 2449, 246850.75, 5024233.32, -87.47);
insert into STATION values (4485, '.', 2449, 246852.15, 5024232.12, -83.98);
insert into STATION values (4486, '.', 2449, 246851.73, 5024232.01, -89.81);
insert into STATION values (4487, '.', 2449, 246852.04, 5024231.44, -88.22);
insert into STATION values (4488, '.', 2449, 246853.41, 5024231.75, -88.30);
insert into STATION values (4489, '.', 2449, 246848.82, 5024229.18, -85.92);
insert into STATION values (4490, '.', 2449, 246846.77, 5024228.86, -84.15);
insert into STATION values (4491, '.', 2449, 246850.26, 5024231.26, -86.99);
insert into STATION values (4492, '.', 2449, 246850.20, 5024231.71, -86.76);
insert into STATION values (4493, 'SE.6', 2449, 246842.85, 5024233.07, -80.10);
insert into STATION values (4494, '.', 2449, 246849.51, 5024233.47, -85.66);
insert into STATION values (4495, '.', 2449, 246849.81, 5024231.76, -86.15);
insert into STATION values (4496, '.', 2449, 246850.29, 5024229.61, -86.81);
insert into STATION values (4497, '.', 2449, 246847.16, 5024228.65, -84.79);
insert into STATION values (4498, '.', 2449, 246843.38, 5024229.62, -81.88);
insert into STATION values (4499, '.', 2449, 246842.48, 5024231.59, -80.45);
insert into STATION values (4500, '.', 2449, 246842.63, 5024231.66, -77.53);
insert into STATION values (4501, '.', 2449, 246843.55, 5024233.43, -82.12);
insert into STATION values (4502, '.', 2449, 246844.24, 5024232.65, -82.81);
insert into STATION values (4503, '.', 2449, 246846.48, 5024232.23, -84.30);
insert into STATION values (4504, '.', 2449, 246846.77, 5024230.65, -84.84);
insert into STATION values (4505, '.', 2449, 246843.77, 5024231.31, -82.57);
insert into STATION values (4506, '.', 2449, 246841.38, 5024232.20, -81.25);
insert into STATION values (4507, '.', 2449, 246841.67, 5024233.60, -81.25);
insert into STATION values (4508, 'SE.7', 2449, 246839.40, 5024234.41, -78.87);
insert into STATION values (4509, '.', 2449, 246840.00, 5024234.78, -78.73);
insert into STATION values (4510, '.', 2449, 246839.32, 5024234.14, -78.87);
insert into STATION values (4511, '.', 2449, 246839.44, 5024234.34, -79.43);
insert into STATION values (4512, '.', 2449, 246839.44, 5024234.58, -76.65);
insert into STATION values (4513, '.', 2449, 246835.96, 5024239.20, -78.04);
insert into STATION values (4514, 'SE.8', 2449, 246835.61, 5024238.87, -78.02);
insert into STATION values (4515, '.', 2449, 246835.13, 5024235.21, -77.80);
insert into STATION values (4516, '.', 2449, 246832.91, 5024235.22, -77.04);
insert into STATION values (4517, '.', 2449, 246833.07, 5024238.71, -78.09);
insert into STATION values (4518, '.', 2449, 246837.32, 5024238.88, -78.45);
insert into STATION values (4519, '.', 2449, 246838.07, 5024237.78, -78.60);
insert into STATION values (4520, '.', 2449, 246837.86, 5024236.08, -78.34);
insert into STATION values (4521, '.', 2449, 246835.77, 5024235.71, -75.09);
insert into STATION values (4522, '.', 2449, 246834.09, 5024235.15, -74.01);
insert into STATION values (4523, '.', 2449, 246832.97, 5024236.18, -73.25);
insert into STATION values (4524, '.', 2449, 246834.97, 5024236.98, -73.09);
insert into STATION values (4525, '.', 2449, 246833.35, 5024237.59, -69.63);
insert into STATION values (4526, '.', 2449, 246831.41, 5024238.87, -68.36);
insert into STATION values (4527, 'SE.9', 2449, 246830.39, 5024239.16, -68.58);
insert into STATION values (4528, '.', 2449, 246830.51, 5024239.53, -68.61);
insert into STATION values (4529, '.', 2449, 246830.39, 5024239.21, -68.30);
insert into STATION values (4530, '.', 2449, 246830.16, 5024239.94, -70.49);
insert into STATION values (4531, '.', 2449, 246821.52, 5024246.45, -60.46);
insert into STATION values (4532, '.', 2449, 246819.16, 5024248.42, -58.32);
insert into STATION values (4533, 'SE.10', 2449, 246821.60, 5024246.39, -60.38);
insert into STATION values (4534, 'SE.11', 2449, 246821.63, 5024243.58, -61.44);
insert into STATION values (4535, 'p110.0', 2453, 246876.34, 5024235.88, -190.73);
insert into STATION values (4536, '.', 2453, 246877.22, 5024237.10, -179.49);
insert into STATION values (4537, '.', 2453, 246876.83, 5024236.13, -190.69);
insert into STATION values (4538, '.', 2453, 246876.27, 5024236.84, -190.81);
insert into STATION values (4539, '.', 2453, 246877.28, 5024237.37, -194.68);
insert into STATION values (4540, '.', 2453, 246876.11, 5024235.68, -190.80);
insert into STATION values (4541, 'p110.1', 2453, 246877.31, 5024236.43, -194.06);
insert into STATION values (4542, '.', 2453, 246877.71, 5024237.41, -194.26);
insert into STATION values (4543, '.', 2453, 246877.13, 5024236.27, -194.12);
insert into STATION values (4544, '.', 2453, 246877.42, 5024236.93, -194.90);
insert into STATION values (4545, '.', 2453, 246876.75, 5024235.71, -190.32);
insert into STATION values (4546, '.', 2453, 246879.80, 5024236.79, -196.15);
insert into STATION values (4547, '.', 2453, 246878.62, 5024236.85, -195.71);
insert into STATION values (4548, '.', 2453, 246877.89, 5024236.85, -195.06);
insert into STATION values (4549, '.', 2453, 246874.91, 5024238.24, -191.79);
insert into STATION values (4550, 'p110.2', 2453, 246874.81, 5024238.29, -191.68);
insert into STATION values (4551, '.', 2453, 246874.97, 5024238.61, -192.64);
insert into STATION values (4552, '.', 2453, 246874.68, 5024238.16, -191.79);
insert into STATION values (4553, '.', 2453, 246873.92, 5024239.04, -191.80);
insert into STATION values (4554, 'p110.3', 2453, 246870.89, 5024242.31, -192.91);
insert into STATION values (4555, '.', 2453, 246872.77, 5024239.68, -192.77);
insert into STATION values (4556, '.', 2453, 246870.13, 5024241.20, -192.76);
insert into STATION values (4557, '.', 2453, 246871.86, 5024239.79, -192.96);
insert into STATION values (4558, '.', 2453, 246873.04, 5024241.94, -192.93);
insert into STATION values (4559, '.', 2453, 246872.04, 5024242.67, -192.96);
insert into STATION values (4560, 'p110.4', 2453, 246870.17, 5024242.55, -169.40);
insert into STATION values (4561, '.', 2453, 246869.42, 5024242.70, -169.44);
insert into STATION values (4562, '.', 2453, 246869.61, 5024245.77, -169.34);
insert into STATION values (4563, '.', 2453, 246871.13, 5024245.54, -169.59);
insert into STATION values (4564, '.', 2453, 246870.69, 5024243.43, -169.46);
insert into STATION values (4565, '.', 2453, 246870.18, 5024242.54, -169.58);
insert into STATION values (4566, '.', 2453, 246870.18, 5024242.54, -169.56);
insert into STATION values (4567, '.', 2453, 246870.19, 5024242.52, -169.79);
insert into STATION values (4568, '.', 2453, 246870.18, 5024242.53, -169.58);
insert into STATION values (4569, '.', 2453, 246870.18, 5024242.54, -169.54);
insert into STATION values (4570, '.', 2453, 246870.24, 5024242.50, -170.01);
insert into STATION values (4571, '.', 2453, 246870.18, 5024242.53, -169.53);
insert into STATION values (4572, 'p110.5', 2453, 246869.25, 5024242.48, -167.64);
insert into STATION values (4573, '.', 2453, 246869.75, 5024241.44, -167.64);
insert into STATION values (4574, '.', 2453, 246870.42, 5024242.27, -167.63);
insert into STATION values (4575, '.', 2453, 246871.15, 5024245.15, -167.88);
insert into STATION values (4576, '.', 2453, 246869.55, 5024246.56, -168.27);
insert into STATION values (4577, 'p110.6', 2453, 246870.18, 5024242.56, -164.59);
insert into STATION values (4578, '.', 2453, 246870.87, 5024244.35, -164.44);
insert into STATION values (4579, '.', 2453, 246869.49, 5024245.30, -164.75);
insert into STATION values (4580, '.', 2453, 246868.63, 5024244.61, -164.82);
insert into STATION values (4581, '.', 2453, 246869.16, 5024242.73, -164.81);
insert into STATION values (4582, '.', 2453, 246869.24, 5024241.99, -164.70);
insert into STATION values (4583, '.', 2453, 246869.80, 5024241.37, -164.65);
insert into STATION values (4584, 'p110.7', 2453, 246868.34, 5024241.77, -160.65);
insert into STATION values (4585, '.', 2453, 246868.37, 5024242.03, -160.68);
insert into STATION values (4586, '.', 2453, 246869.95, 5024244.11, -160.82);
insert into STATION values (4587, '.', 2453, 246870.74, 5024242.74, -160.83);
insert into STATION values (4588, '.', 2453, 246870.76, 5024241.65, -160.79);
insert into STATION values (4589, '.', 2453, 246868.14, 5024240.00, -160.88);
insert into STATION values (4590, '.', 2453, 246869.82, 5024240.02, -160.51);
insert into STATION values (4591, '.', 2453, 246867.54, 5024240.58, -160.46);
insert into STATION values (4592, 'p110.10', 2453, 246867.55, 5024240.56, -160.45);
insert into STATION values (4593, 'p110.8', 2453, 246866.20, 5024241.02, -153.71);
insert into STATION values (4594, '.', 2453, 246866.39, 5024240.49, -153.75);
insert into STATION values (4595, '.', 2453, 246866.50, 5024241.41, -153.73);
insert into STATION values (4596, '.', 2453, 246867.58, 5024240.38, -153.89);
insert into STATION values (4597, 'p110.9', 2453, 246864.41, 5024240.41, -148.42);
insert into STATION values (4598, '.', 2453, 246865.24, 5024240.25, -148.27);
insert into STATION values (4599, '.', 2453, 246865.27, 5024239.89, -148.13);
insert into STATION values (4600, '.', 2453, 246865.12, 5024239.47, -147.94);
insert into STATION values (4601, '.', 2453, 246865.54, 5024238.05, -147.38);
insert into STATION values (4602, '.', 2453, 246864.35, 5024238.70, -147.52);
insert into STATION values (4603, '.', 2453, 246863.28, 5024240.11, -147.69);
insert into STATION values (4604, '.', 2453, 246863.51, 5024241.28, -147.91);
insert into STATION values (4605, '.', 2453, 246864.69, 5024241.79, -148.25);
insert into STATION values (4606, '.', 2453, 246865.72, 5024241.82, -148.36);
insert into STATION values (4607, 'p110.11', 2453, 246864.61, 5024238.41, -139.50);
insert into STATION values (4608, '.', 2453, 246865.57, 5024236.88, -139.40);
insert into STATION values (4609, '.', 2453, 246866.20, 5024238.36, -139.46);
insert into STATION values (4610, '.', 2453, 246864.66, 5024240.96, -139.66);
insert into STATION values (4611, '.', 2453, 246865.65, 5024239.37, -139.66);
insert into STATION values (4612, '.', 2453, 246865.74, 5024239.37, -139.41);
insert into STATION values (4613, 'p110.12', 2453, 246864.91, 5024236.55, -138.00);
insert into STATION values (4614, '13', 2453, 246862.71, 5024238.30, -121.08);
insert into STATION values (4615, '.', 2453, 246861.77, 5024238.25, -121.18);
insert into STATION values (4616, '.', 2453, 246861.50, 5024237.15, -121.15);
insert into STATION values (4617, '.', 2453, 246862.79, 5024235.94, -120.60);
insert into STATION values (4618, '.', 2453, 246865.64, 5024234.23, -121.27);
insert into STATION values (4619, '.', 2453, 246866.53, 5024234.54, -120.82);
insert into STATION values (4620, '.', 2453, 246862.54, 5024237.39, -98.24);
insert into STATION values (4621, '14', 2453, 246861.19, 5024236.76, -118.03);
insert into STATION values (4622, '.', 2453, 246863.99, 5024237.51, -117.79);
insert into STATION values (4623, '.', 2453, 246866.83, 5024233.68, -118.77);
insert into STATION values (4624, '.', 2453, 246866.35, 5024237.82, -115.01);
insert into STATION values (4625, '.', 2453, 246861.53, 5024236.81, -116.37);
insert into STATION values (4626, '.', 2453, 246859.60, 5024236.66, -107.01);
insert into STATION values (4627, '.', 2453, 246857.12, 5024236.55, -103.74);
insert into STATION values (4628, '.', 2453, 246860.20, 5024236.77, -118.14);
insert into STATION values (4629, '.', 2453, 246858.68, 5024236.95, -117.15);
insert into STATION values (4630, '.', 2453, 246861.45, 5024237.58, -116.54);
insert into STATION values (4631, '15', 2453, 246859.57, 5024236.63, -112.21);
insert into STATION values (4632, '.', 2453, 246859.79, 5024237.07, -112.20);
insert into STATION values (4633, '.', 2453, 246858.93, 5024238.44, -112.27);
insert into STATION values (4634, '.', 2453, 246857.54, 5024238.56, -111.97);
insert into STATION values (4635, '.', 2453, 246858.18, 5024237.59, -112.15);
insert into STATION values (4636, '.', 2453, 246862.05, 5024236.04, -113.02);
insert into STATION values (4637, '.', 2453, 246861.32, 5024236.87, -112.50);
insert into STATION values (4638, '16', 2453, 246859.69, 5024237.31, -110.11);
insert into STATION values (4639, '0', 2457, 246884.90, 5024236.20, -201.62);
insert into STATION values (4640, '1', 2457, 246883.93, 5024236.81, -201.99);
insert into STATION values (4641, '2', 2457, 246882.51, 5024234.97, -201.94);
insert into STATION values (4642, '.', 2457, 246878.71, 5024237.07, -202.19);
insert into STATION values (4643, '.', 2457, 246880.01, 5024237.90, -202.13);
insert into STATION values (4644, '.', 2457, 246881.37, 5024237.75, -202.00);
insert into STATION values (4645, '.', 2457, 246882.65, 5024237.44, -202.19);
insert into STATION values (4646, '.', 2457, 246881.67, 5024236.52, -196.31);
insert into STATION values (4647, '.', 2457, 246882.05, 5024235.50, -203.06);
insert into STATION values (4648, '.', 2457, 246880.68, 5024236.36, -203.27);
insert into STATION values (4649, '3', 2457, 246880.94, 5024237.78, -201.87);
insert into STATION values (4650, '4', 2457, 246879.42, 5024236.56, -195.25);
insert into STATION values (4651, '5', 2457, 246878.91, 5024236.45, -195.13);
insert into STATION values (4652, '.', 2457, 246878.99, 5024236.65, -195.07);
insert into STATION values (4653, '.', 2457, 246878.88, 5024236.44, -194.74);
insert into STATION values (4654, '.', 2457, 246879.30, 5024236.36, -194.97);
insert into STATION values (4655, '.', 2457, 246879.46, 5024236.48, -195.75);
insert into STATION values (4656, '.', 2457, 246878.41, 5024236.89, -195.70);
insert into STATION values (4657, '.', 2457, 246878.74, 5024236.78, -195.13);
insert into STATION values (4658, '.', 2457, 246877.79, 5024237.09, -195.49);
insert into STATION values (4659, '6', 2457, 246877.89, 5024237.05, -194.75);
insert into STATION values (4660, '7', 2457, 246877.31, 5024236.43, -194.06);
insert into STATION values (4661, 'vire.0', 2615, 246799.19, 5024252.51, -47.67);
insert into STATION values (4662, '.', 2615, 246798.31, 5024252.95, -47.67);
insert into STATION values (4663, '.', 2615, 246799.20, 5024253.46, -47.73);
insert into STATION values (4664, '.', 2615, 246799.68, 5024253.06, -47.72);
insert into STATION values (4665, '.', 2615, 246799.41, 5024252.81, -48.80);
insert into STATION values (4666, 'vire.1', 2615, 246798.35, 5024252.99, -44.07);
insert into STATION values (4667, '.', 2615, 246798.93, 5024252.56, -44.11);
insert into STATION values (4668, '.', 2615, 246798.50, 5024252.19, -44.02);
insert into STATION values (4669, '.', 2615, 246798.48, 5024252.85, -42.70);
insert into STATION values (4670, 'vire.2', 2615, 246798.20, 5024251.96, -42.32);
insert into STATION values (4671, '.', 2615, 246798.29, 5024252.03, -43.83);
insert into STATION values (4672, '.', 2615, 246798.16, 5024252.07, -40.77);
insert into STATION values (4673, '.', 2615, 246798.36, 5024252.52, -41.83);
insert into STATION values (4674, '.', 2615, 246798.05, 5024251.90, -42.29);
insert into STATION values (4675, '.', 2615, 246796.88, 5024253.36, -42.30);
insert into STATION values (4676, '.', 2615, 246797.79, 5024253.08, -42.23);
insert into STATION values (4677, '.', 2615, 246797.50, 5024252.42, -42.45);
insert into STATION values (4678, '.', 2615, 246797.31, 5024252.54, -42.99);
insert into STATION values (4679, 'vire.3', 2615, 246796.94, 5024253.01, -38.80);
insert into STATION values (4680, '.', 2615, 246797.54, 5024252.62, -38.83);
insert into STATION values (4681, '.', 2615, 246798.58, 5024252.59, -43.88);
insert into STATION values (4682, '.', 2615, 246797.01, 5024253.11, -42.55);
insert into STATION values (4683, '.', 2615, 246797.60, 5024253.29, -42.24);
insert into STATION values (4684, '.', 2615, 246797.17, 5024252.55, -41.04);
insert into STATION values (4685, '.', 2615, 246795.97, 5024253.30, -40.76);
insert into STATION values (4686, '.', 2615, 246796.62, 5024252.52, -38.93);
insert into STATION values (4687, '.', 2615, 246795.67, 5024253.72, -38.81);
insert into STATION values (4688, '.', 2615, 246796.95, 5024252.99, -37.78);
insert into STATION values (4689, 'vire.4', 2615, 246797.17, 5024251.69, -37.20);
insert into STATION values (4690, '.', 2615, 246797.85, 5024252.21, -37.40);
insert into STATION values (4691, '.', 2615, 246797.20, 5024252.36, -37.37);
insert into STATION values (4692, '.', 2615, 246798.43, 5024251.20, -36.94);
insert into STATION values (4693, '.', 2615, 246797.20, 5024251.58, -37.66);
insert into STATION values (4694, '.', 2615, 246797.69, 5024251.84, -36.23);
insert into STATION values (4695, 'vire.5', 2615, 246797.78, 5024250.47, -36.35);
insert into STATION values (4696, '.', 2615, 246797.13, 5024250.41, -36.39);
insert into STATION values (4697, '.', 2615, 246797.77, 5024250.33, -36.84);
insert into STATION values (4698, '.', 2615, 246798.34, 5024250.55, -36.83);
insert into STATION values (4699, '.', 2615, 246797.46, 5024252.40, -36.53);
insert into STATION values (4700, '.', 2615, 246797.23, 5024251.17, -36.43);
insert into STATION values (4701, '.', 2615, 246796.42, 5024251.16, -36.77);
insert into STATION values (4702, '.', 2615, 246797.08, 5024251.26, -36.56);
insert into STATION values (4703, '.', 2615, 246797.27, 5024250.51, -36.50);
insert into STATION values (4704, '.', 2615, 246797.65, 5024250.40, -35.91);
insert into STATION values (4705, '.', 2615, 246797.03, 5024250.38, -36.29);
insert into STATION values (4706, 'vire.6', 2615, 246797.62, 5024250.38, -35.81);
insert into STATION values (4707, 'vire.7', 2615, 246799.38, 5024247.95, -33.45);
insert into STATION values (4708, '.', 2615, 246792.71, 5024246.00, -30.74);
insert into STATION values (4709, '.', 2615, 246798.62, 5024251.90, -32.78);
insert into STATION values (4710, '.', 2615, 246800.57, 5024248.98, -33.36);
insert into STATION values (4711, '.', 2615, 246797.30, 5024247.16, -19.53);
insert into STATION values (4712, '.', 2615, 246795.93, 5024248.64, -27.90);
insert into STATION values (4713, '.', 2615, 246792.48, 5024249.42, -28.64);
insert into STATION values (4714, '.', 2615, 246792.29, 5024245.01, -28.82);
insert into STATION values (4715, '.', 2615, 246799.06, 5024250.63, -32.00);
insert into STATION values (4716, '.', 2615, 246798.02, 5024248.52, -34.55);
insert into STATION values (4717, '.', 2615, 246795.53, 5024246.43, -18.62);
insert into STATION values (4718, '.', 2615, 246791.84, 5024245.28, -28.68);
insert into STATION values (4719, '.', 2615, 246792.04, 5024249.61, -29.50);
insert into STATION values (4720, '.', 2615, 246796.51, 5024251.83, -31.14);
insert into STATION values (4721, 'vire.8', 2615, 246791.55, 5024255.00, -25.40);
insert into STATION values (4722, '.', 2615, 246791.36, 5024253.21, -25.50);
insert into STATION values (4723, '.', 2615, 246791.46, 5024253.75, -24.31);
insert into STATION values (4724, '.', 2615, 246791.72, 5024254.81, -24.86);
insert into STATION values (4725, '.', 2615, 246792.80, 5024255.95, -27.31);
insert into STATION values (4726, '.', 2615, 246796.38, 5024255.99, -29.94);
insert into STATION values (4727, '.', 2615, 246789.48, 5024255.22, -23.10);
insert into STATION values (4728, 'vire.9', 2615, 246788.54, 5024255.03, -21.93);
insert into STATION_FLAG values(4728, 'ent');
insert into STATION values (4729, 'vire.10', 2615, 246796.41, 5024246.23, -32.41);
insert into STATION values (4730, '.', 2615, 246797.02, 5024244.61, -32.45);
insert into STATION values (4731, '.', 2615, 246794.69, 5024243.65, -32.17);
insert into STATION values (4732, '.', 2615, 246793.88, 5024245.62, -31.93);
insert into STATION values (4733, '.', 2615, 246792.40, 5024247.95, -30.97);
insert into STATION values (4734, '.', 2615, 246793.88, 5024250.67, -30.51);
insert into STATION values (4735, '.', 2615, 246797.91, 5024245.96, -32.41);
insert into STATION values (4736, '.', 2615, 246800.24, 5024248.86, -32.49);
insert into STATION values (4737, '.', 2615, 246799.03, 5024250.28, -32.33);
insert into STATION values (4738, '.', 2615, 246796.34, 5024247.32, -16.50);
insert into STATION values (4739, '.', 2615, 246798.73, 5024247.60, -22.78);
insert into STATION values (4740, '.', 2615, 246798.93, 5024247.65, -27.48);
insert into STATION values (4741, '.', 2615, 246791.92, 5024247.20, -25.44);
insert into STATION values (4742, '.', 2615, 246794.55, 5024249.79, -27.36);
insert into STATION values (4743, '.', 2615, 246796.91, 5024249.28, -28.13);
insert into STATION values (4744, 'vire.11', 2615, 246795.15, 5024246.01, -21.42);
insert into STATION values (4745, '.', 2615, 246794.15, 5024244.07, -21.45);
insert into STATION values (4746, '.', 2615, 246795.96, 5024244.92, -21.38);
insert into STATION values (4747, '.', 2615, 246795.79, 5024246.21, -21.45);
insert into STATION values (4748, '.', 2615, 246795.81, 5024246.85, -21.37);
insert into STATION values (4749, 'vire.12', 2615, 246795.37, 5024245.18, -15.63);
insert into STATION values (4750, '.', 2615, 246794.36, 5024245.71, -15.50);
insert into STATION values (4751, '.', 2615, 246794.70, 5024244.78, -15.68);
insert into STATION values (4752, '.', 2615, 246795.43, 5024244.71, -15.68);
insert into STATION values (4753, '.', 2615, 246795.52, 5024245.50, -15.75);
insert into STATION values (4754, '.', 2615, 246794.94, 5024245.53, -15.57);
insert into STATION values (4755, '.', 2615, 246795.72, 5024245.07, -15.68);
insert into STATION values (4756, '.', 2615, 246794.82, 5024243.77, -13.78);
insert into STATION values (4757, '.', 2615, 246794.57, 5024243.14, -12.95);
insert into STATION values (4758, '.', 2615, 246794.61, 5024243.22, -13.05);
insert into STATION values (4759, '.', 2615, 246794.82, 5024243.77, -13.78);
insert into STATION values (4760, '.', 2615, 246795.65, 5024246.61, -16.38);
insert into STATION values (4761, '.', 2615, 246795.08, 5024245.91, -16.23);
insert into STATION values (4762, '.', 2615, 246795.43, 5024244.97, -16.63);
insert into STATION values (4763, '.', 2615, 246795.76, 5024245.27, -15.53);
insert into STATION values (4764, '.', 2615, 246795.52, 5024245.97, -15.58);
insert into STATION values (4765, '.', 2615, 246794.54, 5024246.16, -15.92);
insert into STATION values (4766, '.', 2615, 246794.79, 5024245.79, -16.37);
insert into STATION values (4767, '.', 2615, 246795.94, 5024244.61, -16.04);
insert into STATION values (4768, 'vire.13', 2615, 246794.77, 5024245.60, -12.67);
insert into STATION values (4769, '.', 2615, 246795.14, 5024245.39, -13.73);
insert into STATION values (4770, '.', 2615, 246794.89, 5024245.15, -13.98);
insert into STATION values (4771, '.', 2615, 246795.21, 5024244.90, -13.78);
insert into STATION values (4772, '.', 2615, 246795.47, 5024244.81, -15.06);
insert into STATION values (4773, '.', 2615, 246795.13, 5024244.91, -14.79);
insert into STATION values (4774, 'vire.14', 2615, 246794.23, 5024245.27, -12.10);
insert into STATION values (4775, '.', 2615, 246793.22, 5024247.59, -9.64);
insert into STATION values (4776, '.', 2615, 246793.30, 5024245.05, -10.50);
insert into STATION values (4777, '.', 2615, 246794.20, 5024244.22, -11.36);
insert into STATION values (4778, '.', 2615, 246795.00, 5024244.75, -11.75);
insert into STATION values (4779, '.', 2615, 246794.80, 5024245.72, -11.74);
insert into STATION values (4780, '.', 2615, 246794.44, 5024246.12, -11.55);
insert into STATION values (4781, '.', 2615, 246793.69, 5024245.00, -7.72);
insert into STATION values (4782, '.', 2615, 246794.05, 5024244.90, -13.00);
insert into STATION values (4783, 'vire.15', 2615, 246793.17, 5024247.55, -9.64);
insert into STATION values (4784, '.', 2615, 246792.70, 5024246.96, -9.68);
insert into STATION values (4785, '.', 2615, 246792.71, 5024247.54, -9.68);
insert into STATION values (4786, '.', 2615, 246793.36, 5024247.02, -9.79);
insert into STATION values (4787, '.', 2615, 246791.25, 5024245.62, -7.99);
insert into STATION values (4788, 'vire.16', 2615, 246791.16, 5024248.74, -7.72);
insert into STATION_FLAG values(4788, 'ent');
insert into STATION values (4789, 'vire.17', 2615, 246792.93, 5024247.30, -6.22);
insert into STATION values (4790, 'vire.18', 2615, 246792.76, 5024246.69, -5.93);
insert into STATION_FLAG values(4790, 'fix');
insert into STATION values (4791, 'aura.1', 2729, 246791.99, 5024237.64, -38.47);
insert into STATION values (4792, 'aura.0', 2729, 246788.90, 5024240.35, -29.64);
insert into STATION values (4793, '.', 2729, 246789.48, 5024239.86, -31.24);
insert into STATION values (4794, '.', 2729, 246789.60, 5024241.53, -30.23);
insert into STATION values (4795, '.', 2729, 246788.31, 5024239.54, -29.46);
insert into STATION values (4796, '.', 2729, 246788.22, 5024240.81, -29.48);
insert into STATION values (4797, '.', 2729, 246788.71, 5024241.76, -29.61);
insert into STATION values (4798, 'aura.2', 2729, 246783.80, 5024241.17, -26.35);
insert into STATION values (4799, '.', 2729, 246786.17, 5024240.15, -26.28);
insert into STATION values (4800, '.', 2729, 246786.40, 5024242.35, -26.24);
insert into STATION values (4801, '.', 2729, 246783.02, 5024242.48, -26.28);
insert into STATION values (4802, '.', 2729, 246783.85, 5024241.30, -27.46);
insert into STATION values (4803, '.', 2729, 246782.38, 5024242.80, -22.03);
insert into STATION values (4804, 'aura.3', 2729, 246784.05, 5024241.58, -21.07);
insert into STATION values (4805, '.', 2729, 246785.46, 5024239.71, -20.63);
insert into STATION values (4806, '.', 2729, 246786.11, 5024241.00, -20.50);
insert into STATION values (4807, '.', 2729, 246783.22, 5024240.16, -20.98);
insert into STATION values (4808, 'aura.4', 2729, 246784.28, 5024240.55, -15.09);
insert into STATION values (4809, '.', 2729, 246783.31, 5024239.50, -14.85);
insert into STATION values (4810, '.', 2729, 246782.89, 5024240.23, -14.75);
insert into STATION values (4811, '.', 2729, 246782.78, 5024240.60, -14.87);
insert into STATION values (4812, '.', 2729, 246779.23, 5024241.36, -14.78);
insert into STATION values (4813, '.', 2729, 246781.04, 5024241.56, -14.69);
insert into STATION values (4814, '.', 2729, 246783.20, 5024241.38, -14.99);
insert into STATION values (4815, '.', 2729, 246783.41, 5024240.20, -11.46);
insert into STATION values (4816, '.', 2729, 246783.22, 5024239.49, -13.20);
insert into STATION values (4817, '.', 2729, 246784.98, 5024238.04, -14.32);
insert into STATION values (4818, '.', 2729, 246785.06, 5024241.10, -22.19);
insert into STATION values (4819, 'aura.5', 2729, 246781.12, 5024241.33, -13.22);
insert into STATION values (4820, '.', 2729, 246780.96, 5024240.64, -13.04);
insert into STATION values (4821, '.', 2729, 246781.01, 5024240.63, -13.19);
insert into STATION values (4822, '.', 2729, 246781.92, 5024240.28, -13.18);
insert into STATION values (4823, '.', 2729, 246783.92, 5024240.28, -13.16);
insert into STATION values (4824, '.', 2729, 246782.71, 5024241.29, -13.25);
insert into STATION values (4825, '.', 2729, 246781.67, 5024241.83, -13.11);
insert into STATION values (4826, '.', 2729, 246779.58, 5024240.17, -13.19);
insert into STATION values (4827, '.', 2729, 246780.46, 5024240.50, -13.00);
insert into STATION values (4828, '.', 2729, 246778.82, 5024241.25, -12.89);
insert into STATION values (4829, '.', 2729, 246780.55, 5024241.01, -16.24);
insert into STATION values (4830, '.', 2729, 246781.15, 5024241.49, -4.21);
insert into STATION values (4831, '.', 2729, 246782.90, 5024241.13, -5.94);
insert into STATION values (4832, 'aura.6', 2729, 246779.18, 5024241.39, -3.88);
insert into STATION values (4833, '.', 2729, 246779.35, 5024241.49, -3.90);
insert into STATION values (4834, '.', 2729, 246779.06, 5024241.19, -3.92);
insert into STATION values (4835, '.', 2729, 246779.45, 5024241.17, -4.02);
insert into STATION values (4836, '.', 2729, 246781.10, 5024239.55, -10.43);
insert into STATION values (4837, '.', 2729, 246779.13, 5024241.16, -7.04);
insert into STATION values (4838, '.', 2729, 246779.15, 5024241.38, -4.21);
insert into STATION values (4839, '.', 2729, 246778.36, 5024242.40, -3.87);
insert into STATION values (4840, 'aura.7', 2729, 246777.46, 5024242.91, -3.97);
insert into STATION values (4841, '.', 2729, 246778.08, 5024243.34, -3.92);
insert into STATION values (4842, '.', 2729, 246777.54, 5024242.73, -1.16);
insert into STATION values (4843, '.', 2729, 246777.69, 5024242.55, -6.38);
insert into STATION values (4844, '.', 2729, 246777.50, 5024242.28, -9.12);
insert into STATION values (4845, '.', 2729, 246777.41, 5024243.63, -3.95);
insert into STATION values (4846, 'aura.8', 2729, 246776.42, 5024243.63, -5.56);
insert into STATION values (4847, '.', 2729, 246776.13, 5024243.16, -5.60);
insert into STATION values (4848, '.', 2729, 246776.20, 5024243.61, -4.81);
insert into STATION values (4849, '.', 2729, 246776.37, 5024243.57, -6.22);
insert into STATION values (4850, '.', 2729, 246776.63, 5024243.25, -5.56);
insert into STATION values (4851, '.', 2729, 246776.58, 5024243.11, -5.55);
insert into STATION values (4852, '.', 2729, 246776.40, 5024243.69, -6.21);
insert into STATION values (4853, '.', 2729, 246776.74, 5024243.17, -4.25);
insert into STATION values (4854, 'aura.9', 2729, 246775.45, 5024245.12, -7.71);
insert into STATION values (4855, '.', 2729, 246775.28, 5024244.64, -5.95);
insert into STATION values (4856, '.', 2729, 246774.78, 5024245.17, -6.35);
insert into STATION values (4857, '.', 2729, 246775.44, 5024246.34, -5.72);
insert into STATION values (4858, '.', 2729, 246774.73, 5024246.63, -6.96);
insert into STATION values (4859, '.', 2729, 246776.16, 5024244.33, -6.94);
insert into STATION values (4860, 'aura.10', 2729, 246774.86, 5024245.39, -5.00);
insert into STATION values (4861, '.', 2729, 246774.94, 5024245.65, -4.98);
insert into STATION values (4862, '.', 2729, 246774.20, 5024246.35, -4.94);
insert into STATION values (4863, '.', 2729, 246775.44, 5024244.63, -5.05);
insert into STATION values (4864, '.', 2729, 246774.86, 5024244.94, -1.28);
insert into STATION values (4865, '.', 2729, 246774.17, 5024246.06, -3.59);
insert into STATION values (4866, '.', 2729, 246775.61, 5024244.45, -8.24);
insert into STATION values (4867, '.', 2729, 246775.10, 5024245.22, -7.70);
insert into STATION values (4868, 'aura.11', 2729, 246774.41, 5024246.07, 0.22);
insert into STATION_FLAG values(4868, 'ent');
insert into STATION values (4869, '.', 2729, 246774.99, 5024245.87, 0.12);
insert into STATION values (4870, '.', 2729, 246774.88, 5024244.88, 0.12);
insert into STATION values (4871, '.', 2729, 246774.80, 5024244.66, -1.67);
insert into STATION values (4872, '.', 2729, 246774.18, 5024245.34, -6.56);
insert into STATION values (4873, '.', 2729, 246774.79, 5024245.62, 1.54);
insert into STATION values (4874, 'ga.0', 2733, 246776.21, 5024246.46, 0.00);
insert into STATION_FLAG values(4874, 'fix');
insert into STATION values (4875, 'ga.1', 2733, 246775.42, 5024247.52, 0.36);
insert into STATION values (4876, 'ga.2', 2733, 246774.41, 5024246.07, 0.22);
insert into STATION values (4877, 'j1-3.0', 2804, 246791.63, 5024247.51, -5.93);
insert into STATION values (4878, 'j1-3.1', 2804, 246792.20, 5024243.13, -3.85);
insert into STATION values (4879, 'j1-3.2', 2804, 246792.40, 5024238.00, -5.12);
insert into STATION values (4880, 'j1-3.3', 2804, 246791.26, 5024239.26, -6.36);
insert into STATION values (4881, 'p1.0', 2826, 246797.00, 5024239.07, -11.64);
insert into STATION values (4882, 'p1.1', 2826, 246795.58, 5024241.03, -10.07);
insert into STATION values (4883, '.', 2826, 246795.91, 5024241.08, -10.06);
insert into STATION values (4884, '.', 2826, 246795.40, 5024240.99, -10.08);
insert into STATION values (4885, '.', 2826, 246795.82, 5024241.13, -10.73);
insert into STATION values (4886, '.', 2826, 246796.15, 5024241.18, -10.55);
insert into STATION values (4887, '.', 2826, 246795.83, 5024241.93, -10.42);
insert into STATION values (4888, '.', 2826, 246795.37, 5024240.62, -9.87);
insert into STATION values (4889, '.', 2826, 246795.48, 5024242.14, -10.08);
insert into STATION values (4890, '.', 2826, 246794.74, 5024242.38, -10.16);
insert into STATION values (4891, 'p1.2', 2826, 246794.97, 5024243.24, -10.31);
insert into STATION values (4892, '.', 2826, 246794.71, 5024243.07, -10.33);
insert into STATION values (4893, '.', 2826, 246794.61, 5024242.97, -9.20);
insert into STATION values (4894, '.', 2826, 246794.88, 5024243.12, -11.32);
insert into STATION values (4895, '.', 2826, 246794.75, 5024243.25, -10.63);
insert into STATION values (4896, '.', 2826, 246794.74, 5024243.06, -9.93);
insert into STATION values (4897, '.', 2826, 246794.96, 5024243.38, -10.01);
insert into STATION values (4898, '.', 2826, 246795.29, 5024243.39, -11.17);
insert into STATION values (4899, 'p1.3', 2826, 246794.23, 5024245.27, -12.10);
insert into STATION values (4900, '.', 2826, 246793.73, 5024245.29, -7.93);
insert into STATION values (4901, '.', 2826, 246794.35, 5024243.89, -11.92);
insert into STATION values (4902, '.', 2826, 246795.10, 5024245.85, -12.11);
insert into STATION values (4903, '.', 2826, 246793.17, 5024243.98, -11.42);
insert into STATION values (4904, '.', 2826, 246793.61, 5024246.27, -10.97);
insert into STATION values (4905, '.', 2826, 246793.94, 5024245.87, -8.46);
insert into STATION values (4906, '.', 2826, 246794.77, 5024244.24, -9.01);
insert into STATION values (4907, '.', 2826, 246795.28, 5024244.07, -9.94);
insert into STATION values (4908, '.', 2826, 246794.46, 5024246.17, -10.75);
insert into STATION values (4909, '.', 2826, 246794.84, 5024245.45, -10.18);
insert into STATION values (4910, '.', 2826, 246794.91, 5024244.91, -10.13);
insert into STATION values (4911, '.', 2826, 246793.39, 5024247.61, -10.16);
insert into STATION values (4912, 'p1.4', 2826, 246793.51, 5024247.41, -10.33);
insert into STATION values (4913, '.', 2826, 246793.19, 5024246.84, -10.18);
insert into STATION values (4914, '.', 2826, 246793.17, 5024247.59, -10.11);
insert into STATION values (4915, '.', 2826, 246793.84, 5024247.46, -10.26);
insert into STATION values (4916, '.', 2826, 246793.99, 5024246.53, -10.32);
insert into STATION values (4917, '.', 2826, 246793.79, 5024247.32, -11.34);
insert into STATION values (4918, '.', 2826, 246793.62, 5024247.52, -9.13);
insert into STATION values (4919, '.', 2826, 246793.08, 5024247.11, -8.85);
insert into STATION values (4920, 'p1.5', 2826, 246792.04, 5024249.32, -8.09);
insert into STATION values (4921, '.', 2826, 246792.10, 5024248.67, -8.08);
insert into STATION values (4922, '.', 2826, 246793.45, 5024248.33, -8.41);
insert into STATION values (4923, '.', 2826, 246791.03, 5024246.91, -11.13);
insert into STATION values (4924, '.', 2826, 246793.93, 5024246.54, -10.76);
insert into STATION values (4925, '.', 2826, 246791.72, 5024248.46, -8.06);
insert into STATION values (4926, 'p1.6', 2826, 246791.63, 5024247.51, -5.93);
insert into STATION values (4927, 'p3.0', 2857, 246792.77, 5024232.27, -41.17);
insert into STATION values (4928, '.', 2857, 246793.29, 5024229.72, -41.80);
insert into STATION values (4929, '.', 2857, 246793.48, 5024232.08, -41.61);
insert into STATION values (4930, '.', 2857, 246792.16, 5024234.35, -40.49);
insert into STATION values (4931, '.', 2857, 246792.77, 5024232.18, -40.58);
insert into STATION values (4932, 'p3.1', 2857, 246789.83, 5024233.85, -38.84);
insert into STATION values (4933, '.', 2857, 246790.37, 5024235.01, -38.75);
insert into STATION values (4934, '.', 2857, 246791.00, 5024233.06, -39.01);
insert into STATION values (4935, '.', 2857, 246789.33, 5024233.80, -40.71);
insert into STATION values (4936, '.', 2857, 246789.97, 5024233.80, -38.29);
insert into STATION values (4937, '.', 2857, 246788.68, 5024231.60, -38.97);
insert into STATION values (4938, '.', 2857, 246789.83, 5024230.38, -40.42);
insert into STATION values (4939, '.', 2857, 246791.10, 5024230.78, -40.82);
insert into STATION values (4940, '.', 2857, 246792.90, 5024233.47, -40.63);
insert into STATION values (4941, '.', 2857, 246787.10, 5024234.48, -36.22);
insert into STATION values (4942, 'p3.2', 2857, 246786.89, 5024233.31, -36.88);
insert into STATION values (4943, '.', 2857, 246786.98, 5024233.28, -36.55);
insert into STATION values (4944, '.', 2857, 246786.63, 5024233.41, -37.11);
insert into STATION values (4945, '.', 2857, 246785.48, 5024233.81, -36.28);
insert into STATION values (4946, '.', 2857, 246791.69, 5024230.45, -40.24);
insert into STATION values (4947, '.', 2857, 246786.43, 5024238.15, -36.49);
insert into STATION values (4948, 'p3.3', 2857, 246783.81, 5024231.52, -35.40);
insert into STATION values (4949, '.', 2857, 246784.26, 5024231.08, -35.44);
insert into STATION values (4950, '.', 2857, 246784.37, 5024231.25, -33.07);
insert into STATION values (4951, '.', 2857, 246783.58, 5024231.74, -31.03);
insert into STATION values (4952, '.', 2857, 246783.19, 5024229.61, -35.20);
insert into STATION values (4953, '.', 2857, 246785.00, 5024232.47, -35.20);
insert into STATION values (4954, 'p3.4', 2857, 246791.99, 5024237.64, -38.47);
insert into STATION values (4955, '.', 2857, 246790.03, 5024239.92, -37.64);
insert into STATION values (4956, '.', 2857, 246789.88, 5024239.92, -31.76);
insert into STATION values (4957, '.', 2857, 246787.20, 5024235.08, -37.47);
insert into STATION values (4958, '.', 2857, 246787.98, 5024236.89, -32.08);
insert into STATION values (4959, '.', 2857, 246792.30, 5024236.80, -37.12);
insert into STATION values (4960, '.', 2857, 246792.51, 5024237.12, -38.17);
insert into STATION values (4961, '.', 2857, 246792.67, 5024238.81, -20.48);
insert into STATION values (4962, '.', 2857, 246793.80, 5024239.52, -37.30);
insert into STATION values (4963, '.', 2857, 246792.40, 5024242.14, -37.65);
insert into STATION values (4964, 'p3.5', 2857, 246792.44, 5024237.83, -21.11);
insert into STATION values (4965, '.', 2857, 246790.12, 5024236.98, -21.10);
insert into STATION values (4966, '.', 2857, 246792.58, 5024236.28, -21.26);
insert into STATION values (4967, '.', 2857, 246790.96, 5024236.00, -21.30);
insert into STATION values (4968, '.', 2857, 246793.66, 5024237.41, -21.22);
insert into STATION values (4969, '.', 2857, 246795.86, 5024238.89, -21.13);
insert into STATION values (4970, '.', 2857, 246796.35, 5024238.25, -12.82);
insert into STATION values (4971, '.', 2857, 246793.07, 5024238.90, -14.26);
insert into STATION values (4972, '.', 2857, 246788.17, 5024240.40, -19.58);
insert into STATION values (4973, 'p3.6', 2857, 246793.22, 5024238.80, -14.49);
insert into STATION values (4974, '.', 2857, 246790.15, 5024235.77, -14.97);
insert into STATION values (4975, '.', 2857, 246791.40, 5024238.21, -14.47);
insert into STATION values (4976, '.', 2857, 246791.29, 5024240.70, -14.05);
insert into STATION values (4977, '.', 2857, 246796.44, 5024239.02, -15.08);
insert into STATION values (4978, 'p3.7', 2857, 246791.36, 5024238.33, -12.25);
insert into STATION values (4979, '.', 2857, 246791.79, 5024239.67, -11.90);
insert into STATION values (4980, '.', 2857, 246791.18, 5024238.92, -12.20);
insert into STATION values (4981, '.', 2857, 246791.27, 5024239.43, -12.20);
insert into STATION values (4982, '.', 2857, 246792.47, 5024238.88, -12.28);
insert into STATION values (4983, '.', 2857, 246792.64, 5024238.28, -12.27);
insert into STATION values (4984, 'p3.8', 2857, 246791.35, 5024239.62, -8.39);
insert into STATION values (4985, '.', 2857, 246790.43, 5024239.41, -8.50);
insert into STATION values (4986, '.', 2857, 246790.30, 5024239.77, -8.47);
insert into STATION values (4987, '.', 2857, 246791.18, 5024240.12, -8.36);
insert into STATION values (4988, 'p3.9', 2857, 246791.26, 5024239.26, -6.36);
insert into STATION values (4989, '.', 2857, 246792.40, 5024240.39, -6.55);
insert into STATION values (4990, '.', 2857, 246792.34, 5024239.63, -6.46);
insert into STATION values (4991, '.', 2857, 246791.30, 5024240.62, -6.35);
insert into STATION values (4992, '.', 2857, 246791.71, 5024239.15, -7.85);
insert into STATION values (4993, '.', 2857, 246792.18, 5024239.35, -5.86);
