create table SURVEY (ID integer, PARENT_ID integer, NAME varchar(40), FULL_NAME varchar(56), TITLE varchar(36));
create table CENTRELINE (ID integer, SURVEY_ID integer, TITLE varchar(4), TOPO_DATE date, EXPLO_DATE date, LENGTH real, SURFACE_LENGTH real, DUPLICATE_LENGTH real);
create table PERSON (ID integer, NAME varchar(13), SURNAME varchar(22));
create table EXPLO (PERSON_ID integer, CENTRELINE_ID integer);
create table TOPO (PERSON_ID integer, CENTRELINE_ID integer);
create table STATION (ID integer, NAME varchar(9), SURVEY_ID integer, X real, Y real, Z real);
create table STATION_FLAG (STATION_ID integer, FLAG char(3));
create table SHOT (ID integer, FROM_ID integer, TO_ID integer, CENTRELINE_ID integer, LENGTH real, BEARING real, GRADIENT real, ADJ_LENGTH real, ADJ_BEARING real, ADJ_GRADIENT real, ERR_LENGTH real, ERR_BEARING real, ERR_GRADIENT real);
create table SHOT_FLAG (SHOT_ID integer, FLAG char(3));
create table MAPS (ID integer, SURVEY_ID integer, NAME varchar(40), TITLE varchar(36), PROJID integer, LENGTH real, DEPTH real);
create table SCRAPS (ID integer, SURVEY_ID integer, NAME varchar(40), PROJID integer, MAX_DISTORTION real, AVG_DISTORTION real);
create table MAPITEMS (ID integer, TYPE integer, ITEMID integer);
insert into SURVEY values (1, 0, '', '', NULL);
 insert into CENTRELINE values (2, 1, NULL, NULL, NULL, 0.00, 0.00, 0.00);
 insert into SURVEY values (57, 1, 'Ded', 'Ded', 'Synthese topographie du Reseau Ded');
 insert into CENTRELINE values (58, 57, NULL, NULL, NULL, 0.00, 0.00, 0.00);
 insert into SURVEY values (59, 57, 'FT', 'FT.Ded', 'FT');
 insert into CENTRELINE values (60, 59, NULL, NULL, NULL, 0.00, 0.00, 0.00);
 insert into SURVEY values (61, 59, 'FT', 'FT.FT.Ded', 'Francois-Thierry');
 insert into CENTRELINE values (62, 61, NULL, NULL, NULL, 0.00, 0.00, 0.00);
 insert into CENTRELINE values (63, 61, NULL, '2022-04-24', NULL, 285.00, 0.00, 0.00);
 insert into PERSON values (1, 'Gervais', 'Bois(GUCEM)');
insert into TOPO values (1, 63);
 insert into PERSON values (2, 'Benoit', 'Urruty(GUCEM)');
insert into TOPO values (2, 63);
 insert into PERSON values (3, 'J.', 'Baujard');
insert into EXPLO values (3, 63);
 insert into PERSON values (4, 'Jean-Claude', 'Dobrilla');
insert into EXPLO values (4, 63);
 insert into PERSON values (5, 'Olivier', 'Dutel');
insert into EXPLO values (5, 63);
 insert into PERSON values (6, 'Bernard', 'Faure');
insert into EXPLO values (6, 63);
 insert into PERSON values (7, NULL, 'GSC');
insert into EXPLO values (7, 63);
 insert into PERSON values (8, 'Emmanuel', 'Gondras');
insert into EXPLO values (8, 63);
 insert into PERSON values (9, 'E.', 'Meygret');
insert into EXPLO values (9, 63);
 insert into SHOT values (1, 1, 2, 63, 2.930, 325.33, -5.30, 2.931, 325.33, -5.29, 0.001, 315.30, 43.22);
insert into SHOT values (2, 1, 3, 63, 2.530, 19.93, -2.10, 2.523, 19.94, -2.04, 0.008, 195.59, 20.85);
insert into SHOT values (3, 1, 4, 63, 2.300, 58.53, -0.40, 2.298, 58.52, -0.25, 0.006, 249.90, 73.40);
insert into SHOT values (4, 1, 5, 63, 3.500, 90.93, 6.20, 3.491, 90.99, 6.25, 0.010, 249.44, 11.68);
insert into SHOT values (5, 1, 6, 63, 3.830, 305.43, -79.20, 3.828, 304.80, -79.18, 0.008, 220.85, 15.09);
insert into SHOT values (6, 1, 7, 63, 3.190, 320.43, -21.30, 3.190, 320.32, -21.13, 0.011, 260.83, 51.87);
insert into SHOT values (7, 1, 8, 63, 3.850, 320.03, 38.80, 3.856, 320.00, 38.87, 0.008, 279.55, 70.59);
insert into SHOT values (8, 1, 9, 63, 4.980, 31.03, 65.60, 4.983, 31.06, 65.65, 0.006, 191.08, 59.04);
insert into SHOT values (9, 1, 10, 63, 5.960, 120.83, 53.20, 5.963, 120.88, 53.28, 0.009, 267.96, 53.65);
insert into SHOT values (10, 1, 11, 63, 8.500, 128.13, 79.80, 8.504, 128.24, 79.82, 0.006, 261.97, 47.10);
insert into SHOT values (11, 1, 12, 63, 2.270, 44.43, 32.60, 2.208, 44.78, 32.61, 0.063, 212.26, -31.48);
insert into SHOT values (12, 12, 13, 63, 8.750, 224.43, 61.60, 8.746, 223.86, 60.87, 0.119, 200.41, -28.52);
insert into SHOT values (13, 13, 14, 63, 1.140, 271.23, 3.40, 1.143, 271.51, 3.51, 0.006, 337.69, 21.79);
insert into SHOT values (14, 13, 15, 63, 1.680, 177.53, -1.00, 1.672, 177.60, -1.03, 0.009, 344.10, -4.57);
insert into SHOT values (15, 13, 16, 63, 5.530, 348.33, 2.50, 5.530, 348.30, 2.49, 0.003, 257.91, -23.92);
insert into SHOT values (16, 13, 17, 63, 2.700, 41.23, 7.80, 2.705, 41.07, 7.86, 0.010, 339.24, 21.99);
insert into SHOT values (17, 13, 18, 63, 2.120, 104.73, 1.40, 2.121, 104.76, 1.35, 0.002, 163.74, -58.72);
insert into SHOT values (18, 13, 19, 63, 2.860, 68.93, -5.00, 2.863, 68.83, -5.01, 0.006, 12.92, -7.02);
insert into SHOT values (19, 13, 20, 63, 8.190, 344.83, 53.40, 8.190, 344.83, 53.34, 0.009, 341.56, -34.40);
insert into SHOT values (20, 13, 21, 63, 4.690, 342.53, 80.10, 4.690, 342.69, 80.10, 0.002, 67.72, -4.21);
insert into SHOT values (21, 13, 22, 63, 9.070, 280.13, 75.70, 9.037, 279.59, 75.77, 0.041, 147.52, -45.40);
insert into SHOT values (22, 22, 23, 63, 0.440, 111.43, 0.80, 0.440, 111.32, 0.00, 0.006, 31.50, -81.75);
insert into SHOT values (23, 22, 24, 63, 0.520, 76.63, -3.90, 0.525, 76.76, -4.37, 0.007, 89.43, -41.36);
insert into SHOT values (24, 22, 25, 63, 0.380, 29.23, 1.50, 0.381, 29.93, 0.00, 0.011, 108.39, -64.55);
insert into SHOT values (25, 22, 26, 63, 0.380, 118.33, 59.10, 0.378, 116.57, 57.83, 0.011, 72.39, -35.08);
insert into SHOT values (26, 22, 27, 63, 1.180, 148.23, -49.40, 1.183, 147.76, -49.51, 0.008, 63.31, -32.43);
insert into SHOT values (27, 22, 28, 63, 1.330, 194.43, -42.80, 1.337, 194.18, -42.88, 0.009, 146.91, -47.13);
insert into SHOT values (28, 22, 29, 63, 2.280, 258.83, -50.40, 2.279, 258.85, -50.57, 0.007, 75.62, -28.32);
insert into SHOT values (29, 22, 30, 63, 2.600, 351.43, -55.40, 2.608, 351.43, -55.52, 0.010, 332.55, -89.46);
insert into SHOT values (30, 22, 31, 63, 7.650, 50.13, -86.20, 7.657, 50.63, -86.22, 0.008, 170.13, -53.37);
insert into SHOT values (31, 22, 32, 63, 6.760, 287.43, -79.70, 6.768, 287.38, -79.74, 0.010, 123.30, -66.87);
insert into SHOT values (32, 22, 33, 63, 5.500, 268.63, -72.20, 5.503, 268.64, -72.22, 0.003, 80.68, -75.40);
insert into SHOT values (33, 22, 34, 63, 5.570, 305.73, -67.10, 5.577, 305.60, -67.16, 0.011, 185.76, -57.23);
insert into SHOT values (34, 22, 35, 63, 3.110, 223.93, -78.00, 3.117, 223.11, -78.08, 0.013, 116.72, -39.53);
insert into SHOT values (35, 22, 36, 63, 2.520, 177.43, 23.70, 2.569, 177.33, 23.15, 0.055, 173.12, -3.01);
insert into SHOT values (36, 36, 37, 63, 1.100, 107.33, 3.00, 1.102, 107.45, 2.60, 0.008, 153.26, -67.87);
insert into SHOT values (37, 36, 38, 63, 1.270, 56.53, 0.20, 1.270, 56.56, 0.00, 0.004, 122.09, -81.23);
insert into SHOT values (38, 36, 39, 63, 1.000, 6.33, -0.30, 0.996, 6.34, -0.58, 0.006, 184.25, -50.72);
insert into SHOT values (39, 36, 40, 63, 1.160, 341.53, -4.00, 1.164, 341.41, -4.43, 0.010, 305.14, -65.17);
insert into SHOT values (40, 36, 41, 63, 0.550, 300.23, 8.00, 0.547, 299.88, 7.36, 0.008, 172.30, -56.88);
insert into SHOT values (41, 36, 42, 63, 0.930, 57.53, -83.50, 0.936, 56.31, -83.37, 0.007, 18.67, -58.41);
insert into SHOT values (42, 36, 43, 63, 2.300, 40.03, 65.30, 2.302, 39.96, 65.21, 0.005, 23.78, 5.49);
insert into SHOT values (43, 36, 44, 63, 2.870, 67.93, 80.10, 2.864, 67.56, 79.99, 0.009, 30.46, -53.62);
insert into SHOT values (44, 36, 45, 63, 3.580, 348.93, 63.40, 3.578, 348.83, 63.43, 0.004, 215.68, -15.40);
insert into SHOT values (45, 36, 46, 63, 2.370, 24.23, 62.60, 2.365, 24.44, 62.62, 0.007, 152.80, -38.71);
insert into SHOT values (46, 36, 47, 63, 4.550, 357.43, 76.40, 4.497, 357.75, 76.88, 0.065, 170.77, -40.62);
insert into SHOT values (47, 47, 48, 63, 1.870, 86.03, 0.40, 1.865, 86.00, 0.31, 0.006, 276.27, -29.03);
insert into SHOT values (48, 47, 49, 63, 3.210, 124.63, 8.80, 3.214, 124.74, 8.77, 0.007, 181.24, -8.54);
insert into SHOT values (49, 47, 50, 63, 2.630, 148.93, 14.20, 2.631, 149.11, 14.08, 0.010, 223.37, -31.62);
insert into SHOT values (50, 47, 51, 63, 2.360, 177.03, 8.80, 2.361, 177.05, 8.77, 0.002, 219.77, -41.50);
insert into SHOT values (51, 47, 52, 63, 2.140, 114.43, 63.20, 2.137, 114.69, 63.37, 0.009, 263.85, -0.90);
insert into SHOT values (52, 47, 53, 63, 2.710, 219.43, 87.40, 2.713, 218.66, 87.29, 0.006, 200.79, 27.32);
insert into SHOT values (53, 47, 54, 63, 1.710, 195.83, 57.10, 1.710, 196.11, 56.77, 0.011, 225.85, -32.01);
insert into SHOT values (54, 47, 55, 63, 3.870, 159.13, 41.40, 3.875, 159.26, 41.35, 0.009, 208.51, 4.85);
insert into SHOT values (55, 47, 56, 63, 2.520, 172.93, 4.80, 2.528, 172.93, 4.77, 0.008, 172.73, -6.21);
insert into SHOT values (56, 47, 57, 63, 4.340, 166.73, 40.80, 4.369, 166.84, 40.19, 0.055, 173.47, -16.74);
insert into SHOT values (57, 57, 58, 63, 0.980, 253.73, 7.00, 0.988, 253.41, 6.98, 0.010, 219.73, 3.33);
insert into SHOT values (58, 57, 59, 63, 1.150, 308.03, 6.80, 1.148, 307.87, 6.50, 0.007, 188.94, -59.88);
insert into SHOT values (59, 57, 60, 63, 1.300, 248.33, 0.20, 1.302, 248.36, 0.00, 0.005, 269.77, -67.64);
insert into SHOT values (60, 57, 61, 63, 1.900, 345.73, -10.80, 1.892, 345.66, -10.97, 0.010, 180.17, -24.37);
insert into SHOT values (61, 57, 62, 63, 1.930, 7.93, -3.50, 1.921, 7.79, -3.58, 0.010, 216.23, -12.42);
insert into SHOT values (62, 57, 63, 63, 2.180, 30.63, -2.20, 2.176, 30.69, -2.37, 0.008, 179.23, -55.04);
insert into SHOT values (63, 57, 64, 63, 3.470, 313.43, 75.60, 3.469, 313.12, 75.59, 0.005, 225.48, -11.89);
insert into SHOT values (64, 57, 65, 63, 4.080, 236.83, 36.50, 4.088, 236.21, 35.95, 0.053, 185.79, -30.35);
insert into SHOT values (65, 65, 66, 63, 1.850, 252.93, 9.50, 1.845, 253.06, 9.67, 0.008, 37.61, 33.69);
insert into SHOT values (66, 65, 67, 63, 1.480, 301.43, 8.90, 1.486, 301.63, 8.90, 0.008, 342.37, 7.45);
insert into SHOT values (67, 65, 68, 63, 2.240, 353.33, -2.60, 2.247, 353.35, -2.55, 0.008, 358.70, 12.23);
insert into SHOT values (68, 65, 69, 63, 3.060, 21.83, -2.80, 3.064, 21.87, -2.81, 0.004, 49.80, -6.69);
insert into SHOT values (69, 65, 70, 63, 1.600, 64.13, -83.20, 1.602, 62.10, -83.10, 0.007, 356.38, -9.68);
insert into SHOT values (70, 65, 71, 63, 2.500, 50.33, -49.90, 2.499, 50.29, -49.84, 0.003, 12.32, 47.26);
insert into SHOT values (71, 65, 72, 63, 4.530, 278.13, 64.00, 4.531, 278.37, 63.93, 0.010, 335.49, -8.74);
insert into SHOT values (72, 65, 73, 63, 4.720, 317.33, 59.00, 4.725, 317.33, 58.99, 0.005, 316.27, 50.14);
insert into SHOT values (73, 65, 74, 63, 5.030, 354.93, 52.90, 5.033, 354.91, 52.82, 0.008, 345.68, -13.04);
insert into SHOT values (74, 65, 75, 63, 5.440, 6.63, 52.80, 5.439, 6.63, 52.76, 0.004, 2.74, -46.21);
insert into SHOT values (75, 65, 76, 63, 5.270, 3.93, 71.50, 5.273, 3.77, 71.49, 0.006, 290.45, 25.11);
insert into SHOT values (76, 65, 77, 63, 6.050, 332.63, 79.10, 6.050, 332.54, 79.05, 0.006, 314.53, -8.44);
insert into SHOT values (77, 65, 78, 63, 11.100, 316.13, 72.80, 11.106, 316.23, 72.81, 0.009, 52.22, 47.33);
insert into SHOT values (78, 65, 79, 63, 10.110, 331.63, 73.80, 10.065, 331.53, 74.53, 0.136, 153.73, -3.61);
insert into SHOT values (79, 79, 80, 63, 2.150, 225.43, 6.50, 2.156, 225.57, 6.39, 0.009, 263.52, -22.45);
insert into SHOT values (80, 79, 81, 63, 1.380, 264.23, 3.00, 1.389, 264.21, 2.89, 0.009, 260.40, -13.89);
insert into SHOT values (81, 79, 82, 63, 1.530, 308.83, 2.50, 1.538, 308.66, 2.24, 0.012, 279.44, -35.60);
insert into SHOT values (82, 79, 83, 63, 1.820, 336.33, 5.80, 1.822, 336.26, 5.67, 0.005, 297.37, -48.09);
insert into SHOT values (83, 79, 84, 63, 3.830, 350.73, 7.90, 3.827, 350.59, 7.81, 0.012, 245.42, -32.87);
insert into SHOT values (84, 79, 85, 63, 3.120, 24.63, 9.30, 3.119, 24.57, 9.22, 0.005, 289.86, -50.24);
insert into SHOT values (85, 79, 86, 63, 2.970, 40.63, 7.30, 2.959, 40.58, 7.18, 0.013, 235.86, -36.08);
insert into SHOT values (86, 79, 87, 63, 2.290, 235.93, -61.30, 2.296, 236.02, -61.10, 0.010, 246.27, -7.71);
insert into SHOT values (87, 79, 88, 63, 2.020, 260.63, -71.00, 2.021, 260.39, -70.96, 0.003, 200.83, -0.95);
insert into SHOT values (88, 79, 89, 63, 1.710, 348.13, -71.70, 1.714, 348.06, -71.94, 0.008, 175.56, -49.86);
insert into SHOT values (89, 79, 90, 63, 3.630, 7.63, 8.00, 3.554, 7.67, 7.76, 0.077, 185.81, -18.99);
insert into SHOT values (90, 90, 91, 63, 1.490, 253.23, -86.70, 1.492, 255.96, -86.83, 0.006, 24.11, -25.42);
insert into SHOT values (91, 90, 92, 63, 2.430, 178.03, -40.40, 2.434, 177.83, -40.48, 0.008, 94.90, -38.05);
insert into SHOT values (92, 90, 93, 63, 2.210, 149.83, -30.40, 2.213, 149.81, -30.40, 0.003, 134.10, -29.82);
insert into SHOT values (93, 90, 94, 63, 4.650, 194.83, -0.60, 4.645, 194.84, -0.62, 0.005, 3.22, -15.15);
insert into SHOT values (94, 90, 95, 63, 1.570, 236.23, -0.70, 1.564, 236.21, -0.73, 0.006, 62.79, -8.23);
insert into SHOT values (95, 90, 96, 63, 1.150, 288.03, -4.40, 1.151, 288.28, -4.48, 0.005, 3.31, -19.25);
insert into SHOT values (96, 90, 97, 63, 2.210, 143.73, 7.00, 2.213, 143.70, 7.01, 0.003, 121.21, 13.45);
insert into SHOT values (97, 90, 98, 63, 2.680, 172.03, 4.50, 2.674, 172.02, 4.50, 0.006, 356.58, -2.60);
insert into SHOT values (98, 90, 99, 63, 9.430, 265.93, 71.10, 9.393, 265.31, 70.99, 0.053, 185.41, -51.18);
insert into SHOT values (99, 99, 100, 63, 1.310, 16.33, 7.10, 1.311, 16.07, 7.01, 0.006, 294.25, -17.48);
insert into SHOT values (100, 99, 101, 63, 2.950, 60.43, 8.90, 2.947, 60.35, 8.98, 0.006, 290.39, 34.42);
insert into SHOT values (101, 99, 102, 63, 2.350, 119.33, 3.70, 2.347, 119.41, 3.66, 0.005, 254.84, -19.71);
insert into SHOT values (102, 99, 103, 63, 2.050, 165.63, 16.80, 2.047, 165.82, 16.76, 0.008, 279.11, -19.55);
insert into SHOT values (103, 99, 104, 63, 1.790, 178.33, 1.30, 1.791, 178.40, 1.28, 0.002, 239.73, -14.16);
insert into SHOT values (104, 99, 105, 63, 0.380, 226.33, -9.50, 0.387, 227.12, -8.92, 0.009, 262.21, 16.84);
insert into SHOT values (105, 99, 106, 63, 3.730, 98.23, 87.00, 3.725, 98.97, 87.04, 0.006, 237.38, -52.13);
insert into SHOT values (106, 99, 107, 63, 3.350, 88.63, 64.40, 3.346, 88.41, 64.50, 0.009, 307.58, -7.27);
insert into SHOT values (107, 99, 108, 63, 2.650, 95.63, 41.70, 2.641, 95.54, 41.79, 0.010, 294.80, -16.03);
insert into SHOT values (108, 99, 109, 63, 12.740, 266.93, 73.50, 12.705, 266.38, 73.32, 0.064, 216.44, -45.12);
insert into SHOT values (109, 109, 110, 63, 0.680, 262.33, 2.90, 0.677, 262.35, 3.39, 0.006, 78.58, 60.88);
insert into SHOT values (110, 109, 111, 63, 0.770, 300.83, 2.20, 0.767, 300.58, 2.24, 0.004, 170.97, 5.72);
insert into SHOT values (111, 109, 112, 63, 5.780, 326.53, 2.70, 5.781, 326.59, 2.68, 0.006, 46.88, -22.74);
insert into SHOT values (112, 109, 113, 63, 1.080, 1.33, 5.30, 1.085, 1.59, 5.29, 0.007, 45.54, 1.96);
insert into SHOT values (113, 109, 114, 63, 1.170, 342.63, -73.10, 1.169, 342.65, -73.34, 0.005, 161.67, -6.20);
insert into SHOT values (114, 109, 115, 63, 1.170, 350.63, -54.80, 1.168, 350.68, -54.45, 0.008, 357.23, 52.95);
insert into SHOT values (115, 109, 116, 63, 1.180, 306.13, 67.70, 1.177, 305.84, 67.83, 0.005, 157.85, -21.93);
insert into SHOT values (116, 109, 117, 63, 3.980, 310.93, 61.40, 3.986, 310.96, 61.42, 0.006, 340.00, 71.33);
insert into SHOT values (117, 109, 118, 63, 6.390, 339.43, 15.80, 6.316, 339.30, 15.61, 0.078, 171.38, -30.61);
insert into SHOT values (118, 118, 119, 63, 5.210, 53.33, 0.70, 5.202, 53.28, 0.77, 0.011, 263.04, 35.99);
insert into SHOT values (119, 118, 120, 63, 3.550, 82.33, 5.50, 3.548, 82.35, 5.50, 0.003, 233.86, -5.66);
insert into SHOT values (120, 118, 121, 63, 2.730, 121.63, -2.00, 2.727, 121.65, -1.89, 0.006, 286.87, 59.29);
insert into SHOT values (121, 118, 122, 63, 6.460, 126.83, -75.40, 6.459, 127.01, -75.40, 0.005, 221.01, 15.39);
insert into SHOT values (122, 118, 123, 63, 1.500, 173.53, 14.40, 1.507, 173.70, 14.60, 0.010, 209.89, 43.46);
insert into SHOT values (123, 118, 124, 63, 3.040, 136.93, 7.60, 3.035, 137.02, 7.76, 0.011, 279.94, 45.54);
insert into SHOT values (124, 118, 125, 63, 7.110, 72.93, -39.60, 7.104, 72.89, -39.62, 0.008, 286.34, 15.80);
insert into SHOT values (125, 118, 126, 63, 3.990, 175.33, -65.80, 3.990, 175.44, -65.81, 0.003, 273.09, -11.64);
insert into SHOT values (126, 118, 127, 63, 10.280, 237.03, 72.20, 10.258, 236.55, 71.54, 0.123, 222.60, -28.07);
insert into SHOT values (127, 127, 128, 63, 0.580, 289.93, -4.10, 0.577, 290.32, -3.97, 0.005, 54.24, 17.15);
insert into SHOT values (128, 127, 129, 63, 1.210, 8.63, -8.00, 1.214, 8.60, -7.57, 0.010, 1.72, 57.50);
insert into SHOT values (129, 127, 130, 63, 2.420, 199.93, -4.10, 2.420, 199.86, -4.03, 0.004, 105.27, 45.37);
insert into SHOT values (130, 127, 131, 63, 3.150, 220.93, -3.60, 3.146, 221.00, -3.46, 0.009, 356.54, 56.80);
insert into SHOT values (131, 127, 132, 63, 2.610, 232.03, -5.00, 2.610, 232.03, -4.84, 0.007, 210.22, 86.60);
insert into SHOT values (132, 127, 133, 63, 4.490, 246.73, 25.50, 4.490, 246.73, 25.60, 0.008, 73.13, 65.90);
insert into SHOT values (133, 127, 134, 63, 6.630, 151.73, -79.50, 6.620, 151.73, -79.53, 0.010, 331.87, 62.45);
insert into SHOT values (134, 127, 135, 63, 4.520, 225.53, -63.80, 4.514, 225.41, -63.79, 0.007, 116.37, 50.45);
insert into SHOT values (135, 127, 136, 63, 3.690, 26.13, -82.90, 3.688, 26.00, -82.90, 0.002, 301.11, 58.90);
insert into SHOT values (136, 127, 137, 63, 5.740, 81.93, -59.00, 5.742, 81.84, -58.97, 0.006, 30.04, 1.37);
insert into SHOT values (137, 127, 138, 63, 2.560, 26.13, 0.10, 2.504, 26.57, 0.00, 0.059, 187.36, -4.35);
insert into SHOT values (138, 138, 139, 63, 0.320, 131.83, 5.20, 0.312, 132.40, 3.67, 0.012, 288.86, -48.82);
insert into SHOT values (139, 138, 140, 63, 0.240, 304.33, -1.70, 0.244, 304.99, -2.35, 0.006, 338.01, -29.59);
insert into SHOT values (140, 138, 141, 63, 1.370, 49.33, 32.10, 1.368, 49.18, 31.77, 0.009, 355.65, -65.19);
insert into SHOT values (141, 138, 142, 63, 1.350, 312.33, 69.90, 1.344, 311.53, 69.64, 0.011, 250.93, -46.28);
insert into SHOT values (142, 138, 143, 63, 1.870, 285.23, 84.40, 1.869, 285.52, 84.26, 0.005, 297.63, -13.62);
insert into SHOT values (143, 138, 144, 63, 1.840, 41.83, 71.10, 1.837, 41.55, 71.33, 0.009, 241.43, -5.33);
insert into SHOT values (144, 138, 145, 63, 2.300, 341.43, 78.20, 2.245, 340.35, 78.54, 0.058, 180.51, -63.29);
insert into SHOT values (145, 145, 146, 63, 0.520, 318.23, -15.30, 0.513, 318.27, -14.69, 0.009, 134.94, 51.21);
insert into SHOT values (146, 145, 147, 63, 0.430, 271.93, -12.80, 0.430, 271.36, -12.09, 0.007, 192.59, 51.17);
insert into SHOT values (147, 145, 148, 63, 1.120, 321.63, 42.70, 1.117, 321.45, 42.88, 0.005, 170.36, 4.86);
insert into SHOT values (148, 145, 149, 63, 0.780, 358.53, 34.70, 0.782, 359.10, 35.11, 0.009, 99.38, 42.46);
insert into SHOT values (149, 145, 150, 63, 0.590, 342.03, 19.90, 0.582, 341.90, 20.08, 0.008, 171.60, -6.03);
insert into SHOT values (150, 145, 151, 63, 2.060, 115.53, -75.00, 2.060, 115.60, -75.03, 0.001, 259.87, -9.79);
insert into SHOT values (151, 145, 152, 63, 1.860, 228.23, 7.60, 1.858, 228.08, 7.73, 0.007, 110.55, 36.36);
insert into SHOT values (152, 145, 153, 63, 2.760, 336.33, 30.60, 2.682, 336.21, 30.72, 0.078, 160.22, -26.55);
insert into SHOT values (153, 153, 154, 63, 1.250, 205.63, 1.80, 1.253, 205.54, 1.83, 0.004, 172.49, 11.57);
insert into SHOT values (154, 153, 155, 63, 1.210, 259.13, 17.20, 1.216, 259.08, 17.23, 0.006, 246.95, 22.61);
insert into SHOT values (155, 153, 156, 63, 2.660, 302.23, 15.00, 2.666, 302.15, 15.00, 0.007, 266.81, 13.15);
insert into SHOT values (156, 153, 157, 63, 2.790, 333.23, 13.60, 2.789, 333.25, 13.69, 0.004, 131.52, 65.91);
insert into SHOT values (157, 153, 158, 63, 1.780, 4.03, 5.80, 1.783, 3.88, 5.79, 0.006, 307.72, 1.20);
insert into SHOT values (158, 153, 159, 63, 1.930, 23.63, 5.20, 1.929, 23.63, 5.35, 0.005, 208.77, 78.93);
insert into SHOT values (159, 153, 160, 63, 2.600, 49.63, 1.70, 2.598, 49.69, 1.76, 0.004, 181.22, 41.30);
insert into SHOT values (160, 153, 161, 63, 2.320, 67.33, 5.90, 2.321, 67.32, 5.94, 0.002, 41.16, 61.15);
insert into SHOT values (161, 153, 162, 63, 1.300, 112.13, 2.90, 1.298, 112.21, 3.09, 0.005, 252.11, 56.43);
insert into SHOT values (162, 153, 163, 63, 1.170, 143.63, -1.30, 1.166, 143.72, -0.98, 0.008, 297.50, 58.23);
insert into SHOT values (163, 153, 164, 63, 1.490, 63.73, -46.00, 1.490, 63.68, -45.88, 0.003, 43.81, 34.29);
insert into SHOT values (164, 153, 165, 63, 6.220, 325.73, 75.40, 6.221, 325.40, 75.41, 0.009, 231.54, 5.28);
insert into SHOT values (165, 153, 166, 63, 3.700, 324.03, 23.70, 3.700, 324.01, 23.75, 0.003, 184.09, 54.01);
insert into SHOT values (166, 153, 167, 63, 5.000, 326.13, 31.50, 5.001, 326.09, 31.46, 0.005, 272.21, -30.68);
insert into SHOT values (167, 153, 168, 63, 5.130, 327.23, 40.00, 5.057, 326.93, 40.14, 0.076, 165.26, -29.36);
insert into SHOT values (168, 168, 169, 63, 1.590, 57.43, -4.80, 1.589, 57.11, -4.69, 0.009, 323.39, 19.00);
insert into SHOT values (169, 168, 170, 63, 1.220, 248.33, -81.90, 1.222, 249.44, -81.96, 0.004, 355.93, -31.97);
insert into SHOT values (170, 168, 171, 63, 1.450, 201.03, 11.50, 1.445, 201.12, 11.58, 0.006, 359.48, 8.37);
insert into SHOT values (171, 168, 172, 63, 3.410, 332.13, 15.30, 3.413, 332.11, 15.29, 0.003, 312.31, 3.22);
insert into SHOT values (172, 168, 173, 63, 1.980, 3.83, 7.60, 1.981, 3.79, 7.54, 0.003, 326.82, -41.27);
insert into SHOT values (173, 168, 174, 63, 1.980, 352.53, 47.10, 1.912, 352.43, 47.52, 0.070, 174.75, -35.53);
insert into SHOT values (174, 174, 175, 63, 1.660, 357.63, -1.70, 1.662, 357.59, -1.72, 0.003, 326.08, -16.25);
insert into SHOT values (175, 174, 176, 63, 2.020, 300.43, -4.00, 2.022, 300.38, -4.25, 0.009, 255.21, -73.90);
insert into SHOT values (176, 174, 177, 63, 1.090, 246.53, -8.90, 1.093, 246.52, -8.95, 0.003, 242.43, -28.82);
insert into SHOT values (177, 174, 178, 63, 1.720, 258.13, -85.00, 1.727, 258.69, -84.92, 0.007, 284.13, -62.55);
insert into SHOT values (178, 174, 179, 63, 1.720, 64.33, -43.10, 1.724, 64.05, -43.20, 0.008, 342.04, -37.05);
insert into SHOT values (179, 174, 180, 63, 10.480, 324.23, 77.50, 10.430, 323.78, 78.20, 0.139, 151.35, -8.93);
insert into SHOT values (180, 180, 181, 63, 0.610, 1.33, -2.20, 0.611, 1.88, -1.88, 0.007, 83.98, 30.23);
insert into SHOT values (181, 180, 182, 63, 0.370, 51.13, 0.30, 0.370, 51.58, 0.00, 0.003, 138.60, -33.66);
insert into SHOT values (182, 180, 183, 63, 0.610, 230.93, -0.80, 0.604, 231.04, -0.95, 0.006, 38.89, -14.67);
insert into SHOT values (183, 180, 184, 63, 0.790, 181.33, 12.00, 0.787, 180.74, 11.74, 0.009, 72.39, -26.96);
insert into SHOT values (184, 180, 185, 63, 0.690, 115.93, 2.90, 0.690, 115.82, 3.32, 0.005, 11.21, 74.83);
insert into SHOT values (185, 180, 186, 63, 0.660, 147.93, 1.80, 0.661, 147.99, 1.73, 0.001, 193.63, -35.96);
insert into SHOT values (186, 180, 187, 63, 2.610, 135.23, -58.10, 2.617, 135.00, -58.02, 0.010, 95.25, -25.59);
insert into SHOT values (187, 180, 188, 63, 16.670, 151.43, -65.30, 16.668, 151.38, -65.27, 0.010, 104.11, 27.69);
insert into SHOT values (188, 180, 189, 63, 2.360, 138.03, 51.20, 2.372, 138.49, 50.49, 0.034, 159.98, -15.89);
insert into SHOT values (189, 189, 190, 63, 0.700, 233.33, -1.00, 0.694, 233.79, -0.83, 0.008, 9.91, 15.34);
insert into SHOT values (190, 189, 191, 63, 0.520, 265.43, 2.20, 0.522, 265.60, 2.20, 0.002, 304.22, 0.89);
insert into SHOT values (191, 189, 192, 63, 0.690, 282.13, -0.70, 0.687, 282.62, -0.83, 0.007, 42.25, -13.09);
insert into SHOT values (192, 189, 193, 63, 1.570, 355.93, -86.40, 1.573, 354.29, -86.34, 0.005, 299.01, -42.02);
insert into SHOT values (193, 189, 194, 63, 2.180, 331.83, -5.30, 2.183, 332.02, -5.26, 0.008, 36.22, 9.78);
insert into SHOT values (194, 189, 195, 63, 1.130, 294.93, 78.10, 1.124, 295.46, 78.06, 0.006, 36.12, -68.96);
insert into SHOT values (195, 189, 196, 63, 2.860, 283.93, 59.70, 2.814, 283.45, 59.72, 0.048, 130.36, -55.61);
insert into SHOT values (196, 196, 197, 63, 0.750, 307.73, 3.40, 0.758, 307.48, 3.78, 0.010, 283.08, 34.30);
insert into SHOT values (197, 196, 198, 63, 1.080, 342.63, -3.40, 1.083, 342.24, -3.18, 0.009, 277.34, 26.16);
insert into SHOT values (198, 196, 199, 63, 0.750, 32.43, -7.10, 0.746, 31.76, -6.93, 0.010, 281.34, 16.16);
insert into SHOT values (199, 196, 200, 63, 0.760, 117.73, -8.50, 0.755, 117.94, -8.38, 0.006, 267.54, 23.71);
insert into SHOT values (200, 196, 201, 63, 0.200, 16.93, 80.10, 0.202, 18.43, 81.02, 0.004, 180.29, 45.81);
insert into SHOT values (201, 196, 202, 63, 1.340, 135.53, -86.50, 1.332, 140.19, -86.64, 0.011, 257.49, 45.07);
insert into SHOT values (202, 196, 203, 63, 1.350, 173.13, -16.30, 1.353, 173.37, -16.31, 0.006, 234.25, -10.23);
insert into SHOT values (203, 196, 204, 63, 1.780, 180.73, -39.00, 1.785, 180.82, -38.86, 0.007, 198.91, 1.52);
insert into SHOT values (204, 196, 205, 63, 3.550, 192.73, -58.80, 3.548, 192.83, -58.65, 0.010, 217.07, 40.00);
insert into SHOT values (205, 196, 206, 63, 2.720, 181.93, -6.50, 2.790, 181.86, -6.59, 0.070, 179.08, -9.93);
insert into SHOT values (206, 206, 207, 63, 1.960, 344.63, 0.20, 1.960, 344.62, 0.00, 0.007, 279.35, -85.18);
insert into SHOT values (207, 206, 208, 63, 1.340, 28.03, -4.90, 1.338, 27.72, -5.14, 0.009, 281.57, -36.07);
insert into SHOT values (208, 206, 209, 63, 1.080, 74.13, -7.00, 1.079, 74.28, -7.45, 0.009, 199.61, -68.60);
insert into SHOT values (209, 206, 210, 63, 3.090, 312.33, -6.10, 3.097, 312.24, -6.12, 0.009, 275.92, -10.72);
insert into SHOT values (210, 206, 211, 63, 2.840, 312.83, -35.70, 2.848, 312.72, -35.65, 0.009, 283.30, -17.13);
insert into SHOT values (211, 206, 212, 63, 2.930, 332.93, -59.70, 2.929, 332.57, -59.74, 0.010, 229.07, -1.48);
insert into SHOT values (212, 206, 213, 63, 5.570, 334.73, 77.80, 5.566, 334.31, 77.80, 0.010, 239.48, -25.61);
insert into SHOT values (213, 206, 214, 63, 6.570, 290.73, 60.50, 6.564, 290.62, 60.45, 0.011, 219.06, -50.56);
insert into SHOT values (214, 206, 215, 63, 4.310, 291.33, 35.10, 4.309, 291.26, 34.98, 0.010, 242.92, -53.94);
insert into SHOT values (215, 206, 216, 63, 3.680, 297.93, 22.60, 3.685, 297.84, 22.50, 0.009, 260.31, -26.35);
insert into SHOT values (216, 206, 217, 63, 3.190, 305.33, 1.30, 3.194, 305.18, 1.26, 0.010, 242.14, -14.31);
insert into SHOT values (217, 206, 218, 63, 3.010, 315.03, -3.70, 3.012, 314.87, -3.81, 0.011, 234.59, -32.98);
insert into SHOT values (218, 206, 219, 63, 8.780, 310.73, 23.30, 8.784, 310.68, 23.27, 0.010, 258.47, -16.80);
insert into SHOT values (219, 206, 220, 63, 9.070, 293.23, 69.90, 9.017, 292.63, 70.12, 0.071, 145.33, -31.97);
insert into SHOT values (220, 220, 221, 63, 0.780, 162.33, -9.10, 0.775, 162.51, -8.91, 0.006, 315.78, 32.02);
insert into SHOT values (221, 220, 222, 63, 2.590, 217.13, 0.70, 2.590, 217.31, 0.88, 0.012, 305.32, 45.71);
insert into SHOT values (222, 220, 223, 63, 0.490, 249.73, 0.40, 0.491, 249.72, 1.17, 0.007, 233.17, 86.19);
insert into SHOT values (223, 220, 224, 63, 0.950, 342.43, -6.50, 0.951, 342.14, -6.04, 0.009, 271.46, 55.94);
insert into SHOT values (224, 220, 225, 63, 2.030, 309.33, -6.50, 2.031, 309.37, -6.50, 0.002, 2.92, -6.90);
insert into SHOT values (225, 220, 226, 63, 2.220, 279.43, -6.90, 2.225, 279.38, -6.71, 0.009, 258.71, 48.22);
insert into SHOT values (226, 220, 227, 63, 10.330, 328.53, -86.80, 10.326, 328.52, -86.81, 0.004, 150.97, 61.72);
insert into SHOT values (227, 220, 228, 63, 1.590, 297.73, -65.50, 1.587, 297.72, -65.16, 0.010, 296.47, 43.83);
insert into SHOT values (228, 220, 229, 63, 2.730, 279.43, 27.30, 2.740, 279.46, 27.38, 0.011, 289.59, 47.24);
insert into SHOT values (229, 220, 230, 63, 2.060, 305.83, 15.10, 2.013, 305.16, 14.97, 0.052, 153.13, -18.52);
insert into SHOT values (230, 230, 231, 63, 1.020, 217.13, -2.90, 1.015, 216.98, -2.82, 0.006, 66.47, 16.59);
insert into SHOT values (231, 230, 232, 63, 1.290, 183.43, -10.20, 1.293, 183.15, -10.25, 0.007, 113.93, -13.36);
insert into SHOT values (232, 230, 233, 63, 1.620, 160.83, -8.70, 1.620, 160.66, -8.88, 0.007, 58.50, -45.10);
insert into SHOT values (233, 230, 234, 63, 0.670, 65.03, 1.40, 0.671, 65.34, 1.71, 0.005, 134.31, 42.89);
insert into SHOT values (234, 230, 235, 63, 0.810, 116.23, 4.40, 0.816, 116.25, 4.22, 0.007, 118.57, -18.69);
insert into SHOT values (235, 230, 236, 63, 6.650, 240.33, 86.10, 6.617, 238.63, 85.84, 0.047, 213.04, -47.99);
insert into SHOT values (236, 236, 237, 63, 19.820, 43.43, -85.70, 19.825, 43.63, -85.72, 0.011, 190.31, -31.84);
insert into SHOT values (237, 236, 238, 63, 0.120, 82.93, 22.40, 0.117, 84.81, 19.91, 0.007, 181.61, -57.48);
insert into SHOT values (238, 236, 239, 63, 1.390, 163.83, -4.70, 1.388, 164.05, -4.96, 0.008, 275.32, -46.59);
insert into SHOT values (239, 236, 240, 63, 0.270, 235.03, 10.20, 0.277, 233.97, 10.41, 0.008, 196.21, 15.25);
insert into SHOT values (240, 236, 241, 63, 0.730, 320.73, -20.20, 0.733, 320.30, -19.95, 0.007, 266.40, 17.96);
insert into SHOT values (241, 236, 242, 63, 12.570, 352.53, -74.80, 12.568, 352.49, -74.83, 0.008, 192.00, 1.86);
insert into SHOT values (242, 236, 243, 63, 0.760, 3.03, -79.20, 0.763, 0.00, -79.43, 0.009, 253.65, -23.80);
insert into SHOT values (243, 236, 244, 63, 12.310, 354.73, -75.20, 12.308, 354.71, -75.20, 0.002, 225.73, 41.59);
insert into SHOT values (244, 236, 245, 63, 2.830, 172.73, 36.20, 2.865, 172.84, 35.65, 0.045, 178.60, -1.81);
insert into SHOT values (245, 245, 246, 63, 0.440, 39.53, -8.50, 0.438, 40.31, -9.19, 0.008, 151.86, -37.86);
insert into SHOT values (246, 245, 247, 63, 1.400, 54.33, -67.60, 1.404, 54.21, -67.82, 0.007, 252.53, -57.54);
insert into SHOT values (247, 245, 248, 63, 0.630, 100.43, -9.20, 0.631, 101.13, -10.03, 0.012, 192.33, -50.78);
insert into SHOT values (248, 245, 249, 63, 1.690, 45.73, 79.90, 1.685, 46.40, 80.09, 0.008, 197.95, -27.82);
insert into SHOT values (249, 245, 250, 63, 1.030, 302.43, -84.10, 1.035, 299.05, -84.29, 0.009, 185.37, -38.70);
insert into SHOT values (250, 245, 251, 63, 1.320, 344.43, -20.40, 1.318, 344.50, -20.43, 0.003, 131.71, 2.41);
insert into SHOT values (251, 245, 252, 63, 0.570, 72.03, -4.50, 0.568, 72.53, -5.05, 0.007, 185.71, -44.77);
insert into SHOT values (252, 245, 253, 63, 0.580, 73.73, -4.40, 0.575, 73.78, -4.99, 0.008, 248.76, -44.96);
insert into SHOT values (253, 245, 254, 63, 0.590, 77.03, -3.60, 0.586, 77.15, -3.91, 0.005, 240.75, -34.02);
insert into SHOT values (254, 245, 255, 63, 0.600, 75.33, -3.00, 0.600, 75.50, -3.82, 0.009, 168.52, -78.45);
insert into SHOT values (255, 245, 256, 63, 0.600, 75.63, -2.90, 0.584, 78.11, -3.93, 0.032, 200.08, -17.52);
insert into SHOT values (256, 256, 257, 63, 0.340, 220.23, -16.50, 0.334, 221.19, -17.41, 0.010, 3.59, -21.11);
insert into SHOT values (257, 256, 258, 63, 1.010, 226.43, -61.20, 1.012, 226.68, -61.61, 0.008, 25.46, -39.75);
insert into SHOT values (258, 256, 259, 63, 1.220, 46.93, -70.00, 1.226, 46.91, -69.74, 0.008, 45.59, -26.29);
insert into SHOT values (259, 256, 260, 63, 0.860, 154.13, -37.20, 0.856, 153.81, -37.41, 0.006, 10.03, -0.40);
insert into SHOT values (260, 256, 261, 63, 0.890, 172.13, 7.50, 0.887, 171.50, 7.13, 0.012, 66.11, -31.48);
insert into SHOT values (261, 256, 262, 63, 1.490, 169.03, -13.40, 1.489, 168.85, -13.59, 0.007, 55.02, -42.29);
insert into SHOT values (262, 256, 263, 63, 1.490, 170.33, -13.40, 1.557, 170.10, -13.75, 0.068, 164.83, -21.29);
insert into SHOT values (263, 263, 264, 63, 1.490, 170.63, -13.40, 1.500, 170.93, -13.50, 0.012, 210.94, -22.15);
insert into SHOT values (264, 263, 265, 63, 0.360, 64.03, -11.30, 0.360, 64.89, -11.20, 0.005, 150.21, 5.85);
insert into SHOT values (265, 263, 266, 63, 1.530, 69.43, -78.80, 1.529, 70.35, -78.79, 0.005, 158.16, 10.29);
insert into SHOT values (266, 263, 267, 63, 0.730, 57.93, 59.80, 0.727, 58.50, 60.01, 0.005, 193.34, -10.24);
insert into SHOT values (267, 263, 268, 63, 1.410, 140.03, -17.00, 1.474, 140.77, -17.36, 0.067, 157.15, -24.32);
insert into SHOT values (268, 268, 269, 63, 1.200, 43.03, -89.20, 1.200, 63.43, -88.93, 0.009, 104.70, -0.76);
insert into SHOT values (269, 268, 270, 63, 0.550, 219.03, -1.70, 0.548, 218.33, -1.05, 0.009, 115.41, 42.56);
insert into SHOT values (270, 268, 271, 63, 0.410, 163.33, -7.90, 0.411, 162.90, -6.99, 0.007, 105.18, 60.15);
insert into SHOT values (271, 268, 272, 63, 0.360, 281.83, -4.40, 0.358, 281.31, -4.80, 0.005, 159.96, -31.87);
insert into SHOT values (272, 268, 273, 63, 3.120, 240.03, 79.40, 3.122, 239.38, 79.49, 0.009, 114.72, 22.25);
insert into SHOT values (273, 268, 274, 63, 2.980, 205.53, 70.30, 2.963, 204.81, 69.77, 0.035, 172.80, -47.14);
insert into SHOT values (274, 274, 275, 63, 0.270, 286.33, -0.90, 0.269, 285.07, 0.00, 0.007, 188.91, 35.31);
insert into SHOT values (275, 274, 276, 63, 2.840, 274.03, 83.00, 2.842, 273.27, 82.91, 0.007, 227.59, 10.30);
insert into SHOT values (276, 274, 277, 63, 1.810, 274.83, -77.40, 1.803, 274.40, -77.47, 0.008, 133.49, 53.54);
insert into SHOT values (277, 274, 278, 63, 0.770, 71.03, 71.40, 0.770, 70.82, 71.55, 0.002, 274.32, 5.50);
insert into SHOT values (278, 274, 279, 63, 1.060, 9.43, 70.80, 1.067, 10.01, 71.13, 0.010, 143.53, 61.66);
insert into SHOT values (279, 274, 280, 63, 2.020, 191.83, 56.90, 2.035, 191.71, 56.15, 0.031, 187.17, -4.10);
insert into SHOT values (280, 280, 281, 63, 0.420, 111.53, 3.50, 0.418, 111.04, 2.74, 0.007, 0.59, -55.60);
insert into SHOT values (281, 280, 282, 63, 0.800, 113.63, -50.90, 0.803, 113.05, -50.52, 0.008, 73.85, 5.91);
insert into SHOT values (282, 280, 283, 63, 1.180, 120.83, 50.50, 1.181, 120.31, 50.40, 0.007, 49.59, -4.09);
insert into SHOT values (283, 280, 284, 63, 1.710, 231.83, 6.20, 1.704, 231.71, 6.06, 0.008, 85.23, -35.48);
insert into SHOT values (284, 280, 285, 63, 1.420, 7.43, -8.90, 1.419, 7.38, -8.92, 0.002, 232.68, -9.59);
insert into SHOT values (285, 280, 286, 63, 0.490, 105.63, 33.80, 0.494, 108.00, 31.72, 0.025, 158.77, -30.05);
insert into SHOT values (286, 286, 287, 63, 5.090, 241.53, 66.90, 5.071, 241.03, 66.49, 0.045, 207.25, -45.26);
insert into SHOT values (287, 287, 288, 63, 0.370, 69.33, 10.20, 0.371, 69.08, 10.89, 0.005, 334.06, 69.93);
insert into SHOT values (288, 287, 289, 63, 0.810, 24.33, -8.50, 0.810, 24.33, -8.52, 0.000, 307.64, -71.31);
insert into SHOT values (289, 287, 290, 63, 0.460, 320.63, -8.90, 0.460, 320.36, -8.76, 0.002, 232.35, 28.02);
insert into SHOT values (290, 287, 291, 63, 3.400, 61.63, -72.30, 3.401, 61.70, -72.31, 0.002, 159.87, -37.82);
insert into SHOT values (291, 287, 292, 63, 3.940, 95.53, -71.30, 3.939, 95.44, -71.26, 0.004, 56.34, 32.07);
insert into SHOT values (292, 287, 293, 63, 1.150, 351.43, -77.60, 1.148, 353.16, -77.33, 0.009, 49.45, 19.55);
insert into SHOT values (293, 287, 294, 63, 1.740, 267.53, -42.60, 1.742, 267.76, -42.65, 0.006, 355.79, -23.40);
insert into SHOT values (294, 287, 295, 63, 1.470, 251.23, -26.00, 1.500, 250.49, -26.10, 0.035, 217.36, -26.45);
insert into SHOT values (295, 295, 296, 63, 0.490, 132.73, -9.80, 0.497, 132.51, -10.44, 0.009, 113.81, -48.55);
insert into SHOT values (296, 295, 297, 63, 2.020, 225.33, -77.40, 2.028, 225.00, -77.52, 0.009, 93.80, -68.57);
insert into SHOT values (297, 295, 298, 63, 0.700, 196.23, -7.30, 0.693, 196.06, -7.47, 0.008, 31.56, -7.70);
insert into SHOT values (298, 295, 299, 63, 0.980, 58.63, -11.40, 0.981, 58.63, -11.76, 0.006, 257.36, -87.61);
insert into SHOT values (299, 295, 300, 63, 1.090, 171.93, 72.10, 1.083, 171.38, 72.05, 0.008, 60.26, -64.62);
insert into SHOT values (300, 295, 301, 63, 2.040, 179.33, -35.60, 2.115, 179.00, -35.57, 0.075, 170.15, -34.28);
insert into SHOT values (301, 301, 302, 63, 0.280, 328.03, -3.30, 0.284, 327.99, -4.04, 0.005, 325.00, -48.06);
insert into SHOT values (302, 301, 303, 63, 1.240, 296.13, -74.40, 1.246, 296.57, -74.38, 0.007, 348.70, -60.66);
insert into SHOT values (303, 301, 304, 63, 0.990, 220.03, 80.20, 0.985, 220.24, 80.04, 0.006, 238.82, -71.24);
insert into SHOT values (304, 301, 305, 63, 0.370, 48.03, 29.90, 0.360, 47.60, 30.03, 0.011, 242.11, -24.82);
insert into SHOT values (305, 301, 306, 63, 1.450, 261.53, 0.90, 1.460, 260.54, 0.39, 0.030, 192.72, -25.18);
insert into SHOT values (306, 306, 307, 63, 1.530, 50.93, -84.00, 1.529, 47.49, -83.89, 0.010, 335.64, 9.10);
insert into SHOT values (307, 306, 308, 63, 0.350, 18.23, -2.20, 0.357, 17.93, -1.60, 0.009, 4.23, 23.67);
insert into SHOT values (308, 306, 309, 63, 0.380, 144.93, -10.50, 0.379, 143.75, -10.66, 0.008, 42.52, -5.44);
insert into SHOT values (309, 306, 310, 63, 0.800, 92.73, -8.00, 0.798, 92.17, -7.92, 0.008, 350.39, 9.65);
insert into SHOT values (310, 306, 311, 63, 1.570, 82.73, -2.30, 1.574, 82.69, -2.18, 0.005, 68.31, 35.83);
insert into SHOT values (311, 306, 312, 63, 3.450, 117.03, 79.60, 3.447, 116.57, 79.54, 0.007, 59.82, -28.69);
insert into SHOT values (312, 306, 313, 63, 2.050, 176.03, 68.00, 2.036, 175.60, 67.41, 0.026, 153.73, -53.21);
insert into SHOT values (313, 313, 314, 63, 0.470, 320.13, 3.00, 0.476, 319.27, 3.61, 0.011, 268.48, 30.59);
insert into SHOT values (314, 313, 315, 63, 0.860, 14.83, -2.20, 0.859, 14.85, -2.00, 0.003, 178.90, 76.34);
insert into SHOT values (315, 313, 316, 63, 1.290, 43.33, -1.80, 1.281, 43.42, -1.79, 0.009, 211.35, 3.23);
insert into SHOT values (316, 313, 317, 63, 2.980, 3.53, 82.70, 2.983, 3.09, 82.86, 0.010, 202.75, 25.78);
insert into SHOT values (317, 313, 318, 63, 0.990, 242.03, 7.80, 0.994, 242.13, 8.10, 0.007, 269.88, 56.66);
insert into SHOT values (318, 313, 319, 63, 1.160, 267.43, 3.20, 1.164, 267.04, 3.45, 0.010, 200.13, 31.28);
insert into SHOT values (319, 313, 320, 63, 1.950, 284.33, 50.80, 1.952, 284.04, 50.68, 0.008, 229.25, -8.34);
insert into SHOT values (320, 313, 321, 63, 9.520, 258.43, 67.30, 9.527, 258.38, 67.31, 0.008, 193.66, 65.54);
insert into SHOT values (321, 313, 322, 63, 4.290, 260.73, 42.60, 4.297, 260.72, 42.63, 0.007, 247.12, 59.50);
insert into SHOT values (322, 313, 323, 63, 3.260, 266.53, 16.90, 3.254, 265.95, 16.61, 0.036, 173.62, -29.31);
insert into SHOT values (323, 323, 324, 63, 1.570, 109.53, -16.40, 1.572, 109.76, -16.26, 0.007, 175.15, 26.84);
insert into SHOT values (324, 323, 325, 63, 2.140, 85.33, -6.60, 2.140, 85.42, -6.44, 0.007, 157.66, 61.45);
insert into SHOT values (325, 323, 326, 63, 1.810, 60.53, -8.50, 1.811, 60.57, -8.57, 0.003, 113.08, -57.09);
insert into SHOT values (326, 323, 327, 63, 2.330, 25.43, -7.50, 2.323, 25.45, -7.42, 0.008, 198.14, 32.27);
insert into SHOT values (327, 323, 328, 63, 2.700, 354.63, -3.90, 2.698, 354.67, -3.83, 0.005, 133.97, 52.59);
insert into SHOT values (328, 323, 329, 63, 3.140, 335.53, 0.40, 3.133, 335.48, 0.37, 0.008, 176.34, -13.58);
insert into SHOT values (329, 323, 330, 63, 4.350, 8.13, 66.70, 4.353, 8.04, 66.77, 0.007, 225.59, 45.07);
insert into SHOT values (330, 323, 331, 63, 9.040, 326.33, 59.90, 9.037, 326.35, 59.92, 0.005, 133.56, -11.78);
insert into SHOT values (331, 323, 332, 63, 4.000, 70.93, 65.00, 4.005, 71.03, 65.01, 0.006, 134.74, 56.05);
insert into SHOT values (332, 323, 333, 63, 10.570, 264.43, 83.90, 10.532, 263.44, 83.80, 0.047, 209.90, -58.87);
insert into SHOT values (333, 333, 334, 63, 0.700, 82.23, -0.40, 0.706, 82.67, 0.00, 0.009, 125.60, 31.67);
insert into SHOT values (334, 333, 335, 63, 1.040, 113.83, 2.00, 1.049, 113.63, 2.19, 0.010, 90.23, 21.81);
insert into SHOT values (335, 333, 336, 63, 3.370, 146.23, 2.10, 3.375, 146.12, 2.21, 0.010, 92.94, 38.73);
insert into SHOT values (336, 333, 337, 63, 1.340, 27.03, -6.10, 1.336, 27.34, -6.02, 0.009, 147.09, 16.35);
insert into SHOT values (337, 333, 338, 63, 1.830, 345.23, 6.30, 1.831, 345.35, 6.59, 0.010, 72.72, 67.35);
insert into SHOT values (338, 333, 339, 63, 11.850, 357.23, -80.30, 11.849, 357.41, -80.32, 0.008, 123.63, 4.35);
insert into SHOT values (339, 333, 340, 63, 8.400, 324.23, -64.10, 8.391, 324.23, -64.13, 0.011, 146.93, 36.56);
insert into SHOT values (340, 333, 341, 63, 7.760, 323.33, -43.40, 7.754, 323.37, -43.42, 0.008, 109.40, 13.60);
insert into SHOT values (341, 333, 342, 63, 5.870, 326.63, -19.50, 5.864, 326.65, -19.42, 0.010, 109.02, 69.19);
insert into SHOT values (342, 333, 343, 63, 1.210, 100.93, 83.10, 1.220, 101.31, 82.79, 0.012, 108.49, 48.81);
insert into SHOT values (343, 333, 344, 63, 2.020, 151.23, 67.70, 2.023, 151.50, 66.82, 0.032, 158.43, -16.45);
insert into SHOT values (344, 344, 345, 63, 0.320, 223.63, -4.40, 0.320, 223.73, -5.38, 0.006, 9.59, -80.19);
insert into SHOT values (345, 344, 346, 63, 1.770, 167.63, -25.40, 1.768, 167.70, -25.45, 0.003, 306.05, -14.42);
insert into SHOT values (346, 344, 347, 63, 0.660, 179.03, 40.60, 0.660, 178.85, 40.69, 0.002, 55.68, 14.75);
insert into SHOT values (347, 344, 348, 63, 1.020, 181.13, 56.60, 1.018, 181.02, 56.62, 0.002, 38.37, -41.26);
insert into SHOT values (348, 344, 349, 63, 1.190, 119.93, 65.10, 1.189, 120.17, 65.27, 0.004, 270.02, 8.36);
insert into SHOT values (349, 344, 350, 63, 1.050, 167.73, 60.20, 1.049, 167.83, 60.17, 0.001, 263.93, -52.54);
insert into SHOT values (350, 344, 351, 63, 1.050, 169.93, 61.20, 1.047, 169.99, 60.36, 0.016, 172.51, -40.03);
insert into SHOT values (351, 351, 352, 63, 0.220, 82.73, 6.10, 0.213, 81.87, 5.39, 0.008, 288.38, -24.62);
insert into SHOT values (352, 351, 353, 63, 0.710, 140.83, -5.80, 0.708, 141.34, -5.68, 0.007, 248.99, 14.91);
insert into SHOT values (353, 351, 354, 63, 0.790, 155.13, -8.40, 0.792, 155.07, -8.71, 0.005, 124.88, -70.34);
insert into SHOT values (354, 351, 355, 63, 0.840, 204.03, -75.00, 0.839, 204.23, -74.85, 0.002, 225.47, 33.91);
insert into SHOT values (355, 351, 356, 63, 0.900, 150.23, 66.30, 0.898, 150.64, 65.88, 0.007, 176.23, -34.34);
insert into SHOT values (356, 351, 357, 63, 0.640, 353.83, -32.90, 0.638, 353.54, -33.27, 0.005, 208.07, -26.20);
insert into SHOT values (357, 351, 358, 63, 3.240, 143.73, 49.30, 3.251, 144.09, 48.64, 0.041, 164.48, -23.33);
insert into SHOT values (358, 358, 359, 63, 0.270, 59.03, 0.20, 0.269, 58.67, 0.00, 0.002, 305.29, -26.97);
insert into SHOT values (359, 358, 360, 63, 1.240, 65.03, -72.10, 1.238, 64.80, -72.34, 0.006, 260.96, -0.24);
insert into SHOT values (360, 358, 361, 63, 0.470, 35.83, 67.00, 0.466, 33.69, 67.25, 0.008, 278.44, -19.16);
insert into SHOT values (361, 358, 362, 63, 0.740, 119.53, -8.40, 0.734, 119.74, -8.62, 0.007, 276.89, -15.17);
insert into SHOT values (362, 358, 363, 63, 0.450, 21.83, -27.20, 0.443, 20.73, -26.82, 0.011, 260.17, 32.39);
insert into SHOT values (363, 358, 364, 63, 2.010, 145.73, 4.50, 2.009, 145.99, 4.57, 0.009, 244.02, 14.02);
insert into SHOT values (364, 358, 365, 63, 2.500, 145.83, 4.80, 2.559, 146.19, 4.48, 0.063, 160.45, -8.39);
insert into SHOT values (365, 365, 366, 63, 0.330, 304.43, -2.90, 0.339, 304.16, -3.38, 0.010, 294.07, -20.28);
insert into SHOT values (366, 365, 367, 63, 0.670, 299.33, -67.30, 0.674, 299.48, -66.92, 0.006, 306.04, -18.50);
insert into SHOT values (367, 365, 368, 63, 0.510, 301.93, 59.70, 0.511, 302.47, 59.35, 0.004, 337.37, -4.48);
insert into SHOT values (368, 365, 369, 63, 0.390, 252.63, -4.40, 0.387, 253.44, -4.44, 0.006, 10.46, -0.74);
insert into SHOT values (369, 365, 370, 63, 0.440, 29.53, -6.30, 0.437, 28.93, -6.57, 0.006, 264.63, -17.06);
insert into SHOT values (370, 365, 371, 63, 0.460, 250.73, 5.80, 0.473, 248.88, 4.85, 0.022, 202.83, -17.48);
insert into SHOT values (371, 371, 372, 63, 0.370, 108.23, -1.80, 0.367, 107.45, -1.56, 0.006, 347.62, 15.52);
insert into SHOT values (372, 371, 373, 63, 0.380, 167.83, -10.90, 0.373, 169.00, -10.81, 0.010, 298.83, 10.65);
insert into SHOT values (373, 371, 374, 63, 0.860, 123.23, 61.70, 0.852, 122.91, 61.63, 0.008, 343.23, -63.51);
insert into SHOT values (374, 371, 375, 63, 2.760, 150.23, 6.20, 2.817, 150.51, 5.70, 0.063, 163.08, -16.55);
insert into SHOT values (375, 375, 376, 63, 0.570, 268.53, -1.00, 0.570, 268.99, -1.00, 0.005, 356.59, -0.65);
insert into SHOT values (376, 375, 377, 63, 2.550, 310.33, 7.10, 2.553, 310.36, 7.20, 0.005, 335.57, 62.79);
insert into SHOT values (377, 375, 378, 63, 2.450, 336.53, 10.00, 2.457, 336.61, 10.08, 0.008, 7.18, 33.65);
insert into SHOT values (378, 375, 379, 63, 0.820, 33.03, 2.00, 0.819, 32.52, 2.10, 0.007, 293.78, 10.67);
insert into SHOT values (379, 375, 380, 63, 2.980, 40.23, -77.90, 2.976, 39.81, -77.88, 0.006, 311.95, 39.20);
insert into SHOT values (380, 375, 381, 63, 5.160, 321.63, 80.80, 5.166, 321.88, 80.80, 0.007, 33.18, 59.24);
insert into SHOT values (381, 375, 382, 63, 1.300, 79.23, 10.00, 1.288, 80.02, 9.83, 0.021, 201.88, -15.52);
insert into SHOT values (382, 382, 383, 63, 0.700, 227.13, -12.40, 0.696, 227.39, -12.45, 0.005, 11.92, 3.45);
insert into SHOT values (383, 382, 384, 63, 1.350, 163.83, -3.00, 1.344, 164.00, -2.99, 0.007, 311.82, 5.16);
insert into SHOT values (384, 382, 385, 63, 2.950, 189.63, -77.90, 2.956, 190.22, -77.89, 0.009, 267.00, -40.25);
insert into SHOT values (385, 382, 386, 63, 0.690, 185.23, 62.90, 0.685, 185.53, 62.95, 0.005, 336.10, -52.16);
insert into SHOT values (386, 382, 387, 63, 4.480, 202.33, 32.20, 4.511, 202.16, 31.55, 0.061, 190.13, -26.71);
insert into SHOT values (387, 387, 388, 63, 5.880, 14.53, -60.90, 5.874, 14.57, -60.84, 0.008, 53.19, 68.51);
insert into SHOT values (388, 387, 389, 63, 3.650, 26.13, -72.30, 3.644, 26.10, -72.21, 0.008, 18.37, 61.53);
insert into SHOT values (389, 387, 390, 63, 1.780, 42.73, -80.50, 1.775, 42.27, -80.36, 0.007, 8.74, 52.72);
insert into SHOT values (390, 387, 391, 63, 2.140, 124.03, -60.30, 2.132, 123.84, -60.20, 0.010, 21.23, 67.69);
insert into SHOT values (391, 387, 392, 63, 1.760, 126.23, -28.60, 1.760, 126.05, -28.51, 0.005, 46.87, 27.15);
insert into SHOT values (392, 387, 393, 63, 1.650, 124.83, -11.70, 1.651, 124.67, -11.53, 0.007, 52.88, 44.20);
insert into SHOT values (393, 387, 394, 63, 3.940, 125.63, 0.80, 3.949, 125.62, 0.87, 0.011, 121.39, 28.09);
insert into SHOT values (394, 387, 395, 63, 3.380, 15.23, -2.60, 3.383, 15.27, -2.54, 0.005, 54.04, 42.97);
insert into SHOT values (395, 387, 396, 63, 1.890, 32.43, -2.10, 1.890, 32.68, -1.82, 0.012, 120.34, 48.47);
insert into SHOT values (396, 387, 397, 63, 1.170, 53.93, -2.00, 1.175, 54.01, -1.95, 0.005, 71.84, 9.28);
insert into SHOT values (397, 387, 398, 63, 0.820, 76.83, -0.90, 0.822, 76.64, -0.70, 0.005, 27.25, 38.48);
insert into SHOT values (398, 387, 399, 63, 1.040, 101.33, -2.60, 1.040, 101.09, -2.20, 0.008, 17.73, 58.78);
insert into SHOT values (399, 387, 400, 63, 4.260, 25.83, 77.50, 4.262, 26.29, 77.45, 0.008, 89.30, 6.78);
insert into SHOT values (400, 387, 401, 63, 3.530, 124.93, -8.00, 3.580, 125.35, -8.19, 0.057, 153.46, -19.09);
insert into SHOT values (401, 401, 402, 63, 1.520, 13.43, -2.90, 1.523, 13.31, -3.01, 0.005, 322.84, -35.43);
insert into SHOT values (402, 401, 403, 63, 2.230, 350.63, -2.80, 2.232, 350.71, -2.82, 0.004, 47.16, -17.01);
insert into SHOT values (403, 401, 404, 63, 1.690, 327.73, -6.50, 1.687, 327.92, -6.47, 0.007, 88.33, 11.49);
insert into SHOT values (404, 401, 405, 63, 1.700, 294.33, -10.40, 1.698, 294.42, -10.52, 0.005, 73.26, -40.09);
insert into SHOT values (405, 401, 406, 63, 3.020, 262.13, 5.70, 3.023, 262.17, 5.70, 0.003, 292.98, 0.89);
insert into SHOT values (406, 401, 407, 63, 2.410, 246.73, 7.70, 2.405, 246.77, 7.65, 0.006, 49.46, -28.76);
insert into SHOT values (407, 401, 408, 63, 1.580, 231.33, 4.50, 1.584, 231.17, 4.71, 0.008, 181.67, 45.88);
insert into SHOT values (408, 401, 409, 63, 1.030, 204.43, 12.30, 1.031, 204.02, 12.32, 0.007, 121.06, 4.54);
insert into SHOT values (409, 401, 410, 63, 1.360, 233.73, 3.20, 1.354, 233.72, 3.39, 0.007, 55.75, 35.09);
insert into SHOT values (410, 401, 411, 63, 13.350, 225.43, 84.70, 13.347, 225.33, 84.68, 0.006, 197.75, -31.02);
insert into SHOT values (411, 401, 412, 63, 2.680, 348.33, -55.80, 2.679, 348.47, -55.95, 0.008, 138.49, -26.01);
insert into SHOT values (412, 401, 413, 63, 1.600, 275.13, -86.50, 1.603, 275.71, -86.41, 0.004, 294.95, -44.91);
insert into SHOT values (413, 401, 414, 63, 3.900, 311.93, 16.80, 3.899, 311.85, 16.85, 0.006, 206.61, 26.69);
insert into SHOT values (414, 401, 415, 63, 4.220, 312.03, 37.70, 4.217, 311.96, 37.72, 0.006, 179.14, -6.57);
insert into SHOT values (415, 401, 416, 63, 6.550, 312.63, 52.90, 6.558, 312.64, 52.90, 0.008, 321.83, 48.66);
insert into SHOT values (416, 401, 417, 63, 5.280, 319.53, 84.70, 5.283, 319.14, 84.69, 0.004, 253.28, 35.46);
insert into SHOT values (417, 401, 418, 63, 11.990, 275.83, 81.50, 11.991, 275.84, 81.52, 0.004, 91.52, 29.03);
insert into SHOT values (418, 401, 419, 63, 11.020, 280.83, 75.40, 11.026, 280.78, 75.40, 0.006, 219.72, 65.66);
insert into SHOT values (419, 401, 420, 63, 9.740, 266.73, 69.90, 9.742, 266.74, 69.92, 0.004, 65.73, 58.47);
insert into SHOT values (420, 401, 421, 63, 8.650, 243.73, 71.30, 8.648, 243.71, 71.27, 0.005, 229.67, -39.77);
insert into SHOT values (421, 401, 422, 63, 9.360, 223.63, 77.50, 9.363, 223.60, 77.48, 0.005, 209.55, 23.73);
insert into SHOT values (422, 401, 423, 63, 15.930, 208.43, 85.40, 15.931, 208.57, 85.41, 0.004, 333.52, 18.70);
insert into SHOT values (423, 401, 424, 63, 15.280, 251.43, 81.20, 15.279, 251.25, 81.21, 0.008, 133.46, -0.91);
insert into SHOT values (424, 401, 425, 63, 12.620, 259.33, 75.10, 12.624, 259.35, 75.10, 0.005, 303.51, 73.51);
insert into SHOT values (425, 401, 426, 63, 12.840, 270.33, 73.20, 12.838, 270.31, 73.20, 0.003, 143.71, -46.69);
insert into SHOT values (426, 401, 427, 63, 14.100, 266.63, 76.00, 14.067, 266.00, 75.85, 0.062, 212.05, -41.38);
insert into SHOT values (427, 427, 428, 63, 0.460, 352.83, 0.80, 0.463, 353.80, 1.24, 0.009, 63.79, 23.47);
insert into SHOT values (428, 427, 429, 63, 0.630, 36.73, 3.20, 0.637, 36.69, 3.60, 0.009, 32.89, 34.62);
insert into SHOT values (429, 427, 430, 63, 0.780, 133.53, -2.00, 0.779, 132.92, -2.21, 0.009, 35.10, -18.22);
insert into SHOT values (430, 427, 431, 63, 2.400, 117.03, -6.70, 2.405, 116.89, -6.69, 0.008, 63.93, 0.07);
insert into SHOT values (431, 427, 432, 63, 0.280, 105.43, -5.30, 0.281, 104.53, -6.14, 0.006, 16.60, -43.42);
insert into SHOT values (432, 427, 433, 63, 1.130, 78.93, -4.50, 1.135, 78.79, -4.55, 0.006, 49.88, -13.02);
insert into SHOT values (433, 427, 434, 63, 5.540, 115.63, 82.60, 5.511, 116.22, 82.21, 0.048, 128.64, -44.74);
insert into SHOT values (434, 434, 435, 63, 0.410, 218.13, -9.80, 0.412, 218.00, -9.78, 0.002, 193.50, -5.40);
insert into SHOT values (435, 434, 436, 63, 1.810, 169.93, -86.10, 1.815, 171.25, -85.84, 0.010, 189.82, -25.17);
insert into SHOT values (436, 434, 437, 63, 2.020, 300.63, -14.00, 2.019, 300.36, -14.05, 0.009, 202.03, -8.03);
insert into SHOT values (437, 434, 438, 63, 0.160, 354.43, 5.70, 0.152, 352.41, 3.78, 0.011, 208.29, -31.52);
insert into SHOT values (438, 434, 439, 63, 19.560, 111.53, -88.20, 19.560, 111.97, -88.20, 0.005, 198.62, 4.19);
insert into SHOT values (439, 434, 440, 63, 2.250, 229.83, 85.60, 2.247, 227.29, 85.48, 0.009, 167.58, -20.81);
insert into SHOT values (440, 434, 441, 63, 2.420, 103.93, -1.40, 2.441, 104.72, -1.64, 0.041, 162.41, -15.45);
insert into SHOT values (441, 441, 442, 63, 1.470, 321.13, 1.50, 1.473, 321.34, 1.17, 0.011, 20.15, -53.65);
insert into SHOT values (442, 441, 443, 63, 0.820, 223.33, -14.10, 0.817, 222.95, -14.16, 0.006, 104.72, -2.27);
insert into SHOT values (443, 441, 444, 63, 0.730, 239.63, -66.60, 0.729, 240.75, -66.85, 0.007, 1.22, -0.34);
insert into SHOT values (444, 441, 445, 63, 1.160, 237.43, -12.90, 1.159, 237.30, -12.97, 0.003, 114.52, -17.79);
insert into SHOT values (445, 441, 446, 63, 1.240, 250.63, 54.00, 1.233, 250.56, 54.20, 0.008, 77.31, -22.19);
insert into SHOT values (446, 441, 447, 63, 2.140, 256.03, 20.50, 2.135, 256.10, 20.57, 0.006, 53.60, 4.91);
insert into SHOT values (447, 441, 448, 63, 4.100, 276.63, 32.60, 4.094, 276.65, 32.50, 0.009, 41.01, -80.90);
insert into SHOT values (448, 441, 449, 63, 1.680, 152.43, 4.30, 1.739, 152.55, 3.63, 0.062, 155.80, -14.85);
insert into SHOT values (449, 449, 450, 63, 0.390, 47.93, 3.40, 0.391, 48.12, 4.40, 0.007, 130.39, 79.26);
insert into SHOT values (450, 449, 451, 63, 0.420, 28.73, -71.10, 0.414, 30.26, -70.39, 0.009, 81.29, 57.67);
insert into SHOT values (451, 449, 452, 63, 0.940, 87.23, 66.80, 0.946, 86.91, 66.93, 0.006, 3.42, 70.57);
insert into SHOT values (452, 449, 453, 63, 1.310, 125.33, -7.10, 1.357, 125.93, -7.20, 0.049, 142.36, -9.51);
insert into SHOT values (453, 453, 454, 63, 0.300, 218.73, -4.50, 0.300, 219.56, -5.74, 0.008, 318.96, -55.88);
insert into SHOT values (454, 453, 455, 63, 0.800, 344.73, -78.50, 0.805, 345.07, -78.88, 0.007, 152.64, -54.32);
insert into SHOT values (455, 453, 456, 63, 0.800, 213.63, 66.70, 0.793, 213.18, 66.95, 0.008, 56.60, -37.05);
insert into SHOT values (456, 453, 457, 63, 3.030, 139.33, -46.80, 3.093, 139.78, -46.68, 0.065, 158.61, -39.39);
insert into SHOT values (457, 457, 458, 63, 1.180, 352.43, -7.80, 1.181, 352.63, -7.79, 0.004, 74.50, 2.01);
insert into SHOT values (458, 457, 459, 63, 1.600, 331.03, -6.60, 1.600, 331.02, -6.82, 0.006, 202.11, -84.46);
insert into SHOT values (459, 457, 460, 63, 0.930, 277.03, -10.70, 0.924, 276.97, -11.23, 0.010, 105.09, -45.50);
insert into SHOT values (460, 457, 461, 63, 1.220, 287.13, -10.50, 1.214, 287.07, -10.92, 0.011, 117.93, -46.90);
insert into SHOT values (461, 457, 462, 63, 1.450, 350.93, -50.20, 1.456, 351.35, -50.28, 0.009, 61.29, -39.89);
insert into SHOT values (462, 457, 463, 63, 2.330, 25.73, 74.50, 2.325, 25.74, 74.49, 0.005, 200.21, -79.46);
insert into SHOT values (463, 457, 464, 63, 1.460, 22.33, 7.10, 1.398, 22.87, 6.57, 0.064, 189.91, -18.53);
insert into SHOT values (464, 464, 465, 63, 1.970, 226.73, -9.40, 1.978, 226.66, -9.31, 0.009, 211.35, 10.76);
insert into SHOT values (465, 464, 466, 63, 1.070, 186.23, -8.50, 1.079, 186.46, -8.53, 0.010, 212.61, -10.98);
insert into SHOT values (466, 464, 467, 63, 1.480, 151.83, -8.60, 1.479, 151.86, -8.55, 0.002, 273.63, 58.89);
insert into SHOT values (467, 464, 468, 63, 1.790, 165.73, -74.40, 1.787, 165.68, -74.25, 0.006, 158.61, 47.36);
insert into SHOT values (468, 464, 469, 63, 1.580, 98.73, -18.20, 1.576, 98.83, -18.12, 0.005, 239.04, 40.06);
insert into SHOT values (469, 464, 470, 63, 1.890, 140.73, -12.90, 1.889, 140.95, -12.85, 0.007, 238.65, 15.26);
insert into SHOT values (470, 464, 471, 63, 2.940, 130.63, -25.10, 3.007, 131.13, -25.19, 0.072, 152.33, -27.34);
insert into SHOT values (471, 471, 472, 63, 0.400, 218.33, -13.30, 0.401, 219.81, -12.98, 0.010, 302.01, 11.31);
insert into SHOT values (472, 471, 473, 63, 1.580, 318.63, -86.30, 1.574, 318.81, -86.13, 0.008, 323.08, 57.01);
insert into SHOT values (473, 471, 474, 63, 1.450, 321.73, -54.70, 1.449, 321.77, -54.55, 0.004, 333.79, 54.81);
insert into SHOT values (474, 471, 475, 63, 5.870, 110.93, -67.50, 5.864, 110.95, -67.56, 0.009, 287.35, 20.49);
insert into SHOT values (475, 471, 476, 63, 7.300, 110.73, -51.80, 7.292, 110.65, -51.80, 0.011, 345.71, 39.01);
insert into SHOT values (476, 471, 477, 63, 5.550, 117.33, -17.60, 5.535, 117.29, -17.56, 0.015, 313.05, 31.79);
insert into SHOT values (477, 471, 478, 63, 1.330, 50.43, -57.70, 1.326, 49.57, -57.65, 0.012, 312.91, 21.39);
insert into SHOT values (478, 471, 479, 63, 0.800, 178.43, 64.00, 0.801, 180.00, 64.08, 0.010, 273.37, 5.73);
insert into SHOT values (479, 471, 480, 63, 6.710, 110.73, -39.80, 6.747, 111.31, -39.93, 0.065, 181.42, -32.33);
insert into SHOT values (480, 480, 481, 63, 2.380, 253.83, 23.90, 2.384, 253.73, 24.01, 0.007, 181.88, 54.52);
insert into SHOT values (481, 480, 482, 63, 4.450, 284.33, 16.60, 4.449, 284.39, 16.59, 0.005, 22.60, -15.56);
insert into SHOT values (482, 480, 483, 63, 3.320, 311.23, 10.30, 3.314, 311.27, 10.43, 0.010, 114.45, 41.51);
insert into SHOT values (483, 480, 484, 63, 2.860, 336.53, 12.60, 2.861, 336.56, 12.72, 0.006, 99.24, 75.80);
insert into SHOT values (484, 480, 485, 63, 1.740, 8.03, 0.80, 1.738, 8.27, 0.99, 0.009, 111.82, 37.52);
insert into SHOT values (485, 480, 486, 63, 1.160, 56.03, -81.60, 1.162, 57.26, -81.77, 0.005, 186.56, -27.42);
insert into SHOT values (486, 480, 487, 63, 13.630, 291.93, 72.00, 13.625, 291.93, 72.03, 0.008, 114.15, -20.51);
insert into SHOT values (487, 480, 488, 63, 4.300, 269.13, 81.10, 4.301, 269.13, 81.17, 0.005, 89.14, 18.89);
insert into SHOT values (488, 480, 489, 63, 7.780, 282.43, 52.60, 7.777, 282.48, 52.62, 0.005, 59.38, -5.85);
insert into SHOT values (489, 480, 490, 63, 3.770, 195.33, 26.10, 3.795, 195.09, 25.77, 0.036, 171.56, -13.64);
insert into SHOT values (490, 490, 491, 63, 1.330, 337.03, -10.00, 1.333, 337.15, -9.94, 0.004, 15.27, 12.80);
insert into SHOT values (491, 490, 492, 63, 1.980, 24.93, -9.90, 1.980, 24.86, -9.89, 0.003, 299.41, 9.32);
insert into SHOT values (492, 490, 493, 63, 1.400, 106.93, -10.00, 1.400, 106.86, -9.87, 0.004, 33.97, 59.18);
insert into SHOT values (493, 490, 494, 63, 1.430, 75.73, -6.00, 1.432, 75.77, -6.01, 0.002, 106.47, -16.46);
insert into SHOT values (494, 490, 495, 63, 1.280, 160.53, -11.70, 1.279, 160.41, -11.73, 0.003, 52.39, -8.60);
insert into SHOT values (495, 490, 496, 63, 3.090, 57.73, 77.30, 3.097, 57.46, 77.17, 0.011, 37.36, 31.29);
insert into SHOT values (496, 490, 497, 63, 2.420, 17.03, 56.50, 2.423, 16.95, 56.48, 0.004, 336.95, 32.40);
insert into SHOT values (497, 490, 498, 63, 1.430, 78.03, 53.60, 1.420, 78.42, 53.38, 0.013, 181.38, -61.51);
insert into SHOT values (498, 498, 499, 63, 4.330, 22.63, -71.90, 4.324, 22.75, -71.88, 0.006, 125.02, 63.50);
insert into SHOT values (499, 498, 500, 63, 3.730, 82.23, -80.10, 3.726, 82.87, -80.03, 0.009, 145.50, 28.82);
insert into SHOT values (500, 498, 501, 63, 1.390, 2.23, 7.50, 1.383, 2.09, 7.48, 0.008, 207.47, -10.19);
insert into SHOT values (501, 498, 502, 63, 1.450, 320.43, 2.90, 1.443, 320.35, 2.78, 0.008, 158.78, -26.33);
insert into SHOT values (502, 498, 503, 63, 2.590, 322.83, 85.90, 2.586, 321.84, 86.05, 0.008, 166.07, -23.40);
insert into SHOT values (503, 498, 504, 63, 9.320, 200.63, 70.10, 9.317, 200.66, 70.08, 0.004, 242.64, -54.85);
insert into SHOT values (504, 498, 505, 63, 5.430, 207.23, 79.00, 5.431, 206.81, 78.94, 0.010, 154.83, -1.40);
insert into SHOT values (505, 498, 506, 63, 2.060, 202.73, 20.80, 2.061, 202.57, 20.74, 0.006, 132.84, -15.04);
insert into SHOT values (506, 498, 507, 63, 2.620, 207.43, 39.40, 2.619, 207.32, 39.33, 0.005, 138.72, -36.11);
insert into SHOT values (507, 498, 508, 63, 11.460, 206.13, 66.50, 11.459, 205.85, 65.90, 0.121, 194.27, -24.06);
insert into SHOT values (508, 508, 509, 63, 5.810, 339.63, -82.20, 5.814, 339.95, -82.21, 0.006, 79.88, -39.79);
insert into SHOT values (509, 508, 510, 63, 0.980, 101.83, -17.70, 0.977, 101.79, -17.89, 0.005, 290.76, -26.91);
insert into SHOT values (510, 508, 511, 63, 1.230, 16.93, 13.60, 1.227, 17.07, 13.67, 0.004, 153.70, 10.67);
insert into SHOT values (511, 508, 512, 63, 3.110, 88.23, 80.60, 3.112, 88.88, 80.57, 0.006, 157.94, 16.05);
insert into SHOT values (512, 508, 513, 63, 14.450, 165.13, 71.10, 14.451, 165.16, 71.08, 0.006, 189.38, -8.58);
insert into SHOT values (513, 508, 514, 63, 9.720, 160.23, 72.00, 9.727, 160.00, 71.24, 0.130, 154.47, -15.26);
insert into SHOT values (514, 514, 515, 63, 1.210, 175.53, 5.00, 1.209, 175.24, 5.22, 0.008, 74.14, 35.62);
insert into SHOT values (515, 514, 516, 63, 3.010, 187.53, 4.30, 3.004, 187.48, 4.39, 0.008, 31.44, 33.18);
insert into SHOT values (516, 514, 517, 63, 1.780, 215.83, -0.50, 1.776, 215.84, -0.32, 0.007, 33.09, 56.60);
insert into SHOT values (517, 514, 518, 63, 1.750, 241.53, -1.10, 1.750, 241.68, -0.98, 0.006, 334.82, 39.03);
insert into SHOT values (518, 514, 519, 63, 3.190, 265.83, -0.80, 3.189, 265.86, -0.72, 0.005, 34.43, 63.97);
insert into SHOT values (519, 514, 520, 63, 4.020, 283.93, -2.10, 4.021, 283.97, -2.00, 0.008, 342.25, 68.43);
insert into SHOT values (520, 514, 521, 63, 3.290, 305.03, 1.90, 3.289, 305.09, 1.92, 0.004, 45.10, 14.75);
insert into SHOT values (521, 514, 522, 63, 2.380, 330.03, 3.10, 2.383, 329.99, 3.13, 0.003, 292.73, 22.40);
insert into SHOT values (522, 514, 523, 63, 1.040, 10.23, -7.40, 1.046, 10.55, -7.14, 0.009, 53.32, 24.97);
insert into SHOT values (523, 514, 524, 63, 7.240, 305.03, -81.70, 7.235, 305.22, -81.73, 0.007, 89.46, 35.73);
insert into SHOT values (524, 514, 525, 63, 8.470, 243.33, -86.50, 8.466, 243.43, -86.52, 0.005, 44.99, 55.06);
insert into SHOT values (525, 514, 526, 63, 8.350, 284.13, -73.00, 8.346, 284.21, -72.97, 0.007, 326.76, 47.54);
insert into SHOT values (526, 514, 527, 63, 8.710, 306.33, -65.10, 8.710, 306.46, -65.09, 0.008, 30.51, 2.39);
insert into SHOT values (527, 514, 528, 63, 9.450, 301.73, -64.90, 9.444, 301.75, -64.87, 0.008, 341.66, 77.21);
insert into SHOT values (528, 514, 529, 63, 10.470, 308.73, -66.10, 10.470, 308.79, -66.07, 0.006, 350.23, 20.27);
insert into SHOT values (529, 514, 530, 63, 8.650, 332.53, -68.80, 8.647, 332.62, -68.77, 0.007, 31.66, 40.55);
insert into SHOT values (530, 514, 531, 63, 16.720, 351.03, -71.60, 16.717, 351.07, -71.57, 0.009, 21.42, 35.23);
insert into SHOT values (531, 514, 532, 63, 6.280, 282.33, 64.60, 6.286, 282.44, 64.63, 0.009, 18.40, 55.01);
insert into SHOT values (532, 514, 533, 63, 6.930, 324.13, 71.50, 6.940, 324.22, 71.46, 0.012, 348.71, 44.64);
insert into SHOT values (533, 514, 534, 63, 2.760, 22.03, 83.50, 2.768, 22.48, 83.49, 0.008, 82.35, 69.98);
insert into SHOT values (534, 514, 535, 63, 4.820, 235.03, 61.20, 4.824, 235.01, 61.26, 0.007, 74.16, 64.40);
insert into SHOT values (535, 514, 536, 63, 5.150, 249.73, 59.70, 5.154, 249.75, 59.70, 0.004, 271.93, 53.87);
insert into SHOT values (536, 514, 537, 63, 10.350, 259.73, 88.00, 10.343, 258.23, 88.64, 0.116, 82.90, -1.82);
insert into SHOT values (537, 537, 538, 63, 1.150, 32.53, 14.70, 1.152, 32.55, 14.58, 0.003, 39.63, -32.75);
insert into SHOT values (538, 537, 539, 63, 1.220, 346.13, -0.40, 1.215, 346.19, -0.47, 0.005, 151.35, -16.44);
insert into SHOT values (539, 537, 540, 63, 1.290, 207.83, -2.10, 1.289, 207.76, -1.78, 0.008, 89.79, 75.56);
insert into SHOT values (540, 537, 541, 63, 1.680, 244.83, -5.40, 1.676, 244.82, -5.48, 0.004, 71.09, -25.52);
insert into SHOT values (541, 537, 542, 63, 2.400, 269.53, 0.90, 2.400, 269.52, 0.95, 0.002, 223.20, 76.58);
insert into SHOT values (542, 537, 543, 63, 3.070, 284.33, 1.80, 3.067, 284.35, 1.87, 0.005, 81.90, 49.80);
insert into SHOT values (543, 537, 544, 63, 3.550, 257.53, -40.20, 3.544, 257.40, -40.25, 0.009, 121.47, 8.85);
insert into SHOT values (544, 537, 545, 63, 4.110, 288.83, -42.40, 4.107, 288.85, -42.41, 0.003, 83.35, 28.01);
insert into SHOT values (545, 537, 546, 63, 3.380, 72.73, 52.60, 3.399, 73.22, 52.31, 0.031, 107.61, 8.93);
insert into SHOT values (546, 546, 547, 63, 1.540, 133.53, 7.10, 1.540, 133.41, 7.09, 0.003, 39.09, -6.00);
insert into SHOT values (547, 546, 548, 63, 1.160, 187.63, -4.40, 1.163, 187.43, -4.44, 0.005, 135.46, -11.07);
insert into SHOT values (548, 546, 549, 63, 1.530, 219.73, -5.40, 1.526, 219.66, -5.26, 0.006, 68.75, 45.64);
insert into SHOT values (549, 546, 550, 63, 1.440, 283.03, -11.30, 1.434, 283.15, -11.26, 0.006, 74.54, 20.03);
insert into SHOT values (550, 546, 551, 63, 5.240, 255.33, -11.30, 5.239, 255.34, -11.34, 0.004, 40.11, -65.38);
insert into SHOT values (551, 546, 552, 63, 2.900, 263.93, -13.00, 2.900, 263.91, -12.95, 0.003, 186.93, 60.89);
insert into SHOT values (552, 546, 553, 63, 2.480, 245.93, -12.00, 2.475, 245.87, -11.89, 0.007, 98.20, 48.56);
insert into SHOT values (553, 546, 554, 63, 2.440, 330.63, -75.30, 2.440, 330.95, -75.33, 0.004, 83.73, 2.08);
insert into SHOT values (554, 546, 555, 63, 6.270, 173.53, 77.80, 6.267, 172.16, 77.16, 0.078, 147.29, -13.71);
insert into SHOT values (555, 555, 556, 63, 3.060, 263.23, -0.20, 3.051, 263.22, -0.19, 0.009, 85.94, 4.49);
insert into SHOT values (556, 555, 557, 63, 3.870, 283.83, 1.50, 3.865, 283.93, 1.63, 0.012, 51.87, 46.52);
insert into SHOT values (557, 555, 558, 63, 2.600, 296.13, 0.40, 2.598, 296.27, 0.44, 0.007, 40.54, 16.06);
insert into SHOT values (558, 555, 559, 63, 1.550, 318.33, 5.90, 1.545, 318.43, 5.94, 0.005, 109.10, 7.23);
insert into SHOT values (559, 555, 560, 63, 1.710, 347.83, 3.30, 1.711, 347.83, 3.35, 0.002, 352.01, 52.52);
insert into SHOT values (560, 555, 561, 63, 0.870, 71.63, -3.00, 0.877, 71.36, -2.61, 0.010, 41.24, 33.76);
insert into SHOT values (561, 555, 562, 63, 0.900, 65.83, 37.00, 0.974, 67.66, 35.84, 0.080, 85.59, 20.86);
insert into SHOT values (562, 562, 563, 63, 0.350, 88.83, 41.30, 0.442, 90.00, 37.65, 0.096, 93.52, 24.08);
insert into SURVEY values (65, 59, 'ftb', 'ftb.FT.Ded', 'ftb');
 insert into CENTRELINE values (66, 65, NULL, NULL, NULL, 0.00, 0.00, 0.00);
 insert into CENTRELINE values (67, 65, NULL, '2022-09-10', NULL, 0.00, 0.00, 62.30);
 insert into TOPO values (1, 67);
 insert into TOPO values (2, 67);
 insert into SHOT values (563, 564, 565, 67, 3.910, 259.99, 84.50, 3.908, 260.79, 84.50, 0.006, 349.55, -21.02);
insert into SHOT_FLAG values(563, 'dpl');
insert into SHOT values (564, 564, 566, 67, 6.770, 285.49, 45.00, 6.770, 285.52, 45.03, 0.004, 69.17, 40.62);
insert into SHOT_FLAG values(564, 'dpl');
insert into SHOT values (565, 564, 567, 67, 4.320, 290.59, 10.70, 4.315, 290.57, 10.68, 0.005, 130.51, -23.55);
insert into SHOT_FLAG values(565, 'dpl');
insert into SHOT values (566, 564, 568, 67, 2.710, 321.49, -3.30, 2.709, 321.60, -3.17, 0.008, 57.52, 48.70);
insert into SHOT_FLAG values(566, 'dpl');
insert into SHOT values (567, 564, 569, 67, 1.310, 241.19, -10.50, 1.302, 241.03, -10.62, 0.009, 85.71, -8.32);
insert into SHOT_FLAG values(567, 'dpl');
insert into SHOT values (568, 564, 570, 67, 2.380, 312.89, -31.80, 2.379, 313.00, -31.70, 0.006, 30.37, 47.93);
insert into SHOT_FLAG values(568, 'dpl');
insert into SHOT values (569, 564, 571, 67, 3.030, 338.49, 3.30, 3.027, 338.45, 3.41, 0.007, 193.37, 51.17);
insert into SHOT_FLAG values(569, 'dpl');
insert into SHOT values (570, 564, 572, 67, 3.050, 342.99, 35.40, 3.052, 343.17, 35.44, 0.008, 70.18, 22.83);
insert into SHOT_FLAG values(570, 'dpl');
insert into SHOT values (571, 564, 573, 67, 12.440, 308.29, 70.30, 12.438, 308.32, 70.30, 0.003, 42.29, -46.42);
insert into SHOT_FLAG values(571, 'dpl');
insert into SHOT values (572, 564, 574, 67, 2.590, 198.79, -22.70, 2.619, 198.58, -22.69, 0.030, 180.47, -20.55);
insert into SHOT_FLAG values(572, 'dpl');
insert into SHOT values (573, 574, 575, 67, 1.330, 233.09, 29.90, 1.333, 233.43, 29.68, 0.009, 286.37, -19.58);
insert into SHOT_FLAG values(573, 'dpl');
insert into SHOT values (574, 574, 576, 67, 2.570, 154.79, 23.40, 2.565, 154.85, 23.44, 0.006, 312.03, -6.33);
insert into SHOT_FLAG values(574, 'dpl');
insert into SHOT values (575, 574, 577, 67, 1.850, 115.39, 13.70, 1.847, 115.42, 13.78, 0.004, 281.86, 26.02);
insert into SHOT_FLAG values(575, 'dpl');
insert into SHOT values (576, 574, 578, 67, 2.370, 81.49, 0.30, 2.366, 81.49, 0.24, 0.005, 261.88, -31.46);
insert into SHOT_FLAG values(576, 'dpl');
insert into SHOT values (577, 574, 579, 67, 5.160, 107.69, 81.90, 5.161, 107.68, 81.93, 0.003, 290.11, 27.58);
insert into SHOT_FLAG values(577, 'dpl');
insert into SHOT values (578, 574, 580, 67, 4.000, 218.19, 80.70, 4.003, 218.11, 80.68, 0.003, 188.85, 52.32);
insert into SHOT_FLAG values(578, 'dpl');
insert into SHOT values (579, 574, 581, 67, 3.060, 137.29, 52.00, 3.050, 137.58, 51.89, 0.015, 234.08, -49.77);
insert into SHOT_FLAG values(579, 'dpl');
insert into SHOT values (580, 581, 582, 67, 2.750, 304.09, 21.60, 2.749, 304.00, 21.55, 0.005, 218.46, -29.36);
insert into SHOT_FLAG values(580, 'dpl');
insert into SHOT values (581, 581, 583, 67, 2.590, 335.89, 15.90, 2.588, 335.80, 15.92, 0.005, 215.67, 5.62);
insert into SHOT_FLAG values(581, 'dpl');
insert into SHOT values (582, 581, 584, 67, 2.050, 354.19, 31.30, 2.051, 354.09, 31.45, 0.006, 226.51, 52.28);
insert into SHOT_FLAG values(582, 'dpl');
insert into SHOT values (583, 581, 585, 67, 3.150, 325.69, 57.00, 3.146, 325.47, 57.05, 0.008, 203.10, -13.10);
insert into SHOT_FLAG values(583, 'dpl');
insert into SHOT values (584, 581, 586, 67, 2.590, 239.79, 19.60, 2.593, 239.76, 19.61, 0.003, 209.20, 22.90);
insert into SHOT_FLAG values(584, 'dpl');
insert into SHOT values (585, 581, 587, 67, 1.480, 269.09, 18.90, 1.480, 269.18, 18.92, 0.002, 0.83, 15.68);
insert into SHOT_FLAG values(585, 'dpl');
insert into SHOT values (586, 581, 588, 67, 1.980, 228.49, 17.60, 1.978, 228.44, 17.66, 0.004, 77.87, 20.70);
insert into SHOT_FLAG values(586, 'dpl');
insert into SHOT values (587, 581, 589, 67, 0.910, 214.49, 13.30, 0.909, 214.41, 13.35, 0.002, 93.96, 23.16);
insert into SHOT_FLAG values(587, 'dpl');
insert into SHOT values (588, 581, 590, 67, 4.060, 232.19, 47.50, 4.059, 231.92, 47.23, 0.023, 188.75, -35.31);
insert into SHOT_FLAG values(588, 'dpl');
insert into SHOT values (589, 590, 591, 67, 0.440, 111.89, -2.00, 0.431, 111.80, -1.33, 0.010, 296.35, 30.91);
insert into SHOT_FLAG values(589, 'dpl');
insert into SHOT values (590, 590, 592, 67, 0.680, 80.09, -10.30, 0.681, 79.70, -10.14, 0.005, 10.78, 17.63);
insert into SHOT_FLAG values(590, 'dpl');
insert into SHOT values (591, 590, 593, 67, 0.720, 22.79, 4.00, 0.715, 22.25, 4.01, 0.009, 255.38, -1.51);
insert into SHOT_FLAG values(591, 'dpl');
insert into SHOT values (592, 590, 594, 67, 1.110, 40.89, 0.70, 1.107, 40.60, 1.04, 0.009, 278.48, 43.90);
insert into SHOT_FLAG values(592, 'dpl');
insert into SHOT values (593, 590, 595, 67, 2.310, 47.09, 0.70, 2.307, 47.11, 0.75, 0.004, 216.59, 29.44);
insert into SHOT_FLAG values(593, 'dpl');
insert into SHOT values (594, 590, 596, 67, 1.620, 65.49, 1.00, 1.616, 65.50, 1.06, 0.005, 244.16, 22.04);
insert into SHOT_FLAG values(594, 'dpl');
insert into SHOT values (595, 590, 597, 67, 8.260, 171.49, 87.10, 8.260, 171.67, 87.12, 0.004, 331.21, 8.73);
insert into SHOT_FLAG values(595, 'dpl');
insert into SHOT values (596, 590, 598, 67, 4.610, 40.59, 71.70, 4.613, 40.52, 71.72, 0.004, 294.30, 56.76);
insert into SHOT_FLAG values(596, 'dpl');
insert into SHOT values (597, 590, 599, 67, 3.290, 43.09, 49.40, 3.293, 42.92, 49.38, 0.007, 337.14, 15.74);
insert into SHOT_FLAG values(597, 'dpl');
insert into SHOT values (598, 590, 600, 67, 4.900, 61.09, -73.10, 4.890, 60.91, -73.13, 0.011, 281.81, 49.65);
insert into SHOT_FLAG values(598, 'dpl');
insert into SHOT values (599, 590, 601, 67, 1.700, 147.59, 37.40, 1.703, 147.72, 37.64, 0.008, 272.91, 63.23);
insert into SHOT_FLAG values(599, 'dpl');
insert into SHOT values (600, 590, 602, 67, 2.620, 151.69, 40.50, 2.621, 151.76, 40.72, 0.010, 310.70, 53.73);
insert into SHOT_FLAG values(600, 'dpl');
insert into SHOT values (601, 590, 603, 67, 3.650, 176.09, 38.20, 3.650, 176.20, 38.25, 0.006, 287.61, 26.37);
insert into SHOT_FLAG values(601, 'dpl');
insert into SHOT values (602, 590, 604, 67, 3.240, 184.29, 39.00, 3.240, 184.33, 39.02, 0.002, 300.93, 30.18);
insert into SHOT_FLAG values(602, 'dpl');
insert into SHOT values (603, 590, 605, 67, 3.530, 202.59, 39.40, 3.538, 202.62, 39.49, 0.010, 231.47, 74.71);
insert into SHOT_FLAG values(603, 'dpl');
insert into SHOT values (604, 590, 606, 67, 1.870, 187.39, 32.70, 1.870, 187.67, 32.69, 0.008, 274.13, -1.90);
insert into SHOT_FLAG values(604, 'dpl');
insert into SHOT values (605, 590, 607, 67, 1.000, 187.09, 24.20, 0.996, 187.59, 24.30, 0.009, 304.93, 0.49);
insert into SHOT_FLAG values(605, 'dpl');
insert into SHOT values (606, 590, 608, 67, 0.310, 189.59, -0.40, 0.306, 191.31, 0.00, 0.010, 304.16, 12.12);
insert into SHOT_FLAG values(606, 'dpl');
insert into SHOT values (607, 590, 609, 67, 4.260, 176.99, 63.80, 4.263, 177.27, 63.65, 0.015, 216.26, -9.03);
insert into SHOT_FLAG values(607, 'dpl');
insert into SHOT values (608, 609, 610, 67, 1.040, 309.59, -6.70, 1.031, 309.45, -7.24, 0.013, 144.47, -40.32);
insert into SHOT_FLAG values(608, 'dpl');
insert into SHOT values (609, 609, 611, 67, 1.740, 350.09, -7.70, 1.741, 350.32, -7.92, 0.010, 78.12, -45.32);
insert into SHOT_FLAG values(609, 'dpl');
insert into SHOT values (610, 609, 612, 67, 2.230, 6.39, -6.90, 2.231, 6.48, -6.95, 0.004, 91.30, -31.17);
insert into SHOT_FLAG values(610, 'dpl');
insert into SHOT values (611, 609, 613, 67, 2.940, 17.29, -5.90, 2.939, 17.32, -6.05, 0.008, 163.69, -73.45);
insert into SHOT_FLAG values(611, 'dpl');
insert into SHOT values (612, 609, 614, 67, 3.300, 26.49, -5.00, 3.300, 26.57, -5.04, 0.005, 122.43, -30.15);
insert into SHOT_FLAG values(612, 'dpl');
insert into SHOT values (613, 609, 615, 67, 1.590, 32.59, -4.80, 1.590, 32.89, -5.05, 0.011, 126.96, -40.51);
insert into SHOT_FLAG values(613, 'dpl');
insert into SHOT values (614, 609, 616, 67, 0.850, 209.89, -8.70, 0.852, 209.91, -8.77, 0.002, 218.27, -35.52);
insert into SHOT_FLAG values(614, 'dpl');
insert into SHOT values (615, 609, 617, 67, 0.750, 227.99, -4.00, 0.746, 227.73, -4.61, 0.010, 83.43, -52.07);
insert into SHOT_FLAG values(615, 'dpl');
insert into SHOT values (616, 609, 618, 67, 1.550, 245.99, -3.00, 1.547, 245.92, -3.34, 0.010, 93.87, -65.77);
insert into SHOT_FLAG values(616, 'dpl');
insert into SHOT values (617, 609, 619, 67, 2.520, 58.19, -84.80, 2.521, 59.04, -84.69, 0.006, 93.63, -3.59);
insert into SHOT_FLAG values(617, 'dpl');
insert into SHOT values (618, 609, 620, 67, 6.910, 358.69, -68.90, 6.911, 358.84, -68.96, 0.010, 135.95, -18.84);
insert into SHOT_FLAG values(618, 'dpl');
insert into SHOT values (619, 609, 621, 67, 5.830, 352.59, 80.40, 5.821, 352.87, 80.43, 0.011, 127.92, -51.06);
insert into SHOT_FLAG values(619, 'dpl');
insert into SHOT values (620, 609, 622, 67, 31.580, 209.79, 82.80, 31.579, 209.67, 82.80, 0.008, 127.71, -6.65);
insert into SHOT_FLAG values(620, 'dpl');
insert into SHOT values (621, 609, 623, 67, 2.160, 266.99, 12.40, 2.161, 266.74, 12.02, 0.017, 199.36, -54.33);
insert into SHOT_FLAG values(621, 'dpl');
insert into SHOT values (622, 623, 624, 67, 0.850, 14.49, 5.00, 0.850, 14.36, 5.40, 0.006, 275.44, 71.91);
insert into SHOT_FLAG values(622, 'dpl');
insert into SHOT values (623, 623, 625, 67, 0.800, 62.79, 4.00, 0.798, 63.11, 4.31, 0.006, 177.18, 40.74);
insert into SHOT_FLAG values(623, 'dpl');
insert into SHOT values (624, 623, 626, 67, 0.860, 297.19, -1.80, 0.854, 297.16, -1.34, 0.009, 121.79, 52.57);
insert into SHOT_FLAG values(624, 'dpl');
insert into SHOT values (625, 623, 627, 67, 0.620, 352.99, -58.00, 0.612, 352.87, -58.19, 0.008, 179.29, 43.52);
insert into SHOT_FLAG values(625, 'dpl');
insert into SHOT values (626, 623, 628, 67, 10.480, 166.29, 87.70, 10.488, 166.29, 87.69, 0.009, 166.06, 80.34);
insert into SHOT_FLAG values(626, 'dpl');
insert into SHOT values (627, 629, 623, 67, 4.890, 267.89, -70.90, 4.877, 268.20, -70.96, 0.017, 45.67, 40.60);
insert into SHOT_FLAG values(627, 'dpl');
insert into SHOT values (628, 629, 630, 67, 1.390, 9.99, 1.30, 1.391, 9.94, 1.24, 0.002, 321.18, -39.65);
insert into SHOT_FLAG values(628, 'dpl');
insert into SHOT values (629, 629, 631, 67, 0.500, 42.99, -8.10, 0.500, 43.36, -8.05, 0.003, 130.22, 8.02);
insert into SHOT_FLAG values(629, 'dpl');
insert into SHOT values (630, 629, 632, 67, 0.680, 95.29, -6.50, 0.678, 95.96, -6.77, 0.009, 199.72, -20.36);
insert into SHOT_FLAG values(630, 'dpl');
insert into SHOT values (631, 629, 633, 67, 2.190, 131.79, 2.40, 2.190, 131.85, 2.36, 0.003, 216.97, -37.94);
insert into SHOT_FLAG values(631, 'dpl');
insert into SHOT values (632, 629, 634, 67, 4.460, 167.49, 4.50, 4.459, 167.53, 4.50, 0.003, 285.00, 1.42);
insert into SHOT_FLAG values(632, 'dpl');
insert into SHOT values (633, 629, 635, 67, 2.450, 202.29, -1.50, 2.454, 202.28, -1.63, 0.007, 192.89, -55.62);
insert into SHOT_FLAG values(633, 'dpl');
insert into SHOT values (634, 629, 636, 67, 2.540, 239.19, 0.10, 2.538, 239.19, 0.00, 0.005, 63.01, -67.77);
insert into SHOT_FLAG values(634, 'dpl');
insert into SHOT values (635, 629, 637, 67, 2.210, 281.79, 9.30, 2.205, 281.67, 9.40, 0.008, 139.58, 20.66);
insert into SHOT_FLAG values(635, 'dpl');
insert into SHOT values (636, 629, 638, 67, 7.190, 286.09, -86.10, 7.187, 285.46, -86.11, 0.006, 181.40, 31.04);
insert into SHOT_FLAG values(636, 'dpl');
insert into SHOT values (637, 629, 639, 67, 5.230, 281.19, -63.30, 5.225, 281.07, -63.35, 0.008, 139.79, 16.05);
insert into SHOT_FLAG values(637, 'dpl');
insert into SHOT values (638, 629, 640, 67, 3.580, 258.89, -53.60, 3.576, 258.85, -53.64, 0.005, 99.44, 17.86);
insert into SHOT_FLAG values(638, 'dpl');
insert into SHOT values (639, 629, 641, 67, 2.010, 205.89, -74.00, 2.008, 205.64, -73.97, 0.003, 129.24, 40.34);
insert into SHOT_FLAG values(639, 'dpl');
insert into SHOT values (640, 629, 642, 67, 5.150, 171.69, 42.40, 5.151, 172.19, 42.05, 0.046, 227.60, -29.64);
insert into SHOT_FLAG values(640, 'dpl');
insert into SHOT values (641, 642, 643, 67, 3.630, 304.09, 0.30, 3.622, 304.08, 0.32, 0.008, 128.30, 7.36);
insert into SHOT_FLAG values(641, 'dpl');
insert into SHOT values (642, 642, 644, 67, 4.730, 327.89, -3.10, 4.729, 327.89, -3.15, 0.004, 160.36, -79.25);
insert into SHOT_FLAG values(642, 'dpl');
insert into SHOT values (643, 642, 645, 67, 4.770, 336.19, -4.20, 4.768, 336.18, -4.21, 0.003, 175.04, -15.01);
insert into SHOT_FLAG values(643, 'dpl');
insert into SHOT values (644, 642, 646, 67, 3.820, 350.39, 0.60, 3.813, 350.49, 0.60, 0.010, 129.99, -0.01);
insert into SHOT_FLAG values(644, 'dpl');
insert into SHOT values (645, 642, 647, 67, 2.180, 154.29, 40.70, 2.181, 154.21, 40.63, 0.004, 105.04, -26.01);
insert into SHOT_FLAG values(645, 'dpl');
insert into SHOT values (646, 642, 648, 67, 1.780, 230.19, 49.80, 1.781, 229.94, 49.79, 0.005, 149.71, 4.89);
insert into SHOT_FLAG values(646, 'dpl');
insert into SHOT values (647, 642, 649, 67, 1.280, 262.49, 42.20, 1.281, 262.13, 42.19, 0.006, 179.03, 1.85);
insert into SHOT_FLAG values(647, 'dpl');
insert into SHOT values (648, 642, 650, 67, 1.690, 76.79, 38.60, 1.690, 76.91, 38.41, 0.006, 112.67, -44.02);
insert into SHOT_FLAG values(648, 'dpl');
insert into SHOT values (649, 642, 651, 67, 1.590, 121.49, 36.80, 1.594, 121.58, 36.59, 0.007, 138.17, -20.45);
insert into SHOT_FLAG values(649, 'dpl');
insert into SHOT values (650, 652, 642, 67, 5.830, 181.49, -67.50, 5.781, 181.31, -67.73, 0.055, 11.45, 41.38);
insert into SHOT_FLAG values(650, 'dpl');
insert into SHOT values (651, 652, 653, 67, 1.210, 160.19, 1.90, 1.203, 160.06, 1.91, 0.008, 1.69, -0.87);
insert into SHOT_FLAG values(651, 'dpl');
insert into SHOT values (652, 652, 654, 67, 4.370, 178.39, -1.60, 4.363, 178.42, -1.58, 0.007, 339.65, 16.04);
insert into SHOT_FLAG values(652, 'dpl');
insert into SHOT values (653, 652, 655, 67, 2.420, 203.29, -3.30, 2.413, 203.48, -3.09, 0.014, 333.04, 42.48);
insert into SHOT_FLAG values(653, 'dpl');
insert into SHOT values (654, 652, 656, 67, 3.000, 226.29, -0.30, 2.999, 226.35, -0.19, 0.007, 334.65, 61.06);
insert into SHOT_FLAG values(654, 'dpl');
insert into SHOT values (655, 652, 657, 67, 1.450, 295.29, -6.10, 1.457, 295.33, -5.91, 0.009, 301.73, 28.35);
insert into SHOT_FLAG values(655, 'dpl');
insert into SHOT values (656, 652, 658, 67, 3.320, 271.59, -4.10, 3.319, 271.73, -3.97, 0.011, 1.61, 43.03);
insert into SHOT_FLAG values(656, 'dpl');
insert into SHOT values (657, 652, 659, 67, 3.550, 256.09, -3.70, 3.550, 256.12, -3.55, 0.009, 318.73, 78.40);
insert into SHOT_FLAG values(657, 'dpl');
insert into SHOT values (658, 652, 660, 67, 6.720, 173.79, 36.60, 6.719, 173.82, 36.64, 0.006, 315.77, 36.06);
insert into SHOT_FLAG values(658, 'dpl');
insert into SHOT values (659, 652, 661, 67, 4.500, 173.99, 17.40, 4.501, 173.98, 17.45, 0.004, 53.38, 78.80);
insert into SHOT_FLAG values(659, 'dpl');
insert into SHOT values (660, 652, 662, 67, 4.370, 176.59, -7.20, 4.361, 176.69, -7.11, 0.013, 316.07, 35.15);
insert into SHOT_FLAG values(660, 'dpl');
insert into SHOT values (661, 652, 663, 67, 4.180, 175.49, -21.00, 4.176, 175.59, -20.90, 0.010, 272.63, 50.39);
insert into SHOT_FLAG values(661, 'dpl');
insert into SHOT values (662, 652, 664, 67, 4.710, 180.99, -41.50, 4.704, 181.14, -41.55, 0.011, 308.65, 4.76);
insert into SHOT_FLAG values(662, 'dpl');
insert into SHOT values (663, 652, 665, 67, 14.970, 222.89, 78.90, 14.971, 223.03, 78.88, 0.008, 279.78, 0.33);
insert into SHOT_FLAG values(663, 'dpl');
insert into SHOT values (664, 652, 666, 67, 14.250, 248.09, 76.20, 14.252, 248.26, 76.19, 0.010, 322.22, 7.37);
insert into SHOT_FLAG values(664, 'dpl');
insert into SHOT values (665, 652, 667, 67, 9.360, 239.59, 69.50, 9.362, 239.76, 69.52, 0.010, 342.18, 16.12);
insert into SHOT_FLAG values(665, 'dpl');
insert into SHOT values (666, 652, 668, 67, 6.560, 234.09, 61.60, 6.561, 234.12, 61.58, 0.003, 266.10, -10.03);
insert into SHOT_FLAG values(666, 'dpl');
insert into SHOT values (667, 652, 669, 67, 1.500, 168.59, 16.20, 1.515, 169.31, 16.10, 0.023, 219.54, 3.71);
insert into SHOT_FLAG values(667, 'dpl');
insert into SHOT values (668, 669, 670, 67, 2.780, 12.69, 79.50, 2.744, 11.77, 79.71, 0.038, 218.51, -61.46);
insert into SHOT_FLAG values(668, 'dpl');
insert into SHOT values (669, 670, 671, 67, 2.120, 213.09, -5.20, 2.125, 213.24, -5.13, 0.008, 260.40, 16.30);
insert into SHOT_FLAG values(669, 'dpl');
insert into SHOT values (670, 670, 672, 67, 0.960, 185.29, -9.00, 0.966, 185.41, -8.93, 0.006, 203.24, 1.59);
insert into SHOT_FLAG values(670, 'dpl');
insert into SHOT values (671, 670, 673, 67, 1.220, 197.69, -8.20, 1.221, 197.84, -8.47, 0.007, 277.68, -63.23);
insert into SHOT_FLAG values(671, 'dpl');
insert into SHOT values (672, 670, 674, 67, 2.450, 235.29, -9.40, 2.454, 235.26, -9.38, 0.005, 217.91, 1.78);
insert into SHOT_FLAG values(672, 'dpl');
insert into SHOT values (673, 670, 675, 67, 2.450, 289.19, 0.00, 2.454, 289.03, 0.00, 0.008, 228.52, 0.00);
insert into SHOT_FLAG values(673, 'dpl');
insert into SHOT values (674, 670, 676, 67, 3.810, 272.59, -1.10, 3.815, 272.55, -1.20, 0.009, 242.56, -52.89);
insert into SHOT_FLAG values(674, 'dpl');
insert into SHOT values (675, 670, 677, 67, 6.340, 288.39, 82.00, 6.318, 287.65, 81.60, 0.051, 272.11, -33.50);
insert into SHOT_FLAG values(675, 'dpl');
insert into SHOT values (676, 677, 678, 67, 2.130, 293.39, 2.60, 2.125, 293.30, 2.43, 0.009, 149.12, -49.57);
insert into SHOT_FLAG values(676, 'dpl');
insert into SHOT values (677, 677, 679, 67, 2.630, 272.89, 3.10, 2.627, 272.84, 3.05, 0.004, 132.65, -30.31);
insert into SHOT_FLAG values(677, 'dpl');
insert into SHOT values (678, 677, 680, 67, 2.700, 242.19, 0.20, 2.702, 242.20, 0.21, 0.002, 254.14, 17.25);
insert into SHOT_FLAG values(678, 'dpl');
insert into SHOT values (679, 677, 681, 67, 2.040, 205.09, -5.00, 2.039, 205.05, -5.06, 0.003, 77.27, -48.88);
insert into SHOT_FLAG values(679, 'dpl');
insert into SHOT values (680, 677, 682, 67, 1.660, 180.29, -2.40, 1.662, 180.35, -2.41, 0.002, 225.32, -13.03);
insert into SHOT_FLAG values(680, 'dpl');
insert into SHOT values (681, 677, 683, 67, 5.020, 235.89, 52.00, 5.018, 235.80, 51.92, 0.009, 187.86, -39.44);
insert into SHOT_FLAG values(681, 'dpl');
insert into SHOT values (682, 677, 684, 67, 5.730, 230.79, 68.00, 5.727, 230.67, 67.99, 0.005, 134.14, -31.24);
insert into SHOT_FLAG values(682, 'dpl');
insert into SHOT values (683, 677, 685, 67, 1.300, 144.69, 3.90, 1.303, 145.33, 3.52, 0.017, 219.68, -29.28);
insert into SHOT_FLAG values(683, 'dpl');
insert into SHOT values (684, 685, 686, 67, 0.860, 50.09, 6.60, 0.857, 49.76, 6.70, 0.006, 289.98, 11.50);
insert into SHOT_FLAG values(684, 'dpl');
insert into SHOT values (685, 685, 687, 67, 1.210, 11.99, 6.90, 1.212, 11.50, 6.63, 0.012, 297.39, -26.34);
insert into SHOT_FLAG values(685, 'dpl');
insert into SHOT values (686, 685, 688, 67, 1.230, 340.49, 11.40, 1.235, 340.22, 11.21, 0.009, 295.13, -20.90);
insert into SHOT_FLAG values(686, 'dpl');
insert into SHOT values (687, 685, 689, 67, 3.000, 326.79, 70.40, 2.995, 326.31, 70.30, 0.011, 257.15, -34.17);
insert into SHOT_FLAG values(687, 'dpl');
insert into SHOT values (688, 685, 690, 67, 5.330, 333.79, 76.00, 5.329, 333.83, 75.96, 0.004, 349.42, -28.01);
insert into SHOT_FLAG values(688, 'dpl');
insert into SHOT values (689, 685, 691, 67, 2.960, 23.19, 68.50, 2.956, 22.78, 68.48, 0.009, 291.34, -27.38);
insert into SHOT_FLAG values(689, 'dpl');
insert into SHOT values (690, 685, 692, 67, 1.570, 69.69, 61.40, 1.569, 69.62, 61.58, 0.005, 260.45, 17.71);
insert into SHOT_FLAG values(690, 'dpl');
insert into SHOT values (691, 685, 693, 67, 3.180, 45.29, 42.00, 3.168, 45.17, 42.00, 0.013, 255.69, -38.39);
insert into SHOT_FLAG values(691, 'dpl');
insert into SHOT values (692, 685, 694, 67, 3.110, 55.89, 40.00, 3.111, 55.78, 40.01, 0.005, 327.51, 10.78);
insert into SHOT_FLAG values(692, 'dpl');
insert into SHOT values (693, 685, 695, 67, 4.650, 45.89, 63.50, 4.599, 45.80, 63.91, 0.061, 229.47, -30.97);
insert into SHOT_FLAG values(693, 'dpl');
insert into SHOT values (694, 695, 696, 67, 0.760, 127.89, -9.70, 0.746, 128.90, -10.82, 0.024, 270.32, -29.43);
insert into SHOT_FLAG values(694, 'dpl');
insert into SHOT values (695, 696, 697, 67, 1.270, 135.89, 0.30, 1.273, 135.64, 0.45, 0.007, 72.60, 27.64);
insert into SHOT_FLAG values(695, 'dpl');
insert into SHOT values (696, 696, 698, 67, 1.280, 160.69, -1.10, 1.284, 160.44, -0.89, 0.009, 107.73, 32.30);
insert into SHOT_FLAG values(696, 'dpl');
insert into SHOT values (697, 696, 699, 67, 1.420, 184.89, -2.60, 1.416, 184.86, -2.43, 0.006, 16.77, 51.47);
insert into SHOT_FLAG values(697, 'dpl');
insert into SHOT values (698, 696, 700, 67, 1.560, 210.79, -5.10, 1.553, 210.71, -5.17, 0.007, 49.04, -10.35);
insert into SHOT_FLAG values(698, 'dpl');
insert into SHOT values (699, 696, 701, 67, 2.150, 235.09, -1.40, 2.148, 235.05, -1.33, 0.004, 91.36, 43.47);
insert into SHOT_FLAG values(699, 'dpl');
insert into SHOT values (700, 696, 702, 67, 1.330, 260.29, -1.60, 1.329, 260.47, -1.72, 0.005, 6.20, -34.49);
insert into SHOT_FLAG values(700, 'dpl');
insert into SHOT values (701, 696, 703, 67, 1.350, 286.29, -6.10, 1.352, 286.41, -5.94, 0.005, 335.27, 42.85);
insert into SHOT_FLAG values(701, 'dpl');
insert into SHOT values (702, 696, 704, 67, 4.180, 119.79, 69.40, 4.128, 120.75, 70.05, 0.075, 279.22, -25.98);
insert into SHOT_FLAG values(702, 'dpl');
insert into SHOT values (703, 704, 705, 67, 1.270, 232.39, 3.30, 1.273, 232.68, 3.60, 0.010, 303.77, 45.95);
insert into SHOT_FLAG values(703, 'dpl');
insert into SHOT values (704, 704, 706, 67, 2.120, 250.39, 3.20, 2.126, 250.46, 3.24, 0.006, 272.50, 15.37);
insert into SHOT_FLAG values(704, 'dpl');
insert into SHOT values (705, 704, 707, 67, 4.170, 272.09, 3.30, 4.170, 272.07, 3.30, 0.002, 171.72, -1.13);
insert into SHOT_FLAG values(705, 'dpl');
insert into SHOT values (706, 704, 708, 67, 3.150, 288.59, 2.30, 3.159, 288.66, 2.36, 0.010, 313.19, 20.95);
insert into SHOT_FLAG values(706, 'dpl');
insert into SHOT values (707, 704, 709, 67, 1.840, 306.09, 1.80, 1.847, 306.19, 1.86, 0.008, 329.22, 16.07);
insert into SHOT_FLAG values(707, 'dpl');
insert into SHOT values (708, 704, 710, 67, 0.810, 341.19, -1.80, 0.813, 341.34, -1.41, 0.007, 15.28, 55.41);
insert into SHOT_FLAG values(708, 'dpl');
insert into SHOT values (709, 704, 711, 67, 3.980, 206.09, 76.40, 3.983, 207.87, 75.70, 0.057, 238.60, -8.44);
insert into SHOT_FLAG values(709, 'dpl');
insert into SHOT values (710, 711, 712, 67, 1.120, 46.89, -46.00, 1.075, 45.56, -47.32, 0.055, 245.72, 16.56);
insert into SHOT_FLAG values(710, 'dpl');
insert into SHOT values (711, 712, 713, 67, 3.690, 79.89, -32.70, 3.696, 80.54, -32.94, 0.039, 175.08, -25.26);
insert into SHOT_FLAG values(711, 'dpl');
insert into SCRAPS values (69, 59, 'SP-FT-1', 1, 11.14421, 2.28492);
 insert into SCRAPS values (80, 59, 'SP-FT-0', 1, 34.04386, 6.97784);
 insert into SCRAPS values (92, 59, 'SP-FT-2', 1, 5.14967, 1.10537);
 insert into SCRAPS values (111, 59, 'SP-FT-3', 1, 79.25248, 7.26051);
 insert into SCRAPS values (124, 59, 'SP-FT-4', 1, 4.89977, 1.32095);
 insert into SCRAPS values (136, 59, 'SP-FT-5', 1, 24.75993, 1.11005);
 insert into SCRAPS values (162, 59, 'SP-FT-6', 1, 6.10597, 0.40153);
 insert into SCRAPS values (185, 59, 'SP-FT-7', 1, 26.27223, 1.09044);
 insert into SCRAPS values (203, 59, 'SP-FT-8', 1, 36.37773, 2.90283);
 insert into SCRAPS values (223, 59, 'SC-FT-1', 2, 5.07739, 0.47170);
 insert into SCRAPS values (270, 59, 'SC-FT-2', 2, 27.51972, 0.56078);
 insert into MAPS values (328, 59, 'MP-FT-plan-tot', 'FT', 1, 285.000, -191.960);
 insert into MAPITEMS values (328, 4, 203);
 insert into MAPITEMS values (328, 4, 185);
 insert into MAPITEMS values (328, 4, 162);
 insert into MAPITEMS values (328, 4, 136);
 insert into MAPITEMS values (328, 4, 124);
 insert into MAPITEMS values (328, 4, 111);
 insert into MAPITEMS values (328, 4, 92);
 insert into MAPITEMS values (328, 4, 69);
 insert into MAPITEMS values (328, 4, 80);
 insert into MAPS values (329, 59, 'MC-FT-coupe-tot', 'FT', 2, 285.000, -191.960);
 insert into MAPITEMS values (329, 4, 223);
 insert into MAPITEMS values (329, 4, 270);
 insert into SURVEY values (331, 57, 'Kriska', 'Kriska.Ded', 'Kriska');
 insert into CENTRELINE values (332, 331, NULL, NULL, NULL, 0.00, 0.00, 0.00);
 insert into SURVEY values (333, 331, 'Kriska-spel', 'Kriska-spel.Kriska.Ded', 'Kriska-spel');
 insert into CENTRELINE values (334, 333, NULL, NULL, NULL, 0.00, 0.00, 0.00);
 insert into SURVEY values (335, 333, 'Kriska1', 'Kriska1.Kriska-spel.Kriska.Ded', 'Kriska');
 insert into CENTRELINE values (336, 335, NULL, NULL, NULL, 0.00, 0.00, 0.00);
 insert into CENTRELINE values (337, 335, NULL, '2021-06-26', '1962-01-01', 312.91, 0.00, 0.00);
 insert into PERSON values (10, 'Solveig', 'Reymond(GUCEM)');
insert into TOPO values (10, 337);
 insert into TOPO values (2, 337);
 insert into PERSON values (11, NULL, 'Aragnous');
insert into EXPLO values (11, 337);
 insert into PERSON values (12, NULL, 'Betschen');
insert into EXPLO values (12, 337);
 insert into PERSON values (13, NULL, 'CSC');
insert into EXPLO values (13, 337);
 insert into PERSON values (14, NULL, 'Collomb');
insert into EXPLO values (14, 337);
 insert into PERSON values (15, NULL, 'Criska');
insert into EXPLO values (15, 337);
 insert into PERSON values (16, NULL, 'Darbouns');
insert into EXPLO values (16, 337);
 insert into EXPLO values (4, 337);
 insert into PERSON values (17, NULL, 'FLT');
insert into EXPLO values (17, 337);
 insert into PERSON values (18, 'Alain', 'Marbach');
insert into EXPLO values (18, 337);
 insert into PERSON values (19, 'G.', 'Marbach');
insert into EXPLO values (19, 337);
 insert into PERSON values (20, NULL, 'Massari');
insert into EXPLO values (20, 337);
 insert into PERSON values (21, 'Andre', 'Meozzi');
insert into EXPLO values (21, 337);
 insert into PERSON values (22, NULL, 'Rousset');
insert into EXPLO values (22, 337);
 insert into PERSON values (23, NULL, 'SGCAF');
insert into EXPLO values (23, 337);
 insert into PERSON values (24, 'R.', 'Taffani');
insert into EXPLO values (24, 337);
 insert into PERSON values (25, 'Francois', 'Thierry');
insert into EXPLO values (25, 337);
 insert into PERSON values (26, NULL, 'Thiriet');
insert into EXPLO values (26, 337);
 insert into PERSON values (27, 'A.C.', 'Toulonnais');
insert into EXPLO values (27, 337);
 insert into SHOT values (712, 714, 715, 337, 0.800, 23.60, -2.30, 0.798, 23.67, -2.16, 0.003, 179.81, 39.96);
insert into SHOT values (713, 714, 716, 337, 0.890, 201.80, 4.50, 0.887, 201.92, 4.53, 0.004, 352.03, 2.55);
insert into SHOT values (714, 714, 717, 337, 1.410, 181.30, -64.70, 1.405, 180.95, -64.71, 0.006, 56.43, 47.38);
insert into SHOT values (715, 714, 718, 337, 1.430, 40.00, -61.50, 1.432, 40.24, -61.60, 0.004, 152.36, -47.01);
insert into SHOT values (716, 714, 719, 337, 0.710, 24.40, 1.30, 0.716, 24.78, 1.60, 0.009, 62.30, 26.88);
insert into SHOT values (717, 714, 720, 337, 1.020, 31.40, 58.50, 1.019, 31.89, 58.65, 0.005, 154.45, 3.23);
insert into SHOT values (718, 714, 721, 337, 1.420, 197.50, 58.50, 1.420, 197.22, 58.44, 0.004, 127.73, -10.89);
insert into SHOT values (719, 714, 722, 337, 0.720, 198.00, -10.90, 0.716, 197.40, -11.28, 0.010, 74.05, -23.66);
insert into SHOT values (720, 714, 723, 337, 1.020, 180.10, -58.30, 1.024, 180.00, -58.17, 0.005, 167.19, -27.79);
insert into SHOT values (721, 714, 724, 337, 2.120, 99.00, -51.90, 2.127, 99.18, -51.74, 0.010, 124.17, -9.98);
insert into SHOT values (722, 714, 725, 337, 2.150, 21.70, -71.10, 2.147, 21.80, -70.97, 0.006, 40.86, 46.60);
insert into SHOT values (723, 714, 726, 337, 1.210, 275.00, -15.50, 1.207, 274.93, -15.37, 0.004, 135.29, 56.56);
insert into SHOT values (724, 714, 727, 337, 25.370, 38.00, -87.40, 25.360, 37.90, -85.73, 0.739, 37.75, 4.18);
insert into SHOT values (725, 727, 728, 337, 0.730, 344.00, -6.00, 0.732, 344.05, -6.27, 0.004, 3.79, -59.97);
insert into SHOT values (726, 727, 729, 337, 1.550, 147.90, -1.60, 1.546, 147.96, -1.48, 0.005, 306.26, 37.87);
insert into SHOT values (727, 727, 730, 337, 1.700, 152.80, 63.20, 1.702, 152.76, 63.29, 0.003, 347.22, 55.95);
insert into SHOT values (728, 727, 731, 337, 3.050, 252.50, 40.30, 3.049, 252.50, 40.24, 0.003, 254.60, -59.30);
insert into SHOT values (729, 727, 732, 337, 3.540, 52.70, 42.00, 3.537, 52.74, 42.07, 0.005, 211.42, 14.30);
insert into SHOT values (730, 727, 733, 337, 7.420, 46.50, 78.70, 7.424, 46.67, 78.68, 0.007, 98.99, 35.06);
insert into SHOT values (731, 727, 734, 337, 4.700, 67.50, -52.00, 4.696, 67.43, -51.99, 0.006, 307.75, 41.16);
insert into SHOT values (732, 727, 735, 337, 4.670, 67.20, -53.50, 4.667, 67.13, -53.46, 0.005, 348.06, 48.71);
insert into SHOT values (733, 727, 736, 337, 5.490, 73.90, -31.30, 5.499, 73.49, -30.98, 0.047, 18.54, 28.35);
insert into SHOT values (734, 736, 737, 337, 2.580, 245.60, 1.30, 2.574, 245.43, 1.34, 0.010, 116.11, 8.40);
insert into SHOT values (735, 736, 738, 337, 1.000, 199.70, -12.10, 0.996, 199.18, -12.17, 0.010, 86.61, -2.28);
insert into SHOT values (736, 736, 739, 337, 2.290, 286.40, 24.80, 2.287, 286.51, 24.82, 0.005, 53.52, -5.88);
insert into SHOT values (737, 736, 740, 337, 2.090, 272.20, -40.50, 2.086, 272.17, -40.70, 0.009, 96.66, -18.07);
insert into SHOT values (738, 736, 741, 337, 2.720, 204.70, -55.80, 2.719, 204.38, -55.85, 0.009, 96.39, -2.20);
insert into SHOT values (739, 736, 742, 337, 5.080, 105.90, -57.30, 5.061, 105.40, -57.11, 0.035, 25.87, 45.82);
insert into SHOT values (740, 742, 743, 337, 0.360, 98.60, 39.20, 0.358, 98.13, 37.88, 0.009, 67.67, -59.19);
insert into SHOT values (741, 742, 744, 337, 2.460, 198.90, 22.00, 2.462, 198.91, 21.95, 0.003, 211.58, -32.23);
insert into SHOT values (742, 742, 745, 337, 0.680, 354.30, 19.70, 0.683, 354.64, 19.69, 0.005, 50.58, 9.42);
insert into SHOT values (743, 742, 746, 337, 2.230, 272.20, -10.00, 2.226, 272.09, -10.09, 0.007, 133.09, -24.13);
insert into SHOT values (744, 742, 747, 337, 1.480, 261.60, 71.10, 1.478, 261.53, 71.25, 0.004, 89.31, -2.78);
insert into SHOT values (745, 742, 748, 337, 2.130, 247.10, -8.70, 2.132, 247.09, -8.90, 0.008, 217.82, -84.22);
insert into SHOT values (746, 742, 749, 337, 2.290, 265.40, -8.90, 2.296, 265.45, -9.02, 0.008, 287.51, -48.23);
insert into SHOT values (747, 742, 750, 337, 3.150, 251.40, -27.30, 3.117, 251.70, -27.30, 0.036, 44.98, 24.47);
insert into SHOT values (748, 750, 751, 337, 0.590, 28.40, 2.40, 0.591, 28.30, 2.91, 0.005, 346.40, 74.25);
insert into SHOT values (749, 750, 752, 337, 0.640, 134.10, 53.80, 0.641, 133.92, 54.21, 0.005, 334.41, 46.49);
insert into SHOT values (750, 750, 753, 337, 0.510, 286.10, 8.50, 0.506, 286.26, 9.09, 0.007, 88.23, 44.96);
insert into SHOT values (751, 750, 754, 337, 4.310, 50.60, -74.10, 4.305, 50.01, -73.62, 0.038, 30.01, 23.21);
insert into SHOT values (752, 754, 755, 337, 1.520, 102.20, -4.90, 1.520, 102.20, -4.91, 0.000, 265.52, -32.99);
insert into SHOT values (753, 754, 756, 337, 2.250, 272.70, 28.50, 2.248, 272.62, 28.71, 0.009, 120.78, 46.86);
insert into SHOT values (754, 754, 757, 337, 1.960, 160.80, 62.20, 1.968, 160.97, 62.13, 0.009, 185.57, 42.57);
insert into SHOT values (755, 754, 758, 337, 1.030, 182.20, -5.30, 1.035, 182.22, -4.99, 0.007, 187.41, 44.67);
insert into SHOT values (756, 754, 759, 337, 1.730, 134.90, -25.70, 1.706, 134.47, -25.34, 0.029, 348.18, 44.27);
insert into SHOT values (757, 759, 760, 337, 0.310, 41.70, -4.10, 0.313, 39.81, -3.66, 0.011, 328.08, 11.38);
insert into SHOT values (758, 759, 761, 337, 1.140, 39.60, -58.70, 1.136, 38.81, -58.68, 0.009, 295.94, 26.09);
insert into SHOT values (759, 759, 762, 337, 0.610, 170.70, 66.40, 0.610, 172.87, 66.64, 0.010, 276.03, 6.10);
insert into SHOT values (760, 759, 763, 337, 0.150, 201.40, -13.20, 0.146, 204.78, -11.83, 0.010, 311.62, 25.32);
insert into SHOT values (761, 759, 764, 337, 3.020, 101.80, -27.60, 3.011, 101.23, -27.49, 0.029, 0.42, 18.60);
insert into SHOT values (762, 764, 765, 337, 1.230, 267.50, -84.80, 1.225, 264.81, -84.83, 0.007, 165.04, 42.90);
insert into SHOT values (763, 764, 766, 337, 1.800, 271.90, 75.80, 1.804, 271.30, 75.88, 0.007, 164.16, 46.13);
insert into SHOT values (764, 764, 767, 337, 1.040, 212.50, -4.50, 1.046, 212.47, -4.39, 0.006, 208.10, 14.24);
insert into SHOT values (765, 764, 768, 337, 1.980, 167.00, 28.60, 1.986, 167.08, 28.58, 0.007, 190.34, 19.26);
insert into SHOT values (766, 764, 769, 337, 1.610, 213.30, -58.90, 1.614, 213.31, -58.74, 0.006, 215.10, -13.22);
insert into SHOT values (767, 764, 770, 337, 2.270, 141.40, -39.90, 2.232, 140.92, -39.85, 0.041, 348.10, 39.52);
insert into SHOT values (768, 770, 771, 337, 0.410, 26.10, 6.90, 0.406, 26.57, 7.08, 0.006, 170.29, 7.55);
insert into SHOT values (769, 770, 772, 337, 0.760, 70.50, 69.00, 0.758, 70.20, 69.48, 0.007, 262.17, 4.03);
insert into SHOT values (770, 770, 773, 337, 0.680, 3.20, -68.60, 0.678, 2.29, -68.34, 0.005, 300.59, 34.95);
insert into SHOT values (771, 770, 774, 337, 1.700, 99.40, -10.30, 1.697, 98.95, -10.18, 0.014, 359.32, 16.82);
insert into SHOT values (772, 774, 775, 337, 0.560, 217.60, -0.70, 0.556, 217.69, 0.00, 0.008, 24.09, 59.61);
insert into SHOT values (773, 774, 776, 337, 1.220, 209.80, 70.80, 1.226, 208.50, 71.05, 0.012, 101.04, 39.44);
insert into SHOT values (774, 774, 777, 337, 0.880, 313.90, -78.60, 0.877, 315.00, -78.84, 0.006, 96.46, 26.17);
insert into SHOT values (775, 774, 778, 337, 1.330, 159.50, -25.50, 1.328, 159.00, -25.41, 0.011, 65.27, 13.78);
insert into SHOT values (776, 774, 779, 337, 1.400, 117.90, -16.80, 1.405, 117.90, -16.55, 0.008, 117.81, 36.71);
insert into SHOT values (777, 774, 780, 337, 3.630, 117.40, -27.90, 3.612, 116.97, -27.72, 0.032, 3.85, 35.25);
insert into SHOT values (778, 780, 781, 337, 0.320, 13.80, 4.80, 0.322, 14.47, 5.35, 0.005, 85.31, 39.12);
insert into SHOT values (779, 780, 782, 337, 1.140, 349.90, 83.20, 1.138, 351.25, 83.36, 0.005, 128.15, -22.96);
insert into SHOT values (780, 780, 783, 337, 0.690, 349.50, -84.10, 0.694, 351.87, -84.15, 0.005, 84.90, -51.19);
insert into SHOT values (781, 780, 784, 337, 1.810, 87.30, -11.80, 1.829, 86.80, -11.35, 0.028, 50.84, 21.24);
insert into SHOT values (782, 784, 785, 337, 0.310, 221.70, -16.10, 0.311, 222.27, -16.84, 0.005, 321.85, -53.02);
insert into SHOT values (783, 784, 786, 337, 1.450, 233.30, 68.50, 1.453, 233.34, 68.34, 0.005, 238.69, 11.01);
insert into SHOT values (784, 784, 787, 337, 0.660, 307.90, 75.20, 0.655, 308.16, 74.22, 0.012, 312.78, -40.51);
insert into SHOT values (785, 784, 788, 337, 2.500, 123.30, -27.60, 2.475, 122.89, -27.69, 0.030, 335.85, 15.96);
insert into SHOT values (786, 788, 789, 337, 0.160, 153.90, 51.20, 0.166, 150.95, 51.62, 0.008, 89.69, 42.02);
insert into SHOT values (787, 788, 790, 337, 0.360, 237.90, -31.70, 0.360, 238.39, -31.90, 0.003, 348.98, -16.37);
insert into SHOT values (788, 788, 791, 337, 1.010, 40.20, -10.00, 1.008, 40.10, -9.71, 0.006, 277.49, 69.67);
insert into SHOT values (789, 788, 792, 337, 1.310, 217.80, -71.60, 1.307, 217.15, -71.54, 0.006, 133.60, 32.63);
insert into SHOT values (790, 788, 793, 337, 0.590, 320.20, -25.50, 0.588, 320.33, -25.14, 0.004, 45.25, 72.59);
insert into SHOT values (791, 788, 794, 337, 5.540, 132.50, -79.60, 5.507, 131.68, -79.78, 0.039, 343.97, 47.41);
insert into SHOT values (792, 794, 795, 337, 0.650, 240.90, -6.40, 0.649, 240.26, -6.19, 0.008, 142.96, 18.58);
insert into SHOT values (793, 794, 796, 337, 1.230, 162.30, -14.20, 1.236, 162.02, -14.05, 0.009, 118.59, 11.56);
insert into SHOT values (794, 794, 797, 337, 2.450, 299.60, 57.70, 2.451, 299.69, 57.63, 0.004, 333.90, -13.27);
insert into SHOT values (795, 794, 798, 337, 2.390, 352.40, 8.90, 2.389, 352.45, 8.91, 0.002, 101.15, 5.70);
insert into SHOT values (796, 794, 799, 337, 2.530, 332.40, 37.50, 2.531, 332.41, 37.48, 0.001, 359.64, -7.50);
insert into SHOT values (797, 794, 800, 337, 2.220, 349.10, 0.30, 2.220, 349.09, 0.26, 0.002, 308.04, -84.38);
insert into SHOT values (798, 794, 801, 337, 1.140, 157.90, 1.80, 1.144, 157.92, 1.50, 0.007, 163.49, -52.35);
insert into SHOT values (799, 794, 802, 337, 0.750, 253.10, 4.20, 0.745, 252.78, 3.85, 0.008, 114.03, -38.43);
insert into SHOT values (800, 794, 803, 337, 13.140, 64.40, -85.50, 13.124, 64.08, -84.80, 0.162, 62.03, 10.52);
insert into SHOT values (801, 803, 804, 337, 1.220, 41.40, 35.60, 1.214, 41.30, 35.79, 0.007, 235.41, -1.50);
insert into SHOT values (802, 803, 805, 337, 0.590, 305.20, 25.30, 0.593, 305.17, 24.91, 0.005, 301.72, -23.87);
insert into SHOT values (803, 803, 806, 337, 2.040, 242.50, 7.10, 2.046, 242.43, 7.02, 0.007, 220.40, -17.51);
insert into SHOT values (804, 803, 807, 337, 7.750, 149.20, 2.30, 7.746, 149.23, 2.29, 0.006, 284.69, -10.36);
insert into SHOT values (805, 803, 808, 337, 2.040, 112.40, 25.20, 2.034, 112.38, 25.32, 0.008, 296.77, 10.80);
insert into SHOT values (806, 803, 809, 337, 2.280, 209.80, 4.30, 2.277, 209.84, 4.28, 0.003, 356.76, -17.67);
insert into SHOT values (807, 803, 810, 337, 3.780, 183.30, 8.40, 3.777, 183.38, 8.37, 0.006, 303.65, -20.47);
insert into SHOT values (808, 803, 811, 337, 5.440, 166.90, -0.60, 5.441, 166.93, -0.63, 0.005, 238.59, -39.60);
insert into SHOT values (809, 803, 812, 337, 23.510, 134.30, -78.50, 23.484, 133.91, -79.10, 0.249, 321.35, -5.07);
insert into SHOT values (810, 812, 813, 337, 0.620, 195.50, 6.10, 0.625, 194.93, 6.43, 0.009, 141.43, 28.51);
insert into SHOT values (811, 812, 814, 337, 0.470, 313.50, 8.00, 0.472, 313.26, 8.53, 0.005, 261.29, 62.32);
insert into SHOT values (812, 812, 815, 337, 2.020, 54.40, 5.70, 2.024, 54.50, 5.67, 0.006, 91.41, -6.26);
insert into SHOT values (813, 812, 816, 337, 2.690, 118.70, 2.10, 2.691, 118.66, 2.13, 0.003, 67.35, 33.27);
insert into SHOT values (814, 812, 817, 337, 2.460, 124.40, 52.30, 2.462, 124.43, 52.37, 0.004, 263.92, 70.00);
insert into SHOT values (815, 812, 818, 337, 3.940, 102.50, 78.00, 3.936, 102.68, 77.98, 0.005, 175.01, -54.91);
insert into SHOT values (816, 812, 819, 337, 3.240, 132.60, 27.50, 3.248, 132.61, 27.51, 0.008, 137.23, 31.03);
insert into SHOT values (817, 812, 820, 337, 2.210, 159.70, 0.90, 2.209, 159.60, 1.04, 0.007, 53.29, 52.24);
insert into SHOT values (818, 812, 821, 337, 5.740, 350.50, 51.80, 5.784, 350.72, 51.55, 0.053, 6.98, 21.22);
insert into SHOT values (819, 821, 822, 337, 0.500, 217.50, -18.70, 0.504, 217.35, -18.51, 0.005, 201.82, 3.83);
insert into SHOT values (820, 821, 823, 337, 0.690, 229.90, 42.50, 0.694, 229.76, 42.61, 0.005, 200.93, 57.29);
insert into SHOT values (821, 821, 824, 337, 0.830, 328.50, -75.60, 0.825, 327.09, -75.80, 0.007, 199.68, 31.66);
insert into SHOT values (822, 821, 825, 337, 0.160, 81.90, 7.00, 0.162, 82.87, 7.07, 0.004, 130.62, 7.79);
insert into SHOT values (823, 821, 826, 337, 2.410, 319.80, 8.70, 2.413, 319.76, 8.82, 0.006, 282.26, 66.94);
insert into SHOT values (824, 821, 827, 337, 1.720, 283.80, 25.10, 1.724, 284.13, 25.42, 0.014, 17.16, 49.31);
insert into SHOT values (825, 827, 828, 337, 0.210, 79.30, 45.70, 0.207, 77.91, 46.33, 0.005, 303.87, -3.41);
insert into SHOT values (826, 827, 829, 337, 0.640, 175.40, 15.60, 0.638, 175.31, 16.39, 0.009, 6.92, 60.48);
insert into SHOT values (827, 827, 830, 337, 0.470, 344.40, 2.50, 0.478, 344.22, 2.40, 0.009, 334.42, -3.34);
insert into SHOT values (828, 827, 831, 337, 0.140, 284.80, -13.50, 0.139, 287.10, -12.44, 0.006, 17.18, 26.10);
insert into SHOT values (829, 827, 832, 337, 4.270, 306.00, 36.30, 4.305, 306.44, 36.33, 0.044, 351.12, 30.31);
insert into SHOT values (830, 832, 833, 337, 0.320, 223.80, 86.80, 0.320, 225.00, 87.47, 0.004, 39.24, 7.61);
insert into SHOT values (831, 832, 834, 337, 1.100, 60.10, 1.50, 1.107, 60.19, 1.55, 0.007, 74.99, 9.77);
insert into SHOT values (832, 832, 835, 337, 0.310, 127.80, 5.10, 0.315, 127.23, 5.46, 0.007, 97.21, 21.95);
insert into SHOT values (833, 832, 836, 337, 0.290, 95.90, -77.50, 0.289, 98.13, -75.83, 0.009, 115.14, 20.51);
insert into SHOT values (834, 832, 837, 337, 0.160, 270.30, -4.40, 0.150, 270.00, -3.81, 0.010, 94.97, 13.38);
insert into SHOT values (835, 832, 838, 337, 2.350, 328.00, 4.50, 2.379, 328.46, 4.82, 0.037, 2.67, 25.12);
insert into SHOT values (836, 838, 839, 337, 0.660, 216.30, 10.90, 0.661, 216.87, 10.46, 0.008, 290.19, -35.41);
insert into SHOT values (837, 838, 840, 337, 1.300, 198.50, 71.30, 1.298, 199.75, 71.38, 0.009, 304.13, -8.33);
insert into SHOT values (838, 838, 841, 337, 1.000, 258.80, -82.30, 1.009, 261.25, -82.51, 0.011, 13.37, -55.50);
insert into SHOT values (839, 838, 842, 337, 1.190, 301.50, -2.40, 1.205, 302.11, -2.38, 0.020, 341.70, -0.49);
insert into SHOT values (840, 842, 843, 337, 1.060, 33.20, 0.30, 1.062, 33.09, 0.54, 0.005, 352.95, 55.65);
insert into SHOT values (841, 842, 844, 337, 2.470, 336.30, 83.90, 2.474, 335.38, 83.87, 0.006, 265.77, 41.51);
insert into SHOT values (842, 842, 845, 337, 0.870, 197.90, 21.00, 0.867, 197.99, 20.95, 0.003, 352.33, -31.23);
insert into SHOT values (843, 842, 846, 337, 1.360, 155.60, -5.20, 1.357, 155.52, -5.07, 0.005, 7.36, 43.48);
insert into SHOT values (844, 842, 847, 337, 17.970, 322.00, -78.10, 17.950, 322.40, -77.29, 0.257, 328.54, 16.68);
insert into SHOT values (845, 847, 848, 337, 2.220, 352.60, 4.00, 2.224, 352.49, 3.87, 0.008, 309.54, -38.68);
insert into SHOT values (846, 847, 849, 337, 2.590, 48.50, 1.10, 2.586, 48.29, 1.11, 0.010, 293.39, 1.56);
insert into SHOT values (847, 847, 850, 337, 2.030, 108.10, 2.20, 2.022, 108.17, 1.98, 0.011, 270.92, -44.20);
insert into SHOT values (848, 847, 851, 337, 2.250, 145.90, 3.80, 2.246, 146.10, 3.83, 0.009, 263.40, 5.74);
insert into SHOT values (849, 847, 852, 337, 3.710, 42.50, 64.30, 3.706, 42.23, 64.31, 0.008, 298.67, -20.87);
insert into SHOT values (850, 847, 853, 337, 17.860, 42.80, -77.20, 17.850, 42.56, -76.00, 0.373, 39.94, 14.92);
insert into SHOT values (851, 853, 854, 337, 1.500, 55.20, 5.90, 1.508, 55.04, 5.71, 0.011, 29.88, -23.35);
insert into SHOT values (852, 853, 855, 337, 2.180, 97.00, 3.40, 2.179, 96.86, 3.42, 0.005, 0.53, 7.92);
insert into SHOT values (853, 853, 856, 337, 1.880, 128.00, 3.20, 1.877, 127.85, 3.05, 0.007, 8.19, -41.26);
insert into SHOT values (854, 853, 857, 337, 1.480, 223.20, 5.80, 1.472, 223.06, 5.85, 0.009, 66.77, 2.91);
insert into SHOT values (855, 853, 858, 337, 1.160, 271.40, -3.70, 1.153, 271.49, -3.98, 0.009, 76.30, -34.62);
insert into SHOT values (856, 853, 859, 337, 3.580, 129.10, -53.60, 3.552, 128.45, -53.62, 0.037, 2.47, 35.84);
insert into SHOT values (857, 859, 860, 337, 1.800, 258.90, -10.20, 1.802, 258.94, -10.23, 0.002, 305.25, -32.44);
insert into SHOT values (858, 859, 861, 337, 1.450, 304.80, -2.70, 1.453, 304.89, -2.76, 0.004, 349.73, -25.93);
insert into SHOT values (859, 859, 862, 337, 1.340, 20.60, 6.80, 1.345, 20.61, 6.83, 0.005, 22.95, 15.37);
insert into SHOT values (860, 859, 863, 337, 1.260, 96.10, -0.60, 1.257, 95.94, -0.46, 0.006, 323.84, 33.92);
insert into SHOT values (861, 859, 864, 337, 19.840, 165.70, -86.00, 19.825, 165.40, -87.13, 0.392, 346.44, -1.22);
insert into SHOT values (862, 864, 865, 337, 1.270, 220.60, -17.70, 1.271, 220.65, -17.40, 0.007, 243.40, 63.93);
insert into SHOT values (863, 864, 866, 337, 1.310, 169.70, -7.40, 1.310, 169.81, -7.01, 0.009, 231.50, 71.14);
insert into SHOT values (864, 864, 867, 337, 1.500, 278.00, -13.40, 1.493, 277.91, -13.16, 0.010, 121.26, 52.65);
insert into SHOT values (865, 864, 868, 337, 3.730, 272.70, -70.20, 3.698, 273.21, -70.21, 0.034, 48.94, 61.46);
insert into SHOT values (866, 868, 869, 337, 0.740, 326.90, 1.30, 0.738, 327.17, 1.55, 0.005, 86.26, 38.45);
insert into SHOT values (867, 868, 870, 337, 0.820, 48.10, 0.70, 0.821, 47.96, 0.70, 0.002, 353.62, -0.43);
insert into SHOT values (868, 868, 871, 337, 1.610, 97.10, 2.90, 1.613, 96.77, 2.84, 0.010, 26.80, -8.51);
insert into SHOT values (869, 868, 872, 337, 3.590, 130.80, 1.40, 3.589, 130.71, 1.44, 0.006, 31.99, 21.33);
insert into SHOT values (870, 868, 873, 337, 1.690, 149.30, 7.10, 1.690, 149.15, 7.14, 0.004, 62.19, 14.75);
insert into SHOT values (871, 868, 874, 337, 13.730, 44.10, -66.00, 13.734, 43.88, -65.02, 0.235, 38.30, 23.29);
insert into SHOT values (872, 874, 875, 337, 2.190, 192.70, 0.90, 2.184, 192.70, 1.05, 0.008, 12.04, 41.57);
insert into SHOT values (873, 874, 876, 337, 4.950, 260.10, -0.80, 4.954, 260.12, -0.81, 0.004, 285.41, -11.46);
insert into SHOT values (874, 874, 877, 337, 6.150, 283.00, -0.80, 6.150, 283.06, -0.75, 0.009, 14.93, 39.29);
insert into SHOT values (875, 874, 878, 337, 0.890, 306.00, -0.80, 0.894, 306.36, -0.64, 0.007, 359.80, 19.24);
insert into SHOT values (876, 874, 879, 337, 0.470, 15.60, -3.80, 0.479, 15.78, -3.59, 0.009, 25.18, 7.14);
insert into SHOT values (877, 874, 880, 337, 0.930, 106.10, 0.90, 0.925, 105.69, 1.24, 0.010, 336.39, 32.24);
insert into SHOT values (878, 874, 881, 337, 13.910, 121.90, 17.20, 13.910, 121.90, 17.23, 0.007, 315.81, 73.84);
insert into SHOT values (879, 874, 882, 337, 5.980, 117.40, 18.00, 5.978, 117.33, 18.03, 0.007, 4.88, 16.26);
insert into SHOT values (880, 874, 883, 337, 18.070, 101.10, -80.50, 18.154, 100.60, -84.50, 1.267, 281.80, -11.28);
insert into SHOT values (881, 883, 884, 337, 1.540, 28.70, 13.40, 1.546, 28.61, 13.46, 0.007, 6.17, 27.48);
insert into SHOT values (882, 883, 885, 337, 3.260, 278.90, 39.00, 3.263, 278.87, 39.15, 0.009, 121.69, 67.21);
insert into SHOT values (883, 883, 886, 337, 1.010, 276.50, 19.60, 1.006, 276.67, 19.76, 0.006, 66.55, 11.54);
insert into SHOT values (884, 883, 887, 337, 1.110, 165.60, 22.20, 1.106, 165.28, 22.31, 0.007, 38.93, 4.90);
insert into SHOT values (885, 883, 888, 337, 2.430, 89.00, 7.20, 2.430, 89.05, 7.33, 0.006, 192.20, 67.78);
insert into SHOT values (886, 883, 889, 337, 3.420, 118.20, 1.40, 3.424, 118.06, 1.51, 0.011, 50.84, 36.39);
insert into SHOT values (887, 883, 890, 337, 5.680, 113.80, -34.60, 5.593, 113.73, -36.04, 0.166, 295.77, -22.89);
insert into SHOT values (888, 890, 891, 337, 0.260, 32.80, -9.50, 0.256, 33.69, -9.01, 0.006, 168.84, 27.22);
insert into SHOT values (889, 890, 892, 337, 1.170, 350.60, -87.70, 1.171, 345.96, -87.98, 0.007, 200.22, -7.96);
insert into SHOT values (890, 890, 893, 337, 1.710, 220.80, -4.10, 1.720, 220.75, -4.00, 0.011, 212.28, 12.25);
insert into SHOT values (891, 890, 894, 337, 1.290, 229.60, -35.20, 1.296, 229.57, -34.82, 0.011, 227.05, 19.89);
insert into SHOT values (892, 890, 895, 337, 3.630, 132.80, -50.90, 3.580, 133.52, -52.23, 0.101, 296.82, -7.33);
insert into SHOT values (893, 895, 896, 337, 0.560, 42.60, 19.80, 0.564, 42.71, 19.70, 0.004, 57.60, 4.39);
insert into SHOT values (894, 895, 897, 337, 0.910, 213.30, 10.90, 0.912, 213.16, 10.74, 0.004, 169.69, -33.24);
insert into SHOT values (895, 895, 898, 337, 0.260, 141.20, 66.00, 0.253, 138.81, 65.19, 0.009, 57.11, -59.42);
insert into SHOT values (896, 895, 899, 337, 0.530, 310.20, -20.00, 0.532, 310.10, -20.93, 0.009, 164.11, -80.22);
insert into SHOT values (897, 895, 900, 337, 2.870, 39.90, -76.30, 2.872, 40.24, -76.28, 0.005, 110.24, -21.15);
insert into SHOT values (898, 895, 901, 337, 3.290, 107.20, -52.80, 3.255, 107.10, -54.20, 0.087, 289.33, -12.87);
insert into SHOT values (899, 901, 902, 337, 0.670, 42.30, -3.10, 0.674, 41.99, -3.40, 0.006, 357.35, -36.13);
insert into SHOT values (900, 901, 903, 337, 0.780, 191.20, 9.20, 0.774, 191.31, 8.92, 0.007, 354.87, -41.45);
insert into SHOT values (901, 901, 904, 337, 1.470, 297.30, -1.80, 1.477, 297.43, -1.94, 0.008, 324.82, -26.88);
insert into SHOT values (902, 901, 905, 337, 0.780, 105.90, -3.10, 0.780, 105.64, -2.94, 0.004, 15.55, 32.14);
insert into SHOT values (903, 901, 906, 337, 3.490, 67.60, -74.00, 3.520, 65.40, -74.97, 0.076, 282.70, -36.60);
insert into SHOT values (904, 906, 907, 337, 0.220, 37.00, 2.70, 0.214, 37.41, 2.68, 0.006, 202.17, -3.50);
insert into SHOT values (905, 906, 908, 337, 0.440, 208.80, 5.30, 0.450, 209.43, 5.10, 0.011, 235.88, -3.40);
insert into SHOT values (906, 906, 909, 337, 0.920, 289.80, 4.00, 0.926, 289.61, 3.72, 0.008, 262.58, -32.56);
insert into SHOT values (907, 906, 910, 337, 1.590, 135.60, -11.70, 1.591, 136.04, -11.97, 0.014, 230.90, -32.01);
insert into SHOT values (908, 906, 911, 337, 4.690, 126.30, -74.10, 4.717, 127.36, -75.64, 0.131, 295.62, -26.92);
insert into SHOT values (909, 911, 912, 337, 2.210, 108.50, -3.30, 2.208, 108.52, -3.38, 0.004, 269.90, -49.85);
insert into SHOT values (910, 911, 913, 337, 2.460, 62.50, -2.40, 2.462, 62.39, -2.33, 0.006, 359.01, 31.04);
insert into SHOT values (911, 911, 914, 337, 1.470, 298.80, 11.80, 1.472, 299.05, 11.76, 0.007, 8.13, -5.04);
insert into SHOT values (912, 911, 915, 337, 11.910, 64.00, -79.90, 11.915, 63.92, -79.88, 0.007, 32.86, -41.51);
insert into SHOT values (913, 911, 916, 337, 17.790, 61.70, -81.90, 17.788, 61.70, -81.89, 0.004, 62.85, 36.65);
insert into SHOT values (914, 911, 917, 337, 3.190, 49.60, 28.00, 3.097, 48.40, 27.71, 0.111, 266.63, -31.22);
insert into SHOT values (915, 917, 918, 337, 2.960, 212.50, -1.30, 2.955, 212.56, -1.16, 0.009, 358.99, 50.67);
insert into SHOT values (916, 917, 919, 337, 1.990, 181.30, -3.70, 1.985, 181.45, -3.76, 0.008, 316.75, -12.16);
insert into SHOT values (917, 917, 920, 337, 1.710, 156.70, 0.10, 1.707, 156.89, 0.34, 0.010, 274.56, 47.34);
insert into SHOT values (918, 917, 921, 337, 0.920, 106.40, -80.30, 0.913, 104.93, -80.21, 0.008, 19.00, 59.85);
insert into SHOT values (919, 917, 922, 337, 15.960, 209.20, 80.00, 15.961, 209.26, 80.03, 0.010, 11.96, 14.57);
insert into SHOT values (920, 917, 923, 337, 16.800, 185.80, 79.40, 16.806, 185.77, 79.42, 0.008, 25.46, 52.84);
insert into SHOT values (921, 917, 924, 337, 2.910, 60.10, 7.50, 2.910, 60.06, 7.50, 0.002, 328.94, 4.83);
insert into SHOT values (922, 917, 925, 337, 1.420, 92.10, 7.50, 1.424, 92.03, 7.67, 0.006, 63.64, 53.44);
insert into SHOT values (923, 917, 926, 337, 1.220, 32.00, 5.10, 1.226, 31.61, 5.15, 0.010, 337.57, 8.61);
insert into SHOT values (924, 917, 927, 337, 6.180, 140.30, 42.80, 6.032, 141.01, 43.34, 0.168, 299.94, -20.50);
insert into SHOT values (925, 927, 928, 337, 0.450, 52.50, 9.10, 0.448, 52.35, 9.00, 0.003, 258.51, -24.62);
insert into SHOT values (926, 927, 929, 337, 0.410, 258.40, -0.20, 0.408, 258.69, 0.00, 0.003, 33.39, 25.93);
insert into SHOT values (927, 927, 930, 337, 2.390, 294.70, -79.20, 2.391, 295.41, -79.33, 0.008, 67.28, -17.38);
insert into SHOT values (928, 927, 931, 337, 5.790, 299.80, 88.10, 5.793, 302.01, 88.13, 0.009, 55.05, 21.61);
insert into SHOT values (929, 927, 932, 337, 5.410, 133.50, 31.80, 5.246, 134.00, 32.00, 0.170, 298.95, -24.61);
insert into SHOT values (930, 932, 933, 337, 2.470, 329.80, 7.70, 2.466, 329.76, 7.93, 0.011, 166.20, 58.16);
insert into SHOT values (931, 932, 934, 337, 3.110, 173.40, 4.20, 3.109, 173.33, 4.24, 0.004, 72.31, 32.14);
insert into SHOT values (932, 932, 935, 337, 2.060, 230.30, 7.00, 2.061, 230.16, 7.25, 0.010, 141.43, 60.97);
insert into SHOT values (933, 932, 936, 337, 2.770, 265.50, 9.40, 2.767, 265.38, 9.57, 0.010, 141.40, 47.27);
insert into SHOT values (934, 932, 937, 337, 4.330, 296.70, -0.20, 4.329, 296.62, -0.13, 0.008, 197.01, 42.26);
insert into SHOT values (935, 932, 938, 337, 13.300, 177.20, -86.10, 13.283, 177.04, -87.49, 0.324, 357.48, -0.14);
insert into SHOT values (936, 938, 939, 337, 2.450, 67.30, 5.80, 2.451, 67.33, 5.85, 0.003, 117.39, 57.01);
insert into SHOT values (937, 938, 940, 337, 3.680, 135.80, 1.90, 3.672, 135.77, 1.87, 0.008, 327.44, -14.24);
insert into SHOT values (938, 938, 941, 337, 5.440, 131.20, -7.40, 5.438, 131.17, -7.40, 0.003, 13.95, 10.91);
insert into SHOT values (939, 938, 942, 337, 3.740, 114.30, -40.30, 3.693, 113.73, -40.53, 0.056, 325.78, 19.77);
insert into SHOT values (940, 942, 943, 337, 1.090, 222.10, -0.30, 1.090, 222.03, 0.00, 0.006, 149.53, 75.98);
insert into SHOT values (941, 942, 944, 337, 2.470, 137.20, -7.10, 2.474, 137.15, -6.97, 0.007, 109.84, 47.43);
insert into SHOT values (942, 942, 945, 337, 1.540, 61.90, 3.40, 1.546, 61.77, 3.34, 0.007, 33.93, -10.67);
insert into SHOT values (943, 942, 946, 337, 1.190, 302.50, -3.20, 1.189, 302.62, -3.37, 0.004, 51.78, -53.24);
insert into SHOT values (944, 942, 947, 337, 6.300, 110.80, -43.20, 6.260, 110.19, -43.39, 0.066, 339.02, 11.02);
insert into SHOT values (945, 947, 948, 337, 0.770, 1.00, -8.40, 0.768, 1.51, -8.23, 0.007, 103.56, 19.72);
insert into SHOT values (946, 947, 949, 337, 0.540, 78.80, -21.20, 0.548, 78.69, -21.42, 0.008, 70.35, -35.93);
insert into SHOT values (947, 947, 950, 337, 2.870, 305.80, 9.50, 2.867, 305.94, 9.43, 0.008, 53.97, -26.82);
insert into SHOT values (948, 947, 951, 337, 2.180, 276.40, 2.10, 2.175, 276.34, 2.11, 0.006, 118.98, 1.18);
insert into SHOT values (949, 947, 952, 337, 2.240, 75.50, -50.60, 2.232, 74.50, -50.42, 0.027, 344.83, 23.75);
insert into SHOT values (950, 952, 953, 337, 0.250, 172.90, -0.40, 0.253, 170.91, -2.26, 0.012, 101.95, -41.62);
insert into SHOT values (951, 952, 954, 337, 1.960, 349.10, -80.40, 1.967, 349.38, -80.47, 0.008, 117.96, -74.52);
insert into SHOT values (952, 952, 955, 337, 0.430, 46.80, 75.60, 0.449, 38.66, 73.42, 0.030, 4.37, 26.69);
insert into SHOT values (953, 955, 956, 337, 0.350, 69.70, 32.00, 0.353, 70.35, 32.58, 0.006, 151.49, 53.10);
insert into SHOT values (954, 955, 957, 337, 0.370, 165.30, -18.10, 0.369, 165.17, -17.37, 0.005, 76.69, 81.24);
insert into SHOT values (955, 955, 958, 337, 0.190, 306.00, 3.90, 0.187, 306.25, 6.14, 0.008, 112.82, 62.74);
insert into SHOT values (956, 955, 959, 337, 2.650, 56.00, -70.60, 2.644, 55.06, -70.32, 0.020, 0.90, 28.25);
insert into SHOT values (957, 959, 960, 337, 0.400, 186.40, -3.80, 0.403, 185.71, -4.27, 0.007, 126.95, -31.95);
insert into SHOT values (958, 959, 961, 337, 0.230, 9.20, 5.80, 0.234, 9.87, 4.90, 0.006, 39.74, -31.19);
insert into SHOT values (959, 959, 962, 337, 1.500, 90.90, 82.40, 1.503, 90.00, 82.35, 0.005, 27.82, 42.11);
insert into SHOT values (960, 959, 963, 337, 1.490, 182.60, -86.30, 1.493, 180.00, -86.16, 0.007, 132.16, -27.85);
insert into SHOT values (961, 959, 964, 337, 1.570, 113.00, 40.30, 1.550, 111.98, 40.67, 0.031, 336.28, -10.19);
insert into SHOT values (962, 964, 965, 337, 0.190, 228.00, -7.40, 0.193, 227.12, -8.92, 0.007, 179.76, -54.67);
insert into SHOT values (963, 964, 966, 337, 0.610, 235.90, 57.00, 0.612, 235.84, 56.44, 0.006, 232.74, -14.47);
insert into SHOT values (964, 964, 967, 337, 0.860, 153.30, -85.40, 0.863, 153.43, -85.54, 0.003, 328.44, -55.61);
insert into SHOT values (965, 964, 968, 337, 1.940, 134.10, -31.90, 1.879, 133.73, -32.14, 0.062, 324.58, 23.98);
insert into SHOT values (966, 968, 969, 337, 0.440, 22.90, 4.50, 0.445, 22.52, 3.87, 0.007, 353.54, -37.19);
insert into SHOT values (967, 968, 970, 337, 0.550, 58.60, 54.50, 0.552, 57.80, 54.66, 0.005, 323.99, 26.77);
insert into SHOT values (968, 968, 971, 337, 5.200, 40.80, -86.90, 5.198, 39.29, -86.87, 0.008, 332.28, 16.56);
insert into SHOT values (969, 968, 972, 337, 4.640, 99.80, -49.60, 4.610, 99.08, -49.77, 0.050, 330.71, 15.79);
insert into SHOT values (970, 972, 973, 337, 4.500, 87.10, -60.90, 4.500, 87.12, -60.84, 0.005, 100.69, 24.30);
insert into SHOT values (971, 972, 974, 337, 0.300, 88.90, -60.60, 0.300, 90.00, -60.02, 0.004, 135.79, 19.04);
insert into SHOT values (972, 972, 975, 337, 0.850, 208.90, 4.20, 0.843, 208.39, 4.08, 0.010, 77.38, -12.82);
insert into SHOT values (973, 972, 976, 337, 1.500, 147.80, 75.00, 1.502, 147.53, 74.90, 0.004, 115.64, 17.86);
insert into SHOT values (974, 972, 977, 337, 1.670, 235.10, -80.30, 1.674, 235.18, -80.36, 0.004, 37.49, -72.02);
insert into SHOT values (975, 972, 978, 337, 0.250, 37.80, 5.90, 0.258, 38.66, 6.68, 0.009, 65.24, 27.23);
insert into SHOT values (976, 972, 979, 337, 3.000, 116.80, -38.80, 2.964, 116.23, -38.87, 0.043, 333.59, 27.51);
insert into SHOT values (977, 979, 980, 337, 0.370, 16.90, 6.90, 0.377, 15.52, 7.62, 0.012, 321.60, 26.99);
insert into SHOT values (978, 979, 981, 337, 0.700, 81.30, 81.30, 0.697, 78.69, 81.59, 0.006, 310.48, -17.61);
insert into SHOT values (979, 979, 982, 337, 2.300, 301.50, -87.10, 2.303, 300.96, -87.10, 0.003, 224.46, -69.26);
insert into SHOT values (980, 979, 983, 337, 2.260, 118.40, -61.70, 2.227, 117.55, -62.22, 0.042, 322.71, 28.15);
insert into SHOT values (981, 983, 984, 337, 0.400, 232.80, 0.10, 0.400, 233.13, 1.43, 0.010, 322.95, 75.99);
insert into SHOT values (982, 983, 985, 337, 1.090, 332.40, 2.20, 1.092, 332.73, 2.62, 0.011, 44.33, 50.73);
insert into SHOT values (983, 983, 986, 337, 2.780, 146.80, -14.70, 2.777, 146.84, -14.60, 0.006, 270.08, 65.43);
insert into SHOT values (984, 983, 987, 337, 2.600, 10.40, -88.50, 2.582, 5.71, -87.77, 0.038, 356.05, 29.97);
insert into SHOT values (985, 987, 988, 337, 2.640, 68.40, -89.10, 2.640, 63.43, -89.03, 0.005, 16.98, -3.77);
insert into SHOT values (986, 987, 989, 337, 0.170, 227.10, -1.70, 0.170, 225.00, -3.37, 0.008, 134.03, -38.55);
insert into SHOT values (987, 987, 990, 337, 0.320, 41.50, -3.70, 0.320, 41.19, -3.59, 0.002, 297.48, 19.98);
insert into SHOT values (988, 987, 991, 337, 1.530, 134.80, -6.50, 1.531, 134.73, -6.75, 0.007, 49.17, -75.90);
insert into SHOT values (989, 987, 992, 337, 5.930, 137.40, -3.50, 5.935, 137.39, -3.48, 0.005, 133.38, 23.11);
insert into SHOT values (990, 987, 993, 337, 0.360, 133.50, -4.70, 0.362, 133.88, -4.75, 0.003, 185.02, -9.36);
insert into SHOT values (991, 987, 994, 337, 5.850, 134.80, -0.70, 5.785, 134.30, -0.59, 0.083, 352.43, 7.93);
insert into SHOT values (992, 987, 995, 337, 2.110, 69.10, -88.00, 2.111, 66.80, -87.93, 0.004, 17.96, -18.16);
insert into SHOT values (993, 994, 996, 337, 0.770, 46.80, -15.80, 0.765, 47.20, -15.93, 0.007, 180.62, -2.73);
insert into SHOT values (994, 994, 997, 337, 2.720, 36.10, -78.10, 2.718, 36.25, -78.15, 0.004, 187.97, 25.58);
insert into SHOT values (995, 994, 998, 337, 0.170, 233.40, -0.80, 0.172, 234.46, 0.00, 0.004, 290.94, 32.07);
insert into SHOT values (996, 994, 999, 337, 6.240, 80.40, -45.20, 6.229, 79.79, -45.07, 0.050, 353.49, 20.72);
insert into SHOT values (997, 999, 1000, 337, 2.090, 282.00, -69.20, 2.098, 282.36, -69.13, 0.009, 324.79, -41.58);
insert into SHOT values (998, 999, 1001, 337, 0.960, 0.70, -1.00, 0.960, 0.60, -1.19, 0.004, 277.34, -62.33);
insert into SHOT values (999, 999, 1002, 337, 0.370, 85.90, 67.10, 0.368, 85.91, 67.57, 0.004, 265.25, -13.04);
insert into SHOT values (1000, 999, 1003, 337, 0.270, 180.20, -0.20, 0.270, 180.00, -2.12, 0.009, 90.20, -84.13);
insert into SHOT values (1001, 999, 1004, 337, 3.010, 86.60, -46.20, 2.996, 85.84, -46.41, 0.033, 323.26, 4.34);
insert into SHOT values (1002, 1004, 1005, 337, 0.240, 190.60, 6.20, 0.235, 189.87, 7.32, 0.007, 40.61, 34.39);
insert into SHOT values (1003, 1004, 1006, 337, 0.280, 4.20, -10.40, 0.285, 4.09, -10.10, 0.005, 358.30, 5.83);
insert into SHOT values (1004, 1004, 1007, 337, 0.340, 117.60, 68.60, 0.342, 114.44, 69.31, 0.008, 0.44, 24.73);
insert into SHOT values (1005, 1004, 1008, 337, 1.050, 159.80, -78.70, 1.040, 159.78, -78.77, 0.010, 341.20, 71.33);
insert into SHOT values (1006, 1004, 1009, 337, 3.030, 75.30, -33.50, 3.028, 74.43, -33.24, 0.041, 354.19, 17.62);
insert into SHOT values (1007, 1009, 1010, 337, 0.120, 321.30, -22.70, 0.117, 318.81, -25.19, 0.007, 186.95, -29.81);
insert into SHOT values (1008, 1009, 1011, 337, 0.280, 311.40, -7.10, 0.279, 310.60, -8.23, 0.007, 202.80, -53.05);
insert into SHOT values (1009, 1009, 1012, 337, 0.250, 5.70, 75.40, 0.248, 9.46, 75.78, 0.005, 125.86, -22.65);
insert into SHOT values (1010, 1009, 1013, 337, 0.540, 247.50, -56.90, 0.538, 246.04, -56.71, 0.008, 161.11, 17.43);
insert into SHOT values (1011, 1009, 1014, 337, 2.230, 55.80, -29.10, 2.229, 55.90, -29.28, 0.008, 196.15, -44.81);
insert into SHOT values (1012, 1009, 1015, 337, 2.250, 54.50, -23.70, 2.280, 53.95, -23.53, 0.036, 20.85, -8.89);
insert into SHOT values (1013, 1015, 1016, 337, 0.810, 249.30, -6.20, 0.817, 249.11, -5.62, 0.011, 231.64, 41.05);
insert into SHOT values (1014, 1015, 1017, 337, 4.990, 273.20, 68.90, 4.997, 273.18, 68.85, 0.008, 268.17, 35.41);
insert into SHOT values (1015, 1015, 1018, 337, 0.410, 247.20, 83.40, 0.414, 248.20, 82.52, 0.007, 255.17, 21.83);
insert into SHOT values (1016, 1015, 1019, 337, 1.930, 170.10, -76.80, 1.932, 170.96, -76.67, 0.008, 224.71, -6.88);
insert into SURVEY values (339, 333, 'gps_kriska', 'gps_kriska.Kriska-spel.Kriska.Ded', 'gps kriska');
 insert into CENTRELINE values (340, 339, NULL, NULL, NULL, 0.00, 0.00, 0.00);
 insert into CENTRELINE values (341, 339, NULL, '2022-09-10', NULL, 0.00, 8.10, 0.00);
 insert into TOPO values (2, 341);
 insert into SHOT values (1017, 1020, 1021, 341, 1.820, 40.59, -27.60, 1.852, 40.56, -27.32, 0.033, 39.06, -11.81);
insert into SHOT_FLAG values(1017, 'srf');
insert into SHOT values (1018, 1021, 1022, 341, 3.150, 311.99, -12.70, 3.174, 312.39, -12.37, 0.037, 349.77, 19.89);
insert into SHOT_FLAG values(1018, 'srf');
insert into SHOT values (1019, 1021, 1023, 341, 3.130, 312.99, -14.00, 3.133, 313.14, -13.85, 0.012, 8.62, 38.42);
insert into SHOT_FLAG values(1019, 'srf');
insert into SCRAPS values (343, 333, 'SP-Kriska-spel-1', 1, 34.04656, 12.73371);
 insert into SCRAPS values (357, 333, 'SP-Kriska-spel-2', 1, 3.19103, 0.48954);
 insert into SCRAPS values (365, 333, 'SP-Kriska-spel-3', 1, 14.98995, 0.69773);
 insert into SCRAPS values (379, 333, 'SP-Kriska-spel-4', 1, 34.92792, 6.86183);
 insert into SCRAPS values (399, 333, 'SP-Kriska-spel-5', 1, 16.27513, 2.19021);
 insert into SCRAPS values (411, 333, 'SP-Kriska-spel-6', 1, 89.24855, 10.67310);
 insert into SCRAPS values (436, 333, 'SP-Kriska-spel-7', 1, 16.88592, 2.96980);
 insert into SCRAPS values (448, 333, 'SP-Kriska-spel-8', 1, 21.00898, 2.53901);
 insert into SCRAPS values (471, 333, 'SP-Kriska-spel-9', 1, 19.51068, 1.04928);
 insert into SCRAPS values (489, 333, 'SP-Kriska-spel-10', 1, 13.11010, 1.13507);
 insert into SCRAPS values (505, 333, 'SP-Kriska-spel-11', 1, 40.30362, 2.62276);
 insert into SCRAPS values (522, 333, 'SC-Kriska-spel-1', 2, 16.94224, 0.67407);
 insert into SCRAPS values (562, 333, 'SC-Kriska-spel-2', 2, 38.54377, 1.00951);
 insert into SCRAPS values (594, 333, 'SC-Kriska-spel-3', 2, 86.73298, 1.24521);
 insert into MAPS values (638, 333, 'MP-Kriska-spel-plan-tot', 'Kriska-spel', 1, 312.910, -221.290);
 insert into MAPITEMS values (638, 4, 343);
 insert into MAPITEMS values (638, 4, 357);
 insert into MAPITEMS values (638, 4, 365);
 insert into MAPITEMS values (638, 4, 379);
 insert into MAPITEMS values (638, 4, 399);
 insert into MAPITEMS values (638, 4, 411);
 insert into MAPITEMS values (638, 4, 436);
 insert into MAPITEMS values (638, 4, 448);
 insert into MAPITEMS values (638, 4, 471);
 insert into MAPITEMS values (638, 4, 489);
 insert into MAPITEMS values (638, 4, 505);
 insert into MAPS values (639, 333, 'MC-Kriska-spel-coupe-tot-elev', 'Kriska-spel', 2, 312.910, -221.290);
 insert into MAPITEMS values (639, 4, 522);
 insert into MAPITEMS values (639, 4, 562);
 insert into MAPITEMS values (639, 4, 594);
 insert into SURVEY values (641, 331, 'Escalade1', 'Escalade1.Kriska.Ded', 'Escalade1');
 insert into CENTRELINE values (642, 641, NULL, NULL, NULL, 0.00, 0.00, 0.00);
 insert into SURVEY values (643, 641, 'Escalade1', 'Escalade1.Escalade1.Kriska.Ded', 'Escalade1');
 insert into CENTRELINE values (644, 643, NULL, NULL, NULL, 0.00, 0.00, 0.00);
 insert into CENTRELINE values (645, 643, NULL, '2021-07-10', '2021-07-10', 28.38, 0.00, 0.00);
 insert into TOPO values (10, 645);
 insert into TOPO values (2, 645);
 insert into EXPLO values (10, 645);
 insert into EXPLO values (2, 645);
 insert into SHOT values (1020, 1024, 1025, 645, 0.610, 222.50, 4.40, 0.611, 222.34, 4.70, 0.004, 150.16, 59.83);
insert into SHOT values (1021, 1024, 1026, 645, 1.330, 109.00, 15.20, 1.337, 109.00, 15.18, 0.007, 107.63, 10.73);
insert into SHOT values (1022, 1024, 1027, 645, 2.080, 39.90, 3.30, 2.076, 39.91, 3.31, 0.004, 215.45, 4.19);
insert into SHOT values (1023, 1024, 1028, 645, 2.790, 74.50, 4.70, 2.790, 74.56, 4.73, 0.003, 170.99, 25.32);
insert into SHOT values (1024, 1024, 1029, 645, 1.020, 153.90, -63.50, 1.018, 154.00, -63.38, 0.003, 188.83, 65.52);
insert into SHOT values (1025, 1024, 1030, 645, 4.090, 345.90, 84.20, 4.091, 345.96, 84.22, 0.001, 142.81, 40.51);
insert into SHOT values (1026, 1024, 1031, 645, 5.890, 138.50, 62.40, 5.893, 138.56, 62.35, 0.006, 162.12, 2.33);
insert into SHOT values (1027, 1031, 1032, 645, 0.430, 258.50, -8.30, 0.432, 259.22, -7.99, 0.006, 327.66, 20.04);
insert into SHOT values (1028, 1031, 1033, 645, 0.260, 272.20, 43.30, 0.262, 273.01, 43.41, 0.003, 341.35, 30.41);
insert into SHOT values (1029, 1031, 1034, 645, 1.500, 272.80, -81.70, 1.496, 272.60, -81.54, 0.006, 260.96, 48.67);
insert into SHOT values (1030, 1031, 1035, 645, 1.030, 201.90, 2.40, 1.024, 201.80, 2.24, 0.007, 39.10, -26.82);
insert into SHOT values (1031, 1035, 1036, 645, 0.390, 75.90, 7.00, 0.384, 76.33, 7.48, 0.007, 231.82, 19.66);
insert into SHOT values (1032, 1035, 1037, 645, 0.570, 118.80, 86.70, 0.571, 123.69, 86.38, 0.004, 163.42, 12.20);
insert into SHOT values (1033, 1035, 1038, 645, 1.510, 102.30, -57.50, 1.506, 102.84, -57.46, 0.008, 200.70, 24.86);
insert into SHOT values (1034, 1035, 1039, 645, 0.500, 124.10, -77.40, 0.492, 123.69, -77.30, 0.008, 344.82, 81.44);
insert into SHOT values (1035, 1035, 1040, 645, 1.970, 168.30, 15.40, 1.971, 168.45, 15.60, 0.008, 268.09, 53.77);
insert into SHOT values (1036, 1040, 1041, 645, 0.600, 317.60, -0.70, 0.595, 317.73, -0.96, 0.006, 124.16, -26.04);
insert into SHOT values (1037, 1040, 1042, 645, 1.750, 63.70, -78.50, 1.754, 64.18, -78.68, 0.007, 211.43, -43.82);
insert into SHOT values (1038, 1040, 1043, 645, 1.080, 308.90, 57.40, 1.077, 308.66, 57.65, 0.006, 152.59, 1.42);
insert into SHOT values (1039, 1040, 1044, 645, 0.480, 226.00, -1.90, 0.481, 225.00, -2.38, 0.009, 142.93, -25.71);
insert into SHOT values (1040, 1040, 1045, 645, 0.120, 278.70, 10.50, 0.123, 279.46, 9.34, 0.004, 302.49, -25.07);
insert into SHOT values (1041, 1040, 1046, 645, 5.650, 279.10, 11.10, 5.647, 279.14, 11.13, 0.006, 58.36, 23.24);
insert into SHOT values (1042, 1046, 1047, 645, 2.630, 9.40, 6.20, 2.619, 9.28, 6.14, 0.013, 217.26, -18.73);
insert into SHOT values (1043, 1046, 1048, 645, 1.520, 322.80, 9.20, 1.517, 322.59, 9.10, 0.007, 209.19, -26.82);
insert into SHOT values (1044, 1046, 1049, 645, 4.500, 333.70, 79.00, 4.491, 333.43, 79.09, 0.012, 177.74, -36.79);
insert into SHOT values (1045, 1046, 1050, 645, 0.880, 12.60, -88.70, 0.880, 0.00, -89.35, 0.010, 204.67, -1.24);
insert into SHOT values (1046, 1046, 1051, 645, 1.590, 157.40, 2.40, 1.593, 157.46, 2.16, 0.007, 186.71, -62.93);
insert into SHOT values (1047, 1046, 1052, 645, 1.620, 70.60, 1.20, 1.610, 70.78, 1.07, 0.012, 224.43, -19.59);
insert into SHOT values (1048, 1046, 1053, 645, 2.710, 33.50, -13.40, 2.701, 33.51, -13.49, 0.010, 212.25, -11.43);
insert into SHOT values (1049, 1053, 1054, 645, 2.480, 223.80, 1.60, 2.477, 223.69, 1.62, 0.006, 98.10, 7.13);
insert into SHOT values (1050, 1053, 1055, 645, 0.690, 173.60, 0.90, 0.685, 173.29, 0.84, 0.006, 29.21, -7.41);
insert into SHOT values (1051, 1053, 1056, 645, 3.750, 226.90, 54.60, 3.740, 226.87, 54.63, 0.010, 56.23, -41.89);
insert into SHOT values (1052, 1053, 1057, 645, 1.390, 221.30, -81.90, 1.393, 222.88, -82.12, 0.008, 354.18, -28.36);
insert into SHOT values (1053, 1053, 1058, 645, 3.680, 262.50, 61.90, 3.675, 262.71, 61.84, 0.009, 346.33, -44.64);
insert into SHOT values (1054, 1053, 1059, 645, 8.480, 112.50, -72.30, 8.480, 112.38, -72.33, 0.007, 344.55, -11.47);
insert into SHOT values (1055, 1059, 1060, 645, 0.780, 82.10, 14.30, 0.780, 82.41, 14.10, 0.005, 160.82, -33.23);
insert into SHOT values (1056, 1059, 1061, 645, 1.190, 335.10, 9.10, 1.183, 335.19, 9.24, 0.008, 141.41, 13.51);
insert into SHOT values (1057, 1059, 1062, 645, 1.450, 27.60, 9.50, 1.447, 28.00, 9.55, 0.010, 134.92, 3.75);
insert into SHOT values (1058, 1062, 1063, 645, 0.740, 161.60, -12.00, 0.735, 161.31, -12.57, 0.009, 12.94, -41.21);
insert into SHOT values (1059, 1062, 1064, 645, 0.340, 253.90, 1.70, 0.342, 254.74, 1.67, 0.005, 320.57, -0.91);
insert into SHOT values (1060, 1062, 1065, 645, 2.590, 197.40, 62.10, 2.589, 197.84, 62.19, 0.010, 310.71, 6.04);
insert into SHOT values (1061, 1062, 1066, 645, 1.550, 87.00, -82.40, 1.553, 87.14, -82.59, 0.006, 261.38, -37.16);
insert into SHOT values (1062, 1062, 1067, 645, 1.200, 119.70, -36.70, 1.195, 119.52, -37.05, 0.009, 319.81, -17.87);
insert into SHOT values (1063, 1067, 1068, 645, 13.690, 119.60, -72.90, 13.686, 119.62, -72.89, 0.005, 177.59, 73.30);
insert into SHOT values (1064, 1067, 1069, 645, 6.770, 106.80, -76.50, 6.769, 106.84, -76.43, 0.008, 113.73, 20.90);
insert into SCRAPS values (647, 641, 'SP-Escalade1-1', 1, 47.91113, 4.58539);
 insert into SCRAPS values (666, 641, 'SP-Escalade1-2', 1, 1.85128, 0.28614);
 insert into SCRAPS values (680, 641, 'SC-Escalade1-elev-1', 2, 34.03320, 3.85669);
 insert into SCRAPS values (693, 641, 'SC-Escalade1-elev-2', 2, 25.02090, 4.80138);
 insert into MAPS values (704, 641, 'MP-Escalade1-plan-tot', 'Escalade1', 1, 28.380, -9.190);
 insert into MAPITEMS values (704, 4, 647);
 insert into MAPITEMS values (704, 4, 666);
 insert into MAPS values (705, 641, 'MC-Escalade1-coupe-elev-tot', 'Escalade1', 2, 28.380, -9.190);
 insert into MAPITEMS values (705, 4, 680);
 insert into MAPITEMS values (705, 4, 693);
 insert into SURVEY values (707, 331, 'spel-bivy', 'spel-bivy.Kriska.Ded', 'spel-bivy');
 insert into CENTRELINE values (708, 707, NULL, NULL, NULL, 0.00, 0.00, 0.00);
 insert into SURVEY values (709, 707, 'Kriska2', 'Kriska2.spel-bivy.Kriska.Ded', 'Kriska2');
 insert into CENTRELINE values (710, 709, NULL, NULL, NULL, 0.00, 0.00, 0.00);
 insert into CENTRELINE values (711, 709, NULL, '2021-07-10', NULL, 365.41, 0.00, 0.00);
 insert into TOPO values (10, 711);
 insert into TOPO values (2, 711);
 insert into SHOT values (1065, 1070, 1071, 711, 7.650, 223.10, 83.40, 7.651, 222.71, 83.36, 0.008, 174.13, 4.94);
insert into SHOT values (1066, 1071, 1072, 711, 0.450, 241.80, -27.90, 0.446, 242.78, -28.08, 0.008, 3.64, 4.10);
insert into SHOT values (1067, 1071, 1073, 711, 0.330, 34.20, -21.00, 0.333, 33.18, -21.12, 0.006, 328.53, -15.91);
insert into SHOT values (1068, 1071, 1074, 711, 0.880, 114.10, -48.80, 0.877, 113.46, -48.80, 0.007, 7.58, 17.40);
insert into SHOT values (1069, 1071, 1075, 711, 1.770, 324.70, 10.90, 1.770, 324.85, 11.08, 0.007, 71.44, 49.72);
insert into SHOT values (1070, 1075, 1076, 711, 1.280, 227.80, -1.50, 1.282, 227.85, -1.79, 0.007, 254.70, -71.99);
insert into SHOT values (1071, 1075, 1077, 711, 0.360, 202.50, 80.70, 0.355, 210.96, 80.54, 0.010, 295.86, -31.51);
insert into SHOT values (1072, 1075, 1078, 711, 0.360, 264.60, -71.70, 0.370, 265.24, -71.01, 0.011, 274.83, -47.61);
insert into SHOT values (1073, 1075, 1079, 711, 1.480, 231.40, 13.90, 1.480, 231.78, 13.68, 0.011, 311.01, -30.27);
insert into SHOT values (1074, 1079, 1080, 711, 0.670, 324.10, -6.30, 0.670, 324.16, -6.00, 0.004, 41.34, 78.81);
insert into SHOT values (1075, 1079, 1081, 711, 0.710, 117.70, 7.20, 0.717, 117.65, 7.21, 0.007, 111.66, 8.44);
insert into SHOT values (1076, 1079, 1082, 711, 0.750, 37.90, -3.90, 0.750, 37.94, -3.82, 0.001, 142.75, 62.95);
insert into SHOT values (1077, 1079, 1083, 711, 1.280, 343.20, 79.10, 1.283, 343.07, 79.20, 0.004, 181.93, 60.96);
insert into SHOT values (1078, 1079, 1084, 711, 2.070, 315.50, 51.70, 2.068, 315.64, 52.01, 0.012, 119.20, 27.71);
insert into SHOT values (1079, 1084, 1085, 711, 0.560, 220.90, -13.00, 0.561, 221.28, -13.40, 0.005, 311.54, -48.00);
insert into SHOT values (1080, 1084, 1086, 711, 0.730, 346.20, -84.90, 0.733, 341.57, -85.05, 0.006, 236.28, -27.98);
insert into SHOT values (1081, 1084, 1087, 711, 0.600, 195.90, 35.10, 0.597, 196.59, 34.73, 0.008, 290.95, -40.43);
insert into SHOT values (1082, 1084, 1088, 711, 4.480, 276.60, 32.20, 4.480, 276.66, 32.09, 0.009, 313.71, -51.38);
insert into SHOT values (1083, 1088, 1089, 711, 0.880, 19.80, 0.30, 0.883, 19.87, 0.65, 0.006, 42.10, 62.80);
insert into SHOT values (1084, 1088, 1090, 711, 1.470, 109.60, 8.50, 1.472, 109.68, 8.60, 0.004, 169.23, 50.42);
insert into SHOT values (1085, 1088, 1091, 711, 0.670, 185.30, 18.90, 0.670, 185.44, 19.17, 0.003, 309.62, 58.49);
insert into SHOT values (1086, 1088, 1092, 711, 3.770, 301.40, 72.10, 3.772, 301.22, 72.13, 0.005, 194.86, 32.48);
insert into SHOT values (1087, 1092, 1093, 711, 1.680, 150.70, 0.20, 1.675, 150.68, 0.34, 0.007, 338.12, 36.83);
insert into SHOT values (1088, 1092, 1094, 711, 0.740, 206.90, -3.20, 0.739, 206.57, -3.10, 0.005, 104.54, 16.32);
insert into SHOT values (1089, 1092, 1095, 711, 0.490, 59.60, 3.60, 0.490, 59.24, 3.51, 0.003, 324.69, -13.74);
insert into SHOT values (1090, 1092, 1096, 711, 3.340, 198.90, 69.00, 3.341, 199.04, 69.04, 0.004, 317.23, 29.50);
insert into SHOT values (1091, 1096, 1097, 711, 0.210, 273.70, -8.00, 0.202, 272.86, -8.52, 0.008, 114.54, -5.35);
insert into SHOT values (1092, 1096, 1098, 711, 0.410, 201.80, -16.40, 0.413, 200.73, -16.87, 0.009, 128.35, -28.63);
insert into SHOT values (1093, 1096, 1099, 711, 1.210, 344.90, 0.00, 1.210, 345.16, 0.00, 0.005, 71.10, 0.00);
insert into SHOT values (1094, 1099, 1100, 711, 0.540, 221.40, 25.80, 0.541, 220.86, 25.18, 0.007, 163.95, -42.13);
insert into SHOT values (1095, 1099, 1101, 711, 0.550, 349.30, -81.90, 0.555, 344.05, -82.46, 0.010, 222.41, -33.38);
insert into SHOT values (1096, 1099, 1102, 711, 2.050, 283.40, 12.10, 2.049, 283.27, 12.11, 0.005, 181.79, 3.46);
insert into SHOT values (1097, 1102, 1103, 711, 1.260, 134.20, 84.40, 1.256, 131.63, 84.50, 0.007, 17.98, -33.51);
insert into SHOT values (1098, 1102, 1104, 711, 0.660, 156.60, 7.70, 0.660, 156.57, 7.84, 0.002, 46.30, 75.81);
insert into SHOT values (1099, 1102, 1105, 711, 0.300, 69.50, 6.60, 0.302, 68.55, 5.69, 0.007, 8.59, -38.09);
insert into SHOT values (1100, 1102, 1106, 711, 0.810, 71.60, 1.00, 0.813, 71.34, 0.70, 0.006, 18.88, -41.55);
insert into SHOT values (1101, 1102, 1107, 711, 0.730, 55.90, 47.00, 0.726, 55.67, 46.87, 0.005, 291.77, -57.77);
insert into SHOT values (1102, 1102, 1108, 711, 4.650, 9.80, 3.60, 4.657, 9.79, 3.57, 0.007, 358.14, -15.86);
insert into SHOT values (1103, 1102, 1109, 711, 4.100, 9.50, 3.40, 4.102, 9.42, 3.35, 0.007, 300.41, -25.22);
insert into SHOT values (1104, 1109, 1110, 711, 2.570, 158.20, -33.90, 2.570, 158.00, -33.81, 0.009, 85.43, 23.10);
insert into SHOT values (1105, 1109, 1111, 711, 2.560, 153.50, -30.80, 2.561, 153.55, -30.77, 0.002, 206.84, 20.05);
insert into SHOT values (1106, 1111, 1112, 711, 2.260, 135.30, 7.40, 2.260, 135.18, 7.37, 0.005, 49.55, -12.58);
insert into SHOT values (1107, 1111, 1113, 711, 2.280, 47.20, 4.40, 2.286, 47.13, 4.52, 0.008, 19.08, 40.85);
insert into SHOT values (1108, 1111, 1114, 711, 0.980, 214.60, 3.00, 0.972, 214.51, 2.95, 0.008, 46.26, -9.16);
insert into SHOT values (1109, 1111, 1115, 711, 2.270, 337.70, -2.60, 2.271, 337.73, -2.52, 0.004, 10.13, 57.33);
insert into SHOT values (1110, 1111, 1116, 711, 9.330, 313.50, 67.40, 9.327, 313.53, 67.39, 0.004, 20.25, -62.37);
insert into SHOT values (1111, 1116, 1117, 711, 4.240, 146.00, -4.90, 4.242, 145.90, -4.87, 0.009, 72.93, 14.65);
insert into SHOT values (1112, 1116, 1118, 711, 4.300, 108.20, 4.20, 4.306, 108.18, 4.26, 0.008, 92.67, 39.36);
insert into SHOT values (1113, 1116, 1119, 711, 3.560, 58.90, 0.60, 3.562, 58.90, 0.64, 0.004, 50.03, 50.31);
insert into SHOT values (1114, 1116, 1120, 711, 4.230, 135.80, -0.40, 4.229, 135.77, -0.27, 0.010, 25.54, 72.81);
insert into SHOT values (1115, 1116, 1121, 711, 0.990, 275.60, 13.60, 0.984, 275.41, 14.12, 0.011, 117.41, 39.94);
insert into SHOT values (1116, 1116, 1122, 711, 10.850, 252.90, 73.10, 10.857, 252.83, 73.13, 0.010, 120.24, 57.34);
insert into SHOT values (1117, 1122, 1123, 711, 1.390, 107.70, 5.10, 1.390, 107.65, 4.95, 0.004, 46.33, -67.42);
insert into SHOT values (1118, 1122, 1124, 711, 3.910, 58.10, 3.90, 3.907, 58.10, 3.82, 0.006, 238.54, -69.12);
insert into SHOT values (1119, 1122, 1125, 711, 1.380, 329.30, -0.40, 1.386, 329.18, -0.41, 0.007, 301.38, -3.22);
insert into SHOT values (1120, 1122, 1126, 711, 2.980, 13.10, 2.60, 2.979, 13.01, 2.50, 0.007, 276.78, -46.26);
insert into SHOT values (1121, 1122, 1127, 711, 3.780, 334.00, 59.10, 3.779, 334.09, 59.02, 0.006, 9.16, -33.42);
insert into SHOT values (1122, 1127, 1128, 711, 0.920, 211.00, -0.60, 0.924, 211.28, -0.62, 0.006, 256.43, -3.32);
insert into SHOT values (1123, 1127, 1129, 711, 0.490, 163.00, -1.00, 0.491, 163.41, -1.17, 0.004, 245.35, -22.31);
insert into SHOT values (1124, 1127, 1130, 711, 2.420, 78.50, 3.10, 2.422, 78.55, 3.08, 0.003, 128.43, -18.66);
insert into SHOT values (1125, 1127, 1131, 711, 0.840, 122.20, -0.60, 0.841, 122.37, -0.68, 0.003, 197.25, -25.97);
insert into SHOT values (1126, 1127, 1132, 711, 7.670, 310.90, 68.20, 7.667, 310.86, 68.23, 0.006, 150.92, -14.28);
insert into SHOT values (1127, 1132, 1133, 711, 0.840, 194.60, -1.40, 0.840, 195.20, -1.36, 0.009, 287.57, 3.45);
insert into SHOT values (1128, 1132, 1134, 711, 1.200, 181.40, -0.10, 1.200, 181.43, 0.00, 0.002, 238.87, 71.51);
insert into SHOT values (1129, 1132, 1135, 711, 2.280, 148.20, 0.60, 2.281, 148.26, 0.50, 0.005, 209.06, -56.19);
insert into SHOT values (1130, 1132, 1136, 711, 0.840, 276.00, 2.70, 0.846, 276.12, 2.71, 0.006, 292.00, 4.13);
insert into SHOT values (1131, 1132, 1137, 711, 3.190, 230.10, 85.80, 3.189, 230.19, 85.79, 0.002, 258.76, -61.69);
insert into SHOT values (1132, 1132, 1138, 711, 3.790, 237.60, -80.80, 3.790, 238.39, -80.73, 0.010, 299.09, 7.43);
insert into SHOT values (1133, 1132, 1139, 711, 4.290, 311.20, 52.90, 4.292, 311.25, 52.83, 0.006, 330.28, -14.90);
insert into SHOT values (1134, 1139, 1140, 711, 5.050, 263.90, -1.30, 5.050, 263.86, -1.25, 0.006, 177.76, 49.89);
insert into SHOT values (1135, 1139, 1141, 711, 2.370, 227.40, -8.00, 2.373, 227.41, -7.99, 0.003, 236.52, -3.29);
insert into SHOT values (1136, 1139, 1142, 711, 4.120, 284.30, -7.20, 4.118, 284.31, -7.11, 0.006, 81.59, 82.81);
insert into SHOT values (1137, 1139, 1143, 711, 11.230, 289.40, 51.90, 11.234, 289.38, 51.90, 0.005, 243.88, 29.75);
insert into SHOT values (1138, 1143, 1144, 711, 2.740, 47.50, 4.30, 2.740, 47.67, 4.39, 0.009, 136.78, 29.94);
insert into SHOT values (1139, 1143, 1145, 711, 5.220, 111.50, 1.30, 5.223, 111.46, 1.32, 0.006, 57.11, 16.01);
insert into SHOT values (1140, 1143, 1146, 711, 6.480, 128.90, -1.50, 6.480, 128.92, -1.50, 0.002, 208.63, -10.05);
insert into SHOT values (1141, 1143, 1147, 711, 2.850, 153.30, 1.40, 2.854, 153.35, 1.41, 0.005, 180.04, 4.61);
insert into SHOT values (1142, 1143, 1148, 711, 5.330, 68.20, 59.10, 5.325, 68.32, 59.12, 0.007, 193.32, -28.21);
insert into SHOT values (1143, 1143, 1149, 711, 8.690, 119.60, 52.60, 8.689, 119.62, 52.58, 0.004, 160.99, -51.40);
insert into SHOT values (1144, 1143, 1150, 711, 7.140, 209.00, 58.30, 7.136, 209.02, 58.28, 0.005, 327.96, -71.83);
insert into SHOT values (1145, 1143, 1151, 711, 4.740, 86.50, -38.10, 4.743, 86.47, -38.00, 0.009, 69.71, 32.97);
insert into SHOT values (1146, 1143, 1152, 711, 13.470, 311.10, 76.70, 13.471, 311.20, 76.71, 0.006, 60.78, 12.65);
insert into SHOT values (1147, 1152, 1153, 711, 0.590, 68.40, -1.20, 0.589, 69.10, -0.97, 0.008, 167.80, 17.95);
insert into SHOT values (1148, 1152, 1154, 711, 1.520, 69.10, 22.90, 1.521, 69.11, 22.82, 0.002, 72.83, -36.57);
insert into SHOT values (1149, 1152, 1155, 711, 6.820, 58.10, 76.00, 6.822, 58.14, 76.02, 0.003, 203.80, 53.04);
insert into SHOT values (1150, 1152, 1156, 711, 2.370, 74.10, 61.70, 2.372, 74.48, 61.79, 0.008, 184.60, 22.82);
insert into SHOT values (1151, 1152, 1157, 711, 4.510, 345.70, 5.50, 4.510, 345.69, 5.47, 0.003, 261.55, -56.89);
insert into SHOT values (1152, 1152, 1158, 711, 2.090, 174.20, 0.40, 2.091, 174.23, 0.27, 0.005, 235.25, -74.30);
insert into SHOT values (1153, 1152, 1159, 711, 5.190, 351.50, 2.10, 5.191, 351.46, 2.10, 0.004, 276.15, -2.76);
insert into SHOT values (1154, 1159, 1160, 711, 2.070, 100.10, -0.40, 2.073, 100.28, -0.55, 0.009, 162.58, -37.66);
insert into SHOT values (1155, 1159, 1161, 711, 3.640, 21.70, -5.20, 3.632, 21.74, -5.21, 0.008, 184.06, -0.69);
insert into SHOT values (1156, 1159, 1162, 711, 3.420, 44.80, -3.50, 3.422, 44.88, -3.52, 0.005, 114.49, -13.85);
insert into SHOT values (1157, 1159, 1163, 711, 3.170, 203.80, -10.20, 3.175, 203.78, -10.16, 0.006, 188.11, 13.73);
insert into SHOT values (1158, 1159, 1164, 711, 2.470, 161.40, 6.90, 2.475, 161.49, 6.96, 0.007, 198.38, 27.63);
insert into SHOT values (1159, 1159, 1165, 711, 2.760, 185.00, 0.70, 2.761, 184.99, 0.62, 0.004, 135.17, -74.65);
insert into SHOT values (1160, 1159, 1166, 711, 2.530, 63.10, -73.40, 2.536, 63.79, -73.40, 0.010, 142.27, -31.70);
insert into SHOT values (1161, 1159, 1167, 711, 10.240, 14.20, 72.20, 10.239, 14.26, 72.22, 0.005, 157.63, 2.23);
insert into SHOT values (1162, 1167, 1168, 711, 2.770, 189.80, 0.70, 2.770, 189.77, 0.62, 0.004, 111.90, -65.40);
insert into SHOT values (1163, 1167, 1169, 711, 0.470, 248.60, 16.00, 0.468, 249.15, 16.13, 0.005, 7.75, 5.29);
insert into SHOT values (1164, 1167, 1170, 711, 1.170, 336.70, 12.70, 1.172, 336.80, 12.82, 0.004, 39.74, 51.89);
insert into SHOT values (1165, 1167, 1171, 711, 4.430, 352.20, 5.10, 4.428, 352.18, 5.05, 0.004, 221.01, -59.68);
insert into SHOT values (1166, 1167, 1172, 711, 1.980, 5.30, 5.70, 1.978, 5.25, 5.80, 0.004, 230.12, 50.42);
insert into SHOT values (1167, 1167, 1173, 711, 3.770, 68.90, 81.30, 3.773, 68.39, 81.31, 0.006, 336.81, 33.19);
insert into SHOT values (1168, 1167, 1174, 711, 3.900, 18.20, 69.30, 3.902, 18.17, 69.31, 0.002, 303.93, 65.80);
insert into SHOT values (1169, 1167, 1175, 711, 3.720, 1.40, 47.90, 3.718, 1.38, 47.94, 0.003, 198.83, -2.51);
insert into SHOT values (1170, 1175, 1176, 711, 2.260, 154.90, -0.70, 2.255, 154.80, -0.76, 0.007, 13.17, -19.70);
insert into SHOT values (1171, 1175, 1177, 711, 2.960, 253.80, 85.10, 2.961, 253.74, 85.16, 0.003, 79.44, 16.02);
insert into SHOT values (1172, 1175, 1178, 711, 0.890, 65.60, 2.30, 0.891, 65.45, 1.93, 0.006, 2.54, -64.79);
insert into SHOT values (1173, 1175, 1179, 711, 1.500, 104.40, 54.10, 1.495, 104.51, 54.03, 0.006, 237.77, -65.96);
insert into SHOT values (1174, 1175, 1180, 711, 4.210, 349.80, 35.50, 4.213, 349.77, 35.39, 0.009, 333.88, -32.53);
insert into SHOT values (1175, 1180, 1181, 711, 1.510, 337.70, 3.40, 1.505, 337.70, 3.43, 0.005, 158.03, 5.10);
insert into SHOT values (1176, 1180, 1182, 711, 1.080, 225.10, -17.80, 1.077, 224.60, -17.84, 0.009, 116.48, 0.92);
insert into SHOT values (1177, 1180, 1183, 711, 1.260, 271.70, 10.00, 1.260, 271.39, 10.06, 0.007, 177.43, 9.89);
insert into SHOT values (1178, 1180, 1184, 711, 2.000, 292.80, -6.70, 1.999, 292.82, -6.61, 0.004, 82.81, 71.92);
insert into SHOT values (1179, 1180, 1185, 711, 1.880, 289.20, -50.90, 1.881, 289.20, -50.91, 0.001, 269.24, -73.42);
insert into SHOT values (1180, 1180, 1186, 711, 2.620, 272.40, 74.50, 2.625, 272.45, 74.52, 0.005, 324.46, 81.64);
insert into SHOT values (1181, 1180, 1187, 711, 4.850, 284.00, 46.20, 4.844, 283.99, 46.26, 0.008, 108.10, -4.10);
insert into SHOT values (1182, 1187, 1188, 711, 1.480, 319.90, 2.20, 1.484, 319.65, 2.32, 0.008, 260.03, 22.77);
insert into SHOT values (1183, 1187, 1189, 711, 1.280, 351.60, 5.10, 1.280, 351.42, 5.38, 0.007, 251.72, 56.95);
insert into SHOT values (1184, 1187, 1190, 711, 1.410, 60.20, 0.10, 1.407, 60.15, 0.41, 0.008, 259.77, 64.15);
insert into SHOT values (1185, 1187, 1191, 711, 1.980, 355.00, 56.30, 1.980, 354.76, 56.44, 0.007, 224.40, 23.83);
insert into SHOT values (1186, 1187, 1192, 711, 1.490, 272.20, -72.20, 1.483, 272.49, -71.92, 0.010, 297.11, 57.86);
insert into SHOT values (1187, 1187, 1193, 711, 5.480, 313.00, 28.50, 5.485, 312.90, 28.53, 0.011, 239.89, 28.95);
insert into SHOT values (1188, 1193, 1194, 711, 1.060, 53.30, 21.40, 1.068, 53.59, 21.42, 0.009, 88.37, 20.42);
insert into SHOT values (1189, 1193, 1195, 711, 4.300, 137.70, 88.30, 4.302, 135.00, 88.30, 0.006, 43.63, 17.45);
insert into SHOT values (1190, 1193, 1196, 711, 2.780, 24.60, -73.80, 2.782, 24.93, -73.66, 0.009, 55.76, -2.56);
insert into SHOT values (1191, 1193, 1197, 711, 3.700, 99.60, 33.60, 3.702, 99.52, 33.63, 0.005, 18.41, 29.23);
insert into SHOT values (1192, 1193, 1198, 711, 5.940, 336.20, 15.00, 5.939, 336.25, 15.03, 0.006, 88.07, 27.49);
insert into SHOT values (1193, 1198, 1199, 711, 0.470, 86.00, 36.20, 0.467, 85.49, 35.31, 0.009, 24.82, -62.59);
insert into SHOT values (1194, 1198, 1200, 711, 0.750, 226.10, 0.80, 0.750, 226.08, 0.76, 0.001, 95.23, -49.85);
insert into SHOT values (1195, 1198, 1201, 711, 6.720, 119.10, 85.00, 6.715, 118.77, 85.03, 0.007, 340.39, -40.55);
insert into SHOT values (1196, 1198, 1202, 711, 3.160, 290.90, 8.60, 3.163, 290.98, 8.55, 0.006, 347.15, -25.46);
insert into SHOT values (1197, 1198, 1203, 711, 7.940, 167.10, 7.60, 7.939, 167.08, 7.60, 0.004, 63.56, -1.70);
insert into SHOT values (1198, 1198, 1204, 711, 1.750, 150.90, 4.00, 1.746, 150.79, 3.94, 0.006, 11.35, -20.51);
insert into SHOT values (1199, 1198, 1205, 711, 1.510, 188.20, 1.70, 1.507, 188.40, 1.52, 0.008, 310.08, -38.44);
insert into SHOT values (1200, 1198, 1206, 711, 8.340, 321.80, 70.70, 8.339, 321.92, 70.70, 0.006, 50.68, -12.63);
insert into SHOT values (1201, 1206, 1207, 711, 2.080, 203.10, 3.30, 2.082, 203.23, 3.30, 0.005, 270.01, 2.96);
insert into SHOT values (1202, 1206, 1208, 711, 3.960, 253.40, 5.60, 3.964, 253.36, 5.50, 0.008, 215.39, -50.42);
insert into SHOT values (1203, 1206, 1209, 711, 3.500, 226.20, 5.40, 3.502, 226.28, 5.41, 0.005, 287.90, 6.90);
insert into SHOT values (1204, 1206, 1210, 711, 3.110, 123.60, 4.00, 3.108, 123.69, 3.87, 0.009, 233.13, -54.53);
insert into SHOT values (1205, 1206, 1211, 711, 4.800, 103.90, -0.10, 4.790, 103.89, -0.12, 0.010, 290.04, -9.26);
insert into SHOT values (1206, 1206, 1212, 711, 4.010, 165.40, 56.20, 4.009, 165.47, 56.17, 0.003, 239.91, -42.07);
insert into SHOT values (1207, 1206, 1213, 711, 6.680, 159.80, 78.80, 6.677, 160.17, 78.80, 0.009, 253.92, -18.61);
insert into SHOT values (1208, 1206, 1214, 711, 2.480, 200.00, -57.50, 2.478, 200.20, -57.49, 0.005, 296.85, 19.01);
insert into SHOT values (1209, 1206, 1215, 711, 10.200, 242.50, 80.50, 10.201, 242.53, 80.46, 0.007, 247.58, -0.90);
insert into SHOT values (1210, 1215, 1216, 711, 0.870, 356.60, 65.00, 0.873, 356.91, 64.87, 0.004, 30.96, 23.60);
insert into SHOT values (1211, 1215, 1217, 711, 0.830, 104.90, -29.80, 0.831, 104.42, -29.56, 0.007, 37.22, 20.69);
insert into SHOT values (1212, 1215, 1218, 711, 11.880, 213.50, -83.50, 11.886, 213.45, -83.52, 0.007, 59.16, -66.72);
insert into SHOT values (1213, 1215, 1219, 711, 1.140, 352.30, 0.70, 1.140, 352.44, 0.50, 0.005, 82.43, -55.70);
insert into SHOT values (1214, 1215, 1220, 711, 3.640, 308.10, 12.20, 3.643, 308.16, 12.20, 0.005, 354.98, 9.72);
insert into SHOT values (1215, 1220, 1221, 711, 2.400, 85.30, 15.80, 2.398, 85.28, 15.73, 0.004, 300.76, -62.24);
insert into SHOT values (1216, 1220, 1222, 711, 2.400, 68.30, 1.30, 2.398, 68.46, 1.19, 0.008, 175.15, -32.31);
insert into SHOT values (1217, 1220, 1223, 711, 1.870, 131.90, 6.70, 1.868, 131.94, 6.76, 0.003, 280.29, 38.33);
insert into SHOT values (1218, 1220, 1224, 711, 1.520, 230.30, 11.10, 1.520, 230.44, 11.00, 0.004, 319.11, -36.55);
insert into SHOT values (1219, 1220, 1225, 711, 4.250, 318.30, 4.50, 4.248, 318.25, 4.46, 0.005, 205.17, -40.76);
insert into SHOT values (1220, 1220, 1226, 711, 3.170, 304.20, -1.10, 3.168, 304.19, -1.09, 0.002, 143.15, 22.48);
insert into SHOT values (1221, 1220, 1227, 711, 5.970, 348.00, 1.00, 5.971, 348.01, 0.96, 0.004, 27.03, -71.30);
insert into SHOT values (1222, 1220, 1228, 711, 14.650, 297.40, 87.60, 14.643, 297.41, 87.62, 0.009, 116.98, -53.96);
insert into SHOT values (1223, 1220, 1229, 711, 4.090, 344.70, -29.30, 4.089, 344.72, -29.29, 0.002, 113.74, 56.95);
insert into SHOT values (1224, 1220, 1230, 711, 14.390, 21.60, 70.40, 14.385, 21.63, 70.38, 0.007, 54.14, -61.76);
insert into SHOT values (1225, 1220, 1231, 711, 14.340, 16.60, 70.30, 14.309, 17.04, 71.50, 0.305, 189.96, 13.14);
insert into SHOT values (1226, 1231, 1232, 711, 1.210, 193.90, 5.60, 1.210, 193.92, 5.21, 0.008, 210.81, -81.32);
insert into SHOT values (1227, 1231, 1233, 711, 3.970, 225.00, 6.40, 3.970, 225.00, 6.36, 0.003, 190.81, -79.26);
insert into SHOT values (1228, 1231, 1234, 711, 4.550, 247.30, 5.50, 4.552, 247.28, 5.42, 0.007, 213.57, -63.83);
insert into SHOT values (1229, 1231, 1235, 711, 3.660, 298.40, -0.80, 3.660, 298.39, -0.78, 0.002, 227.74, 41.58);
insert into SHOT values (1230, 1231, 1236, 711, 7.960, 271.20, -2.20, 7.968, 271.15, -2.23, 0.011, 226.94, -23.02);
insert into SHOT values (1231, 1231, 1237, 711, 5.130, 251.00, -3.40, 5.139, 251.00, -3.46, 0.010, 248.57, -34.11);
insert into SHOT values (1232, 1231, 1238, 711, 9.460, 282.00, 63.00, 9.465, 281.94, 62.96, 0.010, 250.66, 6.34);
insert into SHOT values (1233, 1231, 1239, 711, 14.610, 257.70, -75.20, 14.616, 257.64, -75.19, 0.008, 214.29, -36.78);
insert into SHOT values (1234, 1231, 1240, 711, 11.060, 36.50, 80.90, 11.058, 36.61, 80.93, 0.006, 185.44, -7.46);
insert into SHOT values (1235, 1231, 1241, 711, 9.490, 43.40, 77.90, 9.489, 43.36, 77.95, 0.009, 232.68, 5.50);
insert into SHOT values (1236, 1231, 1242, 711, 4.120, 58.80, 8.30, 4.112, 58.77, 8.25, 0.009, 257.11, -32.26);
insert into SHOT values (1237, 1231, 1243, 711, 2.700, 350.90, -1.50, 2.695, 350.82, -1.49, 0.006, 212.75, 6.34);
insert into SHOT values (1238, 1231, 1244, 711, 4.590, 245.20, -0.20, 4.595, 245.16, -0.25, 0.007, 212.52, -33.79);
insert into SHOT values (1239, 1231, 1245, 711, 4.160, 279.20, -1.70, 4.165, 279.12, -1.79, 0.010, 226.49, -41.68);
insert into SHOT values (1240, 1231, 1246, 711, 18.410, 281.30, 85.20, 18.397, 280.03, 85.88, 0.223, 108.86, 1.18);
insert into SHOT values (1241, 1246, 1247, 711, 2.900, 20.20, -1.20, 2.899, 20.19, -1.38, 0.009, 234.08, -79.94);
insert into SHOT values (1242, 1246, 1248, 711, 5.410, 99.90, 2.40, 5.405, 99.92, 2.33, 0.008, 266.16, -54.25);
insert into SHOT values (1243, 1246, 1249, 711, 5.690, 65.20, -6.50, 5.688, 65.20, -6.56, 0.006, 245.91, -67.57);
insert into SHOT values (1244, 1246, 1250, 711, 4.170, 53.30, -12.90, 4.173, 53.30, -13.02, 0.009, 38.46, -81.78);
insert into SHOT values (1245, 1246, 1251, 711, 3.470, 325.50, 2.60, 3.470, 325.58, 2.48, 0.009, 46.08, -58.97);
insert into SHOT values (1246, 1246, 1252, 711, 2.690, 4.90, -1.00, 2.690, 4.91, -1.06, 0.003, 17.46, -84.99);
insert into SHOT values (1247, 1246, 1253, 711, 5.880, 27.30, 59.30, 5.877, 27.33, 59.24, 0.007, 50.09, -56.99);
insert into SHOT values (1248, 1246, 1254, 711, 5.850, 16.90, -76.90, 5.852, 16.66, -76.91, 0.006, 283.98, -21.46);
insert into SHOT values (1249, 1246, 1255, 711, 25.430, 319.60, 82.60, 25.424, 319.24, 84.82, 0.983, 140.47, 5.94);
insert into SHOT values (1250, 1255, 1256, 711, 1.700, 234.50, -0.70, 1.707, 234.54, -0.67, 0.007, 243.79, 6.52);
insert into SHOT values (1251, 1255, 1257, 711, 2.500, 170.30, -2.10, 2.497, 170.31, -2.07, 0.003, 343.65, 30.40);
insert into SHOT values (1252, 1255, 1258, 711, 4.720, 140.30, 0.20, 4.716, 140.33, 0.24, 0.006, 290.35, 35.01);
insert into SHOT values (1253, 1255, 1259, 711, 3.190, 109.90, 16.70, 3.188, 109.92, 16.77, 0.004, 274.10, 48.44);
insert into SHOT values (1254, 1255, 1260, 711, 3.420, 86.00, 36.40, 3.415, 86.03, 36.47, 0.006, 253.13, 4.59);
insert into SHOT values (1255, 1255, 1261, 711, 5.880, 101.90, 72.30, 5.879, 101.94, 72.29, 0.002, 149.62, -48.79);
insert into SHOT values (1256, 1255, 1262, 711, 5.990, 140.10, -25.10, 5.989, 140.09, -25.09, 0.002, 27.27, 27.71);
insert into SHOT values (1257, 1255, 1263, 711, 6.020, 270.20, -62.30, 6.021, 270.20, -62.29, 0.002, 271.39, 2.39);
insert into SHOT values (1258, 1255, 1264, 711, 3.620, 326.40, -64.80, 3.624, 326.10, -64.82, 0.009, 241.60, -29.17);
insert into SHOT values (1259, 1255, 1265, 711, 2.020, 205.90, -42.30, 2.027, 206.05, -42.15, 0.010, 230.33, -3.11);
insert into SHOT values (1260, 1255, 1266, 711, 6.790, 252.80, 80.60, 6.774, 251.89, 80.43, 0.031, 205.57, -37.49);
insert into SHOT values (1261, 1266, 1267, 711, 1.060, 48.40, -1.40, 1.056, 48.46, -1.09, 0.007, 215.31, 53.99);
insert into SHOT values (1262, 1266, 1268, 711, 2.720, 101.70, -1.10, 2.719, 101.89, -1.05, 0.009, 199.53, 14.07);
insert into SHOT values (1263, 1266, 1269, 711, 0.930, 148.70, -3.50, 0.934, 149.04, -3.07, 0.010, 197.90, 43.46);
insert into SHOT values (1264, 1266, 1270, 711, 2.510, 143.40, 69.40, 2.511, 143.26, 69.34, 0.004, 105.57, 7.67);
insert into SHOT values (1265, 1266, 1271, 711, 1.240, 5.30, 68.60, 1.245, 5.08, 68.72, 0.006, 254.38, 70.97);
insert into SHOT values (1266, 1266, 1272, 711, 0.600, 295.80, -4.20, 0.601, 295.71, -3.82, 0.004, 249.63, 70.94);
insert into SHOT values (1267, 1266, 1273, 711, 0.820, 359.30, 2.80, 0.811, 359.29, 2.83, 0.009, 180.32, -0.36);
insert into SHOT values (1268, 1266, 1274, 711, 2.920, 304.70, -21.10, 2.866, 304.17, -21.27, 0.060, 149.87, 10.75);
insert into SHOT values (1269, 1274, 1275, 711, 0.730, 186.40, 1.30, 0.734, 186.25, 0.78, 0.008, 163.54, -53.00);
insert into SHOT values (1270, 1274, 1276, 711, 1.370, 205.60, 71.50, 1.370, 205.97, 71.55, 0.003, 313.32, 15.14);
insert into SHOT values (1271, 1274, 1277, 711, 3.710, 152.10, -82.60, 3.710, 152.35, -82.66, 0.004, 302.92, -11.97);
insert into SHOT values (1272, 1274, 1278, 711, 2.000, 262.60, -8.40, 1.998, 262.44, -8.34, 0.006, 158.57, 20.81);
insert into SHOT values (1273, 1274, 1279, 711, 1.140, 112.30, -6.80, 1.143, 112.27, -7.03, 0.006, 98.22, -61.39);
insert into SHOT values (1274, 1274, 1280, 711, 4.560, 248.20, 21.70, 4.571, 247.47, 21.43, 0.059, 176.02, -15.73);
insert into SHOT values (1275, 1280, 1281, 711, 0.270, 164.60, 1.60, 0.269, 164.93, 2.13, 0.003, 277.21, 55.88);
insert into SHOT values (1276, 1280, 1282, 711, 0.280, 324.90, 10.40, 0.287, 325.18, 12.09, 0.011, 340.45, 62.33);
insert into SHOT values (1277, 1280, 1283, 711, 2.320, 58.80, 76.90, 2.321, 58.11, 76.80, 0.008, 1.53, 2.82);
insert into SHOT values (1278, 1280, 1284, 711, 1.010, 222.30, -76.00, 1.009, 221.63, -76.19, 0.005, 80.94, -0.02);
insert into SHOT values (1279, 1280, 1285, 711, 3.720, 284.20, 46.40, 3.727, 284.20, 46.43, 0.007, 279.74, 63.08);
insert into SHOT values (1280, 1280, 1286, 711, 2.770, 295.10, 50.20, 2.733, 294.50, 50.55, 0.045, 141.55, -23.77);
insert into SHOT values (1281, 1286, 1287, 711, 0.870, 171.50, 4.90, 0.863, 171.30, 4.65, 0.009, 14.83, -29.70);
insert into SHOT values (1282, 1286, 1288, 711, 1.120, 125.10, 6.30, 1.119, 125.12, 6.16, 0.003, 283.42, -75.12);
insert into SHOT values (1283, 1286, 1289, 711, 1.010, 94.10, 11.50, 1.003, 94.09, 11.51, 0.007, 276.59, -10.66);
insert into SHOT values (1284, 1286, 1290, 711, 1.770, 256.00, 5.10, 1.768, 256.20, 5.19, 0.007, 5.84, 22.47);
insert into SHOT values (1285, 1286, 1291, 711, 2.410, 158.70, -75.40, 2.406, 158.55, -75.52, 0.006, 353.99, 19.84);
insert into SHOT values (1286, 1286, 1292, 711, 8.720, 265.00, 86.00, 8.722, 265.31, 85.98, 0.005, 306.39, 13.91);
insert into SHOT values (1287, 1286, 1293, 711, 8.330, 247.60, 63.30, 8.326, 247.10, 63.02, 0.053, 203.91, -24.37);
insert into SHOT values (1288, 1293, 1294, 711, 4.300, 80.70, -5.40, 4.305, 80.74, -5.33, 0.007, 106.02, 40.20);
insert into SHOT values (1289, 1293, 1295, 711, 3.880, 352.10, 81.70, 3.880, 352.75, 81.78, 0.008, 124.60, 4.34);
insert into SHOT values (1290, 1293, 1296, 711, 0.400, 179.50, 5.00, 0.402, 178.57, 5.71, 0.008, 103.21, 37.37);
insert into SHOT values (1291, 1293, 1297, 711, 0.670, 18.00, -7.00, 0.669, 18.43, -6.87, 0.005, 118.73, 18.00);
insert into SHOT values (1292, 1293, 1298, 711, 1.050, 287.00, 0.20, 1.044, 286.70, 0.55, 0.010, 149.89, 37.83);
insert into SHOT values (1293, 1293, 1299, 711, 3.660, 293.80, 0.40, 3.649, 293.76, 0.47, 0.012, 129.91, 21.71);
insert into SHOT values (1294, 1293, 1300, 711, 0.970, 306.20, 3.40, 0.968, 306.16, 3.55, 0.003, 145.37, 46.48);
insert into SHOT values (1295, 1293, 1301, 711, 2.430, 287.60, -58.90, 2.425, 287.27, -59.07, 0.012, 146.35, 3.61);
insert into SHOT values (1296, 1293, 1302, 711, 8.200, 275.70, 63.20, 8.177, 275.01, 63.38, 0.056, 148.67, -9.41);
insert into SHOT values (1297, 1302, 1303, 711, 3.370, 358.00, -2.80, 3.366, 358.12, -2.72, 0.009, 118.52, 29.30);
insert into SHOT values (1298, 1302, 1304, 711, 3.130, 33.10, -30.10, 3.132, 33.10, -30.09, 0.002, 32.72, -8.01);
insert into SHOT values (1299, 1302, 1305, 711, 1.700, 10.10, 43.70, 1.704, 10.30, 43.82, 0.007, 89.78, 51.44);
insert into SHOT values (1300, 1302, 1306, 711, 0.740, 188.70, 11.30, 0.744, 188.69, 11.64, 0.006, 183.98, 61.55);
insert into SHOT values (1301, 1302, 1307, 711, 0.650, 121.20, -6.70, 0.650, 121.72, -6.18, 0.008, 201.35, 44.43);
insert into SHOT values (1302, 1302, 1308, 711, 3.130, 115.10, -34.20, 3.135, 115.08, -34.15, 0.006, 106.30, -6.44);
insert into SHOT values (1303, 1302, 1309, 711, 1.410, 316.70, 78.40, 1.407, 316.47, 78.70, 0.008, 145.11, -8.82);
insert into SHOT values (1304, 1302, 1310, 711, 0.950, 319.00, -0.80, 0.943, 318.87, -0.61, 0.008, 155.63, 23.17);
insert into SHOT values (1305, 1302, 1311, 711, 3.000, 224.50, 32.60, 3.036, 223.90, 32.25, 0.048, 190.07, 4.37);
insert into SHOT values (1306, 1311, 1312, 711, 0.600, 6.30, -5.70, 0.607, 6.65, -5.67, 0.008, 34.05, -2.94);
insert into SHOT values (1307, 1311, 1313, 711, 0.240, 18.40, 52.90, 0.241, 19.65, 51.96, 0.005, 58.47, -15.74);
insert into SHOT values (1308, 1311, 1314, 711, 1.850, 27.30, -77.40, 1.845, 27.82, -77.26, 0.007, 74.02, 47.01);
insert into SHOT values (1309, 1311, 1315, 711, 0.730, 355.10, -42.40, 0.730, 355.76, -42.14, 0.007, 64.28, 18.57);
insert into SHOT values (1310, 1311, 1316, 711, 2.910, 246.30, 14.50, 2.925, 245.61, 14.45, 0.038, 180.33, 2.11);
insert into SHOT values (1311, 1316, 1317, 711, 0.570, 349.90, 12.10, 0.570, 350.71, 12.15, 0.008, 80.46, 3.79);
insert into SHOT values (1312, 1316, 1318, 711, 2.520, 79.20, 2.00, 2.528, 79.05, 2.04, 0.010, 36.51, 11.30);
insert into SHOT values (1313, 1316, 1319, 711, 0.240, 231.90, 17.20, 0.239, 232.13, 17.06, 0.002, 16.40, -32.63);
insert into SHOT values (1314, 1316, 1320, 711, 2.220, 191.40, 12.30, 2.214, 191.47, 12.26, 0.007, 349.72, -24.85);
insert into SHOT values (1315, 1316, 1321, 711, 0.620, 338.70, 11.30, 0.623, 338.90, 11.11, 0.004, 12.93, -22.29);
insert into SHOT values (1316, 1316, 1322, 711, 3.120, 104.90, 5.30, 3.128, 104.88, 5.32, 0.008, 97.04, 12.84);
insert into SHOT values (1317, 1316, 1323, 711, 1.570, 142.30, 16.50, 1.567, 142.29, 16.31, 0.006, 337.01, -78.27);
insert into SHOT values (1318, 1316, 1324, 711, 7.310, 89.90, 74.20, 7.306, 89.71, 74.19, 0.008, 356.86, -29.75);
insert into SHOT values (1319, 1316, 1325, 711, 5.640, 277.00, 75.50, 5.640, 277.33, 75.51, 0.008, 11.62, -2.53);
insert into SHOT values (1320, 1316, 1326, 711, 3.860, 80.60, -36.30, 3.864, 80.57, -36.35, 0.005, 21.94, -64.65);
insert into SHOT values (1321, 1316, 1327, 711, 18.760, 17.90, 79.50, 18.744, 18.37, 81.14, 0.537, 195.36, 7.93);
insert into SHOT values (1322, 1327, 1328, 711, 1.310, 279.00, -0.80, 1.315, 278.75, -0.87, 0.008, 231.44, -12.04);
insert into SHOT values (1323, 1327, 1329, 711, 2.220, 185.60, 17.90, 2.217, 185.71, 17.86, 0.005, 303.38, -27.70);
insert into SHOT values (1324, 1327, 1330, 711, 0.850, 148.60, 21.20, 0.849, 148.91, 20.70, 0.009, 218.64, -58.35);
insert into SHOT values (1325, 1327, 1331, 711, 3.530, 153.10, -44.00, 3.532, 153.13, -43.91, 0.006, 166.47, 21.08);
insert into SHOT values (1326, 1327, 1332, 711, 3.700, 195.40, -47.40, 3.709, 195.48, -47.39, 0.010, 220.78, -41.44);
insert into SHOT values (1327, 1327, 1333, 711, 2.720, 195.60, 49.90, 2.721, 195.54, 49.86, 0.003, 153.62, -11.61);
insert into SHOT values (1328, 1327, 1334, 711, 5.130, 265.10, 69.50, 5.125, 264.89, 69.47, 0.008, 179.93, -37.57);
insert into SHOT values (1329, 1327, 1335, 711, 6.280, 300.50, 71.40, 6.251, 299.85, 71.84, 0.060, 142.53, -11.50);
insert into SHOT values (1330, 1335, 1336, 711, 1.480, 120.20, -1.00, 1.484, 120.37, -1.16, 0.007, 168.61, -36.35);
insert into SHOT values (1331, 1335, 1337, 711, 2.140, 304.50, 13.40, 2.135, 304.61, 13.27, 0.008, 82.06, -46.74);
insert into SHOT values (1332, 1335, 1338, 711, 1.720, 355.10, 8.60, 1.716, 355.26, 8.72, 0.007, 130.87, 22.35);
insert into SHOT values (1333, 1335, 1339, 711, 1.550, 330.90, -27.30, 1.547, 330.82, -27.32, 0.004, 183.64, 14.33);
insert into SHOT values (1334, 1335, 1340, 711, 1.330, 40.40, 9.60, 1.331, 40.36, 9.52, 0.002, 0.15, -52.24);
insert into SHOT values (1335, 1335, 1341, 711, 1.590, 100.70, 9.30, 1.588, 100.66, 9.42, 0.004, 308.59, 52.97);
insert into SHOT values (1336, 1335, 1342, 711, 2.740, 142.10, -35.00, 2.739, 142.06, -34.97, 0.002, 49.43, 41.52);
insert into SHOT values (1337, 1335, 1343, 711, 1.550, 326.60, -63.60, 1.550, 326.31, -63.76, 0.006, 186.94, -16.87);
insert into SHOT values (1338, 1335, 1344, 711, 13.320, 312.50, 71.90, 13.286, 311.99, 72.92, 0.243, 140.95, 9.28);
insert into SHOT values (1339, 1344, 1345, 711, 0.860, 242.80, 7.90, 0.854, 242.53, 8.08, 0.008, 95.06, 13.15);
insert into SHOT values (1340, 1344, 1346, 711, 6.290, 335.40, 80.80, 6.291, 335.98, 80.79, 0.010, 56.86, 5.10);
insert into SHOT values (1341, 1344, 1347, 711, 3.560, 335.80, 25.90, 3.560, 335.84, 25.99, 0.006, 113.09, 60.94);
insert into SHOT values (1342, 1344, 1348, 711, 3.430, 320.00, 29.20, 3.435, 320.15, 29.28, 0.010, 35.37, 40.97);
insert into SHOT values (1343, 1344, 1349, 711, 1.270, 163.50, 49.00, 1.272, 163.30, 48.98, 0.004, 107.86, 22.95);
insert into SHOT values (1344, 1344, 1350, 711, 1.140, 174.00, -15.40, 1.137, 173.72, -15.30, 0.007, 59.51, 24.41);
insert into SHOT values (1345, 1344, 1351, 711, 3.830, 320.00, 7.30, 3.763, 319.78, 7.33, 0.068, 152.27, -5.58);
insert into SHOT values (1346, 1351, 1352, 711, 0.500, 44.40, -4.00, 0.497, 45.00, -4.62, 0.008, 171.07, -38.58);
insert into SHOT values (1347, 1351, 1353, 711, 4.500, 58.50, 81.40, 4.500, 58.45, 81.45, 0.004, 247.61, 8.31);
insert into SHOT values (1348, 1351, 1354, 711, 3.730, 137.40, 18.60, 3.734, 137.52, 18.59, 0.008, 199.54, 2.00);
insert into SHOT values (1349, 1351, 1355, 711, 1.830, 355.00, -80.40, 1.835, 354.29, -80.54, 0.008, 220.35, -46.80);
insert into SHOT values (1350, 1351, 1356, 711, 2.420, 140.20, -28.80, 2.424, 140.16, -28.86, 0.005, 103.50, -56.70);
insert into SHOT values (1351, 1351, 1357, 711, 4.520, 310.00, -0.80, 4.515, 309.97, -0.76, 0.007, 159.66, 28.57);
insert into SHOT values (1352, 1351, 1358, 711, 3.100, 333.00, -2.60, 3.094, 332.85, -2.59, 0.010, 204.48, 3.47);
insert into SHOT values (1353, 1351, 1359, 711, 2.090, 341.60, -4.30, 2.084, 341.48, -4.40, 0.009, 196.71, -22.51);
insert into SHOT values (1354, 1351, 1360, 711, 0.680, 353.10, -2.10, 0.675, 353.19, -2.55, 0.007, 161.01, -46.08);
insert into SHOT values (1355, 1351, 1361, 711, 10.330, 282.50, -75.90, 10.332, 282.38, -75.89, 0.006, 212.99, -11.94);
insert into SHOT values (1356, 1351, 1362, 711, 4.060, 332.90, -51.60, 4.056, 332.82, -51.63, 0.006, 194.73, 18.90);
insert into SHOT values (1357, 1351, 1363, 711, 3.050, 331.90, 6.00, 3.046, 331.83, 6.03, 0.006, 194.08, 11.15);
insert into SHOT values (1358, 1351, 1364, 711, 6.090, 296.30, -40.90, 6.094, 296.29, -40.90, 0.004, 273.22, -37.02);
insert into SHOT values (1359, 1351, 1365, 711, 6.370, 299.30, -41.40, 6.367, 299.19, -41.39, 0.010, 200.47, 15.47);
insert into SHOT values (1360, 1351, 1366, 711, 4.060, 320.10, 43.50, 4.001, 319.64, 43.81, 0.067, 162.34, -21.62);
insert into SHOT values (1361, 1366, 1367, 711, 0.590, 238.30, 1.10, 0.588, 238.20, 0.97, 0.002, 91.90, -34.80);
insert into SHOT values (1362, 1366, 1368, 711, 2.410, 150.70, 11.00, 2.408, 150.62, 11.01, 0.004, 37.27, 2.17);
insert into SHOT values (1363, 1366, 1369, 711, 0.620, 94.30, 3.80, 0.623, 94.61, 3.68, 0.005, 138.99, -12.96);
insert into SHOT values (1364, 1366, 1370, 711, 1.880, 305.40, 3.30, 1.882, 305.47, 3.35, 0.003, 356.22, 33.80);
insert into SHOT values (1365, 1366, 1371, 711, 2.530, 275.00, -0.30, 2.530, 274.99, -0.23, 0.003, 154.38, 77.05);
insert into SHOT values (1366, 1366, 1372, 711, 12.960, 169.60, -82.60, 12.958, 169.30, -82.60, 0.009, 78.50, 12.92);
insert into SHOT values (1367, 1366, 1373, 711, 5.300, 85.60, -80.00, 5.301, 85.65, -79.98, 0.002, 102.93, -12.03);
insert into SHOT values (1368, 1366, 1374, 711, 3.350, 145.50, 60.20, 3.354, 145.26, 60.19, 0.008, 73.38, 21.93);
insert into SHOT values (1369, 1366, 1375, 711, 5.500, 330.40, 70.10, 5.464, 330.29, 70.81, 0.077, 152.98, -8.65);
insert into SHOT values (1370, 1375, 1376, 711, 0.510, 215.70, -1.50, 0.508, 216.19, -2.25, 0.008, 328.33, -54.75);
insert into SHOT values (1371, 1375, 1377, 711, 0.860, 177.70, 61.40, 0.855, 178.60, 61.33, 0.008, 281.70, -37.38);
insert into SHOT values (1372, 1375, 1378, 711, 0.630, 282.00, 19.30, 0.628, 281.69, 19.52, 0.004, 156.50, 23.97);
insert into SHOT values (1373, 1375, 1379, 711, 0.970, 148.10, 5.60, 0.970, 148.12, 5.32, 0.005, 191.90, -85.07);
insert into SHOT values (1374, 1375, 1380, 711, 1.910, 251.00, -80.10, 1.909, 250.46, -80.08, 0.004, 170.85, 26.33);
insert into SHOT values (1375, 1375, 1381, 711, 1.300, 268.40, 34.80, 1.288, 267.30, 34.52, 0.025, 160.74, -29.06);
insert into SHOT values (1376, 1381, 1382, 711, 0.400, 129.80, -11.60, 0.406, 128.88, -11.36, 0.009, 84.69, 2.74);
insert into SHOT values (1377, 1381, 1383, 711, 0.600, 133.50, -37.30, 0.601, 133.32, -36.81, 0.005, 110.63, 41.41);
insert into SHOT values (1378, 1381, 1384, 711, 0.640, 174.10, -73.80, 0.646, 173.66, -73.72, 0.006, 145.25, -61.74);
insert into SHOT values (1379, 1381, 1385, 711, 0.290, 162.00, 74.50, 0.290, 156.80, 74.78, 0.007, 58.53, 4.41);
insert into SHOT values (1380, 1381, 1386, 711, 2.520, 212.40, 5.80, 2.576, 211.77, 5.57, 0.064, 185.85, -4.19);
insert into SHOT values (1381, 1386, 1387, 711, 0.990, 223.00, 24.00, 0.994, 223.21, 24.36, 0.008, 293.99, 64.82);
insert into SHOT values (1382, 1386, 1388, 711, 1.250, 309.70, 77.20, 1.253, 309.29, 76.88, 0.008, 293.99, 7.97);
insert into SHOT values (1383, 1386, 1389, 711, 0.320, 99.30, 38.40, 0.323, 99.09, 38.31, 0.003, 77.80, 25.58);
insert into SHOT values (1384, 1386, 1390, 711, 1.540, 295.10, 4.70, 1.544, 295.40, 4.83, 0.010, 358.98, 23.35);
insert into SHOT values (1385, 1386, 1391, 711, 0.930, 252.30, 9.10, 0.933, 252.94, 9.26, 0.011, 330.55, 15.52);
insert into SHOT values (1386, 1386, 1392, 711, 2.010, 296.40, 45.00, 2.010, 296.75, 44.96, 0.009, 20.77, -8.58);
insert into SHOT values (1387, 1386, 1393, 711, 2.860, 249.80, 44.70, 2.860, 249.87, 44.66, 0.003, 310.91, -31.56);
insert into SHOT values (1388, 1386, 1394, 711, 3.400, 265.90, 60.30, 3.406, 265.91, 60.36, 0.007, 38.13, 86.43);
insert into SHOT values (1389, 1386, 1395, 711, 4.510, 274.70, 9.10, 4.513, 274.76, 9.18, 0.008, 339.85, 52.65);
insert into SHOT values (1390, 1386, 1396, 711, 8.210, 270.20, 26.50, 8.198, 269.38, 26.44, 0.107, 176.03, -7.12);
insert into SHOT values (1391, 1396, 1397, 711, 4.520, 96.20, 2.80, 4.522, 96.23, 2.79, 0.003, 139.09, -15.95);
insert into SHOT values (1392, 1396, 1398, 711, 5.460, 128.30, 5.60, 5.465, 128.28, 5.56, 0.007, 107.82, -24.70);
insert into SHOT values (1393, 1396, 1399, 711, 4.250, 146.20, 4.90, 4.253, 146.16, 4.86, 0.006, 102.93, -32.49);
insert into SHOT values (1394, 1396, 1400, 711, 2.060, 65.10, 1.30, 2.059, 65.30, 1.39, 0.008, 164.69, 24.27);
insert into SHOT values (1395, 1396, 1401, 711, 1.390, 358.40, 5.70, 1.388, 358.34, 5.79, 0.004, 209.66, 33.13);
insert into SHOT values (1396, 1396, 1402, 711, 3.940, 94.00, -48.60, 3.944, 94.18, -48.63, 0.009, 174.40, -29.37);
insert into SHOT values (1397, 1396, 1403, 711, 5.640, 108.30, 58.70, 5.640, 108.31, 58.72, 0.002, 276.70, 24.74);
insert into SHOT values (1398, 1396, 1404, 711, 6.640, 146.20, 45.10, 6.642, 146.21, 45.04, 0.007, 149.79, -30.23);
insert into SHOT values (1399, 1396, 1405, 711, 4.100, 59.60, 58.50, 4.104, 59.72, 58.53, 0.006, 150.58, 42.84);
insert into SHOT values (1400, 1396, 1406, 711, 4.160, 110.90, -5.40, 4.203, 111.60, -5.46, 0.066, 161.32, -7.37);
insert into SHOT values (1401, 1406, 1407, 711, 3.330, 268.10, -3.30, 3.327, 268.10, -3.27, 0.003, 90.08, 32.42);
insert into SHOT values (1402, 1406, 1408, 711, 4.900, 302.90, 5.80, 4.898, 302.94, 5.74, 0.006, 58.26, -56.67);
insert into SHOT values (1403, 1406, 1409, 711, 2.310, 341.00, 28.00, 2.308, 341.12, 27.90, 0.006, 69.39, -47.07);
insert into SHOT values (1404, 1406, 1410, 711, 2.620, 190.90, -10.70, 2.612, 190.78, -10.81, 0.011, 41.26, -18.54);
insert into SHOT values (1405, 1406, 1411, 711, 2.080, 258.40, 76.40, 2.076, 259.16, 76.67, 0.012, 47.63, -7.75);
insert into SHOT values (1406, 1406, 1412, 711, 16.900, 261.40, 76.30, 16.881, 260.80, 76.29, 0.047, 169.68, -24.32);
insert into SHOT values (1407, 1412, 1413, 711, 2.140, 177.90, -5.20, 2.140, 177.85, -5.09, 0.004, 96.49, 62.43);
insert into SHOT values (1408, 1412, 1414, 711, 4.320, 133.90, -4.60, 4.328, 133.87, -4.51, 0.011, 117.88, 37.47);
insert into SHOT values (1409, 1412, 1415, 711, 0.270, 102.00, -0.80, 0.277, 102.53, 0.00, 0.008, 123.00, 28.06);
insert into SHOT values (1410, 1412, 1416, 711, 3.140, 107.50, 3.70, 3.141, 107.45, 3.83, 0.008, 33.69, 68.20);
insert into SHOT values (1411, 1412, 1417, 711, 2.130, 265.70, 7.20, 2.123, 265.64, 7.31, 0.008, 103.16, 22.17);
insert into SHOT values (1412, 1412, 1418, 711, 4.930, 103.30, -48.60, 4.929, 103.27, -48.48, 0.011, 88.09, 48.06);
insert into SHOT values (1413, 1412, 1419, 711, 2.760, 175.90, -27.00, 2.756, 175.80, -26.97, 0.006, 56.30, 30.00);
insert into SHOT values (1414, 1412, 1420, 711, 3.190, 187.50, 39.60, 3.196, 187.47, 39.66, 0.007, 162.33, 63.73);
insert into SHOT values (1415, 1412, 1421, 711, 3.730, 125.50, 42.10, 3.735, 125.47, 42.02, 0.008, 111.20, -5.27);
insert into SHOT values (1416, 1412, 1422, 711, 5.350, 246.30, 53.50, 5.348, 246.26, 53.52, 0.004, 105.10, -8.70);
insert into SHOT values (1417, 1412, 1423, 711, 10.990, 242.70, 77.00, 10.987, 242.02, 76.65, 0.073, 217.43, -14.50);
insert into SHOT values (1418, 1423, 1424, 711, 0.140, 211.30, 39.30, 0.147, 210.96, 37.66, 0.008, 206.52, 9.07);
insert into SHOT values (1419, 1423, 1425, 711, 0.570, 355.30, 6.60, 0.565, 354.90, 6.09, 0.008, 220.13, -44.29);
insert into SHOT values (1420, 1423, 1426, 711, 5.570, 198.40, 86.00, 5.564, 199.36, 85.96, 0.010, 259.73, -40.80);
insert into SHOT values (1421, 1423, 1427, 711, 10.080, 162.90, 82.70, 10.082, 163.26, 82.68, 0.009, 228.45, 11.06);
insert into SHOT values (1422, 1423, 1428, 711, 2.260, 303.00, -1.70, 2.264, 302.92, -1.77, 0.006, 265.12, -28.06);
insert into SHOT values (1423, 1423, 1429, 711, 0.300, 205.70, 13.30, 0.308, 205.71, 13.15, 0.008, 205.94, 7.28);
insert into SHOT values (1424, 1423, 1430, 711, 3.330, 176.10, 64.70, 3.329, 176.37, 64.70, 0.007, 268.40, -5.08);
insert into SHOT values (1425, 1423, 1431, 711, 4.360, 241.60, -75.40, 4.362, 241.35, -75.32, 0.008, 203.61, -5.61);
insert into SHOT values (1426, 1423, 1432, 711, 3.440, 277.90, -60.40, 3.442, 277.75, -60.30, 0.008, 242.37, 7.68);
insert into SHOT values (1427, 1423, 1433, 711, 4.860, 292.40, 25.30, 4.821, 291.68, 25.30, 0.068, 169.32, -14.46);
insert into SHOT values (1428, 1433, 1434, 711, 0.610, 162.40, 9.80, 0.609, 161.57, 9.45, 0.010, 70.25, -23.50);
insert into SHOT values (1429, 1433, 1435, 711, 1.140, 163.10, 36.80, 1.137, 162.76, 36.74, 0.006, 53.86, -26.40);
insert into SHOT values (1430, 1433, 1436, 711, 4.410, 138.70, 78.10, 4.414, 138.58, 78.14, 0.006, 357.63, 56.06);
insert into SHOT values (1431, 1433, 1437, 711, 0.570, 101.00, 1.20, 0.571, 101.11, 1.00, 0.002, 153.79, -54.84);
insert into SHOT values (1432, 1433, 1438, 711, 2.120, 91.10, -71.90, 2.116, 90.87, -71.82, 0.006, 28.96, 58.89);
insert into SHOT values (1433, 1433, 1439, 711, 9.350, 244.10, 80.10, 9.348, 244.08, 80.14, 0.007, 71.26, -6.81);
insert into SHOT values (1434, 1433, 1440, 711, 4.610, 229.70, 24.60, 4.636, 229.03, 24.33, 0.060, 173.28, -8.64);
insert into SHOT values (1435, 1440, 1441, 711, 2.930, 173.10, -0.20, 2.921, 173.12, -0.20, 0.009, 348.42, 1.45);
insert into SHOT values (1436, 1440, 1442, 711, 1.640, 250.70, 27.40, 1.647, 250.82, 27.48, 0.008, 281.17, 41.84);
insert into SHOT values (1437, 1440, 1443, 711, 2.310, 341.90, 19.00, 2.317, 341.90, 19.15, 0.009, 337.89, 62.14);
insert into SHOT values (1438, 1440, 1444, 711, 1.780, 81.10, 2.80, 1.784, 80.96, 2.89, 0.007, 34.74, 26.31);
insert into SHOT values (1439, 1440, 1445, 711, 25.780, 169.90, 77.20, 25.780, 169.91, 77.21, 0.003, 338.28, 11.09);
insert into SHOT values (1440, 1440, 1446, 711, 1.550, 147.30, -19.70, 1.544, 147.08, -19.69, 0.009, 12.07, 16.87);
insert into SHOT values (1441, 1440, 1447, 711, 1.750, 352.50, -30.30, 1.751, 352.41, -30.18, 0.005, 304.34, 39.92);
insert into SHOT values (1442, 1440, 1448, 711, 3.920, 152.00, -0.90, 3.991, 152.21, -1.01, 0.073, 163.76, -6.67);
insert into SHOT values (1443, 1448, 1449, 711, 1.310, 68.20, 0.90, 1.315, 68.12, 0.87, 0.005, 46.15, -6.24);
insert into SHOT values (1444, 1448, 1450, 711, 1.450, 28.30, -7.00, 1.451, 28.17, -6.73, 0.008, 320.21, 60.90);
insert into SHOT values (1445, 1448, 1451, 711, 0.440, 342.50, 6.00, 0.442, 342.80, 6.49, 0.005, 30.40, 52.48);
insert into SHOT values (1446, 1448, 1452, 711, 2.940, 341.90, -4.30, 2.943, 341.94, -4.29, 0.003, 10.80, 7.45);
insert into SHOT values (1447, 1448, 1453, 711, 8.790, 69.80, 86.10, 8.790, 69.44, 86.10, 0.004, 343.06, 5.39);
insert into SHOT values (1448, 1448, 1454, 711, 1.620, 93.30, -31.60, 1.646, 94.09, -31.50, 0.032, 132.31, -20.12);
insert into SHOT values (1449, 1454, 1455, 711, 0.670, 182.50, -2.30, 0.671, 182.56, -1.71, 0.007, 212.56, 78.52);
insert into SHOT values (1450, 1454, 1456, 711, 0.490, 20.70, -7.90, 0.485, 20.70, -7.11, 0.009, 201.65, 59.61);
insert into SHOT values (1451, 1454, 1457, 711, 1.770, 173.40, -70.50, 1.772, 174.19, -70.45, 0.009, 248.67, -10.23);
insert into SHOT values (1452, 1454, 1458, 711, 0.380, 156.50, 50.90, 0.383, 157.75, 51.61, 0.008, 267.79, 42.58);
insert into SCRAPS values (713, 707, 'SP-spel-bivy-1', 1, 36.71976, 4.36385);
 insert into SCRAPS values (725, 707, 'SP-spel-bivy-2', 1, 20.69925, 0.86113);
 insert into SCRAPS values (739, 707, 'SP-spel-bivy-3', 1, 7.57353, 0.82323);
 insert into SCRAPS values (748, 707, 'SP-spel-bivy-4', 1, 63.03844, 2.47343);
 insert into SCRAPS values (770, 707, 'SP-spel-bivy-5', 1, 9.48906, 2.11749);
 insert into SCRAPS values (781, 707, 'SP-spel-bivy-6', 1, 2.10554, 0.42573);
 insert into SCRAPS values (797, 707, 'SP-spel-bivy-8', 1, 53.31990, 8.73190);
 insert into SCRAPS values (819, 707, 'SP-spel-bivy-9', 1, 0.32673, 0.05686);
 insert into SCRAPS values (827, 707, 'SP-spel-bivy-10', 1, 0.31250, 0.05058);
 insert into SCRAPS values (843, 707, 'SP-spel-bivy-11', 1, 0.28115, 0.06017);
 insert into SCRAPS values (861, 707, 'SP-spel-bivy-12', 1, 0.43674, 0.07315);
 insert into SCRAPS values (875, 707, 'SP-spel-bivy-13', 1, 47.62053, 1.66967);
 insert into SCRAPS values (897, 707, 'SC-spel-bivy-elev-1', 2, 36.19849, 0.75706);
 insert into SCRAPS values (979, 707, 'SC-spel-bivy-elev-0', 2, 33.66035, 2.80353);
 insert into MAPS values (1003, 707, 'MP-spel-bivy-plan-tot', 'Spel-bivy', 1, 365.410, -279.200);
 insert into MAPITEMS values (1003, 4, 713);
 insert into MAPITEMS values (1003, 4, 725);
 insert into MAPITEMS values (1003, 4, 739);
 insert into MAPITEMS values (1003, 4, 748);
 insert into MAPITEMS values (1003, 4, 770);
 insert into MAPITEMS values (1003, 4, 781);
 insert into MAPITEMS values (1003, 4, 797);
 insert into MAPITEMS values (1003, 4, 819);
 insert into MAPITEMS values (1003, 4, 827);
 insert into MAPITEMS values (1003, 4, 843);
 insert into MAPITEMS values (1003, 4, 861);
 insert into MAPITEMS values (1003, 4, 875);
 insert into MAPS values (1004, 707, 'MC-spel-bivy-coupe-elev-tot', 'Spel-bivy', 2, 365.410, -279.200);
 insert into MAPITEMS values (1004, 4, 979);
 insert into MAPITEMS values (1004, 4, 897);
 insert into SURVEY values (1006, 331, 'fond', 'fond.Kriska.Ded', 'fond');
 insert into CENTRELINE values (1007, 1006, NULL, NULL, NULL, 0.00, 0.00, 0.00);
 insert into SURVEY values (1008, 1006, 'fond', 'fond.fond.Kriska.Ded', 'fond');
 insert into CENTRELINE values (1009, 1008, NULL, NULL, NULL, 0.00, 0.00, 0.00);
 insert into CENTRELINE values (1010, 1008, NULL, '2021-09-10', NULL, 148.04, 0.00, 0.00);
 insert into TOPO values (10, 1010);
 insert into TOPO values (2, 1010);
 insert into SHOT values (1453, 1459, 1460, 1010, 2.870, 85.73, 2.20, 2.870, 85.80, 2.20, 0.003, 178.83, -2.86);
insert into SHOT values (1454, 1460, 1461, 1010, 0.510, 186.63, 0.40, 0.514, 186.71, 1.12, 0.007, 197.88, 60.80);
insert into SHOT values (1455, 1460, 1462, 1010, 0.350, 180.63, 54.20, 0.352, 180.00, 55.41, 0.008, 25.54, 49.50);
insert into SHOT values (1456, 1460, 1463, 1010, 3.120, 284.83, -81.30, 3.115, 284.93, -81.40, 0.007, 97.38, 33.22);
insert into SHOT values (1457, 1460, 1464, 1010, 0.910, 27.73, -47.70, 0.908, 28.24, -47.55, 0.006, 112.68, 29.42);
insert into SHOT values (1458, 1460, 1465, 1010, 5.080, 126.23, -48.60, 5.081, 126.29, -48.57, 0.004, 178.21, 7.32);
insert into SHOT values (1459, 1465, 1466, 1010, 0.840, 223.33, 0.90, 0.835, 223.06, 0.69, 0.007, 81.61, -26.45);
insert into SHOT values (1460, 1465, 1467, 1010, 1.000, 176.73, 68.40, 0.997, 176.82, 68.81, 0.008, 352.52, 1.69);
insert into SHOT values (1461, 1465, 1468, 1010, 3.190, 187.83, -84.20, 3.186, 187.13, -84.19, 0.005, 99.22, 42.69);
insert into SHOT values (1462, 1465, 1469, 1010, 2.030, 128.13, -16.60, 2.029, 128.11, -16.61, 0.001, 348.92, -2.42);
insert into SHOT values (1463, 1465, 1470, 1010, 0.980, 303.33, -16.70, 0.978, 303.69, -16.63, 0.006, 45.28, 15.06);
insert into SHOT values (1464, 1465, 1471, 1010, 4.470, 129.13, -67.20, 4.470, 128.92, -67.16, 0.007, 63.26, 5.86);
insert into SHOT values (1465, 1471, 1472, 1010, 0.660, 250.23, 5.00, 0.661, 250.46, 5.21, 0.004, 332.08, 42.65);
insert into SHOT values (1466, 1471, 1473, 1010, 3.250, 229.93, 76.70, 3.248, 230.39, 76.60, 0.008, 279.22, -19.64);
insert into SHOT values (1467, 1471, 1474, 1010, 3.540, 243.13, -79.20, 3.544, 243.43, -79.09, 0.009, 268.53, -18.08);
insert into SHOT values (1468, 1471, 1475, 1010, 1.330, 317.63, -20.10, 1.334, 317.26, -20.17, 0.009, 251.43, -18.50);
insert into SHOT values (1469, 1471, 1476, 1010, 2.220, 140.73, -12.10, 2.216, 140.80, -11.98, 0.007, 277.43, 53.40);
insert into SHOT values (1470, 1471, 1477, 1010, 4.250, 139.13, -61.70, 4.244, 139.24, -61.79, 0.009, 293.67, 12.50);
insert into SHOT values (1471, 1477, 1478, 1010, 0.730, 45.43, 1.80, 0.729, 45.56, 1.57, 0.004, 174.50, -55.12);
insert into SHOT values (1472, 1477, 1479, 1010, 5.420, 352.23, 82.50, 5.416, 352.67, 82.51, 0.007, 99.67, -32.46);
insert into SHOT values (1473, 1477, 1480, 1010, 8.010, 139.23, -75.80, 8.016, 139.11, -75.77, 0.009, 105.12, -33.55);
insert into SHOT values (1474, 1477, 1481, 1010, 2.360, 112.73, -5.20, 2.363, 112.75, -5.34, 0.007, 128.69, -64.54);
insert into SHOT values (1475, 1477, 1482, 1010, 11.580, 103.43, -65.70, 11.588, 103.45, -65.69, 0.008, 121.73, -45.32);
insert into SHOT values (1476, 1482, 1483, 1010, 1.720, 53.23, 3.20, 1.717, 53.06, 3.34, 0.007, 289.79, 33.46);
insert into SHOT values (1477, 1482, 1484, 1010, 1.540, 45.03, -86.00, 1.534, 45.00, -85.77, 0.008, 44.41, 47.57);
insert into SHOT values (1478, 1482, 1485, 1010, 1.370, 92.13, 21.60, 1.369, 92.25, 21.86, 0.007, 227.99, 55.34);
insert into SHOT values (1479, 1482, 1486, 1010, 1.180, 109.73, 64.50, 1.185, 109.50, 64.55, 0.005, 50.41, 64.44);
insert into SHOT values (1480, 1482, 1487, 1010, 1.440, 298.63, -1.70, 1.437, 298.71, -1.59, 0.004, 85.03, 38.88);
insert into SHOT values (1481, 1482, 1488, 1010, 4.020, 99.53, -41.50, 4.018, 99.56, -41.45, 0.004, 152.10, 66.40);
insert into SHOT values (1482, 1488, 1489, 1010, 0.540, 24.43, -7.70, 0.542, 24.18, -7.43, 0.004, 334.44, 37.29);
insert into SHOT values (1483, 1488, 1490, 1010, 0.970, 63.63, 70.30, 0.967, 62.65, 70.26, 0.006, 328.18, -29.87);
insert into SHOT values (1484, 1488, 1491, 1010, 11.090, 156.33, -77.60, 11.088, 156.45, -77.62, 0.006, 280.37, 11.98);
insert into SHOT values (1485, 1488, 1492, 1010, 19.400, 93.63, -72.60, 19.398, 93.66, -72.60, 0.003, 174.22, 41.51);
insert into SHOT values (1486, 1488, 1493, 1010, 24.680, 100.03, -75.50, 24.675, 99.98, -75.51, 0.009, 322.44, 25.75);
insert into SHOT values (1487, 1488, 1494, 1010, 2.410, 87.53, -15.40, 2.409, 87.53, -15.41, 0.001, 266.87, -0.42);
insert into SHOT values (1488, 1494, 1495, 1010, 0.250, 199.13, -8.20, 0.245, 199.18, -7.02, 0.007, 16.19, 55.19);
insert into SHOT values (1489, 1494, 1496, 1010, 0.720, 86.03, 0.20, 0.722, 86.03, 0.00, 0.003, 84.37, -55.32);
insert into SHOT values (1490, 1494, 1497, 1010, 1.230, 273.53, -79.00, 1.232, 274.97, -79.20, 0.007, 37.47, -20.41);
insert into SHOT values (1491, 1494, 1498, 1010, 0.540, 297.53, 72.30, 0.547, 298.07, 71.90, 0.008, 312.96, 42.68);
insert into SHOT values (1492, 1494, 1499, 1010, 7.450, 148.03, -59.20, 7.448, 147.98, -59.24, 0.006, 2.65, -6.90);
insert into SHOT values (1493, 1499, 1500, 1010, 21.850, 81.33, -82.80, 21.853, 81.40, -82.79, 0.005, 134.92, -30.55);
insert into SHOT values (1494, 1499, 1501, 1010, 1.410, 33.73, 5.70, 1.405, 33.92, 5.72, 0.007, 172.53, -0.34);
insert into SHOT values (1495, 1499, 1502, 1010, 4.530, 28.33, 75.50, 4.533, 28.61, 75.59, 0.010, 168.31, 26.69);
insert into SHOT values (1496, 1499, 1503, 1010, 2.530, 54.03, -83.30, 2.527, 54.69, -83.32, 0.004, 161.90, 37.52);
insert into SHOT values (1497, 1499, 1504, 1010, 2.080, 335.63, 4.50, 2.074, 335.42, 4.43, 0.010, 206.58, -17.89);
insert into SHOT values (1498, 1499, 1505, 1010, 2.030, 134.83, -4.30, 2.035, 134.80, -4.23, 0.006, 122.68, 22.84);
insert into SHOT values (1499, 1499, 1506, 1010, 7.040, 127.63, -50.30, 7.036, 127.69, -50.26, 0.008, 197.67, 55.75);
insert into SHOT values (1500, 1506, 1507, 1010, 1.100, 64.63, -2.50, 1.097, 64.60, -2.61, 0.004, 254.38, -33.10);
insert into SHOT values (1501, 1506, 1508, 1010, 0.590, 251.93, 13.30, 0.593, 251.88, 12.66, 0.007, 245.14, -51.47);
insert into SHOT values (1502, 1506, 1509, 1010, 5.090, 161.83, -84.00, 5.098, 161.57, -83.95, 0.010, 137.51, -52.40);
insert into SHOT values (1503, 1506, 1510, 1010, 10.190, 212.53, -83.30, 10.199, 212.62, -83.32, 0.010, 344.07, -75.79);
insert into SHOT values (1504, 1506, 1511, 1010, 3.560, 333.73, 2.20, 3.558, 333.80, 2.09, 0.008, 90.07, -56.45);
insert into SHOT values (1505, 1506, 1512, 1010, 0.970, 122.13, -16.90, 0.974, 121.81, -17.33, 0.010, 48.14, -55.86);
insert into SHOT values (1506, 1506, 1513, 1010, 10.850, 136.93, -66.80, 10.856, 136.90, -66.82, 0.008, 25.87, -69.25);
insert into SHOT values (1507, 1513, 1514, 1010, 3.560, 176.03, 86.90, 3.565, 176.99, 86.94, 0.007, 301.78, 53.11);
insert into SHOT values (1508, 1513, 1515, 1010, 1.090, 12.03, 17.70, 1.085, 12.29, 17.71, 0.007, 147.62, -11.91);
insert into SHOT values (1509, 1513, 1516, 1010, 1.820, 91.23, -0.20, 1.820, 91.26, 0.00, 0.006, 153.99, 81.20);
insert into SHOT values (1510, 1513, 1517, 1010, 1.380, 161.93, -2.20, 1.380, 161.83, -2.08, 0.004, 66.95, 49.92);
insert into SHOT values (1511, 1513, 1518, 1010, 1.700, 218.33, 8.90, 1.702, 218.23, 9.13, 0.008, 146.53, 66.67);
insert into SHOT values (1512, 1513, 1519, 1010, 3.270, 84.03, -27.40, 3.270, 84.07, -27.31, 0.006, 125.99, 56.68);
insert into SHOT values (1513, 1519, 1520, 1010, 0.740, 215.53, -0.50, 0.738, 215.63, -0.78, 0.004, 0.92, -58.32);
insert into SHOT values (1514, 1519, 1521, 1010, 0.210, 104.83, 77.30, 0.204, 104.04, 78.35, 0.007, 291.44, -44.35);
insert into SHOT values (1515, 1519, 1522, 1010, 0.140, 264.83, -76.00, 0.146, 270.00, -74.05, 0.008, 295.95, -30.82);
insert into SHOT values (1516, 1519, 1523, 1010, 1.500, 133.83, -1.90, 1.500, 133.92, -1.91, 0.002, 219.93, -6.64);
insert into SHOT values (1517, 1523, 1524, 1010, 0.470, 2.23, -1.50, 0.471, 2.44, -1.22, 0.003, 73.13, 52.26);
insert into SHOT values (1518, 1523, 1525, 1010, 0.510, 106.73, 77.20, 0.513, 105.26, 77.15, 0.004, 35.35, 40.78);
insert into SHOT values (1519, 1523, 1526, 1010, 0.370, 20.43, -72.80, 0.376, 21.80, -73.34, 0.007, 144.47, -64.61);
insert into SHOT values (1520, 1523, 1527, 1010, 2.060, 81.93, -6.80, 2.056, 81.83, -6.98, 0.009, 298.86, -45.39);
insert into SHOT values (1521, 1527, 1528, 1010, 0.480, 186.43, 0.00, 0.483, 185.95, 0.00, 0.005, 128.72, 0.00);
insert into SHOT values (1522, 1527, 1529, 1010, 0.150, 359.43, 9.20, 0.153, 0.00, 11.31, 0.006, 37.18, 68.00);
insert into SHOT values (1523, 1527, 1530, 1010, 0.130, 337.13, 8.20, 0.132, 337.38, 8.75, 0.002, 0.15, 45.31);
insert into SHOT values (1524, 1527, 1531, 1010, 0.710, 103.93, 77.40, 0.717, 104.93, 77.50, 0.008, 186.85, 68.97);
insert into SHOT values (1525, 1527, 1532, 1010, 1.590, 131.43, -77.80, 1.587, 130.24, -77.61, 0.009, 73.83, 25.93);
insert into SHOT values (1526, 1527, 1533, 1010, 3.400, 114.13, -27.90, 3.406, 114.10, -27.82, 0.008, 101.18, 6.90);
insert into SHOT values (1527, 1533, 1534, 1010, 0.310, 26.33, 0.40, 0.309, 24.90, 1.86, 0.011, 286.14, 45.10);
insert into SHOT values (1528, 1533, 1535, 1010, 0.420, 207.43, 0.50, 0.421, 208.39, 1.36, 0.009, 292.96, 41.82);
insert into SHOT values (1529, 1533, 1536, 1010, 0.470, 160.13, 72.90, 0.470, 162.90, 73.18, 0.007, 269.78, 6.36);
insert into SHOT values (1530, 1533, 1537, 1010, 2.550, 200.53, -82.40, 2.543, 200.56, -82.28, 0.009, 202.39, 59.32);
insert into SHOT values (1531, 1533, 1538, 1010, 2.870, 125.63, -36.50, 2.861, 125.62, -36.46, 0.010, 308.09, 47.55);
insert into SHOT values (1532, 1538, 1539, 1010, 0.770, 338.23, 0.80, 0.763, 338.48, 0.75, 0.008, 132.23, -5.74);
insert into SHOT values (1533, 1538, 1540, 1010, 1.930, 313.73, 75.50, 1.921, 313.32, 75.50, 0.009, 191.47, -64.14);
insert into SHOT values (1534, 1538, 1541, 1010, 1.600, 55.13, -82.90, 1.602, 55.49, -83.04, 0.004, 216.42, -30.83);
insert into SHOT values (1535, 1538, 1542, 1010, 4.410, 58.83, -37.40, 4.411, 58.90, -37.41, 0.004, 143.68, -20.39);
insert into SHOT values (1536, 1542, 1543, 1010, 0.480, 332.33, 5.10, 0.476, 332.35, 4.82, 0.005, 149.64, -33.89);
insert into SHOT values (1537, 1542, 1544, 1010, 0.490, 166.03, -17.80, 0.487, 166.26, -17.94, 0.004, 316.38, -3.16);
insert into SHOT values (1538, 1542, 1545, 1010, 1.220, 75.33, -20.80, 1.220, 75.23, -21.15, 0.008, 289.88, -62.49);
insert into SHOT values (1539, 1542, 1546, 1010, 3.720, 35.13, -89.30, 3.720, 26.57, -89.31, 0.007, 294.71, -2.35);
insert into SHOT values (1540, 1542, 1547, 1010, 1.780, 240.83, -19.80, 1.782, 240.68, -20.02, 0.008, 147.50, -57.73);
insert into SHOT values (1541, 1542, 1548, 1010, 3.030, 230.83, -12.60, 3.029, 230.77, -12.58, 0.004, 132.34, 15.71);
insert into SHOT values (1542, 1542, 1549, 1010, 12.060, 98.43, -58.40, 12.058, 98.46, -58.40, 0.004, 195.82, 27.17);
insert into SHOT values (1543, 1549, 1550, 1010, 3.890, 226.53, 5.90, 3.890, 226.57, 5.90, 0.003, 317.97, 2.96);
insert into SHOT values (1544, 1549, 1551, 1010, 3.050, 275.03, 27.10, 3.055, 275.06, 27.06, 0.006, 289.41, 5.96);
insert into SHOT values (1545, 1549, 1552, 1010, 1.240, 347.73, 2.00, 1.238, 347.87, 1.85, 0.005, 105.81, -43.41);
insert into SHOT values (1546, 1549, 1553, 1010, 1.150, 97.03, 22.20, 1.151, 96.99, 21.93, 0.006, 84.01, -54.06);
insert into SHOT values (1547, 1549, 1554, 1010, 2.050, 284.43, -60.80, 2.051, 284.45, -60.77, 0.002, 297.42, -17.39);
insert into SHOT values (1548, 1549, 1555, 1010, 3.760, 2.33, -48.90, 3.765, 2.32, -48.96, 0.007, 299.68, -84.49);
insert into SHOT values (1549, 1555, 1556, 1010, 1.430, 147.63, -83.00, 1.431, 149.04, -82.98, 0.004, 229.63, -8.65);
insert into SHOT values (1550, 1555, 1557, 1010, 2.320, 166.43, 80.30, 2.323, 166.68, 80.32, 0.004, 269.51, 61.68);
insert into SHOT values (1551, 1555, 1558, 1010, 1.210, 280.13, 10.80, 1.211, 280.18, 10.95, 0.003, 2.10, 74.25);
insert into SHOT values (1552, 1555, 1559, 1010, 2.080, 170.73, -11.90, 2.082, 170.68, -11.92, 0.003, 120.14, -23.36);
insert into SHOT values (1553, 1555, 1560, 1010, 1.250, 220.23, -0.20, 1.248, 220.45, 0.00, 0.007, 328.25, 40.82);
insert into SHOT values (1554, 1555, 1561, 1010, 2.910, 122.03, -24.70, 2.905, 122.01, -24.61, 0.007, 330.25, 66.97);
insert into SHOT values (1555, 1561, 1562, 1010, 0.650, 345.23, 11.60, 0.653, 345.53, 11.48, 0.005, 28.18, -8.15);
insert into SHOT values (1556, 1561, 1563, 1010, 0.550, 195.43, -0.30, 0.548, 194.80, -1.05, 0.010, 88.51, -48.28);
insert into SHOT values (1557, 1561, 1564, 1010, 0.930, 50.73, -76.40, 0.936, 50.53, -76.40, 0.006, 23.81, -74.10);
insert into SHOT values (1558, 1561, 1565, 1010, 0.730, 23.33, 71.10, 0.731, 24.44, 70.70, 0.007, 65.63, -5.26);
insert into SHOT values (1559, 1561, 1566, 1010, 1.220, 87.93, -2.50, 1.222, 88.12, -2.81, 0.008, 153.91, -56.76);
insert into SHOT values (1560, 1566, 1567, 1010, 0.460, 62.23, -0.00, 0.465, 61.78, 0.00, 0.006, 27.62, 0.00);
insert into SHOT values (1561, 1566, 1568, 1010, 1.030, 39.93, -87.10, 1.031, 36.87, -87.22, 0.004, 270.68, -20.93);
insert into SHOT values (1562, 1566, 1569, 1010, 0.320, 70.53, 73.90, 0.322, 69.44, 74.59, 0.004, 276.59, 34.64);
insert into SHOT values (1563, 1566, 1570, 1010, 0.760, 312.83, 6.90, 0.762, 313.39, 6.78, 0.008, 25.14, -9.49);
insert into SHOT values (1564, 1566, 1571, 1010, 3.120, 353.43, 10.00, 3.127, 353.47, 9.94, 0.008, 11.04, -13.01);
insert into SHOT values (1565, 1571, 1572, 1010, 0.470, 240.63, -0.30, 0.470, 240.71, 0.00, 0.003, 320.56, 75.36);
insert into SHOT values (1566, 1571, 1573, 1010, 0.670, 73.03, -4.60, 0.669, 73.47, -4.28, 0.006, 165.90, 36.42);
insert into SHOT values (1567, 1571, 1574, 1010, 0.850, 142.73, -7.70, 0.849, 142.72, -7.44, 0.004, 347.09, 84.93);
insert into SHOT values (1568, 1571, 1575, 1010, 2.410, 125.53, -72.50, 2.402, 125.45, -72.45, 0.009, 11.74, 82.02);
insert into SHOT values (1569, 1571, 1576, 1010, 1.010, 147.93, 69.90, 1.012, 149.04, 69.78, 0.007, 216.15, 11.78);
insert into SHOT values (1570, 1571, 1577, 1010, 1.740, 155.53, -49.30, 1.737, 155.68, -48.94, 0.012, 179.72, 51.61);
insert into SHOT values (1571, 1571, 1578, 1010, 2.010, 109.83, -49.30, 2.006, 110.10, -49.25, 0.007, 209.24, 32.21);
insert into SHOT values (1572, 1571, 1579, 1010, 1.930, 99.23, -20.60, 1.924, 99.25, -20.38, 0.010, 266.80, 70.53);
insert into SHOT values (1573, 1579, 1580, 1010, 0.520, 340.63, 3.50, 0.520, 340.87, 3.31, 0.003, 80.83, -38.94);
insert into SHOT values (1574, 1579, 1581, 1010, 0.320, 294.43, 78.80, 0.316, 288.43, 78.47, 0.008, 210.86, -30.43);
insert into SHOT values (1575, 1579, 1582, 1010, 2.380, 46.03, -84.00, 2.383, 46.64, -84.04, 0.004, 160.74, -46.55);
insert into SHOT values (1576, 1579, 1583, 1010, 2.930, 41.13, -16.30, 2.926, 41.24, -16.48, 0.011, 178.99, -43.08);
insert into SHOT values (1577, 1583, 1584, 1010, 0.890, 187.83, -1.10, 0.888, 187.77, -0.65, 0.007, 39.12, 74.38);
insert into SHOT values (1578, 1583, 1585, 1010, 1.080, 259.43, -87.40, 1.081, 270.00, -87.35, 0.009, 348.43, -6.91);
insert into SHOT values (1579, 1583, 1586, 1010, 0.430, 1.43, 75.40, 0.434, 0.00, 75.32, 0.005, 301.26, 50.81);
insert into SHOT values (1580, 1583, 1587, 1010, 1.620, 151.63, -30.50, 1.611, 151.59, -30.59, 0.009, 338.59, 14.08);
insert into SHOT values (1581, 1583, 1588, 1010, 1.300, 201.33, -10.90, 1.289, 201.30, -10.73, 0.012, 25.63, 30.01);
insert into SHOT values (1582, 1583, 1589, 1010, 0.560, 129.63, -86.70, 0.561, 123.69, -86.32, 0.005, 83.80, -10.12);
insert into SHOT values (1583, 1583, 1590, 1010, 3.070, 123.53, -44.80, 3.069, 123.40, -44.74, 0.006, 51.20, 31.28);
insert into SHOT values (1584, 1590, 1591, 1010, 0.750, 359.63, 9.20, 0.750, 359.23, 9.21, 0.005, 266.32, 0.97);
insert into SHOT values (1585, 1590, 1592, 1010, 1.250, 17.23, 52.40, 1.250, 16.77, 52.40, 0.006, 284.65, -3.38);
insert into SHOT values (1586, 1590, 1593, 1010, 1.380, 70.83, -86.10, 1.383, 71.57, -86.07, 0.004, 121.38, -63.79);
insert into SHOT values (1587, 1590, 1594, 1010, 1.230, 67.83, 66.30, 1.231, 67.11, 66.62, 0.009, 293.72, 23.54);
insert into SHOT values (1588, 1590, 1595, 1010, 1.240, 273.53, -5.40, 1.248, 273.69, -5.52, 0.009, 296.77, -20.61);
insert into SHOT values (1589, 1590, 1596, 1010, 1.530, 60.23, -13.90, 1.533, 60.16, -13.97, 0.004, 16.92, -41.99);
insert into SHOT values (1590, 1590, 1597, 1010, 1.660, 68.83, 25.40, 1.660, 68.91, 25.32, 0.003, 132.31, -42.36);
insert into SHOT values (1591, 1590, 1598, 1010, 2.660, 80.43, -21.10, 2.654, 80.46, -21.21, 0.008, 250.56, -17.67);
insert into SHOT values (1592, 1598, 1599, 1010, 0.600, 315.23, 1.40, 0.601, 315.67, 1.91, 0.007, 30.24, 48.02);
insert into SHOT values (1593, 1598, 1600, 1010, 0.440, 242.93, -71.50, 0.431, 243.43, -71.88, 0.009, 50.74, 52.46);
insert into SHOT values (1594, 1598, 1601, 1010, 0.300, 303.23, 65.20, 0.296, 304.99, 65.67, 0.006, 78.82, -23.53);
insert into SHOT values (1595, 1598, 1602, 1010, 2.050, 13.93, -81.40, 2.044, 14.93, -81.26, 0.010, 68.26, 46.18);
insert into SHOT values (1596, 1598, 1603, 1010, 1.320, 37.63, -10.40, 1.326, 37.84, -10.43, 0.008, 76.14, -12.89);
insert into SHOT values (1597, 1598, 1604, 1010, 0.780, 223.33, 1.70, 0.772, 223.42, 2.23, 0.011, 35.16, 38.23);
insert into SHOT values (1598, 1598, 1605, 1010, 1.360, 43.63, -12.40, 1.368, 43.48, -12.24, 0.009, 21.95, 12.40);
insert into SHOT values (1599, 1605, 1606, 1010, 0.670, 352.73, 21.00, 0.670, 352.65, 21.00, 0.001, 241.28, -6.18);
insert into SHOT values (1600, 1605, 1607, 1010, 0.760, 144.73, 1.50, 0.761, 144.64, 1.51, 0.001, 77.47, 4.46);
insert into SHOT values (1601, 1605, 1608, 1010, 2.140, 52.03, -86.80, 2.143, 52.13, -86.95, 0.006, 230.07, -31.51);
insert into SHOT values (1602, 1605, 1609, 1010, 0.750, 86.13, 68.20, 0.754, 87.95, 68.19, 0.010, 166.51, 21.91);
insert into SHOT values (1603, 1605, 1610, 1010, 0.560, 265.13, 2.30, 0.563, 264.90, 2.04, 0.004, 224.52, -35.08);
insert into SHOT values (1604, 1605, 1611, 1010, 4.930, 246.33, 38.10, 4.927, 246.28, 38.10, 0.005, 128.22, -25.64);
insert into SHOT values (1605, 1605, 1612, 1010, 1.530, 78.13, -3.30, 1.534, 78.32, -3.36, 0.007, 128.62, -16.17);
insert into SHOT values (1606, 1605, 1613, 1010, 1.700, 102.33, -45.90, 1.703, 102.63, -45.74, 0.009, 149.96, 5.49);
insert into SHOT values (1607, 1605, 1614, 1010, 2.880, 80.23, -21.60, 2.880, 80.33, -21.59, 0.004, 166.14, 2.55);
insert into SHOT values (1608, 1614, 1615, 1010, 0.710, 217.03, -3.50, 0.715, 217.03, -3.21, 0.006, 216.88, 32.12);
insert into SHOT values (1609, 1614, 1616, 1010, 1.580, 194.03, -78.40, 1.583, 194.47, -78.33, 0.004, 239.13, -33.27);
insert into SHOT values (1610, 1614, 1617, 1010, 0.850, 170.03, 65.60, 0.848, 170.27, 65.24, 0.006, 190.67, -43.94);
insert into SHOT values (1611, 1614, 1618, 1010, 0.310, 20.73, 2.30, 0.310, 20.77, 1.85, 0.002, 48.96, -79.18);
insert into SHOT values (1612, 1614, 1619, 1010, 6.600, 97.53, -17.40, 6.596, 97.58, -17.38, 0.007, 218.98, 32.29);
insert into SHOT values (1613, 1619, 1620, 1010, 5.740, 160.03, -73.10, 5.745, 159.93, -73.20, 0.011, 1.08, -43.50);
insert into SHOT values (1614, 1619, 1621, 1010, 0.850, 1.43, 0.00, 0.850, 1.35, 0.00, 0.001, 282.13, 0.00);
insert into SHOT values (1615, 1619, 1622, 1010, 0.820, 74.23, 72.00, 0.822, 74.36, 71.59, 0.006, 79.49, 1.23);
insert into SHOT values (1616, 1619, 1623, 1010, 1.280, 26.63, -69.10, 1.285, 27.12, -69.00, 0.007, 71.11, -36.89);
insert into SHOT values (1617, 1619, 1624, 1010, 0.830, 53.33, -56.70, 0.840, 52.88, -56.46, 0.011, 29.71, -34.73);
insert into SHOT values (1618, 1619, 1625, 1010, 0.790, 71.63, 40.00, 0.789, 71.86, 39.33, 0.010, 97.12, -53.84);
insert into SHOT values (1619, 1619, 1626, 1010, 3.330, 65.63, -19.90, 3.342, 65.56, -19.94, 0.013, 43.99, -30.22);
insert into SHOT values (1620, 1626, 1627, 1010, 0.620, 316.93, 2.50, 0.623, 316.30, 2.76, 0.008, 250.39, 21.63);
insert into SHOT values (1621, 1626, 1628, 1010, 1.160, 266.43, -79.50, 1.161, 264.81, -79.03, 0.011, 232.81, 2.91);
insert into SHOT values (1622, 1626, 1629, 1010, 0.350, 297.43, 71.40, 0.348, 296.57, 71.28, 0.002, 212.66, -45.36);
insert into SHOT values (1623, 1626, 1630, 1010, 0.350, 153.93, -10.10, 0.350, 154.18, -9.88, 0.002, 251.43, 42.57);
insert into SHOT values (1624, 1626, 1631, 1010, 1.920, 339.63, -19.10, 1.923, 339.37, -19.13, 0.009, 264.24, -11.50);
insert into SHOT values (1625, 1626, 1632, 1010, 1.680, 358.63, -33.50, 1.676, 358.36, -33.30, 0.010, 265.38, 47.86);
insert into SHOT values (1626, 1626, 1633, 1010, 1.020, 65.43, -28.10, 1.012, 65.45, -28.33, 0.009, 243.70, 2.67);
insert into SHOT values (1627, 1626, 1634, 1010, 1.890, 59.53, -24.80, 1.882, 59.38, -24.82, 0.009, 270.19, 17.49);
insert into SHOT values (1628, 1634, 1635, 1010, 0.450, 252.63, 1.90, 0.453, 251.97, 2.53, 0.008, 187.48, 41.26);
insert into SHOT values (1629, 1634, 1636, 1010, 0.710, 256.63, 71.70, 0.705, 254.05, 71.95, 0.012, 140.81, -20.56);
insert into SHOT values (1630, 1634, 1637, 1010, 0.670, 47.73, -88.80, 0.670, 45.00, -88.79, 0.001, 325.73, -12.18);
insert into SHOT values (1631, 1634, 1638, 1010, 0.930, 33.53, -22.50, 0.930, 34.06, -22.79, 0.009, 139.16, -26.53);
insert into SHOT values (1632, 1638, 1639, 1010, 0.530, 166.73, -0.30, 0.524, 166.76, 0.00, 0.007, 344.32, 24.57);
insert into SHOT values (1633, 1638, 1640, 1010, 0.350, 10.13, 76.00, 0.352, 6.34, 75.09, 0.008, 323.64, 2.75);
insert into SHOT values (1634, 1638, 1641, 1010, 0.660, 114.93, -74.90, 0.651, 115.02, -75.28, 0.010, 292.73, 48.38);
insert into SHOT values (1635, 1638, 1642, 1010, 2.670, 144.33, -44.30, 2.663, 144.39, -44.29, 0.007, 299.78, 44.34);
insert into SHOT values (1636, 1638, 1643, 1010, 1.170, 121.13, -12.10, 1.169, 121.05, -11.85, 0.006, 27.26, 72.68);
insert into SHOT values (1637, 1638, 1644, 1010, 0.850, 229.53, 14.10, 0.850, 229.93, 14.31, 0.006, 330.72, 26.80);
insert into SHOT values (1638, 1638, 1645, 1010, 4.240, 160.53, -42.90, 4.236, 160.63, -42.84, 0.008, 252.83, 49.05);
insert into SHOT values (1639, 1645, 1646, 1010, 0.910, 12.43, -1.50, 0.913, 12.67, -1.88, 0.008, 68.52, -54.05);
insert into SHOT values (1640, 1645, 1647, 1010, 0.490, 60.83, 42.60, 0.494, 60.64, 41.95, 0.007, 50.20, -14.25);
insert into SHOT values (1641, 1645, 1648, 1010, 0.760, 350.43, -66.10, 0.767, 350.84, -65.84, 0.008, 10.51, -38.55);
insert into SHOT values (1642, 1645, 1649, 1010, 1.130, 267.03, 6.90, 1.129, 267.44, 6.61, 0.010, 2.20, -35.39);
insert into SHOT values (1643, 1645, 1650, 1010, 0.610, 76.83, -4.60, 0.618, 76.87, -4.64, 0.008, 79.46, -7.59);
insert into SHOT values (1644, 1645, 1651, 1010, 0.540, 94.53, 64.30, 0.537, 92.39, 63.42, 0.013, 37.64, -31.51);
insert into SHOT values (1645, 1645, 1652, 1010, 3.400, 93.73, -42.50, 3.408, 93.65, -42.44, 0.010, 69.87, -18.15);
insert into SHOT values (1646, 1652, 1653, 1010, 0.630, 29.83, 80.90, 0.628, 29.05, 80.57, 0.004, 6.95, -29.98);
insert into SHOT values (1647, 1652, 1654, 1010, 0.940, 332.13, 3.30, 0.941, 332.07, 3.65, 0.006, 286.58, 76.73);
insert into SHOT values (1648, 1652, 1655, 1010, 0.890, 28.33, -16.40, 0.886, 28.07, -16.39, 0.006, 253.67, 13.37);
insert into SHOT values (1649, 1652, 1656, 1010, 0.770, 232.13, 12.70, 0.775, 232.52, 12.67, 0.007, 278.92, 5.78);
insert into SHOT values (1650, 1652, 1657, 1010, 0.520, 275.93, -8.80, 0.528, 275.49, -8.71, 0.009, 250.72, -2.72);
insert into SHOT values (1651, 1652, 1658, 1010, 1.440, 349.93, -65.20, 1.445, 349.61, -65.03, 0.007, 320.23, -22.14);
insert into SHOT values (1652, 1652, 1659, 1010, 5.720, 141.63, -61.80, 5.717, 141.77, -61.83, 0.008, 264.42, 7.68);
insert into SHOT values (1653, 1659, 1660, 1010, 1.650, 323.63, 11.50, 1.649, 323.56, 11.54, 0.003, 212.39, 24.41);
insert into SHOT values (1654, 1659, 1661, 1010, 1.700, 43.23, 8.70, 1.704, 43.07, 8.78, 0.006, 349.82, 26.48);
insert into SHOT values (1655, 1659, 1662, 1010, 0.900, 133.13, 10.50, 0.899, 132.71, 10.25, 0.008, 39.94, -31.58);
insert into SHOT values (1656, 1659, 1663, 1010, 0.790, 253.83, -3.70, 0.783, 253.65, -3.66, 0.007, 93.77, 7.77);
insert into SHOT values (1657, 1659, 1664, 1010, 1.740, 154.53, 85.20, 1.736, 151.70, 85.12, 0.008, 78.90, -27.36);
insert into SHOT values (1658, 1659, 1665, 1010, 1.140, 41.63, 20.50, 1.142, 41.59, 20.50, 0.002, 18.09, 21.04);
insert into SHOT values (1659, 1665, 1666, 1010, 1.380, 89.53, -12.10, 1.381, 89.58, -12.12, 0.001, 145.72, -30.16);
insert into SHOT values (1660, 1665, 1667, 1010, 0.480, 317.73, -9.60, 0.481, 317.56, -9.58, 0.002, 262.28, 1.66);
insert into SHOT values (1661, 1665, 1668, 1010, 0.550, 206.53, -51.80, 0.545, 206.57, -52.04, 0.005, 24.15, 25.21);
insert into SHOT values (1662, 1665, 1669, 1010, 2.800, 42.63, -51.70, 2.805, 42.67, -51.64, 0.006, 55.21, -24.84);
insert into SHOT values (1663, 1669, 1670, 1010, 1.350, 348.53, -10.10, 1.348, 348.27, -9.83, 0.009, 246.11, 47.05);
insert into SHOT values (1664, 1669, 1671, 1010, 0.620, 160.63, -10.80, 0.623, 160.97, -10.16, 0.008, 199.93, 46.82);
insert into SHOT values (1665, 1669, 1672, 1010, 1.000, 82.63, 79.60, 1.006, 83.66, 79.63, 0.007, 162.87, 62.84);
insert into SHOT values (1666, 1669, 1673, 1010, 1.270, 227.93, 10.10, 1.272, 227.91, 9.96, 0.004, 219.00, -43.00);
insert into SHOT values (1667, 1669, 1674, 1010, 2.560, 58.33, -35.60, 2.558, 58.37, -35.63, 0.003, 209.56, 4.15);
insert into SHOT values (1668, 1674, 1675, 1010, 0.490, 115.13, 20.20, 0.495, 115.46, 20.07, 0.006, 142.00, 7.68);
insert into SHOT values (1669, 1674, 1676, 1010, 0.570, 327.63, 6.00, 0.569, 327.99, 6.05, 0.004, 70.96, 6.48);
insert into SHOT values (1670, 1674, 1677, 1010, 0.710, 318.13, 84.20, 0.714, 315.00, 84.31, 0.005, 211.62, 42.06);
insert into SHOT values (1671, 1674, 1678, 1010, 1.030, 1.03, 72.70, 1.037, 1.85, 72.60, 0.009, 50.08, 48.44);
insert into SHOT values (1672, 1674, 1679, 1010, 2.100, 217.63, 13.70, 2.106, 217.65, 13.73, 0.007, 225.32, 23.78);
insert into SHOT values (1673, 1674, 1680, 1010, 1.990, 38.13, 8.30, 1.994, 38.21, 8.36, 0.005, 75.40, 32.76);
insert into SCRAPS values (1012, 1006, 'SP-fond-1', 1, 25.40136, 0.95140);
 insert into SCRAPS values (1030, 1006, 'SP-fond-4', 1, 19.56962, 1.85005);
 insert into SCRAPS values (1041, 1006, 'SP-fond-5', 1, 20.95671, 0.45545);
 insert into SCRAPS values (1055, 1006, 'SP-fond-2', 1, 0.60793, 0.05152);
 insert into SCRAPS values (1077, 1006, 'SP-fond-3', 1, 2.75234, 0.09911);
 insert into SCRAPS values (1102, 1006, 'SC-fond-elev-1', 2, 40.34373, 1.26334);
 insert into MAPS values (1181, 1006, 'MP-fond-plan-tot', 'fond', 1, 148.040, -92.670);
 insert into MAPITEMS values (1181, 4, 1012);
 insert into MAPITEMS values (1181, 4, 1055);
 insert into MAPITEMS values (1181, 4, 1077);
 insert into MAPITEMS values (1181, 4, 1030);
 insert into MAPITEMS values (1181, 4, 1041);
 insert into MAPS values (1182, 1006, 'MC-fond-coupe-elev-tot', 'fond', 2, 148.040, -92.670);
 insert into MAPITEMS values (1182, 4, 1102);
 insert into SURVEY values (1184, 331, 'boyau', 'boyau.Kriska.Ded', 'boyau');
 insert into CENTRELINE values (1185, 1184, NULL, NULL, NULL, 0.00, 0.00, 0.00);
 insert into SURVEY values (1186, 1184, 'boyau', 'boyau.boyau.Kriska.Ded', 'boyau');
 insert into CENTRELINE values (1187, 1186, NULL, NULL, NULL, 0.00, 0.00, 0.00);
 insert into CENTRELINE values (1188, 1186, NULL, '2021-09-10', NULL, 17.79, 0.00, 0.00);
 insert into TOPO values (10, 1188);
 insert into TOPO values (2, 1188);
 insert into PERSON values (28, 'Theophile', 'Bellintani');
insert into EXPLO values (28, 1188);
 insert into EXPLO values (10, 1188);
 insert into PERSON values (29, 'Charlie', 'Rivoire(GUCEM)');
insert into EXPLO values (29, 1188);
 insert into EXPLO values (2, 1188);
 insert into SHOT values (1674, 1681, 1682, 1188, 1.880, 335.93, -23.30, 1.875, 335.67, -23.24, 0.009, 221.54, 22.48);
insert into SHOT values (1675, 1682, 1683, 1188, 1.650, 281.73, 63.40, 1.644, 281.77, 63.42, 0.006, 93.69, -57.76);
insert into SHOT values (1676, 1682, 1684, 1188, 0.520, 129.93, 46.60, 0.525, 129.40, 46.36, 0.006, 96.33, 19.78);
insert into SHOT values (1677, 1682, 1685, 1188, 0.350, 215.33, 13.50, 0.353, 215.54, 13.09, 0.004, 233.55, -23.31);
insert into SHOT values (1678, 1682, 1686, 1188, 0.310, 55.33, 8.90, 0.312, 54.25, 9.22, 0.006, 341.90, 18.52);
insert into SHOT values (1679, 1682, 1687, 1188, 0.790, 148.13, -45.60, 0.787, 148.32, -45.40, 0.005, 252.28, 66.60);
insert into SHOT values (1680, 1682, 1688, 1188, 0.890, 153.53, 6.70, 0.891, 153.15, 6.44, 0.007, 78.12, -31.91);
insert into SHOT values (1681, 1682, 1689, 1188, 2.210, 145.03, 8.80, 2.210, 145.07, 8.85, 0.003, 260.12, 47.80);
insert into SHOT values (1682, 1682, 1690, 1188, 1.000, 112.53, -21.70, 0.999, 112.15, -21.73, 0.006, 16.51, -2.30);
insert into SHOT values (1683, 1682, 1691, 1188, 1.760, 274.23, 58.70, 1.756, 274.40, 58.68, 0.005, 36.31, -50.75);
insert into SHOT values (1684, 1691, 1692, 1188, 0.240, 173.53, -14.20, 0.240, 172.57, -14.50, 0.004, 72.62, -15.84);
insert into SHOT values (1685, 1691, 1693, 1188, 0.250, 62.43, -4.10, 0.251, 61.39, -2.29, 0.009, 347.16, 59.10);
insert into SHOT values (1686, 1691, 1694, 1188, 0.320, 342.73, -68.30, 0.313, 340.02, -68.02, 0.009, 238.53, 52.01);
insert into SHOT values (1687, 1691, 1695, 1188, 0.370, 153.53, -11.70, 0.365, 153.43, -11.07, 0.007, 341.09, 47.68);
insert into SHOT values (1688, 1691, 1696, 1188, 0.300, 228.93, -11.80, 0.297, 229.18, -11.66, 0.004, 25.55, 22.60);
insert into SHOT values (1689, 1691, 1697, 1188, 0.640, 317.43, -22.10, 0.641, 317.73, -21.98, 0.004, 19.00, 12.69);
insert into SHOT values (1690, 1691, 1698, 1188, 0.910, 306.83, -8.10, 0.908, 306.87, -7.59, 0.008, 93.64, 82.37);
insert into SHOT values (1691, 1698, 1699, 1188, 0.420, 81.03, 9.10, 0.419, 81.67, 8.24, 0.008, 175.62, -54.03);
insert into SHOT values (1692, 1698, 1700, 1188, 0.490, 112.03, 77.90, 0.480, 113.96, 78.16, 0.011, 254.25, -59.28);
insert into SHOT values (1693, 1698, 1701, 1188, 0.210, 115.53, -35.70, 0.210, 115.02, -38.14, 0.009, 312.04, -54.95);
insert into SHOT values (1694, 1698, 1702, 1188, 0.500, 344.93, 4.20, 0.498, 344.85, 3.45, 0.007, 193.48, -76.79);
insert into SHOT values (1695, 1698, 1703, 1188, 0.670, 57.93, -71.10, 0.676, 56.31, -71.32, 0.009, 320.69, -44.78);
insert into SHOT values (1696, 1698, 1704, 1188, 1.560, 62.53, -34.30, 1.556, 62.64, -34.43, 0.006, 217.73, -9.12);
insert into SHOT values (1697, 1704, 1705, 1188, 0.940, 330.33, -26.80, 0.941, 330.68, -27.18, 0.008, 79.71, -48.88);
insert into SHOT values (1698, 1704, 1706, 1188, 0.590, 135.93, 71.70, 0.589, 135.00, 71.83, 0.003, 20.33, -2.78);
insert into SHOT values (1699, 1704, 1707, 1188, 1.100, 34.73, -71.70, 1.108, 34.59, -71.45, 0.009, 27.65, -39.07);
insert into SHOT values (1700, 1704, 1708, 1188, 3.860, 41.73, -48.30, 3.868, 41.69, -48.34, 0.009, 11.73, -64.47);
insert into SHOT values (1701, 1708, 1709, 1188, 0.450, 28.03, 17.90, 0.452, 27.76, 18.06, 0.003, 328.34, 35.49);
insert into SHOT values (1702, 1708, 1710, 1188, 0.460, 77.23, 71.10, 0.466, 78.69, 70.83, 0.007, 122.05, 40.99);
insert into SHOT values (1703, 1708, 1711, 1188, 0.390, 153.33, 27.60, 0.393, 152.70, 27.29, 0.005, 103.25, -7.79);
insert into SHOT values (1704, 1708, 1712, 1188, 2.940, 102.53, -4.60, 2.938, 102.42, -4.49, 0.008, 353.04, 44.44);
insert into SHOT values (1705, 1712, 1713, 1188, 0.430, 332.23, 8.90, 0.425, 331.61, 8.12, 0.009, 199.38, -46.22);
insert into SHOT values (1706, 1712, 1714, 1188, 0.300, 2.83, 37.20, 0.292, 2.49, 38.02, 0.009, 191.76, -8.86);
insert into SHOT values (1707, 1712, 1715, 1188, 0.310, 303.93, -59.40, 0.310, 301.61, -60.52, 0.009, 173.44, -21.28);
insert into SHOT values (1708, 1712, 1716, 1188, 2.410, 49.63, -44.40, 2.409, 49.72, -44.55, 0.007, 199.76, -34.28);
insert into SHOT values (1709, 1716, 1717, 1188, 0.500, 164.03, 6.50, 0.504, 163.74, 6.84, 0.005, 125.59, 39.69);
insert into SHOT values (1710, 1716, 1718, 1188, 0.960, 200.23, 79.50, 0.965, 200.56, 79.80, 0.007, 6.85, 55.46);
insert into SHOT values (1711, 1716, 1719, 1188, 0.220, 9.63, 24.00, 0.223, 11.31, 23.81, 0.007, 73.79, 4.46);
insert into SHOT values (1712, 1716, 1720, 1188, 0.860, 255.53, 31.70, 0.851, 255.58, 31.91, 0.009, 71.67, -12.03);
insert into SHOT values (1713, 1716, 1721, 1188, 0.920, 124.13, 2.30, 0.922, 124.38, 2.49, 0.005, 192.31, 35.55);
insert into SHOT values (1714, 1716, 1722, 1188, 0.630, 65.13, -4.70, 0.628, 65.48, -4.56, 0.004, 175.22, 21.76);
insert into SHOT values (1715, 1716, 1723, 1188, 1.310, 307.03, -83.80, 1.308, 309.29, -83.76, 0.006, 31.55, 22.57);
insert into SHOT values (1716, 1723, 1724, 1188, 0.650, 302.73, 9.50, 0.648, 302.20, 9.78, 0.007, 186.11, 22.16);
insert into SHOT values (1717, 1723, 1725, 1188, 0.480, 2.03, 12.80, 0.473, 2.49, 13.44, 0.009, 156.34, 23.30);
insert into SHOT values (1718, 1723, 1726, 1188, 0.490, 97.83, 9.90, 0.492, 98.30, 9.37, 0.006, 156.95, -42.74);
insert into SHOT values (1719, 1723, 1727, 1188, 1.000, 28.53, 85.50, 1.003, 33.69, 85.88, 0.010, 164.21, 18.37);
insert into SHOT values (1720, 1723, 1728, 1188, 0.280, 185.13, -73.60, 0.282, 187.13, -73.37, 0.003, 246.70, -23.58);
insert into SHOT values (1721, 1723, 1729, 1188, 1.160, 19.33, -26.90, 1.156, 19.32, -27.28, 0.008, 201.68, -37.98);
insert into SHOT values (1722, 1729, 1730, 1188, 0.490, 233.93, 28.50, 0.493, 234.46, 29.16, 0.007, 331.40, 57.02);
insert into SHOT values (1723, 1729, 1731, 1188, 0.480, 348.33, 74.30, 0.488, 351.25, 74.37, 0.010, 65.97, 49.04);
insert into SHOT values (1724, 1729, 1732, 1188, 0.350, 37.43, 17.50, 0.359, 37.87, 17.83, 0.010, 55.24, 28.77);
insert into SHOT values (1725, 1729, 1733, 1188, 0.600, 105.63, 33.70, 0.602, 105.15, 34.36, 0.008, 351.03, 57.28);
insert into SHOT values (1726, 1729, 1734, 1188, 1.240, 278.63, -2.00, 1.235, 278.85, -1.86, 0.007, 52.37, 26.47);
insert into SCRAPS values (1190, 1184, 'SP-boyau-1', 1, 11.75698, 0.68058);
 insert into SCRAPS values (1209, 1184, 'SC-boyau-elev-1', 2, 14.49958, 2.90735);
 insert into MAPS values (1229, 1184, 'MP-boyau-plan-tot', 'Boyau', 1, 17.790, -7.640);
 insert into MAPITEMS values (1229, 4, 1190);
 insert into MAPS values (1230, 1184, 'MC-boyau-elev-tot', 'boyau', 2, 17.790, -7.640);
 insert into MAPITEMS values (1230, 4, 1209);
 insert into SURVEY values (1232, 331, 'siphon', 'siphon.Kriska.Ded', 'siphon');
 insert into CENTRELINE values (1233, 1232, NULL, NULL, NULL, 0.00, 0.00, 0.00);
 insert into SURVEY values (1234, 1232, 'siphon', 'siphon.siphon.Kriska.Ded', 'siphon');
 insert into CENTRELINE values (1235, 1234, NULL, NULL, NULL, 0.00, 0.00, 0.00);
 insert into CENTRELINE values (1236, 1234, NULL, '2021-11-27', NULL, 126.92, 0.00, 0.00);
 insert into PERSON values (30, 'Daniel', 'Betz(ASV)');
insert into TOPO values (30, 1236);
 insert into TOPO values (2, 1236);
 insert into SHOT values (1727, 1735, 1736, 1236, 2.220, 200.87, 71.00, 2.209, 200.46, 71.11, 0.013, 54.23, -44.63);
insert into SHOT values (1728, 1735, 1737, 1236, 1.780, 56.87, -67.30, 1.790, 56.77, -67.21, 0.010, 46.51, -50.10);
insert into SHOT values (1729, 1735, 1738, 1236, 0.760, 208.47, -8.90, 0.757, 207.94, -9.13, 0.008, 89.49, -17.06);
insert into SHOT values (1730, 1735, 1739, 1236, 5.050, 125.37, -19.20, 5.050, 125.36, -19.19, 0.001, 69.29, 37.55);
insert into SHOT values (1731, 1735, 1740, 1236, 2.360, 94.07, -43.90, 2.365, 94.04, -43.90, 0.005, 81.26, -43.04);
insert into SHOT values (1732, 1735, 1741, 1236, 3.830, 280.97, 47.00, 3.827, 281.05, 47.03, 0.005, 54.49, -11.46);
insert into SHOT values (1733, 1741, 1742, 1236, 1.410, 67.57, 85.80, 1.404, 68.20, 85.60, 0.008, 82.58, -53.56);
insert into SHOT values (1734, 1741, 1743, 1236, 0.580, 55.37, 2.10, 0.583, 55.49, 1.97, 0.003, 79.20, -21.69);
insert into SHOT values (1735, 1741, 1744, 1236, 5.560, 296.27, 17.10, 5.562, 296.23, 17.04, 0.007, 248.59, -45.21);
insert into SHOT values (1736, 1744, 1745, 1236, 0.310, 348.47, 24.90, 0.313, 349.88, 24.56, 0.008, 54.16, -3.88);
insert into SHOT values (1737, 1744, 1746, 1236, 3.580, 99.87, -68.10, 3.580, 99.88, -68.02, 0.005, 105.08, 19.73);
insert into SHOT values (1738, 1744, 1747, 1236, 0.960, 199.17, 67.80, 0.960, 199.44, 67.95, 0.003, 340.79, 22.75);
insert into SHOT values (1739, 1744, 1748, 1236, 3.700, 249.47, 39.90, 3.697, 249.52, 40.07, 0.012, 55.40, 33.77);
insert into SHOT values (1740, 1748, 1749, 1236, 0.780, 143.57, -20.00, 0.778, 143.91, -20.30, 0.006, 266.74, -31.27);
insert into SHOT values (1741, 1748, 1750, 1236, 1.480, 328.07, -81.00, 1.488, 325.62, -81.10, 0.013, 229.30, -39.58);
insert into SHOT values (1742, 1748, 1751, 1236, 4.560, 158.17, 58.80, 4.561, 158.42, 58.76, 0.011, 229.69, -2.36);
insert into SHOT values (1743, 1748, 1752, 1236, 1.720, 189.17, 24.60, 1.723, 189.16, 24.33, 0.009, 188.18, -44.32);
insert into SHOT values (1744, 1752, 1753, 1236, 0.850, 330.97, -1.90, 0.860, 330.75, -2.00, 0.011, 313.18, -9.77);
insert into SHOT values (1745, 1752, 1754, 1236, 1.550, 328.77, -68.70, 1.547, 327.99, -68.54, 0.009, 259.91, 26.76);
insert into SHOT values (1746, 1752, 1755, 1236, 2.450, 291.87, 73.30, 2.455, 291.50, 73.20, 0.008, 251.53, 25.55);
insert into SHOT values (1747, 1752, 1756, 1236, 3.700, 280.87, 25.20, 3.704, 280.84, 25.25, 0.005, 242.53, 62.12);
insert into SHOT values (1748, 1756, 1757, 1236, 1.260, 208.07, -47.80, 1.261, 208.39, -48.18, 0.010, 345.32, -42.97);
insert into SHOT values (1749, 1756, 1758, 1236, 1.550, 190.77, 30.80, 1.542, 190.89, 30.83, 0.009, 350.76, -24.47);
insert into SHOT values (1750, 1756, 1759, 1236, 4.340, 201.77, 61.70, 4.338, 201.70, 61.71, 0.003, 74.08, -22.32);
insert into SHOT values (1751, 1756, 1760, 1236, 3.050, 277.67, 5.20, 3.050, 277.76, 5.08, 0.008, 3.56, -53.21);
insert into SHOT values (1752, 1756, 1761, 1236, 11.080, 267.27, 40.30, 11.075, 267.29, 40.28, 0.007, 13.80, -64.01);
insert into SHOT values (1753, 1756, 1762, 1236, 6.230, 241.97, 33.80, 6.226, 242.00, 33.76, 0.007, 353.06, -60.87);
insert into SHOT values (1754, 1762, 1763, 1236, 0.480, 306.77, -3.30, 0.479, 307.35, -3.59, 0.006, 50.76, -25.29);
insert into SHOT values (1755, 1762, 1764, 1236, 0.990, 285.57, -73.80, 0.990, 284.53, -73.64, 0.006, 223.65, 6.92);
insert into SHOT values (1756, 1762, 1765, 1236, 0.660, 183.47, 84.70, 0.663, 180.00, 84.81, 0.005, 76.97, 36.72);
insert into SHOT values (1757, 1762, 1766, 1236, 5.610, 241.37, 27.50, 5.610, 241.43, 27.50, 0.005, 332.03, -4.49);
insert into SHOT values (1758, 1766, 1767, 1236, 0.580, 324.67, 1.20, 0.574, 324.93, 1.00, 0.007, 119.69, -19.17);
insert into SHOT values (1759, 1766, 1768, 1236, 0.570, 313.57, -78.70, 0.570, 311.19, -79.25, 0.007, 172.42, -8.48);
insert into SHOT values (1760, 1766, 1769, 1236, 0.740, 271.97, 86.90, 0.741, 270.00, 86.91, 0.002, 180.22, 38.26);
insert into SHOT values (1761, 1766, 1770, 1236, 5.020, 256.47, 31.80, 5.024, 256.45, 31.83, 0.005, 232.03, 61.44);
insert into SHOT values (1762, 1770, 1771, 1236, 0.660, 156.57, 4.10, 0.669, 156.12, 4.29, 0.011, 126.14, 15.48);
insert into SHOT values (1763, 1770, 1772, 1236, 1.070, 94.17, -70.20, 1.076, 94.64, -69.82, 0.010, 113.32, -19.37);
insert into SHOT values (1764, 1770, 1773, 1236, 1.540, 195.37, 78.80, 1.540, 195.42, 78.73, 0.002, 205.11, -21.13);
insert into SHOT values (1765, 1770, 1774, 1236, 4.110, 237.57, 56.40, 4.107, 237.57, 56.37, 0.003, 244.90, -83.40);
insert into SHOT values (1766, 1774, 1775, 1236, 1.420, 239.37, -73.10, 1.420, 239.04, -73.29, 0.005, 86.25, -14.29);
insert into SHOT values (1767, 1774, 1776, 1236, 0.280, 12.27, 2.40, 0.277, 12.53, 2.07, 0.004, 170.48, -26.80);
insert into SHOT values (1768, 1774, 1777, 1236, 0.360, 185.17, -43.20, 0.361, 184.40, -43.79, 0.005, 69.43, -42.58);
insert into SHOT values (1769, 1774, 1778, 1236, 4.940, 261.77, 27.90, 4.939, 261.70, 27.88, 0.005, 170.47, -18.05);
insert into SHOT values (1770, 1778, 1779, 1236, 0.690, 359.67, 1.70, 0.690, 0.00, 1.66, 0.004, 85.51, -6.65);
insert into SHOT values (1771, 1778, 1780, 1236, 1.110, 34.17, -70.90, 1.112, 34.99, -70.77, 0.006, 94.99, -10.38);
insert into SHOT values (1772, 1778, 1781, 1236, 1.070, 273.27, 81.90, 1.071, 273.81, 81.93, 0.002, 20.22, 24.18);
insert into SHOT values (1773, 1778, 1782, 1236, 3.990, 263.67, 45.40, 3.986, 263.64, 45.43, 0.005, 101.67, -12.11);
insert into SHOT values (1774, 1782, 1783, 1236, 1.090, 169.57, 4.40, 1.092, 169.41, 4.73, 0.007, 110.38, 61.96);
insert into SHOT values (1775, 1782, 1784, 1236, 1.530, 208.97, -59.90, 1.526, 208.91, -59.89, 0.004, 50.44, 60.53);
insert into SHOT values (1776, 1782, 1785, 1236, 1.050, 152.37, 71.30, 1.052, 152.65, 71.92, 0.012, 323.31, 27.84);
insert into SHOT values (1777, 1782, 1786, 1236, 2.510, 236.37, 27.70, 2.511, 236.38, 27.77, 0.003, 18.56, 73.45);
insert into SHOT values (1778, 1786, 1787, 1236, 0.440, 118.67, -11.70, 0.439, 117.76, -11.84, 0.007, 16.28, -6.34);
insert into SHOT values (1779, 1786, 1788, 1236, 0.660, 147.47, -62.10, 0.655, 148.39, -62.24, 0.007, 273.47, 28.30);
insert into SHOT values (1780, 1786, 1789, 1236, 1.290, 208.07, -29.80, 1.293, 208.16, -29.68, 0.004, 236.25, 15.34);
insert into SHOT values (1781, 1786, 1790, 1236, 0.220, 96.97, 43.00, 0.220, 97.13, 42.93, 0.001, 149.16, -4.01);
insert into SHOT values (1782, 1786, 1791, 1236, 0.370, 231.57, 61.50, 0.375, 231.84, 61.65, 0.005, 261.47, 70.39);
insert into SHOT values (1783, 1786, 1792, 1236, 0.390, 257.17, 25.00, 0.397, 257.12, 25.34, 0.008, 254.51, 42.90);
insert into SHOT values (1784, 1789, 1793, 1236, 3.630, 208.47, -11.00, 3.628, 208.51, -10.96, 0.004, 327.61, 41.72);
insert into SHOT values (1785, 1789, 1794, 1236, 0.290, 307.17, -2.70, 0.292, 308.05, -1.96, 0.006, 9.55, 35.85);
insert into SHOT values (1786, 1789, 1795, 1236, 0.450, 114.67, -0.60, 0.448, 113.70, -1.28, 0.009, 7.92, -33.92);
insert into SHOT values (1787, 1793, 1796, 1236, 1.450, 307.37, 82.30, 1.443, 308.66, 82.35, 0.008, 64.63, -54.84);
insert into SHOT values (1788, 1796, 1797, 1236, 1.630, 293.07, 10.00, 1.634, 293.06, 10.22, 0.008, 289.17, 64.75);
insert into SHOT values (1789, 1797, 1798, 1236, 0.380, 13.67, 2.00, 0.381, 13.67, 1.50, 0.003, 15.57, -72.62);
insert into SHOT values (1790, 1797, 1799, 1236, 0.430, 171.57, -2.90, 0.436, 170.75, -2.63, 0.009, 126.52, 11.37);
insert into SHOT values (1791, 1797, 1800, 1236, 1.340, 5.27, 81.20, 1.335, 5.71, 81.34, 0.006, 164.02, -44.49);
insert into SHOT values (1792, 1797, 1801, 1236, 0.870, 10.67, -81.40, 0.870, 12.99, -81.18, 0.006, 70.03, 1.98);
insert into SHOT values (1793, 1797, 1802, 1236, 1.890, 120.17, 48.50, 1.885, 120.26, 48.43, 0.006, 256.09, -62.88);
insert into SHOT values (1794, 1802, 1803, 1236, 0.550, 6.47, 9.20, 0.552, 7.39, 9.39, 0.009, 86.58, 13.10);
insert into SHOT values (1795, 1802, 1804, 1236, 0.240, 258.27, 18.60, 0.239, 257.20, 19.52, 0.006, 144.07, 36.74);
insert into SHOT values (1796, 1802, 1805, 1236, 0.540, 315.97, 71.30, 0.537, 315.00, 71.59, 0.005, 175.65, -18.43);
insert into SHOT values (1797, 1802, 1806, 1236, 2.110, 290.27, -75.90, 2.103, 290.56, -75.89, 0.007, 48.53, 65.40);
insert into SHOT values (1798, 1802, 1807, 1236, 1.480, 164.07, 27.80, 1.481, 164.05, 27.77, 0.001, 151.98, -11.25);
insert into SHOT values (1799, 1807, 1808, 1236, 0.750, 73.37, -7.90, 0.757, 73.74, -7.59, 0.009, 107.92, 19.68);
insert into SHOT values (1800, 1807, 1809, 1236, 0.950, 42.27, 70.60, 0.955, 43.73, 70.52, 0.009, 114.37, 24.79);
insert into SHOT values (1801, 1807, 1810, 1236, 0.420, 273.07, 4.90, 0.412, 272.79, 5.57, 0.009, 106.86, 26.65);
insert into SHOT values (1802, 1807, 1811, 1236, 1.020, 355.47, 1.00, 1.023, 355.52, 1.12, 0.004, 10.42, 32.87);
insert into SHOT values (1803, 1807, 1812, 1236, 1.420, 10.07, 37.40, 1.424, 10.21, 37.65, 0.008, 103.97, 68.83);
insert into SHOT values (1804, 1812, 1813, 1236, 0.490, 186.07, -2.10, 0.493, 185.83, -2.33, 0.004, 150.36, -30.06);
insert into SHOT values (1805, 1812, 1814, 1236, 0.500, 244.97, -58.20, 0.505, 245.38, -58.45, 0.005, 319.50, -68.79);
insert into SHOT values (1806, 1812, 1815, 1236, 0.480, 200.47, 38.00, 0.473, 200.38, 37.84, 0.007, 27.30, -48.29);
insert into SHOT values (1807, 1812, 1816, 1236, 0.680, 282.27, -11.00, 0.677, 282.15, -11.06, 0.003, 128.66, -4.92);
insert into SHOT values (1808, 1816, 1817, 1236, 0.590, 246.37, 65.60, 0.581, 247.75, 65.84, 0.011, 23.10, -41.07);
insert into SHOT values (1809, 1816, 1818, 1236, 0.440, 201.97, 4.90, 0.432, 201.80, 3.98, 0.011, 31.25, -44.63);
insert into SHOT values (1810, 1816, 1819, 1236, 0.330, 2.87, 19.50, 0.329, 1.85, 19.53, 0.006, 262.99, -1.60);
insert into SHOT values (1811, 1816, 1820, 1236, 2.000, 318.17, 22.00, 1.997, 318.06, 21.75, 0.010, 242.53, -68.69);
insert into SHOT values (1812, 1816, 1821, 1236, 1.530, 317.97, 21.80, 1.530, 318.13, 21.48, 0.010, 13.62, -58.59);
insert into SHOT values (1813, 1821, 1822, 1236, 0.690, 173.77, 15.60, 0.690, 173.95, 15.97, 0.005, 286.78, 63.05);
insert into SHOT values (1814, 1821, 1823, 1236, 0.770, 206.47, 68.70, 0.773, 207.47, 68.63, 0.006, 274.17, 25.86);
insert into SHOT values (1815, 1821, 1824, 1236, 1.110, 344.87, 18.80, 1.108, 344.51, 18.96, 0.007, 232.57, 17.75);
insert into SHOT values (1816, 1821, 1825, 1236, 0.720, 172.17, -77.40, 0.718, 172.87, -77.03, 0.005, 197.73, 29.92);
insert into SHOT values (1817, 1821, 1826, 1236, 2.320, 218.57, 35.70, 2.324, 218.75, 35.81, 0.009, 299.62, 44.56);
insert into SHOT values (1818, 1826, 1827, 1236, 0.480, 25.27, -11.70, 0.476, 25.46, -12.13, 0.006, 186.97, -27.57);
insert into SHOT values (1819, 1826, 1828, 1236, 0.820, 8.37, -82.20, 0.828, 10.30, -82.24, 0.008, 91.54, -63.34);
insert into SHOT values (1820, 1826, 1829, 1236, 0.480, 330.57, 81.70, 0.475, 333.43, 81.88, 0.006, 94.90, -50.73);
insert into SHOT values (1821, 1826, 1830, 1236, 1.900, 300.67, 29.20, 1.889, 300.61, 29.15, 0.011, 131.86, -38.00);
insert into SHOT values (1822, 1830, 1831, 1236, 0.420, 163.17, -1.70, 0.418, 163.30, -1.37, 0.003, 319.18, 45.56);
insert into SHOT values (1823, 1830, 1832, 1236, 0.960, 250.87, -78.80, 0.959, 251.57, -78.59, 0.004, 286.26, 23.25);
insert into SHOT values (1824, 1830, 1833, 1236, 0.280, 258.97, 34.90, 0.283, 260.13, 34.43, 0.006, 310.64, -1.90);
insert into SHOT values (1825, 1830, 1834, 1236, 3.010, 225.37, 22.00, 3.013, 225.44, 22.03, 0.005, 280.67, 30.77);
insert into SHOT values (1826, 1830, 1835, 1236, 3.470, 225.77, 22.00, 3.470, 225.88, 22.00, 0.006, 312.39, 1.02);
insert into SHOT values (1827, 1835, 1836, 1236, 0.730, 130.77, 6.80, 0.736, 131.11, 7.03, 0.008, 171.47, 27.82);
insert into SHOT values (1828, 1835, 1837, 1236, 0.630, 127.07, -53.10, 0.627, 127.48, -52.91, 0.005, 222.42, 54.45);
insert into SHOT values (1829, 1835, 1838, 1236, 0.430, 129.37, 71.30, 0.434, 129.29, 70.88, 0.005, 126.81, 32.32);
insert into SHOT values (1830, 1835, 1839, 1236, 1.110, 159.57, 28.90, 1.111, 159.51, 29.07, 0.004, 49.83, 74.91);
insert into SHOT values (1831, 1835, 1840, 1236, 0.800, 188.37, -8.50, 0.805, 187.93, -7.85, 0.012, 144.60, 43.01);
insert into SHOT values (1832, 1835, 1841, 1236, 1.060, 183.47, 49.10, 1.071, 183.27, 49.12, 0.012, 164.86, 49.53);
insert into SHOT values (1833, 1835, 1842, 1236, 1.060, 219.57, 26.70, 1.060, 219.42, 26.93, 0.005, 89.79, 49.37);
insert into SHOT values (1834, 1842, 1843, 1236, 2.390, 276.77, 27.10, 2.388, 276.76, 27.16, 0.003, 103.53, 23.50);
insert into SHOT values (1835, 1843, 1844, 1236, 0.540, 141.97, -2.80, 0.543, 142.50, -3.17, 0.007, 204.05, -32.56);
insert into SHOT values (1836, 1843, 1845, 1236, 0.990, 14.47, -80.90, 0.992, 11.31, -81.13, 0.010, 259.97, -14.89);
insert into SHOT values (1837, 1843, 1846, 1236, 0.410, 98.87, 85.10, 0.411, 108.43, 85.59, 0.007, 225.00, 12.96);
insert into SHOT values (1838, 1843, 1847, 1236, 0.940, 220.17, -9.80, 0.943, 220.20, -9.77, 0.003, 229.68, -0.05);
insert into SHOT values (1839, 1843, 1848, 1236, 1.500, 168.07, 25.10, 1.502, 168.11, 25.21, 0.004, 221.28, 70.14);
insert into SHOT values (1840, 1848, 1849, 1236, 0.340, 306.37, 10.50, 0.341, 306.53, 10.12, 0.003, 335.69, -45.18);
insert into SHOT values (1841, 1848, 1850, 1236, 0.580, 333.97, -78.20, 0.584, 331.39, -77.60, 0.009, 293.34, -14.62);
insert into SHOT values (1842, 1848, 1851, 1236, 0.570, 275.27, 66.50, 0.569, 274.97, 66.06, 0.005, 256.80, -35.84);
insert into SHOT values (1843, 1848, 1852, 1236, 3.370, 75.57, 2.90, 3.371, 75.55, 2.89, 0.001, 27.25, -22.56);
insert into SHOT values (1844, 1852, 1853, 1236, 0.360, 187.47, -11.70, 0.362, 188.13, -12.75, 0.008, 263.62, -58.91);
insert into SHOT values (1845, 1852, 1854, 1236, 0.950, 160.77, -87.90, 0.951, 165.96, -87.51, 0.007, 191.63, -5.01);
insert into SHOT values (1846, 1852, 1855, 1236, 0.360, 340.27, -14.90, 0.356, 339.44, -16.31, 0.011, 198.75, -43.32);
insert into SHOT values (1847, 1852, 1856, 1236, 1.010, 297.37, -61.30, 1.013, 297.10, -61.51, 0.005, 165.85, -53.26);
insert into SHOT values (1848, 1856, 1857, 1236, 0.320, 215.47, 22.60, 0.323, 216.87, 21.80, 0.009, 274.08, -19.06);
insert into SHOT values (1849, 1856, 1858, 1236, 0.370, 26.27, 13.90, 0.365, 25.11, 14.29, 0.009, 256.91, 6.93);
insert into SHOT values (1850, 1856, 1859, 1236, 0.670, 265.57, 78.20, 0.675, 265.91, 77.99, 0.005, 279.88, 50.33);
insert into SHOT values (1851, 1856, 1860, 1236, 2.300, 312.67, 22.60, 2.305, 312.53, 22.44, 0.010, 276.12, -24.04);
insert into SHOT values (1852, 1860, 1861, 1236, 0.990, 111.47, 1.90, 0.989, 111.37, 2.32, 0.008, 338.60, 72.60);
insert into SHOT values (1853, 1860, 1862, 1236, 0.680, 102.97, -74.60, 0.676, 102.53, -74.16, 0.007, 82.68, 53.99);
insert into SHOT values (1854, 1860, 1863, 1236, 0.490, 334.87, 66.20, 0.491, 336.04, 66.36, 0.004, 76.12, 22.13);
insert into SHOT values (1855, 1860, 1864, 1236, 1.190, 357.57, 46.00, 1.196, 357.93, 46.00, 0.008, 51.21, 31.33);
insert into SHOT values (1856, 1864, 1865, 1236, 1.120, 67.37, -55.40, 1.119, 67.86, -55.30, 0.006, 147.77, 18.80);
insert into SHOT values (1857, 1865, 1866, 1236, 1.960, 118.07, -12.20, 1.960, 118.04, -12.37, 0.006, 341.28, -76.33);
insert into SHOT values (1858, 1866, 1867, 1236, 0.550, 328.07, -12.10, 0.555, 327.77, -11.44, 0.008, 303.04, 38.64);
insert into SHOT values (1859, 1866, 1868, 1236, 0.470, 242.47, -17.70, 0.473, 242.30, -17.22, 0.005, 224.47, 34.40);
insert into SHOT values (1860, 1866, 1869, 1236, 0.890, 253.57, 58.80, 0.901, 253.89, 58.69, 0.012, 273.18, 48.20);
insert into SHOT values (1861, 1866, 1870, 1236, 3.660, 155.47, -82.20, 3.653, 156.04, -82.25, 0.009, 286.68, 43.24);
insert into SHOT values (1862, 1870, 1871, 1236, 0.710, 126.57, -6.60, 0.713, 126.38, -6.45, 0.004, 87.08, 24.43);
insert into SHOT values (1863, 1870, 1872, 1236, 0.470, 50.77, -13.10, 0.475, 51.15, -13.38, 0.006, 85.07, -32.54);
insert into SHOT values (1864, 1870, 1873, 1236, 0.610, 105.07, -10.20, 0.612, 105.42, -10.36, 0.004, 175.98, -26.57);
insert into SHOT values (1865, 1870, 1874, 1236, 1.270, 14.47, -51.50, 1.272, 14.74, -51.84, 0.009, 155.64, -45.09);
insert into SHOT values (1866, 1874, 1875, 1236, 0.610, 277.27, -2.00, 0.606, 277.59, -1.89, 0.006, 58.55, 13.08);
insert into SHOT values (1867, 1874, 1876, 1236, 0.500, 178.07, -20.10, 0.500, 177.56, -19.87, 0.005, 99.83, 23.46);
insert into SHOT values (1868, 1874, 1877, 1236, 2.510, 239.27, -1.90, 2.512, 239.35, -1.82, 0.005, 298.67, 37.26);
insert into SHOT values (1869, 1877, 1878, 1236, 0.610, 326.87, 17.80, 0.610, 327.68, 18.14, 0.009, 63.99, 23.01);
insert into SHOT values (1870, 1877, 1879, 1236, 0.490, 126.37, 35.30, 0.495, 126.03, 34.46, 0.009, 109.83, -20.38);
insert into SHOT values (1871, 1877, 1880, 1236, 0.970, 282.07, 76.30, 0.967, 282.80, 76.50, 0.006, 67.01, -25.40);
insert into SHOT values (1872, 1877, 1881, 1236, 2.580, 256.27, 33.70, 2.575, 256.22, 33.73, 0.005, 94.63, -16.41);
insert into SHOT values (1873, 1881, 1882, 1236, 0.340, 144.87, 13.90, 0.340, 144.87, 13.62, 0.002, 143.63, -86.32);
insert into SHOT values (1874, 1881, 1883, 1236, 0.300, 325.27, 1.50, 0.302, 325.78, 1.89, 0.004, 13.81, 30.48);
insert into SHOT values (1875, 1881, 1884, 1236, 1.250, 17.37, 86.50, 1.252, 15.95, 86.67, 0.005, 224.44, 30.45);
insert into SHOT values (1876, 1881, 1885, 1236, 1.600, 92.77, -78.70, 1.600, 91.85, -78.82, 0.006, 328.46, -9.59);
insert into SHOT values (1877, 1881, 1886, 1236, 1.810, 243.17, 66.50, 1.811, 243.79, 66.42, 0.008, 314.09, 0.83);
insert into SHOT values (1878, 1886, 1887, 1236, 0.440, 35.77, -6.10, 0.438, 36.61, -5.24, 0.009, 139.39, 45.74);
insert into SHOT values (1879, 1886, 1888, 1236, 0.710, 349.67, -71.60, 0.706, 349.70, -71.54, 0.004, 157.04, 82.06);
insert into SHOT values (1880, 1886, 1889, 1236, 0.210, 0.17, 50.20, 0.206, 4.40, 50.82, 0.011, 114.71, -7.22);
insert into SHOT values (1881, 1886, 1890, 1236, 1.910, 295.77, 12.20, 1.910, 295.74, 12.40, 0.007, 140.64, 72.78);
insert into SHOT values (1882, 1890, 1891, 1236, 0.550, 136.87, 2.10, 0.552, 136.47, 2.08, 0.004, 75.40, -2.03);
insert into SHOT values (1883, 1890, 1892, 1236, 0.220, 294.17, -7.10, 0.221, 294.23, -7.79, 0.003, 307.37, -69.83);
insert into SHOT values (1884, 1890, 1893, 1236, 0.870, 178.77, -88.90, 0.870, 180.00, -88.68, 0.003, 186.22, -2.76);
insert into SHOT values (1885, 1890, 1894, 1236, 0.700, 199.87, 75.50, 0.694, 199.44, 74.94, 0.009, 184.87, -56.07);
insert into SHOT values (1886, 1890, 1895, 1236, 2.030, 199.87, 27.30, 2.032, 199.74, 27.24, 0.005, 138.99, -13.00);
insert into SHOT values (1887, 1895, 1896, 1236, 0.430, 317.77, 2.50, 0.432, 317.82, 2.65, 0.003, 327.09, 28.44);
insert into SHOT values (1888, 1895, 1897, 1236, 0.860, 230.67, 85.30, 0.852, 231.34, 85.69, 0.010, 44.00, -47.63);
insert into SHOT values (1889, 1895, 1898, 1236, 0.610, 274.57, -66.20, 0.614, 274.57, -65.87, 0.005, 274.98, -22.02);
insert into SHOT values (1890, 1895, 1899, 1236, 0.330, 117.87, 24.10, 0.331, 117.41, 23.14, 0.006, 77.79, -51.47);
insert into SHOT values (1891, 1895, 1900, 1236, 4.140, 238.57, 31.30, 4.139, 238.65, 31.30, 0.005, 340.76, -8.99);
insert into SHOT values (1892, 1900, 1901, 1236, 0.260, 153.67, -5.60, 0.270, 153.43, -6.38, 0.011, 147.21, -25.67);
insert into SHOT values (1893, 1900, 1902, 1236, 1.150, 315.47, -10.70, 1.146, 315.36, -11.07, 0.009, 155.54, -46.97);
insert into SHOT values (1894, 1900, 1903, 1236, 0.730, 315.37, -84.20, 0.733, 315.00, -84.47, 0.005, 143.76, -50.37);
insert into SHOT values (1895, 1900, 1904, 1236, 3.450, 288.37, 74.50, 3.444, 288.43, 74.56, 0.007, 95.74, -41.95);
insert into SHOT values (1896, 1900, 1905, 1236, 4.960, 325.37, 55.40, 4.954, 325.29, 55.44, 0.008, 174.60, -20.29);
insert into SHOT values (1897, 1905, 1906, 1236, 1.160, 182.57, 3.60, 1.153, 182.49, 3.48, 0.007, 15.65, -22.64);
insert into SHOT values (1898, 1905, 1907, 1236, 0.600, 77.77, 21.10, 0.604, 77.69, 21.35, 0.005, 64.79, 50.93);
insert into SHOT values (1899, 1905, 1908, 1236, 1.110, 147.57, 3.30, 1.108, 147.17, 3.10, 0.009, 46.92, -26.66);
insert into SHOT values (1900, 1905, 1909, 1236, 4.361, 258.07, 72.70, 4.358, 258.00, 72.67, 0.004, 212.67, -59.57);
insert into SHOT values (1901, 1909, 1910, 1236, 3.990, 247.17, 19.10, 3.986, 247.18, 19.19, 0.007, 57.44, 37.23);
insert into SHOT values (1902, 1909, 1911, 1236, 1.220, 311.97, 22.60, 1.220, 312.48, 22.67, 0.010, 47.48, 6.54);
insert into SHOT values (1903, 1909, 1912, 1236, 1.960, 7.57, 6.00, 1.969, 7.63, 6.12, 0.010, 23.41, 31.38);
insert into SHOT values (1904, 1909, 1913, 1236, 0.880, 181.87, -0.60, 0.881, 181.95, -0.65, 0.002, 249.03, -28.61);
insert into SHOT values (1905, 1909, 1914, 1236, 4.360, 112.17, -72.30, 4.357, 112.12, -72.26, 0.004, 86.74, 56.46);
insert into SHOT values (1906, 1909, 1915, 1236, 4.970, 245.77, 46.30, 4.972, 245.90, 46.39, 0.012, 6.70, 35.93);
insert into SHOT values (1907, 1915, 1916, 1236, 1.440, 147.87, 35.10, 1.444, 147.79, 35.08, 0.005, 124.97, 25.97);
insert into SHOT values (1908, 1916, 1917, 1236, 1.770, 229.27, -14.50, 1.774, 229.25, -14.69, 0.007, 220.13, -71.13);
insert into SHOT values (1909, 1916, 1918, 1236, 0.620, 277.77, -1.00, 0.625, 277.35, -1.83, 0.011, 236.90, -53.07);
insert into SHOT values (1910, 1916, 1919, 1236, 0.730, 222.87, -69.30, 0.738, 223.45, -69.23, 0.008, 258.92, -57.47);
insert into SHOT values (1911, 1916, 1920, 1236, 0.310, 276.37, 58.20, 0.306, 277.13, 58.19, 0.005, 51.23, -49.01);
insert into SHOT values (1912, 1916, 1921, 1236, 0.790, 305.07, 14.60, 0.792, 304.93, 13.89, 0.010, 280.38, -64.56);
insert into SHOT values (1913, 1916, 1922, 1236, 1.730, 231.27, 65.00, 1.723, 231.10, 64.85, 0.008, 172.66, -72.13);
insert into SHOT values (1914, 1916, 1923, 1236, 0.600, 113.17, 0.40, 0.600, 113.57, 0.00, 0.006, 202.06, -44.39);
insert into SCRAPS values (1238, 1232, 'SP-siphon-1', 1, 10.04942, 0.08751);
 insert into SCRAPS values (1265, 1232, 'SP-siphon-CS1', 3, 0.00000, 0.00000);
 insert into SCRAPS values (1268, 1232, 'SP-siphon-2', 1, 2.20120, 0.19318);
 insert into SCRAPS values (1276, 1232, 'SP-siphon-3', 1, 1.58578, 0.14111);
 insert into SCRAPS values (1292, 1232, 'SP-siphon-4', 1, 2.46075, 0.45861);
 insert into SCRAPS values (1304, 1232, 'SP-siphon-5', 1, 25.92300, 0.31583);
 insert into SCRAPS values (1325, 1232, 'SC-siphon-elev-1', 2, 56.47526, 2.06628);
 insert into SCRAPS values (1350, 1232, 'SC-siphon-elev-3', 2, 37.01707, 1.56055);
 insert into SCRAPS values (1390, 1232, 'SC-siphon-elev-2', 2, 11.28427, 2.21783);
 insert into MAPS values (1398, 1232, 'MP-siphon-plan-tot', 'siphon', 1, 126.921, -51.350);
 insert into MAPITEMS values (1398, 4, 1292);
 insert into MAPITEMS values (1398, 4, 1276);
 insert into MAPITEMS values (1398, 4, 1268);
 insert into MAPITEMS values (1398, 4, 1238);
 insert into MAPITEMS values (1398, 4, 1304);
 insert into MAPS values (1399, 1232, 'MC-siphon-coupe-elev-tot', 'Spel-bivy', 2, 126.921, -51.350);
 insert into MAPITEMS values (1399, 4, 1325);
 insert into MAPITEMS values (1399, 4, 1390);
 insert into MAPITEMS values (1399, 4, 1350);
 insert into SURVEY values (1401, 331, 'chienlit-speleoloques', 'chienlit-speleoloques.Kriska.Ded', 'chienlit-speleoloques');
 insert into CENTRELINE values (1402, 1401, NULL, NULL, NULL, 0.00, 0.00, 0.00);
 insert into SURVEY values (1403, 1401, 'chienlit-speleoloques', 'chienlit-speleoloques.chienlit-speleoloques.Kriska.Ded', 'chienlit-speleoloques');
 insert into CENTRELINE values (1404, 1403, NULL, NULL, NULL, 0.00, 0.00, 0.00);
 insert into CENTRELINE values (1405, 1403, NULL, '2022-01-22', NULL, 0.00, 0.00, 187.57);
 insert into PERSON values (31, NULL, 'Laura');
insert into TOPO values (31, 1405);
 insert into TOPO values (2, 1405);
 insert into SHOT values (1915, 1924, 1925, 1405, 2.290, 128.99, 0.30, 2.290, 128.97, 0.25, 0.002, 9.17, -66.65);
insert into SHOT_FLAG values(1915, 'dpl');
insert into SHOT values (1916, 1924, 1926, 1405, 1.150, 46.49, -5.00, 1.150, 46.41, -4.99, 0.002, 325.28, 8.40);
insert into SHOT_FLAG values(1916, 'dpl');
insert into SHOT values (1917, 1924, 1927, 1405, 1.300, 222.09, 6.20, 1.303, 222.18, 6.17, 0.004, 255.73, -5.98);
insert into SHOT_FLAG values(1917, 'dpl');
insert into SHOT values (1918, 1924, 1928, 1405, 6.080, 344.99, -7.60, 6.078, 345.00, -7.56, 0.004, 145.00, 73.53);
insert into SHOT_FLAG values(1918, 'dpl');
insert into SHOT values (1919, 1924, 1929, 1405, 5.250, 14.59, -7.90, 5.247, 14.60, -7.89, 0.003, 180.58, 32.78);
insert into SHOT_FLAG values(1919, 'dpl');
insert into SHOT values (1920, 1924, 1930, 1405, 4.120, 316.59, -14.70, 4.119, 316.53, -14.77, 0.007, 195.51, -40.59);
insert into SHOT_FLAG values(1920, 'dpl');
insert into SHOT values (1921, 1924, 1931, 1405, 2.050, 27.09, -80.20, 2.050, 27.30, -80.20, 0.001, 120.54, 3.88);
insert into SHOT_FLAG values(1921, 'dpl');
insert into SHOT values (1922, 1924, 1932, 1405, 14.050, 10.29, 68.80, 14.051, 10.20, 68.80, 0.008, 276.76, 6.27);
insert into SHOT_FLAG values(1922, 'dpl');
insert into SHOT values (1923, 1932, 1933, 1405, 4.440, 253.59, -1.00, 4.434, 253.49, -1.03, 0.011, 124.89, -13.61);
insert into SHOT_FLAG values(1923, 'dpl');
insert into SHOT values (1924, 1932, 1934, 1405, 3.440, 307.59, -5.20, 3.436, 307.64, -5.18, 0.005, 88.01, 21.17);
insert into SHOT_FLAG values(1924, 'dpl');
insert into SHOT values (1925, 1932, 1935, 1405, 2.030, 331.89, -0.80, 2.027, 332.04, -0.85, 0.007, 93.56, -14.62);
insert into SHOT_FLAG values(1925, 'dpl');
insert into SHOT values (1926, 1932, 1936, 1405, 1.570, 147.29, 1.10, 1.570, 147.22, 1.09, 0.002, 65.81, -4.12);
insert into SHOT_FLAG values(1926, 'dpl');
insert into SHOT values (1927, 1932, 1937, 1405, 4.330, 213.59, 1.10, 4.330, 213.51, 1.06, 0.007, 125.84, -26.04);
insert into SHOT_FLAG values(1927, 'dpl');
insert into SHOT values (1928, 1932, 1938, 1405, 9.720, 80.09, 85.30, 9.723, 80.66, 85.28, 0.009, 142.37, 16.77);
insert into SHOT_FLAG values(1928, 'dpl');
insert into SHOT values (1929, 1938, 1939, 1405, 4.080, 248.69, -5.50, 4.074, 248.75, -5.49, 0.007, 31.50, 8.74);
insert into SHOT_FLAG values(1929, 'dpl');
insert into SHOT values (1930, 1938, 1940, 1405, 3.860, 277.29, -5.20, 3.857, 277.33, -5.21, 0.004, 54.77, -2.44);
insert into SHOT_FLAG values(1930, 'dpl');
insert into SHOT values (1931, 1938, 1941, 1405, 3.070, 333.79, -8.30, 3.074, 333.86, -8.42, 0.008, 20.21, -55.05);
insert into SHOT_FLAG values(1931, 'dpl');
insert into SHOT values (1932, 1938, 1942, 1405, 3.880, 35.89, -4.30, 3.885, 35.86, -4.28, 0.006, 17.69, 8.98);
insert into SHOT_FLAG values(1932, 'dpl');
insert into SHOT values (1933, 1938, 1943, 1405, 2.860, 306.09, -6.60, 2.867, 306.15, -6.61, 0.008, 326.79, -9.47);
insert into SHOT_FLAG values(1933, 'dpl');
insert into SHOT values (1934, 1938, 1944, 1405, 1.080, 51.59, 34.20, 1.079, 51.34, 33.80, 0.009, 0.61, -54.37);
insert into SHOT_FLAG values(1934, 'dpl');
insert into SHOT values (1935, 1944, 1945, 1405, 16.690, 319.69, 85.20, 16.688, 319.67, 85.22, 0.006, 145.26, -13.57);
insert into SHOT_FLAG values(1935, 'dpl');
insert into SHOT values (1936, 1945, 1946, 1405, 0.300, 92.69, -3.00, 0.290, 91.97, -1.97, 0.012, 293.71, 29.41);
insert into SHOT_FLAG values(1936, 'dpl');
insert into SHOT values (1937, 1945, 1947, 1405, 3.870, 39.29, -2.60, 3.871, 39.12, -2.52, 0.013, 314.09, 25.95);
insert into SHOT_FLAG values(1937, 'dpl');
insert into SHOT values (1938, 1945, 1948, 1405, 3.680, 299.19, -2.30, 3.683, 299.28, -2.18, 0.010, 0.37, 49.26);
insert into SHOT_FLAG values(1938, 'dpl');
insert into SHOT values (1939, 1945, 1949, 1405, 2.370, 351.59, -7.40, 2.375, 351.46, -7.26, 0.010, 308.44, 33.08);
insert into SHOT_FLAG values(1939, 'dpl');
insert into SHOT values (1940, 1945, 1950, 1405, 1.900, 90.59, 70.00, 1.901, 90.00, 70.33, 0.013, 304.37, 21.10);
insert into SHOT_FLAG values(1940, 'dpl');
insert into SHOT values (1941, 1950, 1951, 1405, 1.770, 339.29, 81.30, 1.770, 340.20, 81.37, 0.005, 95.30, 4.46);
insert into SHOT_FLAG values(1941, 'dpl');
insert into SHOT values (1942, 1951, 1952, 1405, 1.560, 156.29, -5.60, 1.557, 156.41, -5.53, 0.005, 289.61, 26.21);
insert into SHOT_FLAG values(1942, 'dpl');
insert into SHOT values (1943, 1951, 1953, 1405, 2.650, 110.29, -4.20, 2.652, 110.35, -4.11, 0.005, 162.03, 48.18);
insert into SHOT_FLAG values(1943, 'dpl');
insert into SHOT values (1944, 1951, 1954, 1405, 1.350, 61.99, 0.70, 1.347, 62.10, 0.85, 0.006, 204.55, 39.11);
insert into SHOT_FLAG values(1944, 'dpl');
insert into SHOT values (1945, 1951, 1955, 1405, 2.330, 197.49, 63.30, 2.329, 197.22, 63.28, 0.005, 107.76, -17.64);
insert into SHOT_FLAG values(1945, 'dpl');
insert into SHOT values (1946, 1955, 1956, 1405, 3.140, 278.29, 86.80, 3.145, 276.34, 86.70, 0.010, 231.16, 30.20);
insert into SHOT_FLAG values(1946, 'dpl');
insert into SHOT values (1947, 1955, 1957, 1405, 2.160, 75.39, -0.40, 2.159, 75.51, -0.27, 0.007, 181.40, 46.73);
insert into SHOT_FLAG values(1947, 'dpl');
insert into SHOT values (1948, 1955, 1958, 1405, 1.210, 18.79, -6.20, 1.209, 18.43, -6.17, 0.008, 279.06, 5.12);
insert into SHOT_FLAG values(1948, 'dpl');
insert into SHOT values (1949, 1955, 1959, 1405, 1.700, 320.19, 36.00, 1.702, 320.30, 35.97, 0.004, 8.55, 12.22);
insert into SHOT_FLAG values(1949, 'dpl');
insert into SHOT values (1950, 1955, 1960, 1405, 0.880, 321.09, 36.20, 0.881, 320.71, 36.19, 0.005, 237.05, 3.22);
insert into SHOT_FLAG values(1950, 'dpl');
insert into SHOT values (1951, 1955, 1961, 1405, 1.680, 320.99, 36.30, 1.686, 320.68, 36.38, 0.010, 254.92, 33.98);
insert into SHOT_FLAG values(1951, 'dpl');
insert into SHOT values (1952, 1955, 1962, 1405, 0.500, 23.59, -16.30, 0.499, 23.36, -16.28, 0.002, 275.69, 9.15);
insert into SHOT_FLAG values(1952, 'dpl');
insert into SHOT values (1953, 1955, 1963, 1405, 1.850, 125.99, -82.00, 1.847, 126.87, -82.22, 0.009, 278.91, 13.33);
insert into SHOT_FLAG values(1953, 'dpl');
insert into SHOT values (1954, 1955, 1964, 1405, 4.770, 293.39, -57.50, 4.772, 293.37, -57.40, 0.009, 288.01, 20.16);
insert into SHOT_FLAG values(1954, 'dpl');
insert into SHOT values (1955, 1955, 1965, 1405, 2.570, 309.49, -33.80, 2.572, 309.50, -33.77, 0.003, 314.12, -6.96);
insert into SHOT_FLAG values(1955, 'dpl');
insert into SHOT values (1956, 1965, 1966, 1405, 0.840, 180.59, -4.60, 0.843, 180.68, -4.76, 0.004, 206.34, -40.63);
insert into SHOT_FLAG values(1956, 'dpl');
insert into SHOT values (1957, 1965, 1967, 1405, 3.240, 149.99, -77.70, 3.234, 150.46, -77.69, 0.008, 246.08, 44.68);
insert into SHOT_FLAG values(1957, 'dpl');
insert into SHOT values (1958, 1965, 1968, 1405, 1.150, 242.89, 76.90, 1.150, 242.45, 76.96, 0.002, 121.34, -1.76);
insert into SHOT_FLAG values(1958, 'dpl');
insert into SHOT values (1959, 1965, 1969, 1405, 2.520, 248.79, 10.30, 2.520, 248.71, 10.29, 0.003, 154.37, -9.81);
insert into SHOT_FLAG values(1959, 'dpl');
insert into SHOT values (1960, 1969, 1970, 1405, 1.290, 181.39, -73.10, 1.287, 181.51, -72.83, 0.007, 189.95, 39.61);
insert into SHOT_FLAG values(1960, 'dpl');
insert into SHOT values (1961, 1969, 1971, 1405, 0.270, 156.99, -11.10, 0.265, 157.38, -10.89, 0.006, 317.38, 20.64);
insert into SHOT_FLAG values(1961, 'dpl');
insert into SHOT values (1962, 1969, 1972, 1405, 5.290, 260.69, 83.00, 5.290, 261.12, 82.97, 0.006, 318.41, -5.68);
insert into SHOT_FLAG values(1962, 'dpl');
insert into SHOT values (1963, 1969, 1973, 1405, 0.260, 330.79, -16.60, 0.265, 329.42, -15.32, 0.010, 286.67, 25.99);
insert into SHOT_FLAG values(1963, 'dpl');
insert into SHOT values (1964, 1969, 1974, 1405, 2.110, 252.49, 34.00, 2.112, 252.39, 33.96, 0.004, 205.46, 1.43);
insert into SHOT_FLAG values(1964, 'dpl');
insert into SHOT values (1965, 1974, 1975, 1405, 1.370, 326.39, 17.20, 1.374, 326.19, 17.36, 0.007, 270.43, 41.12);
insert into SHOT_FLAG values(1965, 'dpl');
insert into SHOT values (1966, 1974, 1976, 1405, 0.280, 164.79, 12.50, 0.276, 164.93, 12.56, 0.004, 335.66, -8.25);
insert into SHOT_FLAG values(1966, 'dpl');
insert into SHOT values (1967, 1974, 1977, 1405, 1.700, 275.79, 74.30, 1.704, 276.20, 74.24, 0.005, 327.00, 38.71);
insert into SHOT_FLAG values(1967, 'dpl');
insert into SHOT values (1968, 1974, 1978, 1405, 2.720, 305.19, 49.00, 2.727, 305.20, 49.06, 0.008, 313.81, 72.24);
insert into SHOT_FLAG values(1968, 'dpl');
insert into SHOT values (1969, 1978, 1979, 1405, 0.840, 183.19, -3.80, 0.834, 183.45, -4.13, 0.009, 334.00, -29.59);
insert into SHOT_FLAG values(1969, 'dpl');
insert into SHOT values (1970, 1978, 1980, 1405, 1.690, 246.99, -1.20, 1.694, 247.07, -1.35, 0.007, 275.15, -43.77);
insert into SHOT_FLAG values(1970, 'dpl');
insert into SHOT values (1971, 1978, 1981, 1405, 0.800, 118.39, -9.20, 0.794, 118.20, -9.43, 0.008, 319.32, -16.12);
insert into SHOT_FLAG values(1971, 'dpl');
insert into SHOT values (1972, 1978, 1982, 1405, 2.350, 235.89, -78.60, 2.357, 236.31, -78.53, 0.008, 275.00, -49.52);
insert into SHOT_FLAG values(1972, 'dpl');
insert into SHOT values (1973, 1978, 1983, 1405, 0.530, 326.69, 4.50, 0.528, 326.61, 4.34, 0.002, 174.41, -45.15);
insert into SHOT_FLAG values(1973, 'dpl');
insert into SHOT values (1974, 1978, 1984, 1405, 8.320, 255.29, 63.40, 8.310, 255.37, 63.40, 0.012, 29.01, -54.24);
insert into SHOT_FLAG values(1974, 'dpl');
insert into SHOT values (1975, 1984, 1985, 1405, 0.420, 196.99, 0.70, 0.430, 197.59, 1.33, 0.012, 221.02, 23.71);
insert into SHOT_FLAG values(1975, 'dpl');
insert into SHOT values (1976, 1984, 1986, 1405, 0.640, 355.09, 6.90, 0.638, 354.56, 7.20, 0.007, 241.68, 25.95);
insert into SHOT_FLAG values(1976, 'dpl');
insert into SHOT values (1977, 1984, 1987, 1405, 37.810, 338.49, -84.80, 37.805, 338.39, -84.81, 0.010, 203.60, 26.19);
insert into SHOT_FLAG values(1977, 'dpl');
insert into SHOT values (1978, 1984, 1988, 1405, 4.120, 268.09, 82.00, 4.121, 268.03, 81.90, 0.007, 262.59, 0.78);
insert into SHOT_FLAG values(1978, 'dpl');
insert into SHOT values (1979, 1984, 1989, 1405, 3.240, 86.79, -3.60, 3.231, 86.80, -3.55, 0.009, 263.29, 21.82);
insert into SHOT_FLAG values(1979, 'dpl');
insert into SHOT values (1980, 1984, 1990, 1405, 1.340, 51.99, -2.70, 1.334, 52.01, -2.58, 0.007, 227.59, 26.45);
insert into SHOT_FLAG values(1980, 'dpl');
insert into SHOT values (1981, 1984, 1991, 1405, 3.770, 292.59, -1.20, 3.767, 292.48, -1.06, 0.012, 180.26, 48.44);
insert into SHOT_FLAG values(1981, 'dpl');
insert into SHOT values (1982, 1984, 1992, 1405, 4.140, 291.19, 21.80, 4.146, 291.17, 21.80, 0.007, 274.72, 22.87);
insert into SHOT_FLAG values(1982, 'dpl');
insert into SHOT values (1983, 1984, 1993, 1405, 8.310, 279.49, 64.10, 8.314, 279.36, 64.12, 0.010, 179.10, 28.70);
insert into SHOT_FLAG values(1983, 'dpl');
insert into SHOT values (1984, 1993, 1994, 1405, 2.810, 350.59, -0.70, 2.818, 350.60, -0.61, 0.009, 355.30, 28.31);
insert into SHOT_FLAG values(1984, 'dpl');
insert into SHOT values (1985, 1993, 1995, 1405, 3.320, 14.39, -4.70, 3.324, 14.33, -4.66, 0.006, 334.52, 20.22);
insert into SHOT_FLAG values(1985, 'dpl');
insert into SHOT values (1986, 1993, 1996, 1405, 1.180, 46.09, -10.50, 1.180, 45.70, -10.74, 0.009, 312.30, -31.94);
insert into SHOT_FLAG values(1986, 'dpl');
insert into SHOT values (1987, 1993, 1997, 1405, 0.520, 140.19, -44.70, 0.518, 140.60, -45.60, 0.009, 300.64, -28.76);
insert into SHOT_FLAG values(1987, 'dpl');
insert into SHOT values (1988, 1993, 1998, 1405, 8.070, 74.89, -76.40, 8.066, 74.72, -76.40, 0.007, 339.61, 32.97);
insert into SHOT_FLAG values(1988, 'dpl');
insert into SHOT values (1989, 1993, 1999, 1405, 2.200, 234.89, 16.60, 2.203, 235.03, 16.62, 0.006, 295.86, 14.22);
insert into SHOT_FLAG values(1989, 'dpl');
insert into SHOT values (1990, 1993, 2000, 1405, 3.610, 234.89, 16.50, 3.618, 234.98, 16.54, 0.010, 274.94, 29.12);
insert into SHOT_FLAG values(1990, 'dpl');
insert into SHOT values (1991, 1993, 2001, 1405, 2.540, 160.39, -5.70, 2.536, 160.56, -5.66, 0.009, 276.01, 15.40);
insert into SHOT_FLAG values(1991, 'dpl');
insert into SHOT values (1992, 1993, 2002, 1405, 0.730, 355.89, 3.00, 0.734, 355.30, 3.13, 0.008, 290.31, 12.23);
insert into SHOT_FLAG values(1992, 'dpl');
insert into SHOT values (1993, 1993, 2003, 1405, 1.860, 90.89, -74.00, 1.861, 90.00, -74.10, 0.009, 341.79, -13.75);
insert into SHOT_FLAG values(1993, 'dpl');
insert into SHOT values (1994, 1993, 2004, 1405, 0.670, 122.49, 82.50, 0.665, 119.74, 83.04, 0.009, 331.65, -28.30);
insert into SHOT_FLAG values(1994, 'dpl');
insert into SHOT values (1995, 2000, 2005, 1405, 2.770, 216.39, 28.70, 2.765, 216.44, 28.75, 0.006, 14.55, -2.07);
insert into SHOT_FLAG values(1995, 'dpl');
insert into SHOT values (1996, 2000, 2006, 1405, 0.570, 177.99, 25.10, 0.564, 177.75, 25.18, 0.006, 18.02, -16.24);
insert into SHOT_FLAG values(1996, 'dpl');
insert into SHOT values (1997, 2000, 2007, 1405, 1.390, 342.59, 0.20, 1.392, 342.87, 0.00, 0.008, 57.93, -35.01);
insert into SHOT_FLAG values(1997, 'dpl');
insert into SHOT values (1998, 2000, 2008, 1405, 2.580, 71.49, 10.30, 2.584, 71.42, 10.26, 0.005, 34.59, -14.49);
insert into SHOT_FLAG values(1998, 'dpl');
insert into SHOT values (1999, 2000, 2009, 1405, 4.820, 235.99, -0.50, 4.812, 236.01, -0.60, 0.011, 42.78, -45.00);
insert into SHOT_FLAG values(1999, 'dpl');
insert into SHOT values (2000, 2000, 2010, 1405, 5.030, 256.09, 4.60, 5.022, 256.13, 4.57, 0.009, 52.50, -21.67);
insert into SHOT_FLAG values(2000, 'dpl');
insert into SHOT values (2001, 2000, 2011, 1405, 1.820, 290.49, 7.20, 1.820, 290.74, 6.94, 0.011, 10.03, -45.26);
insert into SHOT_FLAG values(2001, 'dpl');
insert into SHOT values (2002, 2000, 2012, 1405, 20.100, 31.99, 81.00, 20.098, 32.02, 80.99, 0.006, 52.53, -25.76);
insert into SHOT_FLAG values(2002, 'dpl');
insert into SHOT values (2003, 2005, 2013, 1405, 1.300, 250.29, -16.40, 1.297, 250.25, -16.58, 0.005, 81.90, -35.85);
insert into SHOT_FLAG values(2003, 'dpl');
insert into SHOT values (2004, 2005, 2014, 1405, 8.280, 227.99, -68.50, 8.284, 227.94, -68.54, 0.008, 79.35, -51.19);
insert into SHOT_FLAG values(2004, 'dpl');
insert into SHOT values (2005, 2005, 2015, 1405, 9.140, 185.99, -66.70, 9.146, 185.87, -66.69, 0.010, 121.28, -32.15);
insert into SHOT_FLAG values(2005, 'dpl');
insert into SHOT values (2006, 2005, 2016, 1405, 4.160, 4.39, 68.30, 4.154, 4.48, 68.32, 0.007, 148.42, -50.61);
insert into SHOT_FLAG values(2006, 'dpl');
insert into SHOT values (2007, 2016, 2017, 1405, 2.960, 235.79, -9.60, 2.956, 235.76, -9.54, 0.005, 76.91, 44.37);
insert into SHOT_FLAG values(2007, 'dpl');
insert into SHOT values (2008, 2016, 2018, 1405, 1.550, 176.79, -4.80, 1.548, 176.66, -4.82, 0.004, 58.83, -4.14);
insert into SHOT_FLAG values(2008, 'dpl');
insert into SHOT values (2009, 2016, 2019, 1405, 1.550, 110.39, 0.30, 1.547, 110.43, 0.37, 0.003, 271.09, 33.46);
insert into SHOT_FLAG values(2009, 'dpl');
insert into SHOT values (2010, 2016, 2020, 1405, 2.460, 82.79, -0.40, 2.460, 82.76, -0.47, 0.003, 339.30, -63.65);
insert into SHOT_FLAG values(2010, 'dpl');
insert into SHOT values (2011, 2016, 2021, 1405, 8.520, 31.99, 77.50, 8.523, 31.97, 77.46, 0.007, 26.87, 16.25);
insert into SHOT_FLAG values(2011, 'dpl');
insert into SHOT values (2012, 2021, 2022, 1405, 2.360, 227.29, -6.10, 2.370, 227.24, -6.06, 0.010, 214.21, 4.44);
insert into SHOT_FLAG values(2012, 'dpl');
insert into SHOT values (2013, 2021, 2023, 1405, 2.300, 178.69, -5.10, 2.300, 178.75, -5.24, 0.006, 277.26, -67.04);
insert into SHOT_FLAG values(2013, 'dpl');
insert into SHOT values (2014, 2021, 2024, 1405, 2.250, 153.79, 4.20, 2.255, 153.89, 4.07, 0.008, 188.70, -35.05);
insert into SHOT_FLAG values(2014, 'dpl');
insert into SHOT values (2015, 2021, 2025, 1405, 6.360, 269.49, 76.80, 6.358, 269.21, 76.82, 0.008, 162.39, -14.75);
insert into SHOT_FLAG values(2015, 'dpl');
insert into SHOT values (2016, 2025, 2026, 1405, 1.830, 82.49, 11.50, 1.824, 82.28, 11.70, 0.011, 305.66, 27.99);
insert into SHOT_FLAG values(2016, 'dpl');
insert into SHOT values (2017, 2025, 2027, 1405, 2.320, 130.89, -1.00, 2.318, 130.98, -0.99, 0.004, 247.02, 7.24);
insert into SHOT_FLAG values(2017, 'dpl');
insert into SHOT values (2018, 2025, 2028, 1405, 1.100, 178.59, -3.30, 1.102, 178.96, -3.12, 0.008, 252.88, 24.38);
insert into SHOT_FLAG values(2018, 'dpl');
insert into SHOT values (2019, 2025, 2029, 1405, 6.000, 57.89, 81.00, 6.003, 57.67, 81.04, 0.006, 282.35, 36.89);
insert into SHOT_FLAG values(2019, 'dpl');
insert into SHOT values (2020, 2029, 2030, 1405, 3.000, 325.89, 5.80, 2.997, 325.94, 5.75, 0.005, 108.08, -39.23);
insert into SHOT_FLAG values(2020, 'dpl');
insert into SHOT values (2021, 2029, 2031, 1405, 3.430, 289.89, 2.80, 3.430, 289.97, 2.67, 0.009, 19.08, -58.41);
insert into SHOT_FLAG values(2021, 'dpl');
insert into SHOT values (2022, 2029, 2032, 1405, 1.440, 254.09, -7.30, 1.437, 254.11, -7.60, 0.008, 67.28, -60.81);
insert into SHOT_FLAG values(2022, 'dpl');
insert into SHOT values (2023, 2029, 2033, 1405, 14.610, 299.49, 49.70, 14.604, 299.50, 49.71, 0.006, 110.25, -24.86);
insert into SHOT_FLAG values(2023, 'dpl');
insert into SHOT values (2024, 2029, 2034, 1405, 7.050, 299.29, 49.90, 7.047, 299.28, 49.89, 0.003, 164.50, -56.69);
insert into SHOT_FLAG values(2024, 'dpl');
insert into SHOT values (2025, 2029, 2035, 1405, 6.930, 299.29, 49.80, 6.927, 299.32, 49.78, 0.004, 35.32, -57.96);
insert into SHOT_FLAG values(2025, 'dpl');
insert into SHOT values (2026, 2029, 2036, 1405, 6.860, 298.99, 49.80, 6.860, 299.05, 49.81, 0.005, 37.36, 4.14);
insert into SHOT_FLAG values(2026, 'dpl');
insert into SHOT values (2027, 2029, 2037, 1405, 1.900, 70.19, 0.30, 1.904, 70.04, 0.30, 0.007, 21.79, 0.45);
insert into SHOT_FLAG values(2027, 'dpl');
insert into SHOT values (2028, 2029, 2038, 1405, 3.450, 102.39, -7.10, 3.446, 102.33, -7.17, 0.007, 320.70, -30.82);
insert into SHOT_FLAG values(2028, 'dpl');
insert into SHOT values (2029, 2029, 2039, 1405, 2.650, 124.69, -5.50, 2.651, 124.65, -5.63, 0.006, 40.44, -74.02);
insert into SHOT_FLAG values(2029, 'dpl');
insert into SHOT values (2030, 2029, 2040, 1405, 0.490, 243.29, -19.40, 0.491, 242.88, -20.26, 0.008, 128.39, -63.21);
insert into SHOT_FLAG values(2030, 'dpl');
insert into SHOT values (2031, 2035, 2041, 1405, 8.250, 22.89, 82.80, 8.245, 22.83, 82.82, 0.006, 220.67, -55.61);
insert into SHOT_FLAG values(2031, 'dpl');
insert into SHOT values (2032, 2035, 2042, 1405, 9.210, 22.59, 82.70, 9.215, 22.62, 82.71, 0.005, 136.91, 82.12);
insert into SHOT_FLAG values(2032, 'dpl');
insert into SHOT values (2033, 2035, 2043, 1405, 0.300, 41.29, 11.40, 0.297, 40.82, 11.66, 0.004, 256.66, 9.56);
insert into SHOT_FLAG values(2033, 'dpl');
insert into SHOT values (2034, 2035, 2044, 1405, 0.280, 188.29, 6.20, 0.284, 188.13, 6.05, 0.005, 178.23, -3.02);
insert into SHOT_FLAG values(2034, 'dpl');
insert into SHOT values (2035, 2041, 2045, 1405, 4.400, 313.69, -3.50, 4.400, 313.80, -3.39, 0.012, 41.69, 45.69);
insert into SHOT_FLAG values(2035, 'dpl');
insert into SHOT values (2036, 2035, 2046, 1405, 4.410, 313.59, -3.40, 4.414, 313.62, -3.38, 0.005, 341.44, 17.53);
insert into SHOT_FLAG values(2036, 'dpl');
insert into SHOT values (2037, 2045, 2047, 1405, 0.380, 37.39, -1.30, 0.378, 37.48, -1.52, 0.002, 200.78, -35.08);
insert into SHOT_FLAG values(2037, 'dpl');
insert into SHOT values (2038, 2045, 2048, 1405, 0.160, 231.69, 15.80, 0.161, 230.19, 14.36, 0.006, 169.99, -37.57);
insert into SHOT_FLAG values(2038, 'dpl');
insert into SHOT values (2039, 2045, 2049, 1405, 9.150, 257.99, -79.00, 9.159, 257.79, -78.99, 0.011, 198.88, -48.70);
insert into SHOT_FLAG values(2039, 'dpl');
insert into SHOT values (2040, 2045, 2050, 1405, 3.790, 78.59, 82.80, 3.789, 78.93, 82.89, 0.007, 234.85, -0.96);
insert into SHOT_FLAG values(2040, 'dpl');
insert into SHOT values (2041, 2045, 2051, 1405, 4.550, 327.09, 50.60, 4.543, 327.03, 50.59, 0.008, 191.35, -51.69);
insert into SHOT_FLAG values(2041, 'dpl');
insert into SHOT values (2042, 2051, 2052, 1405, 2.130, 140.89, 10.60, 2.126, 140.83, 10.57, 0.005, 351.68, -21.48);
insert into SHOT_FLAG values(2042, 'dpl');
insert into SHOT values (2043, 2051, 2053, 1405, 1.810, 300.19, 3.10, 1.817, 300.10, 3.15, 0.008, 278.08, 15.02);
insert into SHOT_FLAG values(2043, 'dpl');
insert into SHOT values (2044, 2051, 2054, 1405, 0.470, 239.89, 7.60, 0.474, 240.71, 7.27, 0.008, 297.92, -15.28);
insert into SHOT_FLAG values(2044, 'dpl');
insert into SHOT values (2045, 2051, 2055, 1405, 0.540, 68.79, 15.00, 0.535, 68.40, 15.17, 0.006, 281.72, 2.13);
insert into SHOT_FLAG values(2045, 'dpl');
insert into SHOT values (2046, 2051, 2056, 1405, 13.140, 232.29, -78.80, 13.140, 232.32, -78.80, 0.001, 321.70, -10.30);
insert into SHOT_FLAG values(2046, 'dpl');
insert into SHOT values (2047, 2051, 2057, 1405, 3.170, 355.49, 74.70, 3.171, 355.18, 74.77, 0.006, 227.48, 22.24);
insert into SHOT_FLAG values(2047, 'dpl');
insert into SHOT values (2048, 2057, 2058, 1405, 1.960, 292.69, 59.20, 1.955, 292.97, 59.26, 0.007, 64.33, -28.46);
insert into SHOT_FLAG values(2048, 'dpl');
insert into SHOT values (2049, 2057, 2059, 1405, 1.890, 292.19, 59.50, 1.894, 292.57, 59.40, 0.008, 346.80, 10.89);
insert into SHOT_FLAG values(2049, 'dpl');
insert into SHOT values (2050, 2057, 2060, 1405, 1.990, 292.29, 59.30, 1.990, 292.53, 59.24, 0.005, 0.68, -13.45);
insert into SHOT_FLAG values(2050, 'dpl');
insert into SHOT values (2051, 2057, 2061, 1405, 1.910, 291.99, 59.40, 1.907, 292.35, 59.32, 0.007, 14.48, -33.30);
insert into SHOT_FLAG values(2051, 'dpl');
insert into SHOT values (2052, 2057, 2062, 1405, 0.680, 233.69, -1.80, 0.680, 233.97, -1.68, 0.004, 316.85, 21.99);
insert into SHOT_FLAG values(2052, 'dpl');
insert into SHOT values (2053, 2057, 2063, 1405, 1.800, 290.69, -77.40, 1.804, 290.73, -77.33, 0.004, 295.31, -48.61);
insert into SHOT_FLAG values(2053, 'dpl');
insert into SHOT values (2054, 2057, 2064, 1405, 1.440, 237.89, 61.50, 1.442, 238.17, 61.74, 0.007, 21.05, 38.85);
insert into SHOT_FLAG values(2054, 'dpl');
insert into SHOT values (2055, 2057, 2065, 1405, 1.570, 266.39, 25.00, 1.568, 266.78, 24.89, 0.010, 0.49, -20.15);
insert into SHOT_FLAG values(2055, 'dpl');
insert into SHOT values (2056, 2065, 2066, 1405, 0.390, 118.99, -10.20, 0.396, 119.20, -10.19, 0.006, 132.94, -9.15);
insert into SHOT_FLAG values(2056, 'dpl');
insert into SHOT values (2057, 2065, 2067, 1405, 0.510, 91.09, -84.10, 0.503, 101.31, -84.18, 0.012, 195.02, 38.06);
insert into SHOT_FLAG values(2057, 'dpl');
insert into SHOT values (2058, 2065, 2068, 1405, 0.760, 15.29, 49.70, 0.758, 15.46, 49.94, 0.004, 175.00, 5.09);
insert into SHOT_FLAG values(2058, 'dpl');
insert into SHOT values (2059, 2065, 2069, 1405, 2.490, 221.59, 4.50, 2.494, 221.58, 4.60, 0.006, 212.48, 48.44);
insert into SHOT_FLAG values(2059, 'dpl');
insert into SHOT values (2060, 2069, 2070, 1405, 0.200, 221.69, 5.10, 0.199, 220.91, 5.75, 0.004, 116.47, 38.54);
insert into SHOT_FLAG values(2060, 'dpl');
insert into SHOT values (2061, 2069, 2071, 1405, 0.460, 353.99, -1.90, 0.462, 355.03, -2.48, 0.010, 71.12, -28.94);
insert into SHOT_FLAG values(2061, 'dpl');
insert into SHOT values (2062, 2069, 2072, 1405, 1.500, 332.59, -63.20, 1.501, 332.68, -63.25, 0.002, 106.53, -38.87);
insert into SHOT_FLAG values(2062, 'dpl');
insert into SHOT values (2063, 2069, 2073, 1405, 1.030, 214.39, 85.50, 1.033, 209.74, 85.52, 0.007, 120.40, 25.87);
insert into SHOT_FLAG values(2063, 'dpl');
insert into SHOT values (2064, 2069, 2074, 1405, 6.230, 269.79, 18.10, 6.227, 269.81, 18.06, 0.006, 46.50, -67.29);
insert into SHOT_FLAG values(2064, 'dpl');
insert into SHOT values (2065, 2074, 2075, 1405, 2.790, 291.79, 26.10, 2.786, 291.84, 26.20, 0.007, 90.89, 21.68);
insert into SHOT_FLAG values(2065, 'dpl');
insert into SHOT values (2066, 2074, 2076, 1405, 1.540, 10.49, 26.50, 1.537, 10.49, 26.68, 0.006, 190.40, 28.56);
insert into SHOT_FLAG values(2066, 'dpl');
insert into SHOT values (2067, 2074, 2077, 1405, 1.860, 65.19, 15.30, 1.860, 65.29, 15.27, 0.003, 151.76, -14.28);
insert into SHOT_FLAG values(2067, 'dpl');
insert into SHOT values (2068, 2074, 2078, 1405, 2.200, 203.69, 26.30, 2.205, 203.58, 26.39, 0.007, 147.94, 48.42);
insert into SHOT_FLAG values(2068, 'dpl');
insert into SHOT values (2069, 2074, 2079, 1405, 4.190, 160.19, 14.10, 4.197, 160.19, 14.07, 0.007, 156.90, -5.86);
insert into SHOT_FLAG values(2069, 'dpl');
insert into SHOT values (2070, 2074, 2080, 1405, 4.040, 137.89, 11.50, 4.047, 137.86, 11.55, 0.008, 119.12, 36.40);
insert into SHOT_FLAG values(2070, 'dpl');
insert into SHOT values (2071, 2074, 2081, 1405, 3.780, 95.29, 9.20, 3.786, 95.37, 9.27, 0.009, 142.55, 37.21);
insert into SHOT_FLAG values(2071, 'dpl');
insert into SHOT values (2072, 2074, 2082, 1405, 3.310, 120.39, 32.00, 3.312, 120.40, 32.10, 0.006, 273.50, 77.41);
insert into SHOT_FLAG values(2072, 'dpl');
insert into SHOT values (2073, 2082, 2083, 1405, 5.070, 261.59, 47.30, 5.065, 261.47, 47.26, 0.009, 169.71, -39.43);
insert into SHOT_FLAG values(2073, 'dpl');
insert into SHOT values (2074, 2083, 2084, 1405, 2.410, 16.29, -0.40, 2.418, 16.34, -0.24, 0.010, 30.19, 40.86);
insert into SHOT_FLAG values(2074, 'dpl');
insert into SHOT values (2075, 2083, 2085, 1405, 2.850, 66.69, -6.00, 2.850, 66.51, -5.84, 0.012, 340.14, 41.29);
insert into SHOT_FLAG values(2075, 'dpl');
insert into SHOT values (2076, 2083, 2086, 1405, 3.250, 101.29, -5.60, 3.247, 101.24, -5.48, 0.008, 330.21, 62.02);
insert into SHOT_FLAG values(2076, 'dpl');
insert into SHOT values (2077, 2083, 2087, 1405, 3.490, 130.49, -12.80, 3.491, 130.47, -12.74, 0.004, 94.89, 60.72);
insert into SHOT_FLAG values(2077, 'dpl');
insert into SHOT values (2078, 2083, 2088, 1405, 11.670, 331.89, 88.40, 11.675, 332.65, 88.40, 0.006, 53.70, 46.16);
insert into SHOT_FLAG values(2078, 'dpl');
insert into SHOT values (2079, 2088, 2089, 1405, 2.200, 222.09, 9.30, 2.203, 222.20, 9.40, 0.007, 283.37, 42.80);
insert into SHOT_FLAG values(2079, 'dpl');
insert into SHOT values (2080, 2089, 2090, 1405, 2.180, 221.59, 9.10, 2.180, 221.61, 8.97, 0.005, 265.01, -76.92);
insert into SHOT_FLAG values(2080, 'dpl');
insert into SHOT values (2081, 2089, 2091, 1405, 3.340, 337.89, 1.80, 3.335, 337.98, 1.72, 0.009, 114.10, -34.81);
insert into SHOT_FLAG values(2081, 'dpl');
insert into SHOT values (2082, 2089, 2092, 1405, 1.980, 35.29, 1.70, 1.987, 35.37, 1.44, 0.012, 55.22, -47.42);
insert into SHOT_FLAG values(2082, 'dpl');
insert into SHOT values (2083, 2089, 2093, 1405, 3.880, 62.09, 2.30, 3.886, 62.05, 2.21, 0.009, 36.94, -40.40);
insert into SHOT_FLAG values(2083, 'dpl');
insert into SHOT values (2084, 2089, 2094, 1405, 3.910, 94.89, 1.10, 3.915, 94.84, 1.02, 0.008, 56.22, -40.33);
insert into SHOT_FLAG values(2084, 'dpl');
insert into SHOT values (2085, 2089, 2095, 1405, 8.750, 329.49, 79.60, 8.744, 329.53, 79.60, 0.007, 114.37, -71.64);
insert into SHOT_FLAG values(2085, 'dpl');
insert into SHOT values (2086, 2095, 2096, 1405, 3.070, 90.39, 0.60, 3.070, 90.37, 0.56, 0.002, 14.09, -65.36);
insert into SHOT_FLAG values(2086, 'dpl');
insert into SHOT values (2087, 2095, 2097, 1405, 5.260, 117.99, -5.40, 5.257, 118.03, -5.35, 0.007, 241.03, 47.09);
insert into SHOT_FLAG values(2087, 'dpl');
insert into SHOT values (2088, 2095, 2098, 1405, 1.740, 156.49, -3.40, 1.736, 156.54, -3.30, 0.005, 314.18, 38.79);
insert into SHOT_FLAG values(2088, 'dpl');
insert into SHOT values (2089, 2095, 2099, 1405, 1.200, 223.79, -6.60, 1.196, 223.64, -6.72, 0.005, 84.21, -22.71);
insert into SHOT_FLAG values(2089, 'dpl');
insert into SHOT values (2090, 2095, 2100, 1405, 2.690, 224.79, 72.10, 2.690, 224.51, 72.09, 0.004, 142.46, 2.95);
insert into SHOT_FLAG values(2090, 'dpl');
insert into SHOT values (2091, 2100, 2101, 1405, 0.570, 7.59, 5.50, 0.577, 7.00, 5.96, 0.011, 326.90, 30.62);
insert into SHOT_FLAG values(2091, 'dpl');
insert into SHOT values (2092, 2100, 2102, 1405, 6.210, 180.39, 74.90, 6.212, 180.36, 74.98, 0.009, 7.72, 29.62);
insert into SHOT_FLAG values(2092, 'dpl');
insert into SHOT values (2093, 2100, 2103, 1405, 0.260, 261.59, 14.80, 0.261, 263.16, 15.54, 0.008, 348.88, 27.49);
insert into SHOT_FLAG values(2093, 'dpl');
insert into SHOT values (2094, 2100, 2104, 1405, 2.730, 301.49, -11.70, 2.731, 301.55, -11.62, 0.005, 352.99, 45.11);
insert into SHOT_FLAG values(2094, 'dpl');
insert into SHOT values (2095, 2100, 2105, 1405, 3.170, 289.29, -59.10, 3.172, 289.32, -59.04, 0.004, 302.14, 0.92);
insert into SHOT_FLAG values(2095, 'dpl');
insert into SHOT values (2096, 2100, 2106, 1405, 4.880, 294.49, 24.30, 4.885, 294.55, 24.30, 0.007, 337.88, 15.09);
insert into SHOT_FLAG values(2096, 'dpl');
insert into SHOT values (2097, 2106, 2107, 1405, 0.560, 174.89, -7.80, 0.558, 174.81, -8.24, 0.005, 12.80, -56.16);
insert into SHOT_FLAG values(2097, 'dpl');
insert into SHOT values (2098, 2106, 2108, 1405, 1.300, 113.09, -88.50, 1.300, 108.43, -88.61, 0.004, 338.72, -7.07);
insert into SHOT_FLAG values(2098, 'dpl');
insert into SHOT values (2099, 2106, 2109, 1405, 18.000, 238.19, 76.70, 18.003, 238.23, 76.70, 0.004, 338.66, 44.73);
insert into SHOT_FLAG values(2099, 'dpl');
insert into SHOT values (2100, 2106, 2110, 1405, 4.600, 229.59, 23.50, 4.600, 229.52, 23.44, 0.007, 158.76, -36.12);
insert into SHOT_FLAG values(2100, 'dpl');
insert into SURVEY values (1408, 331, 'Escalade_speleoloques', 'Escalade_speleoloques.Kriska.Ded', 'Escalade_speleoloques');
 insert into CENTRELINE values (1409, 1408, NULL, NULL, NULL, 0.00, 0.00, 0.00);
 insert into SURVEY values (1410, 1408, 'escalade_speleoloques', 'escalade_speleoloques.Escalade_speleoloques.Kriska.Ded', 'escalade_speleoloques');
 insert into CENTRELINE values (1411, 1410, NULL, NULL, NULL, 0.00, 0.00, 0.00);
 insert into CENTRELINE values (1412, 1410, NULL, '2022-10-01', '2022-10-01', 40.27, 0.00, 0.00);
 insert into TOPO values (1, 1412);
 insert into TOPO values (2, 1412);
 insert into EXPLO values (1, 1412);
 insert into EXPLO values (2, 1412);
 insert into SHOT values (2101, 2111, 2112, 1412, 10.760, 237.90, 72.70, 10.757, 237.90, 72.70, 0.003, 73.86, -77.71);
insert into SHOT values (2102, 2111, 2113, 1412, 10.810, 240.00, 68.50, 10.812, 240.00, 68.51, 0.003, 57.91, 57.14);
insert into SHOT values (2103, 2111, 2114, 1412, 12.690, 240.50, 66.50, 12.691, 240.49, 66.52, 0.005, 70.75, 29.14);
insert into SHOT values (2104, 2111, 2115, 1412, 17.240, 240.10, 75.60, 17.240, 240.02, 75.62, 0.008, 113.48, 12.26);
insert into SHOT values (2105, 2111, 2116, 1412, 8.750, 178.40, 74.50, 8.749, 178.29, 74.48, 0.006, 118.00, -17.87);
insert into SHOT values (2106, 2111, 2117, 1412, 1.110, 176.80, 5.50, 1.116, 176.91, 5.14, 0.009, 193.31, -42.31);
insert into SHOT values (2107, 2111, 2118, 1412, 2.050, 145.80, 0.90, 2.053, 145.92, 0.84, 0.006, 203.73, -23.51);
insert into SHOT values (2108, 2111, 2119, 1412, 3.110, 126.40, -2.50, 3.113, 126.50, -2.58, 0.008, 186.89, -35.32);
insert into SHOT values (2109, 2111, 2120, 1412, 3.940, 114.30, -0.00, 3.939, 114.29, 0.00, 0.002, 331.77, 0.00);
insert into SHOT values (2110, 2111, 2121, 1412, 3.660, 101.00, -1.10, 3.658, 101.03, -1.10, 0.003, 232.62, 5.80);
insert into SHOT values (2111, 2111, 2122, 1412, 9.390, 135.80, 60.70, 9.395, 135.79, 60.66, 0.009, 129.75, 8.54);
insert into SHOT values (2112, 2111, 2123, 1412, 5.670, 134.90, 40.70, 5.671, 134.91, 40.59, 0.011, 136.46, -43.98);
insert into SHOT values (2113, 2111, 2124, 1412, 4.260, 137.20, 15.30, 4.261, 137.27, 15.24, 0.007, 198.66, -38.18);
insert into SHOT values (2114, 2111, 2125, 1412, 2.560, 121.20, 2.30, 2.564, 121.27, 2.24, 0.006, 156.32, -27.58);
insert into SHOT values (2115, 2111, 2126, 1412, 2.590, 118.60, 2.80, 2.589, 118.65, 2.66, 0.007, 217.70, -73.35);
insert into SHOT values (2116, 2111, 2127, 1412, 2.580, 117.30, 2.70, 2.579, 117.26, 2.67, 0.003, 359.40, -35.79);
insert into SHOT values (2117, 2127, 2128, 1412, 1.380, 301.40, -9.00, 1.378, 301.47, -9.19, 0.005, 93.50, -50.76);
insert into SHOT values (2118, 2127, 2129, 1412, 3.300, 309.50, -9.20, 3.296, 309.51, -9.25, 0.005, 122.16, -30.12);
insert into SHOT values (2119, 2127, 2130, 1412, 2.660, 329.70, -8.40, 2.655, 329.82, -8.45, 0.008, 105.37, -10.31);
insert into SHOT values (2120, 2127, 2131, 1412, 2.250, 347.40, -6.30, 2.246, 347.58, -6.39, 0.009, 108.43, -20.80);
insert into SHOT values (2121, 2127, 2132, 1412, 2.090, 10.10, 10.80, 2.089, 10.11, 10.76, 0.002, 186.75, -54.65);
insert into SHOT values (2122, 2127, 2133, 1412, 2.380, 78.20, 4.10, 2.385, 78.36, 4.09, 0.008, 130.53, -1.15);
insert into SHOT values (2123, 2127, 2134, 1412, 3.090, 42.00, 3.80, 3.093, 42.11, 3.71, 0.008, 99.63, -34.73);
insert into SHOT values (2124, 2127, 2135, 1412, 5.250, 6.00, 1.00, 5.250, 6.01, 0.98, 0.002, 112.08, -55.84);
insert into SHOT values (2125, 2135, 2136, 1412, 1.520, 218.80, -6.00, 1.523, 218.84, -6.03, 0.004, 234.34, -18.48);
insert into SHOT values (2126, 2135, 2137, 1412, 4.780, 198.40, -66.40, 4.781, 198.25, -66.37, 0.006, 135.35, 2.08);
insert into SHOT values (2127, 2135, 2138, 1412, 1.610, 169.00, -39.50, 1.608, 168.87, -39.36, 0.005, 99.32, 53.15);
insert into SHOT values (2128, 2135, 2139, 1412, 1.370, 154.00, -12.20, 1.377, 154.01, -12.16, 0.007, 154.54, -3.90);
insert into SHOT values (2129, 2135, 2140, 1412, 1.770, 47.00, -62.10, 1.766, 47.45, -62.04, 0.008, 138.70, 33.61);
insert into SHOT values (2130, 2135, 2141, 1412, 3.010, 323.50, -55.60, 3.003, 323.40, -55.66, 0.008, 168.38, 26.50);
insert into SHOT values (2131, 2141, 2142, 1412, 0.530, 222.50, 0.80, 0.531, 222.71, 0.00, 0.008, 289.72, -74.36);
insert into SHOT values (2132, 2141, 2143, 1412, 0.740, 219.30, 58.40, 0.741, 219.81, 58.21, 0.004, 270.56, -3.62);
insert into SHOT values (2133, 2141, 2144, 1412, 1.520, 205.00, -79.20, 1.525, 205.64, -79.53, 0.011, 2.71, -40.39);
insert into SHOT values (2134, 2141, 2145, 1412, 1.950, 257.10, 81.20, 1.943, 258.31, 81.23, 0.010, 6.90, -46.73);
insert into SHOT values (2135, 2141, 2146, 1412, 1.140, 307.30, 17.70, 1.136, 307.50, 17.41, 0.008, 64.74, -57.00);
insert into SHOT values (2136, 2141, 2147, 1412, 1.140, 310.90, -6.70, 1.143, 310.71, -7.03, 0.008, 252.34, -57.46);
insert into SHOT values (2137, 2147, 2148, 1412, 16.610, 15.50, -71.60, 16.612, 15.57, -71.57, 0.012, 47.72, 4.08);
insert into SHOT values (2138, 2148, 2149, 1412, 9.200, 309.40, -66.00, 9.197, 309.26, -65.97, 0.011, 238.26, 24.60);
insert into SHOT values (2139, 2149, 2150, 1412, 2.480, 116.60, -56.80, 2.487, 116.57, -56.74, 0.008, 108.07, -38.29);
insert into SCRAPS values (1414, 1408, 'SP-ES-1', 1, 51.99744, 4.43117);
 insert into SCRAPS values (1430, 1408, 'SC-ES-elev-1', 2, 44.88709, 12.03862);
 insert into MAPS values (1445, 1408, 'MP-Escalade_speleoloques-plan-tot', 'Escalade_speleoloques', 1, 40.270, -28.860);
 insert into MAPITEMS values (1445, 4, 1414);
 insert into MAPS values (1446, 1408, 'MC-Escalade_speleoloques-coupe-tot-elev', 'Escalade_speleoloques', 2, 40.270, -28.860);
 insert into MAPITEMS values (1446, 4, 1430);
 insert into SURVEY values (1448, 331, 'Escalade_speleoloques2', 'Escalade_speleoloques2.Kriska.Ded', 'Escalade_speleoloques2');
 insert into CENTRELINE values (1449, 1448, NULL, NULL, NULL, 0.00, 0.00, 0.00);
 insert into SURVEY values (1450, 1448, 'escalade_speleoloques2', 'escalade_speleoloques2.Escalade_speleoloques2.Kriska.Ded', 'escalade_speleoloques2');
 insert into CENTRELINE values (1451, 1450, NULL, NULL, NULL, 0.00, 0.00, 0.00);
 insert into CENTRELINE values (1452, 1450, NULL, '2023-06-15', '2023-06-15', 67.99, 0.00, 0.00);
 insert into PERSON values (32, 'Simon', 'Tissot(GUCEM)');
insert into TOPO values (32, 1452);
 insert into TOPO values (2, 1452);
 insert into EXPLO values (32, 1452);
 insert into EXPLO values (2, 1452);
 insert into SHOT values (2140, 2151, 2152, 1452, 15.720, 114.12, 88.10, 15.719, 113.63, 88.09, 0.005, 55.38, -14.58);
insert into SHOT values (2141, 2151, 2153, 1452, 1.090, 74.22, 24.30, 1.094, 74.29, 24.29, 0.004, 92.88, 19.79);
insert into SHOT values (2142, 2151, 2154, 1452, 2.060, 84.82, 6.60, 2.062, 84.96, 6.68, 0.006, 157.41, 31.58);
insert into SHOT values (2143, 2151, 2155, 1452, 3.160, 106.22, 2.40, 3.167, 106.14, 2.35, 0.009, 78.20, -15.17);
insert into SHOT values (2144, 2151, 2156, 1452, 2.810, 114.52, -3.50, 2.816, 114.38, -3.46, 0.009, 64.45, 9.74);
insert into SHOT values (2145, 2151, 2157, 1452, 1.120, 66.62, -69.30, 1.125, 66.61, -69.00, 0.008, 66.48, -17.69);
insert into SHOT values (2146, 2151, 2158, 1452, 2.820, 136.72, 6.50, 2.826, 136.59, 6.50, 0.009, 91.86, 4.85);
insert into SHOT values (2147, 2151, 2159, 1452, 2.790, 114.62, -0.00, 2.792, 114.55, 0.00, 0.004, 58.56, 0.00);
insert into SHOT values (2148, 2151, 2160, 1452, 15.270, 111.72, 76.40, 15.269, 111.71, 76.38, 0.005, 107.93, -22.49);
insert into SHOT values (2149, 2151, 2161, 1452, 8.810, 158.52, 76.30, 8.811, 158.35, 76.30, 0.006, 74.85, 6.13);
insert into SHOT values (2150, 2151, 2162, 1452, 5.320, 168.72, 80.80, 5.318, 168.42, 80.83, 0.006, 40.97, -15.97);
insert into SHOT values (2151, 2151, 2163, 1452, 13.150, 124.02, 73.70, 13.150, 124.08, 73.68, 0.005, 170.88, -15.22);
insert into SHOT values (2152, 2151, 2164, 1452, 14.870, 147.02, 80.00, 14.877, 146.99, 79.98, 0.008, 132.85, 45.11);
insert into SHOT values (2153, 2151, 2165, 1452, 4.580, 125.52, 36.30, 4.581, 125.41, 36.27, 0.007, 52.15, -11.28);
insert into SHOT values (2154, 2151, 2166, 1452, 5.830, 100.62, 51.20, 5.834, 100.57, 51.25, 0.007, 349.72, 64.16);
insert into SHOT values (2155, 2151, 2167, 1452, 9.070, 111.22, 49.80, 9.074, 111.22, 49.80, 0.004, 117.00, 39.79);
insert into SHOT values (2156, 2151, 2168, 1452, 9.280, 104.62, 52.40, 9.279, 104.63, 52.38, 0.003, 134.25, -57.44);
insert into SHOT values (2157, 2151, 2169, 1452, 8.870, 118.22, 50.80, 8.875, 118.21, 50.83, 0.006, 10.77, 83.86);
insert into SHOT values (2158, 2151, 2170, 1452, 2.690, 159.52, 0.70, 2.693, 159.34, 0.64, 0.009, 91.67, -18.07);
insert into SHOT values (2159, 2170, 2171, 1452, 2.700, 157.12, 0.70, 2.703, 157.14, 0.85, 0.008, 175.82, 69.13);
insert into SHOT values (2160, 2170, 2172, 1452, 1.100, 252.22, -30.50, 1.102, 252.32, -29.94, 0.011, 265.90, 47.83);
insert into SHOT values (2161, 2170, 2173, 1452, 2.360, 267.02, -33.30, 2.357, 267.09, -33.18, 0.006, 356.38, 65.10);
insert into SHOT values (2162, 2170, 2174, 1452, 1.700, 300.82, -30.80, 1.705, 300.76, -30.68, 0.006, 287.90, 4.33);
insert into SHOT values (2163, 2170, 2175, 1452, 1.900, 326.12, -54.50, 1.898, 326.02, -54.23, 0.009, 309.47, 47.07);
insert into SHOT values (2164, 2170, 2176, 1452, 2.840, 72.72, 1.60, 2.838, 72.78, 1.62, 0.004, 191.94, 11.44);
insert into SHOT values (2165, 2170, 2177, 1452, 3.150, 61.72, 0.70, 3.146, 61.72, 0.73, 0.005, 237.06, 18.76);
insert into SHOT values (2166, 2170, 2178, 1452, 3.290, 51.22, 0.80, 3.286, 51.18, 0.87, 0.006, 262.85, 42.54);
insert into SHOT values (2167, 2170, 2179, 1452, 1.890, 59.22, -30.00, 1.884, 59.04, -29.93, 0.008, 290.54, 37.11);
insert into SHOT values (2168, 2170, 2180, 1452, 9.380, 334.32, 71.50, 9.384, 334.30, 71.52, 0.005, 182.59, 64.20);
insert into SHOT values (2169, 2170, 2181, 1452, 5.920, 342.62, 55.80, 5.926, 342.54, 55.77, 0.008, 306.96, 26.54);
insert into SHOT values (2170, 2170, 2182, 1452, 9.510, 40.42, 44.90, 9.512, 40.36, 44.95, 0.010, 280.29, 43.26);
insert into SHOT values (2171, 2170, 2183, 1452, 11.890, 27.02, 56.90, 11.896, 27.04, 56.94, 0.011, 174.69, 64.37);
insert into SHOT values (2172, 2170, 2184, 1452, 2.360, 272.62, -35.70, 2.360, 272.68, -35.48, 0.009, 294.36, 49.94);
insert into SHOT values (2173, 2184, 2185, 1452, 0.350, 113.62, -4.50, 0.351, 113.63, -4.91, 0.003, 125.05, -81.68);
insert into SHOT values (2174, 2184, 2186, 1452, 0.190, 312.62, 3.90, 0.191, 312.88, 3.00, 0.003, 343.00, -59.46);
insert into SHOT values (2175, 2184, 2187, 1452, 1.380, 25.02, 64.30, 1.375, 24.84, 64.36, 0.005, 233.21, -42.20);
insert into SHOT values (2176, 2184, 2188, 1452, 1.510, 59.82, 24.80, 1.513, 59.89, 24.61, 0.006, 80.56, -33.16);
insert into SHOT values (2177, 2184, 2189, 1452, 0.890, 301.92, 27.80, 0.886, 301.46, 27.56, 0.008, 195.69, -38.16);
insert into SHOT values (2178, 2184, 2190, 1452, 0.800, 140.42, -86.30, 0.802, 143.13, -86.42, 0.003, 265.82, -29.87);
insert into SHOT values (2179, 2184, 2191, 1452, 0.470, 1.72, -66.20, 0.470, 3.01, -66.13, 0.004, 84.46, 0.41);
insert into SHOT values (2180, 2184, 2192, 1452, 2.750, 146.32, -65.60, 2.757, 146.45, -65.57, 0.007, 180.47, -50.22);
insert into SHOT values (2181, 2192, 2193, 1452, 0.320, 130.32, 8.30, 0.316, 129.81, 9.09, 0.006, 343.60, 36.82);
insert into SHOT values (2182, 2192, 2194, 1452, 0.170, 293.12, -52.30, 0.163, 293.96, -52.85, 0.007, 98.27, 38.48);
insert into SHOT values (2183, 2192, 2195, 1452, 0.840, 350.82, -11.30, 0.846, 350.99, -10.91, 0.008, 11.98, 33.31);
insert into SHOT values (2184, 2192, 2196, 1452, 1.480, 194.82, 4.60, 1.475, 194.98, 4.67, 0.007, 336.17, 10.95);
insert into SHOT values (2185, 2192, 2197, 1452, 4.970, 197.62, 10.20, 4.968, 197.62, 10.20, 0.002, 12.08, -3.05);
insert into SHOT values (2186, 2192, 2198, 1452, 1.740, 215.72, 6.00, 1.736, 215.81, 5.95, 0.005, 2.58, -20.66);
insert into SHOT values (2187, 2192, 2199, 1452, 1.040, 241.42, 86.60, 1.042, 239.04, 86.79, 0.005, 96.73, 23.60);
insert into SHOT values (2188, 2192, 2200, 1452, 1.090, 256.92, 72.90, 1.087, 257.28, 73.01, 0.004, 40.61, -28.39);
insert into SHOT values (2189, 2192, 2201, 1452, 0.930, 75.52, 2.20, 0.930, 75.66, 2.47, 0.005, 174.88, 60.63);
insert into SHOT values (2190, 2192, 2202, 1452, 0.910, 298.82, 0.70, 0.913, 298.81, 0.63, 0.003, 296.89, -19.90);
insert into SHOT values (2191, 2192, 2203, 1452, 1.390, 294.12, 43.30, 1.394, 294.54, 43.51, 0.010, 26.40, 42.11);
insert into SHOT values (2192, 2192, 2204, 1452, 2.280, 67.42, -5.80, 2.285, 67.50, -5.78, 0.006, 100.88, 4.10);
insert into SHOT values (2193, 2205, 2192, 1452, 3.300, 67.22, -5.70, 3.302, 67.26, -5.74, 0.004, 121.94, -37.21);
insert into SHOT values (2194, 2205, 2206, 1452, 0.730, 119.02, -1.80, 0.730, 118.67, -1.57, 0.005, 26.39, 33.74);
insert into SHOT values (2195, 2205, 2207, 1452, 1.560, 251.72, -1.10, 1.559, 251.68, -1.10, 0.001, 125.94, -2.46);
insert into SHOT values (2196, 2205, 2208, 1452, 2.200, 242.22, -2.10, 2.193, 242.27, -2.09, 0.007, 46.78, 5.05);
insert into SHOT values (2197, 2205, 2209, 1452, 1.580, 232.02, -2.90, 1.576, 231.97, -2.91, 0.004, 73.34, -0.92);
insert into SHOT values (2198, 2205, 2210, 1452, 2.850, 249.32, -49.10, 2.844, 249.23, -49.12, 0.007, 99.28, 35.68);
insert into SHOT values (2199, 2205, 2211, 1452, 1.950, 236.82, -69.90, 1.949, 236.55, -69.86, 0.004, 165.13, 20.28);
insert into SHOT values (2200, 2205, 2212, 1452, 9.100, 331.02, 77.50, 9.105, 331.09, 77.54, 0.008, 123.99, 47.34);
insert into SHOT values (2201, 2205, 2213, 1452, 3.360, 287.02, 53.80, 3.354, 287.06, 53.89, 0.008, 95.79, -10.36);
insert into SHOT values (2202, 2205, 2214, 1452, 1.830, 293.72, 87.30, 1.832, 290.56, 87.33, 0.005, 192.96, 22.96);
insert into SHOT values (2203, 2205, 2215, 1452, 3.840, 260.32, 79.70, 3.841, 259.85, 79.79, 0.008, 123.53, 12.95);
insert into SHOT values (2204, 2205, 2216, 1452, 6.430, 327.12, 83.30, 6.433, 327.59, 83.34, 0.008, 90.00, 28.21);
insert into SHOT values (2205, 2205, 2217, 1452, 0.910, 310.12, 13.40, 0.904, 310.39, 13.43, 0.007, 93.29, -7.28);
insert into SHOT values (2206, 2205, 2218, 1452, 0.940, 263.32, 5.50, 0.941, 263.25, 5.49, 0.001, 211.55, -4.15);
insert into SHOT values (2207, 2205, 2219, 1452, 3.850, 318.52, 0.10, 3.847, 318.48, 0.15, 0.005, 177.14, 37.66);
insert into SHOT values (2208, 2205, 2220, 1452, 2.200, 46.32, -55.00, 2.201, 46.60, -54.88, 0.008, 101.59, 15.68);
insert into SHOT values (2209, 2205, 2221, 1452, 4.370, 56.92, -38.80, 4.376, 56.96, -38.77, 0.007, 81.15, -15.02);
insert into SHOT values (2210, 2205, 2222, 1452, 3.240, 72.32, -15.30, 3.241, 72.32, -15.20, 0.006, 73.31, 62.31);
insert into SHOT values (2211, 2205, 2223, 1452, 1.580, 70.32, -20.80, 1.580, 70.22, -20.76, 0.003, 343.95, 22.16);
insert into SHOT values (2212, 2223, 2224, 1452, 1.870, 92.22, -26.40, 1.875, 92.39, -26.27, 0.008, 129.63, 10.22);
insert into SHOT values (2213, 2223, 2225, 1452, 5.730, 85.22, -66.70, 5.728, 85.19, -66.68, 0.003, 54.00, 57.03);
insert into SHOT values (2214, 2223, 2226, 1452, 3.930, 181.62, -88.90, 3.931, 180.00, -88.83, 0.005, 155.08, -8.15);
insert into SHOT values (2215, 2223, 2227, 1452, 1.360, 188.32, -85.90, 1.364, 185.71, -85.77, 0.007, 132.96, -32.07);
insert into SHOT values (2216, 2223, 2228, 1452, 1.440, 296.02, -82.20, 1.442, 295.20, -82.51, 0.009, 135.50, -22.49);
insert into SHOT values (2217, 2223, 2229, 1452, 3.010, 100.62, -62.40, 3.012, 100.75, -62.42, 0.004, 191.92, -38.92);
insert into SHOT values (2218, 2223, 2230, 1452, 2.720, 69.82, -61.80, 2.724, 70.02, -61.79, 0.006, 133.99, -29.81);
insert into SHOT values (2219, 2223, 2231, 1452, 1.820, 126.82, 84.30, 1.820, 126.25, 84.13, 0.006, 107.57, -10.23);
insert into SHOT values (2220, 2223, 2232, 1452, 1.540, 4.22, 71.80, 1.537, 4.76, 71.74, 0.006, 86.21, -32.52);
insert into SHOT values (2221, 2223, 2233, 1452, 3.770, 39.72, 88.10, 3.772, 41.63, 88.17, 0.006, 178.81, 18.63);
insert into SHOT values (2222, 2223, 2234, 1452, 0.440, 265.62, 0.70, 0.432, 264.69, 1.33, 0.012, 126.31, 23.23);
insert into SHOT values (2223, 2223, 2235, 1452, 5.370, 248.72, -7.30, 5.369, 248.64, -7.28, 0.008, 154.22, 17.56);
insert into SHOT values (2224, 2223, 2236, 1452, 0.490, 243.22, -3.40, 0.484, 242.90, -3.55, 0.007, 86.49, -8.01);
insert into SHOT values (2225, 2223, 2237, 1452, 3.790, 96.62, -85.20, 3.794, 97.13, -85.12, 0.007, 124.78, -28.53);
insert into SHOT values (2226, 2237, 2238, 1452, 0.830, 171.62, 5.70, 0.834, 171.67, 6.20, 0.008, 187.83, 68.66);
insert into SHOT values (2227, 2237, 2239, 1452, 3.120, 189.02, -8.50, 3.122, 188.94, -8.47, 0.005, 123.51, 14.97);
insert into SHOT values (2228, 2237, 2240, 1452, 1.820, 187.22, -7.00, 1.818, 187.32, -6.95, 0.004, 304.80, 25.87);
insert into SHOT values (2229, 2237, 2241, 1452, 1.350, 195.12, -7.90, 1.349, 195.18, -7.67, 0.006, 305.78, 74.29);
insert into SHOT values (2230, 2237, 2242, 1452, 0.800, 215.32, -2.90, 0.797, 215.29, -2.88, 0.003, 44.35, 9.95);
insert into SHOT values (2231, 2237, 2243, 1452, 0.720, 302.32, -62.10, 0.717, 301.83, -61.55, 0.008, 268.76, 50.09);
insert into SHOT values (2232, 2237, 2244, 1452, 5.910, 22.32, 83.40, 5.909, 22.43, 83.38, 0.003, 52.03, -17.73);
insert into SHOT values (2233, 2237, 2245, 1452, 1.090, 75.92, 23.90, 1.092, 76.10, 23.77, 0.005, 125.99, -20.82);
insert into SHOT values (2234, 2237, 2246, 1452, 1.760, 73.42, 11.60, 1.758, 73.46, 11.81, 0.007, 228.97, 62.99);
insert into SHOT values (2235, 2237, 2247, 1452, 1.150, 66.02, 11.60, 1.151, 65.93, 11.52, 0.003, 19.31, -28.92);
insert into SHOT values (2236, 2237, 2248, 1452, 1.170, 68.82, 10.10, 1.169, 68.57, 10.35, 0.007, 313.10, 41.06);
insert into SHOT values (2237, 2237, 2249, 1452, 1.140, 291.52, 14.60, 1.146, 291.71, 14.66, 0.007, 325.46, 22.05);
insert into SHOT values (2238, 2237, 2250, 1452, 0.990, 301.22, 17.70, 0.993, 301.17, 17.58, 0.004, 289.12, -15.32);
insert into SHOT values (2239, 2151, 2251, 1452, 4.630, 98.42, 37.50, 4.636, 98.44, 37.46, 0.007, 109.98, 12.00);
insert into SHOT values (2240, 2251, 2252, 1452, 2.140, 219.42, 9.50, 2.139, 219.42, 9.42, 0.003, 18.31, -79.45);
insert into SHOT values (2241, 2251, 2253, 1452, 4.730, 229.02, 1.20, 4.729, 229.03, 1.21, 0.002, 357.16, 33.91);
insert into SHOT values (2242, 2251, 2254, 1452, 4.970, 238.02, -0.70, 4.973, 238.07, -0.69, 0.005, 295.28, 7.84);
insert into SHOT values (2243, 2251, 2255, 1452, 5.230, 245.52, -26.80, 5.230, 245.58, -26.82, 0.005, 341.79, -21.54);
insert into SHOT values (2244, 2251, 2256, 1452, 5.830, 243.42, -42.50, 5.834, 243.49, -42.48, 0.007, 299.71, -10.64);
insert into SHOT values (2245, 2251, 2257, 1452, 1.150, 243.42, -49.40, 1.147, 243.78, -49.36, 0.006, 351.61, 32.57);
insert into SHOT values (2246, 2251, 2258, 1452, 21.420, 107.42, -77.40, 21.416, 107.43, -77.39, 0.005, 129.87, 63.08);
insert into SHOT values (2247, 2251, 2259, 1452, 0.690, 211.42, 25.90, 0.693, 211.91, 25.66, 0.007, 267.31, -12.17);
insert into SHOT values (2248, 2251, 2260, 1452, 1.050, 205.72, 21.40, 1.051, 206.04, 21.21, 0.007, 277.61, -28.13);
insert into SHOT values (2249, 2251, 2261, 1452, 3.020, 340.02, 84.30, 3.025, 340.35, 84.36, 0.006, 127.03, 57.56);
insert into SHOT values (2250, 2251, 2262, 1452, 3.900, 144.52, 58.40, 3.895, 144.59, 58.47, 0.008, 303.13, -13.21);
insert into SHOT values (2251, 2251, 2263, 1452, 6.180, 100.22, 71.10, 6.183, 100.07, 71.12, 0.006, 359.27, 32.12);
insert into SHOT values (2252, 2251, 2264, 1452, 2.540, 52.22, 64.60, 2.536, 52.08, 64.54, 0.005, 336.80, -58.68);
insert into SHOT values (2253, 2264, 2265, 1452, 1.890, 352.62, 11.00, 1.892, 352.57, 11.28, 0.010, 273.74, 80.26);
insert into SHOT values (2254, 2264, 2266, 1452, 2.500, 184.02, 9.40, 2.500, 183.95, 9.44, 0.003, 82.45, 30.88);
insert into SHOT values (2255, 2264, 2267, 1452, 2.360, 205.72, 7.90, 2.367, 205.80, 8.02, 0.009, 235.02, 39.28);
insert into SHOT values (2256, 2264, 2268, 1452, 2.390, 217.02, 4.70, 2.392, 217.16, 4.80, 0.007, 287.67, 33.83);
insert into SHOT values (2257, 2264, 2269, 1452, 5.780, 231.32, 2.50, 5.783, 231.32, 2.58, 0.008, 248.78, 72.51);
insert into SHOT values (2258, 2264, 2270, 1452, 3.840, 208.62, 50.00, 3.848, 208.54, 50.06, 0.009, 145.58, 64.99);
insert into SHOT values (2259, 2264, 2271, 1452, 5.680, 198.52, 73.10, 5.687, 198.65, 73.06, 0.009, 232.48, 36.90);
insert into SHOT values (2260, 2264, 2272, 1452, 1.880, 221.12, -29.00, 1.879, 221.05, -28.96, 0.002, 134.26, 38.76);
insert into SHOT values (2261, 2264, 2273, 1452, 2.340, 212.22, -20.90, 2.341, 212.31, -20.77, 0.007, 263.22, 46.11);
insert into SHOT values (2262, 2264, 2274, 1452, 6.020, 354.12, -53.70, 6.016, 354.03, -53.73, 0.007, 222.54, 13.58);
insert into SHOT values (2263, 2264, 2275, 1452, 2.190, 199.52, 3.50, 2.190, 199.51, 3.67, 0.006, 43.33, 86.09);
insert into SHOT values (2264, 2264, 2276, 1452, 2.190, 200.62, 2.70, 2.193, 200.59, 2.88, 0.007, 173.34, 69.51);
insert into SHOT values (2265, 2264, 2277, 1452, 2.190, 201.22, 2.60, 2.190, 201.17, 2.62, 0.002, 107.42, 19.56);
insert into SHOT values (2266, 2264, 2278, 1452, 2.550, 305.92, 1.80, 2.552, 305.75, 1.80, 0.008, 228.79, -0.72);
insert into SHOT values (2267, 2264, 2279, 1452, 3.410, 296.92, 19.30, 3.413, 296.96, 19.34, 0.004, 354.10, 44.00);
insert into SHOT values (2268, 2264, 2280, 1452, 2.100, 289.82, 16.30, 2.102, 289.69, 16.30, 0.005, 228.59, 6.80);
insert into SHOT values (2269, 2264, 2281, 1452, 6.410, 295.02, -52.00, 6.412, 295.01, -51.97, 0.004, 285.95, 15.97);
insert into SHOT values (2270, 2264, 2282, 1452, 2.800, 275.82, -50.50, 2.798, 275.81, -50.52, 0.002, 105.68, 15.97);
insert into SHOT values (2271, 2264, 2283, 1452, 2.360, 6.72, 59.70, 2.361, 6.77, 59.78, 0.004, 163.91, 42.40);
insert into SHOT values (2272, 2264, 2284, 1452, 0.310, 346.92, -67.10, 0.306, 345.96, -66.17, 0.007, 312.88, 56.55);
insert into SHOT values (2273, 2264, 2285, 1452, 2.450, 172.62, 81.40, 2.457, 172.09, 81.49, 0.009, 41.33, 59.60);
insert into SHOT values (2274, 2251, 2286, 1452, 21.260, 121.32, -77.00, 21.253, 121.29, -77.02, 0.010, 315.75, 32.18);
insert into SHOT values (2275, 2286, 2287, 1452, 2.800, 118.22, 9.60, 2.807, 118.23, 9.43, 0.011, 122.50, -38.77);
insert into SHOT values (2276, 2286, 2288, 1452, 2.430, 129.92, 4.80, 2.436, 129.99, 4.71, 0.008, 155.67, -26.19);
insert into SHOT values (2277, 2286, 2289, 1452, 3.520, 135.62, 3.10, 3.527, 135.69, 3.09, 0.008, 169.04, -2.51);
insert into SHOT values (2278, 2286, 2290, 1452, 4.140, 139.32, 2.50, 4.145, 139.31, 2.49, 0.005, 132.40, -6.43);
insert into SHOT values (2279, 2286, 2291, 1452, 1.910, 151.32, 5.80, 1.916, 151.15, 5.69, 0.009, 110.32, -19.54);
insert into SHOT values (2280, 2286, 2292, 1452, 1.820, 172.82, 7.00, 1.828, 172.72, 6.91, 0.009, 151.89, -11.60);
insert into SHOT values (2281, 2286, 2293, 1452, 2.250, 86.12, 18.90, 2.253, 86.24, 18.64, 0.012, 123.77, -49.79);
insert into SHOT values (2282, 2286, 2294, 1452, 1.110, 50.72, 19.40, 1.105, 50.83, 19.01, 0.009, 187.75, -71.46);
insert into SHOT values (2283, 2286, 2295, 1452, 2.130, 55.12, 24.00, 2.129, 55.25, 23.83, 0.008, 126.89, -53.41);
insert into SHOT values (2284, 2286, 2296, 1452, 0.340, 7.92, -72.00, 0.345, 11.31, -72.83, 0.010, 126.32, -44.06);
insert into SHOT values (2285, 2286, 2297, 1452, 21.600, 238.22, 86.10, 21.600, 238.04, 86.09, 0.006, 190.61, 0.18);
insert into SHOT values (2286, 2286, 2298, 1452, 8.750, 84.62, 80.70, 8.745, 84.73, 80.68, 0.006, 140.24, -55.38);
insert into SHOT values (2287, 2286, 2299, 1452, 4.380, 101.42, 62.70, 4.379, 101.48, 62.67, 0.003, 159.60, -40.72);
insert into SHOT values (2288, 2286, 2300, 1452, 11.470, 38.92, 61.00, 11.468, 39.01, 61.00, 0.010, 134.30, -11.34);
insert into SHOT values (2289, 2286, 2301, 1452, 13.530, 33.22, 71.60, 13.521, 33.24, 71.60, 0.009, 171.63, -70.60);
insert into SHOT values (2290, 2286, 2302, 1452, 5.000, 6.82, 77.80, 4.993, 7.06, 77.77, 0.008, 79.51, -56.69);
insert into SHOT values (2291, 2286, 2303, 1452, 6.670, 292.42, 73.50, 6.664, 292.36, 73.50, 0.006, 153.16, -63.00);
insert into SHOT values (2292, 2286, 2304, 1452, 4.250, 129.42, 0.60, 4.256, 129.37, 0.54, 0.008, 102.71, -32.58);
insert into SHOT values (2293, 2286, 2305, 1452, 3.480, 132.82, 1.70, 3.490, 132.79, 1.64, 0.011, 124.50, -17.51);
insert into SHOT values (2294, 2286, 2306, 1452, 1.790, 88.62, -19.00, 1.800, 88.65, -19.13, 0.011, 95.98, -41.91);
insert into SHOT values (2295, 2286, 2307, 1452, 2.060, 97.52, -22.90, 2.062, 97.57, -23.13, 0.009, 217.45, -75.39);
insert into SHOT values (2296, 2286, 2308, 1452, 5.540, 91.12, -22.00, 5.546, 91.11, -22.03, 0.006, 87.89, -46.89);
insert into SHOT values (2297, 2286, 2309, 1452, 5.890, 92.22, -19.40, 5.890, 92.27, -19.44, 0.006, 195.71, -34.21);
insert into SHOT values (2298, 2286, 2310, 1452, 2.030, 93.02, -16.40, 2.037, 93.23, -16.54, 0.011, 144.77, -36.74);
insert into SHOT values (2299, 2310, 2311, 1452, 1.730, 197.92, -84.00, 1.729, 199.44, -84.02, 0.005, 295.30, 6.18);
insert into SHOT values (2300, 2310, 2312, 1452, 1.990, 139.42, -30.00, 1.988, 139.47, -29.87, 0.005, 225.06, 72.11);
insert into SHOT values (2301, 2310, 2313, 1452, 1.650, 152.32, -23.00, 1.642, 152.42, -22.94, 0.009, 311.58, 32.10);
insert into SHOT values (2302, 2310, 2314, 1452, 0.520, 212.52, -22.50, 0.517, 213.02, -22.74, 0.005, 341.07, -10.55);
insert into SHOT values (2303, 2310, 2315, 1452, 0.260, 94.92, -53.00, 0.258, 93.81, -54.40, 0.007, 300.06, -19.07);
insert into SHOT values (2304, 2310, 2316, 1452, 0.960, 108.82, -33.20, 0.957, 108.89, -32.92, 0.006, 201.84, 80.32);
insert into SHOT values (2305, 2310, 2317, 1452, 1.570, 3.12, -54.50, 1.571, 3.14, -54.55, 0.002, 130.10, -73.33);
insert into SHOT values (2306, 2310, 2318, 1452, 7.250, 170.82, 87.20, 7.249, 171.87, 87.20, 0.007, 266.68, -11.64);
insert into SHOT values (2307, 2310, 2319, 1452, 3.510, 317.42, 40.60, 3.522, 317.42, 40.56, 0.012, 319.11, 29.50);
insert into SHOT values (2308, 2310, 2320, 1452, 5.150, 22.92, 57.00, 5.154, 22.82, 56.96, 0.007, 341.07, 7.02);
insert into SHOT values (2309, 2310, 2321, 1452, 14.220, 3.82, 58.30, 14.224, 3.83, 58.29, 0.005, 30.11, 16.18);
insert into SHOT values (2310, 2310, 2322, 1452, 9.190, 352.52, 59.60, 9.193, 352.46, 59.61, 0.006, 259.06, 38.06);
insert into SHOT values (2311, 2310, 2323, 1452, 4.140, 256.92, 59.50, 4.143, 257.09, 59.50, 0.007, 329.37, 23.60);
insert into SHOT values (2312, 2310, 2324, 1452, 5.470, 278.32, 53.40, 5.471, 278.45, 53.36, 0.009, 340.26, -9.17);
insert into SHOT values (2313, 2310, 2325, 1452, 1.680, 216.52, -23.50, 1.676, 216.80, -23.57, 0.009, 338.63, -0.66);
insert into SHOT values (2314, 2325, 2326, 1452, 1.060, 226.72, -84.80, 1.055, 225.00, -84.61, 0.007, 180.87, 53.74);
insert into SHOT values (2315, 2325, 2327, 1452, 0.910, 249.22, -48.30, 0.908, 248.55, -48.50, 0.008, 131.07, -4.04);
insert into SHOT values (2316, 2325, 2328, 1452, 1.080, 41.12, -57.20, 1.083, 41.55, -57.13, 0.006, 98.12, -22.33);
insert into SHOT values (2317, 2325, 2329, 1452, 0.540, 57.42, -3.80, 0.545, 57.77, -3.16, 0.008, 91.53, 44.02);
insert into SHOT values (2318, 2325, 2330, 1452, 1.170, 132.02, 14.00, 1.169, 132.14, 14.36, 0.008, 268.04, 63.77);
insert into SHOT values (2319, 2325, 2331, 1452, 1.520, 119.82, 16.90, 1.521, 120.09, 16.81, 0.007, 194.91, -14.78);
insert into SHOT values (2320, 2325, 2332, 1452, 2.280, 126.62, 25.70, 2.284, 126.70, 25.69, 0.005, 167.49, 14.99);
insert into SHOT values (2321, 2325, 2333, 1452, 0.910, 152.82, 83.60, 0.917, 153.43, 83.00, 0.012, 159.45, 28.53);
insert into SHOT values (2322, 2325, 2334, 1452, 3.190, 67.72, -67.20, 3.190, 68.20, -67.15, 0.011, 144.89, 3.99);
insert into SHOT values (2323, 2325, 2335, 1452, 3.100, 107.62, -72.90, 3.098, 107.84, -72.84, 0.005, 163.43, 34.54);
insert into SHOT values (2324, 2325, 2336, 1452, 3.480, 99.22, -24.30, 3.479, 99.25, -24.27, 0.003, 200.42, 44.68);
insert into SHOT values (2325, 2325, 2337, 1452, 2.990, 90.82, 9.40, 2.991, 90.97, 9.43, 0.008, 176.75, 11.78);
insert into SHOT values (2326, 2325, 2338, 1452, 2.330, 127.62, 34.60, 2.339, 127.82, 34.65, 0.012, 175.01, 36.45);
insert into SHOT values (2327, 2338, 2339, 1452, 1.210, 78.42, -43.90, 1.209, 78.04, -44.03, 0.007, 320.25, -8.70);
insert into SHOT values (2328, 2338, 2340, 1452, 1.640, 153.82, -78.80, 1.640, 153.43, -79.00, 0.006, 354.61, -11.84);
insert into SHOT values (2329, 2338, 2341, 1452, 1.820, 69.32, -14.20, 1.823, 69.10, -14.29, 0.008, 354.34, -27.28);
insert into SHOT values (2330, 2338, 2342, 1452, 2.120, 74.52, -2.60, 2.120, 74.39, -2.70, 0.006, 348.29, -38.86);
insert into SHOT values (2331, 2338, 2343, 1452, 1.000, 83.72, -7.70, 1.006, 83.66, -8.00, 0.008, 72.65, -49.12);
insert into SHOT values (2332, 2338, 2344, 1452, 0.970, 237.42, -7.10, 0.965, 237.80, -7.15, 0.008, 7.29, -0.72);
insert into SHOT values (2333, 2338, 2345, 1452, 1.460, 227.52, -1.70, 1.459, 227.78, -1.96, 0.009, 326.20, -44.77);
insert into SHOT values (2334, 2338, 2346, 1452, 2.180, 240.72, 78.90, 2.171, 241.61, 78.83, 0.011, 323.33, -54.46);
insert into SHOT values (2335, 2338, 2347, 1452, 3.770, 332.82, -83.00, 3.778, 332.88, -83.00, 0.008, 355.11, -80.87);
insert into SHOT values (2336, 2338, 2348, 1452, 2.910, 72.82, -68.20, 2.917, 72.74, -68.30, 0.009, 286.95, -72.48);
insert into SHOT values (2337, 2348, 2349, 1452, 0.400, 142.92, 16.70, 0.397, 142.52, 17.61, 0.008, 349.82, 41.39);
insert into SHOT values (2338, 2348, 2350, 1452, 2.150, 82.22, -1.50, 2.150, 82.25, -1.33, 0.006, 152.93, 79.41);
insert into SHOT values (2339, 2348, 2351, 1452, 0.720, 93.22, -1.20, 0.721, 93.18, -0.79, 0.005, 72.81, 75.08);
insert into SHOT values (2340, 2348, 2352, 1452, 1.170, 176.92, -5.20, 1.166, 176.55, -4.92, 0.010, 64.51, 36.61);
insert into SHOT values (2341, 2348, 2353, 1452, 0.360, 84.32, 6.40, 0.364, 83.66, 6.30, 0.006, 41.17, -1.21);
insert into SHOT values (2342, 2348, 2354, 1452, 3.010, 307.62, -77.90, 3.008, 307.95, -77.83, 0.006, 357.42, 32.65);
insert into SHOT values (2343, 2348, 2355, 1452, 6.530, 351.32, -80.20, 6.525, 351.72, -80.19, 0.009, 80.74, 30.85);
insert into SHOT values (2344, 2348, 2356, 1452, 3.180, 51.72, -75.00, 3.179, 51.88, -74.94, 0.004, 88.70, 22.65);
insert into SHOT values (2345, 2348, 2357, 1452, 5.510, 348.82, 87.80, 5.514, 349.22, 87.78, 0.005, 22.23, 56.39);
insert into SHOT values (2346, 2348, 2358, 1452, 1.930, 79.32, 82.40, 1.937, 78.69, 82.44, 0.007, 342.79, 68.00);
insert into SHOT values (2347, 2348, 2359, 1452, 1.940, 331.12, 76.10, 1.946, 331.78, 76.17, 0.009, 69.31, 51.29);
insert into SHOT values (2348, 2348, 2360, 1452, 3.820, 38.92, -68.50, 3.816, 38.92, -68.46, 0.004, 35.65, 78.42);
insert into SHOT values (2349, 2348, 2361, 1452, 11.310, 42.82, -68.40, 11.306, 42.76, -68.37, 0.008, 2.21, 43.97);
insert into SHOT values (2350, 2361, 2362, 1452, 1.800, 262.72, -9.70, 1.802, 262.55, -9.91, 0.008, 180.53, -52.88);
insert into SHOT values (2351, 2361, 2363, 1452, 1.380, 235.52, -5.80, 1.380, 235.38, -5.82, 0.003, 147.73, -9.63);
insert into SHOT values (2352, 2361, 2364, 1452, 3.350, 131.02, 2.10, 3.355, 131.01, 2.05, 0.006, 125.51, -28.78);
insert into SHOT values (2353, 2361, 2365, 1452, 2.370, 143.22, -6.90, 2.376, 143.28, -7.01, 0.008, 168.21, -42.76);
insert into SHOT values (2354, 2361, 2366, 1452, 5.410, 184.82, 56.10, 5.411, 184.75, 56.07, 0.005, 133.79, -4.45);
insert into SHOT values (2355, 2361, 2367, 1452, 6.280, 219.62, 69.90, 6.280, 219.53, 69.96, 0.007, 68.03, 20.47);
insert into SHOT values (2356, 2361, 2368, 1452, 6.520, 255.02, 73.60, 6.516, 254.91, 73.57, 0.006, 202.78, -46.85);
insert into SHOT values (2357, 2361, 2369, 1452, 0.640, 263.92, -22.90, 0.634, 264.09, -23.21, 0.007, 68.39, -8.15);
insert into SCRAPS values (1454, 1448, 'SP-Esc-1', 1, 60.85979, 0.51941);
 insert into SCRAPS values (1488, 1448, 'SC-Esc-1', 2, 53.49224, 9.48712);
 insert into SCRAPS values (1505, 1448, 'SC-Esc-2', 2, 48.38614, 11.36918);
 insert into SCRAPS values (1521, 1448, 'SC-Esc-3', 2, 11.65242, 2.02983);
 insert into MAPS values (1532, 1448, 'MP-Escalade_speleoloques2-plan-tot', 'Escalade_speleoloques2', 1, 67.990, -36.500);
 insert into MAPITEMS values (1532, 4, 1454);
 insert into MAPS values (1533, 1448, 'MC-Escalade_speleoloques2-coupe-tot-elev', 'Escalade_speleoloques2', 2, 67.990, -36.500);
 insert into MAPITEMS values (1533, 4, 1488);
 insert into MAPITEMS values (1533, 4, 1505);
 insert into MAPITEMS values (1533, 4, 1521);
 insert into SURVEY values (1535, 331, 'P40_suite', 'P40_suite.Kriska.Ded', 'P40_suite');
 insert into CENTRELINE values (1536, 1535, NULL, NULL, NULL, 0.00, 0.00, 0.00);
 insert into SURVEY values (1537, 1535, 'suite_p40', 'suite_p40.P40_suite.Kriska.Ded', 'suite p40');
 insert into CENTRELINE values (1538, 1537, NULL, NULL, NULL, 0.00, 0.00, 0.00);
 insert into CENTRELINE values (1539, 1537, NULL, '2023-06-14', '2023-06-14', 94.22, 0.00, 0.00);
 insert into TOPO values (32, 1539);
 insert into TOPO values (2, 1539);
 insert into EXPLO values (32, 1539);
 insert into EXPLO values (2, 1539);
 insert into PERSON values (33, 'Romain', 'Vanel(GUCEM)');
insert into EXPLO values (33, 1539);
 insert into SHOT values (2358, 2370, 2371, 1539, 2.160, 48.82, -44.80, 2.162, 48.95, -44.66, 0.007, 83.12, 17.07);
insert into SHOT values (2359, 2370, 2372, 1539, 3.670, 55.32, -37.30, 3.667, 55.33, -37.26, 0.004, 207.51, 70.62);
insert into SHOT values (2360, 2370, 2373, 1539, 1.320, 57.62, -39.70, 1.318, 57.88, -39.60, 0.006, 149.34, 34.74);
insert into SHOT values (2361, 2370, 2374, 1539, 0.920, 47.12, 7.70, 0.921, 47.22, 7.49, 0.004, 102.12, -58.54);
insert into SHOT values (2362, 2370, 2375, 1539, 1.820, 351.72, 1.10, 1.819, 351.78, 1.26, 0.006, 107.61, 65.98);
insert into SHOT values (2363, 2370, 2376, 1539, 0.150, 255.32, -4.50, 0.146, 254.05, -3.93, 0.005, 114.25, 19.11);
insert into SHOT values (2364, 2370, 2377, 1539, 2.440, 324.42, 9.10, 2.440, 324.46, 9.20, 0.005, 72.92, 63.80);
insert into SHOT values (2365, 2370, 2378, 1539, 0.990, 131.92, 12.20, 0.992, 132.08, 12.22, 0.004, 180.59, 12.47);
insert into SHOT values (2366, 2370, 2379, 1539, 2.790, 153.02, 82.80, 2.792, 152.70, 82.82, 0.003, 39.72, 43.63);
insert into SHOT values (2367, 2370, 2380, 1539, 1.190, 88.32, 2.60, 1.191, 88.56, 2.41, 0.007, 160.53, -37.36);
insert into SHOT values (2368, 2370, 2381, 1539, 1.550, 15.32, -7.30, 1.549, 15.48, -7.42, 0.006, 126.10, -32.45);
insert into SHOT values (2369, 2370, 2382, 1539, 1.900, 346.42, 1.40, 1.893, 346.55, 1.51, 0.009, 135.98, 22.20);
insert into SHOT values (2370, 2370, 2383, 1539, 1.900, 301.02, -7.10, 1.894, 301.07, -6.98, 0.008, 104.80, 38.70);
insert into SHOT values (2371, 2370, 2384, 1539, 4.990, 310.22, -4.30, 4.988, 310.19, -4.25, 0.005, 186.56, 54.96);
insert into SHOT values (2372, 2370, 2385, 1539, 5.410, 317.22, 48.60, 5.409, 317.15, 48.65, 0.006, 179.38, 18.19);
insert into SHOT values (2373, 2385, 2386, 1539, 0.230, 34.62, -4.90, 0.231, 34.38, -4.97, 0.001, 352.63, -14.00);
insert into SHOT values (2374, 2385, 2387, 1539, 0.780, 117.82, -7.90, 0.786, 117.55, -8.04, 0.007, 85.46, -22.62);
insert into SHOT values (2375, 2385, 2388, 1539, 0.710, 146.62, -14.40, 0.708, 146.31, -14.72, 0.006, 20.79, -37.16);
insert into SHOT values (2376, 2385, 2389, 1539, 1.760, 129.02, -49.90, 1.761, 128.90, -50.05, 0.005, 347.67, -44.68);
insert into SHOT values (2377, 2385, 2390, 1539, 1.530, 144.62, -52.80, 1.531, 144.25, -52.86, 0.006, 46.24, -12.22);
insert into SHOT values (2378, 2385, 2391, 1539, 1.100, 123.02, -84.80, 1.105, 119.05, -84.65, 0.009, 55.98, -30.37);
insert into SHOT values (2379, 2385, 2392, 1539, 0.410, 162.62, -9.60, 0.405, 162.47, -9.96, 0.006, 352.37, -15.53);
insert into SHOT values (2380, 2385, 2393, 1539, 1.420, 230.42, -26.40, 1.419, 230.43, -26.36, 0.001, 29.84, 69.10);
insert into SHOT values (2381, 2385, 2394, 1539, 1.520, 237.32, -10.90, 1.512, 237.38, -11.06, 0.009, 46.29, -16.57);
insert into SHOT values (2382, 2385, 2395, 1539, 1.920, 276.12, 83.40, 1.923, 277.77, 83.37, 0.007, 354.91, 22.71);
insert into SHOT values (2383, 2385, 2396, 1539, 0.960, 199.32, 75.80, 0.958, 197.65, 76.06, 0.008, 74.19, -4.65);
insert into SHOT values (2384, 2385, 2397, 1539, 0.710, 339.42, 80.70, 0.710, 340.02, 80.51, 0.003, 7.45, -14.36);
insert into SHOT values (2385, 2385, 2398, 1539, 2.910, 258.42, 66.90, 2.914, 258.40, 66.90, 0.004, 243.93, 62.53);
insert into SHOT values (2386, 2398, 2399, 1539, 2.030, 261.92, -6.90, 2.025, 261.99, -7.09, 0.009, 57.43, -44.36);
insert into SHOT values (2387, 2398, 2400, 1539, 0.140, 186.22, -7.00, 0.132, 184.40, -8.72, 0.010, 31.81, -17.06);
insert into SHOT values (2388, 2398, 2401, 1539, 2.910, 265.12, -4.40, 2.909, 265.25, -4.53, 0.010, 7.29, -43.80);
insert into SHOT values (2389, 2398, 2402, 1539, 1.800, 297.12, -3.20, 1.792, 297.28, -3.52, 0.014, 85.10, -44.53);
insert into SHOT values (2390, 2398, 2403, 1539, 1.610, 346.32, -2.60, 1.617, 346.39, -2.84, 0.010, 3.58, -43.59);
insert into SHOT values (2391, 2398, 2404, 1539, 0.990, 22.72, 7.60, 0.995, 22.66, 7.51, 0.005, 12.20, -10.72);
insert into SHOT values (2392, 2398, 2405, 1539, 0.620, 73.42, 4.60, 0.628, 73.30, 4.56, 0.009, 64.84, 1.86);
insert into SHOT values (2393, 2398, 2406, 1539, 2.830, 302.22, -39.90, 2.830, 302.37, -40.03, 0.009, 69.52, -32.87);
insert into SHOT values (2394, 2398, 2407, 1539, 1.780, 322.42, -71.70, 1.782, 322.93, -71.54, 0.007, 7.11, -0.18);
insert into SHOT values (2395, 2398, 2408, 1539, 11.320, 305.22, 83.50, 11.312, 305.43, 83.52, 0.010, 81.64, -45.96);
insert into SHOT values (2396, 2398, 2409, 1539, 7.090, 297.02, 77.80, 7.090, 297.42, 77.80, 0.011, 27.00, 0.66);
insert into SHOT values (2397, 2398, 2410, 1539, 14.340, 273.92, 73.30, 14.335, 274.04, 73.30, 0.010, 7.52, -31.07);
insert into SHOT values (2398, 2398, 2411, 1539, 2.150, 248.22, -13.60, 2.149, 248.35, -13.73, 0.007, 5.21, -38.92);
insert into SHOT values (2399, 2411, 2412, 1539, 0.940, 293.52, -2.30, 0.937, 293.28, -2.45, 0.005, 165.54, -24.77);
insert into SHOT values (2400, 2411, 2413, 1539, 0.880, 342.42, -4.40, 0.882, 342.80, -4.55, 0.007, 54.65, -21.87);
insert into SHOT values (2401, 2411, 2414, 1539, 1.460, 53.92, -2.60, 1.462, 53.91, -2.74, 0.004, 52.19, -66.48);
insert into SHOT values (2402, 2411, 2415, 1539, 2.820, 98.82, -1.50, 2.824, 98.76, -1.42, 0.006, 63.94, 38.73);
insert into SHOT values (2403, 2411, 2416, 1539, 2.540, 71.82, 1.60, 2.547, 71.92, 1.58, 0.008, 106.55, -6.48);
insert into SHOT values (2404, 2411, 2417, 1539, 1.380, 102.82, -0.10, 1.385, 102.93, 0.00, 0.006, 131.40, 22.39);
insert into SHOT values (2405, 2411, 2418, 1539, 0.160, 199.72, 9.30, 0.161, 198.43, 10.74, 0.005, 112.59, 49.48);
insert into SHOT values (2406, 2411, 2419, 1539, 1.900, 100.92, 13.10, 1.903, 100.89, 13.06, 0.003, 80.97, -12.11);
insert into SHOT values (2407, 2411, 2420, 1539, 1.110, 111.22, 6.10, 1.111, 111.22, 6.20, 0.002, 117.30, 58.89);
insert into SHOT values (2408, 2411, 2421, 1539, 6.680, 355.12, 78.20, 6.681, 355.38, 78.22, 0.006, 99.72, 10.37);
insert into SHOT values (2409, 2421, 2422, 1539, 1.450, 285.82, -3.10, 1.456, 285.57, -3.15, 0.008, 236.25, -10.75);
insert into SHOT values (2410, 2421, 2423, 1539, 2.000, 264.02, -2.10, 2.002, 263.98, -2.00, 0.004, 233.20, 49.72);
insert into SHOT values (2411, 2421, 2424, 1539, 2.510, 245.42, -5.70, 2.509, 245.39, -5.72, 0.002, 128.85, -24.58);
insert into SHOT values (2412, 2421, 2425, 1539, 1.750, 225.02, -6.10, 1.750, 225.00, -6.23, 0.004, 85.08, -78.85);
insert into SHOT values (2413, 2421, 2426, 1539, 0.690, 119.22, 12.70, 0.692, 119.22, 12.51, 0.003, 119.77, -30.30);
insert into SHOT values (2414, 2421, 2427, 1539, 4.900, 129.22, -2.30, 4.900, 129.28, -2.34, 0.006, 216.30, -31.37);
insert into SHOT values (2415, 2421, 2428, 1539, 5.870, 133.72, -2.80, 5.871, 133.69, -2.83, 0.004, 52.32, -46.51);
insert into SHOT values (2416, 2421, 2429, 1539, 3.050, 141.72, -1.00, 3.047, 141.66, -0.94, 0.005, 10.05, 40.23);
insert into SHOT values (2417, 2421, 2430, 1539, 1.230, 149.52, -3.00, 1.230, 149.68, -3.26, 0.007, 244.74, -58.61);
insert into SHOT values (2418, 2421, 2431, 1539, 1.120, 182.92, -3.90, 1.124, 183.07, -4.08, 0.006, 217.83, -36.76);
insert into SHOT values (2419, 2421, 2432, 1539, 1.330, 210.12, 0.70, 1.331, 210.23, 0.43, 0.007, 277.78, -66.42);
insert into SHOT values (2420, 2421, 2433, 1539, 5.530, 195.92, -77.50, 5.531, 196.01, -77.51, 0.002, 300.20, -28.06);
insert into SHOT values (2421, 2421, 2434, 1539, 8.030, 187.42, -82.90, 8.031, 187.56, -82.93, 0.005, 335.99, -18.84);
insert into SHOT values (2422, 2421, 2435, 1539, 3.450, 214.82, 65.40, 3.453, 214.80, 65.41, 0.003, 180.73, 73.44);
insert into SHOT values (2423, 2421, 2436, 1539, 6.490, 278.82, 77.20, 6.491, 278.81, 77.21, 0.002, 114.36, 53.63);
insert into SHOT values (2424, 2421, 2437, 1539, 4.620, 182.92, 81.40, 4.622, 183.32, 81.40, 0.005, 269.51, 21.88);
insert into SHOT values (2425, 2421, 2438, 1539, 9.150, 251.92, 85.50, 9.148, 252.07, 85.52, 0.004, 40.75, -25.62);
insert into SHOT values (2426, 2421, 2439, 1539, 11.910, 262.32, 85.20, 11.912, 262.52, 85.19, 0.004, 324.12, 23.87);
insert into SHOT values (2427, 2421, 2440, 1539, 1.210, 188.72, 24.30, 1.211, 188.86, 24.38, 0.004, 271.20, 35.77);
insert into SHOT values (2428, 2421, 2441, 1539, 1.210, 188.82, 22.60, 1.204, 188.79, 22.45, 0.006, 17.48, -50.82);
insert into SHOT values (2429, 2441, 2442, 1539, 9.390, 35.42, 79.30, 9.393, 35.42, 79.31, 0.003, 203.07, 75.02);
insert into SHOT values (2430, 2442, 2443, 1539, 0.860, 61.32, 14.00, 0.858, 61.28, 14.16, 0.003, 256.09, 42.59);
insert into SHOT values (2431, 2442, 2444, 1539, 1.520, 10.02, 31.00, 1.515, 9.75, 30.99, 0.008, 245.39, -21.42);
insert into SHOT values (2432, 2442, 2445, 1539, 1.320, 324.62, 35.40, 1.322, 324.09, 35.63, 0.011, 223.93, 28.03);
insert into SHOT values (2433, 2442, 2446, 1539, 3.660, 337.22, 39.90, 3.663, 337.18, 39.91, 0.004, 294.95, 37.75);
insert into SHOT values (2434, 2442, 2447, 1539, 1.950, 155.62, -11.20, 1.957, 155.70, -11.19, 0.008, 177.78, -9.10);
insert into SHOT values (2435, 2442, 2448, 1539, 0.840, 178.72, -7.80, 0.837, 178.62, -7.55, 0.005, 34.03, 58.66);
insert into SHOT values (2436, 2442, 2449, 1539, 1.000, 231.32, -10.10, 1.003, 231.16, -9.76, 0.007, 197.60, 47.59);
insert into SHOT values (2437, 2442, 2450, 1539, 0.910, 262.12, -12.00, 0.910, 261.60, -12.06, 0.008, 167.86, -5.64);
insert into SHOT values (2438, 2442, 2451, 1539, 2.660, 245.52, -9.20, 2.660, 245.48, -9.08, 0.006, 190.01, 70.83);
insert into SHOT values (2439, 2442, 2452, 1539, 13.500, 235.82, -82.70, 13.500, 235.66, -82.68, 0.006, 188.80, 5.21);
insert into SHOT values (2440, 2442, 2453, 1539, 3.040, 275.12, -71.60, 3.037, 274.76, -71.51, 0.008, 217.29, 33.15);
insert into SHOT values (2441, 2442, 2454, 1539, 6.370, 226.62, -70.20, 6.369, 226.50, -70.13, 0.009, 192.78, 22.85);
insert into SHOT values (2442, 2442, 2455, 1539, 4.220, 246.22, -44.40, 4.220, 246.15, -44.35, 0.005, 193.34, 31.52);
insert into SHOT values (2443, 2442, 2456, 1539, 1.760, 315.82, 74.80, 1.761, 315.88, 74.87, 0.002, 119.59, 40.29);
insert into SHOT values (2444, 2442, 2457, 1539, 2.520, 359.92, 30.30, 2.514, 359.74, 30.34, 0.009, 229.94, -8.96);
insert into SHOT values (2445, 2457, 2458, 1539, 1.270, 8.72, -16.20, 1.274, 8.92, -15.95, 0.008, 48.88, 32.18);
insert into SHOT values (2446, 2457, 2459, 1539, 1.590, 311.52, 12.50, 1.590, 311.60, 12.71, 0.006, 65.23, 66.54);
insert into SHOT values (2447, 2457, 2460, 1539, 4.010, 297.62, 32.90, 4.008, 297.63, 32.95, 0.004, 102.69, 29.10);
insert into SHOT values (2448, 2457, 2461, 1539, 2.210, 266.32, 33.60, 2.203, 266.25, 33.63, 0.008, 104.14, -22.67);
insert into SHOT values (2449, 2457, 2462, 1539, 1.620, 51.82, -82.50, 1.614, 52.59, -82.38, 0.007, 100.68, 57.87);
insert into SHOT values (2450, 2457, 2463, 1539, 0.630, 13.22, -58.10, 0.629, 13.63, -57.35, 0.009, 33.34, 34.48);
insert into SHOT values (2451, 2457, 2464, 1539, 1.950, 229.82, -43.50, 1.947, 229.88, -43.50, 0.004, 13.54, 39.85);
insert into SHOT values (2452, 2457, 2465, 1539, 1.220, 278.72, -9.80, 1.214, 279.15, -9.97, 0.012, 46.80, -11.62);
insert into SHOT values (2453, 2457, 2466, 1539, 1.820, 301.52, 37.00, 1.824, 301.50, 37.10, 0.005, 281.03, 78.99);
insert into SHOT values (2454, 2457, 2467, 1539, 4.560, 285.92, 38.70, 4.558, 285.99, 38.70, 0.005, 29.91, -13.37);
insert into SHOT values (2455, 2457, 2468, 1539, 3.820, 300.02, 22.80, 3.820, 299.99, 22.80, 0.002, 205.64, -9.56);
insert into SHOT values (2456, 2457, 2469, 1539, 2.620, 309.22, 32.80, 2.620, 309.47, 32.81, 0.010, 39.42, 4.22);
insert into SHOT values (2457, 2469, 2470, 1539, 1.610, 194.92, 5.50, 1.611, 194.82, 5.70, 0.006, 119.25, 62.96);
insert into SHOT values (2458, 2469, 2471, 1539, 0.280, 41.92, 30.90, 0.272, 43.26, 30.95, 0.010, 183.29, -23.32);
insert into SHOT values (2459, 2469, 2472, 1539, 3.420, 234.52, -81.30, 3.420, 233.57, -81.22, 0.010, 172.73, 3.79);
insert into SHOT values (2460, 2469, 2473, 1539, 1.350, 283.32, 32.90, 1.354, 283.18, 32.63, 0.008, 261.19, -24.91);
insert into SHOT values (2461, 2469, 2474, 1539, 4.100, 272.02, -3.90, 4.102, 271.96, -3.91, 0.005, 207.12, -14.34);
insert into SHOT values (2462, 2469, 2475, 1539, 4.070, 119.22, -37.50, 4.074, 119.26, -37.50, 0.005, 154.68, -28.50);
insert into SHOT values (2463, 2469, 2476, 1539, 3.720, 265.72, 48.80, 3.725, 265.57, 48.73, 0.010, 222.97, 6.07);
insert into SHOT values (2464, 2476, 2477, 1539, 4.440, 318.22, -84.40, 4.441, 319.69, -84.41, 0.011, 51.46, -6.11);
insert into SHOT values (2465, 2476, 2478, 1539, 1.280, 352.02, -77.20, 1.282, 351.87, -77.25, 0.002, 216.44, -60.19);
insert into SHOT values (2466, 2476, 2479, 1539, 1.280, 295.22, -86.70, 1.282, 296.57, -87.00, 0.007, 101.80, -17.32);
insert into SHOT values (2467, 2476, 2480, 1539, 1.850, 19.12, -29.40, 1.857, 19.11, -29.34, 0.008, 16.83, -13.77);
insert into SHOT values (2468, 2476, 2481, 1539, 0.620, 10.12, -39.60, 0.624, 10.84, -39.89, 0.008, 92.73, -38.22);
insert into SHOT values (2469, 2476, 2482, 1539, 0.960, 358.42, -49.00, 0.957, 359.09, -48.81, 0.009, 86.72, 31.38);
insert into SHOT values (2470, 2476, 2483, 1539, 0.860, 186.22, 3.90, 0.857, 186.04, 4.02, 0.004, 44.54, 19.93);
insert into SHOT values (2471, 2476, 2484, 1539, 0.300, 238.72, -64.70, 0.298, 241.39, -65.11, 0.007, 356.24, 10.53);
insert into SHOT values (2472, 2476, 2485, 1539, 1.230, 272.32, -65.90, 1.227, 272.29, -65.93, 0.003, 99.40, 56.26);
insert into SHOT values (2473, 2476, 2486, 1539, 1.220, 266.82, -69.10, 1.219, 267.34, -69.31, 0.006, 47.51, -2.51);
insert into SHOT values (2474, 2476, 2487, 1539, 3.680, 100.82, -59.70, 3.686, 100.83, -59.63, 0.007, 103.85, -22.54);
insert into SHOT values (2475, 2476, 2488, 1539, 7.210, 98.32, -46.90, 7.210, 98.28, -46.85, 0.007, 64.38, 36.71);
insert into SHOT values (2476, 2476, 2489, 1539, 2.360, 294.42, 43.10, 2.352, 294.47, 43.21, 0.010, 104.33, -15.11);
insert into SHOT values (2477, 2476, 2490, 1539, 2.410, 294.42, 6.90, 2.403, 294.52, 6.93, 0.009, 83.42, 3.12);
insert into SHOT values (2478, 2476, 2491, 1539, 2.230, 295.92, 12.00, 2.230, 296.10, 11.90, 0.008, 15.94, -27.81);
insert into SHOT values (2479, 2491, 2492, 1539, 2.600, 178.42, -78.80, 2.601, 177.75, -78.68, 0.008, 130.60, 3.47);
insert into SHOT values (2480, 2491, 2493, 1539, 1.030, 178.92, -47.10, 1.033, 178.39, -46.56, 0.012, 143.09, 21.91);
insert into SHOT values (2481, 2491, 2494, 1539, 0.920, 172.32, 2.30, 0.930, 171.96, 2.47, 0.012, 141.71, 15.04);
insert into SHOT values (2482, 2491, 2495, 1539, 1.690, 187.42, 85.70, 1.695, 184.40, 85.59, 0.009, 124.36, 31.71);
insert into SHOT values (2483, 2491, 2496, 1539, 1.050, 189.82, 45.90, 1.054, 189.46, 46.16, 0.008, 89.88, 52.46);
insert into SHOT values (2484, 2491, 2497, 1539, 1.060, 224.72, 14.80, 1.060, 224.60, 14.75, 0.002, 148.57, -20.52);
insert into SHOT values (2485, 2491, 2498, 1539, 1.840, 235.12, -31.70, 1.836, 234.89, -31.53, 0.009, 138.11, 47.48);
insert into SHOT values (2486, 2491, 2499, 1539, 1.750, 215.32, 44.20, 1.751, 214.95, 44.15, 0.008, 140.01, -0.27);
insert into SHOT values (2487, 2491, 2500, 1539, 1.060, 97.92, 30.80, 1.063, 98.22, 31.17, 0.009, 201.62, 55.68);
insert into SHOT values (2488, 2491, 2501, 1539, 1.910, 95.92, -15.00, 1.914, 95.90, -14.84, 0.007, 87.85, 41.48);
insert into SHOT values (2489, 2491, 2502, 1539, 2.030, 99.12, -42.40, 2.031, 99.21, -42.42, 0.003, 182.94, -25.20);
insert into SHOT values (2490, 2491, 2503, 1539, 1.680, 209.72, 6.20, 1.682, 209.79, 6.49, 0.009, 284.14, 75.99);
insert into SHOT values (2491, 2503, 2504, 1539, 0.540, 4.72, -0.40, 0.532, 5.39, -1.08, 0.012, 145.55, -32.20);
insert into SHOT values (2492, 2503, 2505, 1539, 0.450, 47.52, -0.10, 0.454, 48.58, -1.26, 0.013, 115.71, -45.58);
insert into SHOT values (2493, 2503, 2506, 1539, 1.710, 3.52, -64.20, 1.709, 3.87, -64.28, 0.005, 123.20, -5.01);
insert into SHOT values (2494, 2503, 2507, 1539, 1.630, 52.02, -61.90, 1.633, 52.39, -61.86, 0.006, 117.15, -21.31);
insert into SHOT values (2495, 2503, 2508, 1539, 0.660, 28.92, 80.40, 0.659, 33.69, 80.55, 0.009, 133.11, -4.66);
insert into SHOT values (2496, 2503, 2509, 1539, 0.980, 98.72, 69.70, 0.973, 100.01, 69.22, 0.013, 155.12, -44.35);
insert into SHOT values (2497, 2503, 2510, 1539, 1.750, 95.62, 86.10, 1.744, 99.46, 86.00, 0.010, 169.52, -35.01);
insert into SHOT values (2498, 2503, 2511, 1539, 1.090, 223.62, -78.50, 1.092, 223.15, -78.42, 0.003, 181.97, -35.13);
insert into SHOT values (2499, 2503, 2512, 1539, 1.310, 116.12, -67.50, 1.321, 117.07, -67.50, 0.013, 180.80, -46.20);
insert into SHOT values (2500, 2503, 2513, 1539, 1.910, 132.72, -80.00, 1.920, 132.61, -79.81, 0.012, 128.38, -48.21);
insert into SHOT values (2501, 2503, 2514, 1539, 1.630, 147.92, 7.70, 1.631, 147.88, 7.40, 0.009, 124.34, -73.66);
insert into SHOT values (2502, 2503, 2515, 1539, 1.600, 136.82, 8.30, 1.608, 136.78, 8.22, 0.009, 130.32, -6.45);
insert into SHOT values (2503, 2503, 2516, 1539, 0.680, 119.42, 8.80, 0.683, 119.22, 8.41, 0.006, 89.29, -40.94);
insert into SHOT values (2504, 2503, 2517, 1539, 1.350, 156.72, -32.60, 1.356, 156.80, -32.58, 0.006, 175.16, -26.53);
insert into SHOT values (2505, 2503, 2518, 1539, 1.620, 137.62, -42.00, 1.629, 137.34, -42.01, 0.010, 94.98, -35.24);
insert into SHOT values (2506, 2503, 2519, 1539, 1.170, 143.02, -10.80, 1.177, 142.73, -10.77, 0.009, 102.71, -4.94);
insert into SHOT values (2507, 2503, 2520, 1539, 1.710, 143.22, -1.80, 1.715, 143.06, -2.00, 0.009, 99.69, -43.30);
insert into SHOT values (2508, 2503, 2521, 1539, 1.640, 144.62, 27.80, 1.643, 144.78, 27.55, 0.009, 180.18, -33.96);
insert into SHOT values (2509, 2503, 2522, 1539, 1.260, 134.02, 61.60, 1.257, 133.67, 61.06, 0.013, 111.59, -40.71);
insert into SHOT values (2510, 2476, 2523, 1539, 1.140, 13.02, -3.80, 1.143, 13.18, -4.01, 0.006, 65.41, -46.84);
insert into SHOT values (2511, 2476, 2524, 1539, 1.220, 4.32, -16.30, 1.222, 4.40, -16.16, 0.004, 38.23, 38.78);
insert into SHOT values (2512, 2476, 2525, 1539, 1.030, 346.12, 9.60, 1.033, 346.37, 9.47, 0.006, 41.96, -17.85);
insert into SHOT values (2513, 2476, 2526, 1539, 2.300, 351.32, 2.10, 2.297, 351.48, 2.00, 0.008, 106.79, -30.36);
insert into SHOT values (2514, 2526, 2527, 1539, 0.630, 180.82, 31.40, 0.624, 181.08, 31.90, 0.008, 343.10, 12.39);
insert into SHOT values (2515, 2526, 2528, 1539, 0.710, 193.32, 13.70, 0.710, 193.43, 13.86, 0.002, 318.33, 47.75);
insert into SHOT values (2516, 2526, 2529, 1539, 0.400, 213.42, -32.90, 0.398, 214.16, -31.82, 0.009, 273.72, 55.21);
insert into SHOT values (2517, 2526, 2530, 1539, 0.170, 66.52, 30.80, 0.169, 65.22, 32.15, 0.005, 294.77, 34.31);
insert into SHOT values (2518, 2526, 2531, 1539, 2.330, 329.62, 27.40, 2.339, 329.60, 27.49, 0.010, 325.73, 49.35);
insert into SHOT values (2519, 2526, 2532, 1539, 1.820, 315.62, 26.80, 1.828, 315.74, 26.66, 0.010, 337.47, -3.51);
insert into SHOT values (2520, 2526, 2533, 1539, 1.050, 303.62, 23.60, 1.053, 304.02, 23.52, 0.007, 9.82, -2.83);
insert into SHOT values (2521, 2526, 2534, 1539, 0.550, 267.02, -4.20, 0.552, 267.92, -4.16, 0.009, 345.44, 1.82);
insert into SHOT values (2522, 2526, 2535, 1539, 1.690, 176.62, -86.20, 1.684, 180.00, -86.25, 0.009, 285.30, 42.52);
insert into SHOT values (2523, 2526, 2536, 1539, 0.420, 359.82, -74.40, 0.418, 0.00, -73.30, 0.008, 2.93, 32.66);
insert into SHOT values (2524, 2526, 2537, 1539, 0.710, 243.82, -73.20, 0.712, 244.65, -72.82, 0.006, 275.36, -2.96);
insert into SHOT values (2525, 2526, 2538, 1539, 4.140, 289.72, 18.30, 4.141, 289.77, 18.30, 0.004, 2.55, 1.04);
insert into SHOT values (2526, 2538, 2539, 1539, 0.440, 184.52, 1.70, 0.442, 185.19, 2.59, 0.009, 253.79, 51.20);
insert into SHOT values (2527, 2538, 2540, 1539, 1.160, 237.32, -5.50, 1.156, 237.41, -5.46, 0.004, 27.71, 16.60);
insert into SHOT values (2528, 2538, 2541, 1539, 1.600, 257.12, -5.80, 1.597, 257.28, -5.75, 0.005, 19.48, 17.96);
insert into SHOT values (2529, 2538, 2542, 1539, 0.880, 260.62, -6.80, 0.887, 260.86, -6.47, 0.009, 287.35, 26.93);
insert into SHOT values (2530, 2538, 2543, 1539, 0.150, 8.62, -2.20, 0.151, 7.59, 0.00, 0.007, 306.26, 62.11);
insert into SHOT values (2531, 2538, 2544, 1539, 1.050, 84.22, -9.20, 1.047, 84.45, -8.79, 0.009, 195.34, 59.69);
insert into SHOT values (2532, 2538, 2545, 1539, 3.740, 104.52, -14.10, 3.738, 104.53, -14.09, 0.002, 243.44, 33.48);
insert into SHOT values (2533, 2538, 2546, 1539, 1.830, 115.52, -17.00, 1.828, 115.39, -16.86, 0.006, 9.72, 52.04);
insert into SHOT values (2534, 2538, 2547, 1539, 3.270, 105.62, -41.40, 3.267, 105.62, -41.39, 0.003, 277.86, 46.85);
insert into SHOT values (2535, 2538, 2548, 1539, 2.380, 112.22, 7.00, 2.372, 112.21, 7.02, 0.008, 294.94, -0.37);
insert into SHOT values (2536, 2538, 2549, 1539, 2.530, 132.22, 70.90, 2.539, 132.55, 70.96, 0.010, 219.92, 62.35);
insert into SHOT values (2537, 2538, 2550, 1539, 4.420, 246.52, 74.50, 4.422, 246.67, 74.43, 0.007, 275.86, 6.44);
insert into SHOT values (2538, 2538, 2551, 1539, 2.000, 255.12, 61.40, 2.006, 254.95, 61.31, 0.007, 229.13, 32.79);
insert into SHOT values (2539, 2538, 2552, 1539, 2.780, 246.02, 57.70, 2.781, 246.19, 57.68, 0.005, 324.15, 2.10);
insert into SHOT values (2540, 2538, 2553, 1539, 4.870, 241.62, 68.60, 4.877, 241.85, 68.58, 0.010, 305.21, 35.24);
insert into SHOT values (2541, 2553, 2554, 1539, 0.690, 211.92, -17.30, 0.688, 211.26, -17.77, 0.010, 95.60, -30.01);
insert into SHOT values (2542, 2553, 2555, 1539, 0.160, 151.02, 27.90, 0.163, 151.70, 25.37, 0.008, 166.77, -36.93);
insert into SHOT values (2543, 2553, 2556, 1539, 0.940, 202.12, -48.90, 0.945, 201.63, -48.69, 0.008, 160.63, -11.67);
insert into SHOT values (2544, 2553, 2557, 1539, 1.420, 320.02, -88.80, 1.420, 315.00, -88.86, 0.003, 197.74, -6.08);
insert into SHOT values (2545, 2553, 2558, 1539, 4.110, 36.62, -81.50, 4.115, 37.63, -81.53, 0.012, 134.81, -25.50);
insert into SHOT values (2546, 2553, 2559, 1539, 6.550, 60.42, -73.90, 6.546, 60.61, -73.92, 0.007, 176.81, 24.70);
insert into SHOT values (2547, 2553, 2560, 1539, 2.920, 39.92, -74.90, 2.920, 40.19, -74.93, 0.004, 151.00, -11.85);
insert into SHOT values (2548, 2553, 2561, 1539, 1.540, 20.22, -69.10, 1.539, 20.43, -69.30, 0.006, 178.45, -13.47);
insert into SHOT values (2549, 2553, 2562, 1539, 3.600, 336.52, -78.20, 3.605, 336.60, -78.31, 0.009, 147.24, -44.43);
insert into SHOT values (2550, 2553, 2563, 1539, 2.180, 291.82, -60.00, 2.180, 291.61, -60.11, 0.006, 159.23, -20.77);
insert into SHOT values (2551, 2553, 2564, 1539, 5.570, 68.42, -65.40, 5.576, 68.52, -65.40, 0.007, 126.98, -48.75);
insert into SHOT values (2552, 2553, 2565, 1539, 6.550, 81.82, -57.30, 6.552, 81.89, -57.24, 0.009, 116.22, 12.85);
insert into SHOT values (2553, 2553, 2566, 1539, 3.040, 65.02, -56.00, 3.037, 65.25, -56.06, 0.008, 186.34, 1.96);
insert into SHOT values (2554, 2553, 2567, 1539, 2.660, 83.22, -58.80, 2.665, 83.34, -58.83, 0.006, 148.40, -55.67);
insert into SHOT values (2555, 2553, 2568, 1539, 1.740, 19.72, -33.20, 1.738, 19.68, -33.14, 0.003, 243.20, 63.95);
insert into SHOT values (2556, 2553, 2569, 1539, 4.410, 43.52, -39.00, 4.410, 43.58, -39.08, 0.007, 178.60, -41.44);
insert into SHOT values (2557, 2553, 2570, 1539, 5.050, 56.62, -45.50, 5.048, 56.76, -45.49, 0.009, 149.92, 12.29);
insert into SHOT values (2558, 2553, 2571, 1539, 0.820, 312.22, -5.00, 0.810, 311.99, -4.96, 0.010, 150.72, 8.19);
insert into SHOT values (2559, 2553, 2572, 1539, 1.130, 282.92, 0.90, 1.128, 282.80, 1.02, 0.004, 153.67, 38.17);
insert into SHOT values (2560, 2553, 2573, 1539, 4.230, 290.12, -3.80, 4.226, 290.11, -3.80, 0.004, 117.24, 5.36);
insert into SHOT values (2561, 2553, 2574, 1539, 2.180, 297.02, -5.00, 2.173, 296.92, -5.02, 0.008, 144.07, -0.00);
insert into SHOT values (2562, 2553, 2575, 1539, 6.390, 296.62, 44.30, 6.380, 296.57, 44.35, 0.013, 136.04, -13.04);
insert into SHOT values (2563, 2553, 2576, 1539, 6.040, 292.92, 48.50, 6.031, 292.84, 48.54, 0.011, 143.14, -19.28);
insert into SHOT values (2564, 2576, 2577, 1539, 5.920, 127.52, -82.50, 5.920, 127.61, -82.53, 0.003, 281.31, -12.34);
insert into SHOT values (2565, 2576, 2578, 1539, 2.870, 152.12, -78.70, 2.864, 152.05, -78.83, 0.009, 337.02, 29.59);
insert into SHOT values (2566, 2576, 2579, 1539, 2.520, 103.72, -76.10, 2.514, 103.35, -76.04, 0.007, 28.05, 57.06);
insert into SHOT values (2567, 2576, 2580, 1539, 1.990, 195.32, -6.70, 1.983, 195.31, -6.66, 0.007, 18.55, 18.38);
insert into SHOT values (2568, 2576, 2581, 1539, 0.840, 212.22, -26.20, 0.833, 212.41, -26.37, 0.008, 13.34, 6.27);
insert into SHOT values (2569, 2576, 2582, 1539, 1.830, 39.42, -40.20, 1.826, 39.17, -40.27, 0.008, 271.34, 8.98);
insert into SHOT values (2570, 2576, 2583, 1539, 1.720, 48.92, -68.00, 1.716, 48.14, -67.94, 0.010, 319.29, 28.72);
insert into SHOT values (2571, 2576, 2584, 1539, 8.520, 98.22, -51.50, 8.521, 98.13, -51.51, 0.008, 4.44, -15.15);
insert into SHOT values (2572, 2576, 2585, 1539, 7.670, 115.62, -49.50, 7.666, 115.59, -49.51, 0.005, 335.92, 30.01);
insert into SHOT values (2573, 2576, 2586, 1539, 2.520, 116.72, -44.20, 2.512, 116.71, -44.16, 0.008, 300.72, 57.61);
insert into SHOT values (2574, 2576, 2587, 1539, 0.420, 111.22, -26.90, 0.419, 110.38, -26.97, 0.006, 8.54, 0.23);
insert into SHOT values (2575, 2576, 2588, 1539, 1.590, 317.12, 63.70, 1.596, 317.29, 63.67, 0.006, 351.08, 50.05);
insert into SHOT values (2576, 2576, 2589, 1539, 2.360, 315.32, 55.00, 2.368, 315.60, 55.01, 0.010, 13.84, 41.16);
insert into SHOT values (2577, 2576, 2590, 1539, 0.600, 299.92, 14.80, 0.608, 299.62, 15.25, 0.010, 275.41, 42.94);
insert into SHOT values (2578, 2576, 2591, 1539, 1.040, 324.62, 21.80, 1.044, 324.67, 21.94, 0.005, 342.44, 52.86);
insert into SHOT values (2579, 2576, 2592, 1539, 2.380, 307.12, 42.80, 2.389, 307.13, 42.69, 0.010, 309.65, 16.72);
insert into SHOT values (2580, 2576, 2593, 1539, 1.400, 326.42, 36.60, 1.405, 326.59, 36.72, 0.007, 24.99, 52.62);
insert into SHOT values (2581, 2576, 2594, 1539, 3.300, 286.72, -77.20, 3.302, 286.70, -77.21, 0.002, 144.63, -79.67);
insert into SHOT values (2582, 2576, 2595, 1539, 3.610, 307.82, -64.60, 3.612, 307.68, -64.51, 0.007, 274.91, 8.72);
insert into SHOT values (2583, 2576, 2596, 1539, 6.460, 129.82, -79.40, 6.460, 129.87, -79.42, 0.003, 288.66, -4.69);
insert into SHOT values (2584, 2576, 2597, 1539, 6.060, 109.22, -89.30, 6.060, 105.95, -89.31, 0.004, 1.18, -5.91);
insert into SHOT values (2585, 2576, 2598, 1539, 2.190, 329.02, 37.50, 2.197, 328.87, 37.59, 0.009, 274.67, 50.54);
insert into SHOT values (2586, 2598, 2599, 1539, 0.700, 224.92, -4.80, 0.696, 225.00, -4.95, 0.005, 32.54, -16.91);
insert into SHOT values (2587, 2598, 2600, 1539, 0.420, 154.22, -3.10, 0.417, 152.82, -4.13, 0.013, 44.80, -34.11);
insert into SHOT values (2588, 2598, 2601, 1539, 0.580, 11.12, 1.30, 0.581, 10.92, 0.99, 0.004, 299.75, -56.70);
insert into SHOT values (2589, 2598, 2602, 1539, 0.350, 328.02, 17.00, 0.351, 329.62, 16.57, 0.010, 50.05, -13.78);
insert into SHOT values (2590, 2598, 2603, 1539, 3.490, 165.12, -88.20, 3.492, 163.30, -88.29, 0.006, 17.22, -15.46);
insert into SHOT values (2591, 2598, 2604, 1539, 2.160, 5.52, -44.10, 2.169, 5.53, -44.12, 0.009, 8.24, -48.25);
insert into SHOT values (2592, 2598, 2605, 1539, 2.720, 355.92, -8.10, 2.725, 355.96, -8.23, 0.008, 23.69, -57.28);
insert into SHOT values (2593, 2598, 2606, 1539, 3.740, 329.62, -8.30, 3.745, 329.70, -8.29, 0.008, 13.63, -0.81);
insert into SHOT values (2594, 2598, 2607, 1539, 0.330, 84.72, 6.30, 0.333, 84.81, 5.17, 0.007, 93.41, -61.36);
insert into SHOT values (2595, 2598, 2608, 1539, 1.360, 258.42, 64.50, 1.351, 259.08, 64.55, 0.011, 25.28, -41.95);
insert into SHOT values (2596, 2598, 2609, 1539, 2.020, 344.42, -27.00, 2.026, 344.58, -27.01, 0.008, 28.96, -22.12);
insert into SHOT values (2597, 2609, 2610, 1539, 0.670, 359.72, -72.30, 0.671, 0.00, -72.65, 0.004, 164.78, -24.12);
insert into SHOT values (2598, 2609, 2611, 1539, 0.770, 2.62, 10.50, 0.764, 2.29, 10.57, 0.008, 215.87, -2.36);
insert into SHOT values (2599, 2609, 2612, 1539, 0.820, 67.42, 11.30, 0.818, 67.27, 11.28, 0.003, 296.21, -13.91);
insert into SHOT values (2600, 2609, 2613, 1539, 1.000, 116.72, 8.70, 1.000, 117.08, 8.63, 0.006, 207.91, -11.27);
insert into SHOT values (2601, 2609, 2614, 1539, 1.420, 324.82, 12.00, 1.415, 324.70, 11.83, 0.007, 176.57, -45.00);
insert into SHOT values (2602, 2609, 2615, 1539, 1.950, 297.22, 1.20, 1.946, 297.22, 1.18, 0.004, 114.00, -11.63);
insert into SHOT values (2603, 2609, 2616, 1539, 1.640, 259.02, 3.90, 1.643, 259.10, 3.84, 0.004, 294.65, -20.44);
insert into SHOT values (2604, 2609, 2617, 1539, 1.320, 214.32, 3.80, 1.321, 214.17, 3.91, 0.004, 130.47, 37.04);
insert into SHOT values (2605, 2609, 2618, 1539, 1.260, 190.72, 4.80, 1.265, 190.51, 4.53, 0.009, 151.14, -36.99);
insert into SHOT values (2606, 2609, 2619, 1539, 2.070, 279.52, 4.80, 2.065, 279.51, 4.72, 0.006, 103.56, -35.68);
insert into SHOT values (2607, 2609, 2620, 1539, 12.610, 319.12, 79.60, 12.607, 319.10, 79.60, 0.003, 185.01, -70.10);
insert into SHOT values (2608, 2609, 2621, 1539, 4.300, 247.52, 73.30, 4.302, 247.17, 73.29, 0.008, 166.96, 10.08);
insert into SHOT values (2609, 2609, 2622, 1539, 3.510, 56.22, 89.50, 3.510, 63.43, 89.63, 0.009, 217.82, 0.86);
insert into SHOT values (2610, 2609, 2623, 1539, 3.760, 318.82, 65.50, 3.758, 318.64, 65.50, 0.005, 223.17, -16.85);
insert into SHOT values (2611, 2609, 2624, 1539, 3.670, 298.72, 46.90, 3.669, 298.61, 46.92, 0.005, 189.46, 3.53);
insert into SHOT values (2612, 2624, 2625, 1539, 1.760, 190.52, -76.80, 1.765, 190.18, -77.03, 0.009, 33.11, -46.62);
insert into SHOT values (2613, 2624, 2626, 1539, 2.430, 109.52, -86.10, 2.436, 107.35, -86.05, 0.009, 38.97, -39.99);
insert into SHOT values (2614, 2624, 2627, 1539, 1.590, 67.32, -74.00, 1.591, 66.97, -74.14, 0.005, 282.79, -19.60);
insert into SHOT values (2615, 2624, 2628, 1539, 0.430, 241.32, 85.70, 0.431, 251.57, 85.79, 0.006, 342.60, 11.91);
insert into SHOT values (2616, 2624, 2629, 1539, 0.950, 46.12, 78.30, 0.951, 45.00, 77.98, 0.007, 10.08, -2.28);
insert into SHOT values (2617, 2624, 2630, 1539, 0.510, 44.12, 27.00, 0.514, 44.12, 26.58, 0.005, 44.27, -16.27);
insert into SHOT values (2618, 2624, 2631, 1539, 2.390, 135.02, 16.10, 2.384, 135.00, 16.07, 0.006, 322.36, -27.79);
insert into SHOT values (2619, 2624, 2632, 1539, 4.950, 135.92, -25.80, 4.951, 135.91, -25.86, 0.006, 340.99, -76.23);
insert into SHOT values (2620, 2624, 2633, 1539, 4.060, 139.52, -57.30, 4.062, 139.63, -57.34, 0.006, 246.64, -38.55);
insert into SHOT values (2621, 2624, 2634, 1539, 1.760, 335.12, 64.20, 1.757, 335.43, 64.03, 0.007, 24.37, -39.15);
insert into SHOT values (2622, 2624, 2635, 1539, 1.750, 322.62, 27.50, 1.754, 322.84, 27.50, 0.007, 20.41, 15.45);
insert into SHOT values (2623, 2624, 2636, 1539, 1.080, 328.02, -10.20, 1.077, 328.11, -10.16, 0.004, 117.79, 20.24);
insert into SHOT values (2624, 2624, 2637, 1539, 1.550, 325.32, -54.70, 1.556, 325.43, -54.71, 0.006, 354.65, -55.03);
insert into SHOT values (2625, 2624, 2638, 1539, 1.690, 314.22, 39.90, 1.691, 314.38, 39.69, 0.007, 352.35, -34.48);
insert into SHOT values (2626, 2624, 2639, 1539, 1.740, 350.22, 22.90, 1.741, 350.30, 22.99, 0.004, 79.28, 50.63);
insert into SHOT values (2627, 2624, 2640, 1539, 3.000, 114.22, -9.90, 3.004, 114.14, -9.97, 0.007, 64.61, -38.75);
insert into SHOT values (2628, 2624, 2641, 1539, 3.000, 147.62, -6.60, 2.997, 147.48, -6.71, 0.009, 30.41, -33.87);
insert into SHOT values (2629, 2624, 2642, 1539, 0.150, 225.02, 15.60, 0.147, 225.00, 15.79, 0.003, 45.80, -6.32);
insert into SHOT values (2630, 2624, 2643, 1539, 5.250, 326.02, 48.50, 5.250, 326.13, 48.47, 0.007, 39.42, -16.07);
insert into SHOT values (2631, 2643, 2644, 1539, 1.550, 318.12, 29.20, 1.551, 317.70, 29.34, 0.011, 222.38, 21.01);
insert into SHOT values (2632, 2643, 2645, 1539, 2.650, 329.42, 31.70, 2.649, 329.34, 31.65, 0.004, 250.57, -39.49);
insert into SHOT values (2633, 2643, 2646, 1539, 1.430, 346.42, 28.70, 1.433, 346.18, 28.78, 0.006, 278.03, 30.95);
insert into SHOT values (2634, 2643, 2647, 1539, 1.670, 326.42, -4.00, 1.668, 326.02, -4.12, 0.012, 227.22, -16.85);
insert into SHOT values (2635, 2643, 2648, 1539, 1.320, 327.32, -32.20, 1.321, 327.02, -31.99, 0.008, 268.96, 26.40);
insert into SHOT values (2636, 2643, 2649, 1539, 1.320, 7.62, -16.20, 1.313, 7.29, -16.36, 0.010, 231.38, -9.58);
insert into SHOT values (2637, 2643, 2650, 1539, 0.660, 306.92, -28.00, 0.663, 306.67, -27.88, 0.004, 269.59, -2.08);
insert into SHOT values (2638, 2643, 2651, 1539, 0.580, 38.82, 39.20, 0.581, 38.66, 39.54, 0.004, 263.31, 62.88);
insert into SHOT values (2639, 2643, 2652, 1539, 0.310, 114.62, 78.40, 0.306, 120.96, 79.00, 0.009, 238.83, -25.20);
insert into SHOT values (2640, 2643, 2653, 1539, 1.390, 151.02, -53.70, 1.387, 151.56, -53.83, 0.009, 268.95, 1.58);
insert into SHOT values (2641, 2643, 2654, 1539, 3.950, 136.62, -48.50, 3.951, 136.86, -48.51, 0.011, 225.06, -8.40);
insert into SHOT values (2642, 2643, 2655, 1539, 1.630, 122.92, -32.40, 1.625, 123.11, -32.36, 0.007, 248.30, 30.73);
insert into SHOT values (2643, 2643, 2656, 1539, 3.040, 131.62, -5.60, 3.039, 131.65, -5.66, 0.004, 251.31, -59.54);
insert into SHOT values (2644, 2643, 2657, 1539, 5.180, 141.12, -8.20, 5.174, 141.18, -8.22, 0.009, 276.99, -7.94);
insert into SHOT values (2645, 2643, 2658, 1539, 1.330, 14.02, -78.40, 1.327, 12.99, -78.40, 0.006, 276.33, 30.55);
insert into SHOT values (2646, 2643, 2659, 1539, 3.210, 76.32, -66.90, 3.205, 76.63, -66.97, 0.009, 204.81, 16.77);
insert into SHOT values (2647, 2643, 2660, 1539, 3.780, 85.82, -48.80, 3.775, 85.85, -48.80, 0.005, 243.23, 48.92);
insert into SHOT values (2648, 2643, 2661, 1539, 0.310, 82.02, -42.50, 0.306, 82.23, -43.40, 0.007, 254.64, -4.93);
insert into SHOT values (2649, 2643, 2662, 1539, 5.320, 87.72, -36.80, 5.317, 87.71, -36.87, 0.007, 272.60, -26.12);
insert into SHOT values (2650, 2643, 2663, 1539, 2.320, 128.32, -2.20, 2.315, 128.51, -2.23, 0.009, 253.52, -5.77);
insert into SHOT values (2651, 2663, 2664, 1539, 0.690, 314.42, -1.20, 0.686, 314.41, -0.84, 0.006, 135.73, 48.63);
insert into SHOT values (2652, 2663, 2665, 1539, 0.920, 295.12, 1.80, 0.918, 295.17, 1.87, 0.003, 96.94, 22.84);
insert into SHOT values (2653, 2663, 2666, 1539, 3.810, 307.52, -2.20, 3.811, 307.53, -2.26, 0.004, 350.76, -68.71);
insert into SHOT values (2654, 2663, 2667, 1539, 1.230, 227.32, -66.30, 1.234, 226.64, -66.34, 0.007, 144.55, -32.22);
insert into SHOT values (2655, 2663, 2668, 1539, 1.040, 195.22, -85.80, 1.043, 195.95, -86.00, 0.004, 359.87, -38.61);
insert into SHOT values (2656, 2663, 2669, 1539, 4.690, 223.92, -83.30, 4.691, 223.49, -83.42, 0.011, 66.41, -11.04);
insert into SHOT values (2657, 2663, 2670, 1539, 2.710, 211.92, 77.50, 2.715, 211.80, 77.48, 0.005, 177.23, 63.33);
insert into SHOT values (2658, 2663, 2671, 1539, 5.120, 167.12, 80.90, 5.125, 166.48, 80.88, 0.010, 93.72, 25.12);
insert into SHOT values (2659, 2663, 2672, 1539, 1.700, 163.92, 83.10, 1.703, 163.30, 82.96, 0.006, 137.71, 24.46);
insert into SHOT values (2660, 2663, 2673, 1539, 1.240, 180.12, 9.50, 1.238, 180.00, 9.77, 0.007, 39.82, 53.90);
insert into SHOT values (2661, 2663, 2674, 1539, 1.010, 144.42, 10.20, 1.012, 144.40, 10.24, 0.003, 134.84, 27.10);
insert into SHOT values (2662, 2663, 2675, 1539, 2.230, 151.62, 7.50, 2.238, 151.47, 7.44, 0.010, 118.34, -5.99);
insert into SHOT values (2663, 2663, 2676, 1539, 2.120, 151.72, 26.60, 2.122, 151.68, 26.60, 0.002, 111.08, 21.19);
insert into SHOT values (2664, 2676, 2677, 1539, 0.990, 25.12, 10.40, 0.992, 25.51, 10.46, 0.007, 103.98, 10.58);
insert into SHOT values (2665, 2676, 2678, 1539, 1.970, 45.12, 14.80, 1.967, 45.21, 14.73, 0.005, 173.35, -38.47);
insert into SHOT values (2666, 2676, 2679, 1539, 5.520, 58.22, 13.20, 5.521, 58.23, 13.19, 0.002, 109.26, -15.33);
insert into SHOT values (2667, 2676, 2680, 1539, 5.980, 67.22, 9.80, 5.986, 67.26, 9.81, 0.008, 105.35, 16.41);
insert into SHOT values (2668, 2676, 2681, 1539, 2.590, 71.52, 7.00, 2.594, 71.42, 7.09, 0.007, 20.81, 39.04);
insert into SHOT values (2669, 2676, 2682, 1539, 1.520, 85.92, 1.20, 1.524, 85.86, 1.13, 0.005, 66.82, -21.90);
insert into SHOT values (2670, 2676, 2683, 1539, 1.390, 99.92, -3.10, 1.393, 99.94, -2.88, 0.006, 109.21, 60.41);
insert into SHOT values (2671, 2676, 2684, 1539, 0.200, 209.42, 35.20, 0.201, 209.74, 36.66, 0.005, 6.53, 63.27);
insert into SHOT values (2672, 2676, 2685, 1539, 6.950, 71.72, -73.00, 6.954, 71.65, -73.00, 0.005, 13.19, -54.68);
insert into SHOT values (2673, 2676, 2686, 1539, 9.310, 40.22, 78.00, 9.314, 40.18, 77.99, 0.004, 5.34, 60.77);
insert into SHOT values (2674, 2676, 2687, 1539, 6.110, 44.12, 84.60, 6.107, 44.29, 84.62, 0.004, 185.55, -45.65);
insert into SHOT values (2675, 2676, 2688, 1539, 2.860, 24.02, 68.30, 2.864, 23.91, 68.25, 0.005, 354.41, 33.22);
insert into SHOT values (2676, 2676, 2689, 1539, 2.250, 27.22, 50.20, 2.251, 27.28, 50.22, 0.002, 121.35, 42.06);
insert into SHOT values (2677, 2676, 2690, 1539, 2.390, 66.72, -62.30, 2.393, 66.67, -62.35, 0.004, 329.93, -75.73);
insert into SHOT values (2678, 2676, 2691, 1539, 3.680, 189.62, -68.60, 3.682, 189.46, -68.69, 0.007, 48.08, -32.62);
insert into SHOT values (2679, 2676, 2692, 1539, 2.230, 65.02, -11.60, 2.229, 65.08, -11.65, 0.003, 181.28, -31.47);
insert into SHOT values (2680, 2526, 2693, 1539, 5.480, 310.72, 40.60, 5.489, 310.72, 40.57, 0.009, 312.49, 23.58);
insert into SHOT values (2681, 2693, 2694, 1539, 2.110, 105.42, -50.50, 2.116, 105.48, -50.39, 0.007, 117.49, -15.07);
insert into SHOT values (2682, 2693, 2695, 1539, 2.620, 118.02, -47.90, 2.618, 118.17, -47.81, 0.006, 187.78, 38.76);
insert into SHOT values (2683, 2693, 2696, 1539, 7.030, 134.62, -43.10, 7.033, 134.61, -43.04, 0.009, 127.41, 23.62);
insert into SHOT values (2684, 2693, 2697, 1539, 1.350, 188.42, -31.00, 1.352, 188.41, -30.69, 0.008, 186.68, 44.88);
insert into SHOT values (2685, 2693, 2698, 1539, 0.870, 75.62, -78.60, 0.868, 76.76, -78.39, 0.005, 128.39, 32.96);
insert into SHOT values (2686, 2693, 2699, 1539, 0.190, 6.02, 62.40, 0.193, 6.34, 61.96, 0.003, 17.45, 32.17);
insert into SHOT values (2687, 2693, 2700, 1539, 0.300, 34.82, 11.20, 0.300, 35.31, 11.53, 0.003, 129.07, 34.21);
insert into SHOT values (2688, 2693, 2701, 1539, 0.350, 274.12, -6.00, 0.343, 273.37, -6.70, 0.009, 124.78, -21.33);
insert into SHOT values (2689, 2693, 2702, 1539, 0.610, 333.22, 1.30, 0.604, 333.43, 0.95, 0.008, 132.60, -30.46);
insert into SHOT values (2690, 2693, 2703, 1539, 0.680, 330.02, -25.60, 0.675, 330.49, -25.46, 0.008, 100.32, 30.15);
insert into SHOT values (2691, 2693, 2704, 1539, 6.680, 346.42, 31.50, 6.673, 346.48, 31.53, 0.010, 129.59, -1.67);
insert into SHOT values (2692, 2693, 2705, 1539, 0.420, 243.72, -8.70, 0.420, 242.82, -8.21, 0.007, 159.97, 28.29);
insert into SHOT values (2693, 2693, 2706, 1539, 1.100, 221.42, -2.60, 1.100, 220.94, -2.61, 0.009, 130.58, -0.63);
insert into SHOT values (2694, 2693, 2707, 1539, 1.500, 203.32, -2.10, 1.502, 203.15, -1.91, 0.007, 135.89, 46.11);
insert into SHOT values (2695, 2693, 2708, 1539, 1.110, 318.92, 18.60, 1.106, 318.87, 18.45, 0.005, 155.71, -51.15);
insert into SHOT values (2696, 2708, 2709, 1539, 19.840, 320.32, 69.50, 19.845, 320.37, 69.51, 0.010, 67.06, 41.62);
insert into SHOT values (2697, 2708, 2710, 1539, 2.940, 319.42, 81.10, 2.945, 320.36, 81.12, 0.009, 52.31, 35.90);
insert into SHOT values (2698, 2708, 2711, 1539, 1.140, 139.42, 56.80, 1.145, 138.90, 56.99, 0.008, 43.84, 47.15);
insert into SHOT values (2699, 2708, 2712, 1539, 0.830, 302.42, 33.60, 0.828, 302.54, 33.77, 0.004, 99.51, 10.64);
insert into SHOT values (2700, 2708, 2713, 1539, 2.220, 313.32, 33.90, 2.224, 313.46, 33.89, 0.006, 6.21, 16.93);
insert into SHOT values (2701, 2708, 2714, 1539, 2.450, 8.12, 29.80, 2.456, 8.09, 29.79, 0.006, 358.05, 24.58);
insert into SHOT values (2702, 2708, 2715, 1539, 5.510, 358.22, 31.20, 5.512, 358.30, 31.26, 0.009, 96.64, 40.25);
insert into SHOT values (2703, 2708, 2716, 1539, 4.490, 335.42, 30.00, 4.496, 335.41, 30.03, 0.007, 329.55, 47.13);
insert into SHOT values (2704, 2708, 2717, 1539, 5.680, 345.12, 27.30, 5.682, 345.19, 27.34, 0.008, 72.78, 36.00);
insert into SHOT values (2705, 2708, 2718, 1539, 1.650, 50.42, 18.80, 1.660, 50.43, 18.98, 0.011, 52.68, 46.72);
insert into SHOT values (2706, 2708, 2719, 1539, 1.110, 83.02, 30.70, 1.114, 82.80, 30.76, 0.006, 33.71, 34.69);
insert into SHOT values (2707, 2708, 2720, 1539, 0.200, 41.22, -68.70, 0.196, 39.81, -66.54, 0.009, 21.71, 47.74);
insert into SHOT values (2708, 2708, 2721, 1539, 5.180, 340.32, 26.40, 5.183, 340.35, 26.47, 0.007, 64.52, 65.73);
insert into SHOT values (2709, 2708, 2722, 1539, 4.460, 340.42, 26.30, 4.464, 340.43, 26.33, 0.005, 2.66, 52.89);
insert into SHOT values (2710, 2722, 2723, 1539, 0.580, 351.92, 10.50, 0.576, 351.87, 11.00, 0.006, 177.67, 42.93);
insert into SHOT values (2711, 2722, 2724, 1539, 0.780, 44.52, 5.30, 0.781, 45.00, 5.14, 0.007, 124.79, -17.11);
insert into SHOT values (2712, 2722, 2725, 1539, 0.630, 65.42, -62.30, 0.633, 66.04, -62.18, 0.005, 116.35, -28.11);
insert into SHOT values (2713, 2722, 2726, 1539, 17.970, 283.12, 75.70, 17.966, 283.16, 75.70, 0.005, 45.49, -39.63);
insert into SHOT values (2714, 2722, 2727, 1539, 2.810, 192.22, 28.00, 2.814, 192.08, 27.98, 0.007, 135.43, 6.25);
insert into SHOT values (2715, 2722, 2728, 1539, 1.930, 198.42, 0.50, 1.929, 198.43, 0.59, 0.003, 345.41, 70.51);
insert into SHOT values (2716, 2722, 2729, 1539, 4.110, 163.52, -1.50, 4.112, 163.46, -1.53, 0.005, 93.47, -29.50);
insert into SHOT values (2717, 2722, 2730, 1539, 4.590, 176.32, 53.20, 4.598, 176.26, 53.17, 0.008, 151.28, 33.46);
insert into SHOT values (2718, 2722, 2731, 1539, 2.760, 114.82, 69.20, 2.760, 114.73, 69.20, 0.001, 16.82, -4.77);
insert into SHOT values (2719, 2722, 2732, 1539, 6.720, 225.62, 72.40, 6.724, 225.60, 72.43, 0.005, 60.37, 61.25);
insert into SHOT values (2720, 2722, 2733, 1539, 4.270, 148.52, -16.30, 4.274, 148.56, -16.30, 0.005, 184.21, -17.42);
insert into SHOT values (2721, 2733, 2734, 1539, 0.520, 34.52, -3.00, 0.525, 34.90, -2.18, 0.009, 69.68, 49.66);
insert into SHOT values (2722, 2733, 2735, 1539, 0.770, 44.32, -73.50, 0.774, 45.00, -73.00, 0.008, 63.94, -12.01);
insert into SHOT values (2723, 2733, 2736, 1539, 0.910, 35.22, -53.80, 0.907, 35.17, -53.60, 0.004, 4.15, 78.04);
insert into SHOT values (2724, 2733, 2737, 1539, 1.000, 196.62, -63.50, 0.993, 197.20, -63.71, 0.009, 342.39, 31.87);
insert into SHOT values (2725, 2733, 2738, 1539, 0.360, 68.92, 26.60, 0.361, 68.20, 26.34, 0.004, 355.28, -15.78);
insert into SHOT values (2726, 2733, 2739, 1539, 0.340, 145.72, 82.20, 0.343, 135.00, 82.89, 0.010, 26.25, 19.15);
insert into SHOT values (2727, 2733, 2740, 1539, 0.960, 100.62, 6.90, 0.963, 100.25, 7.16, 0.008, 30.31, 35.79);
insert into SHOT values (2728, 2733, 2741, 1539, 1.130, 145.42, -2.30, 1.130, 145.47, -2.03, 0.005, 244.49, 79.75);
insert into SHOT values (2729, 2733, 2742, 1539, 1.230, 131.52, 3.10, 1.228, 131.36, 3.27, 0.005, 5.19, 40.23);
insert into SHOT values (2730, 2742, 2743, 1539, 0.900, 99.42, 1.10, 0.903, 99.57, 1.27, 0.005, 140.42, 37.12);
insert into SHOT values (2731, 2742, 2744, 1539, 0.980, 124.62, 2.90, 0.986, 124.66, 2.91, 0.006, 131.41, 3.97);
insert into SHOT values (2732, 2742, 2745, 1539, 1.640, 144.42, 0.10, 1.640, 144.18, 0.00, 0.007, 56.62, -22.70);
insert into SHOT values (2733, 2742, 2746, 1539, 0.790, 168.42, 2.90, 0.787, 168.26, 2.91, 0.003, 28.41, 0.54);
insert into SHOT values (2734, 2742, 2747, 1539, 0.380, 216.72, 7.20, 0.375, 216.25, 7.65, 0.006, 67.76, 22.15);
insert into SHOT values (2735, 2742, 2748, 1539, 0.620, 28.12, 10.40, 0.623, 28.24, 10.17, 0.004, 50.53, -29.60);
insert into SHOT values (2736, 2742, 2749, 1539, 1.100, 338.42, 8.40, 1.098, 338.39, 8.38, 0.002, 171.17, -19.77);
insert into SHOT values (2737, 2742, 2750, 1539, 0.860, 295.32, 4.20, 0.856, 295.67, 4.02, 0.007, 58.70, -25.64);
insert into SHOT values (2738, 2742, 2751, 1539, 1.120, 294.82, -67.80, 1.122, 295.35, -67.99, 0.006, 59.85, -32.52);
insert into SHOT values (2739, 2742, 2752, 1539, 15.270, 310.02, 84.70, 15.265, 310.12, 84.69, 0.006, 4.49, -57.19);
insert into SHOT values (2740, 2742, 2753, 1539, 7.660, 3.22, 78.50, 7.663, 3.39, 78.54, 0.007, 137.84, 30.50);
insert into SHOT values (2741, 2742, 2754, 1539, 6.160, 299.52, 82.10, 6.158, 299.91, 82.14, 0.008, 67.04, -11.82);
insert into SHOT values (2742, 2742, 2755, 1539, 1.460, 269.52, 81.70, 1.455, 270.00, 81.70, 0.005, 22.95, -67.71);
insert into SHOT values (2743, 2742, 2756, 1539, 1.270, 21.32, 67.00, 1.270, 21.37, 67.11, 0.003, 189.75, 22.52);
insert into SHOT values (2744, 2742, 2757, 1539, 2.400, 113.42, 82.80, 2.399, 113.20, 82.71, 0.004, 96.56, -15.04);
insert into SHOT values (2745, 2742, 2758, 1539, 4.280, 324.32, 59.40, 4.276, 324.34, 59.38, 0.004, 67.84, -77.17);
insert into SHOT values (2746, 2742, 2759, 1539, 6.020, 314.02, 69.30, 6.019, 314.05, 69.29, 0.002, 10.78, -44.49);
insert into SHOT values (2747, 2742, 2760, 1539, 10.280, 330.72, 81.00, 10.276, 330.88, 81.03, 0.008, 111.89, -25.83);
insert into SHOT values (2748, 2742, 2761, 1539, 5.250, 135.92, -48.10, 5.253, 135.92, -48.10, 0.003, 151.42, -55.18);
insert into SHOT values (2749, 2742, 2762, 1539, 3.050, 123.62, -42.30, 3.049, 123.62, -42.24, 0.003, 127.23, 56.78);
insert into SHOT values (2750, 2742, 2763, 1539, 2.800, 142.72, -44.10, 2.802, 142.67, -44.10, 0.002, 94.05, -36.07);
insert into SCRAPS values (1541, 1535, 'SP-P40-1', 1, 79.94761, 1.27813);
 insert into SCRAPS values (1572, 1535, 'SP-P40-2', 1, 79.93478, 7.18852);
 insert into SCRAPS values (1589, 1535, 'SP-P40-4', 1, 0.51927, 0.08664);
 insert into SCRAPS values (1595, 1535, 'SP-P40-3', 1, 84.39360, 3.40168);
 insert into SCRAPS values (1612, 1535, 'SC-P40-1', 2, 74.11925, 1.13356);
 insert into SCRAPS values (1656, 1535, 'SC-P40-2', 2, 65.25611, 6.50448);
 insert into MAPS values (1664, 1535, 'MP-P40-plan-tot', 'P40_suite', 1, 94.220, -46.280);
 insert into MAPITEMS values (1664, 4, 1541);
 insert into MAPITEMS values (1664, 4, 1572);
 insert into MAPITEMS values (1664, 4, 1595);
 insert into MAPITEMS values (1664, 4, 1589);
 insert into MAPS values (1665, 1535, 'MC-P40-coupe-tot-elev', 'P40_suite', 2, 94.220, -46.280);
 insert into MAPITEMS values (1665, 4, 1612);
 insert into MAPITEMS values (1665, 4, 1656);
 insert into SURVEY values (1668, 331, 'jonctionP90P17', 'jonctionP90P17.Kriska.Ded', 'jonctionP90P17');
 insert into CENTRELINE values (1669, 1668, NULL, NULL, NULL, 0.00, 0.00, 0.00);
 insert into SURVEY values (1670, 1668, 'jonctionP90P17', 'jonctionP90P17.jonctionP90P17.Kriska.Ded', 'jonctionP90P17');
 insert into CENTRELINE values (1671, 1670, NULL, NULL, NULL, 0.00, 0.00, 0.00);
 insert into CENTRELINE values (1672, 1670, NULL, '2023-08-18', NULL, 38.25, 0.00, 0.00);
 insert into PERSON values (34, 'Fabien', 'Simon(GUCEM)');
insert into TOPO values (34, 1672);
 insert into TOPO values (2, 1672);
 insert into SHOT values (2751, 2764, 2765, 1672, 2.200, 223.85, -9.00, 2.198, 224.07, -8.90, 0.010, 326.13, 25.85);
insert into SHOT values (2752, 2764, 2766, 1672, 3.200, 229.35, 36.20, 3.199, 229.40, 36.21, 0.003, 337.91, 1.41);
insert into SHOT values (2753, 2764, 2767, 1672, 6.290, 233.35, 57.10, 6.289, 233.33, 57.10, 0.002, 110.78, -49.98);
insert into SHOT values (2754, 2764, 2768, 1672, 2.860, 183.65, 8.00, 2.854, 183.65, 8.06, 0.007, 0.79, 16.98);
insert into SHOT values (2755, 2764, 2769, 1672, 2.830, 183.55, 10.80, 2.825, 183.51, 10.81, 0.005, 22.89, -3.35);
insert into SHOT values (2756, 2764, 2770, 1672, 3.950, 188.65, 39.60, 3.952, 188.69, 39.61, 0.003, 246.95, 38.86);
insert into SHOT values (2757, 2764, 2771, 1672, 13.930, 190.95, 63.40, 13.933, 191.00, 63.42, 0.008, 303.91, 32.96);
insert into SHOT values (2758, 2764, 2772, 1672, 9.640, 222.35, 71.30, 9.638, 222.37, 71.32, 0.005, 23.83, -13.18);
insert into SHOT values (2759, 2764, 2773, 1672, 3.180, 224.25, 75.80, 3.188, 224.48, 75.75, 0.009, 258.25, 50.84);
insert into SHOT values (2760, 2764, 2774, 1672, 0.690, 39.95, 21.20, 0.693, 39.35, 21.14, 0.007, 335.94, 3.68);
insert into SHOT values (2761, 2764, 2775, 1672, 1.580, 113.05, 24.40, 1.578, 112.99, 24.72, 0.009, 308.96, 54.50);
insert into SHOT values (2762, 2764, 2776, 1672, 2.060, 124.85, 56.90, 2.061, 124.82, 57.06, 0.006, 310.42, 45.15);
insert into SHOT values (2763, 2764, 2777, 1672, 0.220, 125.05, 22.60, 0.222, 122.91, 23.96, 0.009, 29.28, 35.67);
insert into SHOT values (2764, 2764, 2778, 1672, 3.230, 122.35, 21.30, 3.230, 122.37, 21.42, 0.007, 272.12, 70.16);
insert into SHOT values (2765, 2764, 2779, 1672, 4.090, 119.85, 10.70, 4.085, 119.89, 10.72, 0.006, 270.63, 6.08);
insert into SHOT values (2766, 2764, 2780, 1672, 2.400, 111.45, -11.10, 2.397, 111.44, -11.06, 0.003, 297.65, 41.64);
insert into SHOT values (2767, 2764, 2781, 1672, 1.870, 136.35, -18.50, 1.864, 136.37, -18.45, 0.006, 306.33, 33.03);
insert into SHOT values (2768, 2764, 2782, 1672, 2.170, 149.75, 0.40, 2.165, 149.76, 0.53, 0.007, 323.08, 41.42);
insert into SHOT values (2769, 2764, 2783, 1672, 2.550, 146.65, 14.10, 2.620, 145.62, 14.82, 0.089, 109.01, 33.30);
insert into SHOT values (2770, 2783, 2784, 1672, 3.830, 176.95, 81.60, 3.831, 176.93, 81.58, 0.002, 171.71, 39.67);
insert into SHOT values (2771, 2783, 2785, 1672, 2.540, 29.65, 84.90, 2.540, 32.28, 84.92, 0.010, 126.87, 0.31);
insert into SHOT values (2772, 2783, 2786, 1672, 2.160, 24.75, 76.90, 2.156, 25.51, 76.93, 0.008, 132.28, -28.93);
insert into SHOT values (2773, 2783, 2787, 1672, 1.480, 22.15, 65.10, 1.476, 22.83, 65.22, 0.009, 144.54, -15.42);
insert into SHOT values (2774, 2783, 2788, 1672, 1.390, 27.25, 47.70, 1.384, 27.39, 47.50, 0.008, 134.49, -73.34);
insert into SHOT values (2775, 2783, 2789, 1672, 1.130, 27.25, 27.30, 1.124, 27.33, 26.98, 0.009, 173.76, -71.64);
insert into SHOT values (2776, 2783, 2790, 1672, 1.110, 31.75, 2.00, 1.110, 32.11, 1.55, 0.011, 117.96, -50.65);
insert into SHOT values (2777, 2783, 2791, 1672, 1.250, 35.75, -19.00, 1.257, 36.10, -19.04, 0.010, 85.50, -17.61);
insert into SHOT values (2778, 2783, 2792, 1672, 1.650, 42.15, -38.10, 1.654, 42.51, -38.07, 0.009, 107.31, -11.69);
insert into SHOT values (2779, 2783, 2793, 1672, 0.940, 44.95, -48.80, 0.944, 45.00, -48.77, 0.004, 55.76, -40.99);
insert into SHOT values (2780, 2783, 2794, 1672, 1.800, 86.65, 33.40, 1.799, 86.57, 33.38, 0.002, 355.82, -22.57);
insert into SHOT values (2781, 2783, 2795, 1672, 1.710, 83.25, 7.80, 1.717, 83.25, 7.70, 0.008, 84.39, -15.23);
insert into SHOT values (2782, 2783, 2796, 1672, 2.150, 78.65, -14.30, 2.157, 78.69, -14.23, 0.007, 91.29, 8.07);
insert into SHOT values (2783, 2783, 2797, 1672, 2.440, 75.05, -28.50, 2.449, 75.19, -28.54, 0.011, 111.87, -32.63);
insert into SHOT values (2784, 2783, 2798, 1672, 2.530, 102.45, 40.20, 2.531, 102.53, 40.09, 0.006, 139.65, -32.94);
insert into SHOT values (2785, 2783, 2799, 1672, 2.820, 112.55, 48.80, 2.821, 112.43, 48.73, 0.005, 63.68, -20.00);
insert into SHOT values (2786, 2783, 2800, 1672, 3.350, 124.75, 59.50, 3.346, 124.72, 59.40, 0.007, 108.30, -64.54);
insert into SHOT values (2787, 2783, 2801, 1672, 3.790, 143.45, 67.40, 3.792, 143.37, 67.38, 0.003, 90.46, 22.10);
insert into SHOT values (2788, 2783, 2802, 1672, 4.330, 188.25, 75.70, 4.325, 188.05, 75.67, 0.007, 114.60, -57.46);
insert into SHOT values (2789, 2783, 2803, 1672, 6.630, 242.85, 58.50, 6.626, 242.84, 58.51, 0.004, 66.86, -49.64);
insert into SHOT values (2790, 2783, 2804, 1672, 5.440, 257.05, 49.10, 5.438, 257.02, 49.09, 0.003, 143.52, -43.87);
insert into SHOT values (2791, 2783, 2805, 1672, 3.880, 261.65, 39.10, 3.869, 261.57, 39.10, 0.012, 105.42, -36.62);
insert into SHOT values (2792, 2783, 2806, 1672, 3.200, 266.65, 24.00, 3.192, 266.66, 24.04, 0.009, 82.86, -10.50);
insert into SHOT values (2793, 2783, 2807, 1672, 2.910, 269.35, 12.80, 2.902, 269.19, 12.74, 0.012, 135.37, -23.79);
insert into SHOT values (2794, 2783, 2808, 1672, 2.860, 273.85, -4.70, 2.856, 273.83, -4.82, 0.007, 106.52, -53.83);
insert into SHOT values (2795, 2783, 2809, 1672, 3.800, 285.85, -32.90, 3.795, 285.87, -33.05, 0.011, 97.19, -32.31);
insert into SHOT values (2796, 2783, 2810, 1672, 3.970, 315.25, -7.50, 3.966, 315.21, -7.53, 0.006, 166.40, -19.01);
insert into SHOT values (2797, 2783, 2811, 1672, 0.170, 199.95, 17.00, 0.175, 197.35, 16.61, 0.009, 142.76, 1.88);
insert into SHOT values (2798, 2783, 2812, 1672, 2.720, 96.65, -2.90, 2.722, 96.76, -2.95, 0.006, 162.83, -22.10);
insert into SHOT values (2799, 2783, 2813, 1672, 3.010, 91.25, -16.20, 3.010, 91.39, -16.20, 0.007, 178.41, -1.89);
insert into SHOT values (2800, 2783, 2814, 1672, 3.740, 88.15, -29.70, 3.746, 88.24, -29.77, 0.009, 149.47, -49.60);
insert into SHOT values (2801, 2783, 2815, 1672, 3.740, 92.15, -22.90, 3.838, 91.93, -21.87, 0.120, 85.61, 12.16);
insert into SHOT values (2802, 2815, 2816, 1672, 1.260, 160.55, 50.80, 1.267, 161.11, 50.66, 0.011, 209.86, 18.77);
insert into SHOT values (2803, 2815, 2817, 1672, 1.000, 171.45, 27.10, 1.001, 171.60, 27.34, 0.005, 277.30, 61.33);
insert into SHOT values (2804, 2815, 2818, 1672, 0.720, 176.85, 8.40, 0.729, 176.82, 8.67, 0.010, 174.76, 28.60);
insert into SHOT values (2805, 2815, 2819, 1672, 0.710, 178.15, -19.20, 0.709, 178.29, -18.94, 0.004, 275.26, 64.02);
insert into SHOT values (2806, 2815, 2820, 1672, 0.890, 183.35, -46.60, 0.892, 183.75, -46.76, 0.005, 276.16, -37.67);
insert into SHOT values (2807, 2815, 2821, 1672, 0.940, 177.15, -44.90, 0.941, 177.44, -44.54, 0.007, 212.33, 30.81);
insert into SHOT values (2808, 2815, 2822, 1672, 1.020, 172.55, -62.40, 1.017, 172.72, -62.23, 0.004, 222.41, 63.72);
insert into SHOT values (2809, 2815, 2823, 1672, 1.250, 182.35, -77.50, 1.250, 182.12, -77.51, 0.001, 73.26, 18.27);
insert into SHOT values (2810, 2815, 2824, 1672, 0.830, 216.05, -84.40, 0.834, 215.54, -84.08, 0.006, 207.42, -37.93);
insert into SHOT values (2811, 2815, 2825, 1672, 1.190, 138.05, -14.40, 1.193, 138.16, -14.57, 0.005, 191.32, -54.63);
insert into SHOT values (2812, 2815, 2826, 1672, 1.810, 128.75, -44.00, 1.811, 129.07, -44.08, 0.008, 226.91, -19.59);
insert into SHOT values (2813, 2815, 2827, 1672, 2.810, 120.25, -55.50, 2.813, 120.59, -55.55, 0.011, 210.78, -23.53);
insert into SHOT values (2814, 2815, 2828, 1672, 3.850, 101.55, -57.70, 3.844, 101.80, -57.71, 0.011, 214.33, 23.11);
insert into SHOT values (2815, 2815, 2829, 1672, 0.260, 91.85, -59.40, 0.256, 94.40, -59.35, 0.007, 201.69, 31.56);
insert into SHOT values (2816, 2815, 2830, 1672, 4.660, 117.95, -3.30, 4.660, 117.94, -3.32, 0.002, 45.28, -79.99);
insert into SHOT values (2817, 2815, 2831, 1672, 2.550, 124.45, 12.10, 2.544, 124.52, 12.03, 0.008, 272.79, -36.24);
insert into SHOT values (2818, 2815, 2832, 1672, 2.840, 130.55, 24.20, 2.843, 130.63, 24.08, 0.008, 165.52, -33.64);
insert into SHOT values (2819, 2815, 2833, 1672, 3.430, 136.25, 33.40, 3.432, 136.27, 33.42, 0.002, 191.10, 47.95);
insert into SHOT values (2820, 2815, 2834, 1672, 3.790, 139.85, 39.40, 3.794, 139.84, 39.43, 0.005, 137.51, 63.70);
insert into SHOT values (2821, 2815, 2835, 1672, 4.870, 114.15, -16.10, 4.873, 114.21, -16.08, 0.006, 176.39, 4.95);
insert into SHOT values (2822, 2815, 2836, 1672, 5.940, 108.25, -24.80, 5.939, 108.27, -24.79, 0.003, 212.10, 36.94);
insert into SHOT values (2823, 2815, 2837, 1672, 2.470, 103.35, -25.90, 2.470, 103.54, -25.92, 0.007, 194.97, -8.48);
insert into SHOT values (2824, 2815, 2838, 1672, 7.910, 98.15, -41.80, 7.911, 98.19, -41.77, 0.006, 148.24, 23.29);
insert into SHOT values (2825, 2815, 2839, 1672, 8.490, 92.85, -45.50, 8.491, 92.89, -45.54, 0.007, 216.52, -38.40);
insert into SHOT values (2826, 2815, 2840, 1672, 3.320, 97.75, -50.60, 3.325, 97.90, -50.61, 0.008, 162.19, -35.75);
insert into SHOT values (2827, 2815, 2841, 1672, 4.090, 89.25, -54.10, 4.089, 89.28, -54.05, 0.004, 128.94, 50.84);
insert into SHOT values (2828, 2815, 2842, 1672, 3.860, 102.45, -35.70, 3.913, 102.18, -34.56, 0.095, 92.85, 20.02);
insert into SHOT values (2829, 2842, 2843, 1672, 2.640, 284.45, 13.20, 2.631, 284.47, 13.18, 0.010, 97.49, -17.43);
insert into SHOT values (2830, 2842, 2844, 1672, 3.730, 282.15, 29.50, 3.728, 282.11, 29.58, 0.006, 129.01, 33.99);
insert into SHOT values (2831, 2842, 2845, 1672, 1.190, 264.35, 16.40, 1.185, 264.44, 16.67, 0.008, 67.68, 31.63);
insert into SHOT values (2832, 2842, 2846, 1672, 0.990, 253.75, 36.80, 0.987, 253.86, 36.71, 0.004, 28.85, -54.66);
insert into SHOT values (2833, 2842, 2847, 1672, 0.750, 279.15, -10.00, 0.741, 279.46, -10.10, 0.010, 74.24, 1.41);
insert into SHOT values (2834, 2842, 2848, 1672, 1.630, 313.25, -26.00, 1.621, 313.33, -25.98, 0.009, 117.55, 29.36);
insert into SHOT values (2835, 2842, 2849, 1672, 1.010, 327.65, -47.20, 1.007, 328.17, -47.31, 0.007, 87.64, 8.38);
insert into SHOT values (2836, 2842, 2850, 1672, 1.190, 344.55, -78.30, 1.184, 345.38, -78.42, 0.007, 121.06, 46.40);
insert into SHOT values (2837, 2842, 2851, 1672, 0.460, 229.85, -13.40, 0.460, 229.54, -13.83, 0.004, 125.70, -53.89);
insert into SHOT values (2838, 2842, 2852, 1672, 0.570, 229.25, 26.00, 0.562, 229.03, 26.42, 0.009, 61.19, 0.80);
insert into SHOT values (2839, 2842, 2853, 1672, 1.620, 229.05, 51.20, 1.613, 229.03, 51.38, 0.009, 51.11, -16.51);
insert into SHOT values (2840, 2842, 2854, 1672, 1.860, 219.05, 62.00, 1.859, 218.97, 61.93, 0.003, 177.65, -51.38);
insert into SHOT values (2841, 2842, 2855, 1672, 5.160, 245.85, 61.50, 5.162, 245.73, 61.58, 0.009, 110.87, 37.02);
insert into SHOT values (2842, 2842, 2856, 1672, 1.960, 202.85, 67.90, 1.963, 202.38, 68.00, 0.007, 94.06, 32.39);
insert into SHOT values (2843, 2842, 2857, 1672, 2.120, 193.65, 54.60, 2.120, 193.70, 54.70, 0.004, 355.39, 29.41);
insert into SHOT values (2844, 2842, 2858, 1672, 1.590, 183.25, 48.50, 1.588, 183.27, 48.53, 0.002, 349.46, -23.75);
insert into SHOT values (2845, 2842, 2859, 1672, 1.410, 170.85, 29.60, 1.412, 170.61, 29.72, 0.006, 85.69, 35.49);
insert into SHOT values (2846, 2842, 2860, 1672, 1.220, 167.05, 13.90, 1.216, 166.79, 13.79, 0.007, 47.54, -26.69);
insert into SHOT values (2847, 2842, 2861, 1672, 1.380, 167.55, -2.60, 1.384, 167.47, -2.48, 0.005, 145.08, 28.92);
insert into SHOT values (2848, 2842, 2862, 1672, 1.640, 170.45, -21.80, 1.640, 170.17, -21.84, 0.007, 77.60, -7.34);
insert into SHOT values (2849, 2842, 2863, 1672, 1.830, 175.25, -28.80, 1.831, 175.00, -28.72, 0.008, 104.83, 12.38);
insert into SHOT values (2850, 2842, 2864, 1672, 1.030, 169.15, -42.90, 1.030, 168.54, -42.83, 0.008, 82.65, 8.15);
insert into SHOT values (2851, 2842, 2865, 1672, 1.130, 158.15, -29.30, 1.126, 157.87, -29.24, 0.006, 34.49, 28.18);
insert into SHOT values (2852, 2842, 2866, 1672, 2.950, 146.25, -41.10, 2.954, 146.17, -41.06, 0.005, 109.68, -8.25);
insert into SHOT values (2853, 2842, 2867, 1672, 2.600, 140.65, -50.20, 2.605, 140.59, -50.14, 0.006, 123.74, -23.75);
insert into SHOT values (2854, 2842, 2868, 1672, 2.290, 131.45, -40.00, 2.291, 131.31, -39.91, 0.006, 77.16, 20.96);
insert into SHOT values (2855, 2842, 2869, 1672, 2.100, 131.75, -24.30, 2.097, 131.61, -24.21, 0.006, 24.56, 41.12);
insert into SHOT values (2856, 2842, 2870, 1672, 2.110, 141.85, -24.90, 2.111, 141.57, -24.93, 0.009, 57.01, -10.04);
insert into SHOT values (2857, 2842, 2871, 1672, 2.740, 149.55, -24.40, 2.741, 149.43, -24.35, 0.006, 79.15, 19.56);
insert into SHOT values (2858, 2842, 2872, 1672, 2.600, 153.85, -2.60, 2.601, 153.73, -2.64, 0.006, 74.89, -21.17);
insert into SHOT values (2859, 2842, 2873, 1672, 2.910, 150.05, 10.10, 2.908, 150.03, 10.10, 0.002, 348.01, -7.95);
insert into SHOT values (2860, 2842, 2874, 1672, 3.610, 144.65, 10.70, 3.612, 144.52, 10.69, 0.008, 67.53, -1.82);
insert into SHOT values (2861, 2842, 2875, 1672, 3.660, 147.85, -2.00, 3.665, 147.83, -2.03, 0.005, 134.42, -25.93);
insert into SHOT values (2862, 2842, 2876, 1672, 3.930, 148.05, -10.70, 3.936, 147.99, -10.69, 0.007, 119.19, -2.64);
insert into SHOT values (2863, 2842, 2877, 1672, 3.060, 148.55, -14.00, 3.058, 148.51, -14.00, 0.003, 13.34, 5.55);
insert into SHOT values (2864, 2842, 2878, 1672, 3.640, 140.45, -7.90, 3.643, 140.40, -7.89, 0.004, 91.66, 4.25);
insert into SHOT values (2865, 2842, 2879, 1672, 3.330, 140.35, -0.50, 3.330, 140.24, -0.52, 0.006, 53.66, -8.57);
insert into SHOT values (2866, 2842, 2880, 1672, 3.680, 142.05, 5.20, 3.684, 141.97, 5.14, 0.007, 92.44, -30.45);
insert into SHOT values (2867, 2842, 2881, 1672, 2.400, 141.35, 7.70, 2.405, 141.30, 7.65, 0.005, 121.08, -16.85);
insert into SHOT values (2868, 2842, 2882, 1672, 2.460, 135.25, 0.00, 2.468, 135.16, 0.00, 0.009, 111.03, 0.00);
insert into SHOT values (2869, 2842, 2883, 1672, 5.230, 148.85, 39.20, 5.235, 148.82, 39.22, 0.006, 115.94, 51.37);
insert into SHOT values (2870, 2842, 2884, 1672, 2.360, 142.65, 46.30, 2.365, 142.71, 46.30, 0.006, 169.64, 43.54);
insert into SHOT values (2871, 2842, 2885, 1672, 2.200, 141.95, 42.30, 2.202, 141.72, 42.23, 0.007, 79.52, -5.05);
insert into SHOT values (2872, 2842, 2886, 1672, 1.810, 130.05, 27.10, 1.819, 129.99, 27.15, 0.009, 116.89, 36.81);
insert into SHOT values (2873, 2842, 2887, 1672, 1.770, 120.35, 9.50, 1.772, 120.23, 9.42, 0.005, 60.29, -28.24);
insert into SHOT values (2874, 2842, 2888, 1672, 2.230, 111.35, -11.90, 2.235, 111.17, -11.87, 0.009, 60.75, -1.08);
insert into SHOT values (2875, 2842, 2889, 1672, 3.020, 105.55, -27.50, 3.026, 105.54, -27.34, 0.010, 102.64, 25.36);
insert into SHOT values (2876, 2842, 2890, 1672, 3.100, 99.65, -36.60, 3.107, 99.69, -36.55, 0.007, 114.94, -13.46);
insert into SHOT values (2877, 2842, 2891, 1672, 2.650, 107.35, -36.10, 2.654, 107.34, -35.99, 0.007, 104.80, 12.06);
insert into SHOT values (2878, 2842, 2892, 1672, 2.260, 85.95, -42.30, 2.261, 85.89, -42.23, 0.003, 55.21, 17.56);
insert into SHOT values (2879, 2842, 2893, 1672, 4.790, 86.35, -50.90, 4.795, 86.40, -50.87, 0.006, 116.03, -25.30);
insert into SHOT values (2880, 2842, 2894, 1672, 4.390, 93.05, -60.00, 4.393, 93.12, -59.89, 0.009, 112.61, 11.91);
insert into SHOT values (2881, 2842, 2895, 1672, 3.800, 82.85, -69.70, 3.797, 82.61, -69.64, 0.007, 18.19, 33.04);
insert into SHOT values (2882, 2842, 2896, 1672, 3.640, 46.95, -71.60, 3.638, 46.76, -71.52, 0.007, 4.53, 34.76);
insert into SHOT values (2883, 2842, 2897, 1672, 1.630, 7.35, -73.40, 1.628, 7.43, -73.44, 0.003, 166.01, 47.29);
insert into SHOT values (2884, 2842, 2898, 1672, 4.680, 33.85, -60.90, 4.681, 33.90, -60.89, 0.002, 98.55, -17.54);
insert into SHOT values (2885, 2842, 2899, 1672, 6.340, 51.25, -60.90, 6.342, 51.31, -60.87, 0.005, 91.37, -2.97);
insert into SHOT values (2886, 2842, 2900, 1672, 3.500, 7.55, -55.30, 3.505, 7.77, -55.24, 0.010, 60.24, -14.54);
insert into SHOT values (2887, 2842, 2901, 1672, 3.020, 358.95, -53.00, 3.020, 359.06, -52.94, 0.005, 50.60, 22.88);
insert into SHOT values (2888, 2842, 2902, 1672, 2.270, 87.95, -41.40, 2.275, 87.99, -41.24, 0.008, 97.09, 7.98);
insert into SHOT values (2889, 2842, 2903, 1672, 3.140, 93.05, -44.30, 3.142, 93.05, -44.19, 0.007, 95.77, 27.02);
insert into SHOT values (2890, 2842, 2904, 1672, 2.810, 100.65, -48.80, 2.807, 100.58, -48.73, 0.005, 25.97, 63.39);
insert into SHOT values (2891, 2842, 2905, 1672, 2.940, 114.05, -53.50, 2.938, 113.93, -53.43, 0.005, 49.25, 40.33);
insert into SHOT values (2892, 2842, 2906, 1672, 3.430, 124.85, -58.90, 3.434, 124.67, -58.87, 0.007, 68.94, -25.15);
insert into SHOT values (2893, 2842, 2907, 1672, 3.840, 128.15, -65.30, 3.844, 127.94, -65.23, 0.008, 82.17, -9.27);
insert into SHOT values (2894, 2842, 2908, 1672, 3.140, 129.75, -72.30, 3.140, 129.50, -72.22, 0.006, 86.22, 12.78);
insert into SHOT values (2895, 2842, 2909, 1672, 1.230, 348.45, -72.50, 1.226, 349.00, -72.60, 0.006, 120.16, 33.04);
insert into SHOT values (2896, 2842, 2910, 1672, 1.800, 352.95, -59.70, 1.796, 353.03, -59.67, 0.005, 129.82, 64.16);
insert into SHOT values (2897, 2842, 2911, 1672, 5.070, 55.35, -64.90, 5.051, 56.03, -63.49, 0.129, 69.82, 33.54);
insert into SHOT values (2898, 2911, 2912, 1672, 1.660, 312.35, 32.30, 1.666, 312.41, 32.29, 0.006, 328.65, 27.67);
insert into SHOT values (2899, 2911, 2913, 1672, 1.100, 287.35, 35.00, 1.100, 287.43, 34.95, 0.002, 3.77, -34.45);
insert into SHOT values (2900, 2911, 2914, 1672, 1.720, 269.95, 22.40, 1.718, 270.00, 22.23, 0.006, 8.25, -74.37);
insert into SHOT values (2901, 2911, 2915, 1672, 1.420, 268.75, -10.60, 1.424, 268.77, -10.52, 0.005, 276.90, 14.75);
insert into SHOT values (2902, 2911, 2916, 1672, 1.430, 284.75, -13.40, 1.436, 284.93, -13.29, 0.008, 321.34, 10.44);
insert into SHOT values (2903, 2911, 2917, 1672, 0.480, 311.05, 1.80, 0.489, 310.86, 1.17, 0.011, 301.25, -27.98);
insert into SHOT values (2904, 2911, 2918, 1672, 0.840, 346.55, 0.50, 0.844, 346.29, 0.68, 0.006, 304.04, 25.85);
insert into SHOT values (2905, 2911, 2919, 1672, 0.690, 24.75, 6.50, 0.685, 24.30, 6.71, 0.008, 249.46, 14.24);
insert into SHOT values (2906, 2911, 2920, 1672, 0.650, 51.45, 7.00, 0.645, 51.34, 7.12, 0.005, 245.13, 8.95);
insert into SHOT values (2907, 2911, 2921, 1672, 1.010, 45.65, -26.10, 1.011, 45.00, -26.44, 0.012, 304.72, -28.59);
insert into SHOT values (2908, 2911, 2922, 1672, 1.540, 0.85, -44.30, 1.542, 0.52, -44.47, 0.008, 251.92, -33.96);
insert into SHOT values (2909, 2911, 2923, 1672, 0.730, 331.95, -55.10, 0.733, 331.61, -54.97, 0.004, 291.54, -18.58);
insert into SHOT values (2910, 2911, 2924, 1672, 1.500, 266.75, -49.90, 1.505, 267.05, -49.82, 0.008, 312.06, -19.89);
insert into SHOT values (2911, 2911, 2925, 1672, 1.380, 257.65, -65.00, 1.379, 258.11, -65.01, 0.005, 356.50, 8.37);
insert into SHOT values (2912, 2911, 2926, 1672, 1.370, 258.45, -73.40, 1.369, 258.41, -73.10, 0.007, 256.20, 23.32);
insert into SHOT values (2913, 2911, 2927, 1672, 4.100, 282.15, -85.20, 4.105, 281.63, -85.15, 0.007, 244.61, -40.69);
insert into SHOT values (2914, 2911, 2928, 1672, 2.430, 261.05, -79.70, 2.429, 260.75, -79.67, 0.003, 198.75, 18.54);
insert into SHOT values (2915, 2911, 2929, 1672, 2.720, 359.45, -81.10, 2.723, 358.64, -81.12, 0.007, 262.39, -24.68);
insert into SHOT values (2916, 2911, 2930, 1672, 3.150, 22.25, -87.00, 3.154, 21.80, -87.06, 0.006, 222.99, -50.67);
insert into SHOT values (2917, 2911, 2931, 1672, 2.830, 110.95, -87.00, 2.833, 111.04, -87.18, 0.010, 289.50, -23.71);
insert into SHOT values (2918, 2911, 2932, 1672, 0.480, 142.55, -71.80, 0.484, 143.13, -71.94, 0.004, 229.87, -69.11);
insert into SHOT values (2919, 2911, 2933, 1672, 1.080, 149.65, 14.40, 1.074, 149.98, 14.56, 0.009, 287.21, 8.90);
insert into SHOT values (2920, 2911, 2934, 1672, 1.190, 150.65, 34.20, 1.191, 150.83, 34.23, 0.003, 229.11, 18.89);
insert into SHOT values (2921, 2911, 2935, 1672, 2.230, 156.55, 54.20, 2.233, 156.57, 54.15, 0.004, 166.39, 21.23);
insert into SHOT values (2922, 2911, 2936, 1672, 4.570, 174.75, 61.30, 4.569, 174.76, 61.37, 0.006, 349.77, 14.72);
insert into SHOT values (2923, 2911, 2937, 1672, 5.630, 195.15, 65.40, 5.631, 195.34, 65.41, 0.008, 286.39, 7.14);
insert into SHOT values (2924, 2911, 2938, 1672, 8.400, 206.65, 64.20, 8.399, 206.64, 64.18, 0.004, 189.99, -48.51);
insert into SHOT values (2925, 2911, 2939, 1672, 6.690, 224.05, 65.80, 6.689, 224.11, 65.78, 0.004, 289.20, -30.02);
insert into SHOT values (2926, 2911, 2940, 1672, 3.370, 205.35, 71.30, 3.367, 205.85, 71.33, 0.010, 310.84, -11.99);
insert into SHOT values (2927, 2911, 2941, 1672, 2.100, 182.15, 75.80, 2.093, 182.25, 75.89, 0.008, 351.53, -50.34);
insert into SHOT values (2928, 2911, 2942, 1672, 1.350, 126.05, 70.50, 1.345, 125.84, 70.73, 0.007, 319.84, -20.77);
insert into SHOT values (2929, 2911, 2943, 1672, 1.520, 127.25, 51.30, 1.510, 127.23, 51.40, 0.010, 308.47, -36.83);
insert into SHOT values (2930, 2911, 2944, 1672, 1.450, 128.35, 52.50, 1.450, 128.56, 52.50, 0.003, 224.05, -6.28);
insert into SHOT values (2931, 2911, 2945, 1672, 1.220, 124.15, 32.30, 1.217, 124.31, 32.28, 0.004, 251.16, -27.65);
insert into SHOT values (2932, 2911, 2946, 1672, 1.690, 133.15, 27.20, 1.686, 133.38, 27.18, 0.007, 252.70, -19.58);
insert into SHOT values (2933, 2911, 2947, 1672, 1.580, 129.45, 14.50, 1.577, 129.42, 14.32, 0.006, 326.19, -68.07);
insert into SHOT values (2934, 2911, 2948, 1672, 1.460, 125.85, 6.10, 1.454, 126.00, 5.92, 0.009, 271.20, -37.23);
insert into SHOT values (2935, 2911, 2949, 1672, 1.550, 121.65, -7.30, 1.553, 121.73, -7.40, 0.005, 160.84, -40.61);
insert into SHOT values (2936, 2911, 2950, 1672, 2.570, 123.45, -20.00, 2.566, 123.49, -20.06, 0.005, 281.35, -10.96);
insert into SHOT values (2937, 2911, 2951, 1672, 2.580, 121.25, -25.20, 2.576, 121.30, -25.28, 0.006, 278.79, -14.14);
insert into SHOT values (2938, 2911, 2952, 1672, 4.910, 119.15, -25.30, 4.904, 119.17, -25.35, 0.007, 285.66, -12.98);
insert into SHOT values (2939, 2911, 2953, 1672, 2.190, 117.45, -30.50, 2.186, 117.52, -30.52, 0.005, 266.49, 18.18);
insert into SHOT values (2940, 2911, 2954, 1672, 1.700, 122.05, -35.30, 1.692, 121.96, -35.40, 0.009, 315.67, 15.30);
insert into SHOT values (2941, 2911, 2955, 1672, 1.810, 106.95, -22.90, 1.806, 106.80, -23.15, 0.010, 320.35, -36.23);
insert into SHOT values (2942, 2911, 2956, 1672, 2.190, 106.65, -38.30, 2.186, 106.64, -38.47, 0.008, 289.23, -20.89);
insert into SHOT values (2943, 2911, 2957, 1672, 0.880, 73.85, -18.00, 0.875, 73.96, -17.97, 0.005, 233.69, 21.87);
insert into SHOT values (2944, 2911, 2958, 1672, 1.730, 82.95, -36.70, 1.728, 82.93, -36.99, 0.009, 266.99, -42.87);
insert into SHOT values (2945, 2911, 2959, 1672, 3.490, 85.05, -47.50, 3.489, 84.89, -47.45, 0.007, 8.90, 25.64);
insert into SHOT values (2946, 2911, 2960, 1672, 2.090, 84.75, -52.60, 2.087, 84.56, -52.68, 0.006, 312.59, 3.37);
insert into SHOT values (2947, 2911, 2961, 1672, 2.030, 70.85, -50.40, 2.034, 70.58, -50.51, 0.008, 336.74, -44.74);
insert into SHOT values (2948, 2911, 2962, 1672, 2.450, 59.65, -59.10, 2.447, 59.35, -59.13, 0.007, 306.29, 17.71);
insert into SHOT values (2949, 2911, 2963, 1672, 0.750, 58.05, -8.40, 0.749, 58.24, -8.44, 0.003, 169.96, -9.16);
insert into SHOT values (2950, 2911, 2964, 1672, 0.630, 62.65, 15.60, 0.632, 62.59, 15.61, 0.002, 41.77, 20.08);
insert into SHOT values (2951, 2911, 2965, 1672, 0.770, 81.65, 2.60, 0.769, 81.76, 2.24, 0.005, 210.69, -67.44);
insert into SHOT values (2952, 2911, 2966, 1672, 1.220, 59.35, -36.80, 1.220, 59.24, -36.75, 0.002, 348.81, 22.40);
insert into SHOT values (2953, 2911, 2967, 1672, 1.980, 38.95, -52.70, 1.981, 38.88, -52.90, 0.007, 232.95, -43.25);
insert into SHOT values (2954, 2911, 2968, 1672, 2.570, 18.85, -58.30, 2.573, 18.57, -58.34, 0.007, 287.25, -27.64);
insert into SHOT values (2955, 2911, 2969, 1672, 3.110, 8.65, -85.40, 3.032, 15.07, -84.91, 0.087, 67.57, 66.27);
insert into SHOT values (2956, 2969, 2970, 1672, 4.540, 197.55, 86.60, 4.538, 197.10, 86.56, 0.004, 160.34, -30.01);
insert into SHOT values (2957, 2969, 2971, 1672, 1.360, 175.15, 74.90, 1.359, 175.24, 74.58, 0.008, 179.84, -23.54);
insert into SHOT values (2958, 2969, 2972, 1672, 0.670, 197.25, 55.20, 0.674, 197.97, 54.73, 0.008, 234.05, -1.19);
insert into SHOT values (2959, 2969, 2973, 1672, 1.080, 0.75, 79.90, 1.077, 0.00, 79.84, 0.004, 284.12, -52.09);
insert into SHOT values (2960, 2969, 2974, 1672, 2.020, 16.25, 83.90, 2.011, 16.70, 84.04, 0.011, 180.48, -54.61);
insert into SHOT values (2961, 2969, 2975, 1672, 3.240, 25.85, 83.00, 3.233, 25.91, 83.09, 0.008, 201.74, -45.39);
insert into SHOT values (2962, 2969, 2976, 1672, 3.780, 72.35, 87.70, 3.773, 74.05, 87.79, 0.010, 217.17, -42.70);
insert into SHOT values (2963, 2969, 2977, 1672, 2.900, 219.75, 79.30, 2.892, 219.81, 79.10, 0.013, 223.69, -49.07);
insert into SHOT values (2964, 2969, 2978, 1672, 3.590, 240.25, 77.00, 3.582, 240.26, 76.99, 0.008, 54.65, -80.37);
insert into SHOT values (2965, 2969, 2979, 1672, 1.350, 138.95, 70.00, 1.342, 139.40, 69.90, 0.009, 240.79, -66.55);
insert into SHOT values (2966, 2969, 2980, 1672, 0.690, 157.55, 62.30, 0.690, 158.20, 62.09, 0.004, 215.02, -11.92);
insert into SHOT values (2967, 2969, 2981, 1672, 0.690, 204.25, 53.40, 0.690, 204.10, 52.88, 0.006, 192.23, -38.23);
insert into SHOT values (2968, 2969, 2982, 1672, 0.960, 236.75, 52.30, 0.951, 236.85, 52.03, 0.010, 25.86, -77.43);
insert into SHOT values (2969, 2969, 2983, 1672, 0.660, 295.45, 71.20, 0.655, 295.35, 71.27, 0.005, 123.90, -62.58);
insert into SHOT values (2970, 2969, 2984, 1672, 0.660, 28.85, 50.40, 0.653, 28.39, 49.93, 0.009, 296.81, -68.72);
insert into SHOT values (2971, 2969, 2985, 1672, 0.690, 68.95, 30.50, 0.685, 69.10, 30.73, 0.006, 233.45, -1.92);
insert into SHOT values (2972, 2969, 2986, 1672, 0.710, 89.65, 30.90, 0.708, 90.00, 30.55, 0.006, 168.22, -50.17);
insert into SHOT values (2973, 2969, 2987, 1672, 0.780, 102.55, 23.70, 0.773, 103.06, 23.64, 0.009, 235.85, -22.13);
insert into SHOT values (2974, 2969, 2988, 1672, 0.250, 125.35, 29.60, 0.245, 127.41, 29.28, 0.009, 239.83, -22.41);
insert into SHOT values (2975, 2969, 2989, 1672, 0.490, 184.25, 1.30, 0.492, 184.67, 1.17, 0.004, 248.50, -15.56);
insert into SHOT values (2976, 2969, 2990, 1672, 1.010, 208.35, -3.20, 1.013, 208.34, -3.40, 0.005, 205.93, -52.63);
insert into SHOT values (2977, 2969, 2991, 1672, 0.550, 221.55, -0.30, 0.552, 222.06, -1.04, 0.009, 287.28, -52.40);
insert into SHOT values (2978, 2969, 2992, 1672, 1.510, 219.65, -21.70, 1.513, 219.81, -21.72, 0.005, 273.65, -19.14);
insert into SHOT values (2979, 2969, 2993, 1672, 1.020, 202.05, -26.10, 1.023, 202.38, -26.08, 0.006, 260.96, -11.39);
insert into SHOT values (2980, 2969, 2994, 1672, 1.090, 178.95, -27.30, 1.091, 178.82, -27.26, 0.003, 125.80, -1.54);
insert into SHOT values (2981, 2969, 2995, 1672, 1.280, 166.75, -37.60, 1.287, 166.92, -37.86, 0.010, 221.07, -67.01);
insert into SHOT values (2982, 2969, 2996, 1672, 1.280, 185.05, -46.00, 1.290, 185.14, -46.14, 0.010, 202.77, -63.32);
insert into SHOT values (2983, 2969, 2997, 1672, 1.990, 212.65, -47.90, 1.996, 212.50, -47.84, 0.007, 182.62, -27.64);
insert into SHOT values (2984, 2969, 2998, 1672, 2.550, 211.65, -56.20, 2.554, 211.79, -56.12, 0.006, 247.52, -9.06);
insert into SHOT values (2985, 2969, 2999, 1672, 2.690, 197.75, -60.20, 2.699, 197.76, -60.13, 0.009, 200.58, -38.38);
insert into SHOT values (2986, 2969, 3000, 1672, 2.110, 175.85, -61.70, 2.113, 176.00, -61.68, 0.004, 226.97, -33.02);
insert into SHOT values (2987, 2969, 3001, 1672, 2.280, 207.75, -62.40, 2.290, 207.53, -62.43, 0.011, 161.03, -60.12);
insert into SHOT values (2988, 2969, 3002, 1672, 2.510, 199.15, -67.20, 2.516, 199.18, -67.22, 0.006, 221.16, -76.15);
insert into SHOT values (2989, 2969, 3003, 1672, 3.080, 189.45, -68.10, 3.085, 189.46, -68.00, 0.007, 192.21, -18.09);
insert into SHOT values (2990, 2969, 3004, 1672, 1.330, 227.35, -78.80, 1.336, 226.55, -78.70, 0.007, 180.10, -47.05);
insert into SHOT values (2991, 2969, 3005, 1672, 0.720, 60.35, -12.90, 0.719, 60.87, -13.68, 0.012, 179.27, -51.98);
insert into SHOT values (2992, 2969, 3006, 1672, 1.050, 63.85, -32.00, 1.052, 64.01, -32.18, 0.004, 163.89, -54.01);
insert into SHOT values (2993, 2969, 3007, 1672, 1.300, 54.55, -55.20, 1.300, 54.37, -55.40, 0.005, 265.31, -29.82);
insert into SHOT values (2994, 2969, 3008, 1672, 1.660, 60.45, -73.00, 1.662, 60.26, -73.08, 0.003, 285.53, -48.12);
insert into SHOT values (2995, 2969, 3009, 1672, 1.960, 76.05, -59.50, 1.958, 75.96, -59.65, 0.006, 271.19, -12.56);
insert into SHOT values (2996, 2969, 3010, 1672, 2.470, 85.05, -60.90, 2.468, 85.20, -61.06, 0.008, 241.04, -12.99);
insert into SHOT values (2997, 2969, 3011, 1672, 2.560, 127.45, -41.30, 2.556, 127.59, -41.38, 0.007, 264.60, -3.26);
insert into SHOT values (2998, 2969, 3012, 1672, 1.270, 128.55, -29.40, 1.270, 128.74, -29.74, 0.008, 264.32, -50.58);
insert into SHOT values (2999, 2969, 3013, 1672, 5.170, 126.85, -45.50, 5.175, 126.93, -45.49, 0.007, 179.00, -19.61);
insert into SHOT values (3000, 2969, 3014, 1672, 6.720, 123.55, -49.00, 6.725, 123.62, -49.06, 0.010, 229.84, -55.28);
insert into SHOT values (3001, 2969, 3015, 1672, 8.260, 120.85, -52.40, 8.263, 120.94, -52.44, 0.011, 229.31, -31.92);
insert into SHOT values (3002, 2969, 3016, 1672, 4.510, 129.95, -51.70, 4.511, 130.07, -51.69, 0.006, 209.08, -6.19);
insert into SHOT values (3003, 2969, 3017, 1672, 5.330, 113.45, -48.00, 5.336, 113.47, -48.08, 0.009, 244.14, -76.12);
insert into SHOT values (3004, 2969, 3018, 1672, 4.920, 132.95, -64.90, 4.924, 132.86, -64.92, 0.005, 49.72, -57.08);
insert into SHOT values (3005, 2969, 3019, 1672, 5.970, 123.35, -62.90, 5.975, 123.46, -62.91, 0.008, 200.29, -45.17);
insert into SHOT values (3006, 2969, 3020, 1672, 5.560, 131.15, -78.10, 5.570, 131.47, -78.11, 0.012, 210.78, -55.36);
insert into SHOT values (3007, 2969, 3021, 1672, 3.870, 177.75, -77.60, 3.870, 177.93, -77.61, 0.003, 278.10, -5.85);
insert into SHOT values (3008, 2969, 3022, 1672, 2.840, 112.75, -63.40, 2.839, 112.72, -63.46, 0.003, 301.33, -10.63);
insert into SHOT values (3009, 2969, 3023, 1672, 3.270, 112.05, -70.10, 3.275, 112.18, -70.14, 0.006, 216.75, -62.17);
insert into SHOT values (3010, 2969, 3024, 1672, 1.580, 105.45, -74.80, 1.585, 105.38, -74.83, 0.005, 65.00, -81.64);
insert into SHOT values (3011, 2969, 3025, 1672, 1.900, 91.55, -36.40, 1.902, 91.50, -36.44, 0.003, 45.14, -54.67);
insert into SHOT values (3012, 2969, 3026, 1672, 2.500, 91.75, -48.20, 2.501, 91.73, -48.39, 0.008, 277.82, -48.36);
insert into SHOT values (3013, 2969, 3027, 1672, 2.460, 85.15, -55.30, 2.463, 85.07, -55.50, 0.009, 285.45, -53.31);
insert into SHOT values (3014, 2969, 3028, 1672, 3.070, 116.45, -53.90, 3.074, 115.87, -52.85, 0.059, 95.03, 31.08);
insert into SHOT values (3015, 3028, 3029, 1672, 0.950, 195.05, -5.70, 0.945, 194.77, -5.46, 0.008, 61.75, 35.43);
insert into SHOT values (3016, 3028, 3030, 1672, 0.540, 121.95, 29.00, 0.546, 121.37, 28.43, 0.009, 90.63, -11.01);
insert into SHOT values (3017, 3028, 3031, 1672, 0.490, 39.65, 10.80, 0.491, 39.96, 10.56, 0.003, 102.06, -31.51);
insert into SHOT values (3018, 3028, 3032, 1672, 0.830, 33.85, -50.90, 0.827, 34.90, -50.67, 0.011, 119.36, 23.01);
insert into SHOT values (3019, 3028, 3033, 1672, 0.160, 353.55, -64.30, 0.157, 0.00, -63.43, 0.009, 82.30, 27.93);
insert into SHOT values (3020, 3028, 3034, 1672, 1.360, 225.65, -53.20, 1.360, 225.50, -53.27, 0.003, 100.55, -21.45);
insert into SHOT values (3021, 3028, 3035, 1672, 3.650, 333.25, -87.50, 3.653, 333.43, -87.54, 0.004, 142.36, -51.78);
insert into SHOT values (3022, 3028, 3036, 1672, 2.820, 144.75, -54.00, 2.818, 144.58, -54.00, 0.005, 42.42, 16.51);
insert into SHOT values (3023, 3028, 3037, 1672, 3.590, 115.65, -48.60, 3.588, 115.70, -48.56, 0.004, 185.31, 49.41);
insert into SHOT values (3024, 3028, 3038, 1672, 5.270, 126.85, -51.60, 5.269, 126.80, -51.61, 0.003, 7.92, 1.24);
insert into SHOT values (3025, 3028, 3039, 1672, 1.590, 277.45, 67.10, 1.584, 277.47, 67.15, 0.006, 92.89, -53.28);
insert into SHOT values (3026, 3028, 3040, 1672, 1.680, 258.15, 38.60, 1.677, 258.09, 38.75, 0.005, 93.33, 20.77);
insert into SHOT values (3027, 3028, 3041, 1672, 2.250, 293.35, 48.30, 2.247, 293.30, 48.40, 0.005, 126.57, 0.70);
insert into SHOT values (3028, 3028, 3042, 1672, 1.940, 332.45, 47.00, 1.938, 332.46, 47.10, 0.004, 145.82, 17.91);
insert into SHOT values (3029, 3028, 3043, 1672, 2.740, 309.95, 48.30, 2.739, 310.09, 48.45, 0.009, 92.37, 29.62);
insert into SHOT values (3030, 3028, 3044, 1672, 3.640, 282.15, 50.90, 3.641, 282.09, 51.01, 0.007, 125.11, 44.82);
insert into SHOT values (3031, 3028, 3045, 1672, 16.850, 135.45, -55.60, 16.852, 134.04, -53.06, 0.784, 113.10, 33.54);
insert into SCRAPS values (1674, 1668, 'SP-JP-1', 1, 75.60686, 4.37150);
 insert into SCRAPS values (1690, 1668, 'SC-JP-1', 2, 40.36577, 4.12339);
 insert into MAPS values (1705, 1668, 'MP-jonctionP90P17-plan-tot', 'jonctionP90P17', 1, 38.250, -27.110);
 insert into MAPITEMS values (1705, 4, 1674);
 insert into MAPS values (1706, 1668, 'MC-jonctionP90P17-coupe-tot', 'jonctionP90P17', 2, 38.250, -27.110);
 insert into MAPITEMS values (1706, 4, 1690);
 insert into SURVEY values (1708, 331, 'E60', 'E60.Kriska.Ded', 'E60');
 insert into CENTRELINE values (1709, 1708, NULL, NULL, NULL, 0.00, 0.00, 0.00);
 insert into SURVEY values (1710, 1708, 'E60', 'E60.E60.Kriska.Ded', 'E60');
 insert into CENTRELINE values (1711, 1710, NULL, NULL, NULL, 0.00, 0.00, 0.00);
 insert into CENTRELINE values (1712, 1710, NULL, '2023-09-24', NULL, 98.01, 0.00, 0.00);
 insert into PERSON values (35, NULL, 'Benoit\Urruty');
insert into TOPO values (35, 1712);
 insert into EXPLO values (35, 1712);
 insert into PERSON values (36, NULL, 'Fabien\Simon');
insert into EXPLO values (36, 1712);
 insert into PERSON values (37, NULL, 'Jonas\Maubert');
insert into EXPLO values (37, 1712);
 insert into SHOT values (3032, 3046, 3047, 1712, 0.340, 195.06, 2.70, 0.343, 195.26, 3.35, 0.005, 220.44, 56.00);
insert into SHOT values (3033, 3046, 3048, 1712, 0.270, 116.96, 5.30, 0.261, 117.55, 6.60, 0.011, 281.14, 27.29);
insert into SHOT values (3034, 3046, 3049, 1712, 0.650, 153.76, -74.50, 0.654, 156.37, -74.51, 0.009, 238.32, -24.51);
insert into SHOT values (3035, 3046, 3050, 1712, 0.810, 298.66, 74.10, 0.813, 298.81, 73.69, 0.006, 303.99, 8.82);
insert into SHOT values (3036, 3046, 3051, 1712, 0.930, 303.36, 21.80, 0.936, 302.77, 21.96, 0.011, 241.10, 24.72);
insert into SHOT values (3037, 3046, 3052, 1712, 1.770, 233.06, 33.50, 1.773, 232.98, 33.55, 0.004, 185.10, 45.43);
insert into SHOT values (3038, 3046, 3053, 1712, 1.860, 209.96, 70.50, 1.857, 209.86, 70.41, 0.004, 177.68, -57.65);
insert into SHOT values (3039, 3046, 3054, 1712, 0.660, 244.06, 63.50, 0.662, 244.29, 63.07, 0.005, 257.04, -7.05);
insert into SHOT values (3040, 3046, 3055, 1712, 1.980, 243.76, 59.70, 1.982, 243.95, 59.64, 0.004, 292.50, 6.34);
insert into SHOT values (3041, 3046, 3056, 1712, 1.690, 146.36, -34.50, 1.691, 146.42, -34.59, 0.003, 253.84, -60.37);
insert into SHOT values (3042, 3046, 3057, 1712, 2.620, 239.86, 66.70, 2.625, 239.98, 66.67, 0.005, 274.90, 44.19);
insert into SHOT values (3043, 3057, 3058, 1712, 0.600, 236.96, -4.80, 0.601, 236.58, -4.77, 0.004, 163.13, 2.81);
insert into SHOT values (3044, 3057, 3059, 1712, 0.460, 43.76, -14.40, 0.461, 44.09, -15.07, 0.006, 134.26, -65.49);
insert into SHOT values (3045, 3057, 3060, 1712, 0.750, 253.36, 56.70, 0.748, 253.30, 56.04, 0.009, 248.98, -49.47);
insert into SHOT values (3046, 3057, 3061, 1712, 2.240, 335.66, -86.90, 2.243, 335.56, -86.91, 0.003, 191.81, -83.40);
insert into SHOT values (3047, 3057, 3062, 1712, 0.820, 236.76, -76.50, 0.823, 235.49, -76.36, 0.006, 178.78, -27.62);
insert into SHOT values (3048, 3057, 3063, 1712, 0.770, 164.66, 29.40, 0.769, 164.52, 28.75, 0.009, 140.10, -63.50);
insert into SHOT values (3049, 3057, 3064, 1712, 0.430, 301.86, -15.10, 0.430, 302.15, -16.19, 0.008, 71.88, -71.10);
insert into SHOT values (3050, 3057, 3065, 1712, 2.090, 271.36, 84.00, 2.082, 270.00, 83.93, 0.010, 197.10, -57.57);
insert into SHOT values (3051, 3057, 3066, 1712, 1.400, 239.16, 57.10, 1.394, 239.04, 57.06, 0.006, 93.68, -61.74);
insert into SHOT values (3052, 3057, 3067, 1712, 0.930, 239.46, 57.30, 0.928, 238.84, 57.21, 0.006, 149.89, -25.55);
insert into SHOT values (3053, 3057, 3068, 1712, 0.930, 239.96, 57.20, 0.930, 240.40, 57.02, 0.005, 299.40, -21.23);
insert into SHOT values (3054, 3068, 3069, 1712, 0.760, 143.66, 2.80, 0.767, 144.03, 2.99, 0.009, 178.64, 18.63);
insert into SHOT values (3055, 3068, 3070, 1712, 0.340, 189.76, -0.70, 0.344, 188.37, -1.67, 0.011, 122.91, -32.70);
insert into SHOT values (3056, 3068, 3071, 1712, 0.430, 248.16, -6.20, 0.424, 247.69, -6.76, 0.008, 98.22, -27.36);
insert into SHOT values (3057, 3068, 3072, 1712, 0.630, 91.96, -3.50, 0.632, 92.73, -3.63, 0.009, 169.67, -10.14);
insert into SHOT values (3058, 3068, 3073, 1712, 0.820, 25.46, 1.20, 0.823, 25.94, 1.39, 0.008, 91.45, 20.53);
insert into SHOT values (3059, 3068, 3074, 1712, 0.470, 278.46, -5.90, 0.468, 278.65, -6.13, 0.003, 63.57, -31.98);
insert into SHOT values (3060, 3068, 3075, 1712, 0.150, 311.56, 4.20, 0.149, 312.27, 3.85, 0.002, 68.74, -25.41);
insert into SHOT values (3061, 3068, 3076, 1712, 1.660, 238.76, 67.90, 1.662, 238.09, 67.93, 0.008, 146.92, 15.03);
insert into SHOT values (3062, 3068, 3077, 1712, 2.030, 238.46, 68.10, 2.026, 237.99, 68.13, 0.008, 126.59, -27.86);
insert into SHOT values (3063, 3077, 3078, 1712, 1.070, 270.96, 12.90, 1.077, 271.09, 12.87, 0.008, 289.17, 8.43);
insert into SHOT values (3064, 3077, 3079, 1712, 1.530, 301.66, 10.00, 1.537, 301.48, 10.12, 0.009, 263.09, 29.71);
insert into SHOT values (3065, 3077, 3080, 1712, 1.480, 334.56, 9.40, 1.482, 334.49, 9.32, 0.004, 296.82, -28.52);
insert into SHOT values (3066, 3077, 3081, 1712, 1.020, 0.06, 10.90, 1.018, 0.00, 10.76, 0.003, 214.22, -56.12);
insert into SHOT values (3067, 3077, 3082, 1712, 0.580, 54.96, 6.10, 0.577, 54.93, 5.96, 0.003, 243.37, -33.58);
insert into SHOT values (3068, 3077, 3083, 1712, 2.210, 340.76, 80.80, 2.208, 340.02, 80.85, 0.005, 224.78, -17.18);
insert into SHOT values (3069, 3077, 3084, 1712, 4.420, 280.76, 62.40, 4.422, 280.71, 62.44, 0.004, 143.73, 45.22);
insert into SHOT values (3070, 3077, 3085, 1712, 11.640, 289.96, 76.30, 11.641, 289.95, 76.31, 0.002, 135.12, 35.32);
insert into SHOT values (3071, 3077, 3086, 1712, 1.780, 42.46, -67.40, 1.775, 42.61, -67.50, 0.006, 201.23, 33.67);
insert into SHOT values (3072, 3077, 3087, 1712, 0.980, 42.46, -80.30, 0.974, 42.51, -80.38, 0.006, 219.09, 68.70);
insert into SHOT values (3073, 3077, 3088, 1712, 3.350, 292.76, 48.20, 3.352, 292.66, 48.24, 0.005, 194.53, 33.27);
insert into SHOT values (3074, 3088, 3089, 1712, 1.990, 128.26, -4.20, 1.986, 128.03, -4.33, 0.010, 10.53, -24.89);
insert into SHOT values (3075, 3088, 3090, 1712, 1.910, 105.36, -4.80, 1.904, 105.28, -4.82, 0.007, 308.55, -1.48);
insert into SHOT values (3076, 3088, 3091, 1712, 1.700, 82.16, 0.60, 1.697, 81.87, 0.68, 0.009, 333.80, 13.55);
insert into SHOT values (3077, 3088, 3092, 1712, 1.490, 47.16, 8.80, 1.496, 46.92, 8.84, 0.009, 1.77, 13.06);
insert into SHOT values (3078, 3088, 3093, 1712, 2.350, 336.76, 4.50, 2.359, 336.71, 4.38, 0.010, 322.18, -25.35);
insert into SHOT values (3079, 3088, 3094, 1712, 3.150, 355.46, 2.70, 3.154, 355.45, 2.73, 0.004, 342.56, 24.63);
insert into SHOT values (3080, 3088, 3095, 1712, 3.420, 6.96, -0.70, 3.425, 6.88, -0.67, 0.007, 320.44, 14.10);
insert into SHOT values (3081, 3088, 3096, 1712, 1.440, 26.56, 3.80, 1.443, 26.39, 3.58, 0.008, 332.54, -44.99);
insert into SHOT values (3082, 3088, 3097, 1712, 3.150, 16.76, 4.70, 3.152, 16.65, 4.73, 0.007, 306.41, 15.75);
insert into SHOT values (3083, 3088, 3098, 1712, 4.910, 169.76, 83.30, 4.913, 169.88, 83.35, 0.005, 334.06, 40.40);
insert into SHOT values (3084, 3088, 3099, 1712, 6.600, 17.76, 82.60, 6.595, 17.80, 82.59, 0.005, 55.28, -80.68);
insert into SHOT values (3085, 3088, 3100, 1712, 29.050, 148.16, 87.30, 29.052, 148.17, 87.31, 0.004, 323.67, 35.37);
insert into SHOT values (3086, 3088, 3101, 1712, 3.250, 178.36, 88.10, 3.252, 180.00, 88.24, 0.008, 338.23, 12.15);
insert into SHOT values (3087, 3088, 3102, 1712, 30.980, 143.66, 87.80, 30.982, 143.62, 87.82, 0.010, 329.60, 17.02);
insert into SHOT values (3088, 3088, 3103, 1712, 1.470, 30.06, 3.60, 1.468, 29.89, 3.52, 0.005, 272.92, -25.01);
insert into SHOT values (3089, 3103, 3104, 1712, 1.780, 271.26, -6.40, 1.782, 271.29, -6.45, 0.002, 304.25, -40.72);
insert into SHOT values (3090, 3103, 3105, 1712, 1.940, 303.86, -3.60, 1.934, 304.02, -3.56, 0.008, 81.41, 13.01);
insert into SHOT values (3091, 3103, 3106, 1712, 2.030, 334.86, -5.90, 2.029, 335.09, -5.94, 0.008, 75.57, -9.42);
insert into SHOT values (3092, 3103, 3107, 1712, 2.110, 9.56, 0.40, 2.109, 9.55, 0.54, 0.005, 218.25, 81.30);
insert into SHOT values (3093, 3103, 3108, 1712, 1.350, 32.16, -4.70, 1.353, 32.28, -4.66, 0.004, 75.11, 8.94);
insert into SHOT values (3094, 3103, 3109, 1712, 18.150, 270.46, 83.20, 18.148, 270.53, 83.20, 0.004, 338.73, -39.09);
insert into SHOT values (3095, 3103, 3110, 1712, 2.730, 337.56, -51.20, 2.736, 337.77, -51.12, 0.010, 18.18, -14.45);
insert into SHOT values (3096, 3103, 3111, 1712, 4.080, 25.16, -51.10, 4.077, 25.17, -51.04, 0.005, 32.10, 76.89);
insert into SHOT values (3097, 3103, 3112, 1712, 4.060, 8.66, -52.70, 4.065, 8.62, -52.62, 0.008, 356.00, -2.78);
insert into SHOT values (3098, 3103, 3113, 1712, 4.220, 37.16, -55.20, 4.218, 37.25, -55.12, 0.007, 82.62, 45.34);
insert into SHOT values (3099, 3103, 3114, 1712, 5.050, 345.36, -73.80, 5.052, 345.67, -73.75, 0.009, 41.52, -3.25);
insert into SHOT values (3100, 3114, 3115, 1712, 1.290, 129.56, 0.30, 1.286, 129.63, 0.45, 0.006, 289.71, 34.23);
insert into SHOT values (3101, 3114, 3116, 1712, 2.180, 98.46, -4.60, 2.180, 98.47, -4.47, 0.005, 108.98, 81.56);
insert into SHOT values (3102, 3114, 3117, 1712, 1.820, 43.86, 0.90, 1.818, 43.89, 0.95, 0.003, 205.04, 31.67);
insert into SHOT values (3103, 3114, 3118, 1712, 2.050, 72.56, 0.80, 2.043, 72.63, 0.84, 0.007, 232.68, 11.08);
insert into SHOT values (3104, 3114, 3119, 1712, 0.390, 224.56, -4.10, 0.397, 225.00, -4.33, 0.008, 248.04, -15.57);
insert into SHOT values (3105, 3114, 3120, 1712, 5.210, 69.86, -72.00, 5.204, 69.99, -72.01, 0.007, 199.96, 47.68);
insert into SHOT values (3106, 3114, 3121, 1712, 5.700, 107.66, -87.60, 5.695, 109.98, -87.64, 0.012, 224.46, 25.21);
insert into SHOT values (3107, 3114, 3122, 1712, 3.810, 108.66, -63.60, 3.805, 108.65, -63.65, 0.006, 292.60, 26.22);
insert into SHOT values (3108, 3114, 3123, 1712, 2.230, 142.36, -68.80, 2.231, 142.56, -68.82, 0.003, 240.24, -17.97);
insert into SHOT values (3109, 3114, 3124, 1712, 4.140, 57.46, 70.20, 4.143, 57.56, 70.28, 0.007, 207.78, 44.52);
insert into SHOT values (3110, 3114, 3125, 1712, 4.450, 117.76, 72.90, 4.457, 117.74, 72.90, 0.007, 103.34, 71.87);
insert into SHOT values (3111, 3114, 3126, 1712, 2.160, 157.76, 63.00, 2.166, 157.87, 63.02, 0.006, 205.74, 64.62);
insert into SHOT values (3112, 3114, 3127, 1712, 3.950, 198.66, -85.80, 3.951, 199.65, -85.68, 0.010, 231.46, -3.66);
insert into SHOT values (3113, 3127, 3128, 1712, 2.010, 103.56, -7.50, 2.011, 103.34, -7.43, 0.008, 20.70, 16.78);
insert into SHOT values (3114, 3127, 3129, 1712, 1.600, 74.26, -2.30, 1.603, 74.05, -2.15, 0.008, 10.84, 32.99);
insert into SHOT values (3115, 3127, 3130, 1712, 1.650, 41.36, 1.00, 1.651, 41.32, 1.04, 0.002, 354.22, 33.86);
insert into SHOT values (3116, 3127, 3131, 1712, 1.630, 71.46, -4.80, 1.631, 71.34, -4.57, 0.007, 359.91, 60.69);
insert into SHOT values (3117, 3127, 3132, 1712, 0.710, 18.76, -14.60, 0.713, 19.49, -14.63, 0.009, 93.58, -6.51);
insert into SHOT values (3118, 3132, 3133, 1712, 2.000, 345.16, -1.30, 2.009, 345.00, -1.14, 0.012, 312.08, 26.61);
insert into SHOT values (3119, 3132, 3134, 1712, 4.000, 346.16, -1.10, 4.007, 346.14, -1.00, 0.010, 332.96, 41.61);
insert into SHOT values (3120, 3132, 3135, 1712, 2.470, 357.26, -1.20, 2.473, 357.22, -1.16, 0.004, 328.70, 23.72);
insert into SHOT values (3121, 3132, 3136, 1712, 1.100, 30.66, 1.70, 1.103, 30.52, 2.08, 0.009, 350.22, 59.90);
insert into SHOT values (3122, 3132, 3137, 1712, 7.510, 147.36, -87.50, 7.507, 147.80, -87.56, 0.009, 311.26, 17.81);
insert into SHOT values (3123, 3137, 3138, 1712, 5.070, 317.46, -7.30, 5.066, 317.42, -7.26, 0.007, 180.76, 37.72);
insert into SHOT values (3124, 3137, 3139, 1712, 5.930, 331.36, -6.80, 5.931, 331.39, -6.78, 0.004, 45.56, 36.12);
insert into SHOT values (3125, 3137, 3140, 1712, 3.150, 351.86, -9.80, 3.148, 351.84, -9.88, 0.005, 192.33, -53.48);
insert into SHOT values (3126, 3137, 3141, 1712, 0.990, 31.06, 2.40, 0.992, 30.96, 2.31, 0.003, 352.42, -28.13);
insert into SHOT values (3127, 3137, 3142, 1712, 1.890, 144.76, -3.30, 1.890, 144.71, -3.34, 0.002, 49.82, -34.65);
insert into SHOT values (3128, 3137, 3143, 1712, 2.470, 124.26, 2.70, 2.471, 124.27, 2.78, 0.004, 138.02, 70.08);
insert into SHOT values (3129, 3137, 3144, 1712, 1.410, 89.86, 19.00, 1.417, 90.00, 18.95, 0.008, 115.18, 7.17);
insert into SHOT values (3130, 3137, 3145, 1712, 6.700, 89.16, -67.90, 6.702, 89.32, -67.91, 0.007, 183.61, -18.19);
insert into SHOT values (3131, 3145, 3146, 1712, 1.010, 175.16, 2.60, 1.005, 174.86, 2.85, 0.008, 42.45, 29.91);
insert into SHOT values (3132, 3145, 3147, 1712, 1.340, 223.96, 0.50, 1.337, 224.09, 0.43, 0.005, 2.16, -20.64);
insert into SHOT values (3133, 3145, 3148, 1712, 1.880, 268.26, -1.90, 1.882, 268.48, -1.83, 0.008, 344.79, 17.86);
insert into SHOT values (3134, 3145, 3149, 1712, 3.010, 288.26, 0.60, 3.014, 288.37, 0.57, 0.007, 345.52, -12.17);
insert into SHOT values (3135, 3145, 3150, 1712, 6.400, 297.56, -11.40, 6.401, 297.63, -11.35, 0.009, 13.71, 34.50);
insert into SHOT values (3136, 3145, 3151, 1712, 7.080, 306.16, -6.00, 7.079, 306.22, -6.00, 0.007, 42.42, 0.50);
insert into SHOT values (3137, 3145, 3152, 1712, 1.250, 310.66, -5.40, 1.252, 311.10, -5.04, 0.013, 23.68, 37.48);
insert into SHOT values (3138, 3145, 3153, 1712, 1.050, 311.96, -55.80, 1.054, 312.27, -55.65, 0.006, 347.99, -15.89);
insert into SHOT values (3139, 3145, 3154, 1712, 4.040, 295.36, -74.70, 4.033, 295.60, -74.70, 0.008, 44.39, 55.30);
insert into SHOT values (3140, 3154, 3155, 1712, 0.470, 250.36, 10.40, 0.472, 251.18, 9.76, 0.009, 319.30, -34.42);
insert into SHOT values (3141, 3154, 3156, 1712, 0.570, 45.56, -8.50, 0.573, 45.00, -9.04, 0.008, 334.64, -44.39);
insert into SHOT values (3142, 3154, 3157, 1712, 3.850, 129.66, 48.70, 3.849, 129.57, 48.66, 0.005, 64.85, -28.91);
insert into SHOT values (3143, 3154, 3158, 1712, 0.870, 56.06, -50.30, 0.870, 56.02, -50.38, 0.001, 256.21, -29.78);
insert into SHOT values (3144, 3154, 3159, 1712, 2.310, 356.26, -38.30, 2.316, 356.21, -38.44, 0.009, 299.36, -75.91);
insert into SHOT values (3145, 3154, 3160, 1712, 2.360, 354.66, -37.80, 2.365, 354.78, -37.82, 0.006, 46.31, -36.36);
insert into SHOT values (3146, 3160, 3161, 1712, 2.770, 339.56, -4.30, 2.774, 339.47, -4.34, 0.006, 287.03, -22.00);
insert into SHOT values (3147, 3160, 3162, 1712, 2.230, 311.06, -6.80, 2.227, 310.97, -6.70, 0.006, 185.21, 41.60);
insert into SHOT values (3148, 3160, 3163, 1712, 1.770, 279.76, -3.90, 1.770, 279.78, -3.89, 0.001, 29.87, 30.20);
insert into SHOT values (3149, 3160, 3164, 1712, 0.900, 232.36, -1.60, 0.907, 232.62, -1.90, 0.009, 265.38, -32.64);
insert into SHOT values (3150, 3160, 3165, 1712, 0.860, 178.76, -6.10, 0.865, 179.33, -5.97, 0.010, 239.11, 8.00);
insert into SHOT values (3151, 3160, 3166, 1712, 10.430, 304.06, 61.30, 10.430, 304.01, 61.32, 0.006, 186.55, 14.23);
insert into SHOT values (3152, 3160, 3167, 1712, 3.310, 306.56, 26.00, 3.309, 306.52, 25.99, 0.002, 191.33, -24.25);
insert into SHOT values (3153, 3160, 3168, 1712, 9.590, 295.16, 60.00, 9.586, 295.18, 59.98, 0.005, 359.71, -76.39);
insert into SHOT values (3154, 3160, 3169, 1712, 12.800, 294.76, 70.30, 12.800, 294.78, 70.29, 0.003, 325.01, -13.88);
insert into SHOT values (3155, 3160, 3170, 1712, 6.950, 340.86, -65.90, 6.946, 340.86, -65.89, 0.004, 160.06, 75.05);
insert into SHOT values (3156, 3160, 3171, 1712, 6.320, 298.46, -81.10, 6.316, 298.14, -81.12, 0.007, 183.93, 33.08);
insert into SHOT values (3157, 3160, 3172, 1712, 8.280, 27.66, -72.30, 8.281, 27.48, -72.33, 0.009, 272.25, -12.68);
insert into SHOT values (3158, 3160, 3173, 1712, 7.130, 78.56, -78.00, 7.125, 78.69, -78.02, 0.006, 216.81, 40.22);
insert into SHOT values (3159, 3160, 3174, 1712, 22.200, 35.26, -86.00, 22.204, 35.24, -86.02, 0.007, 222.13, -34.16);
insert into SHOT values (3160, 3174, 3175, 1712, 2.420, 125.86, 26.00, 2.415, 125.81, 26.03, 0.005, 327.06, -9.63);
insert into SCRAPS values (1714, 1708, 'SP-E60-1', 1, 34.18164, 1.06532);
 insert into MAPS values (1747, 1708, 'MP-E60-plan-tot', 'E60', 1, 98.010, -81.040);
 insert into MAPITEMS values (1747, 4, 1714);
 insert into MAPS values (1748, 1708, 'MC-E60-coupe-tot', 'E60', 2, 98.010, -81.040);
 insert into MAPITEMS values (1748, 4, 1749);
 insert into SCRAPS values (1749, 1708, 'SC-E60-1', 2, 43.03362, 1.06611);
 insert into MAPS values (1775, 331, 'MP-Kriska-plan-tot', 'Kriska', 1, 1338.191, -643.020);
 insert into MAPITEMS values (1775, 4, 1747);
 insert into MAPITEMS values (1775, 4, 1705);
 insert into MAPITEMS values (1775, 4, 1532);
 insert into MAPITEMS values (1775, 4, 1445);
 insert into MAPITEMS values (1775, 4, 704);
 insert into MAPITEMS values (1775, 4, 1003);
 insert into MAPITEMS values (1775, 4, 638);
 insert into MAPITEMS values (1775, 4, 1664);
 insert into MAPITEMS values (1775, 4, 1181);
 insert into MAPITEMS values (1775, 4, 1229);
 insert into MAPITEMS values (1775, 4, 1398);
 insert into MAPS values (1776, 331, 'MC-Kriska-tot-elev', 'Kriska', 2, 1338.191, -643.020);
 insert into MAPITEMS values (1776, 4, 1748);
 insert into MAPITEMS values (1776, 4, 1706);
 insert into MAPITEMS values (1776, 4, 1446);
 insert into MAPITEMS values (1776, 4, 639);
 insert into MAPITEMS values (1776, 4, 1004);
 insert into MAPITEMS values (1776, 4, 1182);
 insert into MAPITEMS values (1776, 4, 705);
 insert into MAPITEMS values (1776, 4, 1533);
 insert into MAPITEMS values (1776, 4, 1230);
 insert into MAPITEMS values (1776, 4, 1399);
 insert into MAPITEMS values (1776, 4, 1665);
 insert into SURVEY values (1800, 57, 'Valombre', 'Valombre.Ded', 'Valombre');
 insert into CENTRELINE values (1801, 1800, NULL, NULL, NULL, 0.00, 0.00, 0.00);
 insert into SURVEY values (1802, 1800, 'Valombre', 'Valombre.Valombre.Ded', 'Valombre');
 insert into CENTRELINE values (1803, 1802, NULL, NULL, NULL, 0.00, 0.00, 0.00);
 insert into CENTRELINE values (1804, 1802, NULL, '2021-09-11', NULL, 520.00, 0.00, 0.00);
 insert into TOPO values (10, 1804);
 insert into TOPO values (2, 1804);
 insert into PERSON values (38, 'Serge', 'Aviotte');
insert into EXPLO values (38, 1804);
 insert into EXPLO values (4, 1804);
 insert into PERSON values (39, 'P.', 'Dupille');
insert into EXPLO values (39, 1804);
 insert into PERSON values (40, 'S.', 'Haguenier');
insert into EXPLO values (40, 1804);
 insert into PERSON values (41, 'Laurent', 'Martin');
insert into EXPLO values (41, 1804);
 insert into PERSON values (42, NULL, 'Skai');
insert into EXPLO values (42, 1804);
 insert into PERSON values (43, 'Y.', 'Tardy');
insert into EXPLO values (43, 1804);
 insert into PERSON values (44, 'D.', 'Wolozan');
insert into EXPLO values (44, 1804);
 insert into SHOT values (3161, 3176, 3177, 1804, 1.530, 246.63, 7.80, 1.527, 246.65, 7.53, 0.008, 50.62, -75.68);
insert into SHOT values (3162, 3176, 3178, 1804, 3.030, 297.13, -1.00, 3.024, 297.16, -1.14, 0.010, 104.51, -48.19);
insert into SHOT values (3163, 3176, 3179, 1804, 5.030, 329.73, -1.70, 5.026, 329.76, -1.71, 0.005, 119.35, -9.10);
insert into SHOT values (3164, 3176, 3180, 1804, 5.720, 4.13, -1.40, 5.716, 4.11, -1.40, 0.004, 210.55, -3.56);
insert into SHOT values (3165, 3176, 3181, 1804, 2.860, 54.13, 0.30, 2.859, 54.25, 0.20, 0.008, 157.39, -38.81);
insert into SHOT values (3166, 3176, 3182, 1804, 2.420, 82.03, 2.10, 2.424, 82.17, 2.13, 0.007, 136.48, 10.37);
insert into SHOT values (3167, 3176, 3183, 1804, 3.240, 119.63, -0.00, 3.242, 119.57, 0.00, 0.004, 62.49, 0.00);
insert into SHOT values (3168, 3176, 3184, 1804, 1.940, 331.43, -76.80, 1.941, 331.70, -76.81, 0.002, 63.12, -31.30);
insert into SHOT values (3169, 3176, 3185, 1804, 9.910, 186.53, 87.70, 9.908, 185.71, 87.67, 0.007, 132.93, -15.73);
insert into SHOT values (3170, 3176, 3186, 1804, 32.130, 11.63, 80.70, 32.122, 11.68, 80.71, 0.010, 151.44, -49.80);
insert into SHOT values (3171, 3176, 3187, 1804, 14.710, 12.13, 61.40, 14.703, 12.14, 61.40, 0.007, 178.41, -50.07);
insert into SHOT values (3172, 3176, 3188, 1804, 9.190, 11.73, 49.90, 9.187, 11.80, 49.92, 0.009, 132.50, 2.47);
insert into SHOT values (3173, 3176, 3189, 1804, 10.210, 309.93, 63.40, 10.241, 310.34, 62.70, 0.132, 324.81, -12.78);
insert into SHOT values (3174, 3189, 3190, 1804, 5.410, 149.13, 0.10, 5.409, 149.07, 0.11, 0.006, 49.73, 5.61);
insert into SHOT values (3175, 3189, 3191, 1804, 3.790, 117.83, -0.20, 3.789, 117.85, -0.15, 0.004, 250.98, 63.01);
insert into SHOT values (3176, 3189, 3192, 1804, 3.670, 89.63, 2.50, 3.674, 89.53, 2.50, 0.007, 28.96, -0.65);
insert into SHOT values (3177, 3189, 3193, 1804, 1.700, 34.73, -0.90, 1.703, 34.72, -0.67, 0.008, 27.03, 62.81);
insert into SHOT values (3178, 3189, 3194, 1804, 2.400, 68.63, 5.70, 2.396, 68.60, 5.75, 0.004, 268.06, 22.34);
insert into SHOT values (3179, 3189, 3195, 1804, 22.320, 61.53, 83.40, 22.329, 61.44, 83.38, 0.012, 33.87, 42.58);
insert into SHOT values (3180, 3189, 3196, 1804, 7.390, 295.43, 50.10, 7.436, 296.08, 49.81, 0.081, 338.66, 7.60);
insert into SHOT values (3181, 3196, 3197, 1804, 2.970, 289.63, 1.80, 2.975, 289.65, 1.73, 0.006, 303.27, -34.35);
insert into SHOT values (3182, 3196, 3198, 1804, 1.840, 239.43, -0.80, 1.839, 239.25, -0.93, 0.007, 136.39, -35.72);
insert into SHOT values (3183, 3196, 3199, 1804, 1.170, 205.43, -0.10, 1.172, 205.25, 0.00, 0.005, 144.14, 26.09);
insert into SHOT values (3184, 3196, 3200, 1804, 2.960, 185.13, 1.40, 2.963, 185.23, 1.35, 0.006, 242.65, -21.21);
insert into SHOT values (3185, 3196, 3201, 1804, 2.440, 161.93, -1.50, 2.442, 161.86, -1.64, 0.007, 107.65, -59.05);
insert into SHOT values (3186, 3196, 3202, 1804, 8.120, 128.53, 3.00, 8.116, 128.54, 2.97, 0.006, 293.73, -54.43);
insert into SHOT values (3187, 3196, 3203, 1804, 7.210, 169.33, 1.80, 7.207, 169.36, 1.75, 0.008, 295.01, -55.40);
insert into SHOT values (3188, 3196, 3204, 1804, 1.690, 241.73, -69.10, 1.692, 241.31, -69.07, 0.005, 167.55, -14.61);
insert into SHOT values (3189, 3196, 3205, 1804, 5.450, 341.33, 86.60, 5.449, 341.57, 86.67, 0.007, 150.91, -3.28);
insert into SHOT values (3190, 3196, 3206, 1804, 6.060, 314.73, 70.70, 6.093, 315.20, 70.12, 0.072, 328.42, 8.48);
insert into SHOT values (3191, 3206, 3207, 1804, 0.670, 134.53, 4.60, 0.667, 135.00, 4.30, 0.007, 254.92, -30.67);
insert into SHOT values (3192, 3206, 3208, 1804, 0.580, 209.53, 4.20, 0.588, 209.62, 3.90, 0.009, 216.04, -16.63);
insert into SHOT values (3193, 3206, 3209, 1804, 0.480, 355.43, 4.20, 0.473, 355.14, 3.64, 0.009, 194.61, -34.75);
insert into SHOT values (3194, 3206, 3210, 1804, 5.180, 272.93, 5.20, 5.178, 272.89, 5.21, 0.004, 153.49, 6.91);
insert into SHOT values (3195, 3206, 3211, 1804, 2.550, 287.73, 6.00, 2.553, 287.65, 5.85, 0.008, 241.82, -52.36);
insert into SHOT values (3196, 3206, 3212, 1804, 4.100, 285.23, 28.70, 4.099, 285.16, 28.72, 0.005, 180.45, 12.60);
insert into SHOT values (3197, 3206, 3213, 1804, 3.730, 287.23, 19.70, 3.769, 287.72, 19.69, 0.049, 326.83, 14.92);
insert into SHOT values (3198, 3206, 3214, 1804, 6.860, 84.93, -88.00, 6.864, 85.24, -87.99, 0.005, 126.99, -65.44);
insert into SHOT values (3199, 3206, 3215, 1804, 9.450, 242.43, 84.00, 9.452, 242.40, 83.97, 0.005, 236.84, 18.76);
insert into SHOT values (3200, 3213, 3216, 1804, 5.790, 217.33, -8.60, 5.788, 217.33, -8.65, 0.005, 40.40, -57.03);
insert into SHOT values (3201, 3213, 3217, 1804, 6.360, 205.73, -6.70, 6.359, 205.71, -6.68, 0.003, 85.65, 39.97);
insert into SHOT values (3202, 3213, 3218, 1804, 3.930, 187.13, -3.40, 3.927, 187.18, -3.36, 0.005, 312.97, 37.51);
insert into SHOT values (3203, 3213, 3219, 1804, 3.270, 154.33, -9.90, 3.269, 154.23, -9.87, 0.006, 53.74, 20.87);
insert into SHOT values (3204, 3213, 3220, 1804, 2.860, 127.13, -4.90, 2.859, 127.15, -5.02, 0.006, 274.37, -72.50);
insert into SHOT values (3205, 3213, 3221, 1804, 11.320, 213.53, 78.70, 11.323, 214.16, 79.67, 0.193, 26.78, 11.77);
insert into SHOT values (3206, 3221, 3222, 1804, 1.420, 262.93, 2.40, 1.423, 262.72, 2.42, 0.006, 200.49, 5.29);
insert into SHOT values (3207, 3221, 3223, 1804, 0.880, 317.53, 4.40, 0.873, 317.33, 3.94, 0.011, 161.57, -44.62);
insert into SHOT values (3208, 3221, 3224, 1804, 1.210, 16.03, -6.30, 1.205, 16.01, -6.67, 0.010, 199.98, -48.91);
insert into SHOT values (3209, 3221, 3225, 1804, 1.130, 329.23, -0.40, 1.130, 329.12, -0.51, 0.003, 244.62, -44.41);
insert into SHOT values (3210, 3221, 3226, 1804, 12.490, 4.33, -87.40, 12.493, 4.09, -87.42, 0.006, 209.39, -26.63);
insert into SHOT values (3211, 3221, 3227, 1804, 1.860, 352.53, 85.10, 1.856, 352.41, 85.32, 0.008, 175.07, -22.97);
insert into SHOT values (3212, 3221, 3228, 1804, 1.740, 353.63, 69.40, 1.771, 353.76, 68.68, 0.038, 356.20, 33.89);
insert into SHOT values (3213, 3228, 3229, 1804, 4.000, 254.33, 13.60, 4.008, 254.96, 13.71, 0.044, 337.42, 12.29);
insert into SHOT values (3214, 3229, 3230, 1804, 0.920, 35.53, 2.90, 0.926, 35.75, 3.10, 0.007, 69.34, 28.23);
insert into SHOT values (3215, 3229, 3231, 1804, 2.400, 72.73, -10.20, 2.406, 72.56, -10.05, 0.011, 26.45, 26.88);
insert into SHOT values (3216, 3229, 3232, 1804, 1.820, 52.23, -57.60, 1.819, 52.43, -57.25, 0.012, 73.37, 35.10);
insert into SHOT values (3217, 3229, 3233, 1804, 2.340, 56.43, 80.50, 2.344, 56.31, 80.26, 0.011, 51.79, 11.34);
insert into SHOT values (3218, 3229, 3234, 1804, 8.960, 314.03, 79.10, 8.961, 314.28, 79.13, 0.009, 73.76, 11.04);
insert into SHOT values (3219, 3229, 3235, 1804, 2.840, 236.43, 0.40, 2.835, 236.37, 0.40, 0.006, 87.51, 1.57);
insert into SHOT values (3220, 3229, 3236, 1804, 5.340, 249.03, 2.00, 5.337, 249.02, 2.04, 0.005, 94.44, 47.28);
insert into SHOT values (3221, 3229, 3237, 1804, 13.100, 266.33, -0.20, 13.096, 266.37, -0.17, 0.010, 20.90, 33.52);
insert into SHOT values (3222, 3229, 3238, 1804, 3.810, 282.33, 0.40, 3.809, 282.43, 0.45, 0.007, 17.62, 27.24);
insert into SHOT values (3223, 3229, 3239, 1804, 8.270, 274.53, 0.10, 8.266, 274.58, 0.14, 0.010, 32.25, 35.72);
insert into SHOT values (3224, 3229, 3240, 1804, 3.190, 271.43, -0.40, 3.202, 272.15, -0.18, 0.044, 344.63, 16.37);
insert into SHOT values (3225, 3240, 3241, 1804, 2.220, 179.93, -0.40, 2.220, 180.00, -0.52, 0.005, 268.79, -59.64);
insert into SHOT values (3226, 3240, 3242, 1804, 2.160, 156.43, 3.40, 2.162, 156.52, 3.18, 0.009, 210.20, -62.41);
insert into SHOT values (3227, 3240, 3243, 1804, 2.920, 107.53, 1.50, 2.917, 107.57, 1.38, 0.007, 258.60, -61.62);
insert into SHOT values (3228, 3240, 3244, 1804, 4.770, 230.03, -1.10, 4.764, 230.03, -1.20, 0.010, 55.42, -53.86);
insert into SHOT values (3229, 3240, 3245, 1804, 8.150, 257.33, -5.90, 8.151, 257.32, -5.91, 0.003, 193.48, -45.31);
insert into SHOT values (3230, 3240, 3246, 1804, 8.610, 277.03, -7.70, 8.613, 277.07, -7.74, 0.009, 341.56, -48.03);
insert into SHOT values (3231, 3240, 3247, 1804, 2.710, 285.73, -5.50, 2.713, 285.68, -5.50, 0.004, 248.34, -3.89);
insert into SHOT values (3232, 3240, 3248, 1804, 9.440, 274.73, -29.90, 9.438, 274.77, -29.94, 0.009, 48.83, -29.84);
insert into SHOT values (3233, 3240, 3249, 1804, 5.890, 274.53, -47.30, 5.890, 274.60, -47.32, 0.005, 23.11, -15.84);
insert into SHOT values (3234, 3240, 3250, 1804, 0.730, 201.33, -67.00, 0.735, 201.04, -67.72, 0.011, 33.45, -49.66);
insert into SHOT values (3235, 3240, 3251, 1804, 11.780, 192.33, 84.10, 11.772, 192.43, 84.11, 0.008, 334.94, -66.76);
insert into SHOT values (3236, 3240, 3252, 1804, 0.780, 1.93, 2.40, 0.781, 2.20, 2.20, 0.005, 73.17, -34.37);
insert into SHOT values (3237, 3240, 3253, 1804, 1.740, 70.13, 14.40, 1.743, 70.28, 14.28, 0.006, 119.08, -25.52);
insert into SHOT values (3238, 3240, 3254, 1804, 11.280, 254.03, 44.10, 11.283, 255.00, 44.30, 0.142, 355.01, 12.22);
insert into SHOT values (3239, 3254, 3255, 1804, 2.020, 257.43, 5.10, 2.017, 257.35, 5.12, 0.004, 120.01, 5.65);
insert into SHOT values (3240, 3254, 3256, 1804, 1.270, 211.03, -9.80, 1.264, 210.88, -9.56, 0.008, 65.41, 47.42);
insert into SHOT values (3241, 3254, 3257, 1804, 1.050, 155.03, -8.30, 1.049, 154.92, -8.22, 0.003, 36.84, 33.54);
insert into SHOT values (3242, 3254, 3258, 1804, 4.570, 118.63, -3.10, 4.571, 118.53, -3.14, 0.009, 35.28, -19.33);
insert into SHOT values (3243, 3254, 3259, 1804, 10.040, 86.83, 1.00, 10.047, 86.80, 1.03, 0.010, 52.73, 28.96);
insert into SHOT values (3244, 3254, 3260, 1804, 0.960, 159.03, -2.00, 0.957, 158.53, -1.80, 0.010, 48.61, 21.49);
insert into SHOT values (3245, 3254, 3261, 1804, 3.980, 273.93, 35.60, 3.999, 274.59, 35.63, 0.042, 343.23, 18.29);
insert into SHOT values (3246, 3261, 3262, 1804, 0.360, 341.73, 1.50, 0.357, 342.07, 1.60, 0.003, 121.77, 9.90);
insert into SHOT values (3247, 3261, 3263, 1804, 0.460, 215.83, 8.60, 0.463, 216.12, 8.69, 0.004, 251.46, 17.11);
insert into SHOT values (3248, 3261, 3264, 1804, 1.670, 291.53, -74.80, 1.669, 291.32, -74.71, 0.003, 255.43, 29.48);
insert into SHOT values (3249, 3261, 3265, 1804, 0.680, 271.23, 15.90, 0.687, 271.74, 16.05, 0.009, 313.92, 23.41);
insert into SHOT values (3250, 3261, 3266, 1804, 5.820, 232.83, 77.00, 5.818, 232.78, 77.03, 0.004, 73.50, -13.74);
insert into SHOT values (3251, 3261, 3267, 1804, 3.090, 217.13, 70.00, 3.088, 218.31, 70.47, 0.033, 356.43, 11.01);
insert into SHOT values (3252, 3267, 3268, 1804, 0.820, 179.13, 16.60, 0.823, 178.55, 16.23, 0.010, 117.79, -24.99);
insert into SHOT values (3253, 3267, 3269, 1804, 0.910, 312.03, 4.60, 0.909, 312.32, 4.42, 0.005, 54.44, -32.93);
insert into SHOT values (3254, 3267, 3270, 1804, 4.300, 272.43, 8.60, 4.292, 272.43, 8.58, 0.008, 93.00, -20.97);
insert into SHOT values (3255, 3267, 3271, 1804, 5.230, 259.33, 14.80, 5.230, 259.29, 14.73, 0.007, 192.96, -55.87);
insert into SHOT values (3256, 3267, 3272, 1804, 5.070, 87.03, 14.00, 5.075, 87.09, 13.91, 0.011, 123.26, -37.24);
insert into SHOT values (3257, 3267, 3273, 1804, 3.780, 115.33, 16.20, 3.777, 115.29, 16.14, 0.006, 344.28, -54.92);
insert into SHOT values (3258, 3267, 3274, 1804, 6.580, 237.73, 74.90, 6.578, 237.61, 74.87, 0.006, 187.14, -29.82);
insert into SHOT values (3259, 3267, 3275, 1804, 6.890, 261.03, 51.80, 6.898, 261.76, 51.92, 0.056, 358.68, 15.90);
insert into SHOT values (3260, 3275, 3276, 1804, 1.950, 255.43, -2.70, 1.955, 255.47, -2.64, 0.005, 269.26, 21.20);
insert into SHOT values (3261, 3275, 3277, 1804, 1.770, 227.03, -0.40, 1.776, 227.05, -0.65, 0.010, 233.38, -51.60);
insert into SHOT values (3262, 3275, 3278, 1804, 1.700, 192.83, -0.60, 1.703, 192.89, -0.67, 0.004, 224.05, -31.81);
insert into SHOT values (3263, 3275, 3279, 1804, 1.550, 168.63, -3.40, 1.552, 168.84, -3.32, 0.006, 238.25, 18.18);
insert into SHOT values (3264, 3275, 3280, 1804, 3.320, 128.13, 3.00, 3.315, 128.25, 2.94, 0.009, 250.53, -24.13);
insert into SHOT values (3265, 3275, 3281, 1804, 3.300, 97.03, 3.40, 3.301, 97.15, 3.30, 0.009, 175.00, -40.27);
insert into SHOT values (3266, 3275, 3282, 1804, 7.260, 225.53, 58.20, 7.248, 226.18, 58.66, 0.073, 8.28, 15.63);
insert into SHOT values (3267, 3282, 3283, 1804, 1.820, 71.73, -2.30, 1.823, 71.76, -2.20, 0.004, 90.79, 44.26);
insert into SHOT values (3268, 3282, 3284, 1804, 1.140, 27.63, -2.20, 1.141, 27.69, -2.01, 0.004, 65.31, 63.98);
insert into SHOT values (3269, 3282, 3285, 1804, 2.780, 329.03, -1.90, 2.778, 329.00, -1.86, 0.003, 187.32, 41.75);
insert into SHOT values (3270, 3282, 3286, 1804, 5.950, 287.73, -7.00, 5.945, 287.76, -6.96, 0.007, 75.13, 44.25);
insert into SHOT values (3271, 3282, 3287, 1804, 4.500, 42.73, -85.50, 4.504, 42.71, -85.49, 0.004, 32.48, -78.57);
insert into SHOT values (3272, 3282, 3288, 1804, 5.640, 289.63, 74.20, 5.641, 289.50, 74.29, 0.009, 132.93, 19.49);
insert into SHOT values (3273, 3282, 3289, 1804, 7.470, 279.83, 14.70, 7.493, 280.66, 14.77, 0.107, 359.66, 7.74);
insert into SHOT values (3274, 3289, 3290, 1804, 6.250, 242.23, -7.80, 6.249, 242.28, -7.82, 0.005, 349.45, -19.66);
insert into SHOT values (3275, 3289, 3291, 1804, 2.410, 211.23, -1.20, 2.410, 211.25, -1.19, 0.001, 292.35, 32.68);
insert into SHOT values (3276, 3289, 3292, 1804, 2.120, 159.33, 2.20, 2.115, 159.51, 2.17, 0.008, 285.22, -9.82);
insert into SHOT values (3277, 3289, 3293, 1804, 3.190, 121.03, -1.60, 3.186, 120.99, -1.62, 0.005, 328.30, -11.60);
insert into SHOT values (3278, 3289, 3294, 1804, 2.370, 227.13, -77.60, 2.367, 227.35, -77.39, 0.009, 241.67, 30.66);
insert into SHOT values (3279, 3289, 3295, 1804, 5.890, 203.33, 75.30, 5.893, 203.65, 75.30, 0.009, 286.70, 18.41);
insert into SHOT values (3280, 3289, 3296, 1804, 4.400, 218.03, -32.10, 4.355, 218.61, -32.19, 0.059, 356.33, 17.96);
insert into SHOT values (3281, 3296, 3297, 1804, 0.800, 165.93, 1.00, 0.796, 165.44, 0.72, 0.009, 43.41, -26.05);
insert into SHOT values (3282, 3296, 3298, 1804, 0.980, 339.03, -10.20, 0.977, 339.30, -10.02, 0.006, 97.11, 34.33);
insert into SHOT values (3283, 3296, 3299, 1804, 3.990, 270.43, -10.10, 3.982, 270.44, -10.12, 0.008, 87.26, -2.04);
insert into SHOT values (3284, 3296, 3300, 1804, 2.270, 96.83, -8.70, 2.271, 96.65, -8.61, 0.008, 16.50, 24.96);
insert into SHOT values (3285, 3296, 3301, 1804, 9.420, 85.63, 8.00, 9.428, 85.64, 7.99, 0.009, 93.09, -6.56);
insert into SHOT values (3286, 3296, 3302, 1804, 5.410, 97.03, 79.70, 5.407, 96.54, 79.71, 0.009, 359.70, -18.50);
insert into SHOT values (3287, 3296, 3303, 1804, 5.390, 259.93, -64.40, 5.387, 260.09, -64.44, 0.008, 23.32, 6.44);
insert into SHOT values (3288, 3296, 3304, 1804, 6.830, 250.93, 67.40, 6.835, 251.63, 67.62, 0.042, 15.96, 20.37);
insert into SHOT values (3289, 3304, 3305, 1804, 0.460, 349.73, -7.40, 0.461, 349.92, -7.48, 0.002, 49.12, -23.46);
insert into SHOT values (3290, 3304, 3306, 1804, 10.110, 66.23, -79.90, 10.107, 66.04, -79.90, 0.007, 334.58, 28.93);
insert into SHOT values (3291, 3304, 3307, 1804, 5.790, 22.33, 81.40, 5.795, 22.42, 81.41, 0.005, 130.63, 75.29);
insert into SHOT values (3292, 3304, 3308, 1804, 5.130, 278.83, 1.30, 5.133, 278.86, 1.34, 0.005, 320.20, 47.34);
insert into SHOT values (3293, 3304, 3309, 1804, 4.150, 291.03, -22.80, 4.179, 291.58, -22.51, 0.051, 337.84, 9.17);
insert into SHOT values (3294, 3309, 3310, 1804, 2.780, 236.23, 3.70, 2.782, 236.31, 3.71, 0.004, 297.56, 7.93);
insert into SHOT values (3295, 3309, 3311, 1804, 3.790, 209.03, 1.30, 3.788, 209.07, 1.21, 0.007, 337.79, -62.13);
insert into SHOT values (3296, 3309, 3312, 1804, 1.990, 181.33, 2.80, 1.983, 181.45, 2.60, 0.011, 331.81, -41.89);
insert into SHOT values (3297, 3309, 3313, 1804, 2.210, 146.03, 1.30, 2.206, 146.09, 1.30, 0.005, 298.10, -1.57);
insert into SHOT values (3298, 3309, 3314, 1804, 0.490, 329.43, 16.50, 0.495, 329.66, 16.42, 0.006, 348.97, 8.49);
insert into SHOT values (3299, 3309, 3315, 1804, 1.920, 124.63, 16.80, 1.914, 124.56, 16.70, 0.007, 332.43, -43.78);
insert into SHOT values (3300, 3309, 3316, 1804, 9.500, 112.43, 28.80, 9.491, 112.40, 28.79, 0.011, 323.17, -38.63);
insert into SHOT values (3301, 3309, 3317, 1804, 9.530, 198.83, 89.20, 9.531, 202.62, 89.22, 0.009, 310.10, 5.76);
insert into SHOT values (3302, 3309, 3318, 1804, 2.570, 161.83, -47.90, 2.566, 161.99, -48.10, 0.011, 314.44, -17.12);
insert into SHOT values (3303, 3309, 3319, 1804, 9.160, 189.43, 79.40, 9.157, 189.83, 80.43, 0.165, 5.68, 9.17);
insert into SHOT values (3304, 3319, 3320, 1804, 0.900, 25.33, 2.50, 0.896, 25.13, 2.56, 0.005, 240.31, 7.80);
insert into SHOT values (3305, 3319, 3321, 1804, 0.880, 65.33, 6.80, 0.878, 64.90, 6.54, 0.008, 322.53, -32.11);
insert into SHOT values (3306, 3319, 3322, 1804, 4.360, 144.33, 3.60, 4.357, 144.26, 3.55, 0.007, 28.29, -32.97);
insert into SHOT values (3307, 3319, 3323, 1804, 4.240, 174.53, 0.60, 4.239, 174.59, 0.54, 0.006, 276.75, -47.46);
insert into SHOT values (3308, 3319, 3324, 1804, 0.220, 85.53, 84.80, 0.221, 90.00, 84.81, 0.002, 175.53, 30.16);
insert into SHOT values (3309, 3319, 3325, 1804, 1.730, 150.93, -85.20, 1.726, 151.70, -85.09, 0.005, 185.47, 48.44);
insert into SHOT values (3310, 3319, 3326, 1804, 0.710, 239.13, -5.90, 0.712, 239.45, -5.64, 0.005, 301.68, 33.75);
insert into SHOT values (3311, 3319, 3327, 1804, 2.180, 199.53, 3.70, 2.181, 199.60, 3.68, 0.003, 275.76, -14.21);
insert into SHOT values (3312, 3319, 3328, 1804, 3.890, 161.03, -5.90, 3.809, 160.90, -5.88, 0.082, 347.41, 6.92);
insert into SHOT values (3313, 3328, 3329, 1804, 2.090, 47.73, 6.80, 2.082, 47.74, 6.90, 0.009, 224.45, 17.21);
insert into SHOT values (3314, 3328, 3330, 1804, 1.430, 88.13, 13.00, 1.427, 88.35, 12.96, 0.006, 205.70, -15.60);
insert into SHOT values (3315, 3328, 3331, 1804, 0.770, 185.43, 1.30, 0.774, 185.93, 1.48, 0.008, 242.85, 17.53);
insert into SHOT values (3316, 3328, 3332, 1804, 5.090, 275.03, -4.50, 5.095, 274.97, -4.50, 0.007, 225.96, -5.04);
insert into SHOT values (3317, 3328, 3333, 1804, 7.280, 287.93, -4.50, 7.283, 287.89, -4.49, 0.007, 227.91, 9.97);
insert into SHOT values (3318, 3328, 3334, 1804, 3.350, 306.93, -6.10, 3.347, 306.94, -6.17, 0.005, 119.50, -52.73);
insert into SHOT values (3319, 3328, 3335, 1804, 1.910, 319.13, -5.80, 1.909, 318.84, -5.71, 0.010, 223.59, 17.38);
insert into SHOT values (3320, 3328, 3336, 1804, 9.870, 211.93, 85.50, 9.871, 211.85, 85.49, 0.003, 188.46, 8.58);
insert into SHOT values (3321, 3328, 3337, 1804, 1.380, 25.03, -61.90, 1.382, 24.59, -61.99, 0.006, 281.86, -27.41);
insert into SHOT values (3322, 3328, 3338, 1804, 8.500, 286.53, 54.70, 8.530, 287.12, 54.45, 0.070, 333.37, 2.32);
insert into SHOT values (3323, 3338, 3339, 1804, 0.300, 8.03, 1.10, 0.303, 7.59, 1.89, 0.006, 327.50, 50.03);
insert into SHOT values (3324, 3338, 3340, 1804, 0.170, 182.23, 0.80, 0.170, 183.37, 0.00, 0.004, 267.53, -35.05);
insert into SHOT values (3325, 3338, 3341, 1804, 7.300, 300.13, 1.60, 7.311, 300.14, 1.57, 0.012, 307.70, -18.80);
insert into SHOT values (3326, 3338, 3342, 1804, 4.550, 105.63, 4.50, 4.542, 105.63, 4.55, 0.009, 285.34, 19.50);
insert into SHOT values (3327, 3338, 3343, 1804, 14.950, 237.53, 74.40, 14.953, 237.57, 74.37, 0.008, 257.70, 4.98);
insert into SHOT values (3328, 3338, 3344, 1804, 12.900, 344.43, -81.90, 12.899, 344.36, -81.90, 0.003, 246.65, 28.79);
insert into SHOT values (3329, 3338, 3345, 1804, 3.210, 312.83, 11.90, 3.281, 313.23, 11.78, 0.075, 330.50, 6.22);
insert into SHOT values (3330, 3345, 3346, 1804, 1.340, 218.63, -4.60, 1.342, 218.33, -4.27, 0.011, 149.50, 44.26);
insert into SHOT values (3331, 3345, 3347, 1804, 3.030, 263.03, -4.10, 3.030, 262.97, -3.97, 0.007, 181.31, 63.19);
insert into SHOT values (3332, 3345, 3348, 1804, 4.680, 288.73, -1.80, 4.679, 288.71, -1.71, 0.007, 182.09, 72.55);
insert into SHOT values (3333, 3345, 3349, 1804, 2.610, 173.33, -4.90, 2.617, 173.39, -4.82, 0.008, 195.35, 21.67);
insert into SHOT values (3334, 3345, 3350, 1804, 3.410, 162.03, 9.00, 3.417, 162.05, 9.09, 0.009, 170.80, 46.03);
insert into SHOT values (3335, 3345, 3351, 1804, 3.750, 272.73, 6.60, 3.772, 273.37, 6.70, 0.047, 335.79, 10.93);
insert into SHOT values (3336, 3351, 3352, 1804, 1.870, 294.73, 1.70, 1.862, 294.78, 1.85, 0.009, 104.61, 29.54);
insert into SHOT values (3337, 3351, 3353, 1804, 1.530, 1.83, 13.60, 1.534, 1.92, 13.58, 0.004, 33.91, 3.02);
insert into SHOT values (3338, 3351, 3354, 1804, 2.860, 70.63, 9.80, 2.860, 70.73, 9.86, 0.006, 165.19, 33.72);
insert into SHOT values (3339, 3351, 3355, 1804, 38.480, 248.33, 77.80, 38.477, 248.33, 77.81, 0.008, 70.90, -7.23);
insert into SHOT values (3340, 3351, 3356, 1804, 15.690, 133.53, 67.20, 15.697, 133.53, 67.20, 0.007, 138.93, 63.30);
insert into SHOT values (3341, 3351, 3357, 1804, 15.410, 134.33, 64.30, 15.414, 134.33, 64.31, 0.004, 253.65, 88.02);
insert into SHOT values (3342, 3351, 3358, 1804, 1.680, 95.33, -76.50, 1.676, 95.86, -76.48, 0.005, 187.87, 44.94);
insert into SHOT values (3343, 3351, 3359, 1804, 4.910, 329.93, 25.70, 4.981, 330.24, 25.57, 0.075, 349.40, 16.00);
insert into SHOT values (3344, 3359, 3360, 1804, 1.140, 193.93, -88.30, 1.140, 198.43, -88.41, 0.003, 326.67, -8.44);
insert into SHOT values (3345, 3359, 3361, 1804, 4.540, 307.13, 80.80, 4.539, 307.18, 80.77, 0.003, 324.45, -35.37);
insert into SHOT values (3346, 3359, 3362, 1804, 1.520, 239.53, -5.20, 1.526, 239.55, -5.26, 0.006, 245.18, -21.03);
insert into SHOT values (3347, 3359, 3363, 1804, 1.520, 8.13, 3.10, 1.517, 7.97, 3.02, 0.006, 241.83, -22.44);
insert into SHOT values (3348, 3359, 3364, 1804, 5.190, 201.03, 2.70, 5.191, 201.02, 2.65, 0.005, 153.55, -74.23);
insert into SHOT values (3349, 3359, 3365, 1804, 4.400, 302.53, -4.10, 4.400, 302.53, -4.17, 0.005, 140.28, -88.18);
insert into SHOT values (3350, 3359, 3366, 1804, 2.870, 321.63, -8.40, 2.872, 321.72, -8.41, 0.005, 30.55, -9.20);
insert into SHOT values (3351, 3359, 3367, 1804, 4.820, 326.43, 49.90, 4.880, 326.71, 49.49, 0.071, 339.70, 18.94);
insert into SHOT values (3352, 3367, 3368, 1804, 1.620, 282.23, -6.30, 1.626, 282.14, -6.36, 0.007, 259.66, -19.09);
insert into SHOT values (3353, 3367, 3369, 1804, 2.040, 264.03, -3.30, 2.044, 264.09, -3.37, 0.005, 291.65, -28.38);
insert into SHOT values (3354, 3367, 3370, 1804, 1.260, 238.23, 0.10, 1.262, 237.95, 0.00, 0.007, 169.47, -18.05);
insert into SHOT values (3355, 3367, 3371, 1804, 0.670, 197.23, -1.70, 0.671, 197.35, -1.71, 0.002, 257.51, -4.30);
insert into SHOT values (3356, 3367, 3372, 1804, 2.110, 99.73, -3.90, 2.106, 99.87, -4.08, 0.009, 229.25, -45.56);
insert into SHOT values (3357, 3367, 3373, 1804, 3.450, 120.53, -2.90, 3.452, 120.51, -2.99, 0.006, 79.00, -68.01);
insert into SHOT values (3358, 3367, 3374, 1804, 3.930, 146.23, -2.40, 3.934, 146.31, -2.48, 0.008, 203.07, -40.35);
insert into SHOT values (3359, 3367, 3375, 1804, 5.520, 292.13, -87.90, 5.524, 290.22, -87.90, 0.008, 202.97, -28.82);
insert into SHOT values (3360, 3367, 3376, 1804, 5.640, 221.93, 82.40, 5.640, 221.76, 82.35, 0.005, 196.84, -4.91);
insert into SHOT values (3361, 3367, 3377, 1804, 5.540, 307.83, 84.60, 5.550, 308.66, 84.04, 0.056, 316.46, 4.73);
insert into SHOT values (3362, 3377, 3378, 1804, 0.540, 189.83, -7.80, 0.532, 189.82, -7.56, 0.008, 10.75, 24.31);
insert into SHOT values (3363, 3377, 3379, 1804, 1.280, 106.03, -13.20, 1.281, 105.82, -13.09, 0.005, 28.77, 25.74);
insert into SHOT values (3364, 3377, 3380, 1804, 2.320, 255.73, -4.10, 2.317, 255.72, -3.96, 0.006, 83.18, 65.31);
insert into SHOT values (3365, 3377, 3381, 1804, 10.980, 183.23, -85.90, 10.978, 182.94, -85.92, 0.006, 48.31, 18.42);
insert into SHOT values (3366, 3377, 3382, 1804, 0.660, 95.33, 68.80, 0.665, 94.76, 68.77, 0.006, 47.29, 55.46);
insert into SHOT values (3367, 3377, 3383, 1804, 3.070, 259.63, 26.50, 3.076, 260.37, 26.66, 0.037, 347.86, 16.10);
insert into SHOT values (3368, 3383, 3384, 1804, 0.340, 340.23, 11.70, 0.336, 340.46, 12.01, 0.004, 141.86, 14.02);
insert into SHOT values (3369, 3383, 3385, 1804, 0.410, 124.93, 16.20, 0.412, 125.71, 16.94, 0.008, 211.44, 46.44);
insert into SHOT values (3370, 3383, 3386, 1804, 1.720, 279.13, 4.40, 1.716, 279.08, 4.34, 0.004, 124.24, -26.85);
insert into SHOT values (3371, 3383, 3387, 1804, 1.070, 75.93, -0.80, 1.072, 75.96, -0.53, 0.005, 91.67, 66.05);
insert into SHOT values (3372, 3383, 3388, 1804, 2.300, 307.83, -74.60, 2.301, 307.63, -74.73, 0.006, 152.54, -26.36);
insert into SHOT values (3373, 3383, 3389, 1804, 0.540, 266.93, 62.50, 0.541, 267.71, 62.47, 0.004, 343.15, 16.18);
insert into SHOT values (3374, 3383, 3390, 1804, 1.560, 282.13, -1.40, 1.592, 283.08, -1.08, 0.042, 321.88, 11.20);
insert into SHOT values (3375, 3390, 3391, 1804, 0.910, 173.33, 2.20, 0.917, 173.11, 1.87, 0.010, 147.11, -31.27);
insert into SHOT values (3376, 3390, 3392, 1804, 0.770, 299.83, 84.50, 0.763, 296.57, 84.96, 0.010, 149.07, -39.52);
insert into SHOT values (3377, 3390, 3393, 1804, 0.870, 39.23, 5.30, 0.871, 39.38, 5.27, 0.002, 115.65, -8.80);
insert into SHOT values (3378, 3390, 3394, 1804, 1.620, 206.03, -64.10, 1.624, 205.84, -64.03, 0.005, 172.43, -32.86);
insert into SHOT values (3379, 3390, 3395, 1804, 2.080, 230.23, -0.90, 2.081, 230.26, -1.10, 0.007, 284.65, -78.63);
insert into SHOT values (3380, 3390, 3396, 1804, 3.120, 243.63, 6.40, 3.106, 244.27, 6.47, 0.037, 356.87, 3.42);
insert into SHOT values (3381, 3396, 3397, 1804, 0.550, 342.03, 1.90, 0.547, 341.90, 2.09, 0.003, 188.38, 31.15);
insert into SHOT values (3382, 3396, 3398, 1804, 0.170, 280.23, -88.10, 0.170, 90.00, -90.00, 0.006, 100.23, -0.95);
insert into SHOT values (3383, 3396, 3399, 1804, 4.350, 287.43, 79.40, 4.354, 287.53, 79.45, 0.005, 85.26, 50.81);
insert into SHOT values (3384, 3396, 3400, 1804, 4.740, 275.63, 1.60, 4.734, 275.58, 1.57, 0.008, 133.40, -17.91);
insert into SHOT values (3385, 3396, 3401, 1804, 3.240, 84.23, 6.00, 3.244, 84.31, 6.02, 0.006, 133.39, 13.36);
insert into SHOT values (3386, 3396, 3402, 1804, 6.470, 284.33, 11.80, 6.500, 285.13, 11.90, 0.094, 357.62, 10.38);
insert into SHOT values (3387, 3402, 3403, 1804, 1.490, 354.73, 4.30, 1.491, 354.60, 4.23, 0.004, 277.48, -25.45);
insert into SHOT values (3388, 3402, 3404, 1804, 1.880, 151.33, 12.50, 1.878, 151.34, 12.30, 0.007, 309.98, -84.37);
insert into SHOT values (3389, 3402, 3405, 1804, 2.680, 129.93, 0.30, 2.676, 130.00, 0.21, 0.006, 272.37, -38.78);
insert into SHOT values (3390, 3402, 3406, 1804, 3.030, 100.23, -1.90, 3.030, 100.27, -1.89, 0.002, 184.80, 12.51);
insert into SHOT values (3391, 3402, 3407, 1804, 1.890, 62.83, 2.70, 1.889, 62.89, 2.73, 0.002, 169.12, 25.23);
insert into SHOT values (3392, 3402, 3408, 1804, 2.380, 97.43, -66.70, 2.383, 97.96, -66.79, 0.010, 202.97, -24.62);
insert into SHOT values (3393, 3402, 3409, 1804, 23.920, 105.93, 82.40, 23.920, 105.97, 82.40, 0.003, 231.86, 2.72);
insert into SHOT values (3394, 3402, 3410, 1804, 19.440, 89.73, 84.70, 19.451, 88.96, 85.10, 0.139, 279.05, 9.55);
insert into SHOT values (3395, 3410, 3411, 1804, 0.160, 322.23, -36.10, 0.162, 321.34, -37.99, 0.006, 200.52, -67.76);
insert into SHOT values (3396, 3410, 3412, 1804, 0.190, 250.43, -46.90, 0.189, 251.57, -47.90, 0.004, 33.73, -16.87);
insert into SHOT values (3397, 3410, 3413, 1804, 20.660, 144.33, -87.70, 20.667, 143.82, -87.70, 0.010, 61.29, -41.66);
insert into SHOT values (3398, 3410, 3414, 1804, 0.600, 195.23, -0.40, 0.602, 195.42, -0.95, 0.006, 245.24, -65.84);
insert into SHOT values (3399, 3410, 3415, 1804, 4.350, 309.23, -1.10, 4.351, 309.22, -1.19, 0.007, 238.59, -78.31);
insert into SHOT values (3400, 3410, 3416, 1804, 6.260, 124.43, -2.20, 6.262, 124.45, -2.20, 0.003, 169.39, 5.69);
insert into SHOT values (3401, 3410, 3417, 1804, 4.250, 210.23, 74.90, 4.248, 210.26, 74.83, 0.005, 216.61, -37.30);
insert into SHOT values (3402, 3410, 3418, 1804, 4.900, 310.03, 17.60, 4.960, 310.46, 17.48, 0.070, 340.14, 6.84);
insert into SHOT values (3403, 3418, 3419, 1804, 0.530, 234.33, 9.60, 0.524, 234.46, 9.89, 0.007, 44.00, 13.84);
insert into SHOT values (3404, 3418, 3420, 1804, 4.360, 255.43, -12.80, 4.354, 255.41, -12.74, 0.008, 96.71, 50.00);
insert into SHOT values (3405, 3418, 3421, 1804, 3.970, 240.83, -59.00, 3.966, 240.67, -59.02, 0.007, 122.61, 24.66);
insert into SHOT values (3406, 3418, 3422, 1804, 0.700, 207.43, -81.80, 0.697, 203.96, -81.88, 0.007, 103.02, 24.80);
insert into SHOT values (3407, 3418, 3423, 1804, 3.350, 157.63, -38.40, 3.351, 157.63, -38.36, 0.002, 157.37, 19.82);
insert into SHOT values (3408, 3418, 3424, 1804, 4.060, 127.33, -0.50, 4.060, 127.29, -0.42, 0.006, 42.84, 63.10);
insert into SHOT values (3409, 3418, 3425, 1804, 0.840, 203.73, 81.90, 0.838, 199.98, 81.97, 0.008, 102.21, -11.72);
insert into SHOT values (3410, 3418, 3426, 1804, 3.150, 260.53, 75.00, 3.167, 262.27, 75.04, 0.030, 346.42, 34.95);
insert into SHOT values (3411, 3426, 3427, 1804, 0.510, 350.23, 6.90, 0.510, 350.91, 6.76, 0.006, 80.06, -11.97);
insert into SHOT values (3412, 3426, 3428, 1804, 1.060, 95.33, 8.50, 1.065, 95.44, 8.09, 0.009, 112.67, -44.92);
insert into SHOT values (3413, 3426, 3429, 1804, 1.040, 216.53, -11.40, 1.038, 216.19, -11.68, 0.008, 96.81, -32.68);
insert into SHOT values (3414, 3426, 3430, 1804, 1.230, 214.63, -76.60, 1.234, 213.69, -76.48, 0.007, 159.92, -30.97);
insert into SHOT values (3415, 3426, 3431, 1804, 0.810, 234.63, 69.60, 0.812, 233.53, 69.38, 0.007, 177.93, 6.95);
insert into SHOT values (3416, 3426, 3432, 1804, 1.590, 255.13, 10.50, 1.589, 255.16, 10.52, 0.002, 41.86, 9.02);
insert into SHOT values (3417, 3426, 3433, 1804, 1.600, 256.43, 11.40, 1.592, 257.03, 11.59, 0.019, 14.56, 11.42);
insert into SHOT values (3418, 3433, 3434, 1804, 0.420, 332.93, -2.10, 0.425, 333.43, -2.70, 0.008, 9.01, -36.05);
insert into SHOT values (3419, 3433, 3435, 1804, 1.380, 277.13, 85.60, 1.375, 280.30, 85.33, 0.010, 324.19, -35.06);
insert into SHOT values (3420, 3433, 3436, 1804, 1.470, 307.73, -71.00, 1.470, 307.35, -71.02, 0.003, 207.45, -1.55);
insert into SHOT values (3421, 3433, 3437, 1804, 1.140, 253.63, -3.40, 1.148, 253.78, -3.50, 0.009, 274.88, -16.33);
insert into SHOT values (3422, 3433, 3438, 1804, 2.320, 278.13, 7.30, 2.322, 278.24, 7.17, 0.007, 336.59, -44.40);
insert into SHOT values (3423, 3433, 3439, 1804, 4.200, 272.03, 1.90, 4.217, 272.72, 2.04, 0.054, 343.71, 11.40);
insert into SHOT values (3424, 3439, 3440, 1804, 1.990, 356.23, 1.80, 1.995, 356.26, 1.72, 0.006, 7.69, -25.20);
insert into SHOT values (3425, 3439, 3441, 1804, 6.630, 287.13, -5.10, 6.631, 287.17, -5.10, 0.005, 8.88, -7.54);
insert into SHOT values (3426, 3439, 3442, 1804, 2.210, 321.83, -2.50, 2.217, 321.78, -2.59, 0.008, 306.60, -27.36);
insert into SHOT values (3427, 3439, 3443, 1804, 1.110, 99.53, 9.40, 1.110, 99.46, 9.34, 0.002, 1.04, -43.84);
insert into SHOT values (3428, 3439, 3444, 1804, 1.450, 52.83, 9.90, 1.440, 52.73, 9.59, 0.013, 250.14, -46.66);
insert into SHOT values (3429, 3439, 3445, 1804, 0.870, 33.33, -86.70, 0.871, 26.57, -87.06, 0.008, 256.23, -10.56);
insert into SHOT values (3430, 3439, 3446, 1804, 7.950, 296.93, 75.50, 7.944, 296.82, 75.46, 0.009, 253.67, -50.49);
insert into SHOT values (3431, 3439, 3447, 1804, 5.750, 311.53, 70.00, 5.779, 312.01, 69.41, 0.068, 326.00, 5.71);
insert into SHOT values (3432, 3447, 3448, 1804, 1.230, 172.53, -0.40, 1.230, 172.53, -0.47, 0.001, 163.54, -71.13);
insert into SHOT values (3433, 3447, 3449, 1804, 2.270, 214.13, -4.30, 2.267, 214.18, -4.30, 0.004, 1.76, 3.12);
insert into SHOT values (3434, 3447, 3450, 1804, 6.260, 169.13, -78.20, 6.263, 169.22, -78.18, 0.004, 205.92, -36.19);
insert into SHOT values (3435, 3447, 3451, 1804, 3.170, 118.33, -5.70, 3.165, 118.44, -5.62, 0.009, 244.99, 34.12);
insert into SHOT values (3436, 3447, 3452, 1804, 0.930, 142.63, -4.40, 0.931, 142.88, -4.31, 0.004, 222.31, 18.06);
insert into SHOT values (3437, 3447, 3453, 1804, 5.090, 219.83, 83.60, 5.092, 219.29, 83.59, 0.006, 141.43, 17.39);
insert into SHOT values (3438, 3447, 3454, 1804, 3.420, 245.93, 1.50, 3.401, 246.60, 1.68, 0.046, 2.07, 13.30);
insert into SHOT values (3439, 3454, 3455, 1804, 0.610, 354.23, -1.70, 0.603, 354.29, -1.90, 0.007, 169.11, -15.71);
insert into SHOT values (3440, 3454, 3456, 1804, 3.090, 292.23, -11.30, 3.093, 292.08, -11.37, 0.009, 218.61, -28.70);
insert into SHOT values (3441, 3454, 3457, 1804, 5.600, 279.13, -15.40, 5.599, 279.06, -15.43, 0.007, 175.79, -22.77);
insert into SHOT values (3442, 3454, 3458, 1804, 3.150, 273.93, -15.00, 3.156, 273.95, -15.06, 0.007, 286.82, -45.14);
insert into SHOT values (3443, 3454, 3459, 1804, 0.890, 3.83, 6.60, 0.888, 3.90, 6.47, 0.003, 156.70, -44.75);
insert into SHOT values (3444, 3454, 3460, 1804, 2.290, 317.33, 72.00, 2.292, 317.29, 72.02, 0.002, 229.93, 76.20);
insert into SHOT values (3445, 3454, 3461, 1804, 1.500, 259.53, -68.50, 1.504, 259.51, -68.58, 0.004, 101.01, -82.02);
insert into SHOT values (3446, 3454, 3462, 1804, 4.520, 289.63, -5.70, 4.561, 290.23, -5.54, 0.064, 338.00, 8.00);
insert into SHOT values (3447, 3462, 3463, 1804, 1.720, 221.43, 47.20, 1.719, 221.19, 47.14, 0.005, 138.99, -21.70);
insert into SHOT values (3448, 3462, 3464, 1804, 2.680, 251.93, 4.80, 2.681, 251.90, 4.71, 0.005, 212.31, -64.41);
insert into SHOT values (3449, 3462, 3465, 1804, 1.840, 298.03, 8.40, 1.841, 297.83, 8.44, 0.006, 211.02, 10.73);
insert into SHOT values (3450, 3462, 3466, 1804, 4.060, 167.73, -58.20, 4.060, 167.59, -58.19, 0.005, 83.82, 5.93);
insert into SHOT values (3451, 3462, 3467, 1804, 1.550, 154.93, -1.60, 1.558, 154.92, -1.84, 0.010, 151.68, -42.10);
insert into SHOT values (3452, 3462, 3468, 1804, 3.590, 104.43, 14.70, 3.588, 104.52, 14.69, 0.005, 212.64, -10.39);
insert into SHOT values (3453, 3462, 3469, 1804, 10.580, 294.03, 82.90, 10.581, 294.01, 82.93, 0.005, 120.45, 12.60);
insert into SHOT values (3454, 3462, 3470, 1804, 9.890, 266.63, 72.90, 9.901, 267.26, 72.83, 0.036, 331.19, 11.57);
insert into SHOT values (3455, 3470, 3471, 1804, 0.370, 349.23, -3.20, 0.367, 349.00, -3.12, 0.003, 198.55, 11.99);
insert into SHOT values (3456, 3470, 3472, 1804, 1.320, 291.13, -5.30, 1.322, 290.91, -5.21, 0.006, 226.33, 19.10);
insert into SHOT values (3457, 3470, 3473, 1804, 7.390, 98.93, -1.00, 7.391, 98.95, -1.01, 0.003, 165.41, -19.58);
insert into SHOT values (3458, 3470, 3474, 1804, 2.660, 92.93, -5.00, 2.664, 93.02, -4.95, 0.006, 141.16, 17.77);
insert into SHOT values (3459, 3470, 3475, 1804, 0.440, 326.73, 24.50, 0.509, 327.34, 24.39, 0.069, 331.20, 23.60);
insert into SHOT values (3460, 3475, 3476, 1804, 5.090, 294.63, 33.30, 5.136, 295.19, 33.17, 0.063, 338.10, 14.17);
insert into SHOT values (3461, 3476, 3477, 1804, 1.220, 83.63, -2.30, 1.219, 83.40, -2.35, 0.005, 342.67, -11.69);
insert into SHOT values (3462, 3476, 3478, 1804, 4.080, 101.73, -1.30, 4.075, 101.61, -1.41, 0.013, 338.28, -36.35);
insert into SHOT values (3463, 3476, 3479, 1804, 4.730, 120.33, 0.50, 4.724, 120.26, 0.49, 0.009, 344.57, -8.14);
insert into SHOT values (3464, 3476, 3480, 1804, 3.380, 145.03, 0.30, 3.374, 144.90, 0.17, 0.013, 16.43, -37.06);
insert into SHOT values (3465, 3476, 3481, 1804, 1.610, 168.93, -2.80, 1.602, 168.83, -2.86, 0.008, 8.97, -9.29);
insert into SHOT values (3466, 3476, 3482, 1804, 0.880, 200.43, -8.10, 0.873, 200.32, -8.56, 0.010, 32.85, -38.21);
insert into SHOT values (3467, 3476, 3483, 1804, 3.310, 97.53, -66.80, 3.316, 97.51, -66.90, 0.008, 288.84, -69.60);
insert into SHOT values (3468, 3476, 3484, 1804, 1.560, 45.53, -76.80, 1.561, 45.00, -76.91, 0.004, 276.21, -16.00);
insert into SHOT values (3469, 3476, 3485, 1804, 4.100, 134.33, 42.40, 4.096, 134.20, 42.36, 0.009, 36.66, -32.79);
insert into SHOT values (3470, 3476, 3486, 1804, 2.950, 134.33, 46.30, 2.947, 134.20, 46.28, 0.006, 26.68, -30.03);
insert into SHOT values (3471, 3476, 3487, 1804, 3.210, 283.53, -38.90, 3.228, 284.26, -38.74, 0.037, 342.49, -6.50);
insert into SHOT values (3472, 3487, 3488, 1804, 0.830, 199.53, -6.20, 0.834, 199.75, -6.20, 0.005, 240.47, -4.35);
insert into SHOT values (3473, 3487, 3489, 1804, 0.770, 268.23, 3.00, 0.771, 268.51, 2.97, 0.004, 339.11, -4.28);
insert into SHOT values (3474, 3487, 3490, 1804, 0.770, 195.53, -15.10, 0.764, 195.73, -15.17, 0.006, 351.54, 5.31);
insert into SHOT values (3475, 3487, 3491, 1804, 1.220, 150.13, -13.00, 1.217, 150.20, -12.81, 0.005, 292.80, 64.04);
insert into SHOT values (3476, 3487, 3492, 1804, 0.690, 71.93, 0.00, 0.686, 71.30, 0.00, 0.008, 315.11, 0.00);
insert into SHOT values (3477, 3487, 3493, 1804, 1.370, 180.13, -83.50, 1.368, 180.00, -83.71, 0.005, 4.02, 13.17);
insert into SHOT values (3478, 3487, 3494, 1804, 5.310, 217.93, 77.20, 5.313, 218.13, 77.14, 0.007, 252.84, 15.32);
insert into SHOT values (3479, 3487, 3495, 1804, 5.820, 170.43, 77.60, 5.825, 170.76, 77.65, 0.010, 287.07, 35.49);
insert into SHOT values (3480, 3487, 3496, 1804, 2.500, 239.53, 67.90, 2.501, 241.24, 68.04, 0.029, 340.90, 7.36);
insert into SHOT values (3481, 3496, 3497, 1804, 0.320, 336.73, -14.10, 0.313, 336.80, -12.94, 0.010, 153.04, 54.19);
insert into SHOT values (3482, 3496, 3498, 1804, 1.660, 311.33, -83.70, 1.659, 312.71, -83.88, 0.007, 92.55, -0.21);
insert into SHOT values (3483, 3496, 3499, 1804, 3.210, 284.03, 74.70, 3.213, 283.71, 74.77, 0.007, 161.89, 33.70);
insert into SHOT values (3484, 3496, 3500, 1804, 4.420, 285.83, -6.40, 4.415, 285.87, -6.37, 0.007, 74.07, 23.94);
insert into SHOT values (3485, 3496, 3501, 1804, 1.560, 108.43, 7.40, 1.564, 108.43, 7.72, 0.009, 110.28, 74.54);
insert into SHOT values (3486, 3496, 3502, 1804, 3.950, 274.83, 12.30, 3.972, 275.48, 12.50, 0.051, 342.24, 21.45);
insert into SHOT values (3487, 3502, 3503, 1804, 1.110, 335.93, -4.90, 1.110, 335.98, -5.17, 0.005, 78.69, -78.58);
insert into SHOT values (3488, 3502, 3504, 1804, 1.300, 13.43, -2.60, 1.297, 13.39, -2.65, 0.004, 207.97, -16.14);
insert into SHOT values (3489, 3502, 3505, 1804, 1.230, 50.23, 4.80, 1.226, 50.31, 4.68, 0.005, 207.55, -32.63);
insert into SHOT values (3490, 3502, 3506, 1804, 3.870, 87.83, 7.80, 3.868, 87.91, 7.73, 0.007, 196.02, -44.81);
insert into SHOT values (3491, 3502, 3507, 1804, 1.510, 59.63, -79.60, 1.516, 59.74, -79.44, 0.007, 65.50, -42.25);
insert into SHOT values (3492, 3502, 3508, 1804, 8.140, 27.43, 79.90, 8.137, 27.46, 79.87, 0.005, 38.03, -45.13);
insert into SHOT values (3493, 3502, 3509, 1804, 5.380, 329.83, 50.60, 5.435, 330.05, 50.11, 0.073, 340.54, 10.03);
insert into SHOT values (3494, 3509, 3510, 1804, 3.890, 279.53, -6.00, 3.885, 279.54, -6.06, 0.006, 96.98, -32.48);
insert into SHOT values (3495, 3509, 3511, 1804, 2.650, 220.83, -7.60, 2.653, 220.84, -7.58, 0.004, 224.94, 7.60);
insert into SHOT values (3496, 3509, 3512, 1804, 2.860, 185.23, -6.00, 2.858, 185.25, -6.03, 0.003, 345.74, -22.26);
insert into SHOT values (3497, 3509, 3513, 1804, 3.460, 154.33, -4.00, 3.461, 154.25, -3.98, 0.005, 78.91, 15.12);
insert into SHOT values (3498, 3509, 3514, 1804, 1.480, 222.83, -75.80, 1.486, 222.80, -75.67, 0.007, 220.25, -46.71);
insert into SHOT values (3499, 3509, 3515, 1804, 6.550, 245.23, 82.70, 6.552, 244.98, 82.74, 0.007, 103.03, 27.80);
insert into SHOT values (3500, 3509, 3516, 1804, 6.140, 256.63, 57.10, 6.150, 257.34, 57.21, 0.044, 352.69, 19.58);
insert into SHOT values (3501, 3516, 3517, 1804, 6.640, 125.73, -86.00, 6.646, 125.39, -85.98, 0.007, 82.94, -56.82);
insert into SHOT values (3502, 3516, 3518, 1804, 3.650, 117.13, -18.30, 3.656, 117.08, -18.33, 0.007, 86.46, -33.45);
insert into SHOT values (3503, 3516, 3519, 1804, 0.690, 72.13, -5.80, 0.696, 72.35, -5.77, 0.007, 95.38, -2.33);
insert into SHOT values (3504, 3516, 3520, 1804, 0.730, 23.53, 9.90, 0.731, 23.72, 9.45, 0.006, 76.81, -61.76);
insert into SHOT values (3505, 3516, 3521, 1804, 1.430, 346.53, 1.10, 1.429, 346.64, 0.80, 0.008, 97.97, -67.95);
insert into SHOT values (3506, 3516, 3522, 1804, 3.350, 73.03, 83.30, 3.343, 73.86, 83.20, 0.010, 123.38, -43.96);
insert into SHOT values (3507, 3516, 3523, 1804, 5.150, 350.33, 42.00, 5.210, 350.39, 41.62, 0.069, 353.83, 11.69);
insert into SHOT values (3508, 3523, 3524, 1804, 1.090, 170.83, 32.70, 1.085, 171.16, 32.93, 0.008, 311.98, 7.84);
insert into SHOT values (3509, 3523, 3525, 1804, 2.940, 132.83, -0.90, 2.937, 132.93, -0.98, 0.007, 255.59, -32.60);
insert into SHOT values (3510, 3523, 3526, 1804, 3.730, 105.63, -2.70, 3.731, 105.57, -2.61, 0.007, 26.24, 52.28);
insert into SHOT values (3511, 3523, 3527, 1804, 3.640, 86.23, -6.70, 3.632, 86.19, -6.64, 0.009, 288.30, 31.25);
insert into SHOT values (3512, 3523, 3528, 1804, 2.290, 126.33, -54.40, 2.287, 126.44, -54.43, 0.004, 266.91, 27.05);
insert into SHOT values (3513, 3523, 3529, 1804, 46.010, 351.83, 83.30, 46.015, 351.76, 83.29, 0.011, 311.28, 23.39);
insert into SHOT values (3514, 3523, 3530, 1804, 55.750, 1.93, 85.40, 55.750, 1.92, 85.40, 0.002, 333.24, -14.57);
insert into SHOT values (3515, 3523, 3531, 1804, 10.600, 305.43, 83.90, 10.618, 306.16, 83.03, 0.162, 311.20, 0.01);
insert into SHOT values (3516, 3531, 3532, 1804, 4.400, 11.73, 1.50, 4.395, 11.82, 1.56, 0.010, 139.51, 29.03);
insert into SHOT values (3517, 3531, 3533, 1804, 4.770, 33.73, 3.20, 4.773, 33.79, 3.24, 0.007, 98.14, 34.83);
insert into SHOT values (3518, 3531, 3534, 1804, 4.440, 79.13, 3.30, 4.446, 79.22, 3.35, 0.010, 130.01, 26.22);
insert into SHOT values (3519, 3531, 3535, 1804, 4.430, 123.83, 10.30, 4.433, 123.87, 10.40, 0.009, 190.04, 67.00);
insert into SHOT values (3520, 3531, 3536, 1804, 12.190, 124.23, -81.70, 12.188, 124.14, -81.68, 0.006, 90.99, 24.30);
insert into SHOT values (3521, 3531, 3537, 1804, 29.450, 351.63, 77.60, 29.455, 351.63, 77.62, 0.010, 177.12, 46.53);
insert into SHOT values (3522, 3531, 3538, 1804, 10.890, 340.33, 62.40, 10.942, 340.46, 61.44, 0.191, 343.83, -12.33);
insert into SHOT values (3523, 3538, 3539, 1804, 3.170, 298.53, -2.70, 3.167, 298.51, -2.71, 0.003, 142.17, -12.16);
insert into SHOT values (3524, 3538, 3540, 1804, 2.700, 246.63, -0.70, 2.701, 246.66, -0.64, 0.004, 296.91, 58.22);
insert into SHOT values (3525, 3538, 3541, 1804, 2.120, 196.23, -6.30, 2.126, 196.21, -6.21, 0.007, 188.22, 21.00);
insert into SHOT values (3526, 3538, 3542, 1804, 4.260, 202.43, -6.80, 4.258, 202.38, -6.74, 0.006, 90.55, 46.88);
insert into SHOT values (3527, 3538, 3543, 1804, 6.450, 172.53, -8.00, 6.447, 172.53, -8.02, 0.004, 356.83, -37.38);
insert into SHOT values (3528, 3538, 3544, 1804, 3.860, 123.93, -8.40, 3.860, 123.90, -8.34, 0.005, 47.49, 59.12);
insert into SHOT values (3529, 3538, 3545, 1804, 2.880, 102.43, -9.20, 2.883, 102.38, -9.18, 0.004, 61.29, 6.18);
insert into SHOT values (3530, 3538, 3546, 1804, 22.500, 170.83, -71.90, 22.503, 170.78, -71.90, 0.007, 81.60, -28.28);
insert into SHOT values (3531, 3538, 3547, 1804, 17.220, 159.03, -64.70, 17.220, 159.05, -64.71, 0.004, 297.45, -23.70);
insert into SHOT values (3532, 3538, 3548, 1804, 10.980, 157.93, -51.10, 10.984, 157.94, -51.12, 0.005, 258.23, -83.85);
insert into SHOT values (3533, 3538, 3549, 1804, 8.380, 166.43, 31.40, 8.388, 166.43, 31.40, 0.008, 164.04, 28.89);
insert into SHOT values (3534, 3538, 3550, 1804, 15.130, 164.63, 61.90, 15.132, 164.62, 61.91, 0.004, 40.70, 58.43);
insert into SHOT values (3535, 3538, 3551, 1804, 25.810, 161.93, 72.80, 25.816, 161.92, 72.79, 0.007, 144.97, 40.23);
insert into SHOT values (3536, 3538, 3552, 1804, 11.320, 147.63, 87.80, 11.332, 144.78, 88.95, 0.228, 330.24, 4.62);
insert into SHOT values (3537, 3552, 3553, 1804, 3.830, 99.93, -1.90, 3.830, 99.93, -1.95, 0.003, 293.53, -79.21);
insert into SHOT values (3538, 3552, 3554, 1804, 0.810, 54.83, -0.40, 0.810, 54.54, -0.71, 0.006, 328.44, -46.85);
insert into SHOT values (3539, 3552, 3555, 1804, 1.020, 332.53, 6.20, 1.021, 332.43, 6.18, 0.002, 277.02, -3.98);
insert into SHOT values (3540, 3552, 3556, 1804, 2.280, 299.73, 8.10, 2.280, 299.74, 8.07, 0.001, 10.45, -66.73);
insert into SHOT values (3541, 3552, 3557, 1804, 8.150, 294.43, 8.30, 8.159, 294.44, 8.32, 0.009, 300.12, 21.89);
insert into SHOT values (3542, 3552, 3558, 1804, 6.130, 146.43, 3.40, 6.129, 146.47, 3.37, 0.005, 249.61, -43.73);
insert into SHOT values (3543, 3552, 3559, 1804, 1.070, 21.63, 19.20, 1.069, 21.49, 19.11, 0.003, 285.27, -35.98);
insert into SHOT values (3544, 3552, 3560, 1804, 23.920, 97.53, 84.20, 23.922, 97.63, 84.21, 0.008, 243.85, 18.96);
insert into SHOT values (3545, 3552, 3561, 1804, 11.760, 0.23, 83.50, 11.788, 0.00, 82.25, 0.259, 358.81, -0.98);
insert into SHOT values (3546, 3561, 3562, 1804, 2.500, 246.03, 12.80, 2.501, 246.06, 12.70, 0.005, 278.03, -58.61);
insert into SHOT values (3547, 3561, 3563, 1804, 3.250, 208.33, 2.20, 3.250, 208.30, 2.12, 0.005, 138.68, -68.38);
insert into SHOT values (3548, 3561, 3564, 1804, 3.050, 150.83, 11.40, 3.050, 150.78, 11.34, 0.004, 76.17, -44.31);
insert into SHOT values (3549, 3561, 3565, 1804, 4.470, 186.43, 9.10, 4.473, 186.50, 9.00, 0.010, 233.98, -45.39);
insert into SHOT values (3550, 3561, 3566, 1804, 3.490, 202.63, 8.00, 3.489, 202.63, 7.91, 0.006, 221.30, -88.75);
insert into SHOT values (3551, 3561, 3567, 1804, 4.760, 216.83, 74.50, 4.753, 216.69, 74.48, 0.008, 125.88, -65.35);
insert into SHOT values (3552, 3561, 3568, 1804, 2.350, 281.93, 34.00, 2.383, 282.56, 33.93, 0.040, 318.75, 23.72);
insert into SHOT values (3553, 3568, 3569, 1804, 0.650, 54.63, 9.00, 0.646, 54.57, 8.91, 0.004, 245.47, -23.52);
insert into SHOT values (3554, 3568, 3570, 1804, 1.020, 92.83, 2.30, 1.022, 92.81, 2.24, 0.002, 80.27, -24.02);
insert into SHOT values (3555, 3568, 3571, 1804, 1.160, 337.03, 3.70, 1.163, 337.19, 3.45, 0.007, 22.20, -47.04);
insert into SHOT values (3556, 3568, 3572, 1804, 2.740, 299.33, 2.40, 2.742, 299.28, 2.30, 0.006, 252.51, -53.26);
insert into SHOT values (3557, 3568, 3573, 1804, 3.910, 312.23, 54.20, 3.954, 312.57, 53.79, 0.054, 328.18, 20.45);
insert into SHOT values (3558, 3573, 3574, 1804, 2.840, 334.03, 10.00, 2.842, 334.17, 9.93, 0.008, 40.15, -23.63);
insert into SHOT values (3559, 3573, 3575, 1804, 0.710, 10.53, 8.70, 0.711, 10.67, 8.90, 0.003, 90.23, 56.61);
insert into SHOT values (3560, 3573, 3576, 1804, 0.550, 52.13, 5.80, 0.551, 51.67, 6.25, 0.006, 334.50, 44.12);
insert into SHOT values (3561, 3573, 3577, 1804, 1.610, 114.13, 5.40, 1.614, 113.85, 5.33, 0.009, 53.68, -9.59);
insert into SHOT values (3562, 3573, 3578, 1804, 2.920, 156.53, 2.80, 2.914, 156.52, 2.75, 0.006, 344.45, -25.79);
insert into SHOT values (3563, 3573, 3579, 1804, 1.460, 202.03, 8.90, 1.454, 202.10, 9.10, 0.008, 8.71, 29.90);
insert into SHOT values (3564, 3573, 3580, 1804, 2.330, 241.13, -3.40, 2.323, 241.11, -3.46, 0.008, 66.90, -13.67);
insert into SHOT values (3565, 3573, 3581, 1804, 4.890, 280.63, 70.10, 4.908, 281.64, 69.93, 0.038, 336.78, 18.51);
insert into SHOT values (3566, 3573, 3582, 1804, 5.410, 180.73, 68.20, 5.404, 180.57, 68.28, 0.011, 32.38, -16.37);
insert into SHOT values (3567, 3573, 3583, 1804, 7.390, 107.93, -61.30, 7.389, 107.87, -61.27, 0.005, 53.23, 25.52);
insert into SHOT values (3568, 3581, 3584, 1804, 0.500, 86.63, 7.40, 0.496, 86.50, 8.12, 0.008, 279.91, 47.94);
insert into SHOT values (3569, 3581, 3585, 1804, 0.720, 30.03, 9.80, 0.715, 29.85, 10.47, 0.010, 230.19, 48.35);
insert into SHOT values (3570, 3581, 3586, 1804, 5.040, 133.93, 3.40, 5.037, 133.95, 3.41, 0.003, 280.75, 18.39);
insert into SHOT values (3571, 3581, 3587, 1804, 1.020, 127.13, 82.00, 1.020, 129.29, 81.99, 0.005, 216.39, -0.79);
insert into SHOT values (3572, 3581, 3588, 1804, 4.510, 84.23, -88.10, 4.503, 86.19, -88.09, 0.009, 166.28, 55.46);
insert into SHOT values (3573, 3581, 3589, 1804, 3.860, 349.03, 8.40, 3.863, 348.98, 8.49, 0.007, 288.51, 59.13);
insert into SHOT values (3574, 3581, 3590, 1804, 2.320, 353.03, 36.30, 2.394, 352.87, 36.08, 0.075, 348.38, 29.19);
insert into SHOT values (3575, 3590, 3591, 1804, 0.810, 243.13, 6.60, 0.814, 242.80, 6.34, 0.007, 199.32, -24.71);
insert into SHOT values (3576, 3590, 3592, 1804, 0.740, 207.33, -1.70, 0.743, 207.26, -1.54, 0.004, 187.50, 33.71);
insert into SHOT values (3577, 3590, 3593, 1804, 0.800, 269.23, 7.50, 0.796, 269.27, 7.21, 0.005, 78.42, -54.54);
insert into SHOT values (3578, 3590, 3594, 1804, 1.390, 274.23, -80.80, 1.388, 272.60, -80.87, 0.007, 165.72, 17.79);
insert into SHOT values (3579, 3590, 3595, 1804, 4.710, 350.73, 8.00, 4.706, 350.74, 7.94, 0.007, 160.20, -57.69);
insert into SHOT values (3580, 3590, 3596, 1804, 4.960, 244.13, 67.40, 4.963, 244.93, 67.64, 0.034, 9.19, 18.75);
insert into SHOT values (3581, 3596, 3597, 1804, 0.450, 69.23, 3.70, 0.450, 69.15, 3.82, 0.001, 8.61, 51.00);
insert into SHOT values (3582, 3596, 3598, 1804, 0.260, 123.93, 4.40, 0.267, 124.29, 4.30, 0.007, 137.13, 0.42);
insert into SHOT values (3583, 3596, 3599, 1804, 0.920, 316.73, 15.40, 0.916, 316.37, 15.19, 0.008, 199.41, -34.80);
insert into SHOT values (3584, 3596, 3600, 1804, 5.140, 198.03, 81.70, 5.146, 198.70, 82.34, 0.058, 9.89, 13.79);
insert into SHOT values (3585, 3600, 3601, 1804, 0.510, 201.43, 0.50, 0.507, 202.01, 0.00, 0.007, 322.23, -36.72);
insert into SHOT values (3586, 3600, 3602, 1804, 0.790, 144.33, -15.00, 0.789, 144.64, -15.44, 0.007, 269.24, -48.22);
insert into SHOT values (3587, 3600, 3603, 1804, 1.020, 313.23, -11.60, 1.020, 312.97, -11.89, 0.007, 204.75, -45.44);
insert into SHOT values (3588, 3600, 3604, 1804, 0.200, 154.73, 70.40, 0.192, 153.43, 69.56, 0.009, 63.77, -79.77);
insert into SHOT values (3589, 3600, 3605, 1804, 4.770, 282.33, -14.20, 4.795, 283.05, -14.12, 0.064, 348.72, 0.10);
insert into SHOT values (3590, 3605, 3606, 1804, 2.490, 326.93, -9.40, 2.487, 326.63, -9.26, 0.015, 227.99, 27.31);
insert into SHOT values (3591, 3605, 3607, 1804, 2.560, 6.93, -3.40, 2.552, 6.76, -3.37, 0.011, 231.03, 9.56);
insert into SHOT values (3592, 3605, 3608, 1804, 2.270, 53.93, 4.20, 2.261, 53.84, 4.31, 0.011, 253.95, 19.90);
insert into SHOT values (3593, 3605, 3609, 1804, 3.170, 99.23, 6.50, 3.162, 99.34, 6.54, 0.010, 241.96, 6.54);
insert into SHOT values (3594, 3605, 3610, 1804, 1.400, 142.43, 14.10, 1.400, 142.79, 14.47, 0.012, 244.51, 45.72);
insert into SHOT values (3595, 3605, 3611, 1804, 3.840, 315.43, -82.00, 3.838, 315.00, -81.95, 0.006, 261.59, 27.65);
insert into SHOT values (3596, 3605, 3612, 1804, 13.400, 287.83, 82.60, 13.402, 287.49, 82.58, 0.011, 219.67, 8.27);
insert into SHOT values (3597, 3605, 3613, 1804, 4.730, 312.33, -46.30, 4.774, 312.95, -45.25, 0.104, 333.67, 16.56);
insert into SHOT values (3598, 3613, 3614, 1804, 0.560, 205.63, 5.40, 0.558, 205.64, 6.17, 0.008, 23.90, 68.34);
insert into SHOT values (3599, 3613, 3615, 1804, 0.770, 171.53, 8.70, 0.767, 171.66, 9.00, 0.005, 323.75, 45.04);
insert into SHOT values (3600, 3613, 3616, 1804, 1.490, 261.23, 1.50, 1.487, 261.49, 1.54, 0.007, 16.46, 7.72);
insert into SHOT values (3601, 3613, 3617, 1804, 6.760, 298.13, 81.30, 6.768, 298.57, 81.29, 0.011, 12.36, 43.98);
insert into SHOT values (3602, 3613, 3618, 1804, 2.930, 173.13, -84.20, 2.925, 172.15, -84.26, 0.008, 49.15, 39.48);
insert into SHOT values (3603, 3613, 3619, 1804, 8.190, 292.33, -24.80, 8.234, 293.81, -23.85, 0.240, 356.56, 26.05);
insert into SHOT values (3604, 3619, 3620, 1804, 0.530, 182.03, 9.50, 0.528, 182.20, 9.81, 0.004, 328.62, 41.90);
insert into SHOT values (3605, 3619, 3621, 1804, 6.600, 239.93, 74.30, 6.597, 240.14, 74.28, 0.008, 317.77, -30.06);
insert into SHOT values (3606, 3619, 3622, 1804, 4.450, 232.43, -85.80, 4.452, 232.43, -85.77, 0.003, 232.35, -42.69);
insert into SHOT values (3607, 3619, 3623, 1804, 3.590, 294.73, -14.90, 3.655, 295.77, -14.26, 0.099, 336.27, 13.44);
insert into SHOT values (3608, 3623, 3624, 1804, 0.740, 358.33, 2.90, 0.741, 358.45, 2.32, 0.008, 50.19, -75.17);
insert into SHOT values (3609, 3623, 3625, 1804, 2.370, 310.13, -7.70, 2.378, 310.18, -7.74, 0.008, 325.05, -17.99);
insert into SHOT values (3610, 3623, 3626, 1804, 4.690, 288.63, -13.40, 4.689, 288.67, -13.44, 0.005, 53.27, -37.77);
insert into SHOT values (3611, 3623, 3627, 1804, 2.510, 302.13, -80.10, 2.518, 301.87, -80.04, 0.009, 275.95, -58.14);
insert into SHOT values (3612, 3623, 3628, 1804, 6.990, 300.93, 83.60, 6.984, 300.84, 83.58, 0.007, 252.87, -75.02);
insert into SHOT values (3613, 3623, 3629, 1804, 0.810, 9.63, 16.50, 0.959, 8.75, 16.34, 0.150, 3.99, 15.44);
insert into SHOT values (3614, 3629, 3630, 1804, 4.880, 292.93, -0.00, 4.875, 292.94, 0.00, 0.005, 108.32, 0.00);
insert into SHOT values (3615, 3629, 3631, 1804, 1.430, 272.83, -0.10, 1.432, 272.80, 0.00, 0.003, 249.56, 53.22);
insert into SHOT values (3616, 3629, 3632, 1804, 0.820, 195.93, -10.40, 0.815, 195.95, -10.61, 0.006, 14.05, -19.04);
insert into SHOT values (3617, 3629, 3633, 1804, 0.830, 157.73, -11.90, 0.829, 157.54, -11.83, 0.003, 54.58, 22.70);
insert into SHOT values (3618, 3629, 3634, 1804, 5.300, 295.93, 81.70, 5.356, 298.39, 80.96, 0.095, 321.55, 28.58);
insert into SHOT values (3619, 3634, 3635, 1804, 0.780, 96.93, 3.50, 0.778, 97.40, 3.68, 0.007, 205.30, 19.63);
insert into SHOT values (3620, 3634, 3636, 1804, 0.970, 25.73, 6.40, 0.963, 26.03, 6.56, 0.009, 169.91, 12.45);
insert into SHOT values (3621, 3634, 3637, 1804, 2.610, 297.13, 11.70, 2.604, 297.07, 11.74, 0.007, 140.71, 5.79);
insert into SHOT values (3622, 3634, 3638, 1804, 1.540, 321.13, 9.00, 1.535, 321.16, 9.37, 0.011, 133.53, 55.70);
insert into SHOT values (3623, 3634, 3639, 1804, 5.950, 28.13, 73.30, 6.035, 27.26, 72.31, 0.137, 15.47, 21.90);
insert into SHOT values (3624, 3639, 3640, 1804, 0.670, 240.53, 1.60, 0.668, 240.36, 1.72, 0.003, 99.72, 22.37);
insert into SHOT values (3625, 3639, 3641, 1804, 1.310, 269.93, 0.30, 1.310, 270.00, 0.44, 0.004, 359.30, 63.65);
insert into SHOT values (3626, 3639, 3642, 1804, 3.250, 288.03, 3.80, 3.246, 287.99, 3.89, 0.007, 136.85, 41.38);
insert into SHOT values (3627, 3639, 3643, 1804, 0.780, 7.63, 14.00, 0.780, 7.59, 14.10, 0.001, 256.19, 67.86);
insert into SHOT values (3628, 3639, 3644, 1804, 4.710, 17.03, 69.30, 4.713, 17.13, 69.33, 0.005, 128.15, 53.61);
insert into SHOT values (3629, 3639, 3645, 1804, 13.240, 334.33, 86.40, 13.236, 334.36, 86.40, 0.004, 8.48, -79.76);
insert into SHOT values (3630, 3639, 3646, 1804, 1.780, 152.63, 9.60, 1.783, 152.56, 9.69, 0.005, 113.26, 42.27);
insert into SHOT values (3631, 3639, 3647, 1804, 4.520, 296.53, 21.30, 4.619, 297.58, 21.46, 0.126, 338.78, 22.39);
insert into SHOT values (3632, 3647, 3648, 1804, 1.300, 292.53, 1.10, 1.296, 292.21, 0.88, 0.009, 176.14, -31.51);
insert into SHOT values (3633, 3647, 3649, 1804, 1.110, 323.93, 11.90, 1.104, 323.66, 12.02, 0.008, 183.86, 7.95);
insert into SHOT values (3634, 3647, 3650, 1804, 1.140, 5.73, 7.20, 1.135, 6.12, 7.08, 0.009, 127.26, -18.03);
insert into SHOT values (3635, 3647, 3651, 1804, 1.060, 54.23, 1.10, 1.060, 54.21, 1.08, 0.001, 8.99, -32.64);
insert into SHOT values (3636, 3647, 3652, 1804, 10.820, 60.33, 84.10, 10.818, 60.45, 84.08, 0.005, 98.21, -36.52);
insert into SHOT values (3637, 3647, 3653, 1804, 1.310, 322.13, -74.70, 1.315, 322.13, -74.93, 0.007, 142.79, -60.61);
insert into SHOT values (3638, 3647, 3654, 1804, 6.480, 316.53, 86.80, 6.529, 319.03, 85.58, 0.148, 325.36, 15.69);
insert into SHOT values (3639, 3654, 3655, 1804, 0.270, 212.23, -3.70, 0.269, 211.33, -2.13, 0.009, 119.37, 60.21);
insert into SHOT values (3640, 3654, 3656, 1804, 6.710, 106.93, 18.20, 6.714, 106.96, 18.23, 0.006, 150.69, 45.94);
insert into SHOT values (3641, 3654, 3657, 1804, 0.610, 159.43, 79.90, 0.610, 158.20, 79.82, 0.002, 86.34, -12.72);
insert into SHOT values (3642, 3654, 3658, 1804, 3.330, 275.53, 2.50, 3.329, 275.52, 2.58, 0.005, 117.96, 72.33);
insert into SHOT values (3643, 3654, 3659, 1804, 2.270, 282.03, 18.70, 2.328, 283.40, 19.06, 0.079, 329.04, 24.09);
insert into SHOT values (3644, 3659, 3660, 1804, 1.430, 342.63, 2.90, 1.428, 342.45, 2.81, 0.005, 230.31, -26.15);
insert into SHOT values (3645, 3659, 3661, 1804, 3.290, 288.83, 5.30, 3.297, 288.66, 5.40, 0.013, 231.68, 26.92);
insert into SHOT values (3646, 3659, 3662, 1804, 10.720, 354.83, 72.90, 10.724, 354.72, 72.90, 0.007, 276.60, 32.55);
insert into SHOT values (3647, 3659, 3663, 1804, 1.500, 291.23, -75.50, 1.497, 290.38, -75.56, 0.006, 179.27, 20.28);
insert into SHOT values (3648, 3659, 3664, 1804, 4.040, 297.43, 10.80, 4.136, 298.40, 11.15, 0.120, 334.85, 20.92);
insert into SHOT values (3649, 3664, 3665, 1804, 1.570, 27.03, 4.60, 1.565, 27.06, 4.40, 0.007, 197.40, -54.81);
insert into SHOT values (3650, 3664, 3666, 1804, 2.540, 8.93, 38.90, 2.535, 9.03, 38.84, 0.007, 131.85, -50.48);
insert into SHOT values (3651, 3664, 3667, 1804, 8.690, 351.13, 77.00, 8.683, 351.16, 77.00, 0.008, 137.08, -74.71);
insert into SHOT values (3652, 3664, 3668, 1804, 3.600, 340.13, 60.10, 3.600, 340.15, 60.06, 0.002, 357.19, -20.11);
insert into SHOT values (3653, 3664, 3669, 1804, 4.720, 293.33, 1.10, 4.717, 293.36, 1.09, 0.003, 73.55, -10.31);
insert into SHOT values (3654, 3664, 3670, 1804, 3.130, 318.33, -2.40, 3.134, 318.37, -2.56, 0.010, 346.24, -65.72);
insert into SHOT values (3655, 3664, 3671, 1804, 1.440, 331.53, -61.60, 1.443, 331.19, -61.67, 0.005, 239.46, -38.89);
insert into SHOT values (3656, 3664, 3672, 1804, 1.260, 102.93, -78.40, 1.266, 103.50, -78.29, 0.007, 137.09, -51.85);
insert into SHOT values (3657, 3664, 3673, 1804, 1.640, 345.03, -58.10, 1.647, 345.32, -58.19, 0.009, 54.20, -58.40);
insert into SHOT values (3658, 3664, 3674, 1804, 3.850, 122.23, -0.40, 3.851, 122.16, -0.45, 0.006, 45.34, -33.30);
insert into SHOT values (3659, 3664, 3675, 1804, 1.750, 95.13, 1.60, 1.748, 95.25, 1.31, 0.010, 213.19, -64.59);
insert into SHOT values (3660, 3664, 3676, 1804, 5.490, 69.23, 46.90, 5.485, 69.25, 46.82, 0.009, 92.49, -73.36);
insert into SHOT values (3661, 3664, 3677, 1804, 7.890, 39.13, 66.80, 7.887, 39.12, 66.81, 0.003, 237.81, -46.07);
insert into SHOT values (3662, 3664, 3678, 1804, 5.860, 114.03, -58.30, 5.862, 113.98, -58.35, 0.006, 329.69, -42.38);
insert into SHOT values (3663, 3664, 3679, 1804, 5.200, 105.13, -68.30, 5.209, 105.05, -68.30, 0.010, 64.46, -62.59);
insert into SHOT values (3664, 3664, 3680, 1804, 5.690, 286.93, 36.50, 5.769, 288.08, 36.48, 0.122, 342.35, 21.87);
insert into SHOT values (3665, 3680, 3681, 1804, 0.540, 189.93, -2.40, 0.538, 189.64, -2.13, 0.004, 64.77, 37.71);
insert into SHOT values (3666, 3680, 3682, 1804, 2.020, 301.53, -1.80, 2.022, 301.64, -1.98, 0.008, 12.27, -57.27);
insert into SHOT values (3667, 3680, 3683, 1804, 1.240, 22.93, 1.20, 1.241, 23.26, 0.92, 0.009, 104.12, -39.77);
insert into SHOT values (3668, 3680, 3684, 1804, 0.410, 67.03, 12.00, 0.411, 66.61, 11.22, 0.006, 12.12, -55.63);
insert into SHOT values (3669, 3680, 3685, 1804, 2.840, 121.43, -2.40, 2.839, 121.45, -2.42, 0.002, 256.12, -42.60);
insert into SHOT values (3670, 3680, 3686, 1804, 16.130, 137.63, -78.60, 16.128, 137.54, -78.61, 0.006, 15.06, 17.15);
insert into SHOT values (3671, 3680, 3687, 1804, 1.640, 342.13, 36.40, 1.640, 342.39, 36.27, 0.007, 54.01, -27.34);
insert into SHOT values (3672, 3680, 3688, 1804, 2.280, 329.63, 58.30, 2.281, 330.02, 58.25, 0.008, 42.06, 1.02);
insert into SHOT values (3673, 3680, 3689, 1804, 3.240, 279.63, 41.90, 3.233, 279.81, 41.93, 0.011, 49.36, -20.73);
insert into SHOT values (3674, 3680, 3690, 1804, 3.380, 244.83, 67.90, 3.378, 244.85, 67.91, 0.002, 48.98, -53.98);
insert into SHOT values (3675, 3680, 3691, 1804, 5.090, 294.93, 74.20, 5.159, 296.57, 73.64, 0.095, 326.68, 33.60);
insert into SHOT values (3676, 3691, 3692, 1804, 0.470, 208.73, -5.50, 0.473, 209.29, -6.07, 0.007, 272.64, -44.10);
insert into SHOT values (3677, 3691, 3693, 1804, 16.130, 115.93, 6.00, 16.135, 115.94, 5.98, 0.009, 144.44, -44.88);
insert into SHOT values (3678, 3691, 3694, 1804, 1.420, 131.53, 12.00, 1.418, 131.50, 11.80, 0.005, 14.15, -79.52);
insert into SHOT values (3679, 3691, 3695, 1804, 1.440, 242.63, -1.70, 1.441, 242.72, -1.99, 0.008, 314.06, -71.61);
insert into SHOT values (3680, 3691, 3696, 1804, 3.190, 274.03, -7.80, 3.188, 274.00, -7.93, 0.008, 129.85, -63.86);
insert into SHOT values (3681, 3691, 3697, 1804, 4.830, 289.93, -6.00, 4.835, 289.94, -6.05, 0.007, 300.30, -46.51);
insert into SHOT values (3682, 3691, 3698, 1804, 8.440, 200.13, 69.80, 8.445, 200.81, 71.54, 0.258, 12.66, 20.21);
insert into SHOT values (3683, 3698, 3699, 1804, 1.860, 31.73, -8.30, 1.865, 31.71, -8.32, 0.005, 23.33, -16.62);
insert into SHOT values (3684, 3698, 3700, 1804, 1.020, 358.33, -13.10, 1.017, 358.26, -13.07, 0.003, 199.62, 20.18);
insert into SHOT values (3685, 3698, 3701, 1804, 0.550, 312.93, -9.10, 0.552, 312.77, -9.38, 0.004, 272.26, -51.69);
insert into SHOT values (3686, 3698, 3702, 1804, 0.260, 200.53, -10.10, 0.261, 200.56, -11.04, 0.004, 217.68, -85.26);
insert into SHOT values (3687, 3698, 3703, 1804, 0.840, 330.83, 79.30, 0.835, 333.43, 79.19, 0.009, 57.58, -37.15);
insert into SHOT values (3688, 3698, 3704, 1804, 2.920, 276.83, 13.20, 2.970, 278.16, 13.43, 0.084, 332.53, 16.00);
insert into SHOT values (3689, 3704, 3705, 1804, 1.380, 190.33, 1.60, 1.382, 190.01, 1.66, 0.008, 111.42, 10.45);
insert into SHOT values (3690, 3704, 3706, 1804, 2.010, 150.43, -2.90, 2.018, 150.26, -2.84, 0.010, 113.01, 9.38);
insert into SHOT values (3691, 3704, 3707, 1804, 1.670, 117.33, 4.60, 1.674, 117.49, 4.80, 0.008, 167.96, 46.17);
insert into SHOT values (3692, 3704, 3708, 1804, 4.350, 176.03, 69.20, 4.353, 175.91, 69.23, 0.005, 71.95, 47.05);
insert into SHOT values (3693, 3704, 3709, 1804, 0.950, 116.63, -80.10, 0.945, 118.07, -79.64, 0.010, 149.50, 36.63);
insert into SHOT values (3694, 3704, 3710, 1804, 0.420, 23.23, -4.30, 0.417, 24.10, -4.12, 0.007, 135.37, 12.32);
insert into SHOT values (3695, 3704, 3711, 1804, 2.130, 314.33, 17.00, 2.252, 315.00, 17.31, 0.125, 326.89, 22.29);
insert into SHOT values (3696, 3711, 3712, 1804, 0.520, 195.83, -3.60, 0.511, 195.95, -4.49, 0.012, 9.68, -37.96);
insert into SHOT values (3697, 3711, 3713, 1804, 1.680, 297.33, -9.20, 1.681, 297.65, -9.24, 0.009, 20.78, -8.69);
insert into SHOT values (3698, 3711, 3714, 1804, 1.220, 334.03, -78.30, 1.226, 336.50, -78.20, 0.012, 47.71, -25.41);
insert into SHOT values (3699, 3711, 3715, 1804, 0.850, 228.73, 66.60, 0.848, 228.65, 66.88, 0.005, 54.54, -1.14);
insert into SHOT values (3700, 3711, 3716, 1804, 0.690, 294.03, 22.80, 0.687, 294.15, 22.25, 0.008, 44.76, -79.66);
insert into SHOT values (3701, 3711, 3717, 1804, 3.040, 294.03, 23.00, 3.032, 294.09, 22.90, 0.010, 86.14, -53.52);
insert into SHOT values (3702, 3711, 3718, 1804, 1.160, 294.23, 23.00, 1.156, 294.40, 22.90, 0.005, 64.75, -38.42);
insert into SHOT values (3703, 3711, 3719, 1804, 0.410, 191.03, -8.30, 0.401, 190.18, -8.61, 0.011, 42.92, -4.15);
insert into SHOT values (3704, 3711, 3720, 1804, 1.220, 338.43, -86.50, 1.222, 344.05, -86.59, 0.008, 84.31, -17.06);
insert into SHOT values (3705, 3711, 3721, 1804, 2.540, 241.43, 78.30, 2.532, 241.93, 78.38, 0.010, 20.57, -46.98);
insert into SHOT values (3706, 3711, 3722, 1804, 6.440, 294.13, -10.70, 6.506, 295.52, -10.09, 0.182, 358.34, 17.85);
insert into SHOT values (3707, 3722, 3723, 1804, 2.130, 66.43, 3.30, 2.131, 66.45, 3.23, 0.003, 104.93, -70.18);
insert into SHOT values (3708, 3722, 3724, 1804, 3.920, 111.83, 3.10, 3.918, 111.91, 3.07, 0.006, 219.09, -19.57);
insert into SHOT values (3709, 3722, 3725, 1804, 3.180, 155.33, 3.90, 3.185, 155.45, 3.96, 0.009, 210.93, 24.78);
insert into SHOT values (3710, 3722, 3726, 1804, 1.900, 183.23, 8.10, 1.902, 183.35, 8.16, 0.005, 243.76, 27.45);
insert into SHOT values (3711, 3722, 3727, 1804, 0.900, 199.03, 12.10, 0.899, 199.26, 12.19, 0.004, 302.07, 20.56);
insert into SHOT values (3712, 3722, 3728, 1804, 0.630, 215.23, 24.20, 0.636, 215.88, 24.14, 0.009, 265.80, 11.59);
insert into SHOT values (3713, 3722, 3729, 1804, 2.230, 129.63, -45.90, 2.226, 129.76, -45.95, 0.005, 268.63, 15.30);
insert into SHOT values (3714, 3722, 3730, 1804, 8.660, 49.03, 82.60, 8.662, 49.01, 82.62, 0.003, 239.70, 40.01);
insert into SHOT values (3715, 3722, 3731, 1804, 9.120, 110.23, 70.40, 9.119, 110.27, 70.40, 0.003, 195.46, -36.71);
insert into SHOT values (3716, 3722, 3732, 1804, 6.400, 120.43, 67.90, 6.415, 119.47, 69.02, 0.132, 319.65, 27.12);
insert into SHOT values (3717, 3732, 3733, 1804, 2.070, 43.03, -0.30, 2.066, 43.04, -0.28, 0.004, 219.62, 11.79);
insert into SHOT values (3718, 3732, 3734, 1804, 2.460, 12.13, -2.40, 2.458, 12.23, -2.56, 0.008, 130.52, -56.99);
insert into SHOT values (3719, 3732, 3735, 1804, 2.630, 66.43, -2.40, 2.631, 66.46, -2.40, 0.002, 113.56, 4.67);
insert into SHOT values (3720, 3732, 3736, 1804, 7.770, 51.43, -75.80, 7.777, 51.39, -75.81, 0.008, 350.90, -76.98);
insert into SHOT values (3721, 3732, 3737, 1804, 1.580, 323.63, 81.00, 1.580, 323.13, 80.90, 0.004, 285.84, -8.71);
insert into SHOT values (3722, 3732, 3738, 1804, 0.970, 261.33, 0.40, 0.972, 261.12, 0.00, 0.008, 196.12, -59.61);
insert into SHOT values (3723, 3732, 3739, 1804, 0.970, 294.23, -3.90, 0.969, 294.44, -4.14, 0.005, 41.57, -47.05);
insert into SHOT values (3724, 3732, 3740, 1804, 1.410, 222.03, -6.30, 1.411, 222.11, -6.51, 0.006, 300.90, -70.05);
insert into SHOT values (3725, 3732, 3741, 1804, 1.030, 241.03, 3.40, 1.031, 240.95, 3.34, 0.002, 192.51, -27.61);
insert into SHOT values (3726, 3732, 3742, 1804, 3.990, 231.33, 39.30, 3.960, 232.37, 40.08, 0.083, 7.73, 15.93);
insert into SHOT values (3727, 3742, 3743, 1804, 2.050, 77.33, -9.80, 2.049, 77.41, -9.84, 0.003, 196.85, -18.80);
insert into SHOT values (3728, 3742, 3744, 1804, 2.290, 43.43, -3.70, 2.290, 43.40, -3.76, 0.003, 294.39, -61.98);
insert into SHOT values (3729, 3742, 3745, 1804, 2.560, 285.23, 15.60, 2.559, 285.28, 15.41, 0.009, 337.18, -74.24);
insert into SHOT values (3730, 3742, 3746, 1804, 1.320, 328.83, 9.40, 1.327, 328.74, 9.11, 0.010, 313.52, -34.01);
insert into SHOT values (3731, 3742, 3747, 1804, 1.490, 291.53, -71.40, 1.500, 291.80, -71.15, 0.012, 305.15, -38.94);
insert into SHOT values (3732, 3742, 3748, 1804, 7.320, 282.33, 72.50, 7.379, 283.49, 72.06, 0.093, 315.13, 24.66);
insert into SHOT values (3733, 3748, 3749, 1804, 0.320, 91.83, -1.40, 0.320, 91.79, -1.79, 0.002, 48.80, -81.03);
insert into SHOT values (3734, 3748, 3750, 1804, 0.570, 266.93, 25.30, 0.564, 267.75, 25.18, 0.010, 31.18, -22.08);
insert into SHOT values (3735, 3748, 3751, 1804, 1.470, 181.33, 29.40, 1.469, 181.34, 29.35, 0.002, 325.71, -75.89);
insert into SHOT values (3736, 3748, 3752, 1804, 2.100, 198.73, 74.10, 2.099, 198.43, 74.26, 0.007, 44.50, 2.90);
insert into SHOT values (3737, 3748, 3753, 1804, 0.960, 333.83, 3.30, 0.959, 333.97, 3.59, 0.005, 93.77, 60.61);
insert into SHOT values (3738, 3748, 3754, 1804, 1.460, 311.53, 6.80, 1.462, 311.93, 6.68, 0.011, 30.88, -15.68);
insert into SHOT values (3739, 3748, 3755, 1804, 2.930, 290.63, 19.00, 2.931, 290.73, 19.12, 0.008, 35.10, 52.48);
insert into SHOT values (3740, 3748, 3756, 1804, 0.580, 290.73, 18.80, 0.580, 291.41, 19.13, 0.007, 31.87, 24.94);
insert into SHOT values (3741, 3748, 3757, 1804, 2.950, 290.33, 19.00, 2.945, 290.39, 19.02, 0.006, 81.30, -4.38);
insert into SHOT values (3742, 3748, 3758, 1804, 0.350, 173.73, 4.40, 0.344, 173.29, 5.01, 0.008, 15.43, 23.80);
insert into SHOT values (3743, 3748, 3759, 1804, 0.350, 344.63, -1.90, 0.352, 345.17, -1.63, 0.004, 45.05, 22.77);
insert into SHOT values (3744, 3748, 3760, 1804, 1.390, 349.43, -78.60, 1.387, 349.51, -78.59, 0.003, 102.11, 81.23);
insert into SHOT values (3745, 3748, 3761, 1804, 1.230, 264.53, 79.20, 1.232, 265.03, 79.20, 0.003, 343.81, 41.16);
insert into SHOT values (3746, 3748, 3762, 1804, 4.170, 272.43, 38.20, 4.219, 273.81, 38.39, 0.094, 342.24, 25.88);
insert into SHOT values (3747, 3762, 3763, 1804, 0.740, 1.23, -2.80, 0.731, 1.57, -2.35, 0.012, 155.33, 31.99);
insert into SHOT values (3748, 3762, 3764, 1804, 2.360, 315.23, 4.50, 2.362, 315.17, 4.61, 0.006, 263.62, 57.00);
insert into SHOT values (3749, 3762, 3765, 1804, 3.150, 287.53, 6.90, 3.148, 287.51, 6.93, 0.003, 136.46, 29.31);
insert into SHOT values (3750, 3762, 3766, 1804, 2.510, 107.93, -9.80, 2.508, 108.14, -9.64, 0.012, 200.82, 38.54);
insert into SHOT values (3751, 3762, 3767, 1804, 14.660, 352.73, 82.30, 14.661, 352.66, 82.33, 0.009, 190.07, 14.28);
insert into SHOT values (3752, 3762, 3768, 1804, 6.390, 310.83, 33.00, 6.385, 310.83, 33.03, 0.006, 129.52, -2.21);
insert into SHOT values (3753, 3762, 3769, 1804, 8.140, 318.63, 50.00, 8.141, 318.57, 50.04, 0.008, 196.66, 32.06);
insert into SHOT values (3754, 3762, 3770, 1804, 5.380, 324.63, 40.50, 5.512, 325.14, 40.09, 0.142, 341.28, 23.15);
insert into SHOT values (3755, 3770, 3771, 1804, 1.170, 178.63, 0.20, 1.170, 178.53, 0.00, 0.005, 99.36, -62.85);
insert into SHOT values (3756, 3770, 3772, 1804, 2.130, 181.43, -86.80, 2.133, 180.00, -86.78, 0.005, 110.95, -46.23);
insert into SHOT values (3757, 3770, 3773, 1804, 9.060, 290.93, 82.70, 9.053, 290.97, 82.73, 0.008, 103.73, -50.63);
insert into SHOT values (3758, 3770, 3774, 1804, 6.230, 121.03, -1.70, 6.233, 121.01, -1.75, 0.007, 86.39, -52.35);
insert into SHOT values (3759, 3770, 3775, 1804, 7.960, 296.93, 75.30, 8.022, 298.12, 74.51, 0.134, 316.85, 13.19);
insert into SHOT values (3760, 3775, 3776, 1804, 0.420, 42.83, -2.50, 0.418, 42.09, -1.37, 0.010, 293.47, 55.40);
insert into SHOT values (3761, 3775, 3777, 1804, 3.700, 27.13, -87.80, 3.693, 24.78, -87.78, 0.009, 306.98, 50.59);
insert into SHOT values (3762, 3775, 3778, 1804, 1.260, 261.03, -31.30, 1.263, 260.97, -30.96, 0.008, 251.63, 33.68);
insert into SHOT values (3763, 3775, 3779, 1804, 4.600, 256.63, 76.60, 4.606, 256.48, 76.57, 0.007, 218.89, 49.11);
insert into SHOT values (3764, 3775, 3780, 1804, 3.100, 232.73, 69.00, 3.123, 234.40, 69.73, 0.056, 5.48, 39.91);
insert into SHOT values (3765, 3780, 3781, 1804, 0.410, 292.53, 4.00, 0.413, 292.83, 4.16, 0.004, 325.84, 19.50);
insert into SHOT values (3766, 3780, 3782, 1804, 0.720, 238.23, 80.40, 0.721, 241.39, 79.99, 0.009, 292.12, 0.56);
insert into SHOT values (3767, 3780, 3783, 1804, 1.620, 152.53, -61.00, 1.619, 152.45, -61.27, 0.008, 341.71, -23.35);
insert into SHOT values (3768, 3780, 3784, 1804, 5.020, 213.33, 23.00, 4.941, 214.36, 23.88, 0.137, 355.26, 16.36);
insert into SHOT values (3769, 3784, 3785, 1804, 1.300, 311.93, -2.10, 1.297, 312.18, -2.21, 0.007, 73.95, -19.34);
insert into SHOT values (3770, 3784, 3786, 1804, 1.650, 331.03, -0.20, 1.642, 331.25, -0.35, 0.011, 111.31, -23.41);
insert into SHOT values (3771, 3784, 3787, 1804, 1.880, 354.13, 1.00, 1.880, 354.20, 0.91, 0.004, 86.43, -52.18);
insert into SHOT values (3772, 3784, 3788, 1804, 1.170, 35.33, 1.90, 1.169, 35.59, 1.47, 0.010, 136.73, -58.13);
insert into SHOT values (3773, 3784, 3789, 1804, 0.520, 92.43, 1.10, 0.520, 92.20, 1.10, 0.002, 15.31, 0.46);
insert into SHOT values (3774, 3784, 3790, 1804, 1.670, 285.13, -22.00, 1.666, 285.03, -22.21, 0.008, 131.71, -34.93);
insert into SHOT values (3775, 3784, 3791, 1804, 4.200, 333.13, 76.50, 4.197, 333.43, 76.44, 0.007, 30.08, -32.49);
insert into SHOT values (3776, 3784, 3792, 1804, 3.730, 33.33, -34.70, 3.735, 33.43, -34.78, 0.009, 113.48, -50.74);
insert into SHOT values (3777, 3784, 3793, 1804, 7.310, 281.73, 69.50, 7.370, 283.03, 69.20, 0.093, 327.97, 27.65);
insert into SHOT values (3778, 3793, 3794, 1804, 0.760, 221.83, 0.00, 0.765, 221.82, 0.00, 0.005, 219.98, 0.00);
insert into SHOT values (3779, 3793, 3795, 1804, 2.880, 273.23, -0.50, 2.885, 273.18, -0.60, 0.007, 243.26, -42.82);
insert into SHOT values (3780, 3793, 3796, 1804, 2.430, 265.23, -50.00, 2.431, 265.24, -49.92, 0.004, 267.24, 23.42);
insert into SHOT values (3781, 3793, 3797, 1804, 3.390, 149.33, -5.40, 3.395, 149.41, -5.41, 0.007, 191.51, -7.67);
insert into SHOT values (3782, 3793, 3798, 1804, 1.780, 173.03, -5.90, 1.783, 173.20, -6.12, 0.009, 242.42, -52.40);
insert into SHOT values (3783, 3793, 3799, 1804, 4.960, 223.83, 85.00, 4.959, 224.06, 85.01, 0.002, 341.48, -30.06);
insert into SHOT values (3784, 3793, 3800, 1804, 3.140, 285.33, 26.10, 3.210, 286.55, 26.25, 0.093, 331.41, 24.48);
insert into SHOT values (3785, 3800, 3801, 1804, 1.110, 95.43, -5.30, 1.110, 95.71, -5.17, 0.006, 183.10, 25.20);
insert into SHOT values (3786, 3800, 3802, 1804, 0.670, 52.93, 7.70, 0.662, 52.43, 7.81, 0.010, 268.77, 1.34);
insert into SHOT values (3787, 3800, 3803, 1804, 1.410, 289.33, -2.50, 1.409, 289.08, -2.44, 0.007, 186.92, 13.28);
insert into SHOT values (3788, 3800, 3804, 1804, 0.160, 319.53, -2.80, 0.163, 317.49, -3.52, 0.007, 255.90, -18.64);
insert into SHOT values (3789, 3800, 3805, 1804, 0.770, 317.73, -4.30, 0.767, 317.12, -4.49, 0.009, 203.44, -14.23);
insert into SHOT values (3790, 3800, 3806, 1804, 3.220, 24.53, -86.90, 3.224, 25.02, -87.06, 0.010, 195.29, -28.38);
insert into SHOT values (3791, 3800, 3807, 1804, 3.220, 147.33, 87.30, 3.214, 148.39, 87.28, 0.007, 219.03, -65.15);
insert into SHOT values (3792, 3800, 3808, 1804, 7.370, 291.83, 83.50, 7.430, 293.84, 82.73, 0.120, 309.19, 23.23);
insert into SHOT values (3793, 3808, 3809, 1804, 0.340, 17.53, -41.70, 0.340, 16.26, -42.61, 0.008, 252.30, -29.36);
insert into SHOT values (3794, 3808, 3810, 1804, 0.760, 219.23, -38.00, 0.766, 218.96, -37.87, 0.007, 191.36, -18.61);
insert into SHOT values (3795, 3808, 3811, 1804, 12.120, 128.33, -47.20, 12.127, 128.34, -47.22, 0.008, 172.43, -69.81);
insert into SHOT values (3796, 3808, 3812, 1804, 1.840, 125.83, -58.70, 1.845, 126.03, -58.93, 0.009, 265.45, -57.26);
insert into SHOT values (3797, 3808, 3813, 1804, 4.600, 140.43, -70.90, 4.601, 140.68, -70.98, 0.009, 272.04, -20.16);
insert into SHOT values (3798, 3808, 3814, 1804, 4.990, 283.93, -39.10, 4.992, 283.89, -39.12, 0.004, 211.39, -46.49);
insert into SHOT values (3799, 3808, 3815, 1804, 4.990, 282.53, -40.80, 4.998, 282.53, -40.86, 0.010, 277.98, -74.50);
insert into SHOT values (3800, 3808, 3816, 1804, 0.810, 260.13, 4.50, 0.814, 260.07, 4.23, 0.006, 250.08, -36.92);
insert into SHOT values (3801, 3808, 3817, 1804, 2.200, 305.73, 26.30, 2.204, 305.54, 26.12, 0.010, 258.72, -27.41);
insert into SHOT values (3802, 3808, 3818, 1804, 4.520, 292.03, 20.80, 4.607, 293.11, 20.85, 0.119, 337.65, 17.10);
insert into SHOT values (3803, 3818, 3819, 1804, 0.500, 198.43, 7.20, 0.501, 198.80, 8.03, 0.008, 280.93, 66.32);
insert into SHOT values (3804, 3818, 3820, 1804, 3.810, 350.83, -83.70, 3.803, 350.31, -83.72, 0.008, 230.95, 58.05);
insert into SHOT values (3805, 3818, 3821, 1804, 2.420, 242.93, 85.10, 2.419, 240.95, 85.12, 0.007, 145.59, -9.12);
insert into SHOT values (3806, 3818, 3822, 1804, 2.870, 301.43, 12.40, 2.971, 302.32, 12.64, 0.111, 326.56, 17.68);
insert into SHOT values (3807, 3822, 3823, 1804, 0.440, 183.33, 2.90, 0.441, 182.60, 3.90, 0.010, 103.27, 53.66);
insert into SHOT values (3808, 3822, 3824, 1804, 2.520, 322.43, -87.70, 2.512, 323.13, -87.72, 0.008, 95.51, 78.18);
insert into SHOT values (3809, 3822, 3825, 1804, 4.500, 303.03, 85.70, 4.502, 302.74, 85.76, 0.006, 143.81, 28.76);
insert into SHOT values (3810, 3822, 3826, 1804, 2.320, 290.83, 3.60, 2.315, 290.79, 3.71, 0.007, 130.21, 39.16);
insert into SHOT values (3811, 3822, 3827, 1804, 3.110, 302.43, 38.60, 3.107, 302.38, 38.63, 0.004, 157.61, -4.03);
insert into SHOT values (3812, 3822, 3828, 1804, 3.860, 298.13, 47.00, 3.864, 298.12, 47.09, 0.007, 129.23, 74.30);
insert into SHOT values (3813, 3822, 3829, 1804, 4.730, 295.43, 52.40, 4.817, 296.48, 52.08, 0.106, 331.56, 29.77);
insert into SHOT values (3814, 3829, 3830, 1804, 0.350, 76.73, 10.40, 0.356, 76.76, 11.33, 0.008, 78.64, 53.54);
insert into SHOT values (3815, 3829, 3831, 1804, 0.460, 124.03, 6.90, 0.459, 123.34, 7.51, 0.007, 15.51, 39.30);
insert into SHOT values (3816, 3829, 3832, 1804, 3.740, 134.73, -77.30, 3.733, 134.51, -77.19, 0.010, 102.69, 54.63);
insert into SHOT values (3817, 3829, 3833, 1804, 1.080, 308.93, -18.30, 1.075, 309.45, -17.88, 0.013, 53.48, 43.80);
insert into SHOT values (3818, 3829, 3834, 1804, 1.060, 300.73, -49.40, 1.054, 300.68, -49.39, 0.006, 130.46, 51.26);
insert into SHOT values (3819, 3829, 3835, 1804, 2.370, 344.63, 35.50, 2.521, 344.82, 35.12, 0.152, 347.52, 29.06);
insert into SHOT values (3820, 3835, 3836, 1804, 0.400, 236.93, -3.00, 0.397, 236.31, -2.89, 0.005, 113.30, 10.24);
insert into SHOT values (3821, 3835, 3837, 1804, 1.280, 300.73, 75.50, 1.279, 300.65, 75.80, 0.007, 124.57, 6.61);
insert into SHOT values (3822, 3835, 3838, 1804, 0.960, 345.13, -85.70, 0.963, 351.87, -85.79, 0.009, 87.09, -17.67);
insert into SHOT values (3823, 3835, 3839, 1804, 3.750, 316.13, 23.40, 3.878, 316.94, 23.40, 0.137, 339.27, 21.75);
insert into SHOT values (3824, 3839, 3840, 1804, 0.300, 17.23, -0.30, 0.294, 17.82, 0.00, 0.007, 170.19, 13.33);
insert into SHOT values (3825, 3839, 3841, 1804, 0.670, 322.73, -65.90, 0.667, 321.01, -66.11, 0.009, 209.31, 10.24);
insert into SHOT values (3826, 3839, 3842, 1804, 0.520, 3.33, 76.70, 0.522, 5.19, 77.78, 0.011, 162.08, 21.73);
insert into SHOT values (3827, 3839, 3843, 1804, 3.150, 312.33, 25.40, 3.272, 313.08, 25.33, 0.128, 331.46, 22.47);
insert into SHOT values (3828, 3843, 3844, 1804, 0.440, 191.03, 3.20, 0.438, 190.54, 3.92, 0.007, 73.61, 52.07);
insert into SHOT values (3829, 3843, 3845, 1804, 0.820, 190.73, -74.40, 0.821, 190.30, -74.20, 0.004, 162.36, -3.37);
insert into SHOT values (3830, 3843, 3846, 1804, 0.890, 227.03, 69.20, 0.889, 226.27, 69.02, 0.005, 164.63, -22.75);
insert into SHOT values (3831, 3843, 3847, 1804, 3.510, 306.83, 17.00, 3.620, 307.60, 17.19, 0.120, 331.38, 21.45);
insert into SHOT values (3832, 3847, 3848, 1804, 0.370, 49.33, -10.30, 0.375, 49.40, -10.75, 0.006, 54.51, -38.90);
insert into SHOT values (3833, 3847, 3849, 1804, 0.460, 62.83, 67.80, 0.466, 63.43, 67.41, 0.007, 83.21, 37.17);
insert into SHOT values (3834, 3847, 3850, 1804, 0.830, 162.43, -85.90, 0.832, 158.20, -86.29, 0.007, 17.62, -17.11);
insert into SHOT values (3835, 3847, 3851, 1804, 2.970, 289.83, 23.20, 2.973, 289.89, 23.18, 0.004, 331.86, -0.10);
insert into SHOT values (3836, 3847, 3852, 1804, 2.320, 296.43, 24.50, 2.417, 297.61, 24.44, 0.107, 323.42, 20.77);
insert into SHOT values (3837, 3852, 3853, 1804, 0.930, 231.13, 4.80, 0.928, 231.15, 4.95, 0.003, 44.95, 44.77);
insert into SHOT values (3838, 3852, 3854, 1804, 0.380, 279.23, 1.10, 0.375, 279.21, 1.53, 0.006, 100.77, 27.95);
insert into SHOT values (3839, 3852, 3855, 1804, 0.660, 280.23, -60.00, 0.656, 280.62, -60.27, 0.005, 73.80, 17.67);
insert into SHOT values (3840, 3852, 3856, 1804, 11.960, 282.83, 68.10, 11.963, 282.82, 68.10, 0.003, 212.73, 74.07);
insert into SHOT values (3841, 3852, 3857, 1804, 4.430, 264.53, 56.20, 4.477, 265.83, 56.42, 0.075, 342.94, 40.36);
insert into SHOT values (3842, 3857, 3858, 1804, 2.150, 316.13, 7.60, 2.149, 316.33, 7.76, 0.010, 62.32, 36.09);
insert into SHOT values (3843, 3857, 3859, 1804, 1.430, 2.33, 3.20, 1.433, 2.40, 3.20, 0.004, 29.18, 2.57);
insert into SHOT values (3844, 3857, 3860, 1804, 2.220, 87.73, 5.10, 2.221, 87.67, 5.17, 0.004, 11.81, 46.19);
insert into SHOT values (3845, 3857, 3861, 1804, 3.410, 152.33, 4.60, 3.410, 152.30, 4.54, 0.004, 78.26, -63.84);
insert into SHOT values (3846, 3857, 3862, 1804, 4.340, 174.23, 3.80, 4.342, 174.17, 3.83, 0.006, 107.05, 25.36);
insert into SHOT values (3847, 3857, 3863, 1804, 3.120, 151.33, -2.90, 3.119, 151.21, -2.94, 0.007, 51.97, -18.22);
insert into SHOT values (3848, 3857, 3864, 1804, 2.290, 165.53, -5.00, 2.291, 165.54, -5.01, 0.001, 177.65, -21.28);
insert into SHOT values (3849, 3857, 3865, 1804, 2.170, 186.03, -1.10, 2.172, 185.82, -1.06, 0.009, 106.80, 11.24);
insert into SHOT values (3850, 3857, 3866, 1804, 1.780, 207.83, -2.70, 1.778, 207.86, -2.58, 0.005, 3.02, 58.63);
insert into SHOT values (3851, 3857, 3867, 1804, 3.090, 129.53, -50.70, 3.087, 129.39, -50.73, 0.006, 5.10, 11.44);
insert into SHOT values (3852, 3857, 3868, 1804, 15.840, 157.13, 83.20, 15.842, 157.12, 83.19, 0.003, 148.62, 32.76);
insert into SHOT values (3853, 3857, 3869, 1804, 6.530, 136.93, 50.80, 6.528, 136.87, 50.82, 0.005, 18.63, -4.15);
insert into SHOT values (3854, 3857, 3870, 1804, 11.740, 103.43, 74.70, 11.738, 103.41, 74.66, 0.008, 93.29, -29.58);
insert into SHOT values (3855, 3857, 3871, 1804, 9.900, 201.93, 73.30, 9.917, 202.60, 75.26, 0.340, 16.68, 18.44);
insert into SHOT values (3856, 3871, 3872, 1804, 2.060, 320.33, 4.30, 2.058, 320.34, 4.18, 0.005, 134.02, -68.29);
insert into SHOT values (3857, 3871, 3873, 1804, 2.460, 348.03, 2.40, 2.465, 348.05, 2.32, 0.006, 356.65, -28.32);
insert into SHOT values (3858, 3871, 3874, 1804, 4.080, 11.83, -6.60, 4.083, 11.81, -6.61, 0.003, 341.95, -17.68);
insert into SHOT values (3859, 3871, 3875, 1804, 4.720, 70.43, -0.60, 4.722, 70.45, -0.61, 0.003, 105.02, -10.99);
insert into SHOT values (3860, 3871, 3876, 1804, 6.690, 46.63, 59.80, 6.689, 46.68, 59.78, 0.004, 102.78, -28.17);
insert into SHOT values (3861, 3871, 3877, 1804, 8.410, 54.73, 88.00, 8.461, 50.71, 87.11, 0.143, 41.95, 18.46);
insert into SHOT values (3862, 3877, 3878, 1804, 1.890, 52.73, -8.00, 1.888, 52.82, -7.92, 0.005, 170.58, 41.88);
insert into SHOT values (3863, 3877, 3879, 1804, 0.980, 353.23, 4.00, 0.980, 352.95, 4.10, 0.005, 260.51, 18.65);
insert into SHOT values (3864, 3877, 3880, 1804, 0.910, 252.73, 18.90, 0.917, 253.24, 19.09, 0.011, 305.26, 28.52);
insert into SHOT values (3865, 3877, 3881, 1804, 1.310, 286.53, 13.50, 1.319, 286.31, 13.60, 0.010, 254.46, 24.50);
insert into SHOT values (3866, 3877, 3882, 1804, 1.230, 255.33, -34.40, 1.234, 255.28, -33.98, 0.010, 249.81, 29.37);
insert into SHOT values (3867, 3877, 3883, 1804, 2.720, 264.63, 47.00, 2.722, 264.75, 46.97, 0.005, 318.82, 8.67);
insert into SHOT values (3868, 3877, 3884, 1804, 3.290, 286.23, 54.60, 3.369, 287.51, 54.41, 0.091, 324.98, 39.78);
insert into SHOT values (3869, 3884, 3885, 1804, 1.180, 154.23, 20.30, 1.183, 154.36, 20.29, 0.004, 198.51, 9.92);
insert into SHOT values (3870, 3884, 3886, 1804, 0.320, 6.93, 27.00, 0.314, 6.12, 26.43, 0.008, 235.45, -44.57);
insert into SHOT values (3871, 3884, 3887, 1804, 0.800, 117.43, 2.30, 0.801, 117.53, 2.15, 0.003, 163.22, -49.18);
insert into SHOT values (3872, 3884, 3888, 1804, 1.470, 105.83, -78.80, 1.467, 106.50, -78.94, 0.006, 245.85, 21.29);
insert into SHOT values (3873, 3884, 3889, 1804, 0.850, 44.43, 88.00, 0.850, 45.00, 88.09, 0.002, 212.96, 20.17);
insert into SHOT values (3874, 3884, 3890, 1804, 1.330, 255.53, 81.70, 1.375, 267.14, 81.62, 0.060, 339.63, 47.33);
insert into SHOT values (3875, 3890, 3891, 1804, 0.500, 17.73, -3.50, 0.497, 18.80, -3.46, 0.010, 123.80, 3.12);
insert into SHOT values (3876, 3890, 3892, 1804, 0.570, 319.73, -6.80, 0.565, 320.06, -7.11, 0.007, 107.74, -22.27);
insert into SHOT values (3877, 3890, 3893, 1804, 0.840, 253.53, -5.00, 0.838, 253.30, -4.79, 0.005, 138.33, 40.76);
insert into SHOT values (3878, 3890, 3894, 1804, 1.200, 190.73, -2.20, 1.201, 190.56, -2.39, 0.005, 119.44, -46.14);
insert into SHOT values (3879, 3890, 3895, 1804, 2.270, 335.43, 28.20, 2.416, 335.96, 27.89, 0.148, 343.68, 22.85);
insert into SHOT values (3880, 3895, 3896, 1804, 0.770, 226.93, 6.80, 0.776, 226.58, 6.66, 0.008, 190.33, -8.31);
insert into SHOT values (3881, 3895, 3897, 1804, 0.480, 357.43, -85.00, 0.472, 0.00, -85.14, 0.009, 133.72, 72.39);
insert into SHOT values (3882, 3895, 3898, 1804, 0.700, 99.43, -25.00, 0.702, 99.90, -24.39, 0.009, 145.41, 38.51);
insert into SHOT values (3883, 3895, 3899, 1804, 0.250, 31.73, 71.70, 0.251, 33.69, 73.28, 0.007, 190.76, 21.00);
insert into SHOT values (3884, 3895, 3900, 1804, 2.770, 23.23, -20.30, 2.864, 22.67, -19.58, 0.104, 8.43, 0.56);
insert into SCRAPS values (1806, 1800, 'SP-Valombre-1', 1, 29.14879, 1.93777);
 insert into SCRAPS values (1842, 1800, 'SP-Valombre-3', 1, 25.67989, 2.29962);
 insert into SCRAPS values (1864, 1800, 'SP-Valombre-4', 1, 45.31883, 3.27213);
 insert into SCRAPS values (1882, 1800, 'SP-Valombre-5', 1, 54.24414, 3.75793);
 insert into SCRAPS values (1895, 1800, 'SP-Valombre-8', 1, 3.75375, 0.66043);
 insert into SCRAPS values (1909, 1800, 'SP-Valombre-9', 1, 6.64927, 0.63566);
 insert into SCRAPS values (1924, 1800, 'SP-Valombre-10', 1, 18.22649, 1.29320);
 insert into SCRAPS values (1939, 1800, 'SP-Valombre-11', 1, 7.06749, 0.54298);
 insert into SCRAPS values (1959, 1800, 'SP-Valombre-12', 1, 47.41722, 3.14498);
 insert into SCRAPS values (1974, 1800, 'SP-Valombre-6', 1, 11.63265, 0.44875);
 insert into SCRAPS values (1994, 1800, 'SP-Valombre-2', 1, 18.20281, 1.22443);
 insert into SCRAPS values (2026, 1800, 'SP-Valombre-7', 1, 3.59896, 0.81612);
 insert into SCRAPS values (2040, 1800, 'SC-Valombre-1', 2, 27.08843, 0.43258);
 insert into SCRAPS values (2120, 1800, 'SC-Valombre-2', 2, 98.60316, 0.83065);
 insert into MAPS values (2214, 1800, 'MP-Valombre-plan-tot', 'Valombre', 1, 520.000, -333.480);
 insert into MAPITEMS values (2214, 4, 1806);
 insert into MAPITEMS values (2214, 4, 1994);
 insert into MAPITEMS values (2214, 4, 1842);
 insert into MAPITEMS values (2214, 4, 1864);
 insert into MAPITEMS values (2214, 4, 1882);
 insert into MAPITEMS values (2214, 4, 1974);
 insert into MAPITEMS values (2214, 4, 2026);
 insert into MAPITEMS values (2214, 4, 1895);
 insert into MAPITEMS values (2214, 4, 1909);
 insert into MAPITEMS values (2214, 4, 1924);
 insert into MAPITEMS values (2214, 4, 1939);
 insert into MAPITEMS values (2214, 4, 1959);
 insert into MAPS values (2215, 1800, 'MC-Valombre-coupe-tot', 'Valombre', 2, 520.000, -333.480);
 insert into MAPITEMS values (2215, 4, 2040);
 insert into MAPITEMS values (2215, 4, 2120);
 insert into SURVEY values (2217, 57, 'Corneilles', 'Corneilles.Ded', 'Corneilles');
 insert into CENTRELINE values (2218, 2217, NULL, NULL, NULL, 0.00, 0.00, 0.00);
 insert into SURVEY values (2219, 2217, 'Corneilles', 'Corneilles.Corneilles.Ded', 'Corneilles');
 insert into CENTRELINE values (2220, 2219, NULL, NULL, NULL, 0.00, 0.00, 0.00);
 insert into CENTRELINE values (2221, 2219, NULL, '2022-04-17', NULL, 70.80, 0.00, 0.00);
 insert into TOPO values (2, 2221);
 insert into TOPO values (33, 2221);
 insert into SHOT values (3885, 3901, 3902, 2221, 1.550, 147.63, -85.40, 1.555, 145.01, -85.50, 0.008, 34.62, -39.46);
insert into SHOT values (3886, 3901, 3903, 2221, 2.770, 114.43, -73.60, 2.772, 114.26, -73.68, 0.005, 328.99, -33.91);
insert into SHOT values (3887, 3901, 3904, 2221, 2.910, 137.03, -79.60, 2.908, 136.55, -79.63, 0.005, 23.87, 24.66);
insert into SHOT values (3888, 3901, 3905, 2221, 0.230, 338.13, -18.70, 0.230, 338.20, -20.37, 0.007, 152.03, -68.50);
insert into SHOT values (3889, 3901, 3906, 2221, 0.430, 274.43, -8.50, 0.427, 274.09, -9.44, 0.008, 125.34, -52.68);
insert into SHOT values (3890, 3901, 3907, 2221, 0.510, 69.23, -14.60, 0.511, 68.63, -14.74, 0.005, 343.71, -15.57);
insert into SHOT values (3891, 3901, 3908, 2221, 0.920, 335.73, 40.60, 0.924, 335.62, 40.49, 0.004, 318.26, 16.65);
insert into SHOT values (3892, 3908, 3909, 2221, 0.230, 126.63, 17.30, 0.233, 125.84, 17.50, 0.004, 74.91, 22.32);
insert into SHOT values (3893, 3908, 3910, 2221, 2.100, 281.93, 62.90, 2.098, 282.14, 63.04, 0.006, 69.29, 4.94);
insert into SHOT values (3894, 3908, 3911, 2221, 0.900, 222.63, 8.50, 0.901, 222.27, 8.29, 0.007, 150.96, -27.47);
insert into SHOT values (3895, 3908, 3912, 2221, 0.660, 110.03, -60.20, 0.667, 109.54, -60.44, 0.008, 38.11, -67.77);
insert into SHOT values (3896, 3908, 3913, 2221, 1.880, 56.83, -2.50, 1.880, 56.73, -2.74, 0.009, 317.75, -68.31);
insert into SHOT values (3897, 3908, 3914, 2221, 1.490, 57.03, -2.50, 1.491, 57.06, -2.69, 0.005, 95.39, -76.89);
insert into SHOT values (3898, 3908, 3915, 2221, 1.490, 56.93, -2.50, 1.491, 57.06, -2.69, 0.006, 131.60, -55.46);
insert into SHOT values (3899, 3915, 3916, 2221, 0.380, 217.93, 44.50, 0.382, 218.99, 44.98, 0.006, 318.08, 35.69);
insert into SHOT values (3900, 3915, 3917, 2221, 0.560, 324.53, 61.30, 0.560, 323.97, 60.96, 0.004, 284.02, -16.47);
insert into SHOT values (3901, 3915, 3918, 2221, 0.170, 22.83, 13.30, 0.166, 21.80, 13.91, 0.005, 239.36, 10.38);
insert into SHOT values (3902, 3915, 3919, 2221, 3.480, 22.53, 13.50, 3.485, 22.55, 13.44, 0.006, 38.42, -23.11);
insert into SHOT values (3903, 3919, 3920, 2221, 12.060, 272.13, 77.80, 12.063, 272.02, 77.79, 0.006, 214.24, 22.69);
insert into SHOT values (3904, 3919, 3921, 2221, 2.900, 264.83, 1.20, 2.902, 264.86, 1.18, 0.003, 298.44, -14.82);
insert into SHOT values (3905, 3919, 3922, 2221, 2.150, 248.13, -1.50, 2.155, 248.20, -1.33, 0.008, 276.74, 48.95);
insert into SHOT values (3906, 3919, 3923, 2221, 4.070, 222.03, -4.40, 4.076, 222.01, -4.36, 0.007, 208.93, 19.07);
insert into SHOT values (3907, 3919, 3924, 2221, 2.270, 190.33, -6.60, 2.272, 190.46, -6.57, 0.006, 254.42, 8.73);
insert into SHOT values (3908, 3919, 3925, 2221, 1.960, 171.83, -4.70, 1.965, 172.08, -4.67, 0.010, 229.94, 3.44);
insert into SHOT values (3909, 3919, 3926, 2221, 2.330, 233.13, -64.30, 2.332, 233.02, -64.23, 0.004, 204.16, -6.85);
insert into SHOT values (3910, 3919, 3927, 2221, 5.320, 237.13, 46.20, 5.325, 237.17, 46.15, 0.007, 258.58, 1.80);
insert into SHOT values (3911, 3919, 3928, 2221, 4.750, 215.93, 69.00, 4.756, 215.93, 69.00, 0.006, 215.57, 70.16);
insert into SHOT values (3912, 3919, 3929, 2221, 6.320, 264.13, 60.10, 6.324, 264.00, 60.05, 0.010, 218.16, 7.02);
insert into SHOT values (3913, 3919, 3930, 2221, 15.240, 307.93, 83.90, 15.246, 307.72, 83.91, 0.009, 205.55, 46.12);
insert into SHOT values (3914, 3919, 3931, 2221, 4.140, 226.63, -7.40, 4.144, 226.68, -7.35, 0.006, 263.34, 29.64);
insert into SHOT values (3915, 3931, 3932, 2221, 1.190, 15.53, 1.10, 1.184, 15.68, 0.97, 0.007, 166.99, -23.59);
insert into SHOT values (3916, 3931, 3933, 2221, 11.220, 8.43, 71.90, 11.225, 8.41, 71.90, 0.006, 332.84, 68.13);
insert into SHOT values (3917, 3931, 3934, 2221, 3.870, 41.03, 0.70, 3.870, 41.02, 0.74, 0.003, 343.25, 73.46);
insert into SHOT values (3918, 3931, 3935, 2221, 3.910, 71.23, -2.20, 3.908, 71.33, -2.20, 0.007, 174.54, 0.76);
insert into SHOT values (3919, 3931, 3936, 2221, 0.800, 308.83, -10.20, 0.795, 308.77, -10.14, 0.005, 137.46, 18.51);
insert into SHOT values (3920, 3931, 3937, 2221, 1.130, 328.03, 4.00, 1.121, 328.16, 4.09, 0.009, 132.36, 7.21);
insert into SHOT values (3921, 3931, 3938, 2221, 0.890, 341.13, -59.10, 0.886, 340.77, -59.07, 0.005, 221.15, 48.10);
insert into SHOT values (3922, 3931, 3939, 2221, 6.560, 293.63, 70.30, 6.561, 293.54, 70.38, 0.010, 136.80, 24.47);
insert into SHOT values (3923, 3939, 3940, 2221, 0.290, 162.93, -2.60, 0.282, 163.50, -4.06, 0.011, 323.98, -38.59);
insert into SHOT values (3924, 3939, 3941, 2221, 0.510, 23.13, 1.60, 0.511, 23.05, 1.12, 0.004, 347.96, -74.18);
insert into SHOT values (3925, 3939, 3942, 2221, 0.440, 103.83, 3.60, 0.432, 103.39, 2.65, 0.011, 307.78, -43.28);
insert into SHOT values (3926, 3939, 3943, 2221, 0.410, 126.03, 72.90, 0.406, 127.87, 73.70, 0.008, 276.93, -13.95);
insert into SHOT values (3927, 3939, 3944, 2221, 2.100, 281.83, 56.30, 2.094, 281.89, 56.20, 0.007, 20.47, -80.19);
insert into SHOT values (3928, 3944, 3945, 2221, 0.210, 20.33, 3.70, 0.213, 19.29, 5.39, 0.008, 321.23, 55.23);
insert into SHOT values (3929, 3944, 3946, 2221, 0.620, 174.83, -11.80, 0.614, 175.24, -11.27, 0.009, 313.29, 46.43);
insert into SHOT values (3930, 3944, 3947, 2221, 0.750, 221.73, -88.70, 0.750, 243.43, -88.29, 0.009, 287.28, -1.22);
insert into SHOT values (3931, 3944, 3948, 2221, 0.350, 137.63, 72.10, 0.356, 138.81, 72.64, 0.007, 258.15, 69.81);
insert into SHOT values (3932, 3944, 3949, 2221, 2.040, 269.33, 49.80, 2.044, 269.57, 49.76, 0.007, 328.24, 16.23);
insert into SHOT values (3933, 3944, 3950, 2221, 2.170, 269.73, 50.00, 2.179, 270.00, 50.03, 0.011, 321.94, 42.51);
insert into SHOT values (3934, 3950, 3951, 2221, 1.670, 311.83, -86.70, 1.673, 310.60, -86.84, 0.005, 158.35, -32.05);
insert into SHOT values (3935, 3950, 3952, 2221, 0.240, 175.93, 0.30, 0.241, 175.24, 0.00, 0.003, 101.62, -22.57);
insert into SHOT values (3936, 3950, 3953, 2221, 3.590, 344.03, 88.30, 3.582, 343.30, 88.33, 0.009, 196.23, -73.52);
insert into SHOT values (3937, 3950, 3954, 2221, 1.880, 254.93, 32.30, 1.875, 254.65, 32.22, 0.009, 146.93, -29.42);
insert into SHOT values (3938, 3950, 3955, 2221, 5.220, 268.83, 68.10, 5.218, 268.82, 68.05, 0.005, 266.51, -44.05);
insert into SHOT values (3939, 3950, 3956, 2221, 4.680, 269.23, 68.10, 4.676, 269.01, 68.15, 0.009, 140.19, -15.02);
insert into SHOT values (3940, 3956, 3957, 2221, 0.560, 165.93, 11.30, 0.557, 166.22, 11.40, 0.004, 307.22, 3.51);
insert into SHOT values (3941, 3956, 3958, 2221, 0.490, 160.13, 7.40, 0.481, 160.43, 7.16, 0.009, 323.52, -19.69);
insert into SHOT values (3942, 3956, 3959, 2221, 2.410, 298.33, 82.10, 2.414, 298.07, 81.90, 0.009, 288.47, 17.91);
insert into SHOT values (3943, 3956, 3960, 2221, 3.640, 148.03, -88.70, 3.641, 150.26, -88.73, 0.004, 270.85, -14.11);
insert into SHOT values (3944, 3956, 3961, 2221, 2.900, 77.53, -40.20, 2.897, 77.47, -40.20, 0.004, 301.40, 29.60);
insert into SHOT values (3945, 3956, 3962, 2221, 1.110, 219.43, 9.50, 1.108, 219.81, 9.35, 0.008, 320.19, -23.64);
insert into SHOT values (3946, 3956, 3963, 2221, 1.240, 220.03, 43.40, 1.239, 220.05, 43.32, 0.002, 256.98, -74.69);
insert into SHOT values (3947, 3956, 3964, 2221, 1.100, 217.13, 47.30, 1.098, 217.33, 47.51, 0.005, 3.36, 18.52);
insert into SHOT values (3948, 3964, 3965, 2221, 0.420, 357.33, -13.50, 0.422, 357.21, -13.69, 0.003, 334.71, -40.76);
insert into SHOT values (3949, 3964, 3966, 2221, 0.990, 272.43, 1.20, 0.991, 272.31, 1.16, 0.002, 209.61, -18.12);
insert into SHOT values (3950, 3964, 3967, 2221, 1.080, 316.03, -4.10, 1.078, 315.75, -4.26, 0.006, 201.52, -26.13);
insert into SHOT values (3951, 3964, 3968, 2221, 2.170, 225.83, -71.80, 2.169, 226.19, -71.76, 0.005, 300.44, 17.81);
insert into SHOT values (3952, 3964, 3969, 2221, 3.080, 295.93, 57.20, 3.086, 295.80, 57.07, 0.010, 272.75, 6.33);
insert into SHOT values (3953, 3969, 3970, 2221, 0.430, 186.93, 3.90, 0.434, 186.63, 3.96, 0.005, 156.98, 9.53);
insert into SHOT values (3954, 3969, 3971, 2221, 2.250, 83.83, -86.00, 2.256, 86.42, -85.92, 0.010, 150.06, -34.65);
insert into SHOT values (3955, 3969, 3972, 2221, 1.430, 306.93, 87.60, 1.421, 306.87, 87.98, 0.013, 127.23, -41.51);
insert into SHOT values (3956, 3969, 3973, 2221, 1.080, 249.53, 12.70, 1.072, 249.32, 12.38, 0.010, 102.24, -45.89);
insert into SHOT values (3957, 3969, 3974, 2221, 3.650, 269.73, 66.40, 3.645, 269.61, 66.39, 0.006, 157.83, -54.80);
insert into SHOT values (3958, 3974, 3975, 2221, 6.570, 346.73, 1.50, 6.566, 346.79, 1.48, 0.008, 107.05, -13.86);
insert into SHOT values (3959, 3974, 3976, 2221, 6.350, 358.43, 0.70, 6.353, 358.47, 0.72, 0.006, 55.00, 25.90);
insert into SHOT values (3960, 3974, 3977, 2221, 4.970, 3.13, -2.80, 4.973, 3.12, -2.77, 0.004, 344.05, 38.76);
insert into SHOT values (3961, 3974, 3978, 2221, 2.670, 3.13, -3.10, 2.668, 3.23, -3.01, 0.007, 115.32, 41.55);
insert into SHOT values (3962, 3974, 3979, 2221, 4.040, 324.13, -41.60, 4.040, 324.15, -41.56, 0.003, 7.75, 49.92);
insert into SHOT values (3963, 3974, 3980, 2221, 3.110, 13.23, -69.60, 3.107, 13.27, -69.48, 0.007, 22.20, 44.21);
insert into SHOT values (3964, 3974, 3981, 2221, 8.150, 289.63, 41.30, 8.147, 289.68, 41.33, 0.008, 65.52, 7.31);
insert into SHOT values (3965, 3974, 3982, 2221, 12.440, 321.13, 43.10, 12.439, 321.12, 43.11, 0.002, 168.97, 2.28);
insert into SHOT values (3966, 3974, 3983, 2221, 7.130, 341.83, 47.70, 7.126, 341.90, 47.69, 0.007, 83.57, -28.76);
insert into SHOT values (3967, 3974, 3984, 2221, 14.470, 329.83, 54.00, 14.470, 329.85, 54.02, 0.007, 123.40, 32.60);
insert into SHOT values (3968, 3984, 3985, 2221, 2.050, 182.13, -5.50, 2.051, 182.25, -5.60, 0.006, 258.60, -39.40);
insert into SHOT values (3969, 3984, 3986, 2221, 5.000, 129.93, -2.60, 4.996, 129.88, -2.64, 0.007, 357.48, -28.42);
insert into SHOT values (3970, 3984, 3987, 2221, 3.390, 104.73, 0.60, 3.391, 104.69, 0.51, 0.006, 40.48, -66.17);
insert into SHOT values (3971, 3984, 3988, 2221, 0.170, 278.83, 76.60, 0.165, 284.04, 75.55, 0.007, 344.86, -52.68);
insert into SHOT values (3972, 3984, 3989, 2221, 0.190, 277.53, 76.50, 0.187, 281.31, 74.18, 0.009, 304.79, -32.91);
insert into SHOT values (3973, 3984, 3990, 2221, 0.180, 276.53, 76.50, 0.175, 284.04, 76.37, 0.007, 18.50, -42.39);
insert into SHOT values (3974, 3984, 3991, 2221, 3.630, 217.73, 65.50, 3.627, 217.71, 65.50, 0.003, 62.83, -67.66);
insert into SHOT values (3975, 3991, 3992, 2221, 2.220, 22.43, 2.40, 2.217, 22.28, 2.33, 0.007, 267.58, -25.28);
insert into SHOT values (3976, 3991, 3993, 2221, 2.840, 69.23, 1.00, 2.836, 69.14, 1.01, 0.006, 300.83, 4.27);
insert into SHOT values (3977, 3991, 3994, 2221, 4.730, 102.73, 5.80, 4.729, 102.65, 5.83, 0.007, 358.88, 16.27);
insert into SHOT values (3978, 3991, 3995, 2221, 4.890, 134.13, 5.60, 4.889, 134.17, 5.63, 0.004, 245.20, 38.94);
insert into SHOT values (3979, 3991, 3996, 2221, 15.980, 133.23, 79.90, 15.978, 133.26, 79.90, 0.003, 251.56, -50.23);
insert into SHOT values (3980, 3991, 3997, 2221, 5.320, 347.93, 58.60, 5.319, 347.92, 58.60, 0.001, 216.11, -56.04);
insert into SHOT values (3981, 3997, 3998, 2221, 1.410, 213.93, 3.10, 1.406, 214.26, 3.26, 0.010, 333.23, 22.18);
insert into SHOT values (3982, 3997, 3999, 2221, 4.310, 169.33, 5.00, 4.310, 169.40, 5.06, 0.007, 262.63, 40.57);
insert into SHOT values (3983, 3997, 4000, 2221, 7.330, 146.33, 5.30, 7.323, 146.35, 5.33, 0.008, 302.61, 20.59);
insert into SHOT values (3984, 3997, 4001, 2221, 5.120, 120.33, 8.30, 5.118, 120.36, 8.31, 0.004, 240.87, 14.66);
insert into SHOT values (3985, 3997, 4002, 2221, 16.080, 156.83, 83.90, 16.081, 156.89, 83.91, 0.003, 290.78, 22.63);
insert into SHOT values (3986, 3997, 4003, 2221, 2.220, 209.43, 51.30, 2.218, 209.34, 51.26, 0.003, 118.00, -48.39);
insert into SHOT values (3987, 4003, 4004, 2221, 1.300, 14.73, 2.80, 1.304, 14.68, 3.08, 0.008, 358.30, 56.98);
insert into SHOT values (3988, 4003, 4005, 2221, 5.290, 113.83, -1.40, 5.280, 113.80, -1.41, 0.010, 310.75, -4.29);
insert into SHOT values (3989, 4003, 4006, 2221, 2.430, 77.23, -1.00, 2.431, 77.16, -0.94, 0.004, 9.28, 39.20);
insert into SHOT values (3990, 4003, 4007, 2221, 11.790, 51.63, 81.60, 11.796, 51.60, 81.60, 0.007, 340.33, 81.91);
insert into CENTRELINE values (2222, 2219, NULL, '2022-04-17', NULL, 0.00, 105.96, 0.00);
 insert into TOPO values (2, 2222);
 insert into TOPO values (33, 2222);
 insert into SHOT values (3991, 4007, 4008, 2222, 8.850, 155.83, -20.20, 8.845, 155.81, -20.24, 0.009, 353.45, -28.63);
insert into SHOT_FLAG values(3991, 'srf');
insert into SHOT values (3992, 4007, 4009, 2222, 5.820, 69.13, -4.40, 5.751, 68.40, -4.59, 0.102, 294.85, -7.57);
insert into SHOT_FLAG values(3992, 'srf');
insert into SHOT values (3993, 4009, 4010, 2222, 2.820, 72.73, 7.50, 2.747, 72.03, 7.53, 0.081, 277.09, -5.74);
insert into SHOT_FLAG values(3993, 'srf');
insert into SHOT values (3994, 4010, 4011, 2222, 9.690, 75.93, -48.50, 9.651, 75.23, -49.42, 0.178, 283.83, -24.03);
insert into SHOT_FLAG values(3994, 'srf');
insert into SHOT values (3995, 4011, 4012, 2222, 15.080, 81.23, -64.20, 15.058, 80.66, -65.85, 0.438, 269.89, -21.87);
insert into SHOT_FLAG values(3995, 'srf');
insert into SHOT values (3996, 4012, 4013, 2222, 9.900, 329.13, -33.90, 9.982, 328.39, -33.37, 0.164, 287.02, 11.15);
insert into SHOT_FLAG values(3996, 'srf');
insert into SHOT values (3997, 4013, 4014, 2222, 10.690, 276.03, -25.70, 10.778, 276.48, -25.20, 0.149, 308.56, 17.92);
insert into SHOT_FLAG values(3997, 'srf');
insert into SHOT values (3998, 4014, 4015, 2222, 13.060, 278.03, -20.90, 13.148, 278.54, -20.48, 0.171, 321.85, 20.23);
insert into SHOT_FLAG values(3998, 'srf');
insert into SHOT values (3999, 4015, 4016, 2222, 9.690, 266.23, 7.70, 9.775, 266.87, 7.35, 0.149, 315.98, -18.89);
insert into SHOT_FLAG values(3999, 'srf');
insert into SHOT values (4000, 4016, 4017, 2222, 11.830, 270.93, 11.40, 11.921, 271.57, 10.93, 0.186, 321.52, -24.91);
insert into SHOT_FLAG values(4000, 'srf');
insert into SHOT values (4001, 4017, 4018, 2222, 14.290, 269.93, 14.20, 14.382, 270.74, 13.55, 0.271, 327.29, -30.03);
insert into SHOT_FLAG values(4001, 'srf');
insert into SHOT values (4002, 4018, 4019, 2222, 3.090, 156.03, 7.30, 3.020, 156.60, 7.23, 0.076, 312.50, -9.57);
insert into SHOT_FLAG values(4002, 'srf');
insert into SURVEY values (2224, 2217, 'vire-puits_escalade', 'vire-puits_escalade.Corneilles.Ded', 'vire-puits escalade');
 insert into CENTRELINE values (2225, 2224, NULL, NULL, NULL, 0.00, 0.00, 0.00);
 insert into CENTRELINE values (2226, 2224, NULL, '2022-07-10', NULL, 37.83, 0.00, 0.00);
 insert into TOPO values (2, 2226);
 insert into SHOT values (4003, 4020, 4021, 2226, 3.480, 187.27, 7.20, 3.475, 187.33, 7.11, 0.009, 325.52, -46.42);
insert into SHOT values (4004, 4020, 4022, 2226, 5.190, 203.17, -4.00, 5.192, 203.20, -4.09, 0.009, 268.09, -67.95);
insert into SHOT values (4005, 4020, 4023, 2226, 2.460, 246.27, -4.00, 2.465, 246.25, -4.19, 0.009, 237.04, -63.34);
insert into SHOT values (4006, 4020, 4024, 2226, 3.600, 113.27, -9.20, 3.595, 113.24, -9.28, 0.007, 308.39, -36.44);
insert into SHOT values (4007, 4020, 4025, 2226, 3.040, 79.47, -1.30, 3.043, 79.39, -1.32, 0.005, 24.52, -12.06);
insert into SHOT values (4008, 4020, 4026, 2226, 2.680, 30.87, 6.10, 2.683, 30.89, 5.99, 0.006, 47.60, -51.14);
insert into SHOT values (4009, 4020, 4027, 2226, 3.070, 4.37, 2.80, 3.072, 4.30, 2.80, 0.004, 306.65, 0.42);
insert into SHOT values (4010, 4020, 4028, 2226, 12.360, 268.97, 81.40, 12.359, 269.07, 81.39, 0.004, 328.57, -14.71);
insert into SHOT values (4011, 4020, 4029, 2226, 7.000, 323.17, 29.70, 7.001, 323.15, 29.62, 0.010, 304.90, -54.41);
insert into SHOT values (4012, 4020, 4030, 2226, 7.000, 323.27, 29.80, 6.969, 323.36, 30.05, 0.045, 130.40, 14.45);
insert into SHOT values (4013, 4030, 4031, 2226, 1.450, 38.17, 1.60, 1.447, 37.98, 1.58, 0.006, 274.28, -4.89);
insert into SHOT values (4014, 4030, 4032, 2226, 2.230, 85.87, -5.70, 2.227, 85.86, -5.67, 0.004, 270.82, 24.85);
insert into SHOT values (4015, 4030, 4033, 2226, 2.810, 121.27, -0.50, 2.809, 121.31, -0.41, 0.005, 227.95, 61.84);
insert into SHOT values (4016, 4030, 4034, 2226, 3.720, 164.77, -1.00, 3.722, 164.73, -0.92, 0.006, 115.09, 58.88);
insert into SHOT values (4017, 4030, 4035, 2226, 2.680, 198.27, 8.60, 2.683, 198.23, 8.57, 0.004, 171.35, -11.52);
insert into SHOT values (4018, 4030, 4036, 2226, 1.420, 294.07, 14.20, 1.423, 293.96, 14.24, 0.004, 245.77, 26.44);
insert into SHOT values (4019, 4030, 4037, 2226, 1.460, 230.77, 7.60, 1.463, 230.60, 7.86, 0.008, 168.63, 55.33);
insert into SHOT values (4020, 4030, 4038, 2226, 8.070, 162.27, 77.60, 8.068, 162.19, 77.60, 0.003, 75.25, -37.94);
insert into SHOT values (4021, 4030, 4039, 2226, 2.680, 218.97, 75.80, 2.683, 219.47, 75.74, 0.007, 279.99, 15.79);
insert into SHOT values (4022, 4030, 4040, 2226, 11.390, 124.67, -25.80, 11.382, 124.67, -25.78, 0.009, 303.44, 55.23);
insert into SHOT values (4023, 4030, 4041, 2226, 8.180, 141.27, -20.60, 8.174, 141.26, -20.55, 0.009, 341.39, 69.16);
insert into SHOT values (4024, 4030, 4042, 2226, 9.830, 164.67, -19.90, 9.832, 164.70, -19.86, 0.009, 215.21, 38.92);
insert into SHOT values (4025, 4030, 4043, 2226, 4.510, 311.87, 49.70, 4.496, 311.77, 50.12, 0.036, 140.22, 16.55);
insert into SHOT values (4026, 4043, 4044, 2226, 0.280, 40.87, -1.70, 0.277, 40.60, -2.07, 0.004, 242.09, -25.61);
insert into SHOT values (4027, 4043, 4045, 2226, 0.800, 226.37, 12.90, 0.803, 226.55, 12.22, 0.010, 251.30, -55.49);
insert into SHOT values (4028, 4043, 4046, 2226, 0.560, 268.07, -86.90, 0.561, 270.00, -86.93, 0.001, 14.64, -37.81);
insert into SHOT values (4029, 4043, 4047, 2226, 1.040, 264.97, 23.80, 1.042, 265.19, 23.78, 0.004, 328.83, 4.38);
insert into SHOT values (4030, 4043, 4048, 2226, 1.680, 313.27, 13.60, 1.680, 313.26, 13.42, 0.005, 310.74, -75.82);
insert into SHOT values (4031, 4043, 4049, 2226, 0.620, 2.77, -0.00, 0.621, 2.77, 0.00, 0.001, 6.14, 0.00);
insert into SHOT values (4032, 4043, 4050, 2226, 1.870, 147.77, 0.40, 1.870, 147.67, 0.31, 0.004, 56.11, -44.13);
insert into SHOT values (4033, 4043, 4051, 2226, 5.310, 101.57, -27.80, 5.310, 101.55, -27.84, 0.004, 315.59, -54.47);
insert into SHOT values (4034, 4043, 4052, 2226, 3.930, 99.37, -38.40, 3.936, 99.34, -38.49, 0.009, 42.71, -79.24);
insert into SHOT values (4035, 4043, 4053, 2226, 3.640, 292.47, 21.70, 3.612, 292.44, 21.78, 0.029, 116.08, -11.76);
insert into SHOT values (4036, 4053, 4054, 2226, 1.860, 177.47, 8.90, 1.864, 177.51, 8.95, 0.005, 196.43, 27.13);
insert into SHOT values (4037, 4053, 4055, 2226, 0.430, 41.37, 58.40, 0.430, 43.15, 59.34, 0.010, 173.13, 22.29);
insert into SHOT values (4038, 4053, 4056, 2226, 2.060, 201.77, 66.20, 2.068, 201.67, 66.05, 0.010, 192.29, 32.45);
insert into SHOT values (4039, 4053, 4057, 2226, 2.040, 204.77, 38.70, 2.044, 204.47, 38.78, 0.009, 122.07, 28.78);
insert into SHOT values (4040, 4053, 4058, 2226, 0.740, 206.17, -64.80, 0.743, 205.77, -64.33, 0.007, 188.35, -3.36);
insert into SHOT values (4041, 4053, 4059, 2226, 3.480, 261.27, 55.40, 3.472, 260.87, 55.74, 0.026, 113.22, 12.27);
insert into SHOT values (4042, 4059, 4060, 2226, 1.880, 42.27, -57.00, 1.877, 42.20, -57.35, 0.012, 228.27, -15.86);
insert into SHOT values (4043, 4059, 4061, 2226, 3.380, 84.97, -53.20, 3.378, 85.17, -53.34, 0.011, 222.01, -18.91);
insert into SHOT values (4044, 4059, 4062, 2226, 2.550, 323.87, -25.80, 2.550, 323.68, -25.80, 0.008, 236.01, -1.23);
insert into SHOT values (4045, 4059, 4063, 2226, 0.890, 218.67, -41.50, 0.892, 218.93, -41.43, 0.004, 277.36, -4.30);
insert into SHOT values (4046, 4059, 4064, 2226, 3.910, 269.07, 39.60, 3.914, 269.05, 39.50, 0.008, 263.29, -16.73);
insert into SHOT values (4047, 4059, 4065, 2226, 2.220, 266.07, 23.80, 2.225, 266.05, 23.86, 0.006, 259.64, 48.65);
insert into SHOT values (4048, 4059, 4066, 2226, 3.320, 254.77, 11.40, 3.322, 254.68, 11.46, 0.006, 178.31, 37.87);
insert into SHOT values (4049, 4059, 4067, 2226, 2.200, 288.07, 6.70, 2.201, 287.85, 6.79, 0.009, 199.88, 22.37);
insert into SHOT values (4050, 4059, 4068, 2226, 2.540, 306.87, 2.50, 2.496, 306.69, 2.53, 0.044, 137.07, -1.03);
insert into SHOT values (4051, 4068, 4069, 2226, 0.620, 60.97, 6.60, 0.613, 60.49, 6.56, 0.009, 277.33, -8.38);
insert into SHOT values (4052, 4068, 4070, 2226, 1.770, 18.67, -6.00, 1.771, 18.54, -5.83, 0.006, 304.01, 50.77);
insert into SHOT values (4053, 4068, 4071, 2226, 2.040, 340.67, -0.90, 2.047, 340.59, -0.84, 0.007, 318.33, 16.12);
insert into SHOT values (4054, 4068, 4072, 2226, 2.920, 169.17, 6.10, 2.917, 169.27, 6.10, 0.006, 286.67, -2.78);
insert into SHOT values (4055, 4068, 4073, 2226, 0.970, 331.07, 82.40, 0.970, 329.74, 81.77, 0.011, 314.23, -7.61);
insert into SHOT values (4056, 4068, 4074, 2226, 9.930, 24.27, -82.80, 9.929, 24.10, -82.77, 0.006, 344.62, 16.87);
insert into SHOT values (4057, 4068, 4075, 2226, 2.580, 285.37, 17.90, 2.551, 285.30, 18.04, 0.029, 111.14, -5.80);
insert into SHOT values (4058, 4075, 4076, 2226, 2.480, 206.67, 75.10, 2.484, 206.97, 75.08, 0.005, 267.93, 41.62);
insert into SHOT values (4059, 4075, 4077, 2226, 2.970, 160.17, 28.00, 2.975, 160.18, 28.07, 0.007, 175.42, 60.47);
insert into SHOT values (4060, 4075, 4078, 2226, 4.350, 128.67, 0.20, 4.346, 128.74, 0.26, 0.008, 251.09, 35.22);
insert into SHOT values (4061, 4075, 4079, 2226, 1.900, 115.27, -8.20, 1.898, 115.20, -8.18, 0.003, 345.99, 19.83);
insert into SHOT values (4062, 4075, 4080, 2226, 0.880, 74.97, 5.50, 0.876, 74.69, 5.90, 0.009, 295.05, 40.65);
insert into SHOT values (4063, 4075, 4081, 2226, 0.870, 357.57, 63.60, 0.872, 357.06, 63.40, 0.005, 314.54, 8.29);
insert into SHOT values (4064, 4075, 4082, 2226, 1.640, 32.97, -51.10, 1.620, 33.38, -51.07, 0.022, 181.60, 49.28);
insert into SHOT values (4065, 4082, 4083, 2226, 0.660, 35.47, 19.60, 0.662, 35.22, 19.41, 0.004, 348.12, -20.78);
insert into SHOT values (4066, 4082, 4084, 2226, 0.360, 210.37, -14.50, 0.356, 209.54, -14.63, 0.006, 83.38, 1.26);
insert into SHOT values (4067, 4082, 4085, 2226, 2.970, 192.17, -83.80, 2.977, 190.95, -83.91, 0.011, 64.94, -41.31);
insert into SHOT values (4068, 4082, 4086, 2226, 1.890, 286.57, -0.80, 1.889, 286.61, -0.91, 0.004, 49.56, -63.50);
insert into SHOT values (4069, 4082, 4087, 2226, 2.750, 130.17, -3.90, 2.753, 130.13, -3.96, 0.005, 95.67, -41.03);
insert into SHOT values (4070, 4082, 4088, 2226, 2.030, 293.07, -36.90, 2.029, 293.24, -36.96, 0.005, 41.98, -12.11);
insert into SHOT values (4071, 4082, 4089, 2226, 2.570, 302.77, -50.30, 2.572, 302.82, -50.33, 0.003, 15.58, -59.06);
insert into SHOT values (4072, 4082, 4090, 2226, 1.630, 301.27, 27.30, 1.595, 301.10, 27.64, 0.036, 127.78, -12.07);
insert into SHOT values (4073, 4090, 4091, 2226, 4.440, 168.07, -80.30, 4.443, 168.39, -80.34, 0.006, 292.31, -34.44);
insert into SHOT values (4074, 4090, 4092, 2226, 0.730, 193.77, 0.80, 0.720, 193.65, 0.80, 0.010, 22.41, -1.14);
insert into SHOT values (4075, 4090, 4093, 2226, 0.350, 215.77, 1.20, 0.344, 215.54, 1.66, 0.007, 49.01, 24.02);
insert into SHOT values (4076, 4090, 4094, 2226, 1.190, 214.47, -3.00, 1.189, 214.36, -2.89, 0.003, 95.38, 41.98);
insert into SHOT values (4077, 4090, 4095, 2226, 0.570, 257.77, -12.00, 0.574, 258.69, -12.08, 0.010, 327.86, -8.81);
insert into SHOT values (4078, 4090, 4096, 2226, 1.610, 231.67, 19.30, 1.605, 231.16, 19.28, 0.014, 122.27, -8.58);
insert into SHOT values (4079, 4096, 4097, 2226, 0.380, 25.77, -9.20, 0.381, 25.20, -9.07, 0.004, 305.50, 11.35);
insert into SHOT values (4080, 4096, 4098, 2226, 1.200, 333.07, -79.30, 1.201, 333.43, -79.27, 0.002, 33.92, -27.69);
insert into SHOT values (4081, 4096, 4099, 2226, 1.120, 13.57, 70.80, 1.122, 12.53, 70.82, 0.007, 286.91, 18.96);
insert into SHOT values (4082, 4096, 4100, 2226, 3.610, 260.67, 17.70, 3.616, 260.81, 17.71, 0.010, 320.42, 13.61);
insert into SHOT values (4083, 4096, 4101, 2226, 4.480, 260.77, 17.60, 4.460, 260.52, 17.75, 0.030, 120.63, 10.51);
insert into SHOT values (4084, 4101, 4102, 2226, 1.280, 272.57, -89.00, 1.280, 270.00, -89.10, 0.003, 113.35, -4.42);
insert into SHOT values (4085, 4101, 4103, 2226, 2.480, 167.27, -9.00, 2.481, 167.27, -9.04, 0.002, 173.61, -69.04);
insert into SHOT values (4086, 4101, 4104, 2226, 1.560, 199.07, 0.80, 1.556, 199.13, 0.74, 0.005, 353.89, -22.49);
insert into SHOT values (4087, 4101, 4105, 2226, 1.110, 171.87, 55.40, 1.113, 171.74, 55.75, 0.008, 11.70, 57.34);
insert into SHOT values (4088, 4101, 4106, 2226, 3.260, 243.77, 30.10, 3.260, 243.89, 30.20, 0.008, 359.05, 37.10);
insert into SHOT values (4089, 4101, 4107, 2226, 3.490, 248.77, 34.90, 3.491, 248.90, 34.95, 0.008, 343.35, 24.79);
insert into SHOT values (4090, 4101, 4108, 2226, 2.560, 255.17, 36.50, 2.563, 255.36, 36.64, 0.010, 354.08, 46.50);
insert into SHOT values (4091, 4101, 4109, 2226, 2.370, 56.57, 2.20, 2.376, 56.51, 2.17, 0.006, 35.19, -8.82);
insert into SHOT values (4092, 4101, 4110, 2226, 3.320, 81.57, 2.40, 3.319, 81.50, 2.42, 0.004, 340.81, 14.72);
insert into SHOT values (4093, 4101, 4111, 2226, 1.730, 101.07, 5.90, 1.731, 101.05, 5.97, 0.002, 75.32, 61.03);
insert into SHOT values (4094, 4101, 4112, 2226, 1.600, 236.87, 12.40, 1.598, 236.51, 12.66, 0.012, 124.28, 31.74);
insert into SHOT values (4095, 4112, 4113, 2226, 1.080, 290.57, 6.20, 1.076, 290.81, 6.40, 0.007, 61.73, 29.40);
insert into SHOT values (4096, 4112, 4114, 2226, 0.930, 333.37, 6.50, 0.931, 333.71, 6.17, 0.008, 46.39, -42.13);
insert into SHOT values (4097, 4112, 4115, 2226, 0.960, 8.07, 13.60, 0.964, 7.96, 13.19, 0.008, 351.41, -42.69);
insert into SHOT values (4098, 4112, 4116, 2226, 1.460, 60.47, -6.80, 1.461, 60.26, -6.68, 0.006, 345.80, 27.36);
insert into SHOT values (4099, 4112, 4117, 2226, 3.010, 91.37, -6.70, 3.011, 91.34, -6.67, 0.002, 47.71, 31.81);
insert into SHOT values (4100, 4112, 4118, 2226, 3.120, 289.17, 72.50, 3.113, 289.41, 72.56, 0.009, 72.30, -40.71);
insert into SURVEY values (2228, 2217, 'escalade_corneille-vire', 'escalade_corneille-vire.Corneilles.Ded', 'escalade corneille-vire');
 insert into CENTRELINE values (2229, 2228, NULL, NULL, NULL, 0.00, 0.00, 0.00);
 insert into CENTRELINE values (2230, 2228, NULL, '2022-07-10', NULL, 52.75, 0.00, 0.00);
 insert into TOPO values (1, 2230);
 insert into TOPO values (2, 2230);
 insert into SHOT values (4101, 4119, 4120, 2230, 0.950, 299.37, 2.00, 0.946, 299.82, 1.82, 0.009, 59.27, -20.07);
insert into SHOT values (4102, 4119, 4121, 2230, 0.880, 334.27, 3.30, 0.878, 334.31, 3.26, 0.002, 134.10, -17.97);
insert into SHOT values (4103, 4119, 4122, 2230, 1.010, 7.47, 4.70, 1.012, 7.41, 4.54, 0.003, 337.48, -52.84);
insert into SHOT values (4104, 4119, 4123, 2230, 0.880, 50.07, 3.90, 0.889, 50.03, 3.87, 0.009, 46.54, 0.90);
insert into SHOT values (4105, 4119, 4124, 2230, 1.430, 59.77, 2.00, 1.435, 59.86, 2.00, 0.005, 85.73, 1.02);
insert into SHOT values (4106, 4119, 4125, 2230, 3.090, 83.37, -0.70, 3.091, 83.31, -0.74, 0.004, 16.66, -35.12);
insert into SHOT values (4107, 4119, 4126, 2230, 5.010, 78.97, -1.20, 5.014, 78.96, -1.26, 0.006, 69.74, -52.24);
insert into SHOT values (4108, 4119, 4127, 2230, 1.620, 67.17, -12.90, 1.560, 66.31, -13.34, 0.065, 267.56, 1.46);
insert into SHOT values (4109, 4127, 4128, 2230, 0.440, 57.47, 2.50, 0.441, 57.03, 2.60, 0.004, 350.53, 12.49);
insert into SHOT values (4110, 4127, 4129, 2230, 2.390, 58.77, 0.20, 2.396, 58.83, 0.24, 0.007, 83.61, 14.39);
insert into SHOT values (4111, 4127, 4130, 2230, 3.440, 75.67, 1.50, 3.438, 75.68, 1.50, 0.002, 232.74, -1.25);
insert into SHOT values (4112, 4127, 4131, 2230, 1.630, 95.47, 4.50, 1.632, 95.29, 4.57, 0.006, 26.73, 21.47);
insert into SHOT values (4113, 4127, 4132, 2230, 2.920, 177.67, -2.40, 2.915, 177.64, -2.36, 0.006, 13.46, 23.81);
insert into SHOT values (4114, 4127, 4133, 2230, 2.190, 160.97, -5.30, 2.188, 160.98, -5.24, 0.003, 320.65, 51.40);
insert into SHOT values (4115, 4127, 4134, 2230, 1.760, 133.17, -5.70, 1.763, 133.15, -5.53, 0.006, 125.69, 55.78);
insert into SHOT values (4116, 4127, 4135, 2230, 1.300, 114.37, -88.00, 1.301, 116.57, -88.03, 0.002, 226.01, -23.22);
insert into SHOT values (4117, 4127, 4136, 2230, 1.040, 171.57, 63.30, 1.040, 171.35, 63.42, 0.003, 33.19, 18.48);
insert into SHOT values (4118, 4127, 4137, 2230, 3.130, 73.17, -9.10, 3.057, 72.65, -9.22, 0.078, 273.64, 3.68);
insert into SHOT values (4119, 4137, 4138, 2230, 0.250, 354.37, 2.00, 0.251, 355.43, 2.28, 0.005, 73.29, 15.10);
insert into SHOT values (4120, 4137, 4139, 2230, 1.670, 206.77, 88.30, 1.671, 206.57, 88.47, 0.005, 28.63, 8.66);
insert into SHOT values (4121, 4137, 4140, 2230, 0.400, 184.07, -4.70, 0.392, 184.40, -4.39, 0.008, 347.25, 19.48);
insert into SHOT values (4122, 4137, 4141, 2230, 1.470, 136.27, -83.80, 1.468, 135.00, -83.92, 0.005, 3.02, 16.54);
insert into SHOT values (4123, 4137, 4142, 2230, 1.460, 91.67, -35.90, 1.394, 91.02, -36.54, 0.069, 283.03, 22.25);
insert into SHOT values (4124, 4142, 4143, 2230, 0.490, 7.67, 1.20, 0.494, 6.98, 1.16, 0.007, 309.97, -2.15);
insert into SHOT values (4125, 4142, 4144, 2230, 1.140, 350.17, -71.30, 1.140, 350.54, -71.33, 0.002, 93.04, -4.25);
insert into SHOT values (4126, 4142, 4145, 2230, 0.460, 113.87, 80.90, 0.455, 116.57, 81.52, 0.008, 265.06, -32.71);
insert into SHOT values (4127, 4142, 4146, 2230, 1.130, 14.87, 76.20, 1.123, 15.07, 76.12, 0.007, 121.63, -82.34);
insert into SHOT values (4128, 4142, 4147, 2230, 0.900, 88.87, -11.00, 0.818, 87.85, -11.99, 0.084, 278.55, 1.18);
insert into SHOT values (4129, 4147, 4148, 2230, 0.360, 339.37, 2.80, 0.365, 339.08, 3.14, 0.005, 316.73, 26.70);
insert into SHOT values (4130, 4147, 4149, 2230, 1.580, 125.57, -82.60, 1.573, 126.87, -82.69, 0.009, 253.52, 49.85);
insert into SHOT values (4131, 4147, 4150, 2230, 4.550, 84.17, -73.80, 4.540, 84.11, -73.80, 0.010, 288.97, 72.20);
insert into SHOT values (4132, 4147, 4151, 2230, 1.270, 243.37, -68.30, 1.270, 243.43, -68.30, 0.001, 333.82, -0.17);
insert into SHOT values (4133, 4147, 4152, 2230, 2.440, 72.67, -8.70, 2.437, 72.62, -8.50, 0.009, 300.34, 73.04);
insert into SHOT values (4134, 4147, 4153, 2230, 0.910, 48.07, -3.10, 0.907, 47.68, -2.53, 0.011, 294.82, 54.45);
insert into SHOT values (4135, 4147, 4154, 2230, 1.880, 69.37, -24.50, 1.874, 69.44, -24.26, 0.010, 199.13, 72.61);
insert into SHOT values (4136, 4147, 4155, 2230, 2.520, 67.87, -43.10, 2.515, 67.91, -43.15, 0.006, 233.55, 18.63);
insert into SHOT values (4137, 4147, 4156, 2230, 3.420, 66.87, -53.00, 3.418, 66.80, -53.01, 0.003, 296.91, 23.71);
insert into SHOT values (4138, 4147, 4157, 2230, 1.480, 40.47, -28.20, 1.470, 40.31, -27.99, 0.012, 250.40, 53.61);
insert into SHOT values (4139, 4147, 4158, 2230, 2.000, 42.87, -45.00, 1.998, 42.71, -44.89, 0.006, 329.06, 46.24);
insert into SHOT values (4140, 4147, 4159, 2230, 2.860, 61.47, -58.40, 2.853, 61.21, -58.40, 0.010, 302.29, 37.37);
insert into SHOT values (4141, 4147, 4160, 2230, 1.100, 69.17, 12.00, 1.028, 67.77, 12.35, 0.076, 267.97, -6.56);
insert into SHOT values (4142, 4160, 4161, 2230, 4.580, 28.87, -87.60, 4.584, 27.90, -87.60, 0.005, 308.22, -50.63);
insert into SHOT values (4143, 4160, 4162, 2230, 4.240, 91.57, -69.90, 4.240, 91.57, -69.85, 0.004, 92.88, 27.15);
insert into SHOT values (4144, 4160, 4163, 2230, 4.330, 101.27, -56.90, 4.333, 101.21, -56.91, 0.003, 25.59, -50.75);
insert into SHOT values (4145, 4160, 4164, 2230, 0.970, 134.97, -54.80, 0.968, 135.73, -54.73, 0.008, 229.06, 19.52);
insert into SHOT values (4146, 4160, 4165, 2230, 0.630, 160.37, -29.70, 0.632, 160.91, -29.40, 0.006, 220.24, 19.63);
insert into SHOT values (4147, 4160, 4166, 2230, 0.780, 76.77, -48.70, 0.781, 77.59, -49.05, 0.009, 188.19, -26.84);
insert into SHOT values (4148, 4160, 4167, 2230, 0.870, 59.77, -22.00, 0.871, 60.26, -22.26, 0.008, 153.54, -30.69);
insert into SHOT values (4149, 4160, 4168, 2230, 0.830, 207.77, 52.40, 0.834, 208.07, 52.31, 0.005, 245.11, 28.10);
insert into SHOT values (4150, 4160, 4169, 2230, 0.400, 318.77, -11.60, 0.398, 318.12, -11.61, 0.005, 200.36, 4.95);
insert into SHOT values (4151, 4160, 4170, 2230, 2.560, 83.67, -71.50, 2.542, 82.60, -72.21, 0.040, 285.55, 11.25);
insert into SHOT values (4152, 4170, 4171, 2230, 0.360, 211.97, -1.70, 0.364, 211.50, -1.58, 0.005, 173.87, 8.14);
insert into SHOT values (4153, 4170, 4172, 2230, 2.090, 124.37, -88.40, 2.091, 128.66, -88.25, 0.007, 165.47, -6.38);
insert into SHOT values (4154, 4170, 4173, 2230, 2.580, 240.37, 74.70, 2.581, 240.05, 74.70, 0.004, 152.66, 20.76);
insert into SHOT values (4155, 4170, 4174, 2230, 1.170, 270.47, -5.60, 1.176, 270.49, -5.86, 0.008, 275.33, -45.90);
insert into SHOT values (4156, 4170, 4175, 2230, 0.910, 282.57, 0.20, 0.910, 282.05, 0.00, 0.009, 192.73, -21.20);
insert into SHOT values (4157, 4170, 4176, 2230, 3.230, 131.87, -5.20, 3.229, 131.97, -5.33, 0.010, 239.88, -48.79);
insert into SHOT values (4158, 4170, 4177, 2230, 4.050, 131.97, -22.80, 4.048, 132.07, -22.82, 0.007, 240.58, -4.64);
insert into SHOT values (4159, 4170, 4178, 2230, 2.680, 146.77, -18.80, 2.688, 146.87, -18.88, 0.010, 183.09, -38.55);
insert into SHOT values (4160, 4170, 4179, 2230, 1.430, 127.67, 19.20, 1.335, 128.23, 19.24, 0.096, 299.78, -18.40);
insert into SHOT values (4161, 4179, 4180, 2230, 0.610, 142.87, -13.10, 0.608, 142.55, -13.30, 0.004, 20.14, -24.12);
insert into SHOT values (4162, 4179, 4181, 2230, 2.160, 147.27, -48.00, 2.152, 147.19, -48.02, 0.008, 345.14, 40.90);
insert into SHOT values (4163, 4179, 4182, 2230, 3.380, 155.57, -68.50, 3.376, 155.71, -68.45, 0.006, 227.97, 56.04);
insert into SHOT values (4164, 4179, 4183, 2230, 0.800, 223.37, -32.40, 0.798, 223.19, -32.61, 0.004, 74.64, -18.70);
insert into SHOT values (4165, 4179, 4184, 2230, 2.020, 358.47, -85.30, 2.017, 0.00, -85.17, 0.007, 44.28, 26.81);
insert into SHOT values (4166, 4179, 4185, 2230, 1.480, 170.77, -20.90, 1.431, 171.81, -21.30, 0.055, 324.53, 8.26);
insert into SHOT values (4167, 4185, 4186, 2230, 0.850, 318.97, -2.70, 0.851, 318.81, -2.69, 0.003, 259.87, 0.88);
insert into SHOT values (4168, 4185, 4187, 2230, 15.230, 20.17, -83.00, 15.223, 20.19, -83.00, 0.007, 176.79, 70.54);
insert into SHOT values (4169, 4185, 4188, 2230, 0.130, 243.97, -6.40, 0.135, 243.43, -4.26, 0.007, 229.91, 41.24);
insert into SHOT values (4170, 4185, 4189, 2230, 1.160, 51.57, -8.50, 1.159, 51.73, -8.44, 0.004, 157.23, 23.15);
insert into SHOT values (4171, 4185, 4190, 2230, 15.680, 20.77, -80.60, 15.686, 19.83, -80.48, 0.053, 328.35, -0.59);
insert into SHOT values (4172, 4190, 4191, 2230, 3.450, 278.27, 39.70, 3.442, 278.25, 39.73, 0.008, 103.44, -28.03);
insert into SHOT values (4173, 4190, 4192, 2230, 5.670, 258.77, 38.30, 5.665, 258.72, 38.29, 0.007, 125.41, -37.35);
insert into SHOT values (4174, 4190, 4193, 2230, 3.060, 241.57, 42.60, 3.058, 241.61, 42.61, 0.003, 16.54, -25.53);
insert into SHOT values (4175, 4190, 4194, 2230, 1.180, 349.17, 50.90, 1.175, 349.14, 50.76, 0.006, 187.38, -80.68);
insert into SHOT values (4176, 4190, 4195, 2230, 0.830, 56.77, 7.60, 0.831, 56.89, 7.61, 0.002, 115.68, 6.31);
insert into SHOT values (4177, 4190, 4196, 2230, 0.630, 108.87, 4.20, 0.634, 108.43, 3.62, 0.009, 59.80, -44.25);
insert into SHOT values (4178, 4190, 4197, 2230, 2.140, 157.57, 65.50, 2.133, 157.48, 65.41, 0.007, 78.06, -79.41);
insert into SHOT values (4179, 4190, 4198, 2230, 8.340, 332.77, 87.10, 8.340, 332.82, 87.14, 0.006, 149.13, 6.44);
insert into SHOT values (4180, 4190, 4199, 2230, 12.300, 263.77, 67.70, 12.300, 263.73, 67.70, 0.003, 185.11, -1.42);
insert into SHOT values (4181, 4190, 4200, 2230, 11.080, 262.67, 74.40, 11.077, 262.66, 74.42, 0.006, 86.24, -19.27);
insert into SHOT values (4182, 4190, 4201, 2230, 5.880, 33.47, 62.80, 5.879, 33.45, 62.83, 0.003, 225.04, 4.38);
insert into SHOT values (4183, 4190, 4202, 2230, 7.490, 33.87, 78.30, 7.486, 34.00, 78.29, 0.006, 108.24, -49.15);
insert into SHOT values (4184, 4190, 4203, 2230, 9.660, 39.37, 82.70, 9.659, 39.39, 82.69, 0.002, 54.21, -43.33);
insert into SHOT values (4185, 4190, 4204, 2230, 2.340, 326.07, 68.80, 2.337, 326.12, 68.86, 0.004, 131.17, -27.40);
insert into SHOT values (4186, 4190, 4205, 2230, 3.010, 151.67, 70.50, 3.005, 151.66, 70.34, 0.010, 150.82, -48.83);
insert into SHOT values (4187, 4190, 4206, 2230, 4.910, 46.57, -53.50, 4.900, 45.84, -53.92, 0.053, 272.32, -14.40);
insert into SHOT values (4188, 4206, 4207, 2230, 3.950, 230.77, 86.50, 3.957, 231.71, 86.49, 0.008, 308.05, 60.98);
insert into SHOT values (4189, 4206, 4208, 2230, 1.180, 129.67, 24.30, 1.180, 129.33, 24.54, 0.008, 18.28, 32.89);
insert into SHOT values (4190, 4206, 4209, 2230, 1.130, 286.07, 14.10, 1.130, 286.45, 14.35, 0.009, 25.19, 32.51);
insert into SHOT values (4191, 4206, 4210, 2230, 1.720, 243.17, 26.60, 1.716, 243.27, 26.66, 0.005, 28.93, -1.72);
insert into SHOT values (4192, 4206, 4211, 2230, 3.040, 214.27, 29.70, 3.042, 214.35, 29.76, 0.005, 305.62, 43.89);
insert into SHOT values (4193, 4206, 4212, 2230, 1.500, 188.07, 32.60, 1.500, 188.19, 32.68, 0.003, 293.68, 32.19);
insert into SHOT values (4194, 4206, 4213, 2230, 2.830, 222.17, 67.10, 2.831, 222.41, 67.20, 0.007, 352.97, 25.90);
insert into SHOT values (4195, 4206, 4214, 2230, 1.440, 304.27, 38.40, 1.515, 304.09, 37.88, 0.076, 301.10, 27.95);
insert into SHOT values (4196, 4214, 4215, 2230, 0.470, 53.47, 3.30, 0.472, 53.62, 2.43, 0.008, 77.23, -66.60);
insert into SHOT values (4197, 4214, 4216, 2230, 1.820, 124.97, 87.10, 1.812, 122.01, 87.02, 0.009, 58.62, -55.25);
insert into SHOT values (4198, 4214, 4217, 2230, 2.150, 33.57, -79.20, 2.158, 32.91, -79.19, 0.010, 327.49, -57.69);
insert into SHOT values (4199, 4214, 4218, 2230, 3.250, 319.37, -57.10, 3.311, 318.99, -56.47, 0.072, 308.67, -25.83);
insert into SHOT values (4200, 4218, 4219, 2230, 0.360, 51.47, 1.20, 0.362, 50.60, 0.00, 0.010, 345.03, -51.57);
insert into SHOT values (4201, 4218, 4220, 2230, 1.270, 129.27, -84.30, 1.276, 128.66, -84.24, 0.007, 94.03, -69.49);
insert into SHOT values (4202, 4218, 4221, 2230, 2.470, 354.97, 86.60, 2.465, 356.19, 86.50, 0.008, 34.98, -48.63);
insert into SHOT values (4203, 4218, 4222, 2230, 1.290, 142.77, 19.10, 1.290, 142.66, 19.00, 0.003, 77.86, -40.32);
insert into SHOT values (4204, 4218, 4223, 2230, 1.160, 143.77, 34.00, 1.152, 143.49, 33.74, 0.010, 15.36, -55.67);
insert into SHOT values (4205, 4218, 4224, 2230, 4.760, 141.57, 42.50, 4.756, 141.60, 42.45, 0.006, 237.41, -72.96);
insert into SHOT values (4206, 4218, 4225, 2230, 5.180, 141.97, 52.00, 5.180, 141.87, 51.97, 0.006, 69.47, -19.20);
insert into SHOT values (4207, 4218, 4226, 2230, 2.720, 139.87, 26.60, 2.718, 139.83, 26.43, 0.008, 103.45, -73.12);
insert into SHOT values (4208, 4218, 4227, 2230, 1.670, 137.87, 14.60, 1.675, 137.75, 14.52, 0.006, 104.88, -9.00);
insert into SHOT values (4209, 4218, 4228, 2230, 2.280, 336.87, -39.00, 2.352, 336.23, -38.69, 0.076, 319.07, -27.70);
insert into SHOT values (4210, 4228, 4229, 2230, 0.500, 233.17, 17.10, 0.501, 232.65, 17.42, 0.005, 144.51, 34.70);
insert into SHOT values (4211, 4228, 4230, 2230, 0.260, 53.37, 4.00, 0.259, 54.46, 4.43, 0.005, 158.60, 20.01);
insert into SHOT values (4212, 4228, 4231, 2230, 33.350, 9.47, -84.70, 33.352, 9.55, -84.71, 0.010, 158.74, -15.61);
insert into SHOT values (4213, 4228, 4232, 2230, 1.690, 282.07, 82.70, 1.694, 280.78, 82.75, 0.006, 180.06, 37.10);
insert into SHOT values (4214, 4228, 4233, 2230, 2.530, 270.57, -70.90, 2.572, 271.32, -70.22, 0.053, 285.65, -33.76);
insert into SHOT values (4215, 4233, 4234, 2230, 1.160, 59.57, 1.00, 1.156, 59.89, 0.99, 0.008, 180.14, -1.87);
insert into SHOT values (4216, 4233, 4235, 2230, 1.540, 1.87, 39.40, 1.542, 1.93, 39.46, 0.003, 63.48, 61.04);
insert into SHOT values (4217, 4233, 4236, 2230, 5.710, 117.47, -77.70, 5.712, 117.82, -77.66, 0.009, 175.49, -6.79);
insert into SHOT values (4218, 4233, 4237, 2230, 34.440, 34.07, -84.00, 34.439, 34.13, -84.00, 0.004, 121.99, 18.02);
insert into SHOT values (4219, 4233, 4238, 2230, 8.190, 340.77, 8.70, 8.188, 340.74, 8.71, 0.005, 218.37, 13.34);
insert into SHOT values (4220, 4233, 4239, 2230, 6.050, 348.07, 5.80, 6.041, 348.09, 5.89, 0.013, 152.69, 40.55);
insert into SHOT values (4221, 4233, 4240, 2230, 2.340, 5.97, 13.20, 2.336, 6.06, 13.37, 0.009, 151.26, 40.38);
insert into SHOT values (4222, 4233, 4241, 2230, 1.480, 27.07, 5.10, 1.478, 27.09, 5.44, 0.009, 195.84, 71.64);
insert into SHOT values (4223, 4233, 4242, 2230, 10.640, 348.77, -47.30, 10.636, 348.72, -47.33, 0.009, 210.32, -3.41);
insert into SHOT values (4224, 4233, 4243, 2230, 8.780, 0.57, -50.30, 8.771, 0.61, -50.32, 0.011, 150.58, 29.79);
insert into SHOT values (4225, 4233, 4244, 2230, 3.350, 23.67, -55.20, 3.349, 23.75, -55.19, 0.003, 113.30, 17.01);
insert into SHOT values (4226, 4233, 4245, 2230, 8.640, 3.97, -50.80, 8.631, 4.00, -50.82, 0.010, 163.37, 34.65);
insert into SHOT values (4227, 4233, 4246, 2230, 13.990, 355.67, -66.40, 13.988, 355.70, -66.42, 0.006, 146.40, -0.84);
insert into SHOT values (4228, 4233, 4247, 2230, 4.230, 355.87, 17.90, 4.268, 355.06, 17.73, 0.069, 300.48, -0.10);
insert into SHOT values (4229, 4247, 4248, 2230, 4.310, 355.77, 18.00, 4.311, 355.80, 17.97, 0.004, 50.80, -28.91);
insert into SHOT values (4230, 4247, 4249, 2230, 1.230, 257.57, 3.10, 1.230, 257.77, 3.26, 0.006, 352.23, 37.83);
insert into SHOT values (4231, 4247, 4250, 2230, 2.660, 253.27, 71.50, 2.658, 253.50, 71.47, 0.004, 330.43, -36.22);
insert into SHOT values (4232, 4247, 4251, 2230, 2.070, 199.67, -13.60, 2.064, 199.52, -13.73, 0.009, 57.09, -21.04);
insert into SHOT values (4233, 4247, 4252, 2230, 1.150, 231.07, -7.40, 1.141, 231.10, -7.56, 0.010, 46.82, -10.95);
insert into SHOT values (4234, 4247, 4253, 2230, 0.240, 158.17, -73.70, 0.240, 153.43, -73.74, 0.006, 62.94, 3.64);
insert into SHOT values (4235, 4247, 4254, 2230, 34.210, 139.27, -82.20, 34.207, 139.28, -82.20, 0.004, 169.64, 61.06);
insert into SHOT values (4236, 4247, 4255, 2230, 3.370, 332.57, 15.80, 3.440, 332.12, 15.51, 0.076, 312.86, 1.81);
insert into SHOT values (4237, 4255, 4256, 2230, 1.380, 143.37, 64.70, 1.339, 144.58, 65.65, 0.048, 306.09, -34.99);
insert into SURVEY values (2232, 2217, 'escalade_bas_corneilles', 'escalade_bas_corneilles.Corneilles.Ded', 'escalade bas corneilles');
 insert into CENTRELINE values (2233, 2232, NULL, NULL, NULL, 0.00, 0.00, 0.00);
 insert into CENTRELINE values (2234, 2232, NULL, '2022-07-09', NULL, 19.76, 0.00, 0.00);
 insert into TOPO values (1, 2234);
 insert into TOPO values (2, 2234);
 insert into SHOT values (4238, 4257, 4258, 2234, 2.050, 248.87, 0.30, 2.058, 248.92, 0.28, 0.008, 263.68, -5.27);
insert into SHOT values (4239, 4257, 4259, 2234, 2.480, 213.97, 3.40, 2.490, 214.01, 3.45, 0.010, 225.36, 16.84);
insert into SHOT values (4240, 4257, 4260, 2234, 1.810, 185.87, 4.20, 1.815, 186.03, 4.42, 0.010, 231.98, 46.73);
insert into SHOT values (4241, 4257, 4261, 2234, 0.300, 147.97, 8.80, 0.296, 149.04, 9.73, 0.008, 280.36, 29.10);
insert into SHOT values (4242, 4257, 4262, 2234, 2.690, 245.77, -66.50, 2.684, 245.82, -66.41, 0.007, 278.46, 74.50);
insert into SHOT values (4243, 4257, 4263, 2234, 8.850, 274.77, 78.10, 8.850, 274.71, 78.09, 0.002, 220.89, 5.21);
insert into SHOT values (4244, 4263, 4264, 2234, 0.860, 3.67, -3.90, 0.853, 3.37, -3.36, 0.012, 217.85, 47.01);
insert into SHOT values (4245, 4263, 4265, 2234, 0.890, 298.97, -4.90, 0.893, 298.87, -4.49, 0.007, 277.62, 55.01);
insert into SHOT values (4246, 4263, 4266, 2234, 0.950, 341.27, 3.60, 0.954, 340.99, 3.61, 0.006, 291.02, 3.40);
insert into SHOT values (4247, 4263, 4267, 2234, 1.170, 273.77, -3.70, 1.175, 273.91, -3.42, 0.008, 303.77, 42.69);
insert into SHOT values (4248, 4263, 4268, 2234, 0.970, 233.27, -5.10, 0.975, 233.37, -4.71, 0.009, 249.46, 45.65);
insert into SHOT values (4249, 4263, 4269, 2234, 0.750, 202.07, -2.50, 0.755, 201.80, -2.28, 0.006, 165.14, 25.12);
insert into SHOT values (4250, 4263, 4270, 2234, 4.840, 345.97, 83.70, 4.839, 345.70, 83.76, 0.005, 192.90, -8.13);
insert into SHOT values (4251, 4263, 4271, 2234, 4.840, 346.07, 83.70, 4.839, 345.70, 83.76, 0.006, 200.99, -7.48);
insert into SHOT values (4252, 4271, 4272, 2234, 0.650, 35.77, 11.80, 0.653, 35.43, 12.37, 0.008, 333.24, 59.47);
insert into SHOT values (4253, 4271, 4273, 2234, 0.690, 356.57, 10.40, 0.693, 356.63, 10.80, 0.006, 14.35, 64.15);
insert into SHOT values (4254, 4271, 4274, 2234, 0.630, 331.47, 2.20, 0.636, 331.82, 2.70, 0.009, 5.92, 39.84);
insert into SHOT values (4255, 4271, 4275, 2234, 0.760, 302.27, -1.30, 0.760, 302.64, -0.75, 0.009, 29.48, 55.21);
insert into SHOT values (4256, 4271, 4276, 2234, 0.810, 271.57, -2.30, 0.811, 272.12, -2.12, 0.008, 353.10, 17.52);
insert into SHOT values (4257, 4271, 4277, 2234, 0.880, 292.47, -2.90, 0.879, 292.77, -2.61, 0.007, 27.62, 43.96);
insert into SHOT values (4258, 4271, 4278, 2234, 6.070, 19.57, 69.20, 6.075, 19.53, 69.23, 0.006, 240.83, 69.26);
insert into SHOT values (4259, 4278, 4279, 2234, 0.230, 114.97, -30.20, 0.231, 113.96, -31.35, 0.006, 356.94, -47.77);
insert into SHOT values (4260, 4278, 4280, 2234, 0.510, 311.47, -11.40, 0.512, 312.58, -11.26, 0.010, 27.34, 4.57);
insert into SHOT values (4261, 4278, 4281, 2234, 0.620, 24.37, -21.70, 0.626, 24.36, -21.57, 0.006, 24.02, -7.51);
insert into SHOT values (4262, 4278, 4282, 2234, 0.670, 63.07, 3.00, 0.676, 62.68, 2.54, 0.009, 26.77, -33.13);
insert into SHOT values (4263, 4278, 4283, 2234, 3.910, 328.67, 67.20, 3.908, 328.71, 67.09, 0.008, 340.47, -36.06);
insert into SHOT values (4264, 4278, 4284, 2234, 2.470, 309.87, 58.90, 2.467, 309.92, 58.80, 0.005, 341.54, -65.04);
insert into SHOT values (4265, 4278, 4285, 2234, 2.190, 295.77, 56.30, 2.187, 295.93, 56.34, 0.005, 67.30, -23.01);
insert into SHOT values (4266, 4278, 4286, 2234, 2.500, 345.57, 57.50, 2.505, 345.86, 57.37, 0.010, 27.82, 8.36);
insert into SHOT values (4267, 4278, 4287, 2234, 3.940, 338.27, 66.20, 3.937, 338.27, 66.13, 0.006, 338.05, -56.27);
insert into SHOT values (4268, 4278, 4288, 2234, 3.870, 311.47, 66.90, 3.872, 311.54, 66.84, 0.005, 334.13, 3.26);
insert into SCRAPS values (2236, 2217, 'SP-Corneilles-1', 1, 5.74576, 0.68194);
 insert into SCRAPS values (2253, 2217, 'SP-Corneilles-3', 1, 31.50867, 2.13180);
 insert into SCRAPS values (2268, 2217, 'SP-Corneilles-2', 1, 22.53273, 1.42026);
 insert into SCRAPS values (2288, 2217, 'SP-Corneilles-5', 1, 49.63303, 3.97241);
 insert into SCRAPS values (2308, 2217, 'SP-Corneilles-4', 1, 17.55323, 2.05667);
 insert into SCRAPS values (2327, 2217, 'SP-Corneilles-6', 1, 0.49757, 0.11281);
 insert into SCRAPS values (2335, 2217, 'SC-Corneilles-1', 2, 29.22148, 1.37933);
 insert into SCRAPS values (2369, 2217, 'SC-Corneilles-3', 2, 45.03651, 2.10668);
 insert into SCRAPS values (2404, 2217, 'SC-Corneilles-4', 2, 50.08014, 2.27351);
 insert into SCRAPS values (2426, 2217, 'SC-Corneilles-2', 2, 9.82315, 0.51951);
 insert into MAPS values (2435, 2217, 'MP-Corneilles-plan-tot', 'Corneilles', 1, 181.140, -83.240);
 insert into MAPITEMS values (2435, 4, 2327);
 insert into MAPITEMS values (2435, 4, 2308);
 insert into MAPITEMS values (2435, 4, 2288);
 insert into MAPITEMS values (2435, 4, 2253);
 insert into MAPITEMS values (2435, 4, 2236);
 insert into MAPITEMS values (2435, 4, 2268);
 insert into MAPS values (2436, 2217, 'MC-Corneilles-coupe-tot', 'Corneilles', 2, 181.140, -83.240);
 insert into MAPITEMS values (2436, 4, 2404);
 insert into MAPITEMS values (2436, 4, 2426);
 insert into MAPITEMS values (2436, 4, 2335);
 insert into MAPITEMS values (2436, 4, 2369);
 insert into SURVEY values (2438, 57, 'val_ref', 'val_ref.Ded', 'val_ref');
 insert into CENTRELINE values (2439, 2438, NULL, NULL, NULL, 0.00, 0.00, 0.00);
 insert into SURVEY values (2440, 2438, 'val_ref', 'val_ref.val_ref.Ded', 'val_ref');
 insert into CENTRELINE values (2441, 2440, NULL, NULL, NULL, 0.00, 0.00, 0.00);
 insert into CENTRELINE values (2442, 2440, NULL, '2022-04-17', NULL, 0.00, 74.97, 0.00);
 insert into TOPO values (2, 2442);
 insert into TOPO values (33, 2442);
 insert into SHOT values (4269, 4289, 4290, 2442, 7.620, 335.23, -19.30, 7.819, 335.02, -18.03, 0.264, 328.89, 21.89);
insert into SHOT_FLAG values(4269, 'srf');
insert into SHOT values (4270, 4290, 4291, 2442, 10.930, 328.33, -13.40, 11.134, 328.37, -12.08, 0.326, 330.01, 38.51);
insert into SHOT_FLAG values(4270, 'srf');
insert into SHOT values (4271, 4291, 4292, 2442, 11.610, 337.43, -4.10, 11.821, 336.95, -3.25, 0.290, 313.59, 33.51);
insert into SHOT_FLAG values(4271, 'srf');
insert into SHOT values (4272, 4292, 4293, 2442, 9.850, 340.73, 6.00, 10.065, 340.13, 6.22, 0.241, 314.29, 14.52);
insert into SHOT_FLAG values(4272, 'srf');
insert into SHOT values (4273, 4293, 4294, 2442, 10.260, 342.73, 14.00, 10.479, 342.03, 13.80, 0.254, 313.28, 4.04);
insert into SHOT_FLAG values(4273, 'srf');
insert into SHOT values (4274, 4294, 4295, 2442, 10.450, 347.13, 16.00, 10.663, 346.19, 15.67, 0.277, 309.85, -0.09);
insert into SHOT_FLAG values(4274, 'srf');
insert into SHOT values (4275, 4295, 4296, 2442, 14.250, 340.13, 15.50, 14.465, 339.37, 15.11, 0.299, 301.68, -7.33);
insert into SHOT_FLAG values(4275, 'srf');
insert into SURVEY values (2445, 57, 'SE-tot', 'SE-tot.Ded', 'Suite escalade');
 insert into CENTRELINE values (2446, 2445, NULL, NULL, NULL, 0.00, 0.00, 0.00);
 insert into SURVEY values (2447, 2445, 'Suite_escalade', 'Suite_escalade.SE-tot.Ded', 'Suite escalade');
 insert into CENTRELINE values (2448, 2447, NULL, NULL, NULL, 0.00, 0.00, 0.00);
 insert into CENTRELINE values (2449, 2447, NULL, '2022-08-23', NULL, 78.18, 0.00, 0.00);
 insert into PERSON values (45, 'Coline', 'Camus(Speleo Campus)');
insert into TOPO values (45, 2449);
 insert into TOPO values (2, 2449);
 insert into SHOT values (4276, 4297, 4298, 2449, 2.020, 121.19, 0.20, 2.019, 121.01, 0.00, 0.009, 17.76, -48.31);
insert into SHOT values (4277, 4297, 4299, 2449, 2.600, 288.59, -2.70, 2.599, 288.64, -2.87, 0.008, 36.71, -69.66);
insert into SHOT values (4278, 4297, 4300, 2449, 5.260, 255.39, 77.10, 5.251, 255.61, 77.16, 0.011, 45.08, -39.14);
insert into SHOT values (4279, 4297, 4301, 2449, 6.710, 98.79, -71.80, 6.715, 98.79, -71.82, 0.006, 275.35, -78.27);
insert into SHOT values (4280, 4297, 4302, 2449, 4.380, 214.89, 43.30, 4.373, 214.89, 43.31, 0.007, 33.26, -34.06);
insert into SHOT values (4281, 4297, 4303, 2449, 1.940, 130.19, 19.40, 1.940, 130.13, 19.27, 0.005, 70.21, -63.35);
insert into SHOT values (4282, 4297, 4304, 2449, 2.770, 157.09, 14.80, 2.765, 156.89, 14.67, 0.013, 47.07, -37.35);
insert into SHOT values (4283, 4297, 4305, 2449, 1.760, 201.49, 1.50, 1.752, 201.44, 1.31, 0.010, 31.76, -35.89);
insert into SHOT values (4284, 4297, 4306, 2449, 1.280, 268.59, -4.40, 1.274, 268.65, -4.50, 0.006, 75.62, -16.62);
insert into SHOT values (4285, 4297, 4307, 2449, 2.970, 302.79, -36.50, 2.970, 303.02, -36.58, 0.011, 44.77, -18.43);
insert into SHOT values (4286, 4297, 4308, 2449, 2.470, 286.29, -68.60, 2.469, 286.82, -68.66, 0.009, 34.98, -1.89);
insert into SHOT values (4287, 4297, 4309, 2449, 7.100, 189.19, -85.80, 7.099, 188.91, -85.83, 0.005, 42.17, 11.75);
insert into SHOT values (4288, 4297, 4310, 2449, 7.530, 137.69, -76.10, 7.530, 137.47, -76.13, 0.008, 16.40, -3.63);
insert into SHOT values (4289, 4297, 4311, 2449, 6.850, 140.49, -77.80, 6.853, 140.35, -77.86, 0.008, 351.19, -34.51);
insert into SHOT values (4290, 4297, 4312, 2449, 7.340, 262.99, 68.60, 7.337, 263.14, 68.58, 0.008, 345.31, -28.46);
insert into SHOT values (4291, 4297, 4313, 2449, 8.320, 223.39, 58.20, 8.325, 223.06, 58.26, 0.027, 122.50, 19.16);
insert into SHOT values (4292, 4313, 4314, 2449, 6.640, 231.39, -3.30, 6.642, 231.37, -3.28, 0.004, 186.27, 36.16);
insert into SHOT values (4293, 4313, 4315, 2449, 3.000, 251.49, -0.80, 2.995, 251.50, -0.77, 0.005, 60.47, 20.21);
insert into SHOT values (4294, 4313, 4316, 2449, 1.860, 279.89, -2.80, 1.860, 279.92, -2.77, 0.001, 10.54, 38.95);
insert into SHOT values (4295, 4313, 4317, 2449, 1.210, 81.89, -2.50, 1.213, 81.94, -2.36, 0.004, 100.86, 39.99);
insert into SHOT values (4296, 4313, 4318, 2449, 2.130, 49.59, 1.20, 2.136, 49.75, 1.07, 0.010, 93.94, -28.07);
insert into SHOT values (4297, 4313, 4319, 2449, 1.850, 22.79, -3.80, 1.850, 22.95, -3.72, 0.006, 110.20, 25.65);
insert into SHOT values (4298, 4313, 4320, 2449, 1.360, 50.99, -84.30, 1.357, 50.71, -83.99, 0.008, 45.45, 24.82);
insert into SHOT values (4299, 4313, 4321, 2449, 11.500, 57.09, 85.50, 11.496, 57.19, 85.49, 0.005, 96.33, -60.58);
insert into SHOT values (4300, 4313, 4322, 2449, 3.120, 246.59, -2.40, 3.096, 246.17, -2.41, 0.033, 110.25, 1.15);
insert into SHOT values (4301, 4322, 4323, 2449, 3.740, 196.19, -8.30, 3.738, 196.33, -8.31, 0.009, 296.26, -0.66);
insert into SHOT values (4302, 4322, 4324, 2449, 6.840, 206.19, -60.60, 6.832, 206.34, -60.56, 0.013, 290.95, 45.80);
insert into SHOT values (4303, 4322, 4325, 2449, 9.770, 216.69, -69.80, 9.761, 216.80, -69.79, 0.011, 319.61, 52.32);
insert into SHOT values (4304, 4322, 4326, 2449, 4.790, 207.09, -73.90, 4.788, 207.34, -73.89, 0.006, 297.14, 20.13);
insert into SHOT values (4305, 4322, 4327, 2449, 2.510, 198.69, -81.70, 2.506, 199.44, -81.73, 0.006, 309.56, 36.14);
insert into SHOT values (4306, 4322, 4328, 2449, 5.630, 51.39, -74.20, 5.622, 51.11, -74.22, 0.011, 293.19, 40.71);
insert into SHOT values (4307, 4322, 4329, 2449, 1.580, 103.29, -4.40, 1.576, 103.24, -4.37, 0.004, 302.52, 17.87);
insert into SHOT values (4308, 4322, 4330, 2449, 1.670, 151.59, -3.00, 1.662, 151.58, -2.76, 0.011, 332.33, 43.93);
insert into SHOT values (4309, 4322, 4331, 2449, 3.070, 177.29, -3.00, 3.067, 177.38, -2.99, 0.006, 294.45, 6.73);
insert into SHOT values (4310, 4322, 4332, 2449, 7.660, 186.89, 59.50, 7.660, 186.94, 59.49, 0.004, 265.62, -1.16);
insert into SHOT values (4311, 4322, 4333, 2449, 8.070, 159.49, 78.80, 8.072, 159.70, 78.88, 0.013, 310.94, 16.69);
insert into SHOT values (4312, 4322, 4334, 2449, 7.460, 55.69, 74.60, 7.467, 55.51, 74.64, 0.011, 297.22, 48.09);
insert into SHOT values (4313, 4322, 4335, 2449, 2.230, 47.49, 10.80, 2.227, 47.41, 10.87, 0.005, 266.54, 24.72);
insert into SHOT values (4314, 4322, 4336, 2449, 2.560, 35.99, -13.70, 2.564, 35.86, -13.54, 0.010, 349.24, 39.63);
insert into SHOT values (4315, 4322, 4337, 2449, 8.480, 117.09, 81.70, 8.499, 117.16, 81.25, 0.069, 118.48, 7.35);
insert into SHOT values (4316, 4337, 4338, 2449, 0.950, 15.39, 12.90, 0.945, 15.09, 12.83, 0.007, 243.51, -18.18);
insert into SHOT values (4317, 4337, 4339, 2449, 1.060, 39.59, 15.00, 1.058, 39.45, 14.78, 0.005, 290.66, -58.93);
insert into SHOT values (4318, 4337, 4340, 2449, 0.460, 322.69, -1.40, 0.464, 322.88, -1.23, 0.005, 343.80, 15.60);
insert into SHOT values (4319, 4337, 4341, 2449, 0.580, 261.99, -1.30, 0.586, 262.15, -0.98, 0.007, 278.24, 28.27);
insert into SHOT values (4320, 4337, 4342, 2449, 1.630, 238.79, -0.40, 1.633, 239.04, -0.35, 0.008, 308.13, 10.25);
insert into SHOT values (4321, 4337, 4343, 2449, 0.720, 33.49, -25.50, 0.719, 33.69, -25.53, 0.002, 144.01, -0.74);
insert into SHOT values (4322, 4337, 4344, 2449, 5.460, 42.09, 77.30, 5.463, 41.95, 77.35, 0.006, 259.53, 37.84);
insert into SHOT values (4323, 4337, 4345, 2449, 5.790, 23.69, 81.30, 5.786, 23.63, 81.32, 0.004, 222.07, -51.10);
insert into SHOT values (4324, 4337, 4346, 2449, 5.280, 304.69, 81.30, 5.285, 304.32, 81.70, 0.038, 132.51, 16.52);
insert into SHOT values (4325, 4346, 4347, 2449, 0.320, 164.89, -5.10, 0.312, 165.07, -5.52, 0.008, 338.04, -10.59);
insert into SHOT values (4326, 4346, 4348, 2449, 0.620, 104.59, -4.70, 0.620, 104.04, -4.62, 0.006, 19.62, 7.67);
insert into SHOT values (4327, 4346, 4349, 2449, 1.920, 83.59, -14.60, 1.925, 83.52, -14.74, 0.007, 56.15, -54.06);
insert into SHOT values (4328, 4346, 4350, 2449, 0.370, 184.29, 0.80, 0.371, 184.64, 0.00, 0.006, 245.52, -63.43);
insert into SHOT values (4329, 4346, 4351, 2449, 0.770, 221.19, -82.40, 0.766, 225.00, -82.58, 0.008, 336.12, 24.02);
insert into SHOT values (4330, 4346, 4352, 2449, 5.170, 112.49, -85.60, 5.175, 112.07, -85.58, 0.007, 64.26, -53.29);
insert into SHOT values (4331, 4346, 4353, 2449, 0.870, 99.79, 85.90, 0.872, 99.46, 86.00, 0.003, 293.80, 57.50);
insert into SHOT values (4332, 4346, 4354, 2449, 0.950, 95.69, 34.40, 0.951, 95.13, 34.59, 0.008, 359.99, 23.19);
insert into SHOT values (4333, 4346, 4355, 2449, 3.140, 250.59, 23.60, 3.130, 250.43, 23.74, 0.015, 104.55, 11.54);
insert into SHOT values (4334, 4355, 4356, 2449, 1.920, 348.19, 7.00, 1.914, 348.16, 6.90, 0.007, 178.20, -36.85);
insert into SHOT values (4335, 4355, 4357, 2449, 1.500, 43.69, -2.10, 1.501, 43.92, -2.29, 0.008, 130.61, -39.48);
insert into SHOT values (4336, 4355, 4358, 2449, 2.010, 329.19, 23.50, 2.005, 329.25, 23.52, 0.005, 126.02, -15.84);
insert into SHOT values (4337, 4355, 4359, 2449, 4.330, 50.39, 82.10, 4.331, 50.44, 82.08, 0.002, 70.84, 33.96);
insert into SHOT values (4338, 4355, 4360, 2449, 1.570, 6.99, -80.10, 1.574, 8.43, -80.01, 0.008, 73.86, -24.35);
insert into SHOT values (4339, 4355, 4361, 2449, 0.460, 130.79, 5.70, 0.463, 130.60, 4.96, 0.007, 106.23, -57.86);
insert into SHOT values (4340, 4355, 4362, 2449, 1.720, 89.49, -1.20, 1.720, 89.67, -1.33, 0.007, 175.30, -36.13);
insert into SHOT values (4341, 4355, 4363, 2449, 4.510, 228.39, 31.40, 4.507, 228.27, 31.43, 0.009, 113.53, 1.61);
insert into SHOT values (4342, 4355, 4364, 2449, 7.040, 239.69, 35.80, 7.034, 239.66, 35.86, 0.010, 77.61, 11.42);
insert into SHOT values (4343, 4355, 4365, 2449, 1.980, 251.69, 40.10, 1.972, 251.44, 40.10, 0.010, 117.57, -31.27);
insert into SHOT values (4344, 4355, 4366, 2449, 2.120, 268.79, 45.20, 2.114, 268.85, 45.19, 0.006, 64.64, -48.01);
insert into SHOT values (4345, 4355, 4367, 2449, 12.130, 278.89, 41.90, 12.110, 278.56, 42.42, 0.124, 128.87, 33.91);
insert into SHOT values (4346, 4367, 4368, 2449, 8.690, 86.59, -39.80, 8.691, 86.56, -39.86, 0.009, 297.88, -55.44);
insert into SHOT values (4347, 4367, 4369, 2449, 9.310, 100.69, -40.50, 9.315, 100.66, -40.51, 0.006, 51.61, -40.11);
insert into SHOT values (4348, 4367, 4370, 2449, 10.600, 114.99, -39.30, 10.606, 114.94, -39.32, 0.009, 46.13, -41.82);
insert into SHOT values (4349, 4367, 4371, 2449, 7.750, 135.79, -37.20, 7.753, 135.72, -37.22, 0.008, 49.29, -32.27);
insert into SHOT values (4350, 4367, 4372, 2449, 3.920, 171.29, -27.00, 3.918, 171.27, -27.02, 0.003, 18.88, -7.93);
insert into SHOT values (4351, 4367, 4373, 2449, 1.570, 193.99, -13.00, 1.567, 194.04, -13.28, 0.008, 356.31, -57.07);
insert into SHOT values (4352, 4367, 4374, 2449, 2.940, 188.89, 61.00, 2.940, 188.87, 60.96, 0.002, 174.62, -37.91);
insert into SHOT values (4353, 4367, 4375, 2449, 2.170, 63.29, -68.70, 2.177, 62.78, -68.81, 0.011, 323.91, -49.66);
insert into SHOT values (4354, 4367, 4376, 2449, 3.070, 106.99, -61.80, 3.075, 106.81, -61.82, 0.006, 33.84, -43.80);
insert into SHOT values (4355, 4367, 4377, 2449, 5.610, 103.09, -48.40, 5.614, 103.03, -48.42, 0.006, 32.46, -51.19);
insert into SHOT values (4356, 4367, 4378, 2449, 6.610, 121.69, -45.80, 6.610, 121.69, -45.82, 0.002, 291.69, -39.85);
insert into SHOT values (4357, 4367, 4379, 2449, 3.170, 152.49, -51.30, 3.177, 152.40, -51.31, 0.008, 116.24, -51.09);
insert into SHOT values (4358, 4367, 4380, 2449, 2.060, 239.39, -34.00, 2.065, 239.38, -34.18, 0.008, 218.14, -87.41);
insert into SHOT values (4359, 4367, 4381, 2449, 1.730, 294.09, -41.50, 1.731, 294.19, -41.64, 0.005, 67.04, -49.50);
insert into SHOT values (4360, 4367, 4382, 2449, 3.930, 291.39, 18.20, 3.900, 291.23, 18.38, 0.034, 129.06, 4.26);
insert into SHOT values (4361, 4382, 4383, 2449, 0.710, 58.39, 11.70, 0.719, 58.34, 11.23, 0.010, 54.99, -22.35);
insert into SHOT values (4362, 4382, 4384, 2449, 0.280, 196.59, -0.60, 0.282, 196.50, -2.03, 0.007, 182.68, -76.73);
insert into SHOT values (4363, 4382, 4385, 2449, 0.570, 152.49, -81.70, 0.576, 150.26, -81.95, 0.007, 33.74, -59.06);
insert into SHOT values (4364, 4382, 4386, 2449, 2.230, 12.89, 85.60, 2.227, 13.24, 85.50, 0.005, 29.80, -42.69);
insert into SHOT values (4365, 4382, 4387, 2449, 5.950, 324.29, 8.00, 5.954, 324.32, 7.92, 0.010, 354.88, -53.40);
insert into SHOT values (4366, 4382, 4388, 2449, 5.950, 319.59, 8.10, 5.913, 319.64, 8.17, 0.038, 130.82, 2.45);
insert into SHOT values (4367, 4388, 4389, 2449, 3.700, 187.49, 3.50, 3.698, 187.47, 3.57, 0.005, 35.09, 64.30);
insert into SHOT values (4368, 4388, 4390, 2449, 4.650, 216.49, 12.20, 4.647, 216.49, 12.30, 0.009, 31.41, 56.25);
insert into SHOT values (4369, 4388, 4391, 2449, 2.550, 266.39, -1.60, 2.546, 266.40, -1.58, 0.004, 80.16, 16.72);
insert into SHOT values (4370, 4388, 4392, 2449, 1.760, 89.59, -14.00, 1.761, 89.66, -13.80, 0.007, 135.25, 60.28);
insert into SHOT values (4371, 4388, 4393, 2449, 2.750, 113.79, -12.10, 2.750, 113.90, -11.96, 0.009, 185.25, 49.36);
insert into SHOT values (4372, 4388, 4394, 2449, 3.600, 141.19, -5.10, 3.598, 141.12, -5.10, 0.005, 31.95, 0.24);
insert into SHOT values (4373, 4388, 4395, 2449, 4.310, 177.19, 42.80, 4.312, 177.10, 42.80, 0.005, 106.89, 17.99);
insert into SHOT values (4374, 4388, 4396, 2449, 5.680, 202.29, 44.90, 5.677, 202.23, 44.94, 0.006, 63.81, 5.77);
insert into SHOT values (4375, 4388, 4397, 2449, 6.080, 224.49, 51.70, 6.087, 224.46, 51.74, 0.009, 161.71, 78.62);
insert into SHOT values (4376, 4388, 4398, 2449, 5.320, 198.99, 68.00, 5.328, 198.71, 68.00, 0.012, 123.38, 36.40);
insert into SHOT values (4377, 4388, 4399, 2449, 8.780, 240.59, 72.80, 8.783, 240.47, 72.80, 0.006, 161.58, 27.22);
insert into SHOT values (4378, 4388, 4400, 2449, 10.540, 269.99, 66.50, 10.543, 270.00, 66.52, 0.005, 69.72, 54.37);
insert into SHOT values (4379, 4388, 4401, 2449, 10.800, 273.49, 60.50, 10.791, 273.18, 61.02, 0.103, 110.69, 23.04);
insert into SHOT values (4380, 4401, 4402, 2449, 0.390, 17.79, -4.70, 0.390, 17.97, -4.41, 0.002, 95.00, 56.88);
insert into SHOT values (4381, 4401, 4403, 2449, 0.290, 6.49, 80.20, 0.294, 0.00, 80.22, 0.007, 279.72, 36.80);
insert into SHOT values (4382, 4401, 4404, 2449, 2.070, 343.89, -67.00, 2.067, 343.57, -66.83, 0.008, 298.27, 41.02);
insert into SHOT values (4383, 4401, 4405, 2449, 14.060, 309.39, 35.30, 14.068, 309.42, 35.30, 0.010, 352.42, 31.15);
insert into SHOT values (4384, 4401, 4406, 2449, 17.810, 309.49, 35.20, 17.814, 309.51, 35.21, 0.007, 19.42, 31.71);
insert into SHOT values (4385, 4401, 4407, 2449, 14.050, 309.49, 35.20, 14.034, 309.44, 35.80, 0.149, 134.92, 48.04);
insert into SHOT values (4386, 4407, 4408, 2449, 2.980, 179.79, -20.90, 3.003, 179.39, -20.67, 0.033, 143.09, 5.39);
insert into SURVEY values (2451, 2445, 'p110kriska', 'p110kriska.SE-tot.Ded', 'p110kriska');
 insert into CENTRELINE values (2452, 2451, NULL, NULL, NULL, 0.00, 0.00, 0.00);
 insert into CENTRELINE values (2453, 2451, NULL, '2022-11-13', NULL, 100.93, 0.00, 0.00);
 insert into PERSON values (46, 'Noemie', 'Briot (GUCEM)');
insert into TOPO values (46, 2453);
 insert into TOPO values (2, 2453);
 insert into SHOT values (4387, 4409, 4410, 2453, 11.340, 35.72, 82.40, 11.350, 35.80, 82.38, 0.011, 61.18, 62.75);
insert into SHOT values (4388, 4409, 4411, 2453, 0.550, 62.22, 3.90, 0.552, 62.97, 4.16, 0.008, 141.81, 19.57);
insert into SHOT values (4389, 4409, 4412, 2453, 0.970, 355.42, -4.80, 0.966, 355.83, -4.75, 0.008, 116.19, 8.34);
insert into SHOT values (4390, 4409, 4413, 2453, 4.320, 32.02, -66.00, 4.316, 32.25, -65.91, 0.011, 88.24, 38.13);
insert into SHOT values (4391, 4409, 4414, 2453, 0.320, 229.82, -12.70, 0.313, 228.99, -12.93, 0.009, 80.66, 2.33);
insert into SHOT values (4392, 4409, 4415, 2453, 3.510, 60.22, -71.50, 3.502, 60.45, -71.43, 0.010, 133.25, 62.12);
insert into SHOT values (4393, 4415, 4416, 2453, 1.080, 22.22, -10.70, 1.077, 22.20, -10.70, 0.003, 209.46, 10.69);
insert into SHOT values (4394, 4415, 4417, 2453, 0.250, 229.12, -13.70, 0.248, 228.37, -13.99, 0.004, 105.95, -11.77);
insert into SHOT values (4395, 4415, 4418, 2453, 0.980, 12.22, -58.90, 0.984, 12.41, -58.64, 0.006, 28.27, -8.16);
insert into SHOT values (4396, 4415, 4419, 2453, 3.850, 217.92, 76.20, 3.850, 217.87, 76.29, 0.006, 44.83, 10.26);
insert into SHOT values (4397, 4415, 4420, 2453, 3.270, 81.82, -39.80, 3.277, 81.77, -39.85, 0.008, 50.98, -58.48);
insert into SHOT values (4398, 4415, 4421, 2453, 2.150, 72.12, -50.20, 2.156, 72.22, -50.35, 0.009, 175.00, -73.05);
insert into SHOT values (4399, 4415, 4422, 2453, 1.230, 54.32, -54.70, 1.238, 54.09, -54.66, 0.009, 25.78, -45.39);
insert into SHOT values (4400, 4415, 4423, 2453, 3.770, 307.02, 37.00, 3.767, 307.02, 37.06, 0.005, 126.95, 13.43);
insert into SHOT values (4401, 4415, 4424, 2453, 3.950, 306.72, 37.10, 3.921, 306.65, 37.37, 0.035, 133.30, -4.41);
insert into SHOT values (4402, 4424, 4425, 2453, 1.020, 26.72, -69.90, 1.024, 26.57, -69.56, 0.008, 19.00, -16.22);
insert into SHOT values (4403, 4424, 4426, 2453, 0.220, 225.42, -31.50, 0.220, 225.00, -33.13, 0.006, 65.35, -51.79);
insert into SHOT values (4404, 4424, 4427, 2453, 1.170, 310.02, -6.20, 1.171, 310.12, -6.37, 0.004, 20.36, -59.74);
insert into SHOT values (4405, 4424, 4428, 2453, 5.790, 315.62, -12.40, 5.748, 315.72, -12.36, 0.043, 121.97, 17.90);
insert into SHOT values (4406, 4428, 4429, 2453, 3.240, 144.32, 2.50, 3.236, 144.44, 2.48, 0.008, 265.49, -9.56);
insert into SHOT values (4407, 4428, 4430, 2453, 1.350, 214.42, 6.50, 1.354, 214.40, 6.36, 0.005, 206.46, -35.45);
insert into SHOT values (4408, 4428, 4431, 2453, 2.700, 158.72, -1.00, 2.701, 158.95, -1.06, 0.011, 245.32, -15.16);
insert into SHOT values (4409, 4428, 4432, 2453, 2.190, 99.72, -0.50, 2.182, 99.76, -0.53, 0.009, 268.76, -5.99);
insert into SHOT values (4410, 4428, 4433, 2453, 1.210, 72.82, -2.30, 1.206, 72.62, -2.38, 0.006, 299.91, -13.77);
insert into SHOT values (4411, 4428, 4434, 2453, 23.510, 288.92, 87.00, 23.522, 288.43, 88.15, 0.473, 109.71, 3.91);
insert into SHOT values (4412, 4434, 4435, 2453, 0.770, 281.72, -3.10, 0.766, 281.31, -3.74, 0.011, 155.44, -50.76);
insert into SHOT values (4413, 4434, 4436, 2453, 3.270, 350.02, 1.00, 3.269, 350.13, 0.88, 0.010, 90.45, -47.44);
insert into SHOT values (4414, 4434, 4437, 2453, 3.150, 17.72, -3.50, 3.147, 17.80, -3.64, 0.010, 149.30, -53.40);
insert into SHOT values (4415, 4434, 4438, 2453, 1.020, 30.42, -3.10, 1.024, 30.58, -3.36, 0.007, 67.97, -46.48);
insert into SHOT values (4416, 4434, 4439, 2453, 0.180, 129.72, -84.70, 0.181, 135.00, -85.51, 0.003, 282.64, -15.07);
insert into SHOT values (4417, 4434, 4440, 2453, 0.160, 109.72, -85.40, 0.161, 135.00, -84.95, 0.006, 200.14, -4.88);
insert into SHOT values (4418, 4434, 4441, 2453, 0.390, 141.32, -85.50, 0.392, 146.31, -84.72, 0.006, 171.83, -11.02);
insert into SHOT values (4419, 4434, 4442, 2453, 0.180, 140.82, -84.20, 0.181, 153.43, -82.92, 0.006, 194.19, -8.61);
insert into SHOT values (4420, 4434, 4443, 2453, 0.140, 134.12, -83.20, 0.141, 135.00, -84.23, 0.003, 309.04, -21.93);
insert into SHOT values (4421, 4434, 4444, 2453, 0.610, 125.72, -82.60, 0.616, 125.54, -81.97, 0.009, 123.59, -34.25);
insert into SHOT values (4422, 4434, 4445, 2453, 0.130, 145.02, -82.30, 0.132, 153.43, -80.24, 0.006, 179.85, -11.57);
insert into SHOT values (4423, 4434, 4446, 2453, 1.990, 266.22, 62.10, 1.987, 265.65, 62.33, 0.013, 133.36, 5.92);
insert into SHOT values (4424, 4446, 4447, 2453, 1.150, 154.42, -0.20, 1.154, 154.32, -0.50, 0.007, 127.65, -53.50);
insert into SHOT values (4425, 4446, 4448, 2453, 1.180, 100.02, 0.40, 1.189, 100.18, 0.00, 0.012, 120.05, -41.59);
insert into SHOT values (4426, 4446, 4449, 2453, 3.280, 35.32, -4.10, 3.286, 35.44, -4.19, 0.010, 85.57, -32.96);
insert into SHOT values (4427, 4446, 4450, 2453, 4.140, 4.12, -8.80, 4.141, 4.21, -8.89, 0.009, 96.59, -48.19);
insert into SHOT values (4428, 4446, 4451, 2453, 3.170, 84.82, 73.30, 3.190, 85.08, 72.98, 0.027, 95.53, 30.91);
insert into SHOT values (4429, 4451, 4452, 2453, 1.930, 21.02, 4.50, 1.924, 21.08, 4.47, 0.006, 182.06, -13.39);
insert into SHOT values (4430, 4451, 4453, 2453, 2.830, 345.92, -3.30, 2.831, 345.87, -3.44, 0.008, 260.72, -68.36);
insert into SHOT values (4431, 4451, 4454, 2453, 2.580, 323.02, -5.20, 2.581, 322.91, -5.34, 0.008, 240.01, -49.86);
insert into SHOT values (4432, 4451, 4455, 2453, 1.060, 279.92, -12.00, 1.059, 279.46, -12.54, 0.013, 171.28, -47.66);
insert into SHOT values (4433, 4451, 4456, 2453, 1.100, 239.12, -5.80, 1.106, 238.77, -6.23, 0.012, 185.07, -46.48);
insert into SHOT values (4434, 4451, 4457, 2453, 1.250, 197.72, -2.50, 1.251, 197.71, -2.75, 0.005, 162.66, -85.03);
insert into SHOT values (4435, 4451, 4458, 2453, 4.420, 247.22, 63.00, 4.420, 246.76, 63.06, 0.017, 142.27, 6.03);
insert into SHOT values (4436, 4458, 4459, 2453, 0.260, 5.92, -7.20, 0.263, 6.58, -6.54, 0.005, 44.65, 28.24);
insert into SHOT values (4437, 4458, 4460, 2453, 2.850, 34.52, -3.50, 2.845, 34.53, -3.43, 0.006, 209.90, 42.66);
insert into SHOT values (4438, 4458, 4461, 2453, 2.590, 68.02, -4.10, 2.595, 67.99, -3.98, 0.007, 53.89, 43.79);
insert into SHOT values (4439, 4458, 4462, 2453, 2.430, 92.82, -3.40, 2.427, 92.84, -3.31, 0.005, 258.56, 55.41);
insert into SHOT values (4440, 4458, 4463, 2453, 1.800, 186.42, -7.50, 1.796, 186.45, -7.36, 0.006, 353.57, 55.32);
insert into SHOT values (4441, 4458, 4464, 2453, 2.300, 139.82, 3.30, 2.296, 139.78, 3.25, 0.005, 342.21, -27.45);
insert into SHOT values (4442, 4458, 4465, 2453, 1.450, 213.82, 7.40, 1.446, 213.91, 7.55, 0.006, 4.67, 35.23);
insert into SHOT values (4443, 4458, 4466, 2453, 1.450, 213.82, 7.60, 1.459, 213.14, 7.88, 0.021, 147.93, 23.59);
insert into SHOT values (4444, 4466, 4467, 2453, 6.890, 289.02, 77.70, 6.889, 288.82, 78.05, 0.043, 116.06, 11.02);
insert into SHOT values (4445, 4467, 4468, 2453, 0.560, 161.02, -4.70, 0.565, 160.28, -5.07, 0.010, 104.63, -25.10);
insert into SHOT values (4446, 4467, 4469, 2453, 0.490, 37.62, -3.30, 0.493, 37.57, -3.49, 0.003, 28.43, -31.86);
insert into SHOT values (4447, 4467, 4470, 2453, 1.530, 115.12, -6.90, 1.532, 114.88, -6.75, 0.008, 44.44, 29.24);
insert into SHOT values (4448, 4467, 4471, 2453, 5.610, 251.52, 70.00, 5.608, 251.18, 70.29, 0.031, 93.62, 15.57);
insert into SHOT values (4449, 4471, 4472, 2453, 0.860, 100.72, 10.30, 0.860, 100.91, 10.72, 0.007, 207.96, 64.91);
insert into SHOT values (4450, 4471, 4473, 2453, 1.050, 120.72, 16.20, 1.046, 121.16, 16.10, 0.009, 234.33, -19.37);
insert into SHOT values (4451, 4471, 4474, 2453, 1.280, 142.72, 22.30, 1.276, 142.94, 22.59, 0.009, 287.75, 29.31);
insert into SHOT values (4452, 4471, 4475, 2453, 2.820, 154.32, 21.70, 2.816, 154.41, 21.68, 0.006, 284.72, -25.96);
insert into SHOT values (4453, 4471, 4476, 2453, 1.930, 182.02, 27.80, 1.933, 182.01, 27.74, 0.004, 176.34, -1.89);
insert into SHOT values (4454, 4471, 4477, 2453, 1.380, 255.32, 32.20, 1.384, 255.13, 32.33, 0.006, 185.02, 48.27);
insert into SHOT values (4455, 4471, 4478, 2453, 1.350, 314.22, 22.30, 1.352, 314.03, 22.17, 0.006, 257.00, -24.28);
insert into SHOT values (4456, 4471, 4479, 2453, 1.420, 11.52, 7.10, 1.420, 11.47, 7.28, 0.005, 244.07, 70.00);
insert into SHOT values (4457, 4471, 4480, 2453, 1.930, 43.02, 1.80, 1.926, 42.89, 1.79, 0.006, 267.16, -5.77);
insert into SHOT values (4458, 4471, 4481, 2453, 9.130, 174.32, 77.70, 9.144, 174.29, 77.30, 0.065, 173.31, -0.38);
insert into SHOT values (4459, 4481, 4482, 2453, 1.810, 148.22, 3.10, 1.809, 147.89, 3.17, 0.011, 51.93, 11.49);
insert into SHOT values (4460, 4481, 4483, 2453, 1.590, 92.02, 1.30, 1.591, 91.80, 1.44, 0.007, 12.93, 32.14);
insert into SHOT values (4461, 4481, 4484, 2453, 2.550, 1.02, -3.50, 2.555, 1.12, -3.37, 0.009, 41.65, 39.40);
insert into SHOT values (4462, 4481, 4485, 2453, 1.420, 47.12, -6.60, 1.424, 47.29, -6.45, 0.007, 88.33, 26.96);
insert into SHOT values (4463, 4481, 4486, 2453, 1.480, 49.52, 3.50, 1.486, 49.65, 3.86, 0.012, 80.61, 56.39);
insert into SHOT values (4464, 4481, 4487, 2453, 2.380, 171.12, 38.60, 2.414, 170.84, 38.71, 0.036, 149.82, 44.34);
insert into SHOT values (4465, 4487, 4488, 2453, 17.150, 308.42, 79.60, 17.152, 308.50, 80.57, 0.289, 127.65, 10.30);
insert into SHOT values (4466, 4488, 4489, 2453, 0.940, 267.22, -6.10, 0.947, 266.96, -6.06, 0.008, 233.77, -0.80);
insert into SHOT values (4467, 4488, 4490, 2453, 1.670, 226.62, -2.60, 1.671, 226.46, -2.74, 0.007, 148.58, -40.66);
insert into SHOT values (4468, 4488, 4491, 2453, 2.410, 178.12, 11.50, 2.410, 178.06, 11.49, 0.003, 82.37, -10.23);
insert into SHOT values (4469, 4488, 4492, 2453, 5.020, 144.22, -2.20, 5.019, 144.25, -2.17, 0.004, 263.33, 44.43);
insert into SHOT values (4470, 4488, 4493, 2453, 5.360, 134.52, 2.80, 5.366, 134.55, 2.78, 0.007, 153.92, -15.05);
insert into SHOT values (4471, 4488, 4494, 2453, 22.860, 190.42, 87.70, 22.859, 190.58, 87.68, 0.009, 207.61, -10.30);
insert into SHOT values (4472, 4488, 4495, 2453, 3.730, 225.12, 54.60, 3.740, 224.63, 54.65, 0.021, 144.19, 26.75);
insert into SHOT values (4473, 4495, 4496, 2453, 2.910, 74.92, 4.80, 2.909, 75.00, 4.73, 0.006, 179.54, -39.02);
insert into SHOT values (4474, 4495, 4497, 2453, 6.470, 118.62, -6.60, 6.470, 118.64, -6.66, 0.007, 234.97, -71.84);
insert into SHOT values (4475, 4495, 4498, 2453, 6.080, 78.42, 29.80, 6.072, 78.39, 29.83, 0.009, 277.35, -10.39);
insert into SHOT values (4476, 4495, 4499, 2453, 1.690, 81.72, 78.30, 1.685, 81.63, 78.23, 0.005, 52.52, -77.50);
insert into SHOT values (4477, 4495, 4500, 2453, 11.130, 266.42, 81.80, 11.125, 266.40, 81.77, 0.008, 260.55, -47.39);
insert into SHOT values (4478, 4495, 4501, 2453, 14.860, 267.02, 74.10, 14.860, 267.05, 74.08, 0.005, 288.37, -17.42);
insert into SHOT values (4479, 4495, 4502, 2453, 0.990, 270.82, -6.40, 0.996, 270.58, -6.34, 0.008, 236.70, 2.70);
insert into SHOT values (4480, 4495, 4503, 2453, 2.660, 274.22, 19.30, 2.667, 274.33, 19.27, 0.008, 309.32, 5.83);
insert into SHOT values (4481, 4495, 4504, 2453, 1.720, 17.72, 59.80, 1.712, 17.59, 59.83, 0.008, 219.16, -50.86);
insert into SHOT values (4482, 4495, 4505, 2453, 6.040, 265.82, 74.10, 6.043, 265.41, 74.40, 0.034, 107.32, 19.24);
insert into SHOT values (4483, 4505, 4506, 2453, 0.490, 27.62, 1.00, 0.492, 26.57, 0.00, 0.013, 309.60, -42.67);
insert into SHOT values (4484, 4505, 4507, 2453, 1.920, 340.52, -1.90, 1.921, 340.53, -2.09, 0.006, 350.52, -82.04);
insert into SHOT values (4485, 4505, 4508, 2453, 2.810, 313.52, 4.80, 2.810, 313.55, 4.69, 0.005, 13.24, -71.03);
insert into SHOT values (4486, 4505, 4509, 2453, 1.690, 304.72, 2.10, 1.690, 304.63, 2.03, 0.003, 223.63, -35.23);
insert into SHOT values (4487, 4505, 4510, 2453, 2.680, 103.52, -17.70, 2.678, 103.38, -17.83, 0.009, 341.34, -35.16);
insert into SHOT values (4488, 4505, 4511, 2453, 1.790, 82.32, -9.20, 1.790, 82.19, -9.32, 0.006, 343.91, -42.99);
insert into SHOT values (4489, 4505, 4512, 2453, 2.210, 9.82, 71.50, 2.211, 10.01, 71.80, 0.012, 178.05, 20.97);
insert into SURVEY values (2455, 2445, 'jonction_p110', 'jonction_p110.SE-tot.Ded', 'jonction p110');
 insert into CENTRELINE values (2456, 2455, NULL, NULL, NULL, 0.00, 0.00, 0.00);
 insert into CENTRELINE values (2457, 2455, NULL, '2022-11-20', NULL, 16.63, 0.00, 0.00);
 insert into TOPO values (2, 2457);
 insert into SHOT values (4490, 4513, 4514, 2457, 1.240, 302.03, -17.90, 1.204, 302.16, -17.90, 0.036, 117.37, 18.00);
insert into SHOT values (4491, 4514, 4515, 2457, 2.320, 218.03, 1.10, 2.325, 217.66, 1.23, 0.016, 145.21, 19.34);
insert into SHOT values (4492, 4515, 4516, 2457, 4.350, 299.03, -3.20, 4.348, 298.93, -3.16, 0.008, 197.23, 20.24);
insert into SHOT values (4493, 4515, 4517, 2457, 3.860, 319.63, -2.80, 3.856, 319.53, -2.82, 0.008, 199.63, -10.76);
insert into SHOT values (4494, 4515, 4518, 2457, 3.010, 337.83, -1.00, 3.005, 337.70, -0.95, 0.008, 210.58, 17.41);
insert into SHOT values (4495, 4515, 4519, 2457, 2.490, 3.33, -5.60, 2.486, 3.24, -5.54, 0.006, 223.53, 28.73);
insert into SHOT values (4496, 4515, 4520, 2457, 5.900, 331.43, 72.60, 5.900, 331.55, 72.61, 0.004, 81.73, -0.26);
insert into SHOT values (4497, 4515, 4521, 2457, 1.320, 319.53, -57.80, 1.322, 319.04, -57.93, 0.007, 213.98, -26.33);
insert into SHOT values (4498, 4515, 4522, 2457, 2.650, 307.33, -29.90, 2.650, 307.22, -29.87, 0.004, 227.45, 12.89);
insert into SHOT values (4499, 4515, 4523, 2457, 3.260, 330.63, 1.30, 3.220, 330.81, 1.42, 0.042, 136.42, 8.26);
insert into SHOT values (4500, 4523, 4524, 2457, 6.890, 231.73, 73.50, 6.901, 231.25, 73.59, 0.023, 115.82, 37.28);
insert into SHOT values (4501, 4524, 4525, 2457, 0.550, 258.73, 12.30, 0.533, 257.83, 11.91, 0.019, 106.19, -22.04);
insert into SHOT values (4502, 4525, 4526, 2457, 0.220, 21.83, 15.70, 0.224, 21.80, 15.56, 0.004, 20.40, 7.37);
insert into SHOT values (4503, 4525, 4527, 2457, 0.390, 256.63, 85.90, 0.391, 251.57, 85.36, 0.005, 218.98, 12.33);
insert into SHOT values (4504, 4525, 4528, 2457, 0.430, 102.83, 22.40, 0.435, 102.99, 23.01, 0.007, 126.52, 64.40);
insert into SHOT values (4505, 4525, 4529, 2457, 0.830, 87.23, -48.10, 0.822, 86.88, -47.92, 0.009, 310.94, 58.14);
insert into SHOT values (4506, 4525, 4530, 2457, 0.870, 311.23, -40.40, 0.870, 311.35, -40.06, 0.005, 333.39, 45.69);
insert into SHOT values (4507, 4525, 4531, 2457, 0.370, 333.43, 0.40, 0.371, 332.74, 1.54, 0.009, 258.61, 58.36);
insert into SHOT values (4508, 4525, 4532, 2457, 1.340, 299.93, -15.40, 1.337, 299.74, -15.18, 0.007, 184.49, 52.41);
insert into SHOT values (4509, 4525, 4533, 2457, 1.280, 300.73, 17.50, 1.243, 300.47, 17.80, 0.038, 128.89, -7.40);
insert into SHOT values (4510, 4533, 4534, 2457, 1.090, 223.63, 39.10, 1.100, 223.09, 39.51, 0.015, 154.82, 55.93);
insert into SCRAPS values (2459, 2445, 'SC-SE-1', 2, 49.02322, 1.43995);
 insert into SCRAPS values (2488, 2445, 'SC-SE-2', 2, 20.54115, 0.57281);
 insert into SCRAPS values (2512, 2445, 'SC-SE-3', 2, 94.01705, 7.27999);
 insert into SCRAPS values (2528, 2445, 'SP-SE-1', 1, 5.95598, 0.54736);
 insert into SCRAPS values (2541, 2445, 'SP-SE-3', 1, 59.17029, 2.98013);
 insert into SCRAPS values (2573, 2445, 'SP-SE-4', 1, 86.02674, 9.18538);
 insert into SCRAPS values (2588, 2445, 'SP-SE-2', 1, 92.61172, 1.46530);
 insert into MAPS values (2608, 2445, 'MP-SE-plan-tot', 'SE', 1, 195.740, -141.620);
 insert into MAPITEMS values (2608, 4, 2588);
 insert into MAPITEMS values (2608, 4, 2528);
 insert into MAPITEMS values (2608, 4, 2541);
 insert into MAPITEMS values (2608, 4, 2573);
 insert into MAPS values (2609, 2445, 'MC-SE-elevation-tot', 'SE', 2, 195.740, -141.620);
 insert into MAPITEMS values (2609, 4, 2459);
 insert into MAPITEMS values (2609, 4, 2488);
 insert into MAPITEMS values (2609, 4, 2512);
 insert into SURVEY values (2611, 57, 'Vire', 'Vire.Ded', 'Vire');
 insert into CENTRELINE values (2612, 2611, NULL, NULL, NULL, 0.00, 0.00, 0.00);
 insert into SURVEY values (2613, 2611, 'Vire', 'Vire.Vire.Ded', 'Vire');
 insert into CENTRELINE values (2614, 2613, NULL, NULL, NULL, 0.00, 0.00, 0.00);
 insert into CENTRELINE values (2615, 2613, NULL, '2022-08-23', NULL, 69.76, 0.00, 0.00);
 insert into TOPO values (45, 2615);
 insert into TOPO values (2, 2615);
 insert into SHOT values (4511, 4535, 4536, 2615, 0.980, 296.29, 0.10, 0.984, 296.57, 0.00, 0.006, 347.45, -15.53);
insert into SHOT values (4512, 4535, 4537, 2615, 0.950, 0.49, -4.00, 0.953, 0.60, -4.21, 0.005, 39.92, -50.63);
insert into SHOT values (4513, 4535, 4538, 2615, 0.740, 41.59, -4.40, 0.739, 41.70, -4.66, 0.004, 171.47, -59.76);
insert into SHOT values (4514, 4535, 4539, 2615, 1.190, 35.59, -71.80, 1.190, 36.25, -71.78, 0.004, 121.40, 6.13);
insert into SHOT values (4515, 4535, 4540, 2615, 3.740, 299.49, 73.70, 3.718, 299.74, 74.92, 0.082, 116.44, 0.23);
insert into SHOT values (4516, 4540, 4541, 2615, 0.720, 126.09, -2.50, 0.723, 126.55, -2.38, 0.007, 191.65, 12.28);
insert into SHOT values (4517, 4540, 4542, 2615, 0.810, 169.09, 3.50, 0.815, 169.38, 3.52, 0.007, 206.64, 4.59);
insert into SHOT values (4518, 4540, 4543, 2615, 1.390, 136.19, 82.10, 1.393, 137.12, 82.12, 0.004, 226.62, 45.67);
insert into SHOT values (4519, 4540, 4544, 2615, 2.000, 190.09, 59.70, 2.045, 188.29, 59.40, 0.056, 143.83, 36.27);
insert into SHOT values (4520, 4544, 4545, 2615, 1.520, 53.09, -85.70, 1.524, 52.13, -85.71, 0.005, 324.10, -65.92);
insert into SHOT values (4521, 4544, 4546, 2615, 1.550, 337.19, 85.40, 1.544, 340.02, 85.65, 0.011, 119.20, -28.06);
insert into SHOT values (4522, 4544, 4547, 2615, 0.760, 15.69, 39.50, 0.755, 15.95, 39.49, 0.006, 162.48, -35.36);
insert into SHOT values (4523, 4544, 4548, 2615, 0.170, 247.99, 7.30, 0.163, 248.20, 7.06, 0.007, 63.13, -12.72);
insert into SHOT values (4524, 4544, 4549, 2615, 1.930, 316.69, 0.60, 1.924, 316.68, 0.60, 0.006, 137.07, -2.10);
insert into SHOT values (4525, 4544, 4550, 2615, 1.200, 339.89, 4.10, 1.196, 339.89, 4.32, 0.006, 157.65, 44.71);
insert into SHOT values (4526, 4544, 4551, 2615, 0.850, 303.09, -9.30, 0.849, 303.31, -9.49, 0.004, 53.42, -36.95);
insert into SHOT values (4527, 4544, 4552, 2615, 1.260, 303.39, -32.40, 1.261, 303.09, -32.62, 0.007, 197.44, -40.58);
insert into SHOT values (4528, 4544, 4553, 2615, 3.920, 309.59, 63.70, 3.874, 309.81, 64.95, 0.097, 125.86, -2.50);
insert into SHOT values (4529, 4553, 4554, 2615, 0.720, 123.59, -2.10, 0.716, 123.02, -2.40, 0.009, 4.28, -24.20);
insert into SHOT values (4530, 4553, 4555, 2615, 5.350, 104.59, -71.50, 5.345, 104.36, -71.54, 0.009, 339.07, 23.74);
insert into SHOT values (4531, 4553, 4556, 2615, 3.750, 34.89, -88.20, 3.752, 34.99, -88.14, 0.005, 37.92, -23.38);
insert into SHOT values (4532, 4553, 4557, 2615, 3.510, 67.59, -78.30, 3.514, 67.01, -78.23, 0.009, 13.04, -18.35);
insert into SHOT values (4533, 4553, 4558, 2615, 2.300, 153.49, -76.90, 2.298, 153.43, -77.07, 0.007, 337.22, 1.18);
insert into SHOT values (4534, 4553, 4559, 2615, 2.200, 286.39, -62.70, 2.197, 286.65, -62.56, 0.008, 339.93, 41.04);
insert into SHOT values (4535, 4553, 4560, 2615, 0.600, 212.29, -11.60, 0.597, 213.15, -11.59, 0.009, 318.61, 4.04);
insert into SHOT values (4536, 4553, 4561, 2615, 1.450, 299.19, -0.30, 1.455, 299.21, -0.39, 0.006, 305.48, -25.53);
insert into SHOT values (4537, 4553, 4562, 2615, 1.020, 145.89, 88.60, 1.020, 153.43, 88.74, 0.004, 279.04, 4.32);
insert into SHOT values (4538, 4553, 4563, 2615, 2.020, 171.49, 50.60, 2.095, 170.12, 50.23, 0.082, 142.30, 36.76);
insert into SHOT values (4539, 4563, 4564, 2615, 0.880, 53.19, -13.30, 0.881, 52.59, -13.78, 0.012, 320.56, -40.52);
insert into SHOT values (4540, 4563, 4565, 2615, 0.690, 2.79, -14.10, 0.692, 2.56, -14.22, 0.004, 302.02, -32.61);
insert into SHOT values (4541, 4563, 4566, 2615, 1.380, 111.19, 11.00, 1.377, 111.25, 10.89, 0.005, 261.90, -46.74);
insert into SHOT values (4542, 4563, 4567, 2615, 0.470, 165.09, -75.20, 0.474, 164.74, -76.08, 0.008, 351.49, -42.60);
insert into SHOT values (4543, 4563, 4568, 2615, 1.110, 74.59, 60.80, 1.102, 73.91, 60.59, 0.011, 341.37, -54.41);
insert into SHOT values (4544, 4563, 4569, 2615, 1.500, 154.49, 32.30, 1.602, 153.43, 31.63, 0.106, 139.86, 21.22);
insert into SHOT values (4545, 4569, 4570, 2615, 0.650, 264.79, -3.10, 0.653, 264.73, -2.63, 0.006, 254.41, 53.76);
insert into SHOT values (4546, 4569, 4571, 2615, 0.510, 182.09, -73.80, 0.510, 184.09, -74.02, 0.005, 294.44, -2.71);
insert into SHOT values (4547, 4569, 4572, 2615, 0.740, 81.69, -39.70, 0.735, 81.87, -39.72, 0.005, 235.36, 33.26);
insert into SHOT values (4548, 4569, 4573, 2615, 1.960, 350.69, -5.10, 1.964, 350.59, -4.97, 0.007, 310.93, 38.41);
insert into SHOT values (4549, 4569, 4574, 2615, 0.890, 322.19, -5.10, 0.894, 321.84, -5.14, 0.007, 267.19, -7.74);
insert into SHOT values (4550, 4569, 4575, 2615, 1.580, 296.79, -15.40, 1.582, 296.90, -15.40, 0.004, 357.08, -6.80);
insert into SHOT values (4551, 4569, 4576, 2615, 1.070, 318.59, -11.00, 1.074, 318.46, -10.73, 0.007, 293.85, 36.22);
insert into SHOT values (4552, 4569, 4577, 2615, 0.530, 274.79, -16.40, 0.533, 274.48, -16.34, 0.004, 234.05, -4.98);
insert into SHOT values (4553, 4569, 4578, 2615, 0.470, 241.59, 71.80, 0.474, 241.70, 71.83, 0.004, 260.55, 75.64);
insert into SHOT values (4554, 4569, 4579, 2615, 0.750, 263.19, 4.90, 0.759, 263.16, 5.29, 0.010, 260.53, 36.14);
insert into SHOT values (4555, 4569, 4580, 2615, 0.580, 249.99, 69.50, 0.570, 240.64, 71.22, 0.037, 123.58, -5.05);
insert into SHOT values (4556, 4580, 4581, 2615, 3.710, 144.49, 38.70, 3.824, 144.08, 38.30, 0.118, 133.17, 25.19);
insert into SHOT values (4557, 4581, 4582, 2615, 7.470, 253.69, 21.30, 7.459, 253.70, 21.30, 0.011, 62.17, -17.97);
insert into SHOT values (4558, 4581, 4583, 2615, 4.080, 349.09, 9.50, 4.078, 349.11, 9.46, 0.004, 123.42, -56.06);
insert into SHOT values (4559, 4581, 4584, 2615, 1.570, 48.99, 3.40, 1.576, 49.12, 3.27, 0.008, 78.55, -22.27);
insert into SHOT values (4560, 4581, 4585, 2615, 14.100, 249.19, 80.90, 14.097, 249.20, 80.92, 0.006, 61.74, -26.43);
insert into SHOT values (4561, 4581, 4586, 2615, 6.580, 281.19, 57.60, 6.571, 281.31, 57.63, 0.012, 55.44, -28.08);
insert into SHOT values (4562, 4581, 4587, 2615, 8.540, 281.99, 34.30, 8.539, 282.03, 34.29, 0.006, 12.35, -26.53);
insert into SHOT values (4563, 4581, 4588, 2615, 8.970, 247.49, 31.10, 8.964, 247.48, 31.10, 0.006, 78.97, -31.32);
insert into SHOT values (4564, 4581, 4589, 2615, 3.060, 352.99, 28.30, 3.064, 353.19, 28.25, 0.011, 56.77, -3.77);
insert into SHOT values (4565, 4581, 4590, 2615, 1.840, 292.59, -36.60, 1.840, 292.74, -36.72, 0.006, 55.62, -32.00);
insert into SHOT values (4566, 4581, 4591, 2615, 15.400, 248.39, 74.40, 15.397, 248.46, 74.41, 0.006, 1.74, -26.20);
insert into SHOT values (4567, 4581, 4592, 2615, 9.320, 250.49, 30.80, 9.313, 250.50, 30.81, 0.007, 53.69, -17.68);
insert into SHOT values (4568, 4581, 4593, 2615, 8.500, 282.69, 27.70, 8.499, 282.74, 27.69, 0.008, 16.30, -8.67);
insert into SHOT values (4569, 4581, 4594, 2615, 5.350, 323.39, 25.60, 5.350, 323.51, 25.58, 0.011, 46.35, -8.94);
insert into SHOT values (4570, 4581, 4595, 2615, 13.260, 311.99, 37.40, 13.259, 312.00, 37.38, 0.005, 359.75, -48.57);
insert into SHOT values (4571, 4595, 4596, 2615, 1.800, 186.29, -3.40, 1.803, 186.06, -3.50, 0.008, 120.53, -22.57);
insert into SHOT values (4572, 4595, 4597, 2615, 1.660, 184.49, 41.00, 1.661, 184.12, 41.02, 0.008, 97.28, 6.67);
insert into SHOT values (4573, 4595, 4598, 2615, 0.590, 138.19, 64.80, 0.588, 138.18, 64.31, 0.005, 137.78, -45.81);
insert into SHOT values (4574, 4595, 4599, 2615, 2.470, 52.49, -50.70, 2.472, 52.77, -50.58, 0.010, 106.48, 8.33);
insert into SHOT values (4575, 4595, 4600, 2615, 6.700, 78.39, -42.70, 6.702, 78.42, -42.64, 0.008, 100.58, 27.64);
insert into SHOT values (4576, 4595, 4601, 2615, 3.100, 276.19, 47.70, 3.095, 276.07, 47.73, 0.007, 138.93, -24.12);
insert into SHOT values (4577, 4595, 4602, 2615, 4.600, 270.59, 49.00, 4.594, 270.57, 49.06, 0.008, 96.33, -12.10);
insert into SHOT values (4578, 4581, 4603, 2615, 3.650, 240.99, 16.50, 3.586, 239.92, 16.86, 0.093, 104.00, 2.05);
insert into SHOT values (4579, 4603, 4604, 2615, 1.730, 159.49, -1.30, 1.732, 159.37, -1.32, 0.004, 91.82, -10.90);
insert into SHOT values (4580, 4603, 4605, 2615, 3.110, 213.69, 4.40, 3.109, 213.69, 4.24, 0.009, 318.32, -88.42);
insert into SHOT values (4581, 4603, 4606, 2615, 2.650, 256.49, 10.50, 2.646, 256.44, 10.45, 0.005, 107.56, -38.69);
insert into SHOT values (4582, 4603, 4607, 2615, 4.600, 293.09, 18.30, 4.595, 293.22, 18.26, 0.012, 45.36, -22.20);
insert into SHOT values (4583, 4603, 4608, 2615, 5.450, 330.29, 20.40, 5.452, 330.32, 20.40, 0.004, 29.70, 4.01);
insert into SHOT values (4584, 4603, 4609, 2615, 1.520, 100.29, 0.20, 1.524, 100.20, 0.00, 0.007, 72.40, -48.74);
insert into SHOT values (4585, 4603, 4610, 2615, 4.640, 55.49, -1.00, 4.647, 55.52, -1.11, 0.012, 79.66, -50.61);
insert into SHOT values (4586, 4603, 4611, 2615, 4.820, 32.89, 0.90, 4.824, 32.90, 0.83, 0.007, 48.18, -52.85);
insert into SHOT values (4587, 4603, 4612, 2615, 15.950, 356.39, 86.10, 15.947, 356.33, 86.07, 0.008, 347.55, -22.25);
insert into SHOT values (4588, 4603, 4613, 2615, 10.000, 59.49, 74.40, 10.000, 59.44, 74.37, 0.006, 35.47, -16.21);
insert into SHOT values (4589, 4603, 4614, 2615, 5.720, 60.59, 59.60, 5.716, 60.60, 59.60, 0.004, 221.82, -59.81);
insert into SHOT values (4590, 4603, 4615, 2615, 8.350, 282.09, 56.60, 8.348, 282.19, 56.61, 0.009, 31.37, -6.28);
insert into SHOT values (4591, 4603, 4616, 2615, 6.450, 332.39, 51.50, 6.445, 332.41, 51.45, 0.008, 27.33, -72.74);
insert into SHOT values (4592, 4603, 4617, 2615, 5.280, 9.29, 54.20, 5.279, 9.31, 54.17, 0.003, 40.64, -44.03);
insert into SHOT values (4593, 4603, 4618, 2615, 11.060, 261.09, 81.60, 11.064, 260.10, 83.36, 0.341, 84.84, 8.20);
insert into SHOT values (4594, 4618, 4619, 2615, 2.180, 207.09, -0.80, 2.183, 207.27, -0.79, 0.008, 275.49, 3.33);
insert into SHOT values (4595, 4618, 4620, 2615, 1.360, 143.29, 1.40, 1.358, 143.38, 1.27, 0.004, 267.71, -49.06);
insert into SHOT values (4596, 4618, 4621, 2615, 0.680, 72.89, -3.30, 0.672, 72.65, -3.41, 0.009, 271.45, -5.55);
insert into SHOT values (4597, 4618, 4622, 2615, 1.080, 38.29, 2.40, 1.069, 38.16, 2.68, 0.012, 230.82, 23.37);
insert into SHOT values (4598, 4618, 4623, 2615, 5.820, 166.29, 82.50, 5.853, 165.15, 81.56, 0.102, 156.55, 11.16);
insert into SHOT values (4599, 4623, 4624, 2615, 1.150, 297.79, 6.20, 1.148, 297.69, 6.50, 0.007, 153.88, 60.41);
insert into SHOT values (4600, 4623, 4625, 2615, 0.780, 239.39, -3.70, 0.782, 239.16, -3.67, 0.004, 181.88, 5.30);
insert into SHOT values (4601, 4623, 4626, 2615, 0.480, 172.89, -6.20, 0.476, 172.72, -6.02, 0.004, 14.36, 26.86);
insert into SHOT values (4602, 4623, 4627, 2615, 0.370, 24.89, -19.60, 0.373, 25.11, -18.75, 0.007, 41.13, 39.19);
insert into SHOT values (4603, 4623, 4628, 2615, 0.560, 309.39, 5.70, 0.558, 309.14, 6.18, 0.006, 169.28, 50.21);
insert into SHOT values (4604, 4623, 4629, 2615, 0.360, 107.19, -8.10, 0.370, 107.45, -7.76, 0.011, 116.27, 3.91);
insert into SHOT values (4605, 4623, 4630, 2615, 2.390, 201.49, 50.60, 2.390, 201.31, 50.71, 0.007, 74.28, 28.41);
insert into SHOT values (4606, 4623, 4631, 2615, 3.460, 201.49, 50.70, 3.462, 201.41, 50.73, 0.004, 106.48, 41.94);
insert into SHOT values (4607, 4623, 4632, 2615, 3.330, 201.39, 50.70, 3.328, 201.19, 50.83, 0.010, 66.61, 17.43);
insert into SHOT values (4608, 4623, 4633, 2615, 2.390, 201.49, 50.70, 2.390, 201.31, 50.71, 0.005, 107.63, 6.37);
insert into SHOT values (4609, 4623, 4634, 2615, 1.640, 10.69, -27.30, 1.639, 11.08, -27.23, 0.010, 101.90, 12.34);
insert into SHOT values (4610, 4623, 4635, 2615, 0.990, 337.79, -37.30, 0.988, 338.33, -37.37, 0.008, 83.12, -0.53);
insert into SHOT values (4611, 4623, 4636, 2615, 1.030, 165.69, -77.80, 1.033, 164.05, -77.80, 0.007, 81.66, -27.55);
insert into SHOT values (4612, 4623, 4637, 2615, 0.410, 76.69, 12.90, 0.410, 77.01, 12.67, 0.003, 151.84, -33.57);
insert into SHOT values (4613, 4623, 4638, 2615, 0.800, 10.19, 3.30, 0.806, 10.75, 3.56, 0.010, 65.93, 22.37);
insert into SHOT values (4614, 4623, 4639, 2615, 1.320, 319.69, -12.80, 1.317, 319.74, -12.72, 0.004, 118.25, 37.67);
insert into SHOT values (4615, 4623, 4640, 2615, 1.130, 316.09, -41.50, 1.127, 316.44, -41.70, 0.007, 87.31, -10.04);
insert into SHOT values (4616, 4623, 4641, 2615, 0.900, 135.59, -27.10, 0.904, 135.00, -26.96, 0.010, 76.15, -0.06);
insert into SHOT values (4617, 4623, 4642, 2615, 3.060, 304.29, 74.80, 3.049, 304.99, 76.10, 0.071, 116.93, 5.71);
insert into SHOT values (4618, 4642, 4643, 2615, 1.140, 119.09, -67.90, 1.142, 119.58, -68.13, 0.006, 252.61, -36.71);
insert into SHOT values (4619, 4642, 4644, 2615, 1.390, 164.39, -70.50, 1.400, 165.07, -70.57, 0.011, 237.35, -59.18);
insert into SHOT values (4620, 4642, 4645, 2615, 1.380, 147.39, -53.30, 1.384, 147.85, -53.32, 0.008, 220.28, -26.98);
insert into SHOT values (4621, 4642, 4646, 2615, 2.610, 138.29, -66.10, 2.613, 138.46, -66.17, 0.005, 259.61, -45.87);
insert into SHOT values (4622, 4642, 4647, 2615, 2.260, 151.89, -69.90, 2.268, 152.45, -69.93, 0.011, 230.33, -44.50);
insert into SHOT values (4623, 4642, 4648, 2615, 0.890, 241.19, 41.30, 0.852, 238.57, 42.01, 0.050, 99.59, -20.52);
insert into SHOT values (4624, 4648, 4649, 2615, 3.530, 336.49, 44.20, 3.529, 336.47, 44.19, 0.001, 209.74, -57.51);
insert into SHOT values (4625, 4648, 4650, 2615, 1.860, 256.99, 59.10, 1.855, 256.69, 58.99, 0.008, 172.42, -50.52);
insert into SHOT values (4626, 4648, 4651, 2615, 1.280, 181.69, 35.10, 1.279, 181.64, 34.80, 0.007, 165.91, -61.06);
insert into SHOT values (4627, 4648, 4652, 2615, 0.990, 124.19, 20.40, 0.989, 124.03, 20.10, 0.006, 60.39, -61.36);
insert into SHOT values (4628, 4648, 4653, 2615, 0.810, 51.69, 26.20, 0.811, 51.71, 26.37, 0.002, 203.00, 75.08);
insert into SHOT values (4629, 4648, 4654, 2615, 1.030, 13.89, 31.80, 1.029, 13.88, 31.66, 0.003, 336.77, -85.66);
insert into SHOT values (4630, 4648, 4655, 2615, 4.420, 244.39, 82.10, 4.421, 243.43, 82.15, 0.011, 133.37, 10.29);
insert into SHOT values (4631, 4648, 4656, 2615, 0.990, 206.19, -65.60, 0.990, 205.94, -65.43, 0.003, 171.04, 27.43);
insert into SHOT values (4632, 4648, 4657, 2615, 3.590, 335.29, 43.70, 3.518, 335.07, 44.37, 0.084, 162.08, -13.93);
insert into SHOT values (4633, 4657, 4658, 2615, 0.750, 218.89, -2.80, 0.755, 218.54, -3.04, 0.008, 177.79, -25.97);
insert into SHOT values (4634, 4657, 4659, 2615, 0.470, 269.09, -5.20, 0.463, 268.75, -6.20, 0.011, 107.55, -41.40);
insert into SHOT values (4635, 4657, 4660, 2615, 0.580, 160.39, -15.40, 0.585, 160.28, -15.86, 0.007, 144.97, -56.24);
insert into SHOT values (4636, 4657, 4661, 2615, 3.190, 224.99, 31.20, 3.183, 224.85, 31.22, 0.009, 90.66, -15.65);
insert into SHOT values (4637, 4657, 4662, 2615, 3.090, 301.39, 39.00, 3.024, 300.63, 39.42, 0.077, 146.58, -18.71);
insert into SHOT values (4638, 4662, 4663, 2615, 2.660, 128.59, 33.70, 2.731, 129.13, 33.32, 0.076, 146.11, 18.51);
insert into SHOT values (4639, 4663, 4664, 2615, 0.610, 196.39, 25.40, 0.696, 195.57, 24.61, 0.087, 190.14, 18.94);
insert into SCRAPS values (2617, 2611, 'SP-Vire-1', 1, 41.49287, 7.14390);
 insert into SCRAPS values (2637, 2611, 'SP-Vire-2', 1, 2.46003, 0.56655);
 insert into SCRAPS values (2658, 2611, 'SP-Vire-3', 1, 47.52371, 5.95725);
 insert into SCRAPS values (2671, 2611, 'SC-Vire-1', 2, 43.72743, 3.34057);
 insert into SCRAPS values (2693, 2611, 'SC-Vire-2', 2, 59.63001, 2.03663);
 insert into MAPS values (2721, 2611, 'MP-Vire-plan-tot', 'Vire', 1, 69.760, -41.740);
 insert into MAPITEMS values (2721, 4, 2617);
 insert into MAPITEMS values (2721, 4, 2637);
 insert into MAPITEMS values (2721, 4, 2658);
 insert into MAPS values (2722, 2611, 'MC-Vire-coupe-tot', 'Vire', 2, 69.760, -41.740);
 insert into MAPITEMS values (2722, 4, 2671);
 insert into MAPITEMS values (2722, 4, 2693);
 insert into SURVEY values (2725, 57, 'Aura', 'Aura.Ded', 'Aura');
 insert into CENTRELINE values (2726, 2725, NULL, NULL, NULL, 0.00, 0.00, 0.00);
 insert into SURVEY values (2727, 2725, 'aura', 'aura.Aura.Ded', 'aura');
 insert into CENTRELINE values (2728, 2727, NULL, NULL, NULL, 0.00, 0.00, 0.00);
 insert into CENTRELINE values (2729, 2727, NULL, '2021-07-17', NULL, 55.93, 0.00, 0.00);
 insert into TOPO values (10, 2729);
 insert into TOPO values (2, 2729);
 insert into SHOT values (4640, 4665, 4666, 2729, 9.740, 310.41, 64.20, 9.731, 311.25, 65.02, 0.152, 105.35, 19.59);
insert into SHOT values (4641, 4666, 4667, 2729, 1.770, 130.31, -64.50, 1.771, 130.19, -64.61, 0.004, 339.47, -37.79);
insert into SHOT values (4642, 4666, 4668, 2729, 1.490, 30.91, -23.10, 1.490, 30.68, -22.92, 0.007, 315.78, 38.83);
insert into SHOT values (4643, 4666, 4669, 2729, 1.020, 215.61, 10.50, 1.020, 216.07, 10.74, 0.009, 311.64, 26.87);
insert into SHOT values (4644, 4666, 4670, 2729, 0.830, 304.11, 11.50, 0.838, 304.08, 11.70, 0.009, 300.90, 30.60);
insert into SHOT values (4645, 4666, 4671, 2729, 1.420, 352.31, 1.40, 1.423, 352.33, 1.61, 0.006, 0.55, 58.90);
insert into SHOT values (4646, 4666, 4672, 2729, 6.190, 278.61, 31.90, 6.130, 279.13, 32.57, 0.106, 70.74, 15.91);
insert into SHOT values (4647, 4672, 4673, 2729, 2.580, 113.31, 1.40, 2.581, 113.29, 1.33, 0.003, 68.31, -66.25);
insert into SHOT values (4648, 4672, 4674, 2729, 2.860, 65.61, 2.20, 2.857, 65.59, 2.21, 0.003, 264.08, 4.31);
insert into SHOT values (4649, 4672, 4675, 2729, 1.530, 329.31, 2.40, 1.526, 329.23, 2.25, 0.006, 176.40, -41.97);
insert into SHOT values (4650, 4672, 4676, 2729, 1.120, 18.71, -82.70, 1.119, 21.04, -82.85, 0.007, 137.74, 8.10);
insert into SHOT values (4651, 4672, 4677, 2729, 4.830, 318.91, 63.40, 4.831, 318.94, 63.42, 0.002, 85.71, 39.58);
insert into SHOT values (4652, 4672, 4678, 2729, 5.270, 29.41, 85.50, 5.302, 31.37, 84.80, 0.073, 43.33, 20.98);
insert into SHOT values (4653, 4678, 4679, 2729, 2.380, 142.91, 10.60, 2.381, 142.98, 10.40, 0.009, 192.87, -62.44);
insert into SHOT values (4654, 4678, 4680, 2729, 2.210, 105.71, 15.00, 2.215, 105.72, 14.91, 0.006, 112.70, -20.10);
insert into SHOT values (4655, 4678, 4681, 2729, 1.650, 210.31, 3.20, 1.647, 210.31, 3.13, 0.003, 30.58, -38.49);
insert into SHOT values (4656, 4678, 4682, 2729, 6.060, 169.01, 79.80, 6.072, 167.41, 79.99, 0.038, 47.26, 24.55);
insert into SHOT values (4657, 4682, 4683, 2729, 1.450, 222.81, 9.50, 1.449, 222.73, 9.53, 0.002, 113.92, 19.00);
insert into SHOT values (4658, 4682, 4684, 2729, 1.470, 257.01, 13.30, 1.466, 257.04, 13.41, 0.005, 67.46, 23.15);
insert into SHOT values (4659, 4682, 4685, 2729, 1.520, 272.11, 8.20, 1.517, 271.91, 8.34, 0.007, 147.06, 26.84);
insert into SHOT values (4660, 4682, 4686, 2729, 5.130, 279.11, 3.40, 5.124, 279.11, 3.47, 0.009, 94.84, 41.80);
insert into SHOT values (4661, 4682, 4687, 2729, 3.420, 287.41, 6.70, 3.417, 287.31, 6.72, 0.006, 169.93, 9.00);
insert into SHOT values (4662, 4682, 4688, 2729, 1.370, 307.71, 4.00, 1.366, 307.54, 4.20, 0.007, 168.16, 36.41);
insert into SHOT values (4663, 4682, 4689, 2729, 3.750, 248.11, 75.40, 3.749, 248.09, 75.52, 0.008, 70.84, 8.27);
insert into SHOT values (4664, 4682, 4690, 2729, 2.410, 225.11, 51.50, 2.412, 225.00, 51.58, 0.005, 111.97, 52.12);
insert into SHOT values (4665, 4682, 4691, 2729, 2.710, 164.51, 16.30, 2.714, 164.42, 16.26, 0.006, 123.50, -5.56);
insert into SHOT values (4666, 4682, 4692, 2729, 7.170, 54.51, -82.40, 7.174, 54.81, -82.35, 0.008, 94.14, -20.59);
insert into SHOT values (4667, 4682, 4693, 2729, 3.820, 283.41, 29.30, 3.754, 283.87, 29.88, 0.081, 84.62, 0.40);
insert into SHOT values (4668, 4693, 4694, 2729, 0.730, 193.11, 13.90, 0.728, 193.06, 13.50, 0.005, 76.87, -82.42);
insert into SHOT values (4669, 4693, 4695, 2729, 0.710, 189.01, 2.50, 0.709, 188.93, 2.42, 0.002, 61.15, -39.01);
insert into SHOT values (4670, 4693, 4696, 2729, 1.320, 142.91, 1.70, 1.321, 142.70, 1.74, 0.005, 60.06, 9.74);
insert into SHOT values (4671, 4693, 4697, 2729, 2.990, 110.51, 1.10, 2.991, 110.56, 1.15, 0.004, 180.11, 43.61);
insert into SHOT values (4672, 4693, 4698, 2729, 1.590, 91.51, -1.20, 1.591, 91.44, -1.08, 0.004, 26.44, 58.54);
insert into SHOT values (4673, 4693, 4699, 2729, 0.750, 47.61, 8.00, 0.750, 47.73, 7.66, 0.005, 116.39, -69.24);
insert into SHOT values (4674, 4693, 4700, 2729, 1.930, 232.81, 0.70, 1.928, 233.01, 0.59, 0.008, 337.99, -26.69);
insert into SHOT values (4675, 4693, 4701, 2729, 1.090, 218.51, 11.50, 1.083, 218.49, 11.72, 0.008, 40.71, 19.25);
insert into SHOT values (4676, 4693, 4702, 2729, 2.330, 267.91, 8.10, 2.325, 268.01, 8.16, 0.007, 50.86, 14.19);
insert into SHOT values (4677, 4693, 4703, 2729, 3.090, 240.71, -77.80, 3.090, 240.69, -77.79, 0.001, 224.93, 16.74);
insert into SHOT values (4678, 4693, 4704, 2729, 9.010, 11.61, 89.00, 9.011, 10.62, 88.96, 0.006, 344.66, 12.50);
insert into SHOT values (4679, 4693, 4705, 2729, 7.490, 96.41, 76.20, 7.487, 96.41, 76.16, 0.006, 97.89, -39.61);
insert into SHOT values (4680, 4693, 4706, 2729, 9.540, 271.41, 76.90, 9.540, 271.77, 78.26, 0.227, 88.21, 12.28);
insert into SHOT values (4681, 4706, 4707, 2729, 0.190, 58.61, -6.50, 0.198, 59.53, -5.79, 0.009, 79.36, 9.50);
insert into SHOT values (4682, 4706, 4708, 2729, 0.240, 212.81, -9.90, 0.237, 210.96, -9.73, 0.008, 99.01, 8.76);
insert into SHOT values (4683, 4706, 4709, 2729, 0.380, 130.01, -22.50, 0.375, 129.17, -21.90, 0.008, 10.82, 43.05);
insert into SHOT values (4684, 4706, 4710, 2729, 7.070, 133.91, -67.90, 7.069, 133.78, -67.90, 0.006, 38.15, 5.42);
insert into SHOT values (4685, 4706, 4711, 2729, 3.170, 193.61, -85.60, 3.169, 192.26, -85.74, 0.010, 48.55, 3.91);
insert into SHOT values (4686, 4706, 4712, 2729, 0.340, 253.51, -84.30, 0.341, 251.57, -84.69, 0.003, 99.85, -34.84);
insert into SHOT values (4687, 4706, 4713, 2729, 1.300, 320.61, 0.40, 1.301, 320.93, 0.44, 0.007, 42.99, 7.18);
insert into SHOT values (4688, 4706, 4714, 2729, 2.350, 310.61, -2.50, 2.297, 311.47, -2.25, 0.064, 97.38, 11.24);
insert into SHOT values (4689, 4714, 4715, 2729, 0.750, 55.61, 4.00, 0.756, 55.26, 3.79, 0.008, 19.54, -16.48);
insert into SHOT values (4690, 4714, 4716, 2729, 2.820, 158.11, 86.00, 2.817, 156.04, 85.99, 0.008, 69.20, -23.75);
insert into SHOT values (4691, 4714, 4717, 2729, 2.450, 148.41, -80.00, 2.457, 147.43, -79.99, 0.010, 71.49, -43.88);
insert into SHOT values (4692, 4714, 4718, 2729, 5.190, 176.31, -83.00, 5.189, 176.37, -83.01, 0.002, 328.12, 43.20);
insert into SHOT values (4693, 4714, 4719, 2729, 0.720, 355.51, 1.20, 0.722, 356.03, 0.79, 0.008, 69.65, -36.69);
insert into SHOT values (4694, 4714, 4720, 2729, 2.090, 303.31, -51.30, 2.040, 304.70, -51.67, 0.061, 87.33, 30.80);
insert into SHOT values (4695, 4720, 4721, 2729, 0.550, 211.91, -3.30, 0.553, 211.68, -3.11, 0.004, 176.80, 23.16);
insert into SHOT values (4696, 4720, 4722, 2729, 0.790, 266.91, 73.50, 0.791, 264.81, 73.79, 0.009, 152.87, 15.93);
insert into SHOT values (4697, 4720, 4723, 2729, 0.660, 225.51, -83.40, 0.655, 219.81, -83.15, 0.010, 148.97, 35.19);
insert into SHOT values (4698, 4720, 4724, 2729, 0.430, 151.51, -0.00, 0.434, 151.07, 0.00, 0.005, 113.17, 0.00);
insert into SHOT values (4699, 4720, 4725, 2729, 0.540, 162.61, 1.70, 0.544, 162.90, 2.11, 0.006, 195.33, 37.98);
insert into SHOT values (4700, 4720, 4726, 2729, 0.650, 343.61, -84.60, 0.653, 341.57, -84.44, 0.004, 295.69, -43.53);
insert into SHOT values (4701, 4720, 4727, 2729, 1.430, 145.41, 67.20, 1.434, 145.18, 67.00, 0.007, 125.36, 14.72);
insert into SHOT values (4702, 4720, 4728, 2729, 2.820, 325.91, -50.10, 2.782, 326.94, -50.28, 0.050, 100.31, 27.65);
insert into SHOT values (4703, 4728, 4729, 2729, 1.830, 198.51, 73.80, 1.832, 199.50, 73.86, 0.009, 297.60, 16.55);
insert into SHOT values (4704, 4728, 4730, 2729, 1.510, 273.71, 63.70, 1.508, 274.27, 63.54, 0.008, 340.69, -27.34);
insert into SHOT values (4705, 4728, 4731, 2729, 2.330, 359.91, 58.60, 2.334, 359.53, 58.49, 0.010, 306.99, 6.96);
insert into SHOT values (4706, 4728, 4732, 2729, 1.830, 334.71, 24.20, 1.833, 334.51, 24.15, 0.007, 276.96, -1.32);
insert into SHOT values (4707, 4728, 4733, 2729, 1.310, 137.81, 35.50, 1.306, 138.05, 35.58, 0.006, 271.36, -6.54);
insert into SHOT values (4708, 4728, 4734, 2729, 2.780, 292.91, 75.90, 2.787, 294.59, 76.54, 0.037, 79.31, 21.77);
insert into SHOT values (4709, 4734, 4735, 2729, 0.270, 17.41, 4.50, 0.273, 17.10, 4.20, 0.003, 350.59, -20.29);
insert into SHOT values (4710, 4734, 4736, 2729, 1.160, 325.41, 2.70, 1.166, 325.49, 2.46, 0.008, 340.71, -35.51);
insert into SHOT values (4711, 4734, 4737, 2729, 0.960, 142.41, -3.20, 0.958, 142.65, -3.59, 0.008, 263.78, -53.40);
insert into SHOT values (4712, 4734, 4738, 2729, 3.750, 179.31, 83.00, 3.747, 180.00, 83.10, 0.009, 321.61, -12.96);
insert into SHOT values (4713, 4734, 4739, 2729, 1.700, 314.11, 55.80, 1.699, 314.16, 55.51, 0.009, 321.85, -43.85);
insert into SHOT values (4714, 4734, 4740, 2729, 3.460, 141.41, -69.70, 3.465, 141.41, -69.69, 0.005, 145.65, -66.35);
insert into SHOT values (4715, 4734, 4741, 2729, 2.720, 125.21, -83.70, 2.726, 125.31, -83.81, 0.008, 298.23, -55.59);
insert into SHOT values (4716, 4734, 4742, 2729, 5.270, 324.41, 80.90, 5.283, 326.50, 81.12, 0.039, 86.37, 24.90);
insert into SHOT values (4717, 4742, 4743, 2729, 0.620, 108.91, -9.90, 0.623, 109.03, -10.16, 0.005, 133.73, -48.38);
insert into SHOT values (4718, 4742, 4744, 2729, 1.280, 158.51, -4.80, 1.284, 158.45, -4.91, 0.005, 140.03, -34.84);
insert into SHOT values (4719, 4742, 4745, 2729, 2.390, 164.61, -52.40, 2.390, 164.54, -52.26, 0.006, 144.24, 35.50);
insert into SHOT values (4720, 4742, 4746, 2729, 6.830, 197.61, -83.60, 6.833, 197.49, -83.57, 0.005, 176.13, -30.57);
insert into SHOT values (4721, 4742, 4747, 2729, 1.440, 138.91, 66.00, 1.445, 139.82, 65.95, 0.011, 210.06, 24.36);
insert into SURVEY values (2731, 2725, 'gps_aura', 'gps_aura.Aura.Ded', 'gps aura');
 insert into CENTRELINE values (2732, 2731, NULL, NULL, NULL, 0.00, 0.00, 0.00);
 insert into CENTRELINE values (2733, 2731, NULL, '2022-09-10', NULL, 3.04, 0.00, 0.00);
 insert into TOPO values (2, 2733);
 insert into SHOT values (4722, 4748, 4749, 2733, 1.350, 324.49, 15.50, 1.368, 323.30, 14.83, 0.036, 271.66, -17.36);
insert into SHOT values (4723, 4749, 4750, 2733, 1.690, 214.09, -4.20, 1.772, 214.86, -4.21, 0.085, 230.25, -4.20);
insert into SCRAPS values (2735, 2725, 'SP-aura-1', 1, 18.23252, 0.96351);
 insert into SCRAPS values (2752, 2725, 'SP-aura-2', 1, 9.72009, 1.87678);
 insert into SCRAPS values (2762, 2725, 'SP-aura-3', 1, 28.55210, 8.24430);
 insert into SCRAPS values (2771, 2725, 'SC-aura-1', 2, 76.98085, 1.39949);
 insert into MAPS values (2797, 2725, 'MP-Aura-plan-tot', 'Aura', 1, 55.930, -38.690);
 insert into MAPITEMS values (2797, 4, 2735);
 insert into MAPITEMS values (2797, 4, 2752);
 insert into MAPITEMS values (2797, 4, 2762);
 insert into MAPS values (2798, 2725, 'MC-Aura-coupe-tot', 'Aura', 2, 55.930, -38.690);
 insert into MAPITEMS values (2798, 4, 2771);
 insert into SURVEY values (2800, 57, 'jonction', 'jonction.Ded', 'jonction');
 insert into CENTRELINE values (2801, 2800, NULL, NULL, NULL, 0.00, 0.00, 0.00);
 insert into SURVEY values (2802, 2800, 'jonction', 'jonction.jonction.Ded', 'jonction');
 insert into CENTRELINE values (2803, 2802, NULL, NULL, NULL, 0.00, 0.00, 0.00);
 insert into CENTRELINE values (2804, 2802, NULL, '2021-07-17', NULL, 0.00, 12.37, 0.00);
 insert into TOPO values (10, 2804);
 insert into TOPO values (2, 2804);
 insert into SHOT values (4724, 4751, 4752, 2804, 4.890, 173.51, 25.00, 4.882, 172.59, 25.22, 0.074, 71.21, 10.44);
insert into SHOT_FLAG values(4724, 'srf');
insert into SHOT values (4725, 4752, 4753, 2804, 5.330, 178.71, -14.00, 5.289, 177.77, -13.89, 0.095, 64.15, 11.86);
insert into SHOT_FLAG values(4725, 'srf');
insert into SHOT values (4726, 4753, 4754, 2804, 2.150, 316.61, -36.00, 2.104, 317.86, -36.12, 0.060, 94.10, 23.31);
insert into SHOT_FLAG values(4726, 'srf');
insert into SCRAPS values (2806, 2800, 'SP-jonction', 1, 6.94011, 1.37299);
 insert into SCRAPS values (2813, 2800, 'SC-jonction', 4, 0.00000, 0.00000);
 insert into SURVEY values (2822, 57, 'Puits1', 'Puits1.Ded', 'Puits1');
 insert into CENTRELINE values (2823, 2822, NULL, NULL, NULL, 0.00, 0.00, 0.00);
 insert into SURVEY values (2824, 2822, 'Puits1', 'Puits1.Puits1.Ded', 'Puits1');
 insert into CENTRELINE values (2825, 2824, NULL, NULL, NULL, 0.00, 0.00, 0.00);
 insert into CENTRELINE values (2826, 2824, NULL, '2021-07-17', NULL, 17.02, 0.00, 0.00);
 insert into TOPO values (10, 2826);
 insert into TOPO values (2, 2826);
 insert into SHOT values (4727, 4755, 4756, 2826, 2.880, 324.11, 32.90, 2.880, 324.08, 32.80, 0.005, 294.46, -59.48);
insert into SHOT values (4728, 4756, 4757, 2826, 0.330, 81.11, 2.20, 0.334, 81.38, 3.43, 0.009, 103.07, 59.50);
insert into SHOT values (4729, 4756, 4758, 2826, 0.180, 259.41, -1.70, 0.184, 257.47, 0.00, 0.009, 204.43, 35.07);
insert into SHOT values (4730, 4756, 4759, 2826, 0.710, 67.21, -68.20, 0.700, 67.38, -68.20, 0.010, 235.13, 67.85);
insert into SHOT values (4731, 4756, 4760, 2826, 0.760, 74.51, -39.20, 0.760, 75.26, -39.16, 0.008, 161.55, 2.54);
insert into SHOT values (4732, 4756, 4761, 2826, 1.000, 15.71, -20.70, 0.997, 15.52, -20.54, 0.005, 261.01, 46.63);
insert into SHOT values (4733, 4756, 4762, 2826, 0.500, 207.11, 24.10, 0.506, 207.12, 24.51, 0.007, 208.66, 54.02);
insert into SHOT values (4734, 4756, 4763, 2826, 1.120, 355.11, -0.50, 1.115, 354.85, -0.51, 0.007, 217.28, -1.75);
insert into SHOT values (4735, 4756, 4764, 2826, 1.590, 328.21, -3.30, 1.593, 328.11, -3.24, 0.004, 282.34, 21.98);
insert into SHOT values (4736, 4756, 4765, 2826, 2.310, 344.51, -5.90, 2.304, 344.57, -5.73, 0.009, 138.49, 52.57);
insert into SHOT values (4737, 4765, 4766, 2826, 0.310, 236.21, -3.90, 0.311, 236.82, -3.68, 0.004, 304.23, 16.80);
insert into SHOT values (4738, 4765, 4767, 2826, 1.200, 232.81, 68.00, 1.198, 233.13, 67.93, 0.004, 312.42, -45.45);
insert into SHOT values (4739, 4765, 4768, 2826, 1.020, 214.31, -81.40, 1.021, 216.87, -81.55, 0.007, 326.06, -11.49);
insert into SHOT values (4740, 4765, 4769, 2826, 0.390, 272.11, -56.20, 0.397, 272.60, -56.28, 0.007, 302.37, -57.43);
insert into SHOT values (4741, 4765, 4770, 2826, 0.480, 232.21, 52.40, 0.479, 231.95, 52.45, 0.002, 110.16, -11.07);
insert into SHOT values (4742, 4765, 4771, 2826, 0.330, 356.41, 65.00, 0.331, 355.91, 64.93, 0.002, 302.74, 31.51);
insert into SHOT values (4743, 4765, 4772, 2826, 0.930, 65.41, -67.40, 0.930, 64.89, -67.66, 0.005, 284.25, -15.41);
insert into SHOT values (4744, 4765, 4773, 2826, 2.800, 340.11, -39.70, 2.806, 339.97, -39.64, 0.008, 301.28, -10.09);
insert into SHOT values (4745, 4773, 4774, 2826, 4.200, 272.71, 83.10, 4.200, 272.29, 83.16, 0.006, 133.68, 4.32);
insert into SHOT values (4746, 4773, 4775, 2826, 1.390, 175.11, 7.30, 1.397, 175.03, 7.40, 0.008, 159.11, 26.66);
insert into SHOT values (4747, 4773, 4776, 2826, 1.050, 56.11, -0.80, 1.046, 56.31, -1.10, 0.008, 195.34, -43.28);
insert into SHOT values (4748, 4773, 4777, 2826, 1.800, 219.61, 22.10, 1.803, 219.41, 22.16, 0.007, 147.74, 24.85);
insert into SHOT values (4749, 4773, 4778, 2826, 1.630, 328.31, 43.60, 1.624, 328.20, 43.59, 0.006, 178.12, -42.99);
insert into SHOT values (4750, 4773, 4779, 2826, 3.700, 334.41, 79.60, 3.700, 334.20, 79.63, 0.003, 211.70, 15.64);
insert into SHOT values (4751, 4773, 4780, 2826, 3.300, 152.21, 69.40, 3.302, 152.33, 69.38, 0.003, 205.79, 17.50);
insert into SHOT values (4752, 4773, 4781, 2826, 2.680, 138.91, 53.50, 2.677, 138.81, 53.44, 0.005, 57.58, -58.89);
insert into SHOT values (4753, 4773, 4782, 2826, 1.640, 14.01, 55.30, 1.639, 14.34, 55.47, 0.007, 145.50, 13.33);
insert into SHOT values (4754, 4773, 4783, 2826, 2.020, 73.41, 71.70, 2.023, 73.56, 71.67, 0.003, 117.70, 41.69);
insert into SHOT values (4755, 4773, 4784, 2826, 2.110, 117.71, 68.70, 2.106, 117.90, 68.57, 0.007, 158.59, -56.37);
insert into SHOT values (4756, 4773, 4785, 2826, 3.160, 340.11, 37.90, 3.154, 340.25, 37.97, 0.010, 119.17, -6.73);
insert into SHOT values (4757, 4773, 4786, 2826, 2.860, 340.41, 37.80, 2.869, 341.40, 38.09, 0.043, 73.77, 23.46);
insert into SHOT values (4758, 4786, 4787, 2826, 0.670, 208.81, 12.60, 0.669, 209.31, 12.09, 0.008, 300.88, -46.99);
insert into SHOT values (4759, 4786, 4788, 2826, 0.440, 297.21, 29.90, 0.438, 297.90, 28.63, 0.011, 352.21, -58.78);
insert into SHOT values (4760, 4786, 4789, 2826, 0.340, 81.71, 12.70, 0.341, 81.38, 11.84, 0.006, 39.59, -59.44);
insert into SHOT values (4761, 4786, 4790, 2826, 1.010, 151.71, 0.40, 1.002, 151.39, 0.00, 0.012, 7.89, -36.85);
insert into SHOT values (4762, 4786, 4791, 2826, 1.050, 109.31, -73.80, 1.052, 107.82, -73.76, 0.008, 27.27, -12.37);
insert into SHOT values (4763, 4786, 4792, 2826, 1.210, 47.01, 82.60, 1.200, 45.00, 82.55, 0.011, 313.07, -61.17);
insert into SHOT values (4764, 4786, 4793, 2826, 1.570, 234.71, 70.40, 1.561, 235.10, 70.37, 0.010, 358.17, -64.62);
insert into SHOT values (4765, 4786, 4794, 2826, 3.300, 321.51, 42.60, 3.290, 322.42, 42.90, 0.043, 78.19, 8.38);
insert into SHOT values (4766, 4794, 4795, 2826, 0.660, 174.71, 1.20, 0.653, 174.73, 0.88, 0.008, 352.95, -28.31);
insert into SHOT values (4767, 4794, 4796, 2826, 1.760, 125.21, -10.50, 1.754, 125.07, -10.84, 0.013, 332.74, -46.91);
insert into SHOT values (4768, 4794, 4797, 2826, 4.010, 202.71, -49.20, 4.009, 202.74, -49.32, 0.009, 11.53, -31.46);
insert into SHOT values (4769, 4794, 4798, 2826, 4.300, 145.81, -38.40, 4.299, 145.79, -38.56, 0.012, 332.73, -47.45);
insert into SHOT values (4770, 4794, 4799, 2826, 0.920, 200.11, 2.10, 0.918, 200.41, 1.87, 0.006, 310.36, -35.68);
insert into SHOT values (4771, 4794, 4800, 2826, 2.870, 193.51, 48.70, 2.840, 192.76, 49.20, 0.046, 45.54, -7.68);
insert into SCRAPS values (2828, 2822, 'SP-Puits1-1', 1, 38.60836, 3.13371);
 insert into SCRAPS values (2840, 2822, 'SC-Puits1-1', 2, 44.96614, 10.24664);
 insert into MAPS values (2850, 2822, 'MP-Puits1-plan-tot', 'Puits1', 1, 17.020, -6.160);
 insert into MAPITEMS values (2850, 4, 2828);
 insert into MAPS values (2851, 2822, 'MC-Puits1-coupe-tot', 'Puits1', 2, 17.020, -6.160);
 insert into MAPITEMS values (2851, 4, 2840);
 insert into SURVEY values (2853, 57, 'William', 'William.Ded', 'William');
 insert into CENTRELINE values (2854, 2853, NULL, NULL, NULL, 0.00, 0.00, 0.00);
 insert into SURVEY values (2855, 2853, 'William', 'William.William.Ded', 'William');
 insert into CENTRELINE values (2856, 2855, NULL, NULL, NULL, 0.00, 0.00, 0.00);
 insert into CENTRELINE values (2857, 2855, NULL, '2021-07-17', NULL, 55.40, 0.00, 0.00);
 insert into TOPO values (10, 2857);
 insert into TOPO values (2, 2857);
 insert into SHOT values (4772, 4801, 4802, 2857, 2.670, 168.51, -13.50, 2.675, 168.47, -13.40, 0.007, 155.08, 27.17);
insert into SHOT values (4773, 4801, 4803, 2857, 0.850, 104.61, -31.00, 0.852, 104.98, -30.33, 0.011, 141.61, 44.27);
insert into SHOT values (4774, 4801, 4804, 2857, 2.270, 343.71, 17.40, 2.272, 343.66, 17.42, 0.003, 290.68, 25.63);
insert into SHOT values (4775, 4801, 4805, 2857, 0.600, 184.21, 81.50, 0.607, 180.00, 81.47, 0.009, 103.43, 44.58);
insert into SHOT values (4776, 4801, 4806, 2857, 4.070, 298.31, 34.90, 4.070, 298.25, 34.92, 0.003, 201.71, 23.82);
insert into SHOT values (4777, 4806, 4807, 2857, 1.280, 25.11, 4.00, 1.283, 24.96, 4.02, 0.004, 334.50, 9.69);
insert into SHOT values (4778, 4806, 4808, 2857, 1.420, 123.91, -6.80, 1.422, 124.03, -6.87, 0.004, 183.84, -28.50);
insert into SHOT values (4779, 4806, 4809, 2857, 1.930, 264.11, -74.80, 1.927, 264.29, -74.88, 0.005, 59.76, 32.61);
insert into SHOT values (4780, 4806, 4810, 2857, 0.570, 110.71, 75.00, 0.570, 109.65, 74.87, 0.003, 42.79, -11.08);
insert into SHOT values (4781, 4806, 4811, 2857, 2.530, 207.21, -2.90, 2.530, 207.07, -2.95, 0.006, 118.06, -18.57);
insert into SHOT values (4782, 4806, 4812, 2857, 3.810, 180.11, -24.40, 3.809, 180.00, -24.34, 0.008, 92.66, 31.19);
insert into SHOT values (4783, 4806, 4813, 2857, 3.860, 157.61, -30.80, 3.862, 157.53, -30.67, 0.010, 122.70, 38.32);
insert into SHOT values (4784, 4806, 4814, 2857, 3.570, 97.01, -30.10, 3.574, 97.06, -30.06, 0.006, 125.71, 4.08);
insert into SHOT values (4785, 4806, 4815, 2857, 3.840, 283.01, 43.10, 3.843, 282.99, 43.19, 0.007, 119.33, 70.87);
insert into SHOT values (4786, 4806, 4816, 2857, 3.580, 259.71, 33.30, 3.580, 259.59, 33.39, 0.008, 142.97, 33.86);
insert into SHOT values (4787, 4816, 4817, 2857, 0.340, 111.21, 73.30, 0.334, 108.43, 73.49, 0.008, 348.51, -46.07);
insert into SHOT values (4788, 4816, 4818, 2857, 0.360, 290.41, -40.00, 0.361, 291.04, -39.54, 0.004, 338.25, 18.75);
insert into SHOT values (4789, 4816, 4819, 2857, 1.610, 289.51, 21.80, 1.612, 289.53, 21.85, 0.002, 311.44, 59.07);
insert into SHOT values (4790, 4816, 4820, 2857, 6.520, 120.81, -31.00, 6.520, 120.79, -31.02, 0.003, 356.35, -40.77);
insert into SHOT values (4791, 4816, 4821, 2857, 4.870, 354.61, 4.60, 4.877, 354.57, 4.59, 0.008, 332.33, -4.02);
insert into SHOT values (4792, 4816, 4822, 2857, 3.860, 239.71, 22.50, 3.854, 239.84, 22.42, 0.011, 355.10, -38.85);
insert into SHOT values (4793, 4822, 4823, 2857, 0.630, 134.31, -3.90, 0.631, 134.36, -3.64, 0.003, 167.60, 70.93);
insert into SHOT values (4794, 4822, 4824, 2857, 2.410, 115.11, 75.00, 2.412, 115.74, 75.06, 0.007, 222.10, 16.42);
insert into SHOT values (4795, 4822, 4825, 2857, 4.380, 315.11, 85.80, 4.382, 313.73, 85.83, 0.008, 206.38, 12.29);
insert into SHOT values (4796, 4822, 4826, 2857, 2.010, 198.01, 5.80, 2.019, 197.98, 5.97, 0.011, 192.47, 39.18);
insert into SHOT values (4797, 4822, 4827, 2857, 1.540, 51.21, 7.60, 1.537, 51.40, 7.85, 0.009, 177.79, 44.88);
insert into SHOT values (4798, 4822, 4828, 2857, 10.670, 53.21, -16.70, 10.664, 53.20, -16.67, 0.008, 256.65, 54.88);
insert into SHOT values (4799, 4828, 4829, 2857, 3.120, 319.21, 15.30, 3.116, 319.32, 15.26, 0.007, 75.01, -27.33);
insert into SHOT values (4800, 4828, 4830, 2857, 7.390, 317.21, 65.10, 7.385, 317.22, 65.12, 0.006, 130.56, -31.62);
insert into SHOT values (4801, 4828, 4831, 2857, 5.520, 241.91, 10.40, 5.522, 241.88, 10.43, 0.005, 185.89, 46.67);
insert into SHOT values (4802, 4828, 4832, 2857, 7.580, 259.51, 57.40, 7.573, 259.41, 57.40, 0.010, 138.26, -34.59);
insert into SHOT values (4803, 4828, 4833, 2857, 1.620, 159.91, 56.50, 1.620, 159.74, 56.45, 0.003, 95.71, -17.50);
insert into SHOT values (4804, 4828, 4834, 2857, 0.790, 134.81, 22.00, 0.791, 135.00, 21.52, 0.007, 175.19, -57.23);
insert into SHOT values (4805, 4828, 4835, 2857, 18.040, 30.01, 85.70, 18.041, 30.17, 85.70, 0.004, 110.36, 11.65);
insert into SHOT values (4806, 4828, 4836, 2857, 2.860, 43.91, 24.20, 2.860, 43.91, 24.15, 0.003, 59.20, -65.84);
insert into SHOT values (4807, 4828, 4837, 2857, 4.590, 5.11, 10.20, 4.591, 5.21, 10.16, 0.008, 86.54, -19.67);
insert into SHOT values (4808, 4828, 4838, 2857, 17.380, 67.31, 86.00, 17.367, 67.11, 88.39, 0.724, 247.44, 1.77);
insert into SHOT values (4809, 4838, 4839, 2857, 2.470, 250.11, 0.10, 2.471, 249.88, 0.00, 0.011, 164.71, -23.53);
insert into SHOT values (4810, 4838, 4840, 2857, 1.560, 174.81, -5.60, 1.564, 174.84, -5.51, 0.004, 187.79, 30.05);
insert into SHOT values (4811, 4838, 4841, 2857, 2.360, 218.91, -4.70, 2.361, 218.96, -4.62, 0.004, 276.12, 50.50);
insert into SHOT values (4812, 4838, 4842, 2857, 1.290, 108.91, -5.20, 1.296, 109.00, -5.31, 0.007, 128.80, -27.47);
insert into SHOT values (4813, 4838, 4843, 2857, 3.580, 72.71, -0.40, 3.581, 72.78, -0.48, 0.007, 155.33, -47.59);
insert into SHOT values (4814, 4838, 4844, 2857, 9.170, 83.81, 64.60, 9.166, 83.87, 64.60, 0.006, 185.04, -39.59);
insert into SHOT values (4815, 4838, 4845, 2857, 6.960, 30.21, 79.70, 6.962, 30.49, 79.73, 0.007, 144.72, 17.83);
insert into SHOT values (4816, 4838, 4846, 2857, 5.220, 301.11, 17.00, 5.213, 301.04, 17.07, 0.011, 155.58, 21.10);
insert into SHOT values (4817, 4838, 4847, 2857, 6.770, 39.21, 78.40, 6.736, 38.80, 79.35, 0.118, 223.51, -5.72);
insert into SHOT values (4818, 4847, 4848, 2857, 4.340, 225.31, -6.40, 4.341, 225.38, -6.48, 0.008, 309.91, -50.16);
insert into SHOT values (4819, 4847, 4849, 2857, 1.910, 251.91, 0.50, 1.913, 252.04, 0.30, 0.009, 304.90, -50.48);
insert into SHOT values (4820, 4847, 4850, 2857, 2.740, 314.61, 9.20, 2.742, 314.55, 9.02, 0.009, 277.97, -61.30);
insert into SHOT values (4821, 4847, 4851, 2857, 3.280, 86.21, -10.30, 3.281, 86.09, -10.36, 0.007, 359.35, -28.42);
insert into SHOT values (4822, 4847, 4852, 2857, 2.900, 255.81, 50.30, 2.949, 255.82, 49.42, 0.067, 256.15, 7.54);
insert into SHOT values (4823, 4852, 4853, 2857, 1.450, 17.81, 13.80, 1.448, 17.79, 13.58, 0.006, 222.58, -81.02);
insert into SHOT values (4824, 4852, 4854, 2857, 0.620, 342.81, 4.80, 0.619, 343.03, 4.63, 0.003, 94.75, -35.54);
insert into SHOT values (4825, 4852, 4855, 2857, 1.100, 355.51, 2.20, 1.104, 355.32, 2.08, 0.006, 317.09, -21.27);
insert into SHOT values (4826, 4852, 4856, 2857, 1.240, 63.81, -1.30, 1.239, 63.64, -1.39, 0.004, 319.72, -26.89);
insert into SHOT values (4827, 4852, 4857, 2857, 1.280, 92.31, -1.10, 1.281, 92.24, -1.34, 0.006, 40.02, -69.96);
insert into SHOT values (4828, 4852, 4858, 2857, 4.100, 0.81, 71.30, 4.070, 359.56, 71.52, 0.044, 229.47, -32.13);
insert into SHOT values (4829, 4858, 4859, 2857, 0.950, 257.41, -6.90, 0.951, 257.14, -7.25, 0.007, 174.37, -53.15);
insert into SHOT values (4830, 4858, 4860, 2857, 1.070, 278.31, -4.70, 1.064, 278.13, -4.85, 0.007, 127.99, -19.37);
insert into SHOT values (4831, 4858, 4861, 2857, 0.530, 340.71, 2.50, 0.528, 341.22, 2.17, 0.006, 87.22, -32.21);
insert into SHOT values (4832, 4858, 4862, 2857, 2.070, 191.41, 80.10, 2.054, 194.04, 79.59, 0.030, 240.41, -40.37);
insert into SHOT values (4833, 4862, 4863, 2857, 1.620, 45.21, -6.70, 1.616, 45.25, -6.75, 0.004, 206.66, -13.96);
insert into SHOT values (4834, 4862, 4864, 2857, 1.150, 71.01, -4.90, 1.145, 71.09, -4.51, 0.009, 229.67, 61.42);
insert into SHOT values (4835, 4862, 4865, 2857, 1.370, 1.81, 0.40, 1.361, 1.68, 0.42, 0.010, 199.01, 2.54);
insert into SHOT values (4836, 4862, 4866, 2857, 1.560, 102.71, -72.70, 1.560, 103.74, -72.73, 0.008, 197.72, -3.93);
insert into SHOT values (4837, 4862, 4867, 2857, 1.060, 84.41, 28.30, 1.056, 84.41, 28.89, 0.012, 263.81, 39.95);
insert into SCRAPS values (2859, 2853, 'SP-William-1', 1, 54.82368, 8.86375);
 insert into SCRAPS values (2876, 2853, 'SP-William-2', 1, 19.69332, 1.75485);
 insert into SCRAPS values (2885, 2853, 'SC-William-1', 2, 29.82040, 2.19507);
 insert into MAPS values (2906, 2853, 'MP-William-plan-tot', 'William', 1, 55.400, -34.810);
 insert into MAPITEMS values (2906, 4, 2859);
 insert into MAPITEMS values (2906, 4, 2876);
 insert into MAPS values (2907, 2853, 'MC-William-coupe-tot', 'William', 2, 55.400, -34.810);
 insert into MAPITEMS values (2907, 4, 2885);
 insert into MAPS values (2909, 57, 'MP-Ded-tot', 'Synthese topographie du Reseau Ded', 1, 2718.181, -692.900);
 insert into MAPITEMS values (2909, 4, 1775);
 insert into MAPITEMS values (2909, 4, 2214);
 insert into MAPITEMS values (2909, 4, 2797);
 insert into MAPITEMS values (2909, 4, 2435);
 insert into MAPITEMS values (2909, 4, 328);
 insert into MAPITEMS values (2909, 4, 2850);
 insert into MAPITEMS values (2909, 4, 2906);
 insert into MAPITEMS values (2909, 4, 2721);
 insert into MAPITEMS values (2909, 4, 2608);
 insert into MAPS values (2910, 57, 'MC-Ded-tot', 'Synthese topographie du Reseau Ded', 2, 2718.181, -692.900);
 insert into MAPITEMS values (2910, 4, 1776);
 insert into MAPITEMS values (2910, 4, 2215);
 insert into MAPITEMS values (2910, 4, 2798);
 insert into MAPITEMS values (2910, 4, 2436);
 insert into MAPITEMS values (2910, 4, 329);
 insert into MAPITEMS values (2910, 4, 2851);
 insert into MAPITEMS values (2910, 4, 2907);
 insert into MAPITEMS values (2910, 4, 2722);
 insert into MAPITEMS values (2910, 4, 2609);
 insert into STATION values (1, 'FT.0', 61, 246848.16, 5024244.29, 1397.16);
insert into STATION values (2, '.', 61, 246846.50, 5024246.69, 1396.89);
insert into STATION values (3, '.', 61, 246849.02, 5024246.66, 1397.07);
insert into STATION values (4, '.', 61, 246850.12, 5024245.49, 1397.15);
insert into STATION values (5, '.', 61, 246851.63, 5024244.23, 1397.54);
insert into STATION values (6, '.', 61, 246847.57, 5024244.70, 1393.40);
insert into STATION values (7, '.', 61, 246846.26, 5024246.58, 1396.01);
insert into STATION values (8, '.', 61, 246846.23, 5024246.59, 1399.58);
insert into STATION values (9, '.', 61, 246849.22, 5024246.05, 1401.70);
insert into STATION values (10, '.', 61, 246851.22, 5024242.46, 1401.94);
insert into STATION values (11, '.', 61, 246849.34, 5024243.36, 1405.53);
insert into STATION values (12, 'FT.1', 61, 246849.47, 5024245.61, 1398.35);
insert into STATION values (13, 'FT.2', 61, 246846.52, 5024242.54, 1405.99);
insert into STATION values (14, '.', 61, 246845.38, 5024242.57, 1406.06);
insert into STATION values (15, '.', 61, 246846.59, 5024240.87, 1405.96);
insert into STATION values (16, '.', 61, 246845.40, 5024247.95, 1406.23);
insert into STATION values (17, '.', 61, 246848.28, 5024244.56, 1406.36);
insert into STATION values (18, '.', 61, 246848.57, 5024242.00, 1406.04);
insert into STATION values (19, '.', 61, 246849.18, 5024243.57, 1405.74);
insert into STATION values (20, '.', 61, 246845.24, 5024247.26, 1412.56);
insert into STATION values (21, '.', 61, 246846.28, 5024243.31, 1410.61);
insert into STATION values (22, 'FT.3', 61, 246844.33, 5024242.91, 1414.75);
insert into STATION values (23, '.', 61, 246844.74, 5024242.75, 1414.75);
insert into STATION values (24, '.', 61, 246844.84, 5024243.03, 1414.71);
insert into STATION values (25, '.', 61, 246844.52, 5024243.24, 1414.75);
insert into STATION values (26, '.', 61, 246844.51, 5024242.82, 1415.07);
insert into STATION values (27, '.', 61, 246844.74, 5024242.26, 1413.85);
insert into STATION values (28, '.', 61, 246844.09, 5024241.96, 1413.84);
insert into STATION values (29, '.', 61, 246842.91, 5024242.63, 1412.99);
insert into STATION values (30, '.', 61, 246844.11, 5024244.37, 1412.60);
insert into STATION values (31, '.', 61, 246844.72, 5024243.23, 1407.11);
insert into STATION values (32, '.', 61, 246843.18, 5024243.27, 1408.09);
insert into STATION values (33, '.', 61, 246842.65, 5024242.87, 1409.51);
insert into STATION values (34, '.', 61, 246842.57, 5024244.17, 1409.61);
insert into STATION values (35, '.', 61, 246843.89, 5024242.44, 1411.70);
insert into STATION values (36, 'FT.4', 61, 246844.44, 5024240.55, 1415.76);
insert into STATION values (37, '.', 61, 246845.49, 5024240.22, 1415.81);
insert into STATION values (38, '.', 61, 246845.50, 5024241.25, 1415.76);
insert into STATION values (39, '.', 61, 246844.55, 5024241.54, 1415.75);
insert into STATION values (40, '.', 61, 246844.07, 5024241.65, 1415.67);
insert into STATION values (41, '.', 61, 246843.97, 5024240.82, 1415.83);
insert into STATION values (42, '.', 61, 246844.53, 5024240.61, 1414.83);
insert into STATION values (43, '.', 61, 246845.06, 5024241.29, 1417.85);
insert into STATION values (44, '.', 61, 246844.90, 5024240.74, 1418.58);
insert into STATION values (45, '.', 61, 246844.13, 5024242.12, 1418.96);
insert into STATION values (46, '.', 61, 246844.89, 5024241.54, 1417.86);
insert into STATION values (47, 'FT.5', 61, 246844.40, 5024241.57, 1420.14);
insert into STATION values (48, '.', 61, 246846.26, 5024241.70, 1420.15);
insert into STATION values (49, '.', 61, 246847.01, 5024239.76, 1420.63);
insert into STATION values (50, '.', 61, 246845.71, 5024239.38, 1420.78);
insert into STATION values (51, '.', 61, 246844.52, 5024239.24, 1420.50);
insert into STATION values (52, '.', 61, 246845.27, 5024241.17, 1422.05);
insert into STATION values (53, '.', 61, 246844.32, 5024241.47, 1422.85);
insert into STATION values (54, '.', 61, 246844.14, 5024240.67, 1421.57);
insert into STATION values (55, '.', 61, 246845.43, 5024238.85, 1422.70);
insert into STATION values (56, '.', 61, 246844.71, 5024239.07, 1420.35);
insert into STATION values (57, 'FT.6', 61, 246845.16, 5024238.32, 1422.96);
insert into STATION values (58, '.', 61, 246844.22, 5024238.04, 1423.08);
insert into STATION values (59, '.', 61, 246844.26, 5024239.02, 1423.09);
insert into STATION values (60, '.', 61, 246843.95, 5024237.84, 1422.96);
insert into STATION values (61, '.', 61, 246844.70, 5024240.12, 1422.60);
insert into STATION values (62, '.', 61, 246845.42, 5024240.22, 1422.84);
insert into STATION values (63, '.', 61, 246846.27, 5024240.19, 1422.87);
insert into STATION values (64, '.', 61, 246844.53, 5024238.91, 1426.32);
insert into STATION values (65, 'FT.7', 61, 246842.41, 5024236.48, 1425.36);
insert into STATION values (66, '.', 61, 246840.67, 5024235.95, 1425.67);
insert into STATION values (67, '.', 61, 246841.16, 5024237.25, 1425.59);
insert into STATION values (68, '.', 61, 246842.15, 5024238.71, 1425.26);
insert into STATION values (69, '.', 61, 246843.55, 5024239.32, 1425.21);
insert into STATION values (70, '.', 61, 246842.58, 5024236.57, 1423.77);
insert into STATION values (71, '.', 61, 246843.65, 5024237.51, 1423.45);
insert into STATION values (72, '.', 61, 246840.44, 5024236.77, 1429.43);
insert into STATION values (73, '.', 61, 246840.76, 5024238.27, 1429.41);
insert into STATION values (74, '.', 61, 246842.14, 5024239.51, 1429.37);
insert into STATION values (75, '.', 61, 246842.79, 5024239.75, 1429.69);
insert into STATION values (76, '.', 61, 246842.52, 5024238.15, 1430.36);
insert into STATION values (77, '.', 61, 246841.88, 5024237.50, 1431.30);
insert into STATION values (78, '.', 61, 246840.14, 5024238.85, 1435.97);
insert into STATION values (79, 'FT.8', 61, 246841.13, 5024238.84, 1435.06);
insert into STATION values (80, '.', 61, 246839.60, 5024237.34, 1435.30);
insert into STATION values (81, '.', 61, 246839.75, 5024238.70, 1435.13);
insert into STATION values (82, '.', 61, 246839.93, 5024239.80, 1435.12);
insert into STATION values (83, '.', 61, 246840.40, 5024240.50, 1435.24);
insert into STATION values (84, '.', 61, 246840.51, 5024242.58, 1435.58);
insert into STATION values (85, '.', 61, 246842.41, 5024241.64, 1435.56);
insert into STATION values (86, '.', 61, 246843.04, 5024241.07, 1435.43);
insert into STATION values (87, '.', 61, 246840.21, 5024238.22, 1433.05);
insert into STATION values (88, '.', 61, 246840.48, 5024238.73, 1433.15);
insert into STATION values (89, '.', 61, 246841.02, 5024239.36, 1433.43);
insert into STATION values (90, 'FT.9', 61, 246841.60, 5024242.33, 1435.54);
insert into STATION values (91, '.', 61, 246841.52, 5024242.31, 1434.05);
insert into STATION values (92, '.', 61, 246841.67, 5024240.48, 1433.96);
insert into STATION values (93, '.', 61, 246842.56, 5024240.68, 1434.42);
insert into STATION values (94, '.', 61, 246840.41, 5024237.84, 1435.49);
insert into STATION values (95, '.', 61, 246840.30, 5024241.46, 1435.52);
insert into STATION values (96, '.', 61, 246840.51, 5024242.69, 1435.45);
insert into STATION values (97, '.', 61, 246842.90, 5024240.56, 1435.81);
insert into STATION values (98, '.', 61, 246841.97, 5024239.69, 1435.75);
insert into STATION values (99, 'FT.10', 61, 246838.55, 5024242.08, 1444.42);
insert into STATION values (100, '.', 61, 246838.91, 5024243.33, 1444.58);
insert into STATION values (101, '.', 61, 246841.08, 5024243.52, 1444.88);
insert into STATION values (102, '.', 61, 246840.59, 5024240.93, 1444.57);
insert into STATION values (103, '.', 61, 246839.03, 5024240.18, 1445.01);
insert into STATION values (104, '.', 61, 246838.60, 5024240.29, 1444.46);
insert into STATION values (105, '.', 61, 246838.27, 5024241.82, 1444.36);
insert into STATION values (106, '.', 61, 246838.74, 5024242.05, 1448.14);
insert into STATION values (107, '.', 61, 246839.99, 5024242.12, 1447.44);
insert into STATION values (108, '.', 61, 246840.51, 5024241.89, 1446.18);
insert into STATION values (109, 'FT.11', 61, 246834.91, 5024241.85, 1456.59);
insert into STATION values (110, '.', 61, 246834.24, 5024241.76, 1456.63);
insert into STATION values (111, '.', 61, 246834.25, 5024242.24, 1456.62);
insert into STATION values (112, '.', 61, 246831.73, 5024246.67, 1456.86);
insert into STATION values (113, '.', 61, 246834.94, 5024242.93, 1456.69);
insert into STATION values (114, '.', 61, 246834.81, 5024242.17, 1455.47);
insert into STATION values (115, '.', 61, 246834.80, 5024242.52, 1455.64);
insert into STATION values (116, '.', 61, 246834.55, 5024242.11, 1457.68);
insert into STATION values (117, '.', 61, 246833.47, 5024243.10, 1460.09);
insert into STATION values (118, 'FT.12', 61, 246832.76, 5024247.54, 1458.29);
insert into STATION values (119, '.', 61, 246836.93, 5024250.65, 1458.36);
insert into STATION values (120, '.', 61, 246836.26, 5024248.01, 1458.63);
insert into STATION values (121, '.', 61, 246835.08, 5024246.11, 1458.20);
insert into STATION values (122, '.', 61, 246834.06, 5024246.56, 1452.04);
insert into STATION values (123, '.', 61, 246832.92, 5024246.09, 1458.67);
insert into STATION values (124, '.', 61, 246834.81, 5024245.34, 1458.70);
insert into STATION values (125, '.', 61, 246837.99, 5024249.15, 1453.76);
insert into STATION values (126, '.', 61, 246832.89, 5024245.91, 1454.65);
insert into STATION values (127, 'FT.13', 61, 246830.05, 5024245.75, 1468.02);
insert into STATION values (128, '.', 61, 246829.51, 5024245.95, 1467.98);
insert into STATION values (129, '.', 61, 246830.23, 5024246.94, 1467.86);
insert into STATION values (130, '.', 61, 246829.23, 5024243.48, 1467.85);
insert into STATION values (131, '.', 61, 246827.99, 5024243.38, 1467.83);
insert into STATION values (132, '.', 61, 246828.00, 5024244.15, 1467.80);
insert into STATION values (133, '.', 61, 246826.33, 5024244.15, 1469.96);
insert into STATION values (134, '.', 61, 246830.62, 5024244.69, 1461.51);
insert into STATION values (135, '.', 61, 246828.63, 5024244.35, 1463.97);
insert into STATION values (136, '.', 61, 246830.25, 5024246.16, 1464.36);
insert into STATION values (137, '.', 61, 246832.98, 5024246.17, 1463.10);
insert into STATION values (138, 'FT.14', 61, 246831.17, 5024247.99, 1468.02);
insert into STATION values (139, '.', 61, 246831.40, 5024247.78, 1468.04);
insert into STATION values (140, '.', 61, 246830.97, 5024248.13, 1468.01);
insert into STATION values (141, '.', 61, 246832.05, 5024248.75, 1468.74);
insert into STATION values (142, '.', 61, 246830.82, 5024248.30, 1469.28);
insert into STATION values (143, '.', 61, 246830.99, 5024248.04, 1469.88);
insert into STATION values (144, '.', 61, 246831.56, 5024248.43, 1469.76);
insert into STATION values (145, 'FT.15', 61, 246831.02, 5024248.41, 1470.22);
insert into STATION values (146, '.', 61, 246830.69, 5024248.78, 1470.09);
insert into STATION values (147, '.', 61, 246830.60, 5024248.42, 1470.13);
insert into STATION values (148, '.', 61, 246830.51, 5024249.05, 1470.98);
insert into STATION values (149, '.', 61, 246831.01, 5024249.05, 1470.67);
insert into STATION values (150, '.', 61, 246830.85, 5024248.93, 1470.42);
insert into STATION values (151, '.', 61, 246831.50, 5024248.18, 1468.23);
insert into STATION values (152, '.', 61, 246829.65, 5024247.18, 1470.47);
insert into STATION values (153, 'FT.16', 61, 246830.09, 5024250.52, 1471.59);
insert into STATION values (154, '.', 61, 246829.55, 5024249.39, 1471.63);
insert into STATION values (155, '.', 61, 246828.95, 5024250.30, 1471.95);
insert into STATION values (156, '.', 61, 246827.91, 5024251.89, 1472.28);
insert into STATION values (157, '.', 61, 246828.87, 5024252.94, 1472.25);
insert into STATION values (158, '.', 61, 246830.21, 5024252.29, 1471.77);
insert into STATION values (159, '.', 61, 246830.86, 5024252.28, 1471.77);
insert into STATION values (160, '.', 61, 246832.07, 5024252.20, 1471.67);
insert into STATION values (161, '.', 61, 246832.22, 5024251.41, 1471.83);
insert into STATION values (162, '.', 61, 246831.29, 5024250.03, 1471.66);
insert into STATION values (163, '.', 61, 246830.78, 5024249.58, 1471.57);
insert into STATION values (164, '.', 61, 246831.02, 5024250.98, 1470.52);
insert into STATION values (165, '.', 61, 246829.20, 5024251.81, 1477.61);
insert into STATION values (166, '.', 61, 246828.10, 5024253.26, 1473.08);
insert into STATION values (167, '.', 61, 246827.71, 5024254.06, 1474.20);
insert into STATION values (168, 'FT.17', 61, 246827.98, 5024253.76, 1474.85);
insert into STATION values (169, '.', 61, 246829.31, 5024254.62, 1474.72);
insert into STATION values (170, '.', 61, 246827.82, 5024253.70, 1473.64);
insert into STATION values (171, '.', 61, 246827.47, 5024252.44, 1475.14);
insert into STATION values (172, '.', 61, 246826.44, 5024256.67, 1475.75);
insert into STATION values (173, '.', 61, 246828.11, 5024255.72, 1475.11);
insert into STATION values (174, 'FT.18', 61, 246827.81, 5024255.04, 1476.26);
insert into STATION values (175, '.', 61, 246827.74, 5024256.70, 1476.21);
insert into STATION values (176, '.', 61, 246826.07, 5024256.06, 1476.11);
insert into STATION values (177, '.', 61, 246826.82, 5024254.61, 1476.09);
insert into STATION values (178, '.', 61, 246827.66, 5024255.01, 1474.54);
insert into STATION values (179, '.', 61, 246828.94, 5024255.59, 1475.08);
insert into STATION values (180, 'FT.19', 61, 246826.55, 5024256.76, 1486.47);
insert into STATION values (181, '.', 61, 246826.57, 5024257.37, 1486.45);
insert into STATION values (182, '.', 61, 246826.84, 5024256.99, 1486.47);
insert into STATION values (183, '.', 61, 246826.08, 5024256.38, 1486.46);
insert into STATION values (184, '.', 61, 246826.54, 5024255.99, 1486.63);
insert into STATION values (185, '.', 61, 246827.17, 5024256.46, 1486.51);
insert into STATION values (186, '.', 61, 246826.90, 5024256.20, 1486.49);
insert into STATION values (187, '.', 61, 246827.53, 5024255.78, 1484.25);
insert into STATION values (188, '.', 61, 246829.89, 5024250.64, 1471.33);
insert into STATION values (189, 'FT.20', 61, 246827.55, 5024255.63, 1488.30);
insert into STATION values (190, '.', 61, 246826.99, 5024255.22, 1488.29);
insert into STATION values (191, '.', 61, 246827.03, 5024255.59, 1488.32);
insert into STATION values (192, '.', 61, 246826.88, 5024255.78, 1488.29);
insert into STATION values (193, '.', 61, 246827.54, 5024255.73, 1486.73);
insert into STATION values (194, '.', 61, 246826.53, 5024257.55, 1488.10);
insert into STATION values (195, '.', 61, 246827.34, 5024255.73, 1489.40);
insert into STATION values (196, 'FT.21', 61, 246826.17, 5024255.96, 1490.73);
insert into STATION values (197, '.', 61, 246825.57, 5024256.42, 1490.78);
insert into STATION values (198, '.', 61, 246825.84, 5024256.99, 1490.67);
insert into STATION values (199, '.', 61, 246826.56, 5024256.59, 1490.64);
insert into STATION values (200, '.', 61, 246826.83, 5024255.61, 1490.62);
insert into STATION values (201, '.', 61, 246826.18, 5024255.99, 1490.93);
insert into STATION values (202, '.', 61, 246826.22, 5024255.90, 1489.40);
insert into STATION values (203, '.', 61, 246826.32, 5024254.67, 1490.35);
insert into STATION values (204, '.', 61, 246826.15, 5024254.57, 1489.61);
insert into STATION values (205, '.', 61, 246825.76, 5024254.16, 1487.70);
insert into STATION values (206, 'FT.22', 61, 246826.08, 5024253.19, 1490.41);
insert into STATION values (207, '.', 61, 246825.56, 5024255.08, 1490.41);
insert into STATION values (208, '.', 61, 246826.70, 5024254.37, 1490.29);
insert into STATION values (209, '.', 61, 246827.11, 5024253.48, 1490.27);
insert into STATION values (210, '.', 61, 246823.80, 5024255.26, 1490.08);
insert into STATION values (211, '.', 61, 246824.38, 5024254.76, 1488.75);
insert into STATION values (212, '.', 61, 246825.40, 5024254.50, 1487.88);
insert into STATION values (213, '.', 61, 246825.57, 5024254.25, 1495.85);
insert into STATION values (214, '.', 61, 246823.05, 5024254.33, 1496.12);
insert into STATION values (215, '.', 61, 246822.79, 5024254.47, 1492.88);
insert into STATION values (216, '.', 61, 246823.07, 5024254.78, 1491.82);
insert into STATION values (217, '.', 61, 246823.47, 5024255.03, 1490.48);
insert into STATION values (218, '.', 61, 246823.95, 5024255.31, 1490.21);
insert into STATION values (219, '.', 61, 246819.96, 5024258.45, 1493.88);
insert into STATION values (220, 'FT.23', 61, 246823.25, 5024254.37, 1498.89);
insert into STATION values (221, '.', 61, 246823.48, 5024253.64, 1498.77);
insert into STATION values (222, '.', 61, 246821.68, 5024252.31, 1498.93);
insert into STATION values (223, '.', 61, 246822.79, 5024254.20, 1498.90);
insert into STATION values (224, '.', 61, 246822.96, 5024255.27, 1498.79);
insert into STATION values (225, '.', 61, 246821.69, 5024255.65, 1498.66);
insert into STATION values (226, '.', 61, 246821.07, 5024254.73, 1498.63);
insert into STATION values (227, '.', 61, 246822.95, 5024254.86, 1488.58);
insert into STATION values (228, '.', 61, 246822.66, 5024254.68, 1497.45);
insert into STATION values (229, '.', 61, 246820.85, 5024254.77, 1500.15);
insert into STATION values (230, 'FT.24', 61, 246821.66, 5024255.49, 1499.41);
insert into STATION values (231, '.', 61, 246821.05, 5024254.68, 1499.36);
insert into STATION values (232, '.', 61, 246821.59, 5024254.22, 1499.18);
insert into STATION values (233, '.', 61, 246822.19, 5024253.98, 1499.16);
insert into STATION values (234, '.', 61, 246822.27, 5024255.77, 1499.43);
insert into STATION values (235, '.', 61, 246822.39, 5024255.13, 1499.47);
insert into STATION values (236, 'FT.25', 61, 246821.25, 5024255.24, 1506.01);
insert into STATION values (237, '.', 61, 246822.27, 5024256.31, 1486.24);
insert into STATION values (238, '.', 61, 246821.36, 5024255.25, 1506.05);
insert into STATION values (239, '.', 61, 246821.63, 5024253.91, 1505.89);
insert into STATION values (240, '.', 61, 246821.03, 5024255.08, 1506.06);
insert into STATION values (241, '.', 61, 246820.81, 5024255.77, 1505.76);
insert into STATION values (242, '.', 61, 246820.82, 5024258.50, 1493.88);
insert into STATION values (243, '.', 61, 246821.25, 5024255.38, 1505.26);
insert into STATION values (244, '.', 61, 246820.96, 5024258.37, 1494.11);
insert into STATION values (245, 'FT.26', 61, 246821.54, 5024252.93, 1507.68);
insert into STATION values (246, '.', 61, 246821.82, 5024253.26, 1507.61);
insert into STATION values (247, '.', 61, 246821.97, 5024253.24, 1506.38);
insert into STATION values (248, '.', 61, 246822.15, 5024252.81, 1507.57);
insert into STATION values (249, '.', 61, 246821.75, 5024253.13, 1509.34);
insert into STATION values (250, '.', 61, 246821.45, 5024252.98, 1506.65);
insert into STATION values (251, '.', 61, 246821.21, 5024254.12, 1507.22);
insert into STATION values (252, '.', 61, 246822.08, 5024253.10, 1507.63);
insert into STATION values (253, '.', 61, 246822.09, 5024253.09, 1507.63);
insert into STATION values (254, '.', 61, 246822.11, 5024253.06, 1507.64);
insert into STATION values (255, '.', 61, 246822.12, 5024253.08, 1507.64);
insert into STATION values (256, 'FT.27', 61, 246822.11, 5024253.05, 1507.64);
insert into STATION values (257, '.', 61, 246821.90, 5024252.81, 1507.54);
insert into STATION values (258, '.', 61, 246821.76, 5024252.72, 1506.75);
insert into STATION values (259, '.', 61, 246822.42, 5024253.34, 1506.49);
insert into STATION values (260, '.', 61, 246822.41, 5024252.44, 1507.12);
insert into STATION values (261, '.', 61, 246822.24, 5024252.18, 1507.75);
insert into STATION values (262, '.', 61, 246822.39, 5024251.63, 1507.29);
insert into STATION values (263, 'FT.28', 61, 246822.37, 5024251.56, 1507.27);
insert into STATION values (264, '.', 61, 246822.60, 5024250.12, 1506.92);
insert into STATION values (265, '.', 61, 246822.69, 5024251.71, 1507.20);
insert into STATION values (266, '.', 61, 246822.65, 5024251.66, 1505.77);
insert into STATION values (267, '.', 61, 246822.68, 5024251.75, 1507.90);
insert into STATION values (268, 'FT.29', 61, 246823.26, 5024250.47, 1506.83);
insert into STATION values (269, '.', 61, 246823.28, 5024250.48, 1505.63);
insert into STATION values (270, '.', 61, 246822.92, 5024250.04, 1506.82);
insert into STATION values (271, '.', 61, 246823.38, 5024250.08, 1506.78);
insert into STATION values (272, '.', 61, 246822.91, 5024250.54, 1506.80);
insert into STATION values (273, '.', 61, 246822.77, 5024250.18, 1509.90);
insert into STATION values (274, 'FT.30', 61, 246822.83, 5024249.54, 1509.61);
insert into STATION values (275, '.', 61, 246822.57, 5024249.61, 1509.61);
insert into STATION values (276, '.', 61, 246822.48, 5024249.56, 1512.43);
insert into STATION values (277, '.', 61, 246822.44, 5024249.57, 1507.85);
insert into STATION values (278, '.', 61, 246823.06, 5024249.62, 1510.34);
insert into STATION values (279, '.', 61, 246822.89, 5024249.88, 1510.62);
insert into STATION values (280, 'FT.31', 61, 246822.60, 5024248.43, 1511.30);
insert into STATION values (281, '.', 61, 246822.99, 5024248.28, 1511.32);
insert into STATION values (282, '.', 61, 246823.07, 5024248.23, 1510.68);
insert into STATION values (283, '.', 61, 246823.25, 5024248.05, 1512.21);
insert into STATION values (284, '.', 61, 246821.27, 5024247.38, 1511.48);
insert into STATION values (285, '.', 61, 246822.78, 5024249.82, 1511.08);
insert into STATION values (286, 'FT.32', 61, 246823.00, 5024248.30, 1511.56);
insert into STATION values (287, 'FT.33', 61, 246821.23, 5024247.32, 1516.21);
insert into STATION values (288, '.', 61, 246821.57, 5024247.45, 1516.28);
insert into STATION values (289, '.', 61, 246821.56, 5024248.05, 1516.09);
insert into STATION values (290, '.', 61, 246820.94, 5024247.67, 1516.14);
insert into STATION values (291, '.', 61, 246822.14, 5024247.81, 1512.97);
insert into STATION values (292, '.', 61, 246822.49, 5024247.20, 1512.48);
insert into STATION values (293, '.', 61, 246821.20, 5024247.57, 1515.09);
insert into STATION values (294, '.', 61, 246819.95, 5024247.27, 1515.03);
insert into STATION values (295, 'FT.34', 61, 246819.96, 5024246.87, 1515.55);
insert into STATION values (296, '.', 61, 246820.32, 5024246.54, 1515.46);
insert into STATION values (297, '.', 61, 246819.65, 5024246.56, 1513.57);
insert into STATION values (298, '.', 61, 246819.77, 5024246.21, 1515.46);
insert into STATION values (299, '.', 61, 246820.78, 5024247.37, 1515.35);
insert into STATION values (300, '.', 61, 246820.01, 5024246.54, 1516.58);
insert into STATION values (301, 'FT.35', 61, 246819.99, 5024245.15, 1514.32);
insert into STATION values (302, '.', 61, 246819.84, 5024245.39, 1514.30);
insert into STATION values (303, '.', 61, 246819.69, 5024245.30, 1513.12);
insert into STATION values (304, '.', 61, 246819.88, 5024245.02, 1515.29);
insert into STATION values (305, '.', 61, 246820.22, 5024245.36, 1514.50);
insert into STATION values (306, 'FT.36', 61, 246818.55, 5024244.91, 1514.33);
insert into STATION values (307, '.', 61, 246818.67, 5024245.02, 1512.81);
insert into STATION values (308, '.', 61, 246818.66, 5024245.25, 1514.32);
insert into STATION values (309, '.', 61, 246818.77, 5024244.61, 1514.26);
insert into STATION values (310, '.', 61, 246819.34, 5024244.88, 1514.22);
insert into STATION values (311, '.', 61, 246820.11, 5024245.11, 1514.27);
insert into STATION values (312, '.', 61, 246819.11, 5024244.63, 1517.72);
insert into STATION values (313, 'FT.37', 61, 246818.61, 5024244.13, 1516.21);
insert into STATION values (314, '.', 61, 246818.30, 5024244.49, 1516.24);
insert into STATION values (315, '.', 61, 246818.83, 5024244.96, 1516.18);
insert into STATION values (316, '.', 61, 246819.49, 5024245.06, 1516.17);
insert into STATION values (317, '.', 61, 246818.63, 5024244.50, 1519.17);
insert into STATION values (318, '.', 61, 246817.74, 5024243.67, 1516.35);
insert into STATION values (319, '.', 61, 246817.45, 5024244.07, 1516.28);
insert into STATION values (320, '.', 61, 246817.41, 5024244.43, 1517.72);
insert into STATION values (321, '.', 61, 246815.01, 5024243.39, 1525.00);
insert into STATION values (322, '.', 61, 246815.49, 5024243.62, 1519.12);
insert into STATION values (323, 'FT.38', 61, 246815.50, 5024243.91, 1517.14);
insert into STATION values (324, '.', 61, 246816.92, 5024243.40, 1516.70);
insert into STATION values (325, '.', 61, 246817.62, 5024244.08, 1516.90);
insert into STATION values (326, '.', 61, 246817.06, 5024244.79, 1516.87);
insert into STATION values (327, '.', 61, 246816.49, 5024245.99, 1516.84);
insert into STATION values (328, '.', 61, 246815.25, 5024246.59, 1516.96);
insert into STATION values (329, '.', 61, 246814.20, 5024246.76, 1517.16);
insert into STATION values (330, '.', 61, 246815.74, 5024245.61, 1521.14);
insert into STATION values (331, '.', 61, 246812.99, 5024247.68, 1524.96);
insert into STATION values (332, '.', 61, 246817.10, 5024244.46, 1520.77);
insert into STATION values (333, 'FT.39', 61, 246814.37, 5024243.78, 1527.61);
insert into STATION values (334, '.', 61, 246815.07, 5024243.87, 1527.61);
insert into STATION values (335, '.', 61, 246815.33, 5024243.36, 1527.65);
insert into STATION values (336, '.', 61, 246816.25, 5024240.98, 1527.74);
insert into STATION values (337, '.', 61, 246814.98, 5024244.96, 1527.47);
insert into STATION values (338, '.', 61, 246813.91, 5024245.54, 1527.82);
insert into STATION values (339, '.', 61, 246814.28, 5024245.77, 1515.93);
insert into STATION values (340, '.', 61, 246812.23, 5024246.75, 1520.06);
insert into STATION values (341, '.', 61, 246811.01, 5024248.30, 1522.28);
insert into STATION values (342, '.', 61, 246811.33, 5024248.40, 1525.66);
insert into STATION values (343, '.', 61, 246814.52, 5024243.75, 1528.82);
insert into STATION values (344, 'FT.40', 61, 246814.75, 5024243.08, 1529.47);
insert into STATION values (345, '.', 61, 246814.53, 5024242.85, 1529.44);
insert into STATION values (346, '.', 61, 246815.09, 5024241.52, 1528.71);
insert into STATION values (347, '.', 61, 246814.76, 5024242.58, 1529.90);
insert into STATION values (348, '.', 61, 246814.74, 5024242.52, 1530.32);
insert into STATION values (349, '.', 61, 246815.18, 5024242.83, 1530.55);
insert into STATION values (350, '.', 61, 246814.86, 5024242.57, 1530.38);
insert into STATION values (351, 'FT.41', 61, 246814.84, 5024242.57, 1530.38);
insert into STATION values (352, '.', 61, 246815.05, 5024242.60, 1530.40);
insert into STATION values (353, '.', 61, 246815.28, 5024242.02, 1530.31);
insert into STATION values (354, '.', 61, 246815.17, 5024241.86, 1530.26);
insert into STATION values (355, '.', 61, 246814.75, 5024242.37, 1529.57);
insert into STATION values (356, '.', 61, 246815.02, 5024242.25, 1531.20);
insert into STATION values (357, '.', 61, 246814.78, 5024243.10, 1530.03);
insert into STATION values (358, 'FT.42', 61, 246816.10, 5024240.83, 1532.82);
insert into STATION values (359, '.', 61, 246816.33, 5024240.97, 1532.82);
insert into STATION values (360, '.', 61, 246816.44, 5024240.99, 1531.64);
insert into STATION values (361, '.', 61, 246816.20, 5024240.98, 1533.25);
insert into STATION values (362, '.', 61, 246816.73, 5024240.47, 1532.71);
insert into STATION values (363, '.', 61, 246816.24, 5024241.20, 1532.62);
insert into STATION values (364, '.', 61, 246817.22, 5024239.17, 1532.98);
insert into STATION values (365, 'FT.43', 61, 246817.52, 5024238.71, 1533.02);
insert into STATION values (366, '.', 61, 246817.24, 5024238.90, 1533.00);
insert into STATION values (367, '.', 61, 246817.29, 5024238.84, 1532.40);
insert into STATION values (368, '.', 61, 246817.30, 5024238.85, 1533.46);
insert into STATION values (369, '.', 61, 246817.15, 5024238.60, 1532.99);
insert into STATION values (370, '.', 61, 246817.73, 5024239.09, 1532.97);
insert into STATION values (371, 'FT.44', 61, 246817.08, 5024238.54, 1533.06);
insert into STATION values (372, '.', 61, 246817.43, 5024238.43, 1533.05);
insert into STATION values (373, '.', 61, 246817.15, 5024238.18, 1532.99);
insert into STATION values (374, '.', 61, 246817.42, 5024238.32, 1533.81);
insert into STATION values (375, 'FT.45', 61, 246818.46, 5024236.10, 1533.34);
insert into STATION values (376, '.', 61, 246817.89, 5024236.09, 1533.33);
insert into STATION values (377, '.', 61, 246816.53, 5024237.74, 1533.66);
insert into STATION values (378, '.', 61, 246817.50, 5024238.32, 1533.77);
insert into STATION values (379, '.', 61, 246818.90, 5024236.79, 1533.37);
insert into STATION values (380, '.', 61, 246818.86, 5024236.58, 1530.43);
insert into STATION values (381, '.', 61, 246817.95, 5024236.75, 1538.44);
insert into STATION values (382, 'FT.46', 61, 246819.71, 5024236.32, 1533.56);
insert into STATION values (383, '.', 61, 246819.21, 5024235.86, 1533.41);
insert into STATION values (384, '.', 61, 246820.08, 5024235.03, 1533.49);
insert into STATION values (385, '.', 61, 246819.60, 5024235.71, 1530.67);
insert into STATION values (386, '.', 61, 246819.68, 5024236.01, 1534.17);
insert into STATION values (387, 'FT.47', 61, 246818.26, 5024232.76, 1535.92);
insert into STATION values (388, '.', 61, 246818.98, 5024235.53, 1530.79);
insert into STATION values (389, '.', 61, 246818.75, 5024233.76, 1532.45);
insert into STATION values (390, '.', 61, 246818.46, 5024232.98, 1534.17);
insert into STATION values (391, '.', 61, 246819.14, 5024232.17, 1534.07);
insert into STATION values (392, '.', 61, 246819.51, 5024231.85, 1535.08);
insert into STATION values (393, '.', 61, 246819.59, 5024231.84, 1535.59);
insert into STATION values (394, '.', 61, 246821.47, 5024230.46, 1535.98);
insert into STATION values (395, '.', 61, 246819.15, 5024236.02, 1535.77);
insert into STATION values (396, '.', 61, 246819.28, 5024234.35, 1535.86);
insert into STATION values (397, '.', 61, 246819.21, 5024233.45, 1535.88);
insert into STATION values (398, '.', 61, 246819.06, 5024232.95, 1535.91);
insert into STATION values (399, '.', 61, 246819.28, 5024232.56, 1535.88);
insert into STATION values (400, '.', 61, 246818.67, 5024233.59, 1540.08);
insert into STATION values (401, 'FT.48', 61, 246821.15, 5024230.71, 1535.41);
insert into STATION values (402, '.', 61, 246821.50, 5024232.19, 1535.33);
insert into STATION values (403, '.', 61, 246820.79, 5024232.91, 1535.30);
insert into STATION values (404, '.', 61, 246820.26, 5024232.13, 1535.22);
insert into STATION values (405, '.', 61, 246819.63, 5024231.40, 1535.10);
insert into STATION values (406, '.', 61, 246818.17, 5024230.30, 1535.71);
insert into STATION values (407, '.', 61, 246818.96, 5024229.77, 1535.73);
insert into STATION values (408, '.', 61, 246819.92, 5024229.72, 1535.54);
insert into STATION values (409, '.', 61, 246820.74, 5024229.79, 1535.63);
insert into STATION values (410, '.', 61, 246820.06, 5024229.91, 1535.49);
insert into STATION values (411, '.', 61, 246820.27, 5024229.84, 1548.70);
insert into STATION values (412, '.', 61, 246820.85, 5024232.18, 1533.19);
insert into STATION values (413, '.', 61, 246821.05, 5024230.72, 1533.81);
insert into STATION values (414, '.', 61, 246818.37, 5024233.20, 1536.54);
insert into STATION values (415, '.', 61, 246818.67, 5024232.94, 1537.99);
insert into STATION values (416, '.', 61, 246818.24, 5024233.39, 1540.64);
insert into STATION values (417, '.', 61, 246820.83, 5024231.08, 1540.67);
insert into STATION values (418, '.', 61, 246819.39, 5024230.89, 1547.27);
insert into STATION values (419, '.', 61, 246818.42, 5024231.23, 1546.08);
insert into STATION values (420, '.', 61, 246817.81, 5024230.52, 1544.56);
insert into STATION values (421, '.', 61, 246818.66, 5024229.48, 1543.60);
insert into STATION values (422, '.', 61, 246819.75, 5024229.24, 1544.55);
insert into STATION values (423, '.', 61, 246820.54, 5024229.59, 1551.29);
insert into STATION values (424, '.', 61, 246818.94, 5024229.96, 1550.51);
insert into STATION values (425, '.', 61, 246817.96, 5024230.11, 1547.61);
insert into STATION values (426, '.', 61, 246817.44, 5024230.73, 1547.70);
insert into STATION values (427, 'FT.49', 61, 246817.72, 5024230.47, 1549.05);
insert into STATION values (428, '.', 61, 246817.67, 5024230.93, 1549.06);
insert into STATION values (429, '.', 61, 246818.10, 5024230.98, 1549.09);
insert into STATION values (430, '.', 61, 246818.29, 5024229.94, 1549.02);
insert into STATION values (431, '.', 61, 246819.85, 5024229.39, 1548.77);
insert into STATION values (432, '.', 61, 246817.99, 5024230.40, 1549.02);
insert into STATION values (433, '.', 61, 246818.83, 5024230.69, 1548.96);
insert into STATION values (434, 'FT.50', 61, 246818.39, 5024230.14, 1554.51);
insert into STATION values (435, '.', 61, 246818.14, 5024229.82, 1554.44);
insert into STATION values (436, '.', 61, 246818.41, 5024230.01, 1552.70);
insert into STATION values (437, '.', 61, 246816.70, 5024231.13, 1554.02);
insert into STATION values (438, '.', 61, 246818.37, 5024230.29, 1554.52);
insert into STATION values (439, '.', 61, 246818.96, 5024229.91, 1534.96);
insert into STATION values (440, '.', 61, 246818.26, 5024230.02, 1556.75);
insert into STATION values (441, 'FT.51', 61, 246820.75, 5024229.52, 1554.44);
insert into STATION values (442, '.', 61, 246819.83, 5024230.67, 1554.47);
insert into STATION values (443, '.', 61, 246820.21, 5024228.94, 1554.24);
insert into STATION values (444, '.', 61, 246820.50, 5024229.38, 1553.77);
insert into STATION values (445, '.', 61, 246819.80, 5024228.91, 1554.18);
insert into STATION values (446, '.', 61, 246820.07, 5024229.28, 1555.44);
insert into STATION values (447, '.', 61, 246818.81, 5024229.04, 1555.19);
insert into STATION values (448, '.', 61, 246817.32, 5024229.92, 1556.64);
insert into STATION values (449, 'FT.52', 61, 246821.55, 5024227.98, 1554.55);
insert into STATION values (450, '.', 61, 246821.84, 5024228.24, 1554.58);
insert into STATION values (451, '.', 61, 246821.62, 5024228.10, 1554.16);
insert into STATION values (452, '.', 61, 246821.92, 5024228.00, 1555.42);
insert into STATION values (453, 'FT.53', 61, 246822.64, 5024227.19, 1554.38);
insert into STATION values (454, '.', 61, 246822.45, 5024226.96, 1554.35);
insert into STATION values (455, '.', 61, 246822.60, 5024227.34, 1553.59);
insert into STATION values (456, '.', 61, 246822.47, 5024226.93, 1555.11);
insert into STATION values (457, 'FT.54', 61, 246824.01, 5024225.57, 1552.13);
insert into STATION values (458, '.', 61, 246823.86, 5024226.73, 1551.97);
insert into STATION values (459, '.', 61, 246823.24, 5024226.96, 1551.94);
insert into STATION values (460, '.', 61, 246823.11, 5024225.68, 1551.95);
insert into STATION values (461, '.', 61, 246822.87, 5024225.92, 1551.90);
insert into STATION values (462, '.', 61, 246823.87, 5024226.49, 1551.01);
insert into STATION values (463, '.', 61, 246824.28, 5024226.13, 1554.37);
insert into STATION values (464, 'FT.55', 61, 246824.55, 5024226.85, 1552.29);
insert into STATION values (465, '.', 61, 246823.13, 5024225.51, 1551.97);
insert into STATION values (466, '.', 61, 246824.43, 5024225.79, 1552.13);
insert into STATION values (467, '.', 61, 246825.24, 5024225.56, 1552.07);
insert into STATION values (468, '.', 61, 246824.67, 5024226.38, 1550.57);
insert into STATION values (469, '.', 61, 246826.03, 5024226.62, 1551.80);
insert into STATION values (470, '.', 61, 246825.71, 5024225.42, 1551.87);
insert into STATION values (471, 'FT.56', 61, 246826.60, 5024225.06, 1551.01);
insert into STATION values (472, '.', 61, 246826.35, 5024224.76, 1550.92);
insert into STATION values (473, '.', 61, 246826.53, 5024225.14, 1549.44);
insert into STATION values (474, '.', 61, 246826.08, 5024225.72, 1549.83);
insert into STATION values (475, '.', 61, 246828.69, 5024224.26, 1545.59);
insert into STATION values (476, '.', 61, 246830.82, 5024223.47, 1545.28);
insert into STATION values (477, '.', 61, 246831.29, 5024222.64, 1549.34);
insert into STATION values (478, '.', 61, 246827.14, 5024225.52, 1549.89);
insert into STATION values (479, '.', 61, 246826.60, 5024224.71, 1551.73);
insert into STATION values (480, 'FT.57', 61, 246831.42, 5024223.18, 1546.68);
insert into STATION values (481, '.', 61, 246829.33, 5024222.57, 1547.65);
insert into STATION values (482, '.', 61, 246827.29, 5024224.24, 1547.95);
insert into STATION values (483, '.', 61, 246828.97, 5024225.33, 1547.28);
insert into STATION values (484, '.', 61, 246830.31, 5024225.74, 1547.31);
insert into STATION values (485, '.', 61, 246831.67, 5024224.90, 1546.71);
insert into STATION values (486, '.', 61, 246831.56, 5024223.27, 1545.53);
insert into STATION values (487, '.', 61, 246827.52, 5024224.75, 1559.64);
insert into STATION values (488, '.', 61, 246830.76, 5024223.17, 1550.93);
insert into STATION values (489, '.', 61, 246826.81, 5024224.20, 1552.86);
insert into STATION values (490, 'FT.58', 61, 246830.53, 5024219.88, 1548.33);
insert into STATION values (491, '.', 61, 246830.02, 5024221.09, 1548.10);
insert into STATION values (492, '.', 61, 246831.35, 5024221.65, 1547.99);
insert into STATION values (493, '.', 61, 246831.85, 5024219.48, 1548.09);
insert into STATION values (494, '.', 61, 246831.91, 5024220.23, 1548.18);
insert into STATION values (495, '.', 61, 246830.95, 5024218.70, 1548.07);
insert into STATION values (496, '.', 61, 246831.11, 5024220.25, 1551.35);
insert into STATION values (497, '.', 61, 246830.92, 5024221.16, 1550.35);
insert into STATION values (498, 'FT.59', 61, 246831.36, 5024220.05, 1549.47);
insert into STATION values (499, '.', 61, 246831.88, 5024221.29, 1545.36);
insert into STATION values (500, '.', 61, 246832.00, 5024220.13, 1545.80);
insert into STATION values (501, '.', 61, 246831.41, 5024221.42, 1549.65);
insert into STATION values (502, '.', 61, 246830.44, 5024221.16, 1549.54);
insert into STATION values (503, '.', 61, 246831.25, 5024220.19, 1552.05);
insert into STATION values (504, '.', 61, 246830.24, 5024217.08, 1558.23);
insert into STATION values (505, '.', 61, 246830.89, 5024219.12, 1554.80);
insert into STATION values (506, '.', 61, 246830.62, 5024218.27, 1550.20);
insert into STATION values (507, '.', 61, 246830.43, 5024218.25, 1551.13);
insert into STATION values (508, 'FT.60', 61, 246829.32, 5024215.84, 1559.93);
insert into STATION values (509, '.', 61, 246829.05, 5024216.58, 1554.17);
insert into STATION values (510, '.', 61, 246830.23, 5024215.65, 1559.63);
insert into STATION values (511, '.', 61, 246829.67, 5024216.98, 1560.22);
insert into STATION values (512, '.', 61, 246829.83, 5024215.85, 1563.00);
insert into STATION values (513, '.', 61, 246830.52, 5024211.31, 1573.60);
insert into STATION values (514, 'FT.61', 61, 246830.39, 5024212.90, 1569.14);
insert into STATION values (515, '.', 61, 246830.49, 5024211.70, 1569.25);
insert into STATION values (516, '.', 61, 246830.00, 5024209.93, 1569.37);
insert into STATION values (517, '.', 61, 246829.35, 5024211.46, 1569.13);
insert into STATION values (518, '.', 61, 246828.85, 5024212.07, 1569.11);
insert into STATION values (519, '.', 61, 246827.21, 5024212.67, 1569.10);
insert into STATION values (520, '.', 61, 246826.49, 5024213.87, 1569.00);
insert into STATION values (521, '.', 61, 246827.70, 5024214.79, 1569.25);
insert into STATION values (522, '.', 61, 246829.20, 5024214.96, 1569.27);
insert into STATION values (523, '.', 61, 246830.58, 5024213.92, 1569.01);
insert into STATION values (524, '.', 61, 246829.54, 5024213.50, 1561.98);
insert into STATION values (525, '.', 61, 246829.93, 5024212.67, 1560.69);
insert into STATION values (526, '.', 61, 246828.02, 5024213.50, 1561.16);
insert into STATION values (527, '.', 61, 246827.44, 5024215.08, 1561.24);
insert into STATION values (528, '.', 61, 246826.98, 5024215.01, 1560.59);
insert into STATION values (529, '.', 61, 246827.08, 5024215.56, 1559.57);
insert into STATION values (530, '.', 61, 246828.95, 5024215.68, 1561.08);
insert into STATION values (531, '.', 61, 246829.57, 5024218.12, 1553.28);
insert into STATION values (532, '.', 61, 246827.76, 5024213.48, 1574.82);
insert into STATION values (533, '.', 61, 246829.10, 5024214.69, 1575.72);
insert into STATION values (534, '.', 61, 246830.51, 5024213.19, 1571.89);
insert into STATION values (535, '.', 61, 246828.49, 5024211.57, 1573.37);
insert into STATION values (536, '.', 61, 246827.95, 5024212.00, 1573.59);
insert into STATION values (537, 'FT.63', 61, 246830.15, 5024212.85, 1579.48);
insert into STATION values (538, '.', 61, 246830.75, 5024213.79, 1579.77);
insert into STATION values (539, '.', 61, 246829.86, 5024214.03, 1579.47);
insert into STATION values (540, '.', 61, 246829.55, 5024211.71, 1579.44);
insert into STATION values (541, '.', 61, 246828.64, 5024212.14, 1579.32);
insert into STATION values (542, '.', 61, 246827.75, 5024212.83, 1579.52);
insert into STATION values (543, '.', 61, 246827.18, 5024213.61, 1579.58);
insert into STATION values (544, '.', 61, 246827.51, 5024212.26, 1577.19);
insert into STATION values (545, '.', 61, 246827.28, 5024213.83, 1576.71);
insert into STATION values (546, 'FT.64', 61, 246832.14, 5024213.45, 1582.17);
insert into STATION values (547, '.', 61, 246833.25, 5024212.40, 1582.36);
insert into STATION values (548, '.', 61, 246831.99, 5024212.30, 1582.08);
insert into STATION values (549, '.', 61, 246831.17, 5024212.28, 1582.03);
insert into STATION values (550, '.', 61, 246830.77, 5024213.77, 1581.89);
insert into STATION values (551, '.', 61, 246827.17, 5024212.15, 1581.14);
insert into STATION values (552, '.', 61, 246829.33, 5024213.15, 1581.52);
insert into STATION values (553, '.', 61, 246829.93, 5024212.46, 1581.66);
insert into STATION values (554, '.', 61, 246831.84, 5024213.99, 1579.81);
insert into STATION values (555, 'FT.65', 61, 246832.33, 5024212.07, 1588.28);
insert into STATION values (556, '.', 61, 246829.30, 5024211.71, 1588.27);
insert into STATION values (557, '.', 61, 246828.58, 5024213.00, 1588.39);
insert into STATION values (558, '.', 61, 246830.00, 5024213.22, 1588.30);
insert into STATION values (559, '.', 61, 246831.31, 5024213.22, 1588.44);
insert into STATION values (560, '.', 61, 246831.97, 5024213.74, 1588.38);
insert into STATION values (561, '.', 61, 246833.16, 5024212.35, 1588.24);
insert into STATION values (562, 'FT.66', 61, 246833.06, 5024212.37, 1588.85);
insert into STATION values (563, 'FT.67', 61, 246833.41, 5024212.37, 1589.12);
insert into STATION values (564, 'frb.0', 65, 246831.42, 5024223.18, 1546.68);
insert into STATION values (565, '.', 65, 246831.05, 5024223.12, 1550.57);
insert into STATION values (566, '.', 65, 246826.81, 5024224.46, 1551.47);
insert into STATION values (567, '.', 65, 246827.45, 5024224.67, 1547.48);
insert into STATION values (568, '.', 65, 246829.74, 5024225.30, 1546.53);
insert into STATION values (569, '.', 65, 246830.30, 5024222.56, 1546.44);
insert into STATION values (570, '.', 65, 246829.94, 5024224.56, 1545.43);
insert into STATION values (571, '.', 65, 246830.31, 5024225.99, 1546.86);
insert into STATION values (572, '.', 65, 246830.70, 5024225.56, 1548.45);
insert into STATION values (573, '.', 65, 246828.13, 5024225.78, 1558.39);
insert into STATION values (574, 'frb.1', 65, 246830.65, 5024220.89, 1545.67);
insert into STATION values (575, '.', 65, 246829.72, 5024220.20, 1546.33);
insert into STATION values (576, '.', 65, 246831.65, 5024218.76, 1546.69);
insert into STATION values (577, '.', 65, 246832.27, 5024220.12, 1546.11);
insert into STATION values (578, '.', 65, 246832.99, 5024221.24, 1545.68);
insert into STATION values (579, '.', 65, 246831.34, 5024220.67, 1550.78);
insert into STATION values (580, '.', 65, 246830.25, 5024220.38, 1549.62);
insert into STATION values (581, 'frb.2', 65, 246831.92, 5024219.50, 1548.07);
insert into STATION values (582, '.', 65, 246829.80, 5024220.93, 1549.08);
insert into STATION values (583, '.', 65, 246830.90, 5024221.77, 1548.78);
insert into STATION values (584, '.', 65, 246831.74, 5024221.24, 1549.14);
insert into STATION values (585, '.', 65, 246830.95, 5024220.91, 1550.71);
insert into STATION values (586, '.', 65, 246829.81, 5024218.27, 1548.94);
insert into STATION values (587, '.', 65, 246830.52, 5024219.48, 1548.55);
insert into STATION values (588, '.', 65, 246830.51, 5024218.25, 1548.67);
insert into STATION values (589, '.', 65, 246831.42, 5024218.77, 1548.28);
insert into STATION values (590, 'frb.3', 65, 246829.75, 5024217.80, 1551.05);
insert into STATION values (591, '.', 65, 246830.15, 5024217.64, 1551.04);
insert into STATION values (592, '.', 65, 246830.41, 5024217.92, 1550.93);
insert into STATION values (593, '.', 65, 246830.02, 5024218.46, 1551.10);
insert into STATION values (594, '.', 65, 246830.47, 5024218.64, 1551.07);
insert into STATION values (595, '.', 65, 246831.44, 5024219.37, 1551.08);
insert into STATION values (596, '.', 65, 246831.22, 5024218.47, 1551.08);
insert into STATION values (597, '.', 65, 246829.81, 5024217.39, 1559.30);
insert into STATION values (598, '.', 65, 246830.69, 5024218.90, 1555.43);
insert into STATION values (599, '.', 65, 246831.21, 5024219.37, 1553.55);
insert into STATION values (600, '.', 65, 246830.99, 5024218.49, 1546.37);
insert into STATION values (601, '.', 65, 246830.47, 5024216.66, 1552.09);
insert into STATION values (602, '.', 65, 246830.69, 5024216.05, 1552.76);
insert into STATION values (603, '.', 65, 246829.94, 5024214.94, 1553.31);
insert into STATION values (604, '.', 65, 246829.56, 5024215.29, 1553.09);
insert into STATION values (605, '.', 65, 246828.70, 5024215.28, 1553.30);
insert into STATION values (606, '.', 65, 246829.54, 5024216.24, 1552.06);
insert into STATION values (607, '.', 65, 246829.63, 5024216.90, 1551.46);
insert into STATION values (608, '.', 65, 246829.69, 5024217.50, 1551.05);
insert into STATION values (609, 'frb.4', 65, 246829.84, 5024215.91, 1554.87);
insert into STATION values (610, '.', 65, 246829.05, 5024216.56, 1554.74);
insert into STATION values (611, '.', 65, 246829.55, 5024217.61, 1554.63);
insert into STATION values (612, '.', 65, 246830.09, 5024218.11, 1554.60);
insert into STATION values (613, '.', 65, 246830.71, 5024218.70, 1554.56);
insert into STATION values (614, '.', 65, 246831.31, 5024218.85, 1554.58);
insert into STATION values (615, '.', 65, 246830.70, 5024217.24, 1554.73);
insert into STATION values (616, '.', 65, 246829.42, 5024215.18, 1554.74);
insert into STATION values (617, '.', 65, 246829.29, 5024215.41, 1554.81);
insert into STATION values (618, '.', 65, 246828.43, 5024215.28, 1554.78);
insert into STATION values (619, '.', 65, 246830.04, 5024216.03, 1552.36);
insert into STATION values (620, '.', 65, 246829.79, 5024218.39, 1548.42);
insert into STATION values (621, '.', 65, 246829.72, 5024216.87, 1560.61);
insert into STATION values (622, '.', 65, 246827.88, 5024212.47, 1586.20);
insert into STATION values (623, 'frb.5', 65, 246827.73, 5024215.79, 1555.32);
insert into STATION values (624, '.', 65, 246827.94, 5024216.61, 1555.40);
insert into STATION values (625, '.', 65, 246828.44, 5024216.15, 1555.38);
insert into STATION values (626, '.', 65, 246826.97, 5024216.18, 1555.30);
insert into STATION values (627, '.', 65, 246827.69, 5024216.11, 1554.80);
insert into STATION values (628, '.', 65, 246827.83, 5024215.38, 1565.80);
insert into STATION values (629, 'frb.6', 65, 246829.32, 5024215.84, 1559.93);
insert into STATION values (630, '.', 65, 246829.56, 5024217.21, 1559.96);
insert into STATION values (631, '.', 65, 246829.66, 5024216.20, 1559.86);
insert into STATION values (632, '.', 65, 246829.99, 5024215.77, 1559.85);
insert into STATION values (633, '.', 65, 246830.95, 5024214.38, 1560.02);
insert into STATION values (634, '.', 65, 246830.28, 5024211.50, 1560.28);
insert into STATION values (635, '.', 65, 246828.39, 5024213.57, 1559.86);
insert into STATION values (636, '.', 65, 246827.14, 5024214.54, 1559.93);
insert into STATION values (637, '.', 65, 246827.19, 5024216.28, 1560.29);
insert into STATION values (638, '.', 65, 246828.85, 5024215.97, 1552.76);
insert into STATION values (639, '.', 65, 246827.02, 5024216.29, 1555.26);
insert into STATION values (640, '.', 65, 246827.24, 5024215.43, 1557.05);
insert into STATION values (641, '.', 65, 246829.08, 5024215.34, 1558.00);
insert into STATION values (642, 'frb.7', 65, 246829.84, 5024212.05, 1563.38);
insert into STATION values (643, '.', 65, 246826.84, 5024214.08, 1563.40);
insert into STATION values (644, '.', 65, 246827.33, 5024216.05, 1563.12);
insert into STATION values (645, '.', 65, 246827.92, 5024216.40, 1563.03);
insert into STATION values (646, '.', 65, 246829.21, 5024215.81, 1563.42);
insert into STATION values (647, '.', 65, 246830.56, 5024210.56, 1564.80);
insert into STATION values (648, '.', 65, 246828.96, 5024211.31, 1564.74);
insert into STATION values (649, '.', 65, 246828.90, 5024211.92, 1564.24);
insert into STATION values (650, '.', 65, 246831.13, 5024212.35, 1564.43);
insert into STATION values (651, '.', 65, 246830.93, 5024211.38, 1564.33);
insert into STATION values (652, 'frb.8', 65, 246829.89, 5024214.24, 1568.73);
insert into STATION values (653, '.', 65, 246830.30, 5024213.11, 1568.77);
insert into STATION values (654, '.', 65, 246830.01, 5024209.88, 1568.61);
insert into STATION values (655, '.', 65, 246828.93, 5024212.03, 1568.60);
insert into STATION values (656, '.', 65, 246827.72, 5024212.17, 1568.72);
insert into STATION values (657, '.', 65, 246828.58, 5024214.86, 1568.58);
insert into STATION values (658, '.', 65, 246826.58, 5024214.34, 1568.50);
insert into STATION values (659, '.', 65, 246826.45, 5024213.39, 1568.51);
insert into STATION values (660, '.', 65, 246830.47, 5024208.88, 1572.74);
insert into STATION values (661, '.', 65, 246830.34, 5024209.97, 1570.08);
insert into STATION values (662, '.', 65, 246830.14, 5024209.92, 1568.19);
insert into STATION values (663, '.', 65, 246830.19, 5024210.35, 1567.24);
insert into STATION values (664, '.', 65, 246829.82, 5024210.72, 1565.61);
insert into STATION values (665, '.', 65, 246827.92, 5024212.13, 1583.42);
insert into STATION values (666, '.', 65, 246826.73, 5024212.98, 1582.57);
insert into STATION values (667, '.', 65, 246827.06, 5024212.59, 1577.50);
insert into STATION values (668, '.', 65, 246827.36, 5024212.41, 1574.50);
insert into STATION values (669, 'frb.9', 65, 246830.16, 5024212.81, 1569.15);
insert into STATION values (670, 'frb.10', 65, 246830.26, 5024213.29, 1571.85);
insert into STATION values (671, '.', 65, 246829.10, 5024211.52, 1571.66);
insert into STATION values (672, '.', 65, 246830.17, 5024212.34, 1571.70);
insert into STATION values (673, '.', 65, 246829.89, 5024212.14, 1571.67);
insert into STATION values (674, '.', 65, 246828.27, 5024211.91, 1571.45);
insert into STATION values (675, '.', 65, 246827.94, 5024214.09, 1571.85);
insert into STATION values (676, '.', 65, 246826.45, 5024213.46, 1571.77);
insert into STATION values (677, 'frb.11', 65, 246829.38, 5024213.57, 1578.10);
insert into STATION values (678, '.', 65, 246827.43, 5024214.41, 1578.19);
insert into STATION values (679, '.', 65, 246826.76, 5024213.70, 1578.24);
insert into STATION values (680, '.', 65, 246826.99, 5024212.31, 1578.11);
insert into STATION values (681, '.', 65, 246828.52, 5024211.73, 1577.92);
insert into STATION values (682, '.', 65, 246829.37, 5024211.91, 1578.03);
insert into STATION values (683, '.', 65, 246826.82, 5024211.83, 1582.05);
insert into STATION values (684, '.', 65, 246827.72, 5024212.21, 1583.41);
insert into STATION values (685, 'frb.12', 65, 246830.12, 5024212.50, 1578.18);
insert into STATION values (686, '.', 65, 246830.77, 5024213.05, 1578.28);
insert into STATION values (687, '.', 65, 246830.36, 5024213.68, 1578.32);
insert into STATION values (688, '.', 65, 246829.71, 5024213.64, 1578.42);
insert into STATION values (689, '.', 65, 246829.56, 5024213.34, 1581.00);
insert into STATION values (690, '.', 65, 246829.55, 5024213.66, 1583.35);
insert into STATION values (691, '.', 65, 246830.54, 5024213.50, 1580.93);
insert into STATION values (692, '.', 65, 246830.82, 5024212.76, 1579.56);
insert into STATION values (693, '.', 65, 246831.79, 5024214.16, 1580.30);
insert into STATION values (694, '.', 65, 246832.09, 5024213.84, 1580.18);
insert into STATION values (695, 'frb.13', 65, 246831.57, 5024213.91, 1582.31);
insert into STATION values (696, 'frb.14', 65, 246832.14, 5024213.45, 1582.17);
insert into STATION values (697, '.', 65, 246833.03, 5024212.54, 1582.18);
insert into STATION values (698, '.', 65, 246832.57, 5024212.24, 1582.15);
insert into STATION values (699, '.', 65, 246832.02, 5024212.04, 1582.11);
insert into STATION values (700, '.', 65, 246831.35, 5024212.12, 1582.03);
insert into STATION values (701, '.', 65, 246830.38, 5024212.22, 1582.12);
insert into STATION values (702, '.', 65, 246830.83, 5024213.23, 1582.13);
insert into STATION values (703, '.', 65, 246830.85, 5024213.83, 1582.03);
insert into STATION values (704, 'frb.15', 65, 246833.35, 5024212.73, 1586.05);
insert into STATION values (705, '.', 65, 246832.34, 5024211.96, 1586.13);
insert into STATION values (706, '.', 65, 246831.35, 5024212.02, 1586.17);
insert into STATION values (707, '.', 65, 246829.19, 5024212.88, 1586.29);
insert into STATION values (708, '.', 65, 246830.36, 5024213.74, 1586.18);
insert into STATION values (709, '.', 65, 246831.86, 5024213.82, 1586.11);
insert into STATION values (710, '.', 65, 246833.09, 5024213.50, 1586.03);
insert into STATION values (711, 'frb.16', 65, 246832.89, 5024211.86, 1589.91);
insert into STATION values (712, 'frb.17', 65, 246833.41, 5024212.37, 1589.12);
insert into STATION_FLAG values(712, 'ent');
insert into STATION values (713, 'frb.18', 65, 246836.47, 5024212.88, 1587.11);
insert into STATION_FLAG values(713, 'fix');
insert into STATION values (714, '0', 335, 246862.30, 5024226.19, 1568.32);
insert into STATION_FLAG values(714, 'ent');
insert into STATION values (715, '.', 335, 246862.62, 5024226.92, 1568.29);
insert into STATION values (716, '.', 335, 246861.97, 5024225.37, 1568.39);
insert into STATION values (717, '.', 335, 246862.29, 5024225.59, 1567.05);
insert into STATION values (718, '.', 335, 246862.74, 5024226.71, 1567.06);
insert into STATION values (719, '.', 335, 246862.60, 5024226.84, 1568.34);
insert into STATION values (720, '.', 335, 246862.58, 5024226.64, 1569.19);
insert into STATION values (721, '.', 335, 246862.08, 5024225.48, 1569.53);
insert into STATION values (722, '.', 335, 246862.09, 5024225.52, 1568.18);
insert into STATION values (723, '.', 335, 246862.30, 5024225.65, 1567.45);
insert into STATION values (724, '.', 335, 246863.60, 5024225.98, 1566.65);
insert into STATION values (725, '.', 335, 246862.56, 5024226.84, 1566.29);
insert into STATION values (726, '.', 335, 246861.14, 5024226.29, 1568.00);
insert into STATION values (727, '1', 335, 246863.46, 5024227.68, 1543.03);
insert into STATION values (728, '.', 335, 246863.26, 5024228.38, 1542.95);
insert into STATION values (729, '.', 335, 246864.28, 5024226.37, 1542.99);
insert into STATION values (730, '.', 335, 246863.81, 5024227.00, 1544.55);
insert into STATION values (731, '.', 335, 246861.24, 5024226.98, 1545.00);
insert into STATION values (732, '.', 335, 246865.55, 5024229.27, 1545.40);
insert into STATION values (733, '.', 335, 246864.52, 5024228.68, 1550.31);
insert into STATION values (734, '.', 335, 246866.13, 5024228.79, 1539.33);
insert into STATION values (735, '.', 335, 246866.02, 5024228.76, 1539.28);
insert into STATION values (736, '2', 335, 246867.98, 5024229.02, 1540.20);
insert into STATION values (737, '.', 335, 246865.64, 5024227.95, 1540.26);
insert into STATION values (738, '.', 335, 246867.66, 5024228.10, 1539.99);
insert into STATION values (739, '.', 335, 246865.99, 5024229.61, 1541.16);
insert into STATION values (740, '.', 335, 246866.40, 5024229.08, 1538.84);
insert into STATION values (741, '.', 335, 246867.35, 5024227.63, 1537.95);
insert into STATION values (742, '3', 335, 246870.63, 5024228.29, 1535.95);
insert into STATION values (743, '.', 335, 246870.91, 5024228.25, 1536.17);
insert into STATION values (744, '.', 335, 246869.89, 5024226.13, 1536.87);
insert into STATION values (745, '.', 335, 246870.57, 5024228.93, 1536.18);
insert into STATION values (746, '.', 335, 246868.44, 5024228.37, 1535.56);
insert into STATION values (747, '.', 335, 246870.16, 5024228.22, 1537.35);
insert into STATION values (748, '.', 335, 246868.69, 5024227.47, 1535.62);
insert into STATION values (749, '.', 335, 246868.37, 5024228.11, 1535.59);
insert into STATION values (750, '4', 335, 246868.00, 5024227.42, 1534.52);
insert into STATION values (751, '.', 335, 246868.28, 5024227.94, 1534.55);
insert into STATION values (752, '.', 335, 246868.27, 5024227.16, 1535.04);
insert into STATION values (753, '.', 335, 246867.52, 5024227.56, 1534.60);
insert into STATION values (754, '5', 335, 246868.93, 5024228.20, 1530.39);
insert into STATION values (755, '.', 335, 246870.41, 5024227.88, 1530.26);
insert into STATION values (756, '.', 335, 246866.96, 5024228.29, 1531.47);
insert into STATION values (757, '.', 335, 246869.23, 5024227.33, 1532.13);
insert into STATION values (758, '.', 335, 246868.89, 5024227.17, 1530.30);
insert into STATION values (759, '6', 335, 246870.03, 5024227.12, 1529.66);
insert into STATION values (760, '.', 335, 246870.23, 5024227.36, 1529.64);
insert into STATION values (761, '.', 335, 246870.40, 5024227.58, 1528.69);
insert into STATION values (762, '.', 335, 246870.06, 5024226.88, 1530.22);
insert into STATION values (763, '.', 335, 246869.97, 5024226.99, 1529.63);
insert into STATION values (764, '7', 335, 246872.65, 5024226.60, 1528.27);
insert into STATION values (765, '.', 335, 246872.54, 5024226.59, 1527.05);
insert into STATION values (766, '.', 335, 246872.21, 5024226.61, 1530.02);
insert into STATION values (767, '.', 335, 246872.09, 5024225.72, 1528.19);
insert into STATION values (768, '.', 335, 246873.04, 5024224.90, 1529.22);
insert into STATION values (769, '.', 335, 246872.19, 5024225.90, 1526.89);
insert into STATION values (770, '8', 335, 246873.73, 5024225.27, 1526.84);
insert into STATION values (771, '.', 335, 246873.91, 5024225.63, 1526.89);
insert into STATION values (772, '.', 335, 246873.98, 5024225.36, 1527.55);
insert into STATION values (773, '.', 335, 246873.74, 5024225.52, 1526.21);
insert into STATION values (774, '9', 335, 246875.38, 5024225.01, 1526.54);
insert into STATION values (775, '.', 335, 246875.04, 5024224.57, 1526.54);
insert into STATION values (776, '.', 335, 246875.19, 5024224.66, 1527.70);
insert into STATION values (777, '.', 335, 246875.26, 5024225.13, 1525.68);
insert into STATION values (778, '.', 335, 246875.81, 5024223.89, 1525.97);
insert into STATION values (779, '.', 335, 246876.57, 5024224.38, 1526.14);
insert into STATION values (780, '10', 335, 246878.23, 5024223.56, 1524.86);
insert into STATION values (781, '.', 335, 246878.31, 5024223.87, 1524.89);
insert into STATION values (782, '.', 335, 246878.21, 5024223.69, 1525.99);
insert into STATION values (783, '.', 335, 246878.22, 5024223.63, 1524.17);
insert into STATION values (784, '11', 335, 246880.02, 5024223.66, 1524.50);
insert into STATION values (785, '.', 335, 246879.82, 5024223.44, 1524.41);
insert into STATION values (786, '.', 335, 246879.59, 5024223.34, 1525.85);
insert into STATION values (787, '.', 335, 246879.88, 5024223.77, 1525.13);
insert into STATION values (788, '12', 335, 246881.86, 5024222.47, 1523.35);
insert into STATION values (789, '.', 335, 246881.91, 5024222.38, 1523.48);
insert into STATION values (790, '.', 335, 246881.60, 5024222.31, 1523.16);
insert into STATION values (791, '.', 335, 246882.50, 5024223.23, 1523.18);
insert into STATION values (792, '.', 335, 246881.61, 5024222.14, 1522.11);
insert into STATION values (793, '.', 335, 246881.52, 5024222.88, 1523.10);
insert into STATION values (794, '13', 335, 246882.59, 5024221.82, 1517.93);
insert into STATION values (795, '.', 335, 246882.03, 5024221.50, 1517.86);
insert into STATION values (796, '.', 335, 246882.96, 5024220.68, 1517.63);
insert into STATION values (797, '.', 335, 246881.45, 5024222.47, 1520.00);
insert into STATION values (798, '.', 335, 246882.28, 5024224.16, 1518.30);
insert into STATION values (799, '.', 335, 246881.66, 5024223.60, 1519.47);
insert into STATION values (800, '.', 335, 246882.17, 5024224.00, 1517.94);
insert into STATION values (801, '.', 335, 246883.02, 5024220.76, 1517.96);
insert into STATION values (802, '.', 335, 246881.88, 5024221.60, 1517.98);
insert into STATION values (803, '14', 335, 246883.66, 5024222.34, 1504.86);
insert into STATION values (804, '.', 335, 246884.31, 5024223.08, 1505.57);
insert into STATION values (805, '.', 335, 246883.22, 5024222.65, 1505.11);
insert into STATION values (806, '.', 335, 246881.86, 5024221.40, 1505.11);
insert into STATION values (807, '.', 335, 246887.62, 5024215.69, 1505.17);
insert into STATION values (808, '.', 335, 246885.36, 5024221.64, 1505.73);
insert into STATION values (809, '.', 335, 246882.53, 5024220.37, 1505.03);
insert into STATION values (810, '.', 335, 246883.44, 5024218.61, 1505.41);
insert into STATION values (811, '.', 335, 246884.89, 5024217.04, 1504.80);
insert into STATION values (812, '15', 335, 246886.86, 5024219.26, 1481.80);
insert into STATION values (813, '.', 335, 246886.70, 5024218.66, 1481.87);
insert into STATION values (814, '.', 335, 246886.52, 5024219.58, 1481.87);
insert into STATION values (815, '.', 335, 246888.50, 5024220.43, 1482.00);
insert into STATION values (816, '.', 335, 246889.22, 5024217.97, 1481.90);
insert into STATION values (817, '.', 335, 246888.10, 5024218.41, 1483.75);
insert into STATION values (818, '.', 335, 246887.66, 5024219.08, 1485.65);
insert into STATION values (819, '.', 335, 246888.98, 5024217.31, 1483.30);
insert into STATION values (820, '.', 335, 246887.63, 5024217.19, 1481.84);
insert into STATION values (821, '16', 335, 246886.28, 5024222.81, 1486.33);
insert into STATION values (822, '.', 335, 246885.99, 5024222.43, 1486.17);
insert into STATION values (823, '.', 335, 246885.89, 5024222.48, 1486.80);
insert into STATION values (824, '.', 335, 246886.17, 5024222.98, 1485.53);
insert into STATION values (825, '.', 335, 246886.44, 5024222.83, 1486.35);
insert into STATION values (826, '.', 335, 246884.74, 5024224.63, 1486.70);
insert into STATION values (827, '17', 335, 246884.77, 5024223.19, 1487.07);
insert into STATION values (828, '.', 335, 246884.91, 5024223.22, 1487.22);
insert into STATION values (829, '.', 335, 246884.82, 5024222.58, 1487.25);
insert into STATION values (830, '.', 335, 246884.64, 5024223.65, 1487.09);
insert into STATION values (831, '.', 335, 246884.64, 5024223.23, 1487.04);
insert into STATION values (832, '18', 335, 246881.98, 5024225.25, 1489.62);
insert into STATION values (833, '.', 335, 246881.97, 5024225.24, 1489.94);
insert into STATION values (834, '.', 335, 246882.94, 5024225.80, 1489.65);
insert into STATION values (835, '.', 335, 246882.23, 5024225.06, 1489.65);
insert into STATION values (836, '.', 335, 246882.05, 5024225.24, 1489.34);
insert into STATION values (837, '.', 335, 246881.83, 5024225.25, 1489.61);
insert into STATION values (838, '19', 335, 246880.74, 5024227.27, 1489.82);
insert into STATION values (839, '.', 335, 246880.35, 5024226.75, 1489.94);
insert into STATION values (840, '.', 335, 246880.60, 5024226.88, 1491.05);
insert into STATION values (841, '.', 335, 246880.61, 5024227.25, 1488.82);
insert into STATION values (842, '20', 335, 246879.72, 5024227.91, 1489.77);
insert into STATION values (843, '.', 335, 246880.30, 5024228.80, 1489.78);
insert into STATION values (844, '.', 335, 246879.61, 5024228.15, 1492.23);
insert into STATION values (845, '.', 335, 246879.47, 5024227.14, 1490.08);
insert into STATION values (846, '.', 335, 246880.28, 5024226.68, 1489.65);
insert into STATION values (847, '21', 335, 246877.31, 5024231.04, 1472.26);
insert into STATION values (848, '.', 335, 246877.02, 5024233.24, 1472.41);
insert into STATION values (849, '.', 335, 246879.24, 5024232.76, 1472.31);
insert into STATION values (850, '.', 335, 246879.23, 5024230.41, 1472.33);
insert into STATION values (851, '.', 335, 246878.56, 5024229.18, 1472.41);
insert into STATION values (852, '.', 335, 246878.39, 5024232.23, 1475.60);
insert into STATION values (853, '22', 335, 246880.23, 5024234.22, 1454.94);
insert into STATION values (854, '.', 335, 246881.46, 5024235.08, 1455.09);
insert into STATION values (855, '.', 335, 246882.39, 5024233.96, 1455.07);
insert into STATION values (856, '.', 335, 246881.71, 5024233.07, 1455.04);
insert into STATION values (857, '.', 335, 246879.23, 5024233.15, 1455.09);
insert into STATION values (858, '.', 335, 246879.08, 5024234.25, 1454.86);
insert into STATION values (859, '23', 335, 246881.88, 5024232.91, 1452.08);
insert into STATION values (860, '.', 335, 246880.14, 5024232.57, 1451.76);
insert into STATION values (861, '.', 335, 246880.69, 5024233.74, 1452.01);
insert into STATION values (862, '.', 335, 246882.35, 5024234.16, 1452.24);
insert into STATION values (863, '.', 335, 246883.13, 5024232.78, 1452.07);
insert into STATION values (864, '24', 335, 246882.13, 5024231.95, 1432.28);
insert into STATION values (865, '.', 335, 246881.34, 5024231.03, 1431.90);
insert into STATION values (866, '.', 335, 246882.36, 5024230.67, 1432.12);
insert into STATION values (867, '.', 335, 246880.69, 5024232.15, 1431.94);
insert into STATION values (868, '25', 335, 246880.88, 5024232.02, 1428.80);
insert into STATION values (869, '.', 335, 246880.48, 5024232.64, 1428.82);
insert into STATION values (870, '.', 335, 246881.49, 5024232.57, 1428.81);
insert into STATION values (871, '.', 335, 246882.48, 5024231.83, 1428.88);
insert into STATION values (872, '.', 335, 246883.60, 5024229.68, 1428.89);
insert into STATION values (873, '.', 335, 246881.74, 5024230.58, 1429.01);
insert into STATION values (874, '26', 335, 246884.90, 5024236.20, 1416.35);
insert into STATION values (875, '.', 335, 246884.42, 5024234.07, 1416.39);
insert into STATION values (876, '.', 335, 246880.02, 5024235.35, 1416.28);
insert into STATION values (877, '.', 335, 246878.91, 5024237.59, 1416.27);
insert into STATION values (878, '.', 335, 246884.18, 5024236.73, 1416.34);
insert into STATION values (879, '.', 335, 246885.03, 5024236.66, 1416.32);
insert into STATION values (880, '.', 335, 246885.79, 5024235.95, 1416.37);
insert into STATION values (881, '.', 335, 246896.18, 5024229.18, 1420.47);
insert into STATION values (882, '.', 335, 246889.95, 5024233.59, 1418.20);
insert into STATION values (883, '27', 335, 246886.61, 5024235.88, 1398.28);
insert into STATION values (884, '.', 335, 246887.33, 5024237.20, 1398.64);
insert into STATION values (885, '.', 335, 246884.11, 5024236.27, 1400.34);
insert into STATION values (886, '.', 335, 246885.67, 5024235.99, 1398.62);
insert into STATION values (887, '.', 335, 246886.87, 5024234.89, 1398.70);
insert into STATION values (888, '.', 335, 246889.02, 5024235.92, 1398.59);
insert into STATION values (889, '.', 335, 246889.63, 5024234.27, 1398.37);
insert into STATION values (890, '28', 335, 246890.75, 5024234.06, 1394.99);
insert into STATION values (891, '.', 335, 246890.89, 5024234.27, 1394.95);
insert into STATION values (892, '.', 335, 246890.74, 5024234.10, 1393.82);
insert into STATION values (893, '.', 335, 246889.63, 5024232.76, 1394.87);
insert into STATION values (894, '.', 335, 246889.94, 5024233.37, 1394.25);
insert into STATION values (895, '29', 335, 246892.34, 5024232.55, 1392.16);
insert into STATION values (896, '.', 335, 246892.70, 5024232.94, 1392.35);
insert into STATION values (897, '.', 335, 246891.85, 5024231.80, 1392.33);
insert into STATION values (898, '.', 335, 246892.41, 5024232.47, 1392.39);
insert into STATION values (899, '.', 335, 246891.96, 5024232.87, 1391.97);
insert into STATION values (900, '.', 335, 246892.78, 5024233.07, 1389.37);
insert into STATION values (901, '30', 335, 246894.16, 5024231.99, 1389.52);
insert into STATION values (902, '.', 335, 246894.61, 5024232.49, 1389.48);
insert into STATION values (903, '.', 335, 246894.01, 5024231.24, 1389.64);
insert into STATION values (904, '.', 335, 246892.85, 5024232.67, 1389.47);
insert into STATION values (905, '.', 335, 246894.91, 5024231.78, 1389.48);
insert into STATION values (906, '31', 335, 246894.99, 5024232.37, 1386.12);
insert into STATION values (907, '.', 335, 246895.12, 5024232.54, 1386.13);
insert into STATION values (908, '.', 335, 246894.77, 5024231.98, 1386.16);
insert into STATION values (909, '.', 335, 246894.12, 5024232.68, 1386.18);
insert into STATION values (910, '.', 335, 246896.07, 5024231.25, 1385.79);
insert into STATION values (911, '32', 335, 246895.92, 5024231.66, 1381.55);
insert into STATION values (912, '.', 335, 246898.01, 5024230.96, 1381.42);
insert into STATION values (913, '.', 335, 246898.10, 5024232.80, 1381.45);
insert into STATION values (914, '.', 335, 246894.66, 5024232.36, 1381.85);
insert into STATION values (915, '.', 335, 246897.80, 5024232.58, 1369.82);
insert into STATION values (916, '.', 335, 246898.13, 5024232.85, 1363.94);
insert into STATION values (917, '33', 335, 246897.97, 5024233.48, 1382.99);
insert into STATION values (918, '.', 335, 246896.38, 5024230.99, 1382.93);
insert into STATION values (919, '.', 335, 246897.92, 5024231.50, 1382.86);
insert into STATION values (920, '.', 335, 246898.64, 5024231.91, 1383.00);
insert into STATION values (921, '.', 335, 246898.12, 5024233.44, 1382.09);
insert into STATION values (922, '.', 335, 246896.62, 5024231.07, 1398.71);
insert into STATION values (923, '.', 335, 246897.66, 5024230.41, 1399.51);
insert into STATION values (924, '.', 335, 246900.47, 5024234.92, 1383.37);
insert into STATION values (925, '.', 335, 246899.38, 5024233.43, 1383.18);
insert into STATION values (926, '.', 335, 246898.61, 5024234.52, 1383.10);
insert into STATION values (927, '34', 335, 246900.73, 5024230.07, 1387.13);
insert into STATION values (928, '.', 335, 246901.08, 5024230.34, 1387.20);
insert into STATION values (929, '.', 335, 246900.33, 5024229.99, 1387.13);
insert into STATION values (930, '.', 335, 246900.33, 5024230.26, 1384.78);
insert into STATION values (931, '.', 335, 246900.57, 5024230.17, 1392.92);
insert into STATION values (932, '35', 335, 246903.93, 5024226.98, 1389.91);
insert into STATION values (933, '.', 335, 246902.70, 5024229.09, 1390.25);
insert into STATION values (934, '.', 335, 246904.29, 5024223.90, 1390.14);
insert into STATION values (935, '.', 335, 246902.36, 5024225.67, 1390.17);
insert into STATION values (936, '.', 335, 246901.21, 5024226.76, 1390.37);
insert into STATION values (937, '.', 335, 246900.06, 5024228.92, 1389.90);
insert into STATION values (938, '36', 335, 246903.96, 5024226.40, 1376.64);
insert into STATION values (939, '.', 335, 246906.21, 5024227.34, 1376.89);
insert into STATION values (940, '.', 335, 246906.52, 5024223.77, 1376.76);
insert into STATION values (941, '.', 335, 246908.02, 5024222.85, 1375.94);
insert into STATION values (942, '37', 335, 246906.53, 5024225.27, 1374.24);
insert into STATION values (943, '.', 335, 246905.80, 5024224.46, 1374.24);
insert into STATION values (944, '.', 335, 246908.20, 5024223.47, 1373.94);
insert into STATION values (945, '.', 335, 246907.89, 5024226.00, 1374.33);
insert into STATION values (946, '.', 335, 246905.53, 5024225.91, 1374.17);
insert into STATION values (947, '38', 335, 246910.80, 5024223.70, 1369.94);
insert into STATION values (948, '.', 335, 246910.82, 5024224.46, 1369.83);
insert into STATION values (949, '.', 335, 246911.30, 5024223.80, 1369.74);
insert into STATION values (950, '.', 335, 246908.51, 5024225.36, 1370.41);
insert into STATION values (951, '.', 335, 246908.64, 5024223.94, 1370.02);
insert into STATION values (952, '39', 335, 246912.17, 5024224.08, 1368.22);
insert into STATION values (953, '.', 335, 246912.21, 5024223.83, 1368.21);
insert into STATION values (954, '.', 335, 246912.11, 5024224.40, 1366.28);
insert into STATION values (955, '40', 335, 246912.25, 5024224.18, 1368.65);
insert into STATION values (956, '.', 335, 246912.53, 5024224.28, 1368.84);
insert into STATION values (957, '.', 335, 246912.34, 5024223.84, 1368.54);
insert into STATION values (958, '.', 335, 246912.10, 5024224.29, 1368.67);
insert into STATION values (959, '41', 335, 246912.98, 5024224.69, 1366.16);
insert into STATION values (960, '.', 335, 246912.94, 5024224.29, 1366.13);
insert into STATION values (961, '.', 335, 246913.02, 5024224.92, 1366.18);
insert into STATION values (962, '.', 335, 246913.18, 5024224.69, 1367.65);
insert into STATION values (963, '.', 335, 246912.98, 5024224.59, 1364.67);
insert into STATION values (964, '42', 335, 246914.07, 5024224.25, 1367.17);
insert into STATION values (965, '.', 335, 246913.93, 5024224.12, 1367.14);
insert into STATION values (966, '.', 335, 246913.79, 5024224.06, 1367.68);
insert into STATION values (967, '.', 335, 246914.10, 5024224.19, 1366.31);
insert into STATION values (968, '43', 335, 246915.22, 5024223.15, 1366.17);
insert into STATION values (969, '.', 335, 246915.39, 5024223.56, 1366.20);
insert into STATION values (970, '.', 335, 246915.49, 5024223.32, 1366.62);
insert into STATION values (971, '.', 335, 246915.40, 5024223.37, 1360.98);
insert into STATION values (972, '44', 335, 246918.16, 5024222.68, 1362.65);
insert into STATION values (973, '.', 335, 246920.35, 5024222.79, 1358.72);
insert into STATION values (974, '.', 335, 246918.31, 5024222.68, 1362.39);
insert into STATION values (975, '.', 335, 246917.76, 5024221.94, 1362.71);
insert into STATION values (976, '.', 335, 246918.37, 5024222.35, 1364.10);
insert into STATION values (977, '.', 335, 246917.93, 5024222.52, 1361.00);
insert into STATION values (978, '.', 335, 246918.32, 5024222.88, 1362.68);
insert into STATION values (979, '45', 335, 246920.23, 5024221.66, 1360.79);
insert into STATION values (980, '.', 335, 246920.33, 5024222.02, 1360.84);
insert into STATION values (981, '.', 335, 246920.33, 5024221.68, 1361.48);
insert into STATION values (982, '.', 335, 246920.13, 5024221.72, 1358.49);
insert into STATION values (983, '46', 335, 246921.15, 5024221.18, 1358.82);
insert into STATION values (984, '.', 335, 246920.83, 5024220.94, 1358.83);
insert into STATION values (985, '.', 335, 246920.65, 5024222.15, 1358.87);
insert into STATION values (986, '.', 335, 246922.62, 5024218.93, 1358.12);
insert into STATION values (987, '47', 335, 246921.16, 5024221.28, 1356.24);
insert into STATION values (988, '.', 335, 246921.20, 5024221.30, 1353.60);
insert into STATION values (989, '.', 335, 246921.04, 5024221.16, 1356.23);
insert into STATION values (990, '.', 335, 246921.37, 5024221.52, 1356.22);
insert into STATION values (991, '.', 335, 246922.24, 5024220.21, 1356.06);
insert into STATION values (992, '.', 335, 246925.17, 5024216.92, 1355.88);
insert into STATION values (993, '.', 335, 246921.42, 5024221.03, 1356.21);
insert into STATION values (994, '48', 335, 246925.30, 5024217.24, 1356.18);
insert into STATION values (995, '.', 335, 246921.23, 5024221.31, 1354.13);
insert into STATION values (996, '.', 335, 246925.84, 5024217.74, 1355.97);
insert into STATION values (997, '.', 335, 246925.63, 5024217.69, 1353.52);
insert into STATION values (998, '.', 335, 246925.16, 5024217.14, 1356.18);
insert into STATION values (999, '49', 335, 246929.63, 5024218.02, 1351.77);
insert into STATION values (1000, '.', 335, 246928.90, 5024218.18, 1349.81);
insert into STATION values (1001, '.', 335, 246929.64, 5024218.98, 1351.75);
insert into STATION values (1002, '.', 335, 246929.77, 5024218.03, 1352.11);
insert into STATION values (1003, '.', 335, 246929.63, 5024217.75, 1351.76);
insert into STATION values (1004, '50', 335, 246931.69, 5024218.17, 1349.60);
insert into STATION values (1005, '.', 335, 246931.65, 5024217.94, 1349.63);
insert into STATION values (1006, '.', 335, 246931.71, 5024218.45, 1349.55);
insert into STATION values (1007, '.', 335, 246931.80, 5024218.12, 1349.92);
insert into STATION values (1008, '.', 335, 246931.76, 5024217.98, 1348.58);
insert into STATION values (1009, '51', 335, 246934.13, 5024218.85, 1347.94);
insert into STATION values (1010, '.', 335, 246934.06, 5024218.93, 1347.89);
insert into STATION values (1011, '.', 335, 246933.92, 5024219.03, 1347.90);
insert into STATION values (1012, '.', 335, 246934.14, 5024218.91, 1348.18);
insert into STATION values (1013, '.', 335, 246933.86, 5024218.73, 1347.49);
insert into STATION values (1014, '.', 335, 246935.74, 5024219.94, 1346.85);
insert into STATION values (1015, '52', 335, 246935.82, 5024220.08, 1347.03);
insert into STATION values (1016, '.', 335, 246935.06, 5024219.79, 1346.95);
insert into STATION values (1017, '.', 335, 246934.02, 5024220.18, 1351.69);
insert into STATION values (1018, '.', 335, 246935.77, 5024220.06, 1347.44);
insert into STATION values (1019, '.', 335, 246935.89, 5024219.64, 1345.15);
insert into STATION values (1020, 'gk.0', 339, 246863.52, 5024222.85, 1569.85);
insert into STATION_FLAG values(1020, 'fix');
insert into STATION values (1021, 'gk.1', 339, 246864.59, 5024224.10, 1569.00);
insert into STATION values (1022, 'gk.2', 339, 246862.30, 5024226.19, 1568.32);
insert into STATION values (1023, 'gk.3', 339, 246862.37, 5024226.18, 1568.25);
insert into STATION values (1024, 'bivouac', 643, 247026.90, 5024172.68, 1068.76);
insert into STATION values (1025, '.', 643, 247026.49, 5024172.23, 1068.81);
insert into STATION values (1026, '.', 643, 247028.12, 5024172.26, 1069.11);
insert into STATION values (1027, '.', 643, 247028.23, 5024174.27, 1068.88);
insert into STATION values (1028, '.', 643, 247029.58, 5024173.42, 1068.99);
insert into STATION values (1029, '.', 643, 247027.10, 5024172.27, 1067.85);
insert into STATION values (1030, '.', 643, 247026.80, 5024173.08, 1072.83);
insert into STATION values (1031, 'bivouad', 643, 247028.71, 5024170.63, 1073.98);
insert into STATION values (1032, '.', 643, 247028.29, 5024170.55, 1073.92);
insert into STATION values (1033, '.', 643, 247028.52, 5024170.64, 1074.16);
insert into STATION values (1034, '.', 643, 247028.49, 5024170.64, 1072.50);
insert into STATION values (1035, 'bivouae', 643, 247028.33, 5024169.68, 1074.02);
insert into STATION values (1036, '.', 643, 247028.70, 5024169.77, 1074.07);
insert into STATION values (1037, '.', 643, 247028.36, 5024169.66, 1074.59);
insert into STATION values (1038, '.', 643, 247029.12, 5024169.50, 1072.75);
insert into STATION values (1039, '.', 643, 247028.42, 5024169.62, 1073.54);
insert into STATION values (1040, 'bivouaf', 643, 247028.71, 5024167.82, 1074.55);
insert into STATION values (1041, '.', 643, 247028.31, 5024168.26, 1074.54);
insert into STATION values (1042, '.', 643, 247029.02, 5024167.97, 1072.83);
insert into STATION values (1043, '.', 643, 247028.26, 5024168.18, 1075.46);
insert into STATION values (1044, '.', 643, 247028.37, 5024167.48, 1074.53);
insert into STATION values (1045, '.', 643, 247028.59, 5024167.84, 1074.57);
insert into STATION values (1046, 'bivouag', 643, 247023.24, 5024168.70, 1075.64);
insert into STATION values (1047, '.', 643, 247023.66, 5024171.27, 1075.92);
insert into STATION values (1048, '.', 643, 247022.33, 5024169.89, 1075.88);
insert into STATION values (1049, '.', 643, 247022.86, 5024169.46, 1080.05);
insert into STATION values (1050, '.', 643, 247023.24, 5024168.71, 1074.76);
insert into STATION values (1051, '.', 643, 247023.85, 5024167.23, 1075.70);
insert into STATION values (1052, '.', 643, 247024.76, 5024169.23, 1075.67);
insert into STATION values (1053, 'bivouah', 643, 247024.69, 5024170.89, 1075.01);
insert into STATION values (1054, '.', 643, 247022.98, 5024169.10, 1075.08);
insert into STATION values (1055, '.', 643, 247024.77, 5024170.21, 1075.02);
insert into STATION values (1056, '.', 643, 247023.11, 5024169.41, 1078.06);
insert into STATION values (1057, '.', 643, 247024.56, 5024170.75, 1073.63);
insert into STATION values (1058, '.', 643, 247022.97, 5024170.67, 1078.25);
insert into STATION values (1059, 'bivouai', 643, 247027.07, 5024169.91, 1066.93);
insert into STATION values (1060, '.', 643, 247027.82, 5024170.01, 1067.12);
insert into STATION values (1061, '.', 643, 247026.58, 5024170.97, 1067.12);
insert into STATION values (1062, 'bivouaj', 643, 247027.74, 5024171.17, 1067.17);
insert into STATION values (1063, '.', 643, 247027.97, 5024170.49, 1067.01);
insert into STATION values (1064, '.', 643, 247027.41, 5024171.08, 1067.18);
insert into STATION values (1065, '.', 643, 247027.37, 5024170.02, 1069.46);
insert into STATION values (1066, '.', 643, 247027.94, 5024171.18, 1065.63);
insert into STATION values (1067, 'bivouak', 643, 247028.57, 5024170.70, 1066.45);
insert into STATION values (1068, '.', 643, 247032.07, 5024168.71, 1053.37);
insert into STATION values (1069, '.', 643, 247030.09, 5024170.24, 1059.87);
insert into STATION values (1070, 'bivy1', 709, 247026.90, 5024172.68, 1068.76);
insert into STATION values (1071, 'bivy2', 709, 247026.30, 5024172.03, 1076.36);
insert into STATION values (1072, '.', 709, 247025.95, 5024171.85, 1076.15);
insert into STATION values (1073, '.', 709, 247026.47, 5024172.29, 1076.24);
insert into STATION values (1074, '.', 709, 247026.83, 5024171.80, 1075.70);
insert into STATION values (1075, 'bivy3', 709, 247025.30, 5024173.45, 1076.70);
insert into STATION values (1076, '.', 709, 247024.35, 5024172.59, 1076.66);
insert into STATION values (1077, '.', 709, 247025.27, 5024173.40, 1077.05);
insert into STATION values (1078, '.', 709, 247025.18, 5024173.44, 1076.35);
insert into STATION values (1079, 'bivy4', 709, 247024.17, 5024172.56, 1077.05);
insert into STATION values (1080, '.', 709, 247023.78, 5024173.10, 1076.98);
insert into STATION values (1081, '.', 709, 247024.80, 5024172.23, 1077.14);
insert into STATION values (1082, '.', 709, 247024.63, 5024173.15, 1077.00);
insert into STATION values (1083, '.', 709, 247024.10, 5024172.79, 1078.31);
insert into STATION values (1084, 'bivy5', 709, 247023.28, 5024173.47, 1078.68);
insert into STATION values (1085, '.', 709, 247022.92, 5024173.06, 1078.55);
insert into STATION values (1086, '.', 709, 247023.26, 5024173.53, 1077.95);
insert into STATION values (1087, '.', 709, 247023.14, 5024173.00, 1079.02);
insert into STATION values (1088, 'bivy6', 709, 247019.51, 5024173.91, 1081.06);
insert into STATION values (1089, '.', 709, 247019.81, 5024174.74, 1081.07);
insert into STATION values (1090, '.', 709, 247020.88, 5024173.42, 1081.28);
insert into STATION values (1091, '.', 709, 247019.45, 5024173.28, 1081.28);
insert into STATION values (1092, 'bivy7', 709, 247018.52, 5024174.51, 1084.65);
insert into STATION values (1093, '.', 709, 247019.34, 5024173.05, 1084.66);
insert into STATION values (1094, '.', 709, 247018.19, 5024173.85, 1084.61);
insert into STATION values (1095, '.', 709, 247018.94, 5024174.76, 1084.68);
insert into STATION values (1096, 'bivy8', 709, 247018.13, 5024173.38, 1087.77);
insert into STATION values (1097, '.', 709, 247017.93, 5024173.39, 1087.74);
insert into STATION values (1098, '.', 709, 247017.99, 5024173.01, 1087.65);
insert into STATION values (1099, 'bivy9', 709, 247017.82, 5024174.55, 1087.77);
insert into STATION values (1100, '.', 709, 247017.50, 5024174.18, 1088.00);
insert into STATION values (1101, '.', 709, 247017.80, 5024174.62, 1087.22);
insert into STATION values (1102, 'bivy10', 709, 247015.87, 5024175.01, 1088.20);
insert into STATION values (1103, '.', 709, 247015.96, 5024174.93, 1089.45);
insert into STATION values (1104, '.', 709, 247016.13, 5024174.41, 1088.29);
insert into STATION values (1105, '.', 709, 247016.15, 5024175.12, 1088.23);
insert into STATION values (1106, '.', 709, 247016.64, 5024175.27, 1088.21);
insert into STATION values (1107, '.', 709, 247016.28, 5024175.29, 1088.73);
insert into STATION values (1108, '.', 709, 247016.66, 5024179.59, 1088.49);
insert into STATION values (1109, 'bivy11', 709, 247016.54, 5024179.05, 1088.44);
insert into STATION values (1110, '.', 709, 247017.34, 5024177.07, 1087.01);
insert into STATION values (1111, 'bivy12', 709, 247017.52, 5024177.08, 1087.13);
insert into STATION values (1112, '.', 709, 247019.10, 5024175.49, 1087.42);
insert into STATION values (1113, '.', 709, 247019.19, 5024178.63, 1087.31);
insert into STATION values (1114, '.', 709, 247016.97, 5024176.28, 1087.18);
insert into STATION values (1115, '.', 709, 247016.66, 5024179.18, 1087.03);
insert into STATION values (1116, 'bivy13', 709, 247014.92, 5024179.55, 1095.74);
insert into STATION values (1117, '.', 709, 247017.29, 5024176.05, 1095.38);
insert into STATION values (1118, '.', 709, 247019.00, 5024178.21, 1096.06);
insert into STATION values (1119, '.', 709, 247017.97, 5024181.39, 1095.78);
insert into STATION values (1120, '.', 709, 247017.87, 5024176.52, 1095.72);
insert into STATION values (1121, '.', 709, 247013.97, 5024179.64, 1095.98);
insert into STATION values (1122, 'bivy14', 709, 247011.91, 5024178.62, 1106.13);
insert into STATION values (1123, '.', 709, 247013.23, 5024178.20, 1106.25);
insert into STATION values (1124, '.', 709, 247015.22, 5024180.68, 1106.39);
insert into STATION values (1125, '.', 709, 247011.20, 5024179.81, 1106.12);
insert into STATION values (1126, '.', 709, 247012.58, 5024181.52, 1106.26);
insert into STATION values (1127, 'bivy15', 709, 247011.06, 5024180.37, 1109.37);
insert into STATION values (1128, '.', 709, 247010.58, 5024179.58, 1109.36);
insert into STATION values (1129, '.', 709, 247011.20, 5024179.90, 1109.36);
insert into STATION values (1130, '.', 709, 247013.43, 5024180.85, 1109.50);
insert into STATION values (1131, '.', 709, 247011.77, 5024179.92, 1109.36);
insert into STATION values (1132, 'bivy16', 709, 247008.91, 5024182.23, 1116.49);
insert into STATION values (1133, '.', 709, 247008.69, 5024181.42, 1116.47);
insert into STATION values (1134, '.', 709, 247008.88, 5024181.03, 1116.49);
insert into STATION values (1135, '.', 709, 247010.11, 5024180.29, 1116.51);
insert into STATION values (1136, '.', 709, 247008.07, 5024182.32, 1116.53);
insert into STATION values (1137, '.', 709, 247008.73, 5024182.08, 1119.67);
insert into STATION values (1138, '.', 709, 247008.39, 5024181.91, 1112.75);
insert into STATION values (1139, 'bivy17', 709, 247006.96, 5024183.94, 1119.91);
insert into STATION values (1140, '.', 709, 247001.94, 5024183.40, 1119.80);
insert into STATION values (1141, '.', 709, 247005.23, 5024182.35, 1119.58);
insert into STATION values (1142, '.', 709, 247003.00, 5024184.95, 1119.40);
insert into STATION values (1143, 'bivy18', 709, 247000.42, 5024186.24, 1128.75);
insert into STATION values (1144, '.', 709, 247002.44, 5024188.08, 1128.96);
insert into STATION values (1145, '.', 709, 247005.28, 5024184.33, 1128.87);
insert into STATION values (1146, '.', 709, 247005.46, 5024182.17, 1128.58);
insert into STATION values (1147, '.', 709, 247001.70, 5024183.69, 1128.82);
insert into STATION values (1148, '.', 709, 247002.96, 5024187.25, 1133.32);
insert into STATION values (1149, '.', 709, 247005.01, 5024183.63, 1135.65);
insert into STATION values (1150, '.', 709, 246998.60, 5024182.96, 1134.82);
insert into STATION values (1151, '.', 709, 247004.15, 5024186.47, 1125.83);
insert into STATION values (1152, 'bivy19', 709, 246998.09, 5024188.28, 1141.86);
insert into STATION values (1153, '.', 709, 246998.64, 5024188.49, 1141.85);
insert into STATION values (1154, '.', 709, 246999.40, 5024188.78, 1142.45);
insert into STATION values (1155, '.', 709, 246999.49, 5024189.15, 1148.48);
insert into STATION values (1156, '.', 709, 246999.17, 5024188.58, 1143.95);
insert into STATION values (1157, '.', 709, 246996.98, 5024192.63, 1142.29);
insert into STATION values (1158, '.', 709, 246998.30, 5024186.20, 1141.87);
insert into STATION values (1159, 'bivy20', 709, 246997.32, 5024193.41, 1142.05);
insert into STATION values (1160, '.', 709, 246999.36, 5024193.04, 1142.03);
insert into STATION values (1161, '.', 709, 246998.66, 5024196.77, 1141.72);
insert into STATION values (1162, '.', 709, 246999.73, 5024195.83, 1141.84);
insert into STATION values (1163, '.', 709, 246996.06, 5024190.55, 1141.49);
insert into STATION values (1164, '.', 709, 246998.10, 5024191.08, 1142.35);
insert into STATION values (1165, '.', 709, 246997.08, 5024190.66, 1142.08);
insert into STATION values (1166, '.', 709, 246997.97, 5024193.73, 1139.62);
insert into STATION values (1167, 'bivy21', 709, 246998.09, 5024196.44, 1151.80);
insert into STATION values (1168, '.', 709, 246997.62, 5024193.71, 1151.83);
insert into STATION values (1169, '.', 709, 246997.67, 5024196.28, 1151.93);
insert into STATION values (1170, '.', 709, 246997.64, 5024197.49, 1152.06);
insert into STATION values (1171, '.', 709, 246997.49, 5024200.81, 1152.19);
insert into STATION values (1172, '.', 709, 246998.27, 5024198.40, 1152.00);
insert into STATION values (1173, '.', 709, 246998.62, 5024196.65, 1155.53);
insert into STATION values (1174, '.', 709, 246998.52, 5024197.75, 1155.45);
insert into STATION values (1175, 'bivy22', 709, 246998.15, 5024198.93, 1154.56);
insert into STATION values (1176, '.', 709, 246999.11, 5024196.89, 1154.53);
insert into STATION values (1177, '.', 709, 246997.91, 5024198.86, 1157.51);
insert into STATION values (1178, '.', 709, 246998.96, 5024199.30, 1154.59);
insert into STATION values (1179, '.', 709, 246999.00, 5024198.71, 1155.77);
insert into STATION values (1180, 'bivy23', 709, 246997.54, 5024202.31, 1157.00);
insert into STATION values (1181, '.', 709, 246996.97, 5024203.70, 1157.09);
insert into STATION values (1182, '.', 709, 246996.82, 5024201.58, 1156.67);
insert into STATION values (1183, '.', 709, 246996.30, 5024202.34, 1157.22);
insert into STATION values (1184, '.', 709, 246995.71, 5024203.08, 1156.77);
insert into STATION values (1185, '.', 709, 246996.42, 5024202.70, 1155.54);
insert into STATION values (1186, '.', 709, 246996.84, 5024202.34, 1159.53);
insert into STATION values (1187, 'bivy24', 709, 246994.29, 5024203.12, 1160.50);
insert into STATION values (1188, '.', 709, 246993.33, 5024204.25, 1160.56);
insert into STATION values (1189, '.', 709, 246994.10, 5024204.38, 1160.62);
insert into STATION values (1190, '.', 709, 246995.51, 5024203.82, 1160.51);
insert into STATION values (1191, '.', 709, 246994.19, 5024204.21, 1162.15);
insert into STATION values (1192, '.', 709, 246993.83, 5024203.14, 1159.09);
insert into STATION values (1193, 'bivy25', 709, 246990.76, 5024206.40, 1163.12);
insert into STATION values (1194, '.', 709, 246991.56, 5024206.99, 1163.51);
insert into STATION values (1195, '.', 709, 246990.85, 5024206.31, 1167.42);
insert into STATION values (1196, '.', 709, 246991.09, 5024207.11, 1160.45);
insert into STATION values (1197, '.', 709, 246993.80, 5024205.89, 1165.17);
insert into STATION values (1198, 'bivy26', 709, 246988.45, 5024211.65, 1164.66);
insert into STATION values (1199, '.', 709, 246988.83, 5024211.68, 1164.93);
insert into STATION values (1200, '.', 709, 246987.91, 5024211.13, 1164.67);
insert into STATION values (1201, '.', 709, 246988.96, 5024211.37, 1171.35);
insert into STATION values (1202, '.', 709, 246985.53, 5024212.77, 1165.13);
insert into STATION values (1203, '.', 709, 246990.21, 5024203.98, 1165.71);
insert into STATION values (1204, '.', 709, 246989.30, 5024210.13, 1164.78);
insert into STATION values (1205, '.', 709, 246988.23, 5024210.16, 1164.70);
insert into STATION values (1206, 'bivy27', 709, 246986.75, 5024213.82, 1172.53);
insert into STATION values (1207, '.', 709, 246985.93, 5024211.91, 1172.65);
insert into STATION values (1208, '.', 709, 246982.97, 5024212.69, 1172.91);
insert into STATION values (1209, '.', 709, 246984.23, 5024211.41, 1172.86);
insert into STATION values (1210, '.', 709, 246989.33, 5024212.10, 1172.74);
insert into STATION values (1211, '.', 709, 246991.40, 5024212.67, 1172.52);
insert into STATION values (1212, '.', 709, 246987.31, 5024211.66, 1175.86);
insert into STATION values (1213, '.', 709, 246987.19, 5024212.60, 1179.08);
insert into STATION values (1214, '.', 709, 246986.29, 5024212.57, 1170.44);
insert into STATION values (1215, 'bivy28', 709, 246985.25, 5024213.04, 1182.59);
insert into STATION values (1216, '.', 709, 246985.23, 5024213.41, 1183.38);
insert into STATION values (1217, '.', 709, 246985.95, 5024212.86, 1182.18);
insert into STATION values (1218, '.', 709, 246984.51, 5024211.92, 1170.78);
insert into STATION values (1219, '.', 709, 246985.10, 5024214.17, 1182.60);
insert into STATION values (1220, 'bivy29', 709, 246982.45, 5024215.24, 1183.36);
insert into STATION values (1221, '.', 709, 246984.75, 5024215.43, 1184.01);
insert into STATION values (1222, '.', 709, 246984.68, 5024216.12, 1183.41);
insert into STATION values (1223, '.', 709, 246983.83, 5024214.00, 1183.58);
insert into STATION values (1224, '.', 709, 246981.30, 5024214.29, 1183.65);
insert into STATION values (1225, '.', 709, 246979.63, 5024218.40, 1183.69);
insert into STATION values (1226, '.', 709, 246979.83, 5024217.02, 1183.30);
insert into STATION values (1227, '.', 709, 246981.21, 5024221.08, 1183.46);
insert into STATION values (1228, '.', 709, 246981.91, 5024215.52, 1197.99);
insert into STATION values (1229, '.', 709, 246981.51, 5024218.68, 1181.36);
insert into STATION values (1230, '.', 709, 246984.23, 5024219.73, 1196.91);
insert into STATION values (1231, 'bivy30', 709, 246983.78, 5024219.58, 1196.93);
insert into STATION values (1232, '.', 709, 246983.49, 5024218.41, 1197.04);
insert into STATION values (1233, '.', 709, 246980.99, 5024216.79, 1197.37);
insert into STATION values (1234, '.', 709, 246979.60, 5024217.83, 1197.36);
insert into STATION values (1235, '.', 709, 246980.56, 5024221.32, 1196.88);
insert into STATION values (1236, '.', 709, 246975.82, 5024219.74, 1196.62);
insert into STATION values (1237, '.', 709, 246978.93, 5024217.91, 1196.62);
insert into STATION values (1238, '.', 709, 246979.57, 5024220.47, 1205.36);
insert into STATION values (1239, '.', 709, 246980.13, 5024218.78, 1182.80);
insert into STATION values (1240, '.', 709, 246984.82, 5024220.98, 1207.85);
insert into STATION values (1241, '.', 709, 246985.14, 5024221.02, 1206.21);
insert into STATION values (1242, '.', 709, 246987.26, 5024221.69, 1197.52);
insert into STATION values (1243, '.', 709, 246983.35, 5024222.24, 1196.86);
insert into STATION values (1244, '.', 709, 246979.61, 5024217.65, 1196.91);
insert into STATION values (1245, '.', 709, 246979.67, 5024220.24, 1196.80);
insert into STATION values (1246, 'bivy31', 709, 246982.48, 5024219.81, 1215.28);
insert into STATION values (1247, '.', 709, 246983.48, 5024222.53, 1215.21);
insert into STATION values (1248, '.', 709, 246987.80, 5024218.88, 1215.50);
insert into STATION values (1249, '.', 709, 246987.61, 5024222.18, 1214.63);
insert into STATION values (1250, '.', 709, 246985.74, 5024222.24, 1214.34);
insert into STATION values (1251, '.', 709, 246980.52, 5024222.67, 1215.43);
insert into STATION values (1252, '.', 709, 246982.71, 5024222.49, 1215.23);
insert into STATION values (1253, '.', 709, 246983.86, 5024222.48, 1220.33);
insert into STATION values (1254, '.', 709, 246982.86, 5024221.08, 1209.58);
insert into STATION values (1255, 'bivy32', 709, 246980.98, 5024221.55, 1240.60);
insert into STATION values (1256, '.', 709, 246979.59, 5024220.56, 1240.58);
insert into STATION values (1257, '.', 709, 246981.40, 5024219.09, 1240.51);
insert into STATION values (1258, '.', 709, 246983.99, 5024217.92, 1240.62);
insert into STATION values (1259, '.', 709, 246983.85, 5024220.51, 1241.52);
insert into STATION values (1260, '.', 709, 246983.72, 5024221.74, 1242.63);
insert into STATION values (1261, '.', 709, 246982.73, 5024221.18, 1246.20);
insert into STATION values (1262, '.', 709, 246984.46, 5024217.39, 1238.06);
insert into STATION values (1263, '.', 709, 246978.18, 5024221.56, 1235.27);
insert into STATION values (1264, '.', 709, 246980.12, 5024222.83, 1237.32);
insert into STATION values (1265, '.', 709, 246980.32, 5024220.20, 1239.24);
insert into STATION values (1266, 'bivy33', 709, 246979.91, 5024221.20, 1247.28);
insert into STATION values (1267, '.', 709, 246980.70, 5024221.90, 1247.26);
insert into STATION values (1268, '.', 709, 246982.57, 5024220.64, 1247.23);
insert into STATION values (1269, '.', 709, 246980.39, 5024220.40, 1247.23);
insert into STATION values (1270, '.', 709, 246980.44, 5024220.49, 1249.63);
insert into STATION values (1271, '.', 709, 246979.95, 5024221.65, 1248.44);
insert into STATION values (1272, '.', 709, 246979.37, 5024221.46, 1247.24);
insert into STATION values (1273, '.', 709, 246979.90, 5024222.01, 1247.32);
insert into STATION values (1274, 'bivy34', 709, 246977.70, 5024222.70, 1246.24);
insert into STATION values (1275, '.', 709, 246977.62, 5024221.97, 1246.25);
insert into STATION values (1276, '.', 709, 246977.51, 5024222.31, 1247.54);
insert into STATION values (1277, '.', 709, 246977.92, 5024222.28, 1242.56);
insert into STATION values (1278, '.', 709, 246975.74, 5024222.44, 1245.95);
insert into STATION values (1279, '.', 709, 246978.75, 5024222.27, 1246.10);
insert into STATION values (1280, 'bivy35', 709, 246973.77, 5024221.07, 1247.91);
insert into STATION values (1281, '.', 709, 246973.84, 5024220.81, 1247.92);
insert into STATION values (1282, '.', 709, 246973.61, 5024221.30, 1247.97);
insert into STATION values (1283, '.', 709, 246974.22, 5024221.35, 1250.17);
insert into STATION values (1284, '.', 709, 246973.61, 5024220.89, 1246.93);
insert into STATION values (1285, '.', 709, 246971.28, 5024221.70, 1250.61);
insert into STATION values (1286, 'bivy36', 709, 246972.19, 5024221.79, 1250.02);
insert into STATION values (1287, '.', 709, 246972.32, 5024220.94, 1250.09);
insert into STATION values (1288, '.', 709, 246973.10, 5024221.15, 1250.14);
insert into STATION values (1289, '.', 709, 246973.17, 5024221.72, 1250.22);
insert into STATION values (1290, '.', 709, 246970.48, 5024221.37, 1250.18);
insert into STATION values (1291, '.', 709, 246972.41, 5024221.23, 1247.69);
insert into STATION values (1292, '.', 709, 246971.58, 5024221.74, 1258.72);
insert into STATION values (1293, 'bivy37', 709, 246968.71, 5024220.32, 1257.44);
insert into STATION values (1294, '.', 709, 246972.94, 5024221.01, 1257.04);
insert into STATION values (1295, '.', 709, 246968.64, 5024220.87, 1261.28);
insert into STATION values (1296, '.', 709, 246968.72, 5024219.92, 1257.48);
insert into STATION values (1297, '.', 709, 246968.92, 5024220.95, 1257.36);
insert into STATION values (1298, '.', 709, 246967.71, 5024220.62, 1257.45);
insert into STATION values (1299, '.', 709, 246965.37, 5024221.79, 1257.47);
insert into STATION values (1300, '.', 709, 246967.93, 5024220.89, 1257.50);
insert into STATION values (1301, '.', 709, 246967.52, 5024220.69, 1255.36);
insert into STATION values (1302, 'bivy38', 709, 246965.06, 5024220.64, 1264.75);
insert into STATION values (1303, '.', 709, 246964.95, 5024224.00, 1264.59);
insert into STATION values (1304, '.', 709, 246966.54, 5024222.91, 1263.18);
insert into STATION values (1305, '.', 709, 246965.28, 5024221.85, 1265.93);
insert into STATION values (1306, '.', 709, 246964.95, 5024219.92, 1264.90);
insert into STATION values (1307, '.', 709, 246965.61, 5024220.30, 1264.68);
insert into STATION values (1308, '.', 709, 246967.41, 5024219.54, 1262.99);
insert into STATION values (1309, '.', 709, 246964.87, 5024220.84, 1266.13);
insert into STATION values (1310, '.', 709, 246964.44, 5024221.35, 1264.74);
insert into STATION values (1311, 'bivy39', 709, 246963.28, 5024218.79, 1266.37);
insert into STATION values (1312, '.', 709, 246963.35, 5024219.39, 1266.31);
insert into STATION values (1313, '.', 709, 246963.33, 5024218.93, 1266.56);
insert into STATION values (1314, '.', 709, 246963.47, 5024219.15, 1264.57);
insert into STATION values (1315, '.', 709, 246963.24, 5024219.33, 1265.88);
insert into STATION values (1316, 'bivy40', 709, 246960.70, 5024217.62, 1267.10);
insert into STATION values (1317, '.', 709, 246960.61, 5024218.17, 1267.22);
insert into STATION values (1318, '.', 709, 246963.18, 5024218.10, 1267.19);
insert into STATION values (1319, '.', 709, 246960.52, 5024217.48, 1267.17);
insert into STATION values (1320, '.', 709, 246960.27, 5024215.50, 1267.57);
insert into STATION values (1321, '.', 709, 246960.48, 5024218.19, 1267.22);
insert into STATION values (1322, '.', 709, 246963.71, 5024216.82, 1267.39);
insert into STATION values (1323, '.', 709, 246961.62, 5024216.43, 1267.54);
insert into STATION values (1324, '.', 709, 246962.69, 5024217.63, 1274.13);
insert into STATION values (1325, '.', 709, 246959.30, 5024217.80, 1272.56);
insert into STATION values (1326, '.', 709, 246963.77, 5024218.13, 1264.81);
insert into STATION values (1327, 'bivy41', 709, 246961.61, 5024220.36, 1285.62);
insert into STATION values (1328, '.', 709, 246960.31, 5024220.56, 1285.60);
insert into STATION values (1329, '.', 709, 246961.40, 5024218.26, 1286.30);
insert into STATION values (1330, '.', 709, 246962.02, 5024219.68, 1285.92);
insert into STATION values (1331, '.', 709, 246962.76, 5024218.09, 1283.17);
insert into STATION values (1332, '.', 709, 246960.94, 5024217.94, 1282.89);
insert into STATION values (1333, '.', 709, 246961.14, 5024218.67, 1287.70);
insert into STATION values (1334, '.', 709, 246959.82, 5024220.20, 1290.42);
insert into STATION values (1335, 'bivy42', 709, 246959.92, 5024221.33, 1291.56);
insert into STATION values (1336, '.', 709, 246961.20, 5024220.58, 1291.53);
insert into STATION values (1337, '.', 709, 246958.21, 5024222.51, 1292.05);
insert into STATION values (1338, '.', 709, 246959.78, 5024223.02, 1291.82);
insert into STATION values (1339, '.', 709, 246959.25, 5024222.53, 1290.85);
insert into STATION values (1340, '.', 709, 246960.77, 5024222.33, 1291.78);
insert into STATION values (1341, '.', 709, 246961.46, 5024221.04, 1291.82);
insert into STATION values (1342, '.', 709, 246961.30, 5024219.56, 1289.99);
insert into STATION values (1343, '.', 709, 246959.54, 5024221.90, 1290.17);
insert into STATION values (1344, 'bivy43', 709, 246957.02, 5024223.94, 1304.26);
insert into STATION values (1345, '.', 709, 246956.27, 5024223.55, 1304.38);
insert into STATION values (1346, '.', 709, 246956.61, 5024224.86, 1310.47);
insert into STATION values (1347, '.', 709, 246955.71, 5024226.86, 1305.82);
insert into STATION values (1348, '.', 709, 246955.10, 5024226.24, 1305.94);
insert into STATION values (1349, '.', 709, 246957.26, 5024223.14, 1305.22);
insert into STATION values (1350, '.', 709, 246957.14, 5024222.85, 1303.96);
insert into STATION values (1351, 'bivy44', 709, 246954.61, 5024226.79, 1304.74);
insert into STATION values (1352, '.', 709, 246954.96, 5024227.14, 1304.70);
insert into STATION values (1353, '.', 709, 246955.18, 5024227.14, 1309.19);
insert into STATION values (1354, '.', 709, 246957.00, 5024224.18, 1305.93);
insert into STATION values (1355, '.', 709, 246954.58, 5024227.09, 1302.93);
insert into STATION values (1356, '.', 709, 246955.97, 5024225.16, 1303.57);
insert into STATION values (1357, '.', 709, 246951.15, 5024229.69, 1304.68);
insert into STATION values (1358, '.', 709, 246953.20, 5024229.54, 1304.60);
insert into STATION values (1359, '.', 709, 246953.95, 5024228.76, 1304.58);
insert into STATION values (1360, '.', 709, 246954.53, 5024227.46, 1304.71);
insert into STATION values (1361, '.', 709, 246952.15, 5024227.33, 1294.72);
insert into STATION values (1362, '.', 709, 246953.46, 5024229.03, 1301.56);
insert into STATION values (1363, '.', 709, 246953.18, 5024229.46, 1305.06);
insert into STATION values (1364, '.', 709, 246950.48, 5024228.83, 1300.75);
insert into STATION values (1365, '.', 709, 246950.44, 5024229.12, 1300.53);
insert into STATION values (1366, 'bivy45', 709, 246952.74, 5024228.99, 1307.51);
insert into STATION values (1367, '.', 709, 246952.24, 5024228.68, 1307.52);
insert into STATION values (1368, '.', 709, 246953.90, 5024226.93, 1307.97);
insert into STATION values (1369, '.', 709, 246953.36, 5024228.94, 1307.55);
insert into STATION values (1370, '.', 709, 246951.21, 5024230.08, 1307.62);
insert into STATION values (1371, '.', 709, 246950.22, 5024229.21, 1307.50);
insert into STATION values (1372, '.', 709, 246953.05, 5024227.35, 1294.66);
insert into STATION values (1373, '.', 709, 246953.66, 5024229.06, 1302.29);
insert into STATION values (1374, '.', 709, 246953.69, 5024227.62, 1310.42);
insert into STATION values (1375, 'bivy46', 709, 246951.85, 5024230.55, 1312.67);
insert into STATION values (1376, '.', 709, 246951.55, 5024230.14, 1312.65);
insert into STATION values (1377, '.', 709, 246951.86, 5024230.14, 1313.42);
insert into STATION values (1378, '.', 709, 246951.27, 5024230.67, 1312.88);
insert into STATION values (1379, '.', 709, 246952.36, 5024229.73, 1312.76);
insert into STATION values (1380, '.', 709, 246951.54, 5024230.44, 1310.79);
insert into STATION values (1381, 'bivy47', 709, 246950.79, 5024230.50, 1313.40);
insert into STATION values (1382, '.', 709, 246951.10, 5024230.25, 1313.32);
insert into STATION values (1383, '.', 709, 246951.14, 5024230.17, 1313.04);
insert into STATION values (1384, '.', 709, 246950.81, 5024230.32, 1312.78);
insert into STATION values (1385, '.', 709, 246950.82, 5024230.43, 1313.68);
insert into STATION values (1386, 'bivy48', 709, 246949.44, 5024228.32, 1313.65);
insert into STATION values (1387, '.', 709, 246948.82, 5024227.66, 1314.06);
insert into STATION values (1388, '.', 709, 246949.22, 5024228.50, 1314.87);
insert into STATION values (1389, '.', 709, 246949.69, 5024228.28, 1313.85);
insert into STATION values (1390, '.', 709, 246948.05, 5024228.98, 1313.78);
insert into STATION values (1391, '.', 709, 246948.56, 5024228.05, 1313.80);
insert into STATION values (1392, '.', 709, 246948.17, 5024228.96, 1315.07);
insert into STATION values (1393, '.', 709, 246947.53, 5024227.62, 1315.66);
insert into STATION values (1394, '.', 709, 246947.76, 5024228.20, 1316.61);
insert into STATION values (1395, '.', 709, 246945.00, 5024228.69, 1314.37);
insert into STATION values (1396, 'bivy49', 709, 246942.10, 5024228.24, 1317.30);
insert into STATION values (1397, '.', 709, 246946.59, 5024227.75, 1317.52);
insert into STATION values (1398, '.', 709, 246946.37, 5024224.87, 1317.83);
insert into STATION values (1399, '.', 709, 246944.46, 5024224.72, 1317.66);
insert into STATION values (1400, '.', 709, 246943.97, 5024229.10, 1317.35);
insert into STATION values (1401, '.', 709, 246942.06, 5024229.62, 1317.44);
insert into STATION values (1402, '.', 709, 246944.70, 5024228.05, 1314.34);
insert into STATION values (1403, '.', 709, 246944.88, 5024227.32, 1322.12);
insert into STATION values (1404, '.', 709, 246944.71, 5024224.34, 1322.00);
insert into STATION values (1405, '.', 709, 246943.95, 5024229.32, 1320.80);
insert into STATION values (1406, 'bivy50', 709, 246945.99, 5024226.70, 1316.90);
insert into STATION values (1407, '.', 709, 246942.67, 5024226.59, 1316.71);
insert into STATION values (1408, '.', 709, 246941.90, 5024229.35, 1317.39);
insert into STATION values (1409, '.', 709, 246945.33, 5024228.63, 1317.98);
insert into STATION values (1410, '.', 709, 246945.51, 5024224.18, 1316.41);
insert into STATION values (1411, '.', 709, 246945.52, 5024226.61, 1318.92);
insert into STATION values (1412, 'bivy51', 709, 246942.04, 5024226.06, 1333.30);
insert into STATION values (1413, '.', 709, 246942.12, 5024223.93, 1333.11);
insert into STATION values (1414, '.', 709, 246945.15, 5024223.07, 1332.96);
insert into STATION values (1415, '.', 709, 246942.31, 5024226.00, 1333.30);
insert into STATION values (1416, '.', 709, 246945.03, 5024225.12, 1333.51);
insert into STATION values (1417, '.', 709, 246939.94, 5024225.90, 1333.57);
insert into STATION values (1418, '.', 709, 246945.22, 5024225.31, 1329.61);
insert into STATION values (1419, '.', 709, 246942.22, 5024223.61, 1332.05);
insert into STATION values (1420, '.', 709, 246941.72, 5024223.62, 1335.34);
insert into STATION values (1421, '.', 709, 246944.30, 5024224.45, 1335.80);
insert into STATION values (1422, '.', 709, 246939.13, 5024224.78, 1337.60);
insert into STATION values (1423, 'bivy52', 709, 246939.80, 5024224.87, 1343.99);
insert into STATION values (1424, '.', 709, 246939.74, 5024224.77, 1344.08);
insert into STATION values (1425, '.', 709, 246939.75, 5024225.43, 1344.05);
insert into STATION values (1426, '.', 709, 246939.67, 5024224.50, 1349.54);
insert into STATION values (1427, '.', 709, 246940.17, 5024223.64, 1353.99);
insert into STATION values (1428, '.', 709, 246937.90, 5024226.10, 1343.92);
insert into STATION values (1429, '.', 709, 246939.67, 5024224.60, 1344.06);
insert into STATION values (1430, '.', 709, 246939.89, 5024223.45, 1347.00);
insert into STATION values (1431, '.', 709, 246938.83, 5024224.34, 1339.77);
insert into STATION values (1432, '.', 709, 246938.11, 5024225.10, 1341.00);
insert into STATION values (1433, 'bivy53', 709, 246935.75, 5024226.48, 1346.05);
insert into STATION values (1434, '.', 709, 246935.94, 5024225.91, 1346.15);
insert into STATION values (1435, '.', 709, 246936.02, 5024225.61, 1346.73);
insert into STATION values (1436, '.', 709, 246936.35, 5024225.80, 1350.37);
insert into STATION values (1437, '.', 709, 246936.31, 5024226.37, 1346.06);
insert into STATION values (1438, '.', 709, 246936.41, 5024226.47, 1344.04);
insert into STATION values (1439, '.', 709, 246934.31, 5024225.78, 1355.26);
insert into STATION values (1440, 'bivy54', 709, 246932.56, 5024223.71, 1347.96);
insert into STATION values (1441, '.', 709, 246932.91, 5024220.81, 1347.95);
insert into STATION values (1442, '.', 709, 246931.18, 5024223.23, 1348.72);
insert into STATION values (1443, '.', 709, 246931.88, 5024225.79, 1348.72);
insert into STATION values (1444, '.', 709, 246934.32, 5024223.99, 1348.05);
insert into STATION values (1445, '.', 709, 246933.56, 5024218.09, 1373.10);
insert into STATION values (1446, '.', 709, 246933.35, 5024222.49, 1347.44);
insert into STATION values (1447, '.', 709, 246932.36, 5024225.21, 1347.08);
insert into STATION values (1448, 'bivy55', 709, 246934.42, 5024220.18, 1347.89);
insert into STATION values (1449, '.', 709, 246935.64, 5024220.67, 1347.91);
insert into STATION values (1450, '.', 709, 246935.10, 5024221.45, 1347.72);
insert into STATION values (1451, '.', 709, 246934.29, 5024220.60, 1347.94);
insert into STATION values (1452, '.', 709, 246933.51, 5024222.97, 1347.67);
insert into STATION values (1453, '.', 709, 246934.98, 5024220.39, 1356.66);
insert into STATION values (1454, 'bivy56', 709, 246935.82, 5024220.08, 1347.03);
insert into STATION values (1455, '.', 709, 246935.79, 5024219.41, 1347.01);
insert into STATION values (1456, '.', 709, 246935.99, 5024220.53, 1346.97);
insert into STATION values (1457, '.', 709, 246935.88, 5024219.49, 1345.36);
insert into STATION values (1458, '.', 709, 246935.91, 5024219.86, 1347.33);
insert into STATION values (1459, '0', 1008, 247026.90, 5024172.68, 1068.76);
insert into STATION values (1460, '1', 1008, 247029.76, 5024172.89, 1068.87);
insert into STATION values (1461, '.', 1008, 247029.70, 5024172.38, 1068.88);
insert into STATION values (1462, '.', 1008, 247029.76, 5024172.69, 1069.16);
insert into STATION values (1463, '.', 1008, 247029.31, 5024173.01, 1065.79);
insert into STATION values (1464, '.', 1008, 247030.05, 5024173.43, 1068.20);
insert into STATION values (1465, '2', 1008, 247032.47, 5024170.90, 1065.06);
insert into STATION values (1466, '.', 1008, 247031.90, 5024170.29, 1065.07);
insert into STATION values (1467, '.', 1008, 247032.49, 5024170.54, 1065.99);
insert into STATION values (1468, '.', 1008, 247032.43, 5024170.58, 1061.89);
insert into STATION values (1469, '.', 1008, 247034.00, 5024169.70, 1064.48);
insert into STATION values (1470, '.', 1008, 247031.69, 5024171.42, 1064.78);
insert into STATION values (1471, '3', 1008, 247033.82, 5024169.81, 1060.94);
insert into STATION values (1472, '.', 1008, 247033.20, 5024169.59, 1061.00);
insert into STATION values (1473, '.', 1008, 247033.24, 5024169.33, 1064.10);
insert into STATION values (1474, '.', 1008, 247033.22, 5024169.51, 1057.46);
insert into STATION values (1475, '.', 1008, 247032.97, 5024170.73, 1060.48);
insert into STATION values (1476, '.', 1008, 247035.19, 5024168.13, 1060.48);
insert into STATION values (1477, '4', 1008, 247035.13, 5024168.29, 1057.20);
insert into STATION values (1478, '.', 1008, 247035.65, 5024168.80, 1057.22);
insert into STATION values (1479, '.', 1008, 247035.04, 5024168.99, 1062.57);
insert into STATION values (1480, '.', 1008, 247036.42, 5024166.80, 1049.43);
insert into STATION values (1481, '.', 1008, 247037.30, 5024167.38, 1056.98);
insert into STATION values (1482, '5', 1008, 247039.77, 5024167.18, 1046.64);
insert into STATION values (1483, '.', 1008, 247041.14, 5024168.21, 1046.74);
insert into STATION values (1484, '.', 1008, 247039.85, 5024167.26, 1045.11);
insert into STATION values (1485, '.', 1008, 247041.04, 5024167.13, 1047.15);
insert into STATION values (1486, '.', 1008, 247040.25, 5024167.01, 1047.71);
insert into STATION values (1487, '.', 1008, 247038.51, 5024167.87, 1046.60);
insert into STATION values (1488, '6', 1008, 247042.74, 5024166.68, 1043.98);
insert into STATION values (1489, '.', 1008, 247042.96, 5024167.17, 1043.91);
insert into STATION values (1490, '.', 1008, 247043.03, 5024166.83, 1044.89);
insert into STATION values (1491, '.', 1008, 247043.69, 5024164.50, 1033.15);
insert into STATION values (1492, '.', 1008, 247048.53, 5024166.31, 1025.47);
insert into STATION values (1493, '.', 1008, 247048.82, 5024165.61, 1020.09);
insert into STATION values (1494, '7', 1008, 247045.06, 5024166.78, 1043.34);
insert into STATION values (1495, '.', 1008, 247044.98, 5024166.55, 1043.31);
insert into STATION values (1496, '.', 1008, 247045.78, 5024166.83, 1043.34);
insert into STATION values (1497, '.', 1008, 247044.83, 5024166.80, 1042.13);
insert into STATION values (1498, '.', 1008, 247044.91, 5024166.86, 1043.86);
insert into STATION values (1499, '8', 1008, 247047.08, 5024163.55, 1036.94);
insert into STATION values (1500, '.', 1008, 247049.79, 5024163.96, 1015.26);
insert into STATION values (1501, '.', 1008, 247047.86, 5024164.71, 1037.08);
insert into STATION values (1502, '.', 1008, 247047.62, 5024164.54, 1041.33);
insert into STATION values (1503, '.', 1008, 247047.32, 5024163.72, 1034.43);
insert into STATION values (1504, '.', 1008, 247046.22, 5024165.43, 1037.10);
insert into STATION values (1505, '.', 1008, 247048.52, 5024162.12, 1036.79);
insert into STATION values (1506, '9', 1008, 247050.64, 5024160.80, 1031.53);
insert into STATION values (1507, '.', 1008, 247051.63, 5024161.27, 1031.48);
insert into STATION values (1508, '.', 1008, 247050.09, 5024160.62, 1031.66);
insert into STATION values (1509, '.', 1008, 247050.81, 5024160.29, 1026.46);
insert into STATION values (1510, '.', 1008, 247050.00, 5024159.80, 1021.40);
insert into STATION values (1511, '.', 1008, 247049.07, 5024163.99, 1031.66);
insert into STATION values (1512, '.', 1008, 247051.43, 5024160.31, 1031.24);
insert into STATION values (1513, '10', 1008, 247053.56, 5024157.68, 1021.55);
insert into STATION values (1514, '.', 1008, 247053.57, 5024157.49, 1025.11);
insert into STATION values (1515, '.', 1008, 247053.78, 5024158.69, 1021.88);
insert into STATION values (1516, '.', 1008, 247055.38, 5024157.64, 1021.55);
insert into STATION values (1517, '.', 1008, 247053.99, 5024156.37, 1021.50);
insert into STATION values (1518, '.', 1008, 247052.52, 5024156.36, 1021.82);
insert into STATION values (1519, '11', 1008, 247056.45, 5024157.98, 1020.05);
insert into STATION values (1520, '.', 1008, 247056.02, 5024157.38, 1020.04);
insert into STATION values (1521, '.', 1008, 247056.49, 5024157.97, 1020.25);
insert into STATION values (1522, '.', 1008, 247056.41, 5024157.98, 1019.91);
insert into STATION values (1523, '12', 1008, 247057.53, 5024156.94, 1020.00);
insert into STATION values (1524, '.', 1008, 247057.55, 5024157.41, 1019.99);
insert into STATION values (1525, '.', 1008, 247057.64, 5024156.91, 1020.50);
insert into STATION values (1526, '.', 1008, 247057.57, 5024157.04, 1019.64);
insert into STATION values (1527, '13', 1008, 247059.55, 5024157.23, 1019.75);
insert into STATION values (1528, '.', 1008, 247059.50, 5024156.75, 1019.75);
insert into STATION values (1529, '.', 1008, 247059.55, 5024157.38, 1019.78);
insert into STATION values (1530, '.', 1008, 247059.50, 5024157.35, 1019.77);
insert into STATION values (1531, '.', 1008, 247059.70, 5024157.19, 1020.45);
insert into STATION values (1532, '.', 1008, 247059.81, 5024157.01, 1018.20);
insert into STATION values (1533, '14', 1008, 247062.30, 5024156.00, 1018.16);
insert into STATION values (1534, '.', 1008, 247062.43, 5024156.28, 1018.17);
insert into STATION values (1535, '.', 1008, 247062.10, 5024155.63, 1018.17);
insert into STATION values (1536, '.', 1008, 247062.34, 5024155.87, 1018.61);
insert into STATION values (1537, '.', 1008, 247062.18, 5024155.68, 1015.64);
insert into STATION values (1538, '15', 1008, 247064.17, 5024154.66, 1016.46);
insert into STATION values (1539, '.', 1008, 247063.89, 5024155.37, 1016.47);
insert into STATION values (1540, '.', 1008, 247063.82, 5024154.99, 1018.32);
insert into STATION values (1541, '.', 1008, 247064.33, 5024154.77, 1014.87);
insert into STATION values (1542, '16', 1008, 247067.17, 5024156.47, 1013.78);
insert into STATION values (1543, '.', 1008, 247066.95, 5024156.89, 1013.82);
insert into STATION values (1544, '.', 1008, 247067.28, 5024156.02, 1013.63);
insert into STATION values (1545, '.', 1008, 247068.27, 5024156.76, 1013.34);
insert into STATION values (1546, '.', 1008, 247067.19, 5024156.51, 1010.06);
insert into STATION values (1547, '.', 1008, 247065.71, 5024155.65, 1013.17);
insert into STATION values (1548, '.', 1008, 247064.88, 5024154.60, 1013.12);
insert into STATION values (1549, '17', 1008, 247073.42, 5024155.54, 1003.51);
insert into STATION values (1550, '.', 1008, 247070.61, 5024152.88, 1003.91);
insert into STATION values (1551, '.', 1008, 247070.71, 5024155.78, 1004.90);
insert into STATION values (1552, '.', 1008, 247073.16, 5024156.75, 1003.55);
insert into STATION values (1553, '.', 1008, 247074.48, 5024155.41, 1003.94);
insert into STATION values (1554, '.', 1008, 247072.45, 5024155.79, 1001.72);
insert into STATION values (1555, '18', 1008, 247073.52, 5024158.01, 1000.67);
insert into STATION values (1556, '.', 1008, 247073.61, 5024157.86, 999.25);
insert into STATION values (1557, '.', 1008, 247073.61, 5024157.63, 1002.96);
insert into STATION values (1558, '.', 1008, 247072.35, 5024158.22, 1000.90);
insert into STATION values (1559, '.', 1008, 247073.85, 5024156.00, 1000.24);
insert into STATION values (1560, '.', 1008, 247072.71, 5024157.06, 1000.67);
insert into STATION values (1561, '19', 1008, 247075.76, 5024156.61, 999.46);
insert into STATION values (1562, '.', 1008, 247075.60, 5024157.23, 999.59);
insert into STATION values (1563, '.', 1008, 247075.62, 5024156.08, 999.45);
insert into STATION values (1564, '.', 1008, 247075.93, 5024156.75, 998.55);
insert into STATION values (1565, '.', 1008, 247075.86, 5024156.83, 1000.15);
insert into STATION values (1566, '20', 1008, 247076.98, 5024156.65, 999.40);
insert into STATION values (1567, '.', 1008, 247077.39, 5024156.87, 999.40);
insert into STATION values (1568, '.', 1008, 247077.01, 5024156.69, 998.37);
insert into STATION values (1569, '.', 1008, 247077.06, 5024156.68, 999.71);
insert into STATION values (1570, '.', 1008, 247076.43, 5024157.17, 999.49);
insert into STATION values (1571, '21', 1008, 247076.63, 5024159.71, 999.94);
insert into STATION values (1572, '.', 1008, 247076.22, 5024159.48, 999.94);
insert into STATION values (1573, '.', 1008, 247077.27, 5024159.90, 999.89);
insert into STATION values (1574, '.', 1008, 247077.14, 5024159.04, 999.83);
insert into STATION values (1575, '.', 1008, 247077.22, 5024159.29, 997.65);
insert into STATION values (1576, '.', 1008, 247076.81, 5024159.41, 1000.89);
insert into STATION values (1577, '.', 1008, 247077.10, 5024158.67, 998.63);
insert into STATION values (1578, '.', 1008, 247077.86, 5024159.26, 998.42);
insert into STATION values (1579, '22', 1008, 247078.41, 5024159.42, 999.27);
insert into STATION values (1580, '.', 1008, 247078.24, 5024159.91, 999.30);
insert into STATION values (1581, '.', 1008, 247078.35, 5024159.44, 999.58);
insert into STATION values (1582, '.', 1008, 247078.59, 5024159.59, 996.90);
insert into STATION values (1583, '23', 1008, 247080.26, 5024161.53, 998.44);
insert into STATION values (1584, '.', 1008, 247080.14, 5024160.65, 998.43);
insert into STATION values (1585, '.', 1008, 247080.21, 5024161.53, 997.36);
insert into STATION values (1586, '.', 1008, 247080.26, 5024161.64, 998.86);
insert into STATION values (1587, '.', 1008, 247080.92, 5024160.31, 997.62);
insert into STATION values (1588, '.', 1008, 247079.80, 5024160.35, 998.20);
insert into STATION values (1589, '.', 1008, 247080.29, 5024161.51, 997.88);
insert into STATION values (1590, '24', 1008, 247082.08, 5024160.33, 996.28);
insert into STATION values (1591, '.', 1008, 247082.07, 5024161.07, 996.40);
insert into STATION values (1592, '.', 1008, 247082.30, 5024161.06, 997.27);
insert into STATION values (1593, '.', 1008, 247082.17, 5024160.36, 994.90);
insert into STATION values (1594, '.', 1008, 247082.53, 5024160.52, 997.41);
insert into STATION values (1595, '.', 1008, 247080.84, 5024160.41, 996.16);
insert into STATION values (1596, '.', 1008, 247083.37, 5024161.07, 995.91);
insert into STATION values (1597, '.', 1008, 247083.48, 5024160.87, 996.99);
insert into STATION values (1598, '25', 1008, 247084.52, 5024160.74, 995.32);
insert into STATION values (1599, '.', 1008, 247084.10, 5024161.17, 995.34);
insert into STATION values (1600, '.', 1008, 247084.40, 5024160.68, 994.91);
insert into STATION values (1601, '.', 1008, 247084.42, 5024160.81, 995.59);
insert into STATION values (1602, '.', 1008, 247084.60, 5024161.04, 993.30);
insert into STATION values (1603, '.', 1008, 247085.32, 5024161.77, 995.08);
insert into STATION values (1604, '.', 1008, 247083.99, 5024160.18, 995.35);
insert into STATION values (1605, '26', 1008, 247085.44, 5024161.71, 995.03);
insert into STATION values (1606, '.', 1008, 247085.36, 5024162.33, 995.27);
insert into STATION values (1607, '.', 1008, 247085.88, 5024161.09, 995.05);
insert into STATION values (1608, '.', 1008, 247085.53, 5024161.78, 992.89);
insert into STATION values (1609, '.', 1008, 247085.72, 5024161.72, 995.73);
insert into STATION values (1610, '.', 1008, 247084.88, 5024161.66, 995.05);
insert into STATION values (1611, '.', 1008, 247081.89, 5024160.15, 998.07);
insert into STATION values (1612, '.', 1008, 247086.94, 5024162.02, 994.94);
insert into STATION values (1613, '.', 1008, 247086.60, 5024161.45, 993.81);
insert into STATION values (1614, '27', 1008, 247088.08, 5024162.16, 993.97);
insert into STATION values (1615, '.', 1008, 247087.65, 5024161.59, 993.93);
insert into STATION values (1616, '.', 1008, 247088.00, 5024161.85, 992.42);
insert into STATION values (1617, '.', 1008, 247088.14, 5024161.81, 994.74);
insert into STATION values (1618, '.', 1008, 247088.19, 5024162.45, 993.98);
insert into STATION values (1619, '28', 1008, 247094.32, 5024161.33, 992.00);
insert into STATION values (1620, '.', 1008, 247094.89, 5024159.77, 986.50);
insert into STATION values (1621, '.', 1008, 247094.34, 5024162.18, 992.00);
insert into STATION values (1622, '.', 1008, 247094.57, 5024161.40, 992.78);
insert into STATION values (1623, '.', 1008, 247094.53, 5024161.74, 990.80);
insert into STATION values (1624, '.', 1008, 247094.69, 5024161.61, 991.30);
insert into STATION values (1625, '.', 1008, 247094.90, 5024161.52, 992.50);
insert into STATION values (1626, '29', 1008, 247097.18, 5024162.63, 990.86);
insert into STATION values (1627, '.', 1008, 247096.75, 5024163.08, 990.89);
insert into STATION values (1628, '.', 1008, 247096.96, 5024162.61, 989.72);
insert into STATION values (1629, '.', 1008, 247097.08, 5024162.68, 991.19);
insert into STATION values (1630, '.', 1008, 247097.33, 5024162.32, 990.80);
insert into STATION values (1631, '.', 1008, 247096.54, 5024164.33, 990.23);
insert into STATION values (1632, '.', 1008, 247097.14, 5024164.03, 989.94);
insert into STATION values (1633, '.', 1008, 247097.99, 5024163.00, 990.38);
insert into STATION values (1634, '30', 1008, 247098.65, 5024163.50, 990.07);
insert into STATION values (1635, '.', 1008, 247098.22, 5024163.36, 990.09);
insert into STATION values (1636, '.', 1008, 247098.44, 5024163.44, 990.74);
insert into STATION values (1637, '.', 1008, 247098.66, 5024163.51, 989.40);
insert into STATION values (1638, '31', 1008, 247099.13, 5024164.21, 989.71);
insert into STATION values (1639, '.', 1008, 247099.25, 5024163.70, 989.71);
insert into STATION values (1640, '.', 1008, 247099.14, 5024164.30, 990.05);
insert into STATION values (1641, '.', 1008, 247099.28, 5024164.14, 989.08);
insert into STATION values (1642, '.', 1008, 247100.24, 5024162.66, 987.85);
insert into STATION values (1643, '.', 1008, 247100.11, 5024163.62, 989.47);
insert into STATION values (1644, '.', 1008, 247098.50, 5024163.68, 989.92);
insert into STATION values (1645, '32', 1008, 247100.16, 5024161.28, 986.83);
insert into STATION values (1646, '.', 1008, 247100.36, 5024162.17, 986.80);
insert into STATION values (1647, '.', 1008, 247100.48, 5024161.46, 987.16);
insert into STATION values (1648, '.', 1008, 247100.11, 5024161.59, 986.13);
insert into STATION values (1649, '.', 1008, 247099.04, 5024161.23, 986.96);
insert into STATION values (1650, '.', 1008, 247100.76, 5024161.42, 986.78);
insert into STATION values (1651, '.', 1008, 247100.40, 5024161.27, 987.31);
insert into STATION values (1652, '33', 1008, 247102.67, 5024161.12, 984.53);
insert into STATION values (1653, '.', 1008, 247102.72, 5024161.21, 985.15);
insert into STATION values (1654, '.', 1008, 247102.23, 5024161.95, 984.59);
insert into STATION values (1655, '.', 1008, 247103.07, 5024161.87, 984.28);
insert into STATION values (1656, '.', 1008, 247102.07, 5024160.66, 984.70);
insert into STATION values (1657, '.', 1008, 247102.15, 5024161.17, 984.45);
insert into STATION values (1658, '.', 1008, 247102.56, 5024161.72, 983.22);
insert into STATION values (1659, '34', 1008, 247104.34, 5024159.00, 979.49);
insert into STATION values (1660, '.', 1008, 247103.38, 5024160.30, 979.82);
insert into STATION values (1661, '.', 1008, 247105.49, 5024160.23, 979.75);
insert into STATION values (1662, '.', 1008, 247104.99, 5024158.40, 979.65);
insert into STATION values (1663, '.', 1008, 247103.59, 5024158.78, 979.44);
insert into STATION values (1664, '.', 1008, 247104.41, 5024158.87, 981.22);
insert into STATION values (1665, '35', 1008, 247105.05, 5024159.80, 979.89);
insert into STATION values (1666, '.', 1008, 247106.40, 5024159.81, 979.60);
insert into STATION values (1667, '.', 1008, 247104.73, 5024160.15, 979.81);
insert into STATION values (1668, '.', 1008, 247104.90, 5024159.50, 979.46);
insert into STATION values (1669, '36', 1008, 247106.23, 5024161.08, 977.69);
insert into STATION values (1670, '.', 1008, 247105.96, 5024162.38, 977.46);
insert into STATION values (1671, '.', 1008, 247106.43, 5024160.50, 977.58);
insert into STATION values (1672, '.', 1008, 247106.41, 5024161.10, 978.68);
insert into STATION values (1673, '.', 1008, 247105.30, 5024160.24, 977.91);
insert into STATION values (1674, '37', 1008, 247108.00, 5024162.17, 976.20);
insert into STATION values (1675, '.', 1008, 247108.42, 5024161.97, 976.37);
insert into STATION values (1676, '.', 1008, 247107.70, 5024162.65, 976.26);
insert into STATION values (1677, '.', 1008, 247107.95, 5024162.22, 976.91);
insert into STATION values (1678, '.', 1008, 247108.01, 5024162.48, 977.19);
insert into STATION values (1679, '.', 1008, 247106.75, 5024160.55, 976.70);
insert into STATION values (1680, '.', 1008, 247109.22, 5024163.72, 976.49);
insert into STATION values (1681, 'boyau.0', 1186, 247097.18, 5024162.63, 990.86);
insert into STATION values (1682, 'boyau.1', 1186, 247096.47, 5024164.20, 990.12);
insert into STATION values (1683, '.', 1186, 247095.75, 5024164.35, 991.59);
insert into STATION values (1684, '.', 1186, 247096.75, 5024163.97, 990.50);
insert into STATION values (1685, '.', 1186, 247096.27, 5024163.92, 990.20);
insert into STATION values (1686, '.', 1186, 247096.72, 5024164.38, 990.17);
insert into STATION values (1687, '.', 1186, 247096.76, 5024163.73, 989.56);
insert into STATION values (1688, '.', 1186, 247096.87, 5024163.41, 990.22);
insert into STATION values (1689, '.', 1186, 247097.72, 5024162.41, 990.46);
insert into STATION values (1690, '.', 1186, 247097.33, 5024163.85, 989.75);
insert into STATION values (1691, 'boyau.2', 1186, 247095.56, 5024164.27, 991.62);
insert into STATION values (1692, '.', 1186, 247095.59, 5024164.04, 991.56);
insert into STATION values (1693, '.', 1186, 247095.78, 5024164.39, 991.61);
insert into STATION values (1694, '.', 1186, 247095.52, 5024164.38, 991.33);
insert into STATION values (1695, '.', 1186, 247095.72, 5024163.95, 991.55);
insert into STATION values (1696, '.', 1186, 247095.34, 5024164.08, 991.56);
insert into STATION values (1697, '.', 1186, 247095.16, 5024164.71, 991.38);
insert into STATION values (1698, 'boyau.3', 1186, 247094.84, 5024164.81, 991.50);
insert into STATION values (1699, '.', 1186, 247095.25, 5024164.87, 991.56);
insert into STATION values (1700, '.', 1186, 247094.93, 5024164.77, 991.97);
insert into STATION values (1701, '.', 1186, 247094.99, 5024164.74, 991.37);
insert into STATION values (1702, '.', 1186, 247094.71, 5024165.29, 991.53);
insert into STATION values (1703, '.', 1186, 247095.02, 5024164.93, 990.86);
insert into STATION values (1704, 'boyau.4', 1186, 247095.98, 5024165.40, 990.62);
insert into STATION values (1705, '.', 1186, 247095.57, 5024166.13, 990.19);
insert into STATION values (1706, '.', 1186, 247096.11, 5024165.27, 991.18);
insert into STATION values (1707, '.', 1186, 247096.18, 5024165.69, 989.57);
insert into STATION values (1708, 'boyau.5', 1186, 247097.69, 5024167.32, 987.73);
insert into STATION values (1709, '.', 1186, 247097.89, 5024167.70, 987.87);
insert into STATION values (1710, '.', 1186, 247097.84, 5024167.35, 988.17);
insert into STATION values (1711, '.', 1186, 247097.85, 5024167.01, 987.91);
insert into STATION values (1712, 'boyau.6', 1186, 247100.55, 5024166.69, 987.50);
insert into STATION values (1713, '.', 1186, 247100.35, 5024167.06, 987.56);
insert into STATION values (1714, '.', 1186, 247100.56, 5024166.92, 987.68);
insert into STATION values (1715, '.', 1186, 247100.42, 5024166.77, 987.23);
insert into STATION values (1716, 'boyau.7', 1186, 247101.86, 5024167.80, 985.81);
insert into STATION values (1717, '.', 1186, 247102.00, 5024167.32, 985.87);
insert into STATION values (1718, '.', 1186, 247101.80, 5024167.64, 986.76);
insert into STATION values (1719, '.', 1186, 247101.90, 5024168.00, 985.90);
insert into STATION values (1720, '.', 1186, 247101.16, 5024167.62, 986.26);
insert into STATION values (1721, '.', 1186, 247102.62, 5024167.28, 985.85);
insert into STATION values (1722, '.', 1186, 247102.43, 5024168.06, 985.76);
insert into STATION values (1723, 'boyau.8', 1186, 247101.75, 5024167.89, 984.51);
insert into STATION values (1724, '.', 1186, 247101.21, 5024168.23, 984.62);
insert into STATION values (1725, '.', 1186, 247101.77, 5024168.35, 984.62);
insert into STATION values (1726, '.', 1186, 247102.23, 5024167.82, 984.59);
insert into STATION values (1727, '.', 1186, 247101.79, 5024167.95, 985.51);
insert into STATION values (1728, '.', 1186, 247101.74, 5024167.81, 984.24);
insert into STATION values (1729, 'boyau.9', 1186, 247102.09, 5024168.86, 983.98);
insert into STATION values (1730, '.', 1186, 247101.74, 5024168.61, 984.22);
insert into STATION values (1731, '.', 1186, 247102.07, 5024168.99, 984.45);
insert into STATION values (1732, '.', 1186, 247102.30, 5024169.13, 984.09);
insert into STATION values (1733, '.', 1186, 247102.57, 5024168.73, 984.32);
insert into STATION values (1734, '.', 1186, 247100.87, 5024169.05, 983.94);
insert into STATION values (1735, '0', 1234, 247169.60, 5024181.40, 925.30);
insert into STATION values (1736, '.', 1234, 247169.35, 5024180.73, 927.39);
insert into STATION values (1737, '.', 1234, 247170.18, 5024181.78, 923.65);
insert into STATION values (1738, '.', 1234, 247169.25, 5024180.74, 925.18);
insert into STATION values (1739, '.', 1234, 247173.49, 5024178.64, 923.64);
insert into STATION values (1740, '.', 1234, 247171.30, 5024181.28, 923.66);
insert into STATION values (1741, '1', 1234, 247167.04, 5024181.90, 928.10);
insert into STATION values (1742, '.', 1234, 247167.14, 5024181.94, 929.50);
insert into STATION values (1743, '.', 1234, 247167.52, 5024182.23, 928.12);
insert into STATION values (1744, '2', 1234, 247162.27, 5024184.25, 929.73);
insert into STATION values (1745, '.', 1234, 247162.22, 5024184.53, 929.86);
insert into STATION values (1746, '.', 1234, 247163.59, 5024184.02, 926.41);
insert into STATION values (1747, '.', 1234, 247162.15, 5024183.91, 930.62);
insert into STATION values (1748, '3', 1234, 247159.62, 5024183.26, 932.11);
insert into STATION values (1749, '.', 1234, 247160.05, 5024182.67, 931.84);
insert into STATION values (1750, '.', 1234, 247159.49, 5024183.45, 930.64);
insert into STATION values (1751, '.', 1234, 247160.49, 5024181.06, 936.01);
insert into STATION values (1752, '4', 1234, 247159.37, 5024181.71, 932.82);
insert into STATION values (1753, '.', 1234, 247158.95, 5024182.46, 932.79);
insert into STATION values (1754, '.', 1234, 247159.07, 5024182.19, 931.38);
insert into STATION values (1755, '.', 1234, 247158.71, 5024181.97, 935.17);
insert into STATION values (1756, '5', 1234, 247156.08, 5024182.34, 934.40);
insert into STATION values (1757, '.', 1234, 247155.68, 5024181.60, 933.46);
insert into STATION values (1758, '.', 1234, 247155.83, 5024181.04, 935.19);
insert into STATION values (1759, '.', 1234, 247155.32, 5024180.43, 938.22);
insert into STATION values (1760, '.', 1234, 247153.07, 5024182.75, 934.67);
insert into STATION values (1761, '.', 1234, 247147.64, 5024181.94, 941.56);
insert into STATION values (1762, '6', 1234, 247151.51, 5024179.91, 937.86);
insert into STATION values (1763, '.', 1234, 247151.13, 5024180.20, 937.83);
insert into STATION values (1764, '.', 1234, 247151.24, 5024179.98, 936.91);
insert into STATION values (1765, '.', 1234, 247151.51, 5024179.85, 938.52);
insert into STATION values (1766, '7', 1234, 247147.14, 5024177.53, 940.45);
insert into STATION values (1767, '.', 1234, 247146.81, 5024178.00, 940.46);
insert into STATION values (1768, '.', 1234, 247147.06, 5024177.60, 939.89);
insert into STATION values (1769, '.', 1234, 247147.10, 5024177.53, 941.19);
insert into STATION values (1770, '8', 1234, 247142.99, 5024176.53, 943.10);
insert into STATION values (1771, '.', 1234, 247143.26, 5024175.92, 943.15);
insert into STATION values (1772, '.', 1234, 247143.36, 5024176.50, 942.09);
insert into STATION values (1773, '.', 1234, 247142.91, 5024176.24, 944.61);
insert into STATION values (1774, '9', 1234, 247141.07, 5024175.31, 946.52);
insert into STATION values (1775, '.', 1234, 247140.72, 5024175.10, 945.16);
insert into STATION values (1776, '.', 1234, 247141.13, 5024175.58, 946.53);
insert into STATION values (1777, '.', 1234, 247141.05, 5024175.05, 946.27);
insert into STATION values (1778, '10', 1234, 247136.75, 5024174.68, 948.83);
insert into STATION values (1779, '.', 1234, 247136.75, 5024175.37, 948.85);
insert into STATION values (1780, '.', 1234, 247136.96, 5024174.98, 947.78);
insert into STATION values (1781, '.', 1234, 247136.60, 5024174.69, 949.89);
insert into STATION values (1782, '11', 1234, 247133.97, 5024174.37, 951.67);
insert into STATION values (1783, '.', 1234, 247134.17, 5024173.30, 951.76);
insert into STATION values (1784, '.', 1234, 247133.60, 5024173.70, 950.35);
insert into STATION values (1785, '.', 1234, 247134.12, 5024174.08, 952.67);
insert into STATION values (1786, '12', 1234, 247132.12, 5024173.14, 952.84);
insert into STATION values (1787, '.', 1234, 247132.50, 5024172.94, 952.75);
insert into STATION values (1788, '.', 1234, 247132.28, 5024172.88, 952.26);
insert into STATION values (1789, '13', 1234, 247131.59, 5024172.15, 952.20);
insert into STATION values (1790, '.', 1234, 247132.28, 5024173.12, 952.99);
insert into STATION values (1791, '.', 1234, 247131.98, 5024173.03, 953.17);
insert into STATION values (1792, '.', 1234, 247131.77, 5024173.06, 953.01);
insert into STATION values (1793, '14', 1234, 247129.89, 5024169.02, 951.51);
insert into STATION values (1794, '.', 1234, 247131.36, 5024172.33, 952.19);
insert into STATION values (1795, '.', 1234, 247132.00, 5024171.97, 952.19);
insert into STATION values (1796, '15', 1234, 247129.74, 5024169.14, 952.94);
insert into STATION values (1797, '16', 1234, 247128.26, 5024169.77, 953.23);
insert into STATION values (1798, '.', 1234, 247128.35, 5024170.14, 953.24);
insert into STATION values (1799, '.', 1234, 247128.33, 5024169.34, 953.21);
insert into STATION values (1800, '.', 1234, 247128.28, 5024169.97, 954.55);
insert into STATION values (1801, '.', 1234, 247128.29, 5024169.90, 952.37);
insert into STATION values (1802, '17', 1234, 247129.34, 5024169.14, 954.64);
insert into STATION values (1803, '.', 1234, 247129.41, 5024169.68, 954.73);
insert into STATION values (1804, '.', 1234, 247129.12, 5024169.09, 954.72);
insert into STATION values (1805, '.', 1234, 247129.22, 5024169.26, 955.15);
insert into STATION values (1806, '.', 1234, 247128.86, 5024169.32, 952.60);
insert into STATION values (1807, '18', 1234, 247129.70, 5024167.88, 955.33);
insert into STATION values (1808, '.', 1234, 247130.42, 5024168.09, 955.23);
insert into STATION values (1809, '.', 1234, 247129.92, 5024168.11, 956.23);
insert into STATION values (1810, '.', 1234, 247129.29, 5024167.90, 955.37);
insert into STATION values (1811, '.', 1234, 247129.62, 5024168.90, 955.35);
insert into STATION values (1812, '19', 1234, 247129.90, 5024168.99, 956.20);
insert into STATION values (1813, '.', 1234, 247129.85, 5024168.50, 956.18);
insert into STATION values (1814, '.', 1234, 247129.66, 5024168.88, 955.77);
insert into STATION values (1815, '.', 1234, 247129.77, 5024168.64, 956.49);
insert into STATION values (1816, '20', 1234, 247129.25, 5024169.13, 956.07);
insert into STATION values (1817, '.', 1234, 247129.03, 5024169.04, 956.60);
insert into STATION values (1818, '.', 1234, 247129.09, 5024168.73, 956.10);
insert into STATION values (1819, '.', 1234, 247129.26, 5024169.44, 956.18);
insert into STATION values (1820, '.', 1234, 247128.01, 5024170.51, 956.81);
insert into STATION values (1821, '21', 1234, 247128.30, 5024170.19, 956.63);
insert into STATION values (1822, '.', 1234, 247128.37, 5024169.53, 956.82);
insert into STATION values (1823, '.', 1234, 247128.17, 5024169.94, 957.35);
insert into STATION values (1824, '.', 1234, 247128.02, 5024171.20, 956.99);
insert into STATION values (1825, '.', 1234, 247128.32, 5024170.03, 955.93);
insert into STATION values (1826, '22', 1234, 247127.12, 5024168.72, 957.99);
insert into STATION values (1827, '.', 1234, 247127.32, 5024169.14, 957.89);
insert into STATION values (1828, '.', 1234, 247127.14, 5024168.83, 957.17);
insert into STATION values (1829, '.', 1234, 247127.09, 5024168.78, 958.46);
insert into STATION values (1830, '23', 1234, 247125.70, 5024169.56, 958.91);
insert into STATION values (1831, '.', 1234, 247125.82, 5024169.16, 958.90);
insert into STATION values (1832, '.', 1234, 247125.52, 5024169.50, 957.97);
insert into STATION values (1833, '.', 1234, 247125.47, 5024169.52, 959.07);
insert into STATION values (1834, '.', 1234, 247123.71, 5024167.60, 960.04);
insert into STATION values (1835, '24', 1234, 247123.39, 5024167.32, 960.21);
insert into STATION values (1836, '.', 1234, 247123.94, 5024166.84, 960.30);
insert into STATION values (1837, '.', 1234, 247123.69, 5024167.09, 959.71);
insert into STATION values (1838, '.', 1234, 247123.50, 5024167.23, 960.62);
insert into STATION values (1839, '.', 1234, 247123.73, 5024166.41, 960.75);
insert into STATION values (1840, '.', 1234, 247123.28, 5024166.53, 960.10);
insert into STATION values (1841, '.', 1234, 247123.35, 5024166.62, 961.02);
insert into STATION values (1842, '25', 1234, 247122.79, 5024166.59, 960.69);
insert into STATION values (1843, '26', 1234, 247120.68, 5024166.84, 961.78);
insert into STATION values (1844, '.', 1234, 247121.01, 5024166.41, 961.75);
insert into STATION values (1845, '.', 1234, 247120.71, 5024166.99, 960.80);
insert into STATION values (1846, '.', 1234, 247120.71, 5024166.83, 962.19);
insert into STATION values (1847, '.', 1234, 247120.08, 5024166.13, 961.62);
insert into STATION values (1848, '27', 1234, 247120.96, 5024165.51, 962.42);
insert into STATION values (1849, '.', 1234, 247120.69, 5024165.71, 962.48);
insert into STATION values (1850, '.', 1234, 247120.90, 5024165.62, 961.85);
insert into STATION values (1851, '.', 1234, 247120.73, 5024165.53, 962.94);
insert into STATION values (1852, '28', 1234, 247124.22, 5024166.35, 962.59);
insert into STATION values (1853, '.', 1234, 247124.17, 5024166.00, 962.51);
insert into STATION values (1854, '.', 1234, 247124.23, 5024166.31, 961.64);
insert into STATION values (1855, '.', 1234, 247124.10, 5024166.67, 962.49);
insert into STATION values (1856, '29', 1234, 247123.79, 5024166.57, 961.70);
insert into STATION values (1857, '.', 1234, 247123.61, 5024166.33, 961.82);
insert into STATION values (1858, '.', 1234, 247123.94, 5024166.89, 961.79);
insert into STATION values (1859, '.', 1234, 247123.65, 5024166.56, 962.36);
insert into STATION values (1860, '30', 1234, 247122.22, 5024168.01, 962.58);
insert into STATION values (1861, '.', 1234, 247123.14, 5024167.65, 962.62);
insert into STATION values (1862, '.', 1234, 247122.40, 5024167.97, 961.93);
insert into STATION values (1863, '.', 1234, 247122.14, 5024168.19, 963.03);
insert into STATION values (1864, '31', 1234, 247122.19, 5024168.84, 963.44);
insert into STATION values (1865, '32', 1234, 247122.78, 5024169.08, 962.52);
insert into STATION values (1866, '33', 1234, 247124.47, 5024168.18, 962.10);
insert into STATION values (1867, '.', 1234, 247124.18, 5024168.64, 961.99);
insert into STATION values (1868, '.', 1234, 247124.07, 5024167.97, 961.96);
insert into STATION values (1869, '.', 1234, 247124.02, 5024168.05, 962.87);
insert into STATION values (1870, '34', 1234, 247124.67, 5024167.73, 958.48);
insert into STATION values (1871, '.', 1234, 247125.24, 5024167.31, 958.40);
insert into STATION values (1872, '.', 1234, 247125.03, 5024168.02, 958.37);
insert into STATION values (1873, '.', 1234, 247125.25, 5024167.57, 958.37);
insert into STATION values (1874, '35', 1234, 247124.87, 5024168.49, 957.48);
insert into STATION values (1875, '.', 1234, 247124.27, 5024168.57, 957.46);
insert into STATION values (1876, '.', 1234, 247124.89, 5024168.02, 957.31);
insert into STATION values (1877, '36', 1234, 247122.71, 5024167.21, 957.40);
insert into STATION values (1878, '.', 1234, 247122.40, 5024167.70, 957.59);
insert into STATION values (1879, '.', 1234, 247123.04, 5024166.97, 957.68);
insert into STATION values (1880, '.', 1234, 247122.49, 5024167.26, 958.34);
insert into STATION values (1881, '37', 1234, 247120.63, 5024166.70, 958.83);
insert into STATION values (1882, '.', 1234, 247120.82, 5024166.43, 958.91);
insert into STATION values (1883, '.', 1234, 247120.46, 5024166.95, 958.84);
insert into STATION values (1884, '.', 1234, 247120.65, 5024166.77, 960.08);
insert into STATION values (1885, '.', 1234, 247120.94, 5024166.69, 957.26);
insert into STATION values (1886, '38', 1234, 247119.98, 5024166.38, 960.49);
insert into STATION values (1887, '.', 1234, 247120.24, 5024166.73, 960.45);
insert into STATION values (1888, '.', 1234, 247119.94, 5024166.60, 959.82);
insert into STATION values (1889, '.', 1234, 247119.99, 5024166.51, 960.65);
insert into STATION values (1890, '39', 1234, 247118.30, 5024167.19, 960.90);
insert into STATION values (1891, '.', 1234, 247118.68, 5024166.79, 960.92);
insert into STATION values (1892, '.', 1234, 247118.10, 5024167.28, 960.87);
insert into STATION values (1893, '.', 1234, 247118.30, 5024167.17, 960.03);
insert into STATION values (1894, '.', 1234, 247118.24, 5024167.02, 961.57);
insert into STATION values (1895, '40', 1234, 247117.69, 5024165.49, 961.83);
insert into STATION values (1896, '.', 1234, 247117.40, 5024165.81, 961.85);
insert into STATION values (1897, '.', 1234, 247117.64, 5024165.45, 962.68);
insert into STATION values (1898, '.', 1234, 247117.44, 5024165.51, 961.27);
insert into STATION values (1899, '.', 1234, 247117.96, 5024165.35, 961.96);
insert into STATION values (1900, '41', 1234, 247114.67, 5024163.65, 963.98);
insert into STATION values (1901, '.', 1234, 247114.79, 5024163.41, 963.95);
insert into STATION values (1902, '.', 1234, 247113.88, 5024164.45, 963.76);
insert into STATION values (1903, '.', 1234, 247114.62, 5024163.70, 963.25);
insert into STATION values (1904, '.', 1234, 247113.80, 5024163.94, 967.30);
insert into STATION values (1905, '42', 1234, 247113.07, 5024165.96, 968.06);
insert into STATION values (1906, '.', 1234, 247113.02, 5024164.81, 968.13);
insert into STATION values (1907, '.', 1234, 247113.62, 5024166.08, 968.28);
insert into STATION values (1908, '.', 1234, 247113.67, 5024165.03, 968.12);
insert into STATION values (1909, '43', 1234, 247111.80, 5024165.69, 972.22);
insert into STATION values (1910, '.', 1234, 247108.33, 5024164.23, 973.53);
insert into STATION values (1911, '.', 1234, 247110.97, 5024166.45, 972.69);
insert into STATION values (1912, '.', 1234, 247112.06, 5024167.63, 972.43);
insert into STATION values (1913, '.', 1234, 247111.77, 5024164.81, 972.21);
insert into STATION values (1914, '.', 1234, 247113.03, 5024165.19, 968.07);
insert into STATION values (1915, '44', 1234, 247108.67, 5024164.29, 975.82);
insert into STATION values (1916, '45', 1234, 247109.30, 5024163.29, 976.65);
insert into STATION values (1917, '46', 1234, 247108.00, 5024162.17, 976.20);
insert into STATION values (1918, '.', 1234, 247108.68, 5024163.37, 976.63);
insert into STATION values (1919, '.', 1234, 247109.12, 5024163.10, 975.96);
insert into STATION values (1920, '.', 1234, 247109.14, 5024163.31, 976.91);
insert into STATION values (1921, '.', 1234, 247108.67, 5024163.73, 976.84);
insert into STATION values (1922, '.', 1234, 247108.73, 5024162.83, 978.21);
insert into STATION values (1923, '.', 1234, 247109.85, 5024163.05, 976.65);
insert into STATION values (1924, '0', 1403, 246977.47, 5024213.36, 1203.41);
insert into STATION values (1925, '.', 1403, 246979.25, 5024211.92, 1203.42);
insert into STATION values (1926, '.', 1403, 246978.30, 5024214.15, 1203.31);
insert into STATION values (1927, '.', 1403, 246976.60, 5024212.40, 1203.55);
insert into STATION values (1928, '.', 1403, 246975.91, 5024219.18, 1202.61);
insert into STATION values (1929, '.', 1403, 246978.78, 5024218.39, 1202.69);
insert into STATION values (1930, '.', 1403, 246974.73, 5024216.25, 1202.36);
insert into STATION values (1931, '.', 1403, 246977.63, 5024213.67, 1201.39);
insert into STATION values (1932, '1', 1403, 246978.37, 5024218.36, 1216.51);
insert into STATION values (1933, '.', 1403, 246974.12, 5024217.10, 1216.43);
insert into STATION values (1934, '.', 1403, 246975.66, 5024220.45, 1216.20);
insert into STATION values (1935, '.', 1403, 246977.42, 5024220.15, 1216.48);
insert into STATION values (1936, '.', 1403, 246979.22, 5024217.04, 1216.54);
insert into STATION values (1937, '.', 1403, 246975.98, 5024214.75, 1216.59);
insert into STATION values (1938, '2', 1403, 246979.16, 5024218.49, 1226.20);
insert into STATION values (1939, '.', 1403, 246975.38, 5024217.02, 1225.81);
insert into STATION values (1940, '.', 1403, 246975.35, 5024218.98, 1225.85);
insert into STATION values (1941, '.', 1403, 246977.82, 5024221.22, 1225.75);
insert into STATION values (1942, '.', 1403, 246981.43, 5024221.63, 1225.91);
insert into STATION values (1943, '.', 1403, 246976.86, 5024220.17, 1225.87);
insert into STATION values (1944, '3', 1403, 246979.86, 5024219.05, 1226.80);
insert into STATION values (1945, '4', 1403, 246978.96, 5024220.11, 1243.43);
insert into STATION values (1946, '.', 1403, 246979.25, 5024220.10, 1243.42);
insert into STATION values (1947, '.', 1403, 246981.40, 5024223.11, 1243.26);
insert into STATION values (1948, '.', 1403, 246975.75, 5024221.91, 1243.29);
insert into STATION values (1949, '.', 1403, 246978.61, 5024222.44, 1243.13);
insert into STATION values (1950, '5', 1403, 246979.60, 5024220.11, 1245.22);
insert into STATION values (1951, '6', 1403, 246979.51, 5024220.36, 1246.97);
insert into STATION values (1952, '.', 1403, 246980.13, 5024218.94, 1246.82);
insert into STATION values (1953, '.', 1403, 246981.99, 5024219.44, 1246.78);
insert into STATION values (1954, '.', 1403, 246980.70, 5024220.99, 1246.99);
insert into STATION values (1955, '7', 1403, 246979.20, 5024219.36, 1249.05);
insert into STATION values (1956, '.', 1403, 246979.02, 5024219.38, 1252.19);
insert into STATION values (1957, '.', 1403, 246981.29, 5024219.90, 1249.04);
insert into STATION values (1958, '.', 1403, 246979.58, 5024220.50, 1248.92);
insert into STATION values (1959, '.', 1403, 246978.32, 5024220.42, 1250.05);
insert into STATION values (1960, '.', 1403, 246978.75, 5024219.91, 1249.57);
insert into STATION values (1961, '.', 1403, 246978.34, 5024220.41, 1250.05);
insert into STATION values (1962, '.', 1403, 246979.39, 5024219.80, 1248.91);
insert into STATION values (1963, '.', 1403, 246979.40, 5024219.21, 1247.22);
insert into STATION values (1964, '.', 1403, 246976.84, 5024220.38, 1245.03);
insert into STATION values (1965, '8', 1403, 246977.55, 5024220.72, 1247.62);
insert into STATION values (1966, '.', 1403, 246977.54, 5024219.88, 1247.55);
insert into STATION values (1967, '.', 1403, 246977.89, 5024220.12, 1244.46);
insert into STATION values (1968, '.', 1403, 246977.32, 5024220.60, 1248.74);
insert into STATION values (1969, '9', 1403, 246975.24, 5024219.82, 1248.07);
insert into STATION values (1970, '.', 1403, 246975.23, 5024219.44, 1246.84);
insert into STATION values (1971, '.', 1403, 246975.34, 5024219.58, 1248.02);
insert into STATION values (1972, '.', 1403, 246974.60, 5024219.72, 1253.32);
insert into STATION values (1973, '.', 1403, 246975.11, 5024220.04, 1248.00);
insert into STATION values (1974, '10', 1403, 246973.57, 5024219.29, 1249.25);
insert into STATION values (1975, '.', 1403, 246972.84, 5024220.38, 1249.66);
insert into STATION values (1976, '.', 1403, 246973.64, 5024219.03, 1249.31);
insert into STATION values (1977, '.', 1403, 246973.11, 5024219.34, 1250.89);
insert into STATION values (1978, '11', 1403, 246972.11, 5024220.32, 1251.31);
insert into STATION values (1979, '.', 1403, 246972.06, 5024219.49, 1251.25);
insert into STATION values (1980, '.', 1403, 246970.55, 5024219.66, 1251.27);
insert into STATION values (1981, '.', 1403, 246972.80, 5024219.95, 1251.18);
insert into STATION values (1982, '.', 1403, 246971.72, 5024220.06, 1249.00);
insert into STATION values (1983, '.', 1403, 246971.82, 5024220.76, 1251.35);
insert into STATION values (1984, '12', 1403, 246968.51, 5024219.38, 1258.74);
insert into STATION values (1985, '.', 1403, 246968.38, 5024218.97, 1258.75);
insert into STATION values (1986, '.', 1403, 246968.45, 5024220.01, 1258.82);
insert into STATION values (1987, '.', 1403, 246967.25, 5024222.56, 1221.09);
insert into STATION values (1988, '.', 1403, 246967.93, 5024219.36, 1262.82);
insert into STATION values (1989, '.', 1403, 246971.73, 5024219.56, 1258.54);
insert into STATION values (1990, '.', 1403, 246969.56, 5024220.20, 1258.68);
insert into STATION values (1991, '.', 1403, 246965.03, 5024220.82, 1258.67);
insert into STATION values (1992, '.', 1403, 246964.92, 5024220.77, 1260.28);
insert into STATION values (1993, '13', 1403, 246964.93, 5024219.97, 1266.22);
insert into STATION values (1994, '.', 1403, 246964.47, 5024222.75, 1266.19);
insert into STATION values (1995, '.', 1403, 246965.75, 5024223.18, 1265.95);
insert into STATION values (1996, '.', 1403, 246965.76, 5024220.78, 1266.00);
insert into STATION values (1997, '.', 1403, 246965.16, 5024219.69, 1265.85);
insert into STATION values (1998, '.', 1403, 246966.76, 5024220.47, 1258.38);
insert into STATION values (1999, '.', 1403, 246963.20, 5024218.76, 1266.85);
insert into STATION values (2000, '14', 1403, 246962.09, 5024217.98, 1267.25);
insert into STATION values (2001, '.', 1403, 246965.77, 5024217.59, 1265.97);
insert into STATION values (2002, '.', 1403, 246964.87, 5024220.70, 1266.26);
insert into STATION values (2003, '.', 1403, 246965.44, 5024219.97, 1264.43);
insert into STATION values (2004, '.', 1403, 246965.00, 5024219.93, 1266.88);
insert into STATION values (2005, '15', 1403, 246960.65, 5024216.03, 1268.58);
insert into STATION values (2006, '.', 1403, 246962.11, 5024217.47, 1267.49);
insert into STATION values (2007, '.', 1403, 246961.68, 5024219.31, 1267.25);
insert into STATION values (2008, '.', 1403, 246964.50, 5024218.79, 1267.71);
insert into STATION values (2009, '.', 1403, 246958.10, 5024215.29, 1267.20);
insert into STATION values (2010, '.', 1403, 246957.23, 5024216.78, 1267.65);
insert into STATION values (2011, '.', 1403, 246960.40, 5024218.62, 1267.47);
insert into STATION values (2012, '.', 1403, 246963.76, 5024220.65, 1287.10);
insert into STATION values (2013, '16', 1403, 246959.48, 5024215.61, 1268.21);
insert into STATION values (2014, '.', 1403, 246958.40, 5024214.00, 1260.87);
insert into STATION values (2015, '.', 1403, 246960.28, 5024212.43, 1260.18);
insert into STATION values (2016, '17', 1403, 246960.77, 5024217.56, 1272.44);
insert into STATION values (2017, '.', 1403, 246958.36, 5024215.92, 1271.95);
insert into STATION values (2018, '.', 1403, 246960.86, 5024216.02, 1272.31);
insert into STATION values (2019, '.', 1403, 246962.22, 5024217.02, 1272.45);
insert into STATION values (2020, '.', 1403, 246963.21, 5024217.87, 1272.42);
insert into STATION values (2021, '18', 1403, 246961.75, 5024219.13, 1280.76);
insert into STATION values (2022, '.', 1403, 246960.02, 5024217.53, 1280.51);
insert into STATION values (2023, '.', 1403, 246961.80, 5024216.84, 1280.55);
insert into STATION values (2024, '.', 1403, 246962.74, 5024217.11, 1280.92);
insert into STATION values (2025, '19', 1403, 246960.30, 5024219.11, 1286.95);
insert into STATION values (2026, '.', 1403, 246962.07, 5024219.35, 1287.32);
insert into STATION values (2027, '.', 1403, 246962.05, 5024217.59, 1286.91);
insert into STATION values (2028, '.', 1403, 246960.32, 5024218.01, 1286.89);
insert into STATION values (2029, '20', 1403, 246961.09, 5024219.61, 1292.88);
insert into STATION values (2030, '.', 1403, 246959.42, 5024222.08, 1293.18);
insert into STATION values (2031, '.', 1403, 246957.87, 5024220.78, 1293.04);
insert into STATION values (2032, '.', 1403, 246959.72, 5024219.22, 1292.69);
insert into STATION values (2033, '.', 1403, 246952.87, 5024224.26, 1304.02);
insert into STATION values (2034, '.', 1403, 246957.13, 5024221.83, 1298.27);
insert into STATION values (2035, '21', 1403, 246957.19, 5024221.80, 1298.17);
insert into STATION values (2036, '.', 1403, 246957.22, 5024221.76, 1298.12);
insert into STATION values (2037, '.', 1403, 246962.88, 5024220.26, 1292.89);
insert into STATION values (2038, '.', 1403, 246964.43, 5024218.88, 1292.45);
insert into STATION values (2039, '.', 1403, 246963.26, 5024218.11, 1292.62);
insert into STATION values (2040, '.', 1403, 246960.68, 5024219.40, 1292.71);
insert into STATION values (2041, '22', 1403, 246957.59, 5024222.75, 1306.35);
insert into STATION values (2042, '.', 1403, 246957.64, 5024222.88, 1307.31);
insert into STATION values (2043, '.', 1403, 246957.38, 5024222.02, 1298.23);
insert into STATION values (2044, '.', 1403, 246957.15, 5024221.52, 1298.20);
insert into STATION values (2045, '23', 1403, 246954.42, 5024225.79, 1306.09);
insert into STATION values (2046, '.', 1403, 246954.00, 5024224.84, 1297.91);
insert into STATION values (2047, '.', 1403, 246954.65, 5024226.09, 1306.08);
insert into STATION values (2048, '.', 1403, 246954.30, 5024225.69, 1306.13);
insert into STATION values (2049, '.', 1403, 246952.71, 5024225.42, 1297.10);
insert into STATION values (2050, '.', 1403, 246954.88, 5024225.88, 1309.85);
insert into STATION values (2051, '24', 1403, 246952.85, 5024228.21, 1309.60);
insert into STATION values (2052, '.', 1403, 246954.17, 5024226.59, 1309.99);
insert into STATION values (2053, '.', 1403, 246951.28, 5024229.12, 1309.70);
insert into STATION values (2054, '.', 1403, 246952.44, 5024227.98, 1309.66);
insert into STATION values (2055, '.', 1403, 246953.33, 5024228.40, 1309.74);
insert into STATION values (2056, '.', 1403, 246950.83, 5024226.65, 1296.71);
insert into STATION values (2057, '25', 1403, 246952.78, 5024229.04, 1312.66);
insert into STATION values (2058, '.', 1403, 246951.86, 5024229.43, 1314.34);
insert into STATION values (2059, '.', 1403, 246951.89, 5024229.41, 1314.29);
insert into STATION values (2060, '.', 1403, 246951.84, 5024229.43, 1314.37);
insert into STATION values (2061, '.', 1403, 246951.88, 5024229.41, 1314.30);
insert into STATION values (2062, '.', 1403, 246952.23, 5024228.64, 1312.64);
insert into STATION values (2063, '.', 1403, 246952.41, 5024229.18, 1310.90);
insert into STATION values (2064, '.', 1403, 246952.20, 5024228.68, 1313.93);
insert into STATION values (2065, '26', 1403, 246951.36, 5024228.96, 1313.32);
insert into STATION values (2066, '.', 1403, 246951.70, 5024228.77, 1313.25);
insert into STATION values (2067, '.', 1403, 246951.41, 5024228.95, 1312.82);
insert into STATION values (2068, '.', 1403, 246951.49, 5024229.43, 1313.90);
insert into STATION values (2069, '27', 1403, 246949.71, 5024227.10, 1313.52);
insert into STATION values (2070, '.', 1403, 246949.58, 5024226.95, 1313.54);
insert into STATION values (2071, '.', 1403, 246949.67, 5024227.56, 1313.50);
insert into STATION values (2072, '.', 1403, 246949.40, 5024227.70, 1312.18);
insert into STATION values (2073, '.', 1403, 246949.67, 5024227.03, 1314.55);
insert into STATION values (2074, '28', 1403, 246943.79, 5024227.08, 1315.45);
insert into STATION values (2075, '.', 1403, 246941.47, 5024228.01, 1316.68);
insert into STATION values (2076, '.', 1403, 246944.04, 5024228.43, 1316.14);
insert into STATION values (2077, '.', 1403, 246945.42, 5024227.83, 1315.94);
insert into STATION values (2078, '.', 1403, 246943.00, 5024225.27, 1316.43);
insert into STATION values (2079, '.', 1403, 246945.17, 5024223.25, 1316.47);
insert into STATION values (2080, '.', 1403, 246946.45, 5024224.14, 1316.26);
insert into STATION values (2081, '.', 1403, 246947.51, 5024226.73, 1316.06);
insert into STATION values (2082, '29', 1403, 246946.21, 5024225.66, 1317.21);
insert into STATION values (2083, '30', 1403, 246942.81, 5024225.15, 1320.93);
insert into STATION values (2084, '.', 1403, 246943.49, 5024227.47, 1320.92);
insert into STATION values (2085, '.', 1403, 246945.41, 5024226.28, 1320.64);
insert into STATION values (2086, '.', 1403, 246945.98, 5024224.52, 1320.62);
insert into STATION values (2087, '.', 1403, 246945.40, 5024222.94, 1320.16);
insert into STATION values (2088, '31', 1403, 246942.66, 5024225.44, 1332.60);
insert into STATION values (2089, '32', 1403, 246941.20, 5024223.83, 1332.96);
insert into STATION values (2090, '.', 1403, 246939.77, 5024222.22, 1333.30);
insert into STATION values (2091, '.', 1403, 246939.95, 5024226.92, 1333.06);
insert into STATION values (2092, '.', 1403, 246942.35, 5024225.45, 1333.01);
insert into STATION values (2093, '.', 1403, 246944.63, 5024225.65, 1333.11);
insert into STATION values (2094, '.', 1403, 246945.10, 5024223.50, 1333.03);
insert into STATION values (2095, '33', 1403, 246940.40, 5024225.19, 1341.56);
insert into STATION values (2096, '.', 1403, 246943.47, 5024225.17, 1341.59);
insert into STATION values (2097, '.', 1403, 246945.02, 5024222.73, 1341.07);
insert into STATION values (2098, '.', 1403, 246941.09, 5024223.60, 1341.46);
insert into STATION values (2099, '.', 1403, 246939.58, 5024224.33, 1341.42);
insert into STATION values (2100, '34', 1403, 246939.82, 5024224.60, 1344.12);
insert into STATION values (2101, '.', 1403, 246939.89, 5024225.17, 1344.18);
insert into STATION values (2102, '.', 1403, 246939.81, 5024222.99, 1350.12);
insert into STATION values (2103, '.', 1403, 246939.57, 5024224.57, 1344.19);
insert into STATION values (2104, '.', 1403, 246937.54, 5024226.00, 1343.57);
insert into STATION values (2105, '.', 1403, 246938.28, 5024225.14, 1341.40);
insert into STATION values (2106, '35', 1403, 246935.77, 5024226.45, 1346.13);
insert into STATION values (2107, '.', 1403, 246935.82, 5024225.90, 1346.05);
insert into STATION values (2108, '.', 1403, 246935.80, 5024226.44, 1344.83);
insert into STATION values (2109, '.', 1403, 246932.25, 5024224.27, 1363.65);
insert into STATION values (2110, '36', 1403, 246932.56, 5024223.71, 1347.96);
insert into STATION values (2111, 'es.2', 1410, 246931.86, 5024210.75, 1376.61);
insert into STATION values (2112, '.', 1410, 246929.15, 5024209.05, 1386.88);
insert into STATION values (2113, '.', 1410, 246928.43, 5024208.77, 1386.67);
insert into STATION values (2114, '.', 1410, 246927.46, 5024208.26, 1388.25);
insert into STATION values (2115, '.', 1410, 246928.15, 5024208.61, 1393.31);
insert into STATION values (2116, '.', 1410, 246931.93, 5024208.41, 1385.04);
insert into STATION values (2117, '.', 1410, 246931.92, 5024209.64, 1376.71);
insert into STATION values (2118, '.', 1410, 246933.01, 5024209.05, 1376.64);
insert into STATION values (2119, '.', 1410, 246934.36, 5024208.90, 1376.47);
insert into STATION values (2120, '.', 1410, 246935.45, 5024209.13, 1376.61);
insert into STATION values (2121, '.', 1410, 246935.45, 5024210.05, 1376.54);
insert into STATION values (2122, '.', 1410, 246935.07, 5024207.45, 1384.80);
insert into STATION values (2123, '.', 1410, 246934.91, 5024207.71, 1380.30);
insert into STATION values (2124, '.', 1410, 246934.65, 5024207.73, 1377.73);
insert into STATION values (2125, '.', 1410, 246934.05, 5024209.42, 1376.71);
insert into STATION values (2126, '.', 1410, 246934.13, 5024209.51, 1376.73);
insert into STATION values (2127, 'es.3', 1410, 246934.15, 5024209.57, 1376.73);
insert into STATION values (2128, '.', 1410, 246932.99, 5024210.28, 1376.51);
insert into STATION values (2129, '.', 1410, 246931.64, 5024211.64, 1376.20);
insert into STATION values (2130, '.', 1410, 246932.83, 5024211.84, 1376.34);
insert into STATION values (2131, '.', 1410, 246933.67, 5024211.75, 1376.48);
insert into STATION values (2132, '.', 1410, 246934.51, 5024211.59, 1377.12);
insert into STATION values (2133, '.', 1410, 246936.48, 5024210.05, 1376.90);
insert into STATION values (2134, '.', 1410, 246936.22, 5024211.86, 1376.93);
insert into STATION values (2135, 'es.4', 1410, 246934.70, 5024214.79, 1376.82);
insert into STATION values (2136, '.', 1410, 246933.75, 5024213.61, 1376.66);
insert into STATION values (2137, '.', 1410, 246934.10, 5024212.97, 1372.44);
insert into STATION values (2138, '.', 1410, 246934.94, 5024213.57, 1375.80);
insert into STATION values (2139, '.', 1410, 246935.29, 5024213.58, 1376.53);
insert into STATION values (2140, '.', 1410, 246935.31, 5024215.35, 1375.26);
insert into STATION values (2141, 'es.5', 1410, 246933.69, 5024216.15, 1374.34);
insert into STATION values (2142, '.', 1410, 246933.33, 5024215.76, 1374.34);
insert into STATION values (2143, '.', 1410, 246933.44, 5024215.85, 1374.97);
insert into STATION values (2144, '.', 1410, 246933.57, 5024215.90, 1372.84);
insert into STATION values (2145, '.', 1410, 246933.40, 5024216.09, 1376.26);
insert into STATION values (2146, '.', 1410, 246932.83, 5024216.81, 1374.68);
insert into STATION values (2147, 'es.6', 1410, 246932.83, 5024216.89, 1374.20);
insert into STATION values (2148, 'es.7', 1410, 246934.24, 5024221.95, 1358.44);
insert into STATION values (2149, 'es.1', 1410, 246931.34, 5024224.32, 1350.04);
insert into STATION values (2150, 'es.0', 1410, 246932.56, 5024223.71, 1347.96);
insert into STATION values (2151, '0', 1450, 246917.73, 5024212.91, 1407.64);
insert into STATION values (2152, '.', 1450, 246918.21, 5024212.70, 1423.35);
insert into STATION values (2153, '.', 1450, 246918.69, 5024213.18, 1408.09);
insert into STATION values (2154, '.', 1450, 246919.77, 5024213.09, 1407.88);
insert into STATION values (2155, '.', 1450, 246920.77, 5024212.03, 1407.77);
insert into STATION values (2156, '.', 1450, 246920.29, 5024211.75, 1407.47);
insert into STATION values (2157, '.', 1450, 246918.10, 5024213.07, 1406.59);
insert into STATION values (2158, '.', 1450, 246919.66, 5024210.87, 1407.96);
insert into STATION values (2159, '.', 1450, 246920.27, 5024211.75, 1407.64);
insert into STATION values (2160, '.', 1450, 246921.07, 5024211.58, 1422.48);
insert into STATION values (2161, '.', 1450, 246918.50, 5024210.97, 1416.20);
insert into STATION values (2162, '.', 1450, 246917.90, 5024212.08, 1412.89);
insert into STATION values (2163, '.', 1450, 246920.79, 5024210.84, 1420.26);
insert into STATION values (2164, '.', 1450, 246919.14, 5024210.74, 1422.29);
insert into STATION values (2165, '.', 1450, 246920.74, 5024210.77, 1410.35);
insert into STATION values (2166, '.', 1450, 246921.32, 5024212.24, 1412.19);
insert into STATION values (2167, '.', 1450, 246923.19, 5024210.79, 1414.57);
insert into STATION values (2168, '.', 1450, 246923.21, 5024211.48, 1414.99);
insert into STATION values (2169, '.', 1450, 246922.67, 5024210.26, 1414.52);
insert into STATION values (2170, '1', 1450, 246918.68, 5024210.39, 1407.67);
insert into STATION values (2171, '.', 1450, 246919.73, 5024207.90, 1407.71);
insert into STATION values (2172, '.', 1450, 246917.77, 5024210.10, 1407.12);
insert into STATION values (2173, '.', 1450, 246916.71, 5024210.29, 1406.38);
insert into STATION values (2174, '.', 1450, 246917.42, 5024211.14, 1406.80);
insert into STATION values (2175, '.', 1450, 246918.06, 5024211.31, 1406.13);
insert into STATION values (2176, '.', 1450, 246921.39, 5024211.23, 1407.75);
insert into STATION values (2177, '.', 1450, 246921.45, 5024211.88, 1407.71);
insert into STATION values (2178, '.', 1450, 246921.24, 5024212.45, 1407.72);
insert into STATION values (2179, '.', 1450, 246920.08, 5024211.23, 1406.73);
insert into STATION values (2180, '.', 1450, 246917.39, 5024213.07, 1416.57);
insert into STATION values (2181, '.', 1450, 246917.68, 5024213.57, 1412.57);
insert into STATION values (2182, '.', 1450, 246923.04, 5024215.52, 1414.39);
insert into STATION values (2183, '.', 1450, 246921.63, 5024216.17, 1417.64);
insert into STATION values (2184, '2', 1450, 246916.76, 5024210.48, 1406.30);
insert into STATION values (2185, '.', 1450, 246917.08, 5024210.34, 1406.27);
insert into STATION values (2186, '.', 1450, 246916.62, 5024210.61, 1406.31);
insert into STATION values (2187, '.', 1450, 246917.01, 5024211.02, 1407.54);
insert into STATION values (2188, '.', 1450, 246917.95, 5024211.17, 1406.93);
insert into STATION values (2189, '.', 1450, 246916.09, 5024210.89, 1406.71);
insert into STATION values (2190, '.', 1450, 246916.79, 5024210.44, 1405.50);
insert into STATION values (2191, '.', 1450, 246916.77, 5024210.67, 1405.87);
insert into STATION values (2192, '3', 1450, 246917.39, 5024209.53, 1403.79);
insert into STATION values (2193, '.', 1450, 246917.63, 5024209.33, 1403.84);
insert into STATION values (2194, '.', 1450, 246917.30, 5024209.57, 1403.66);
insert into STATION values (2195, '.', 1450, 246917.26, 5024210.35, 1403.63);
insert into STATION values (2196, '.', 1450, 246917.01, 5024208.11, 1403.91);
insert into STATION values (2197, '.', 1450, 246915.91, 5024204.87, 1404.67);
insert into STATION values (2198, '.', 1450, 246916.38, 5024208.13, 1403.97);
insert into STATION values (2199, '.', 1450, 246917.34, 5024209.50, 1404.83);
insert into STATION values (2200, '.', 1450, 246917.08, 5024209.46, 1404.83);
insert into STATION values (2201, '.', 1450, 246918.29, 5024209.76, 1403.83);
insert into STATION values (2202, '.', 1450, 246916.59, 5024209.97, 1403.80);
insert into STATION values (2203, '.', 1450, 246916.47, 5024209.95, 1404.75);
insert into STATION values (2204, '.', 1450, 246919.49, 5024210.40, 1403.56);
insert into STATION values (2205, '4', 1450, 246914.36, 5024208.26, 1404.12);
insert into STATION values (2206, '.', 1450, 246915.00, 5024207.91, 1404.10);
insert into STATION values (2207, '.', 1450, 246912.88, 5024207.77, 1404.09);
insert into STATION values (2208, '.', 1450, 246912.42, 5024207.24, 1404.04);
insert into STATION values (2209, '.', 1450, 246913.12, 5024207.29, 1404.04);
insert into STATION values (2210, '.', 1450, 246912.62, 5024207.60, 1401.97);
insert into STATION values (2211, '.', 1450, 246913.80, 5024207.89, 1402.29);
insert into STATION values (2212, '.', 1450, 246913.41, 5024209.98, 1413.01);
insert into STATION values (2213, '.', 1450, 246912.47, 5024208.84, 1406.83);
insert into STATION values (2214, '.', 1450, 246914.28, 5024208.29, 1405.95);
insert into STATION values (2215, '.', 1450, 246913.69, 5024208.14, 1407.90);
insert into STATION values (2216, '.', 1450, 246913.96, 5024208.89, 1410.51);
insert into STATION values (2217, '.', 1450, 246913.69, 5024208.83, 1404.33);
insert into STATION values (2218, '.', 1450, 246913.43, 5024208.15, 1404.21);
insert into STATION values (2219, '.', 1450, 246911.81, 5024211.14, 1404.13);
insert into STATION values (2220, '.', 1450, 246915.28, 5024209.13, 1402.32);
insert into STATION values (2221, '.', 1450, 246917.22, 5024210.12, 1401.38);
insert into STATION values (2222, '.', 1450, 246917.34, 5024209.21, 1403.27);
insert into STATION values (2223, '5', 1450, 246915.75, 5024208.76, 1403.56);
insert into STATION values (2224, '.', 1450, 246917.43, 5024208.69, 1402.73);
insert into STATION values (2225, '.', 1450, 246918.01, 5024208.95, 1398.30);
insert into STATION values (2226, '.', 1450, 246915.75, 5024208.68, 1399.63);
insert into STATION values (2227, '.', 1450, 246915.74, 5024208.66, 1402.20);
insert into STATION values (2228, '.', 1450, 246915.58, 5024208.84, 1402.13);
insert into STATION values (2229, '.', 1450, 246917.12, 5024208.50, 1400.89);
insert into STATION values (2230, '.', 1450, 246916.96, 5024209.20, 1401.16);
insert into STATION values (2231, '.', 1450, 246915.90, 5024208.65, 1405.37);
insert into STATION values (2232, '.', 1450, 246915.79, 5024209.24, 1405.02);
insert into STATION values (2233, '.', 1450, 246915.83, 5024208.85, 1407.33);
insert into STATION values (2234, '.', 1450, 246915.32, 5024208.72, 1403.57);
insert into STATION values (2235, '.', 1450, 246910.79, 5024206.82, 1402.88);
insert into STATION values (2236, '.', 1450, 246915.32, 5024208.54, 1403.53);
insert into STATION values (2237, '6', 1450, 246916.07, 5024208.72, 1399.78);
insert into STATION values (2238, '.', 1450, 246916.19, 5024207.90, 1399.87);
insert into STATION values (2239, '.', 1450, 246915.59, 5024205.67, 1399.32);
insert into STATION values (2240, '.', 1450, 246915.84, 5024206.93, 1399.56);
insert into STATION values (2241, '.', 1450, 246915.72, 5024207.43, 1399.60);
insert into STATION values (2242, '.', 1450, 246915.61, 5024208.07, 1399.74);
insert into STATION values (2243, '.', 1450, 246915.78, 5024208.90, 1399.15);
insert into STATION values (2244, '.', 1450, 246916.33, 5024209.35, 1405.65);
insert into STATION values (2245, '.', 1450, 246917.04, 5024208.96, 1400.22);
insert into STATION values (2246, '.', 1450, 246917.72, 5024209.21, 1400.14);
insert into STATION values (2247, '.', 1450, 246917.10, 5024209.18, 1400.01);
insert into STATION values (2248, '.', 1450, 246917.14, 5024209.14, 1399.99);
insert into STATION values (2249, '.', 1450, 246915.04, 5024209.13, 1400.07);
insert into STATION values (2250, '.', 1450, 246915.26, 5024209.21, 1400.08);
insert into STATION values (2251, '0-0', 1450, 246921.37, 5024212.37, 1410.46);
insert into STATION values (2252, '.', 1450, 246920.03, 5024210.74, 1410.81);
insert into STATION values (2253, '.', 1450, 246917.80, 5024209.27, 1410.56);
insert into STATION values (2254, '.', 1450, 246917.15, 5024209.74, 1410.40);
insert into STATION values (2255, '.', 1450, 246917.12, 5024210.44, 1408.10);
insert into STATION values (2256, '.', 1450, 246917.52, 5024210.45, 1406.52);
insert into STATION values (2257, '.', 1450, 246920.70, 5024212.04, 1409.59);
insert into STATION values (2258, '.', 1450, 246925.83, 5024210.97, 1389.56);
insert into STATION values (2259, '.', 1450, 246921.04, 5024211.84, 1410.76);
insert into STATION values (2260, '.', 1450, 246920.94, 5024211.49, 1410.84);
insert into STATION values (2261, '.', 1450, 246921.27, 5024212.65, 1413.47);
insert into STATION values (2262, '.', 1450, 246922.55, 5024210.71, 1413.78);
insert into STATION values (2263, '.', 1450, 246923.34, 5024212.02, 1416.31);
insert into STATION values (2264, '0-1', 1450, 246922.23, 5024213.04, 1412.75);
insert into STATION values (2265, '.', 1450, 246921.99, 5024214.88, 1413.12);
insert into STATION values (2266, '.', 1450, 246922.06, 5024210.58, 1413.16);
insert into STATION values (2267, '.', 1450, 246921.21, 5024210.93, 1413.08);
insert into STATION values (2268, '.', 1450, 246920.79, 5024211.14, 1412.95);
insert into STATION values (2269, '.', 1450, 246917.72, 5024209.43, 1413.01);
insert into STATION values (2270, '.', 1450, 246921.05, 5024210.87, 1415.70);
insert into STATION values (2271, '.', 1450, 246921.70, 5024211.47, 1418.19);
insert into STATION values (2272, '.', 1450, 246921.15, 5024211.80, 1411.84);
insert into STATION values (2273, '.', 1450, 246921.06, 5024211.19, 1411.92);
insert into STATION values (2274, '.', 1450, 246921.86, 5024216.58, 1407.90);
insert into STATION values (2275, '.', 1450, 246921.50, 5024210.98, 1412.89);
insert into STATION values (2276, '0-2', 1450, 246921.46, 5024210.99, 1412.86);
insert into STATION values (2277, '.', 1450, 246921.44, 5024211.00, 1412.85);
insert into STATION values (2278, '.', 1450, 246920.16, 5024214.53, 1412.83);
insert into STATION values (2279, '.', 1450, 246919.36, 5024214.50, 1413.88);
insert into STATION values (2280, '.', 1450, 246920.33, 5024213.72, 1413.34);
insert into STATION values (2281, '.', 1450, 246918.65, 5024214.71, 1407.70);
insert into STATION values (2282, '.', 1450, 246920.46, 5024213.22, 1410.59);
insert into STATION values (2283, '.', 1450, 246922.37, 5024214.22, 1414.79);
insert into STATION values (2284, '.', 1450, 246922.20, 5024213.16, 1412.47);
insert into STATION values (2285, '.', 1450, 246922.28, 5024212.68, 1415.18);
insert into STATION values (2286, '00-0', 1450, 246925.45, 5024209.89, 1389.75);
insert into STATION values (2287, '.', 1450, 246927.89, 5024208.58, 1390.21);
insert into STATION values (2288, '.', 1450, 246927.31, 5024208.33, 1389.95);
insert into STATION values (2289, '.', 1450, 246927.91, 5024207.37, 1389.94);
insert into STATION values (2290, '.', 1450, 246928.15, 5024206.75, 1389.93);
insert into STATION values (2291, '.', 1450, 246926.37, 5024208.22, 1389.94);
insert into STATION values (2292, '.', 1450, 246925.68, 5024208.09, 1389.97);
insert into STATION values (2293, '.', 1450, 246927.58, 5024210.03, 1390.47);
insert into STATION values (2294, '.', 1450, 246926.26, 5024210.55, 1390.11);
insert into STATION values (2295, '.', 1450, 246927.05, 5024211.00, 1390.61);
insert into STATION values (2296, '.', 1450, 246925.47, 5024209.99, 1389.42);
insert into STATION values (2297, '.', 1450, 246924.20, 5024209.11, 1411.30);
insert into STATION values (2298, '.', 1450, 246926.86, 5024210.02, 1398.38);
insert into STATION values (2299, '.', 1450, 246927.42, 5024209.49, 1393.64);
insert into STATION values (2300, '.', 1450, 246928.95, 5024214.21, 1399.78);
insert into STATION values (2301, '.', 1450, 246927.79, 5024213.46, 1402.58);
insert into STATION values (2302, '.', 1450, 246925.58, 5024210.94, 1394.63);
insert into STATION values (2303, '.', 1450, 246923.70, 5024210.61, 1396.14);
insert into STATION values (2304, '.', 1450, 246928.74, 5024207.19, 1389.79);
insert into STATION values (2305, '.', 1450, 246928.01, 5024207.52, 1389.85);
insert into STATION values (2306, '.', 1450, 246927.15, 5024209.93, 1389.16);
insert into STATION values (2307, '.', 1450, 246927.33, 5024209.64, 1388.94);
insert into STATION values (2308, '.', 1450, 246930.59, 5024209.79, 1387.67);
insert into STATION values (2309, '.', 1450, 246931.00, 5024209.67, 1387.79);
insert into STATION values (2310, '00-1', 1450, 246927.40, 5024209.78, 1389.17);
insert into STATION values (2311, '.', 1450, 246927.34, 5024209.61, 1387.45);
insert into STATION values (2312, '.', 1450, 246928.52, 5024208.47, 1388.18);
insert into STATION values (2313, '.', 1450, 246928.10, 5024208.44, 1388.53);
insert into STATION values (2314, '.', 1450, 246927.14, 5024209.38, 1388.97);
insert into STATION values (2315, '.', 1450, 246927.55, 5024209.77, 1388.96);
insert into STATION values (2316, '.', 1450, 246928.16, 5024209.52, 1388.65);
insert into STATION values (2317, '.', 1450, 246927.45, 5024210.69, 1387.89);
insert into STATION values (2318, '.', 1450, 246927.45, 5024209.43, 1396.41);
insert into STATION values (2319, '.', 1450, 246925.59, 5024211.75, 1391.46);
insert into STATION values (2320, '.', 1450, 246928.49, 5024212.37, 1393.49);
insert into STATION values (2321, '.', 1450, 246927.90, 5024217.24, 1401.27);
insert into STATION values (2322, '.', 1450, 246926.79, 5024214.39, 1397.10);
insert into STATION values (2323, '.', 1450, 246925.35, 5024209.31, 1392.74);
insert into STATION values (2324, '.', 1450, 246924.17, 5024210.26, 1393.56);
insert into STATION values (2325, '00-2', 1450, 246926.48, 5024208.55, 1388.50);
insert into STATION values (2326, '.', 1450, 246926.41, 5024208.48, 1387.45);
insert into STATION values (2327, '.', 1450, 246925.92, 5024208.33, 1387.82);
insert into STATION values (2328, '.', 1450, 246926.87, 5024208.99, 1387.59);
insert into STATION values (2329, '.', 1450, 246926.94, 5024208.84, 1388.47);
insert into STATION values (2330, '.', 1450, 246927.32, 5024207.79, 1388.79);
insert into STATION values (2331, '.', 1450, 246927.74, 5024207.82, 1388.94);
insert into STATION values (2332, '.', 1450, 246928.13, 5024207.32, 1389.49);
insert into STATION values (2333, '.', 1450, 246926.53, 5024208.45, 1389.41);
insert into STATION values (2334, '.', 1450, 246927.63, 5024209.01, 1385.56);
insert into STATION values (2335, '.', 1450, 246927.35, 5024208.27, 1385.54);
insert into STATION values (2336, '.', 1450, 246929.61, 5024208.04, 1387.07);
insert into STATION values (2337, '.', 1450, 246929.43, 5024208.50, 1388.99);
insert into STATION values (2338, '00-3', 1450, 246928.00, 5024207.37, 1389.83);
insert into STATION values (2339, '.', 1450, 246928.85, 5024207.55, 1388.99);
insert into STATION values (2340, '.', 1450, 246928.14, 5024207.09, 1388.22);
insert into STATION values (2341, '.', 1450, 246929.65, 5024208.00, 1389.38);
insert into STATION values (2342, '.', 1450, 246930.04, 5024207.94, 1389.73);
insert into STATION values (2343, '.', 1450, 246928.99, 5024207.48, 1389.69);
insert into STATION values (2344, '.', 1450, 246927.19, 5024206.86, 1389.71);
insert into STATION values (2345, '.', 1450, 246926.92, 5024206.39, 1389.78);
insert into STATION values (2346, '.', 1450, 246927.63, 5024207.17, 1391.96);
insert into STATION values (2347, '.', 1450, 246927.79, 5024207.78, 1386.08);
insert into STATION values (2348, '00-4', 1450, 246929.03, 5024207.69, 1387.12);
insert into STATION values (2349, '.', 1450, 246929.26, 5024207.39, 1387.24);
insert into STATION values (2350, '.', 1450, 246931.16, 5024207.98, 1387.07);
insert into STATION values (2351, '.', 1450, 246929.75, 5024207.65, 1387.11);
insert into STATION values (2352, '.', 1450, 246929.10, 5024206.53, 1387.02);
insert into STATION values (2353, '.', 1450, 246929.39, 5024207.73, 1387.16);
insert into STATION values (2354, '.', 1450, 246928.53, 5024208.08, 1384.18);
insert into STATION values (2355, '.', 1450, 246928.87, 5024208.79, 1380.69);
insert into STATION values (2356, '.', 1450, 246929.68, 5024208.20, 1384.05);
insert into STATION values (2357, '.', 1450, 246928.99, 5024207.90, 1392.63);
insert into STATION values (2358, '.', 1450, 246929.28, 5024207.74, 1389.04);
insert into STATION values (2359, '.', 1450, 246928.81, 5024208.10, 1389.01);
insert into STATION values (2360, '.', 1450, 246929.91, 5024208.78, 1383.57);
insert into STATION values (2361, '00-5', 1450, 246931.86, 5024210.75, 1376.61);
insert into STATION values (2362, '.', 1450, 246930.10, 5024210.52, 1376.30);
insert into STATION values (2363, '.', 1450, 246930.73, 5024209.97, 1376.47);
insert into STATION values (2364, '.', 1450, 246934.39, 5024208.55, 1376.73);
insert into STATION values (2365, '.', 1450, 246933.27, 5024208.86, 1376.32);
insert into STATION values (2366, '.', 1450, 246931.61, 5024207.74, 1381.10);
insert into STATION values (2367, '.', 1450, 246930.49, 5024209.09, 1382.51);
insert into STATION values (2368, '.', 1450, 246930.08, 5024210.27, 1382.86);
insert into STATION values (2369, '00-6', 1450, 246931.28, 5024210.69, 1376.36);
insert into STATION values (2370, '15-0', 1537, 246901.31, 5024203.03, 1447.87);
insert into STATION values (2371, '.', 1537, 246902.47, 5024204.04, 1446.35);
insert into STATION values (2372, '.', 1537, 246903.71, 5024204.69, 1445.65);
insert into STATION values (2373, '.', 1537, 246902.17, 5024203.57, 1447.03);
insert into STATION values (2374, '.', 1537, 246901.98, 5024203.65, 1447.99);
insert into STATION values (2375, '.', 1537, 246901.05, 5024204.83, 1447.91);
insert into STATION values (2376, '.', 1537, 246901.17, 5024202.99, 1447.86);
insert into STATION values (2377, '.', 1537, 246899.91, 5024204.99, 1448.26);
insert into STATION values (2378, '.', 1537, 246902.03, 5024202.38, 1448.08);
insert into STATION values (2379, '.', 1537, 246901.47, 5024202.72, 1450.64);
insert into STATION values (2380, '.', 1537, 246902.50, 5024203.06, 1447.92);
insert into STATION values (2381, '.', 1537, 246901.72, 5024204.51, 1447.67);
insert into STATION values (2382, '.', 1537, 246900.87, 5024204.87, 1447.92);
insert into STATION values (2383, '.', 1537, 246899.70, 5024204.00, 1447.64);
insert into STATION values (2384, '.', 1537, 246897.51, 5024206.24, 1447.50);
insert into STATION values (2385, '15-1', 1537, 246898.88, 5024205.65, 1451.93);
insert into STATION values (2386, '.', 1537, 246899.01, 5024205.84, 1451.91);
insert into STATION values (2387, '.', 1537, 246899.57, 5024205.29, 1451.82);
insert into STATION values (2388, '.', 1537, 246899.26, 5024205.08, 1451.75);
insert into STATION values (2389, '.', 1537, 246899.76, 5024204.94, 1450.58);
insert into STATION values (2390, '.', 1537, 246899.42, 5024204.90, 1450.71);
insert into STATION values (2391, '.', 1537, 246898.97, 5024205.60, 1450.83);
insert into STATION values (2392, '.', 1537, 246899.00, 5024205.27, 1451.86);
insert into STATION values (2393, '.', 1537, 246897.90, 5024204.84, 1451.30);
insert into STATION values (2394, '.', 1537, 246897.63, 5024204.85, 1451.64);
insert into STATION values (2395, '.', 1537, 246898.66, 5024205.68, 1453.84);
insert into STATION values (2396, '.', 1537, 246898.81, 5024205.43, 1452.86);
insert into STATION values (2397, '.', 1537, 246898.84, 5024205.76, 1452.63);
insert into STATION values (2398, '15-2', 1537, 246897.76, 5024205.42, 1454.61);
insert into STATION values (2399, '.', 1537, 246895.77, 5024205.14, 1454.36);
insert into STATION values (2400, '.', 1537, 246897.75, 5024205.29, 1454.59);
insert into STATION values (2401, '.', 1537, 246894.87, 5024205.18, 1454.38);
insert into STATION values (2402, '.', 1537, 246896.17, 5024206.24, 1454.50);
insert into STATION values (2403, '.', 1537, 246897.38, 5024206.99, 1454.53);
insert into STATION values (2404, '.', 1537, 246898.14, 5024206.33, 1454.74);
insert into STATION values (2405, '.', 1537, 246898.36, 5024205.60, 1454.66);
insert into STATION values (2406, '.', 1537, 246895.93, 5024206.58, 1452.79);
insert into STATION values (2407, '.', 1537, 246897.42, 5024205.87, 1452.92);
insert into STATION values (2408, '.', 1537, 246896.72, 5024206.16, 1465.85);
insert into STATION values (2409, '.', 1537, 246896.43, 5024206.11, 1461.54);
insert into STATION values (2410, '.', 1537, 246893.65, 5024205.71, 1468.34);
insert into STATION values (2411, '15-3', 1537, 246895.82, 5024204.65, 1454.10);
insert into STATION values (2412, '.', 1537, 246894.96, 5024205.02, 1454.06);
insert into STATION values (2413, '.', 1537, 246895.56, 5024205.49, 1454.03);
insert into STATION values (2414, '.', 1537, 246897.00, 5024205.51, 1454.03);
insert into STATION values (2415, '.', 1537, 246898.61, 5024204.22, 1454.03);
insert into STATION values (2416, '.', 1537, 246898.24, 5024205.44, 1454.17);
insert into STATION values (2417, '.', 1537, 246897.17, 5024204.34, 1454.10);
insert into STATION values (2418, '.', 1537, 246895.77, 5024204.50, 1454.13);
insert into STATION values (2419, '.', 1537, 246897.64, 5024204.30, 1454.53);
insert into STATION values (2420, '.', 1537, 246896.85, 5024204.25, 1454.22);
insert into STATION values (2421, '15-4', 1537, 246895.71, 5024206.01, 1460.64);
insert into STATION values (2422, '.', 1537, 246894.31, 5024206.40, 1460.56);
insert into STATION values (2423, '.', 1537, 246893.72, 5024205.80, 1460.57);
insert into STATION values (2424, '.', 1537, 246893.44, 5024204.97, 1460.39);
insert into STATION values (2425, '.', 1537, 246894.48, 5024204.78, 1460.45);
insert into STATION values (2426, '.', 1537, 246896.30, 5024205.68, 1460.79);
insert into STATION values (2427, '.', 1537, 246899.50, 5024202.91, 1460.44);
insert into STATION values (2428, '.', 1537, 246899.95, 5024201.96, 1460.35);
insert into STATION values (2429, '.', 1537, 246897.60, 5024203.62, 1460.59);
insert into STATION values (2430, '.', 1537, 246896.33, 5024204.95, 1460.57);
insert into STATION values (2431, '.', 1537, 246895.65, 5024204.89, 1460.56);
insert into STATION values (2432, '.', 1537, 246895.04, 5024204.86, 1460.65);
insert into STATION values (2433, '.', 1537, 246895.38, 5024204.86, 1455.24);
insert into STATION values (2434, '.', 1537, 246895.58, 5024205.03, 1452.67);
insert into STATION values (2435, '.', 1537, 246894.89, 5024204.83, 1463.78);
insert into STATION values (2436, '.', 1537, 246894.29, 5024206.23, 1466.97);
insert into STATION values (2437, '.', 1537, 246895.67, 5024205.32, 1465.21);
insert into STATION values (2438, '.', 1537, 246895.03, 5024205.79, 1469.76);
insert into STATION values (2439, '.', 1537, 246894.72, 5024205.88, 1472.51);
insert into STATION values (2440, '.', 1537, 246895.54, 5024204.92, 1461.14);
insert into STATION values (2441, '15-5', 1537, 246895.54, 5024204.91, 1461.10);
insert into STATION values (2442, '15-6', 1537, 246896.55, 5024206.33, 1470.33);
insert into STATION values (2443, '.', 1537, 246897.28, 5024206.73, 1470.54);
insert into STATION values (2444, '.', 1537, 246896.77, 5024207.61, 1471.11);
insert into STATION values (2445, '.', 1537, 246895.92, 5024207.20, 1471.10);
insert into STATION values (2446, '.', 1537, 246895.46, 5024208.92, 1472.68);
insert into STATION values (2447, '.', 1537, 246897.34, 5024204.58, 1469.95);
insert into STATION values (2448, '.', 1537, 246896.57, 5024205.50, 1470.22);
insert into STATION values (2449, '.', 1537, 246895.78, 5024205.71, 1470.16);
insert into STATION values (2450, '.', 1537, 246895.67, 5024206.20, 1470.14);
insert into STATION values (2451, '.', 1537, 246894.16, 5024205.24, 1469.91);
insert into STATION values (2452, '.', 1537, 246895.13, 5024205.36, 1456.94);
insert into STATION values (2453, '.', 1537, 246895.59, 5024206.41, 1467.45);
insert into STATION values (2454, '.', 1537, 246894.98, 5024204.84, 1464.34);
insert into STATION values (2455, '.', 1537, 246893.79, 5024205.11, 1467.38);
insert into STATION values (2456, '.', 1537, 246896.23, 5024206.66, 1472.03);
insert into STATION values (2457, '15-7', 1537, 246896.54, 5024208.50, 1471.60);
insert into STATION values (2458, '.', 1537, 246896.73, 5024209.71, 1471.25);
insert into STATION values (2459, '.', 1537, 246895.38, 5024209.53, 1471.95);
insert into STATION values (2460, '.', 1537, 246893.56, 5024210.06, 1473.78);
insert into STATION values (2461, '.', 1537, 246894.71, 5024208.38, 1472.82);
insert into STATION values (2462, '.', 1537, 246896.71, 5024208.63, 1470.00);
insert into STATION values (2463, '.', 1537, 246896.62, 5024208.83, 1471.07);
insert into STATION values (2464, '.', 1537, 246895.46, 5024207.59, 1470.26);
insert into STATION values (2465, '.', 1537, 246895.36, 5024208.69, 1471.39);
insert into STATION values (2466, '.', 1537, 246895.30, 5024209.26, 1472.70);
insert into STATION values (2467, '.', 1537, 246893.12, 5024209.48, 1474.45);
insert into STATION values (2468, '.', 1537, 246893.49, 5024210.26, 1473.08);
insert into STATION values (2469, '15-8', 1537, 246894.84, 5024209.90, 1473.02);
insert into STATION values (2470, '.', 1537, 246894.43, 5024208.35, 1473.18);
insert into STATION values (2471, '.', 1537, 246895.00, 5024210.07, 1473.16);
insert into STATION values (2472, '.', 1537, 246894.42, 5024209.59, 1469.64);
insert into STATION values (2473, '.', 1537, 246893.73, 5024210.16, 1473.75);
insert into STATION values (2474, '.', 1537, 246890.75, 5024210.04, 1472.74);
insert into STATION values (2475, '.', 1537, 246897.66, 5024208.32, 1470.54);
insert into STATION values (2476, '15-9', 1537, 246892.39, 5024209.71, 1475.82);
insert into STATION values (2477, '.', 1537, 246892.11, 5024210.04, 1471.40);
insert into STATION values (2478, '.', 1537, 246892.35, 5024209.99, 1474.57);
insert into STATION values (2479, '.', 1537, 246892.33, 5024209.74, 1474.54);
insert into STATION values (2480, '.', 1537, 246892.92, 5024211.24, 1474.91);
insert into STATION values (2481, '.', 1537, 246892.48, 5024210.18, 1475.42);
insert into STATION values (2482, '.', 1537, 246892.38, 5024210.34, 1475.10);
insert into STATION values (2483, '.', 1537, 246892.30, 5024208.86, 1475.88);
insert into STATION values (2484, '.', 1537, 246892.28, 5024209.65, 1475.55);
insert into STATION values (2485, '.', 1537, 246891.89, 5024209.73, 1474.70);
insert into STATION values (2486, '.', 1537, 246891.96, 5024209.69, 1474.68);
insert into STATION values (2487, '.', 1537, 246894.22, 5024209.36, 1472.64);
insert into STATION values (2488, '.', 1537, 246897.27, 5024209.00, 1470.56);
insert into STATION values (2489, '.', 1537, 246890.83, 5024210.42, 1477.43);
insert into STATION values (2490, '.', 1537, 246890.22, 5024210.70, 1476.11);
insert into STATION values (2491, '15-10', 1537, 246890.43, 5024210.67, 1476.28);
insert into STATION values (2492, '.', 1537, 246890.45, 5024210.16, 1473.73);
insert into STATION values (2493, '.', 1537, 246890.45, 5024209.96, 1475.53);
insert into STATION values (2494, '.', 1537, 246890.56, 5024209.75, 1476.32);
insert into STATION values (2495, '.', 1537, 246890.42, 5024210.54, 1477.97);
insert into STATION values (2496, '.', 1537, 246890.31, 5024209.95, 1477.04);
insert into STATION values (2497, '.', 1537, 246889.71, 5024209.94, 1476.55);
insert into STATION values (2498, '.', 1537, 246889.15, 5024209.77, 1475.32);
insert into STATION values (2499, '.', 1537, 246889.71, 5024209.64, 1477.50);
insert into STATION values (2500, '.', 1537, 246891.33, 5024210.54, 1476.83);
insert into STATION values (2501, '.', 1537, 246892.27, 5024210.48, 1475.79);
insert into STATION values (2502, '.', 1537, 246891.91, 5024210.43, 1474.91);
insert into STATION values (2503, '15-11', 1537, 246889.60, 5024209.22, 1476.47);
insert into STATION values (2504, '.', 1537, 246889.65, 5024209.75, 1476.46);
insert into STATION values (2505, '.', 1537, 246889.94, 5024209.52, 1476.46);
insert into STATION values (2506, '.', 1537, 246889.65, 5024209.96, 1474.93);
insert into STATION values (2507, '.', 1537, 246890.21, 5024209.69, 1475.03);
insert into STATION values (2508, '.', 1537, 246889.66, 5024209.31, 1477.12);
insert into STATION values (2509, '.', 1537, 246889.94, 5024209.16, 1477.38);
insert into STATION values (2510, '.', 1537, 246889.72, 5024209.20, 1478.21);
insert into STATION values (2511, '.', 1537, 246889.45, 5024209.06, 1475.40);
insert into STATION values (2512, '.', 1537, 246890.05, 5024208.99, 1475.25);
insert into STATION values (2513, '.', 1537, 246889.85, 5024208.99, 1474.58);
insert into STATION values (2514, '.', 1537, 246890.46, 5024207.85, 1476.68);
insert into STATION values (2515, '.', 1537, 246890.69, 5024208.06, 1476.70);
insert into STATION values (2516, '.', 1537, 246890.19, 5024208.89, 1476.57);
insert into STATION values (2517, '.', 1537, 246890.05, 5024208.17, 1475.74);
insert into STATION values (2518, '.', 1537, 246890.42, 5024208.33, 1475.38);
insert into STATION values (2519, '.', 1537, 246890.30, 5024208.30, 1476.25);
insert into STATION values (2520, '.', 1537, 246890.63, 5024207.85, 1476.41);
insert into STATION values (2521, '.', 1537, 246890.44, 5024208.03, 1477.23);
insert into STATION values (2522, '.', 1537, 246890.04, 5024208.80, 1477.57);
insert into STATION values (2523, '.', 1537, 246892.65, 5024210.82, 1475.74);
insert into STATION values (2524, '.', 1537, 246892.48, 5024210.88, 1475.48);
insert into STATION values (2525, '.', 1537, 246892.15, 5024210.70, 1475.99);
insert into STATION values (2526, '15-12', 1537, 246892.05, 5024211.98, 1475.90);
insert into STATION values (2527, '.', 1537, 246892.04, 5024211.45, 1476.23);
insert into STATION values (2528, '.', 1537, 246891.89, 5024211.31, 1476.07);
insert into STATION values (2529, '.', 1537, 246891.86, 5024211.70, 1475.69);
insert into STATION values (2530, '.', 1537, 246892.18, 5024212.04, 1475.99);
insert into STATION values (2531, '.', 1537, 246891.00, 5024213.77, 1476.98);
insert into STATION values (2532, '.', 1537, 246890.91, 5024213.15, 1476.72);
insert into STATION values (2533, '.', 1537, 246891.25, 5024212.52, 1476.32);
insert into STATION values (2534, '.', 1537, 246891.50, 5024211.96, 1475.86);
insert into STATION values (2535, '.', 1537, 246892.05, 5024211.87, 1474.22);
insert into STATION values (2536, '.', 1537, 246892.05, 5024212.10, 1475.50);
insert into STATION values (2537, '.', 1537, 246891.86, 5024211.89, 1475.22);
insert into STATION values (2538, '15-13', 1537, 246888.35, 5024213.31, 1477.20);
insert into STATION values (2539, '.', 1537, 246888.31, 5024212.87, 1477.22);
insert into STATION values (2540, '.', 1537, 246887.38, 5024212.69, 1477.09);
insert into STATION values (2541, '.', 1537, 246886.80, 5024212.96, 1477.04);
insert into STATION values (2542, '.', 1537, 246887.48, 5024213.17, 1477.10);
insert into STATION values (2543, '.', 1537, 246888.37, 5024213.46, 1477.20);
insert into STATION values (2544, '.', 1537, 246889.38, 5024213.41, 1477.04);
insert into STATION values (2545, '.', 1537, 246891.86, 5024212.40, 1476.29);
insert into STATION values (2546, '.', 1537, 246889.93, 5024212.56, 1476.67);
insert into STATION values (2547, '.', 1537, 246890.71, 5024212.65, 1475.04);
insert into STATION values (2548, '.', 1537, 246890.53, 5024212.42, 1477.49);
insert into STATION values (2549, '.', 1537, 246888.96, 5024212.75, 1479.60);
insert into STATION values (2550, '.', 1537, 246887.26, 5024212.84, 1481.46);
insert into STATION values (2551, '.', 1537, 246887.42, 5024213.06, 1478.96);
insert into STATION values (2552, '.', 1537, 246886.99, 5024212.71, 1479.55);
insert into STATION values (2553, '15-13-1', 1537, 246886.78, 5024212.47, 1481.74);
insert into STATION values (2554, '.', 1537, 246886.44, 5024211.91, 1481.53);
insert into STATION values (2555, '.', 1537, 246886.85, 5024212.34, 1481.81);
insert into STATION values (2556, '.', 1537, 246886.55, 5024211.89, 1481.03);
insert into STATION values (2557, '.', 1537, 246886.76, 5024212.49, 1480.32);
insert into STATION values (2558, '.', 1537, 246887.15, 5024212.95, 1477.67);
insert into STATION values (2559, '.', 1537, 246888.36, 5024213.36, 1475.45);
insert into STATION values (2560, '.', 1537, 246887.27, 5024213.05, 1478.92);
insert into STATION values (2561, '.', 1537, 246886.97, 5024212.98, 1480.30);
insert into STATION values (2562, '.', 1537, 246886.49, 5024213.14, 1478.21);
insert into STATION values (2563, '.', 1537, 246885.77, 5024212.87, 1479.85);
insert into STATION values (2564, '.', 1537, 246888.94, 5024213.32, 1476.67);
insert into STATION values (2565, '.', 1537, 246890.29, 5024212.97, 1476.23);
insert into STATION values (2566, '.', 1537, 246888.32, 5024213.18, 1479.22);
insert into STATION values (2567, '.', 1537, 246888.15, 5024212.63, 1479.46);
insert into STATION values (2568, '.', 1537, 246887.27, 5024213.84, 1480.79);
insert into STATION values (2569, '.', 1537, 246889.14, 5024214.95, 1478.96);
insert into STATION values (2570, '.', 1537, 246889.74, 5024214.41, 1478.14);
insert into STATION values (2571, '.', 1537, 246886.18, 5024213.01, 1481.67);
insert into STATION values (2572, '.', 1537, 246885.68, 5024212.72, 1481.76);
insert into STATION values (2573, '.', 1537, 246882.82, 5024213.92, 1481.46);
insert into STATION values (2574, '.', 1537, 246884.85, 5024213.45, 1481.55);
insert into STATION values (2575, '.', 1537, 246882.70, 5024214.51, 1486.20);
insert into STATION values (2576, '15-13-2', 1537, 246883.10, 5024214.02, 1486.26);
insert into STATION values (2577, '.', 1537, 246883.71, 5024213.55, 1480.39);
insert into STATION values (2578, '.', 1537, 246883.36, 5024213.53, 1483.45);
insert into STATION values (2579, '.', 1537, 246883.69, 5024213.88, 1483.82);
insert into STATION values (2580, '.', 1537, 246882.58, 5024212.12, 1486.03);
insert into STATION values (2581, '.', 1537, 246882.70, 5024213.39, 1485.89);
insert into STATION values (2582, '.', 1537, 246883.98, 5024215.10, 1485.08);
insert into STATION values (2583, '.', 1537, 246883.58, 5024214.45, 1484.67);
insert into STATION values (2584, '.', 1537, 246888.35, 5024213.27, 1479.59);
insert into STATION values (2585, '.', 1537, 246887.59, 5024211.87, 1480.43);
insert into STATION values (2586, '.', 1537, 246884.71, 5024213.21, 1484.51);
insert into STATION values (2587, '.', 1537, 246883.45, 5024213.89, 1486.07);
insert into STATION values (2588, '.', 1537, 246882.62, 5024214.54, 1487.69);
insert into STATION values (2589, '.', 1537, 246882.15, 5024214.99, 1488.20);
insert into STATION values (2590, '.', 1537, 246882.59, 5024214.31, 1486.42);
insert into STATION values (2591, '.', 1537, 246882.54, 5024214.81, 1486.65);
insert into STATION values (2592, '.', 1537, 246881.70, 5024215.08, 1487.88);
insert into STATION values (2593, '.', 1537, 246882.48, 5024214.96, 1487.10);
insert into STATION values (2594, '.', 1537, 246882.40, 5024214.23, 1483.04);
insert into STATION values (2595, '.', 1537, 246881.87, 5024214.97, 1483.00);
insert into STATION values (2596, '.', 1537, 246884.01, 5024213.26, 1479.91);
insert into STATION values (2597, '.', 1537, 246883.17, 5024214.00, 1480.20);
insert into STATION values (2598, '15-13-3', 1537, 246882.20, 5024215.51, 1487.60);
insert into STATION values (2599, '.', 1537, 246881.71, 5024215.02, 1487.54);
insert into STATION values (2600, '.', 1537, 246882.39, 5024215.14, 1487.57);
insert into STATION values (2601, '.', 1537, 246882.31, 5024216.08, 1487.61);
insert into STATION values (2602, '.', 1537, 246882.03, 5024215.80, 1487.70);
insert into STATION values (2603, '.', 1537, 246882.23, 5024215.41, 1484.11);
insert into STATION values (2604, '.', 1537, 246882.35, 5024217.06, 1486.09);
insert into STATION values (2605, '.', 1537, 246882.01, 5024218.20, 1487.21);
insert into STATION values (2606, '.', 1537, 246880.33, 5024218.71, 1487.06);
insert into STATION values (2607, '.', 1537, 246882.53, 5024215.54, 1487.63);
insert into STATION values (2608, '.', 1537, 246881.63, 5024215.40, 1488.82);
insert into STATION values (2609, '15-13-4', 1537, 246881.72, 5024217.25, 1486.68);
insert into STATION values (2610, '.', 1537, 246881.72, 5024217.45, 1486.04);
insert into STATION values (2611, '.', 1537, 246881.75, 5024218.00, 1486.82);
insert into STATION values (2612, '.', 1537, 246882.46, 5024217.56, 1486.84);
insert into STATION values (2613, '.', 1537, 246882.60, 5024216.80, 1486.83);
insert into STATION values (2614, '.', 1537, 246880.92, 5024218.38, 1486.97);
insert into STATION values (2615, '.', 1537, 246879.99, 5024218.14, 1486.72);
insert into STATION values (2616, '.', 1537, 246880.11, 5024216.94, 1486.79);
insert into STATION values (2617, '.', 1537, 246880.98, 5024216.16, 1486.77);
insert into STATION values (2618, '.', 1537, 246881.49, 5024216.01, 1486.78);
insert into STATION values (2619, '.', 1537, 246879.69, 5024217.59, 1486.85);
insert into STATION values (2620, '.', 1537, 246880.23, 5024218.97, 1499.08);
insert into STATION values (2621, '.', 1537, 246880.58, 5024216.77, 1490.80);
insert into STATION values (2622, '.', 1537, 246881.74, 5024217.26, 1490.19);
insert into STATION values (2623, '.', 1537, 246880.69, 5024218.42, 1490.10);
insert into STATION values (2624, '15-13-5', 1537, 246879.52, 5024218.45, 1489.36);
insert into STATION values (2625, '.', 1537, 246879.45, 5024218.06, 1487.64);
insert into STATION values (2626, '.', 1537, 246879.68, 5024218.40, 1486.93);
insert into STATION values (2627, '.', 1537, 246879.92, 5024218.62, 1487.83);
insert into STATION values (2628, '.', 1537, 246879.49, 5024218.44, 1489.79);
insert into STATION values (2629, '.', 1537, 246879.66, 5024218.59, 1490.29);
insert into STATION values (2630, '.', 1537, 246879.84, 5024218.78, 1489.59);
insert into STATION values (2631, '.', 1537, 246881.14, 5024216.83, 1490.02);
insert into STATION values (2632, '.', 1537, 246882.62, 5024215.25, 1487.20);
insert into STATION values (2633, '.', 1537, 246880.94, 5024216.78, 1485.94);
insert into STATION values (2634, '.', 1537, 246879.20, 5024219.15, 1490.94);
insert into STATION values (2635, '.', 1537, 246878.58, 5024219.69, 1490.17);
insert into STATION values (2636, '.', 1537, 246878.96, 5024219.35, 1489.17);
insert into STATION values (2637, '.', 1537, 246879.01, 5024219.19, 1488.09);
insert into STATION values (2638, '.', 1537, 246878.59, 5024219.36, 1490.44);
insert into STATION values (2639, '.', 1537, 246879.25, 5024220.03, 1490.04);
insert into STATION values (2640, '.', 1537, 246882.22, 5024217.24, 1488.84);
insert into STATION values (2641, '.', 1537, 246881.12, 5024215.94, 1489.01);
insert into STATION values (2642, '.', 1537, 246879.42, 5024218.35, 1489.40);
insert into STATION values (2643, '15-13-6', 1537, 246877.58, 5024221.34, 1493.29);
insert into STATION values (2644, '.', 1537, 246876.67, 5024222.34, 1494.05);
insert into STATION values (2645, '.', 1537, 246876.43, 5024223.28, 1494.68);
insert into STATION values (2646, '.', 1537, 246877.28, 5024222.56, 1493.98);
insert into STATION values (2647, '.', 1537, 246876.65, 5024222.72, 1493.17);
insert into STATION values (2648, '.', 1537, 246876.97, 5024222.28, 1492.59);
insert into STATION values (2649, '.', 1537, 246877.74, 5024222.59, 1492.92);
insert into STATION values (2650, '.', 1537, 246877.11, 5024221.69, 1492.98);
insert into STATION values (2651, '.', 1537, 246877.86, 5024221.69, 1493.66);
insert into STATION values (2652, '.', 1537, 246877.63, 5024221.31, 1493.59);
insert into STATION values (2653, '.', 1537, 246877.97, 5024220.62, 1492.17);
insert into STATION values (2654, '.', 1537, 246879.37, 5024219.43, 1490.33);
insert into STATION values (2655, '.', 1537, 246878.73, 5024220.59, 1492.42);
insert into STATION values (2656, '.', 1537, 246879.84, 5024219.33, 1492.99);
insert into STATION values (2657, '.', 1537, 246880.79, 5024217.35, 1492.55);
insert into STATION values (2658, '.', 1537, 246877.64, 5024221.60, 1491.99);
insert into STATION values (2659, '.', 1537, 246878.80, 5024221.63, 1490.34);
insert into STATION values (2660, '.', 1537, 246880.06, 5024221.52, 1490.45);
insert into STATION values (2661, '.', 1537, 246877.80, 5024221.37, 1493.08);
insert into STATION values (2662, '.', 1537, 246881.83, 5024221.51, 1490.10);
insert into STATION values (2663, '15-13-7', 1537, 246879.39, 5024219.90, 1493.20);
insert into STATION values (2664, '.', 1537, 246878.90, 5024220.38, 1493.19);
insert into STATION values (2665, '.', 1537, 246878.56, 5024220.29, 1493.23);
insert into STATION values (2666, '.', 1537, 246876.37, 5024222.22, 1493.05);
insert into STATION values (2667, '.', 1537, 246879.03, 5024219.56, 1492.07);
insert into STATION values (2668, '.', 1537, 246879.37, 5024219.83, 1492.16);
insert into STATION values (2669, '.', 1537, 246879.02, 5024219.51, 1488.54);
insert into STATION values (2670, '.', 1537, 246879.08, 5024219.40, 1495.85);
insert into STATION values (2671, '.', 1537, 246879.58, 5024219.11, 1498.26);
insert into STATION values (2672, '.', 1537, 246879.45, 5024219.70, 1494.89);
insert into STATION values (2673, '.', 1537, 246879.39, 5024218.68, 1493.41);
insert into STATION values (2674, '.', 1537, 246879.97, 5024219.09, 1493.38);
insert into STATION values (2675, '.', 1537, 246880.45, 5024217.95, 1493.49);
insert into STATION values (2676, '15-13-8', 1537, 246880.29, 5024218.23, 1494.15);
insert into STATION values (2677, '.', 1537, 246880.71, 5024219.11, 1494.33);
insert into STATION values (2678, '.', 1537, 246881.64, 5024219.57, 1494.65);
insert into STATION values (2679, '.', 1537, 246884.86, 5024221.06, 1495.41);
insert into STATION values (2680, '.', 1537, 246885.73, 5024220.51, 1495.17);
insert into STATION values (2681, '.', 1537, 246882.73, 5024219.05, 1494.47);
insert into STATION values (2682, '.', 1537, 246881.81, 5024218.34, 1494.18);
insert into STATION values (2683, '.', 1537, 246881.66, 5024217.99, 1494.08);
insert into STATION values (2684, '.', 1537, 246880.21, 5024218.09, 1494.27);
insert into STATION values (2685, '.', 1537, 246882.22, 5024218.87, 1487.50);
insert into STATION values (2686, '.', 1537, 246881.54, 5024219.71, 1503.26);
insert into STATION values (2687, '.', 1537, 246880.69, 5024218.64, 1500.23);
insert into STATION values (2688, '.', 1537, 246880.72, 5024219.20, 1496.81);
insert into STATION values (2689, '.', 1537, 246880.95, 5024219.51, 1495.88);
insert into STATION values (2690, '.', 1537, 246881.31, 5024218.67, 1492.03);
insert into STATION values (2691, '.', 1537, 246880.07, 5024216.91, 1490.72);
insert into STATION values (2692, '15-13-9', 1537, 246882.27, 5024219.15, 1493.70);
insert into STATION values (2693, '15-14', 1537, 246888.89, 5024214.70, 1479.47);
insert into STATION values (2694, '.', 1537, 246890.19, 5024214.34, 1477.84);
insert into STATION values (2695, '.', 1537, 246890.44, 5024213.87, 1477.53);
insert into STATION values (2696, '.', 1537, 246892.55, 5024211.09, 1474.67);
insert into STATION values (2697, '.', 1537, 246888.72, 5024213.55, 1478.78);
insert into STATION values (2698, '.', 1537, 246889.06, 5024214.74, 1478.62);
insert into STATION values (2699, '.', 1537, 246888.90, 5024214.79, 1479.64);
insert into STATION values (2700, '.', 1537, 246889.06, 5024214.94, 1479.53);
insert into STATION values (2701, '.', 1537, 246888.55, 5024214.72, 1479.43);
insert into STATION values (2702, '.', 1537, 246888.62, 5024215.24, 1479.48);
insert into STATION values (2703, '.', 1537, 246888.59, 5024215.23, 1479.18);
insert into STATION values (2704, '.', 1537, 246887.56, 5024220.23, 1482.96);
insert into STATION values (2705, '.', 1537, 246888.52, 5024214.51, 1479.41);
insert into STATION values (2706, '.', 1537, 246888.17, 5024213.87, 1479.42);
insert into STATION values (2707, '.', 1537, 246888.30, 5024213.32, 1479.42);
insert into STATION values (2708, '15-15', 1537, 246888.20, 5024215.49, 1479.82);
insert into STATION values (2709, '.', 1537, 246883.77, 5024220.84, 1498.41);
insert into STATION values (2710, '.', 1537, 246887.91, 5024215.84, 1482.73);
insert into STATION values (2711, '.', 1537, 246888.61, 5024215.02, 1480.78);
insert into STATION values (2712, '.', 1537, 246887.62, 5024215.86, 1480.28);
insert into STATION values (2713, '.', 1537, 246886.86, 5024216.76, 1481.06);
insert into STATION values (2714, '.', 1537, 246888.50, 5024217.60, 1481.04);
insert into STATION values (2715, '.', 1537, 246888.06, 5024220.20, 1482.68);
insert into STATION values (2716, '.', 1537, 246886.58, 5024219.03, 1482.07);
insert into STATION values (2717, '.', 1537, 246886.91, 5024220.37, 1482.43);
insert into STATION values (2718, '.', 1537, 246889.41, 5024216.49, 1480.36);
insert into STATION values (2719, '.', 1537, 246889.15, 5024215.61, 1480.39);
insert into STATION values (2720, '.', 1537, 246888.25, 5024215.55, 1479.64);
insert into STATION values (2721, '.', 1537, 246886.64, 5024219.86, 1482.13);
insert into STATION values (2722, '15-16', 1537, 246886.86, 5024219.26, 1481.80);
insert into STATION values (2723, '.', 1537, 246886.78, 5024219.82, 1481.91);
insert into STATION values (2724, '.', 1537, 246887.41, 5024219.81, 1481.87);
insert into STATION values (2725, '.', 1537, 246887.13, 5024219.38, 1481.24);
insert into STATION values (2726, '.', 1537, 246882.54, 5024220.27, 1499.21);
insert into STATION values (2727, '.', 1537, 246886.34, 5024216.83, 1483.12);
insert into STATION values (2728, '.', 1537, 246886.25, 5024217.43, 1481.82);
insert into STATION values (2729, '.', 1537, 246888.03, 5024215.32, 1481.69);
insert into STATION values (2730, '.', 1537, 246887.04, 5024216.51, 1485.48);
insert into STATION values (2731, '.', 1537, 246887.75, 5024218.85, 1484.38);
insert into STATION values (2732, '.', 1537, 246885.41, 5024217.84, 1488.21);
insert into STATION values (2733, '15-16-0', 1537, 246889.00, 5024215.76, 1480.60);
insert into STATION values (2734, '.', 1537, 246889.30, 5024216.19, 1480.58);
insert into STATION values (2735, '.', 1537, 246889.16, 5024215.92, 1479.86);
insert into STATION values (2736, '.', 1537, 246889.31, 5024216.20, 1479.87);
insert into STATION values (2737, '.', 1537, 246888.87, 5024215.34, 1479.71);
insert into STATION values (2738, '.', 1537, 246889.30, 5024215.88, 1480.76);
insert into STATION values (2739, '.', 1537, 246889.03, 5024215.73, 1480.94);
insert into STATION values (2740, '.', 1537, 246889.94, 5024215.59, 1480.72);
insert into STATION values (2741, '.', 1537, 246889.64, 5024214.83, 1480.56);
insert into STATION values (2742, '15-16-1', 1537, 246889.92, 5024214.95, 1480.67);
insert into STATION values (2743, '.', 1537, 246890.81, 5024214.80, 1480.69);
insert into STATION values (2744, '.', 1537, 246890.73, 5024214.39, 1480.72);
insert into STATION values (2745, '.', 1537, 246890.88, 5024213.62, 1480.67);
insert into STATION values (2746, '.', 1537, 246890.08, 5024214.18, 1480.71);
insert into STATION values (2747, '.', 1537, 246889.70, 5024214.65, 1480.72);
insert into STATION values (2748, '.', 1537, 246890.21, 5024215.49, 1480.78);
insert into STATION values (2749, '.', 1537, 246889.52, 5024215.96, 1480.83);
insert into STATION values (2750, '.', 1537, 246889.15, 5024215.32, 1480.73);
insert into STATION values (2751, '.', 1537, 246889.54, 5024215.13, 1479.63);
insert into STATION values (2752, '.', 1537, 246888.84, 5024215.86, 1495.87);
insert into STATION values (2753, '.', 1537, 246890.01, 5024216.47, 1488.18);
insert into STATION values (2754, '.', 1537, 246889.19, 5024215.37, 1486.77);
insert into STATION values (2755, '.', 1537, 246889.71, 5024214.95, 1482.11);
insert into STATION values (2756, '.', 1537, 246890.10, 5024215.41, 1481.84);
insert into STATION values (2757, '.', 1537, 246890.20, 5024214.83, 1483.05);
insert into STATION values (2758, '.', 1537, 246888.65, 5024216.72, 1484.35);
insert into STATION values (2759, '.', 1537, 246888.39, 5024216.43, 1486.30);
insert into STATION values (2760, '.', 1537, 246889.14, 5024216.35, 1490.82);
insert into STATION values (2761, '.', 1537, 246892.36, 5024212.43, 1476.76);
insert into STATION values (2762, '.', 1537, 246891.80, 5024213.70, 1478.62);
insert into STATION values (2763, '.', 1537, 246891.14, 5024213.35, 1478.72);
insert into STATION values (2764, 'jp.0', 1670, 246884.90, 5024236.20, 1416.35);
insert into STATION values (2765, '.', 1670, 246883.39, 5024234.64, 1416.01);
insert into STATION values (2766, '.', 1670, 246882.94, 5024234.52, 1418.24);
insert into STATION values (2767, '.', 1670, 246882.16, 5024234.16, 1421.63);
insert into STATION values (2768, '.', 1670, 246884.72, 5024233.38, 1416.75);
insert into STATION values (2769, '.', 1670, 246884.73, 5024233.43, 1416.88);
insert into STATION values (2770, '.', 1670, 246884.44, 5024233.19, 1418.87);
insert into STATION values (2771, '.', 1670, 246883.71, 5024230.08, 1428.81);
insert into STATION values (2772, '.', 1670, 246882.82, 5024233.92, 1425.48);
insert into STATION values (2773, '.', 1670, 246884.35, 5024235.64, 1419.44);
insert into STATION values (2774, '.', 1670, 246885.31, 5024236.70, 1416.60);
insert into STATION values (2775, '.', 1670, 246886.22, 5024235.64, 1417.01);
insert into STATION values (2776, '.', 1670, 246885.82, 5024235.56, 1418.08);
insert into STATION values (2777, '.', 1670, 246885.07, 5024236.09, 1416.44);
insert into STATION values (2778, '.', 1670, 246887.44, 5024234.59, 1417.53);
insert into STATION values (2779, '.', 1670, 246888.38, 5024234.20, 1417.11);
insert into STATION values (2780, '.', 1670, 246887.09, 5024235.34, 1415.89);
insert into STATION values (2781, '.', 1670, 246886.12, 5024234.92, 1415.76);
insert into STATION values (2782, '.', 1670, 246885.99, 5024234.33, 1416.37);
insert into STATION values (2783, 'jp.1', 1670, 246886.33, 5024234.11, 1417.02);
insert into STATION values (2784, '.', 1670, 246886.36, 5024233.55, 1420.81);
insert into STATION values (2785, '.', 1670, 246886.45, 5024234.30, 1419.55);
insert into STATION values (2786, '.', 1670, 246886.54, 5024234.55, 1419.12);
insert into STATION values (2787, '.', 1670, 246886.57, 5024234.68, 1418.36);
insert into STATION values (2788, '.', 1670, 246886.76, 5024234.94, 1418.04);
insert into STATION values (2789, '.', 1670, 246886.79, 5024235.00, 1417.53);
insert into STATION values (2790, '.', 1670, 246886.92, 5024235.05, 1417.05);
insert into STATION values (2791, '.', 1670, 246887.03, 5024235.07, 1416.61);
insert into STATION values (2792, '.', 1670, 246887.21, 5024235.07, 1416.00);
insert into STATION values (2793, '.', 1670, 246886.77, 5024234.55, 1416.31);
insert into STATION values (2794, '.', 1670, 246887.83, 5024234.20, 1418.01);
insert into STATION values (2795, '.', 1670, 246888.02, 5024234.31, 1417.25);
insert into STATION values (2796, '.', 1670, 246888.38, 5024234.52, 1416.49);
insert into STATION values (2797, '.', 1670, 246888.41, 5024234.66, 1415.85);
insert into STATION values (2798, '.', 1670, 246888.22, 5024233.69, 1418.65);
insert into STATION values (2799, '.', 1670, 246888.05, 5024233.40, 1419.14);
insert into STATION values (2800, '.', 1670, 246887.73, 5024233.14, 1419.90);
insert into STATION values (2801, '.', 1670, 246887.20, 5024232.94, 1420.52);
insert into STATION values (2802, '.', 1670, 246886.18, 5024233.05, 1421.21);
insert into STATION values (2803, '.', 1670, 246883.25, 5024232.53, 1422.67);
insert into STATION values (2804, '.', 1670, 246882.86, 5024233.31, 1421.13);
insert into STATION values (2805, '.', 1670, 246883.36, 5024233.67, 1419.46);
insert into STATION values (2806, '.', 1670, 246883.42, 5024233.94, 1418.32);
insert into STATION values (2807, '.', 1670, 246883.50, 5024234.07, 1417.66);
insert into STATION values (2808, '.', 1670, 246883.49, 5024234.30, 1416.78);
insert into STATION values (2809, '.', 1670, 246883.27, 5024234.98, 1414.95);
insert into STATION values (2810, '.', 1670, 246883.56, 5024236.90, 1416.50);
insert into STATION values (2811, '.', 1670, 246886.28, 5024233.95, 1417.07);
insert into STATION values (2812, '.', 1670, 246889.03, 5024233.79, 1416.88);
insert into STATION values (2813, '.', 1670, 246889.22, 5024234.04, 1416.18);
insert into STATION values (2814, '.', 1670, 246889.58, 5024234.21, 1415.16);
insert into STATION values (2815, 'jp.2', 1670, 246889.89, 5024233.99, 1415.59);
insert into STATION values (2816, '.', 1670, 246890.15, 5024233.23, 1416.57);
insert into STATION values (2817, '.', 1670, 246890.02, 5024233.11, 1416.05);
insert into STATION values (2818, '.', 1670, 246889.93, 5024233.27, 1415.70);
insert into STATION values (2819, '.', 1670, 246889.91, 5024233.32, 1415.36);
insert into STATION values (2820, '.', 1670, 246889.85, 5024233.38, 1414.94);
insert into STATION values (2821, '.', 1670, 246889.92, 5024233.32, 1414.93);
insert into STATION values (2822, '.', 1670, 246889.95, 5024233.52, 1414.69);
insert into STATION values (2823, '.', 1670, 246889.88, 5024233.72, 1414.37);
insert into STATION values (2824, '.', 1670, 246889.84, 5024233.92, 1414.76);
insert into STATION values (2825, '.', 1670, 246890.66, 5024233.13, 1415.29);
insert into STATION values (2826, '.', 1670, 246890.90, 5024233.17, 1414.33);
insert into STATION values (2827, '.', 1670, 246891.26, 5024233.18, 1413.27);
insert into STATION values (2828, '.', 1670, 246891.90, 5024233.57, 1412.34);
insert into STATION values (2829, '.', 1670, 246890.02, 5024233.98, 1415.37);
insert into STATION values (2830, '.', 1670, 246894.00, 5024231.81, 1415.32);
insert into STATION values (2831, '.', 1670, 246891.94, 5024232.58, 1416.12);
insert into STATION values (2832, '.', 1670, 246891.86, 5024232.30, 1416.75);
insert into STATION values (2833, '.', 1670, 246891.87, 5024231.92, 1417.48);
insert into STATION values (2834, '.', 1670, 246891.78, 5024231.75, 1418.00);
insert into STATION values (2835, '.', 1670, 246894.16, 5024232.07, 1414.24);
insert into STATION values (2836, '.', 1670, 246895.01, 5024232.30, 1413.10);
insert into STATION values (2837, '.', 1670, 246892.05, 5024233.47, 1414.51);
insert into STATION values (2838, '.', 1670, 246895.73, 5024233.15, 1410.32);
insert into STATION values (2839, '.', 1670, 246895.83, 5024233.69, 1409.53);
insert into STATION values (2840, '.', 1670, 246891.98, 5024233.70, 1413.02);
insert into STATION values (2841, '.', 1670, 246892.29, 5024234.02, 1412.28);
insert into STATION values (2842, 'jp.3', 1670, 246893.04, 5024233.31, 1413.37);
insert into STATION values (2843, '.', 1670, 246890.56, 5024233.95, 1413.97);
insert into STATION values (2844, '.', 1670, 246889.87, 5024233.99, 1415.21);
insert into STATION values (2845, '.', 1670, 246891.91, 5024233.20, 1413.71);
insert into STATION values (2846, '.', 1670, 246892.28, 5024233.09, 1413.96);
insert into STATION values (2847, '.', 1670, 246892.32, 5024233.43, 1413.24);
insert into STATION values (2848, '.', 1670, 246891.98, 5024234.31, 1412.66);
insert into STATION values (2849, '.', 1670, 246892.68, 5024233.89, 1412.63);
insert into STATION values (2850, '.', 1670, 246892.98, 5024233.54, 1412.21);
insert into STATION values (2851, '.', 1670, 246892.70, 5024233.02, 1413.26);
insert into STATION values (2852, '.', 1670, 246892.66, 5024232.98, 1413.62);
insert into STATION values (2853, '.', 1670, 246892.28, 5024232.65, 1414.63);
insert into STATION values (2854, '.', 1670, 246892.49, 5024232.63, 1415.01);
insert into STATION values (2855, '.', 1670, 246890.80, 5024232.30, 1417.91);
insert into STATION values (2856, '.', 1670, 246892.76, 5024232.63, 1415.19);
insert into STATION values (2857, '.', 1670, 246892.75, 5024232.12, 1415.10);
insert into STATION values (2858, '.', 1670, 246892.98, 5024232.26, 1414.56);
insert into STATION values (2859, '.', 1670, 246893.24, 5024232.10, 1414.07);
insert into STATION values (2860, '.', 1670, 246893.31, 5024232.16, 1413.66);
insert into STATION values (2861, '.', 1670, 246893.34, 5024231.96, 1413.31);
insert into STATION values (2862, '.', 1670, 246893.30, 5024231.81, 1412.76);
insert into STATION values (2863, '.', 1670, 246893.18, 5024231.71, 1412.49);
insert into STATION values (2864, '.', 1670, 246893.19, 5024232.57, 1412.67);
insert into STATION values (2865, '.', 1670, 246893.41, 5024232.40, 1412.82);
insert into STATION values (2866, '.', 1670, 246894.28, 5024231.46, 1411.43);
insert into STATION values (2867, '.', 1670, 246894.10, 5024232.02, 1411.37);
insert into STATION values (2868, '.', 1670, 246894.36, 5024232.15, 1411.90);
insert into STATION values (2869, '.', 1670, 246894.47, 5024232.04, 1412.51);
insert into STATION values (2870, '.', 1670, 246894.23, 5024231.81, 1412.48);
insert into STATION values (2871, '.', 1670, 246894.31, 5024231.16, 1412.24);
insert into STATION values (2872, '.', 1670, 246894.19, 5024230.98, 1413.25);
insert into STATION values (2873, '.', 1670, 246894.47, 5024230.83, 1413.88);
insert into STATION values (2874, '.', 1670, 246895.10, 5024230.42, 1414.04);
insert into STATION values (2875, '.', 1670, 246894.99, 5024230.21, 1413.24);
insert into STATION values (2876, '.', 1670, 246895.09, 5024230.03, 1412.64);
insert into STATION values (2877, '.', 1670, 246894.59, 5024230.78, 1412.63);
insert into STATION values (2878, '.', 1670, 246895.34, 5024230.53, 1412.87);
insert into STATION values (2879, '.', 1670, 246895.17, 5024230.75, 1413.34);
insert into STATION values (2880, '.', 1670, 246895.30, 5024230.42, 1413.70);
insert into STATION values (2881, '.', 1670, 246894.53, 5024231.45, 1413.69);
insert into STATION values (2882, '.', 1670, 246894.78, 5024231.56, 1413.37);
insert into STATION values (2883, '.', 1670, 246895.14, 5024229.84, 1416.68);
insert into STATION values (2884, '.', 1670, 246894.03, 5024232.01, 1415.08);
insert into STATION values (2885, '.', 1670, 246894.05, 5024232.03, 1414.85);
insert into STATION values (2886, '.', 1670, 246894.28, 5024232.27, 1414.20);
insert into STATION values (2887, '.', 1670, 246894.55, 5024232.43, 1413.66);
insert into STATION values (2888, '.', 1670, 246895.08, 5024232.52, 1412.91);
insert into STATION values (2889, '.', 1670, 246895.63, 5024232.59, 1411.98);
insert into STATION values (2890, '.', 1670, 246895.50, 5024232.89, 1411.52);
insert into STATION values (2891, '.', 1670, 246895.09, 5024232.67, 1411.81);
insert into STATION values (2892, '.', 1670, 246894.71, 5024233.43, 1411.85);
insert into STATION values (2893, '.', 1670, 246896.06, 5024233.50, 1409.65);
insert into STATION values (2894, '.', 1670, 246895.24, 5024233.19, 1409.57);
insert into STATION values (2895, '.', 1670, 246894.35, 5024233.48, 1409.81);
insert into STATION values (2896, '.', 1670, 246893.88, 5024234.10, 1409.92);
insert into STATION values (2897, '.', 1670, 246893.10, 5024233.77, 1411.81);
insert into STATION values (2898, '.', 1670, 246894.31, 5024235.20, 1409.28);
insert into STATION values (2899, '.', 1670, 246895.45, 5024235.24, 1407.83);
insert into STATION values (2900, '.', 1670, 246893.31, 5024235.29, 1410.49);
insert into STATION values (2901, '.', 1670, 246893.01, 5024235.13, 1410.96);
insert into STATION values (2902, '.', 1670, 246894.75, 5024233.37, 1411.87);
insert into STATION values (2903, '.', 1670, 246895.29, 5024233.19, 1411.18);
insert into STATION values (2904, '.', 1670, 246894.86, 5024232.97, 1411.26);
insert into STATION values (2905, '.', 1670, 246894.64, 5024232.60, 1411.01);
insert into STATION values (2906, '.', 1670, 246894.50, 5024232.30, 1410.43);
insert into STATION values (2907, '.', 1670, 246894.31, 5024232.32, 1409.88);
insert into STATION values (2908, '.', 1670, 246893.78, 5024232.70, 1410.38);
insert into STATION values (2909, '.', 1670, 246892.97, 5024233.67, 1412.20);
insert into STATION values (2910, '.', 1670, 246892.93, 5024234.21, 1411.82);
insert into STATION values (2911, 'jp.4', 1670, 246894.91, 5024234.57, 1408.85);
insert into STATION values (2912, '.', 1670, 246893.87, 5024235.52, 1409.74);
insert into STATION values (2913, '.', 1670, 246894.05, 5024234.84, 1409.48);
insert into STATION values (2914, '.', 1670, 246893.32, 5024234.57, 1409.50);
insert into STATION values (2915, '.', 1670, 246893.51, 5024234.54, 1408.59);
insert into STATION values (2916, '.', 1670, 246893.56, 5024234.93, 1408.52);
insert into STATION values (2917, '.', 1670, 246894.54, 5024234.89, 1408.86);
insert into STATION values (2918, '.', 1670, 246894.71, 5024235.39, 1408.86);
insert into STATION values (2919, '.', 1670, 246895.19, 5024235.19, 1408.93);
insert into STATION values (2920, '.', 1670, 246895.41, 5024234.97, 1408.93);
insert into STATION values (2921, '.', 1670, 246895.55, 5024235.21, 1408.40);
insert into STATION values (2922, '.', 1670, 246894.92, 5024235.67, 1407.77);
insert into STATION values (2923, '.', 1670, 246894.71, 5024234.94, 1408.25);
insert into STATION values (2924, '.', 1670, 246893.94, 5024234.52, 1407.70);
insert into STATION values (2925, '.', 1670, 246894.34, 5024234.45, 1407.60);
insert into STATION values (2926, '.', 1670, 246894.52, 5024234.49, 1407.54);
insert into STATION values (2927, '.', 1670, 246894.57, 5024234.64, 1404.76);
insert into STATION values (2928, '.', 1670, 246894.48, 5024234.50, 1406.46);
insert into STATION values (2929, '.', 1670, 246894.90, 5024234.99, 1406.16);
insert into STATION values (2930, '.', 1670, 246894.97, 5024234.72, 1405.70);
insert into STATION values (2931, '.', 1670, 246895.04, 5024234.52, 1406.02);
insert into STATION values (2932, '.', 1670, 246895.00, 5024234.45, 1408.39);
insert into STATION values (2933, '.', 1670, 246895.43, 5024233.67, 1409.12);
insert into STATION values (2934, '.', 1670, 246895.39, 5024233.71, 1409.52);
insert into STATION values (2935, '.', 1670, 246895.43, 5024233.37, 1410.66);
insert into STATION values (2936, '.', 1670, 246895.11, 5024232.39, 1412.86);
insert into STATION values (2937, '.', 1670, 246894.29, 5024232.31, 1413.97);
insert into STATION values (2938, '.', 1670, 246893.27, 5024231.30, 1416.41);
insert into STATION values (2939, '.', 1670, 246893.00, 5024232.60, 1414.95);
insert into STATION values (2940, '.', 1670, 246894.44, 5024233.60, 1412.04);
insert into STATION values (2941, '.', 1670, 246894.89, 5024234.06, 1410.88);
insert into STATION values (2942, '.', 1670, 246895.27, 5024234.31, 1410.12);
insert into STATION values (2943, '.', 1670, 246895.66, 5024234.00, 1410.03);
insert into STATION values (2944, '.', 1670, 246895.60, 5024234.02, 1410.00);
insert into STATION values (2945, '.', 1670, 246895.76, 5024233.99, 1409.50);
insert into STATION values (2946, '.', 1670, 246896.00, 5024233.54, 1409.62);
insert into STATION values (2947, '.', 1670, 246896.09, 5024233.60, 1409.24);
insert into STATION values (2948, '.', 1670, 246896.08, 5024233.72, 1409.00);
insert into STATION values (2949, '.', 1670, 246896.22, 5024233.76, 1408.65);
insert into STATION values (2950, '.', 1670, 246896.92, 5024233.24, 1407.97);
insert into STATION values (2951, '.', 1670, 246896.90, 5024233.36, 1407.75);
insert into STATION values (2952, '.', 1670, 246898.78, 5024232.41, 1406.75);
insert into STATION values (2953, '.', 1670, 246896.58, 5024233.70, 1407.74);
insert into STATION values (2954, '.', 1670, 246896.08, 5024233.84, 1407.87);
insert into STATION values (2955, '.', 1670, 246896.50, 5024234.09, 1408.14);
insert into STATION values (2956, '.', 1670, 246896.55, 5024234.08, 1407.49);
insert into STATION values (2957, '.', 1670, 246895.71, 5024234.80, 1408.58);
insert into STATION values (2958, '.', 1670, 246896.28, 5024234.74, 1407.81);
insert into STATION values (2959, '.', 1670, 246897.26, 5024234.78, 1406.28);
insert into STATION values (2960, '.', 1670, 246896.17, 5024234.69, 1407.19);
insert into STATION values (2961, '.', 1670, 246896.13, 5024235.00, 1407.28);
insert into STATION values (2962, '.', 1670, 246895.99, 5024235.21, 1406.75);
insert into STATION values (2963, '.', 1670, 246895.54, 5024234.96, 1408.74);
insert into STATION values (2964, '.', 1670, 246895.45, 5024234.85, 1409.02);
insert into STATION values (2965, '.', 1670, 246895.67, 5024234.68, 1408.88);
insert into STATION values (2966, '.', 1670, 246895.75, 5024235.07, 1408.12);
insert into STATION values (2967, '.', 1670, 246895.66, 5024235.50, 1407.27);
insert into STATION values (2968, '.', 1670, 246895.34, 5024235.85, 1406.66);
insert into STATION values (2969, 'jp.5', 1670, 246894.98, 5024234.83, 1405.83);
insert into STATION values (2970, '.', 1670, 246894.90, 5024234.57, 1410.36);
insert into STATION values (2971, '.', 1670, 246895.01, 5024234.47, 1407.14);
insert into STATION values (2972, '.', 1670, 246894.86, 5024234.46, 1406.38);
insert into STATION values (2973, '.', 1670, 246894.98, 5024235.02, 1406.89);
insert into STATION values (2974, '.', 1670, 246895.04, 5024235.03, 1407.83);
insert into STATION values (2975, '.', 1670, 246895.15, 5024235.18, 1409.04);
insert into STATION values (2976, '.', 1670, 246895.12, 5024234.87, 1409.60);
insert into STATION values (2977, '.', 1670, 246894.63, 5024234.41, 1408.67);
insert into STATION values (2978, '.', 1670, 246894.28, 5024234.43, 1409.32);
insert into STATION values (2979, '.', 1670, 246895.28, 5024234.48, 1407.09);
insert into STATION values (2980, '.', 1670, 246895.10, 5024234.53, 1406.44);
insert into STATION values (2981, '.', 1670, 246894.81, 5024234.45, 1406.38);
insert into STATION values (2982, '.', 1670, 246894.49, 5024234.51, 1406.58);
insert into STATION values (2983, '.', 1670, 246894.79, 5024234.92, 1406.45);
insert into STATION values (2984, '.', 1670, 246895.18, 5024235.20, 1406.33);
insert into STATION values (2985, '.', 1670, 246895.53, 5024235.04, 1406.18);
insert into STATION values (2986, '.', 1670, 246895.59, 5024234.83, 1406.19);
insert into STATION values (2987, '.', 1670, 246895.67, 5024234.67, 1406.14);
insert into STATION values (2988, '.', 1670, 246895.15, 5024234.70, 1405.95);
insert into STATION values (2989, '.', 1670, 246894.94, 5024234.34, 1405.84);
insert into STATION values (2990, '.', 1670, 246894.50, 5024233.94, 1405.77);
insert into STATION values (2991, '.', 1670, 246894.61, 5024234.42, 1405.82);
insert into STATION values (2992, '.', 1670, 246894.08, 5024233.75, 1405.27);
insert into STATION values (2993, '.', 1670, 246894.63, 5024233.98, 1405.38);
insert into STATION values (2994, '.', 1670, 246895.00, 5024233.86, 1405.33);
insert into STATION values (2995, '.', 1670, 246895.21, 5024233.84, 1405.04);
insert into STATION values (2996, '.', 1670, 246894.90, 5024233.94, 1404.90);
insert into STATION values (2997, '.', 1670, 246894.26, 5024233.70, 1404.35);
insert into STATION values (2998, '.', 1670, 246894.23, 5024233.62, 1403.71);
insert into STATION values (2999, '.', 1670, 246894.57, 5024233.55, 1403.49);
insert into STATION values (3000, '.', 1670, 246895.05, 5024233.83, 1403.97);
insert into STATION values (3001, '.', 1670, 246894.49, 5024233.89, 1403.80);
insert into STATION values (3002, '.', 1670, 246894.66, 5024233.91, 1403.51);
insert into STATION values (3003, '.', 1670, 246894.79, 5024233.69, 1402.97);
insert into STATION values (3004, '.', 1670, 246894.79, 5024234.65, 1404.52);
insert into STATION values (3005, '.', 1670, 246895.59, 5024235.17, 1405.66);
insert into STATION values (3006, '.', 1670, 246895.78, 5024235.22, 1405.27);
insert into STATION values (3007, '.', 1670, 246895.58, 5024235.26, 1404.76);
insert into STATION values (3008, '.', 1670, 246895.40, 5024235.07, 1404.24);
insert into STATION values (3009, '.', 1670, 246895.94, 5024235.07, 1404.14);
insert into STATION values (3010, '.', 1670, 246896.17, 5024234.93, 1403.67);
insert into STATION values (3011, '.', 1670, 246896.50, 5024233.66, 1404.14);
insert into STATION values (3012, '.', 1670, 246895.84, 5024234.14, 1405.20);
insert into STATION values (3013, '.', 1670, 246897.88, 5024232.65, 1402.14);
insert into STATION values (3014, '.', 1670, 246898.65, 5024232.39, 1400.75);
insert into STATION values (3015, '.', 1670, 246899.30, 5024232.24, 1399.28);
insert into STATION values (3016, '.', 1670, 246897.12, 5024233.03, 1402.29);
insert into STATION values (3017, '.', 1670, 246898.25, 5024233.41, 1401.86);
insert into STATION values (3018, '.', 1670, 246896.51, 5024233.41, 1401.37);
insert into STATION values (3019, '.', 1670, 246897.25, 5024233.33, 1400.51);
insert into STATION values (3020, '.', 1670, 246895.84, 5024234.07, 1400.38);
insert into STATION values (3021, '.', 1670, 246895.01, 5024234.00, 1402.05);
insert into STATION values (3022, '.', 1670, 246896.15, 5024234.34, 1403.29);
insert into STATION values (3023, '.', 1670, 246896.01, 5024234.41, 1402.75);
insert into STATION values (3024, '.', 1670, 246895.38, 5024234.72, 1404.30);
insert into STATION values (3025, '.', 1670, 246896.51, 5024234.79, 1404.70);
insert into STATION values (3026, '.', 1670, 246896.64, 5024234.78, 1403.96);
insert into STATION values (3027, '.', 1670, 246896.37, 5024234.95, 1403.80);
insert into STATION values (3028, 'jp.6', 1670, 246896.65, 5024234.02, 1403.38);
insert into STATION values (3029, '.', 1670, 246896.41, 5024233.11, 1403.29);
insert into STATION values (3030, '.', 1670, 246897.06, 5024233.77, 1403.64);
insert into STATION values (3031, '.', 1670, 246896.96, 5024234.39, 1403.47);
insert into STATION values (3032, '.', 1670, 246896.95, 5024234.45, 1402.74);
insert into STATION values (3033, '.', 1670, 246896.65, 5024234.09, 1403.24);
insert into STATION values (3034, '.', 1670, 246896.07, 5024233.45, 1402.29);
insert into STATION values (3035, '.', 1670, 246896.58, 5024234.16, 1399.73);
insert into STATION values (3036, '.', 1670, 246897.61, 5024232.67, 1401.10);
insert into STATION values (3037, '.', 1670, 246898.79, 5024232.99, 1400.69);
insert into STATION values (3038, '.', 1670, 246899.27, 5024232.06, 1399.25);
insert into STATION values (3039, '.', 1670, 246896.04, 5024234.10, 1404.84);
insert into STATION values (3040, '.', 1670, 246895.37, 5024233.75, 1404.43);
insert into STATION values (3041, '.', 1670, 246895.28, 5024234.61, 1405.06);
insert into STATION values (3042, '.', 1670, 246896.04, 5024235.19, 1404.80);
insert into STATION values (3043, '.', 1670, 246895.26, 5024235.19, 1405.43);
insert into STATION values (3044, '.', 1670, 246894.41, 5024234.50, 1406.21);
insert into STATION values (3045, 'jp.7', 1670, 246903.93, 5024226.98, 1389.91);
insert into STATION values (3046, '0', 1710, 246903.25, 5024222.21, 1431.36);
insert into STATION values (3047, '.', 1710, 246903.16, 5024221.88, 1431.38);
insert into STATION values (3048, '.', 1710, 246903.48, 5024222.09, 1431.39);
insert into STATION values (3049, '.', 1710, 246903.32, 5024222.05, 1430.73);
insert into STATION values (3050, '.', 1710, 246903.05, 5024222.32, 1432.14);
insert into STATION values (3051, '.', 1710, 246902.52, 5024222.68, 1431.71);
insert into STATION values (3052, '.', 1710, 246902.07, 5024221.32, 1432.34);
insert into STATION values (3053, '.', 1710, 246902.94, 5024221.67, 1433.11);
insert into STATION values (3054, '.', 1710, 246902.98, 5024222.08, 1431.95);
insert into STATION values (3055, '.', 1710, 246902.35, 5024221.77, 1433.07);
insert into STATION values (3056, '1', 1710, 246904.02, 5024221.05, 1430.40);
insert into STATION values (3057, '2', 1710, 246902.35, 5024221.69, 1433.77);
insert into STATION values (3058, '.', 1710, 246901.85, 5024221.36, 1433.72);
insert into STATION values (3059, '.', 1710, 246902.66, 5024222.01, 1433.65);
insert into STATION values (3060, '.', 1710, 246901.95, 5024221.57, 1434.39);
insert into STATION values (3061, '.', 1710, 246902.30, 5024221.80, 1431.53);
insert into STATION values (3062, '.', 1710, 246902.19, 5024221.58, 1432.97);
insert into STATION values (3063, '.', 1710, 246902.53, 5024221.04, 1434.14);
insert into STATION values (3064, '.', 1710, 246902.00, 5024221.91, 1433.65);
insert into STATION values (3065, '.', 1710, 246902.13, 5024221.69, 1435.84);
insert into STATION values (3066, '.', 1710, 246901.70, 5024221.30, 1434.94);
insert into STATION values (3067, '.', 1710, 246901.92, 5024221.43, 1434.55);
insert into STATION values (3068, '3', 1710, 246901.91, 5024221.44, 1434.55);
insert into STATION values (3069, '.', 1710, 246902.36, 5024220.82, 1434.59);
insert into STATION values (3070, '.', 1710, 246901.86, 5024221.10, 1434.54);
insert into STATION values (3071, '.', 1710, 246901.52, 5024221.28, 1434.50);
insert into STATION values (3072, '.', 1710, 246902.54, 5024221.41, 1434.51);
insert into STATION values (3073, '.', 1710, 246902.27, 5024222.18, 1434.57);
insert into STATION values (3074, '.', 1710, 246901.45, 5024221.51, 1434.50);
insert into STATION values (3075, '.', 1710, 246901.80, 5024221.54, 1434.56);
insert into STATION values (3076, '.', 1710, 246901.38, 5024221.11, 1436.09);
insert into STATION values (3077, '4', 1710, 246901.27, 5024221.04, 1436.43);
insert into STATION values (3078, '.', 1710, 246900.22, 5024221.06, 1436.67);
insert into STATION values (3079, '.', 1710, 246899.98, 5024221.83, 1436.70);
insert into STATION values (3080, '.', 1710, 246900.64, 5024222.36, 1436.67);
insert into STATION values (3081, '.', 1710, 246901.27, 5024222.04, 1436.62);
insert into STATION values (3082, '.', 1710, 246901.74, 5024221.37, 1436.49);
insert into STATION values (3083, '.', 1710, 246901.15, 5024221.37, 1438.61);
insert into STATION values (3084, '.', 1710, 246899.26, 5024221.42, 1440.35);
insert into STATION values (3085, '.', 1710, 246898.68, 5024221.98, 1447.74);
insert into STATION values (3086, '.', 1710, 246901.73, 5024221.54, 1434.79);
insert into STATION values (3087, '.', 1710, 246901.38, 5024221.16, 1435.47);
insert into STATION values (3088, '5', 1710, 246899.21, 5024221.90, 1438.93);
insert into STATION values (3089, '.', 1710, 246900.77, 5024220.68, 1438.78);
insert into STATION values (3090, '.', 1710, 246901.04, 5024221.40, 1438.77);
insert into STATION values (3091, '.', 1710, 246900.89, 5024222.14, 1438.95);
insert into STATION values (3092, '.', 1710, 246900.29, 5024222.91, 1439.16);
insert into STATION values (3093, '.', 1710, 246898.28, 5024224.06, 1439.11);
insert into STATION values (3094, '.', 1710, 246898.96, 5024225.04, 1439.08);
insert into STATION values (3095, '.', 1710, 246899.62, 5024225.30, 1438.89);
insert into STATION values (3096, '.', 1710, 246899.85, 5024223.19, 1439.02);
insert into STATION values (3097, '.', 1710, 246900.11, 5024224.91, 1439.19);
insert into STATION values (3098, '.', 1710, 246899.31, 5024221.34, 1443.81);
insert into STATION values (3099, '.', 1710, 246899.47, 5024222.71, 1445.47);
insert into STATION values (3100, '.', 1710, 246899.93, 5024220.74, 1467.95);
insert into STATION values (3101, '.', 1710, 246899.21, 5024221.80, 1442.18);
insert into STATION values (3102, '6', 1710, 246899.91, 5024220.95, 1469.89);
insert into STATION values (3103, '7', 1710, 246899.94, 5024223.17, 1439.02);
insert into STATION values (3104, '.', 1710, 246898.17, 5024223.21, 1438.82);
insert into STATION values (3105, '.', 1710, 246898.34, 5024224.25, 1438.90);
insert into STATION values (3106, '.', 1710, 246899.09, 5024225.00, 1438.81);
insert into STATION values (3107, '.', 1710, 246900.29, 5024225.25, 1439.04);
insert into STATION values (3108, '.', 1710, 246900.66, 5024224.31, 1438.91);
insert into STATION values (3109, '.', 1710, 246897.79, 5024223.19, 1457.04);
insert into STATION values (3110, '.', 1710, 246899.29, 5024224.76, 1436.89);
insert into STATION values (3111, '.', 1710, 246901.03, 5024225.49, 1435.85);
insert into STATION values (3112, '.', 1710, 246900.31, 5024225.61, 1435.79);
insert into STATION values (3113, '.', 1710, 246901.40, 5024225.09, 1435.56);
insert into STATION values (3114, '8', 1710, 246899.59, 5024224.54, 1434.17);
insert into STATION values (3115, '.', 1710, 246900.58, 5024223.72, 1434.18);
insert into STATION values (3116, '.', 1710, 246901.74, 5024224.22, 1434.00);
insert into STATION values (3117, '.', 1710, 246900.85, 5024225.85, 1434.20);
insert into STATION values (3118, '.', 1710, 246901.54, 5024225.15, 1434.20);
insert into STATION values (3119, '.', 1710, 246899.31, 5024224.26, 1434.14);
insert into STATION values (3120, '.', 1710, 246901.10, 5024225.09, 1429.22);
insert into STATION values (3121, '.', 1710, 246899.81, 5024224.46, 1428.48);
insert into STATION values (3122, '.', 1710, 246901.19, 5024224.00, 1430.76);
insert into STATION values (3123, '.', 1710, 246900.08, 5024223.90, 1432.09);
insert into STATION values (3124, '.', 1710, 246900.77, 5024225.29, 1438.07);
insert into STATION values (3125, '.', 1710, 246900.75, 5024223.93, 1438.43);
insert into STATION values (3126, '.', 1710, 246899.96, 5024223.63, 1436.10);
insert into STATION values (3127, '9', 1710, 246899.49, 5024224.26, 1430.23);
insert into STATION values (3128, '.', 1710, 246901.43, 5024223.80, 1429.97);
insert into STATION values (3129, '.', 1710, 246901.03, 5024224.70, 1430.17);
insert into STATION values (3130, '.', 1710, 246900.58, 5024225.50, 1430.26);
insert into STATION values (3131, '.', 1710, 246901.03, 5024224.78, 1430.10);
insert into STATION values (3132, '10', 1710, 246899.72, 5024224.91, 1430.05);
insert into STATION values (3133, '.', 1710, 246899.20, 5024226.85, 1430.01);
insert into STATION values (3134, '.', 1710, 246898.76, 5024228.80, 1429.98);
insert into STATION values (3135, '.', 1710, 246899.60, 5024227.38, 1430.00);
insert into STATION values (3136, '.', 1710, 246900.28, 5024225.86, 1430.09);
insert into STATION values (3137, '11', 1710, 246899.89, 5024224.64, 1422.55);
insert into STATION values (3138, '.', 1710, 246896.49, 5024228.34, 1421.91);
insert into STATION values (3139, '.', 1710, 246897.07, 5024229.81, 1421.85);
insert into STATION values (3140, '.', 1710, 246899.45, 5024227.71, 1422.01);
insert into STATION values (3141, '.', 1710, 246900.40, 5024225.49, 1422.59);
insert into STATION values (3142, '.', 1710, 246900.98, 5024223.10, 1422.44);
insert into STATION values (3143, '.', 1710, 246901.93, 5024223.25, 1422.67);
insert into STATION values (3144, '.', 1710, 246901.23, 5024224.64, 1423.01);
insert into STATION values (3145, '12', 1710, 246902.41, 5024224.67, 1416.34);
insert into STATION values (3146, '.', 1710, 246902.50, 5024223.67, 1416.39);
insert into STATION values (3147, '.', 1710, 246901.48, 5024223.71, 1416.35);
insert into STATION values (3148, '.', 1710, 246900.53, 5024224.62, 1416.28);
insert into STATION values (3149, '.', 1710, 246899.55, 5024225.62, 1416.37);
insert into STATION values (3150, '.', 1710, 246896.85, 5024227.58, 1415.08);
insert into STATION values (3151, '.', 1710, 246896.73, 5024228.83, 1415.60);
insert into STATION values (3152, '.', 1710, 246901.47, 5024225.49, 1416.23);
insert into STATION values (3153, '.', 1710, 246901.97, 5024225.07, 1415.47);
insert into STATION values (3154, '13', 1710, 246901.45, 5024225.13, 1412.45);
insert into STATION values (3155, '.', 1710, 246901.01, 5024224.98, 1412.53);
insert into STATION values (3156, '.', 1710, 246901.85, 5024225.53, 1412.36);
insert into STATION values (3157, '.', 1710, 246903.41, 5024223.51, 1415.34);
insert into STATION values (3158, '.', 1710, 246901.91, 5024225.44, 1411.78);
insert into STATION values (3159, '.', 1710, 246901.33, 5024226.94, 1411.01);
insert into STATION values (3160, '14', 1710, 246901.28, 5024226.99, 1411.00);
insert into STATION values (3161, '.', 1710, 246900.31, 5024229.58, 1410.79);
insert into STATION values (3162, '.', 1710, 246899.61, 5024228.44, 1410.74);
insert into STATION values (3163, '.', 1710, 246899.54, 5024227.29, 1410.88);
insert into STATION values (3164, '.', 1710, 246900.56, 5024226.44, 1410.97);
insert into STATION values (3165, '.', 1710, 246901.29, 5024226.13, 1410.91);
insert into STATION values (3166, '.', 1710, 246897.13, 5024229.79, 1420.15);
insert into STATION values (3167, '.', 1710, 246898.89, 5024228.76, 1412.45);
insert into STATION values (3168, '.', 1710, 246896.94, 5024229.03, 1419.30);
insert into STATION values (3169, '.', 1710, 246897.36, 5024228.80, 1423.05);
insert into STATION values (3170, '.', 1710, 246900.35, 5024229.67, 1404.66);
insert into STATION values (3171, '.', 1710, 246900.42, 5024227.45, 1404.76);
insert into STATION values (3172, '.', 1710, 246902.44, 5024229.22, 1403.11);
insert into STATION values (3173, '.', 1710, 246902.73, 5024227.28, 1404.03);
insert into STATION values (3174, '15', 1710, 246902.17, 5024228.25, 1388.85);
insert into STATION values (3175, '16', 1710, 246903.93, 5024226.98, 1389.91);
insert into STATION values (3176, '0', 1802, 246982.45, 5024215.24, 1183.36);
insert into STATION values (3177, '.', 1802, 246981.06, 5024214.64, 1183.56);
insert into STATION values (3178, '.', 1802, 246979.76, 5024216.62, 1183.30);
insert into STATION values (3179, '.', 1802, 246979.92, 5024219.58, 1183.21);
insert into STATION values (3180, '.', 1802, 246982.86, 5024220.94, 1183.22);
insert into STATION values (3181, '.', 1802, 246984.77, 5024216.91, 1183.37);
insert into STATION values (3182, '.', 1802, 246984.85, 5024215.57, 1183.45);
insert into STATION values (3183, '.', 1802, 246985.27, 5024213.64, 1183.36);
insert into STATION values (3184, '.', 1802, 246982.24, 5024215.63, 1181.47);
insert into STATION values (3185, '.', 1802, 246982.41, 5024214.84, 1193.26);
insert into STATION values (3186, '.', 1802, 246983.50, 5024220.32, 1215.06);
insert into STATION values (3187, '.', 1802, 246983.93, 5024222.12, 1196.27);
insert into STATION values (3188, '.', 1802, 246983.66, 5024221.03, 1190.39);
insert into STATION values (3189, '1', 1802, 246978.87, 5024218.28, 1192.46);
insert into STATION values (3190, '.', 1802, 246981.65, 5024213.64, 1192.47);
insert into STATION values (3191, '.', 1802, 246982.22, 5024216.51, 1192.45);
insert into STATION values (3192, '.', 1802, 246982.54, 5024218.31, 1192.62);
insert into STATION values (3193, '.', 1802, 246979.84, 5024219.68, 1192.44);
insert into STATION values (3194, '.', 1802, 246981.09, 5024219.15, 1192.70);
insert into STATION values (3195, '.', 1802, 246981.13, 5024219.51, 1214.64);
insert into STATION values (3196, '2', 1802, 246974.56, 5024220.39, 1198.14);
insert into STATION values (3197, '.', 1802, 246971.76, 5024221.39, 1198.23);
insert into STATION values (3198, '.', 1802, 246972.98, 5024219.45, 1198.11);
insert into STATION values (3199, '.', 1802, 246974.06, 5024219.33, 1198.14);
insert into STATION values (3200, '.', 1802, 246974.29, 5024217.44, 1198.21);
insert into STATION values (3201, '.', 1802, 246975.32, 5024218.07, 1198.07);
insert into STATION values (3202, '.', 1802, 246980.90, 5024215.34, 1198.56);
insert into STATION values (3203, '.', 1802, 246975.89, 5024213.31, 1198.36);
insert into STATION values (3204, '.', 1802, 246974.03, 5024220.10, 1196.56);
insert into STATION values (3205, '.', 1802, 246974.46, 5024220.69, 1203.58);
insert into STATION values (3206, '3', 1802, 246973.10, 5024221.86, 1203.87);
insert into STATION values (3207, '.', 1802, 246973.57, 5024221.39, 1203.92);
insert into STATION values (3208, '.', 1802, 246972.81, 5024221.35, 1203.91);
insert into STATION values (3209, '.', 1802, 246973.06, 5024222.33, 1203.90);
insert into STATION values (3210, '.', 1802, 246967.95, 5024222.12, 1204.34);
insert into STATION values (3211, '.', 1802, 246970.68, 5024222.63, 1204.13);
insert into STATION values (3212, '.', 1802, 246969.63, 5024222.80, 1205.84);
insert into STATION values (3213, '4', 1802, 246969.72, 5024222.94, 1205.14);
insert into STATION values (3214, '.', 1802, 246973.34, 5024221.88, 1197.01);
insert into STATION values (3215, '.', 1802, 246972.22, 5024221.40, 1213.27);
insert into STATION values (3216, '.', 1802, 246966.25, 5024218.39, 1204.27);
insert into STATION values (3217, '.', 1802, 246966.98, 5024217.25, 1204.40);
insert into STATION values (3218, '.', 1802, 246969.23, 5024219.05, 1204.91);
insert into STATION values (3219, '.', 1802, 246971.12, 5024220.04, 1204.58);
insert into STATION values (3220, '.', 1802, 246971.99, 5024221.22, 1204.89);
insert into STATION values (3221, '5', 1802, 246968.58, 5024221.26, 1216.28);
insert into STATION values (3222, '.', 1802, 246967.17, 5024221.08, 1216.34);
insert into STATION values (3223, '.', 1802, 246967.99, 5024221.90, 1216.34);
insert into STATION values (3224, '.', 1802, 246968.91, 5024222.41, 1216.14);
insert into STATION values (3225, '.', 1802, 246968.00, 5024222.23, 1216.27);
insert into STATION values (3226, '.', 1802, 246968.62, 5024221.82, 1203.80);
insert into STATION values (3227, '.', 1802, 246968.56, 5024221.41, 1218.13);
insert into STATION values (3228, '6', 1802, 246968.51, 5024221.90, 1217.93);
insert into STATION values (3229, '7', 1802, 246964.75, 5024220.89, 1218.88);
insert into STATION values (3230, '.', 1802, 246965.29, 5024221.64, 1218.93);
insert into STATION values (3231, '.', 1802, 246967.01, 5024221.60, 1218.46);
insert into STATION values (3232, '.', 1802, 246965.53, 5024221.49, 1217.35);
insert into STATION values (3233, '.', 1802, 246965.08, 5024221.11, 1221.19);
insert into STATION values (3234, '.', 1802, 246963.54, 5024222.07, 1227.68);
insert into STATION values (3235, '.', 1802, 246962.39, 5024219.32, 1218.90);
insert into STATION values (3236, '.', 1802, 246959.77, 5024218.98, 1219.07);
insert into STATION values (3237, '.', 1802, 246951.68, 5024220.06, 1218.84);
insert into STATION values (3238, '.', 1802, 246961.03, 5024221.71, 1218.91);
insert into STATION values (3239, '.', 1802, 246956.51, 5024221.55, 1218.90);
insert into STATION values (3240, '8', 1802, 246961.55, 5024221.01, 1218.87);
insert into STATION values (3241, '.', 1802, 246961.55, 5024218.79, 1218.85);
insert into STATION values (3242, '.', 1802, 246962.41, 5024219.03, 1218.99);
insert into STATION values (3243, '.', 1802, 246964.33, 5024220.13, 1218.94);
insert into STATION values (3244, '.', 1802, 246957.90, 5024217.95, 1218.77);
insert into STATION values (3245, '.', 1802, 246953.64, 5024219.23, 1218.03);
insert into STATION values (3246, '.', 1802, 246953.08, 5024222.06, 1217.71);
insert into STATION values (3247, '.', 1802, 246958.95, 5024221.74, 1218.61);
insert into STATION values (3248, '.', 1802, 246953.40, 5024221.69, 1214.16);
insert into STATION values (3249, '.', 1802, 246957.57, 5024221.33, 1214.54);
insert into STATION values (3250, '.', 1802, 246961.45, 5024220.75, 1218.19);
insert into STATION values (3251, '.', 1802, 246961.29, 5024219.83, 1230.58);
insert into STATION values (3252, '.', 1802, 246961.58, 5024221.79, 1218.90);
insert into STATION values (3253, '.', 1802, 246963.14, 5024221.58, 1219.30);
insert into STATION values (3254, '9', 1802, 246953.75, 5024218.92, 1226.75);
insert into STATION values (3255, '.', 1802, 246951.79, 5024218.48, 1226.93);
insert into STATION values (3256, '.', 1802, 246953.11, 5024217.85, 1226.54);
insert into STATION values (3257, '.', 1802, 246954.19, 5024217.98, 1226.60);
insert into STATION values (3258, '.', 1802, 246957.76, 5024216.74, 1226.50);
insert into STATION values (3259, '.', 1802, 246963.78, 5024219.48, 1226.93);
insert into STATION values (3260, '.', 1802, 246954.10, 5024218.03, 1226.72);
insert into STATION values (3261, '10', 1802, 246950.51, 5024219.18, 1229.08);
insert into STATION values (3262, '.', 1802, 246950.40, 5024219.52, 1229.09);
insert into STATION values (3263, '.', 1802, 246950.24, 5024218.81, 1229.15);
insert into STATION values (3264, '.', 1802, 246950.10, 5024219.34, 1227.47);
insert into STATION values (3265, '.', 1802, 246949.85, 5024219.20, 1229.27);
insert into STATION values (3266, '.', 1802, 246949.47, 5024218.39, 1234.75);
insert into STATION values (3267, '11', 1802, 246949.87, 5024218.37, 1231.99);
insert into STATION values (3268, '.', 1802, 246949.89, 5024217.58, 1232.22);
insert into STATION values (3269, '.', 1802, 246949.20, 5024218.98, 1232.06);
insert into STATION values (3270, '.', 1802, 246945.63, 5024218.55, 1232.63);
insert into STATION values (3271, '.', 1802, 246944.90, 5024217.43, 1233.32);
insert into STATION values (3272, '.', 1802, 246954.79, 5024218.62, 1233.21);
insert into STATION values (3273, '.', 1802, 246953.15, 5024216.82, 1233.04);
insert into STATION values (3274, '.', 1802, 246948.42, 5024217.45, 1238.34);
insert into STATION values (3275, '12', 1802, 246945.66, 5024217.76, 1237.42);
insert into STATION values (3276, '.', 1802, 246943.77, 5024217.27, 1237.33);
insert into STATION values (3277, '.', 1802, 246944.36, 5024216.55, 1237.40);
insert into STATION values (3278, '.', 1802, 246945.28, 5024216.10, 1237.40);
insert into STATION values (3279, '.', 1802, 246945.96, 5024216.24, 1237.33);
insert into STATION values (3280, '.', 1802, 246948.26, 5024215.71, 1237.59);
insert into STATION values (3281, '.', 1802, 246948.93, 5024217.35, 1237.61);
insert into STATION values (3282, '13', 1802, 246942.94, 5024215.15, 1243.61);
insert into STATION values (3283, '.', 1802, 246944.67, 5024215.72, 1243.54);
insert into STATION values (3284, '.', 1802, 246943.47, 5024216.16, 1243.57);
insert into STATION values (3285, '.', 1802, 246941.51, 5024217.53, 1243.52);
insert into STATION values (3286, '.', 1802, 246937.32, 5024216.95, 1242.89);
insert into STATION values (3287, '.', 1802, 246943.18, 5024215.41, 1239.12);
insert into STATION values (3288, '.', 1802, 246941.50, 5024215.66, 1249.04);
insert into STATION values (3289, '14', 1802, 246935.82, 5024216.49, 1245.52);
insert into STATION values (3290, '.', 1802, 246930.34, 5024213.61, 1244.67);
insert into STATION values (3291, '.', 1802, 246934.57, 5024214.43, 1245.47);
insert into STATION values (3292, '.', 1802, 246936.56, 5024214.51, 1245.60);
insert into STATION values (3293, '.', 1802, 246938.55, 5024214.85, 1245.43);
insert into STATION values (3294, '.', 1802, 246935.44, 5024216.14, 1243.21);
insert into STATION values (3295, '.', 1802, 246935.22, 5024215.12, 1251.22);
insert into STATION values (3296, '15', 1802, 246933.52, 5024213.61, 1243.20);
insert into STATION values (3297, '.', 1802, 246933.72, 5024212.84, 1243.21);
insert into STATION values (3298, '.', 1802, 246933.18, 5024214.51, 1243.03);
insert into STATION values (3299, '.', 1802, 246929.60, 5024213.64, 1242.50);
insert into STATION values (3300, '.', 1802, 246935.75, 5024213.35, 1242.86);
insert into STATION values (3301, '.', 1802, 246942.83, 5024214.32, 1244.51);
insert into STATION values (3302, '.', 1802, 246934.48, 5024213.50, 1248.52);
insert into STATION values (3303, '.', 1802, 246931.23, 5024213.21, 1238.34);
insert into STATION values (3304, '16', 1802, 246931.05, 5024212.79, 1249.52);
insert into STATION values (3305, '.', 1802, 246930.97, 5024213.24, 1249.46);
insert into STATION values (3306, '.', 1802, 246932.67, 5024213.51, 1239.57);
insert into STATION values (3307, '.', 1802, 246931.38, 5024213.59, 1255.25);
insert into STATION values (3308, '.', 1802, 246925.98, 5024213.58, 1249.64);
insert into STATION values (3309, '17', 1802, 246927.46, 5024214.21, 1247.92);
insert into STATION values (3310, '.', 1802, 246925.15, 5024212.67, 1248.10);
insert into STATION values (3311, '.', 1802, 246925.62, 5024210.90, 1248.00);
insert into STATION values (3312, '.', 1802, 246927.41, 5024212.23, 1248.01);
insert into STATION values (3313, '.', 1802, 246928.69, 5024212.38, 1247.97);
insert into STATION values (3314, '.', 1802, 246927.22, 5024214.62, 1248.06);
insert into STATION values (3315, '.', 1802, 246928.97, 5024213.17, 1248.47);
insert into STATION values (3316, '.', 1802, 246935.15, 5024211.04, 1252.49);
insert into STATION values (3317, '.', 1802, 246927.41, 5024214.09, 1257.45);
insert into STATION values (3318, '.', 1802, 246927.99, 5024212.58, 1246.01);
insert into STATION values (3319, '18', 1802, 246927.20, 5024212.71, 1256.95);
insert into STATION values (3320, '.', 1802, 246927.58, 5024213.52, 1256.99);
insert into STATION values (3321, '.', 1802, 246927.99, 5024213.08, 1257.05);
insert into STATION values (3322, '.', 1802, 246929.74, 5024209.18, 1257.22);
insert into STATION values (3323, '.', 1802, 246927.60, 5024208.49, 1256.99);
insert into STATION values (3324, '.', 1802, 246927.22, 5024212.71, 1257.17);
insert into STATION values (3325, '.', 1802, 246927.27, 5024212.58, 1255.23);
insert into STATION values (3326, '.', 1802, 246926.59, 5024212.35, 1256.88);
insert into STATION values (3327, '.', 1802, 246926.47, 5024210.66, 1257.09);
insert into STATION values (3328, '19', 1802, 246928.44, 5024209.13, 1256.56);
insert into STATION values (3329, '.', 1802, 246929.97, 5024210.52, 1256.81);
insert into STATION values (3330, '.', 1802, 246929.83, 5024209.17, 1256.88);
insert into STATION values (3331, '.', 1802, 246928.36, 5024208.36, 1256.58);
insert into STATION values (3332, '.', 1802, 246923.38, 5024209.57, 1256.16);
insert into STATION values (3333, '.', 1802, 246921.53, 5024211.36, 1255.99);
insert into STATION values (3334, '.', 1802, 246925.78, 5024211.13, 1256.20);
insert into STATION values (3335, '.', 1802, 246927.19, 5024210.56, 1256.37);
insert into STATION values (3336, '.', 1802, 246928.03, 5024208.47, 1266.40);
insert into STATION values (3337, '.', 1802, 246928.71, 5024209.72, 1255.34);
insert into STATION values (3338, '20', 1802, 246923.70, 5024210.59, 1263.50);
insert into STATION values (3339, '.', 1802, 246923.74, 5024210.89, 1263.51);
insert into STATION values (3340, '.', 1802, 246923.69, 5024210.42, 1263.50);
insert into STATION values (3341, '.', 1802, 246917.38, 5024214.26, 1263.70);
insert into STATION values (3342, '.', 1802, 246928.06, 5024209.37, 1263.86);
insert into STATION values (3343, '.', 1802, 246920.30, 5024208.43, 1277.90);
insert into STATION values (3344, '.', 1802, 246923.21, 5024212.34, 1250.73);
insert into STATION values (3345, '21', 1802, 246921.36, 5024212.79, 1264.17);
insert into STATION values (3346, '.', 1802, 246920.53, 5024211.74, 1264.07);
insert into STATION values (3347, '.', 1802, 246918.36, 5024212.42, 1263.96);
insert into STATION values (3348, '.', 1802, 246916.93, 5024214.29, 1264.03);
insert into STATION values (3349, '.', 1802, 246921.66, 5024210.20, 1263.95);
insert into STATION values (3350, '.', 1802, 246922.40, 5024209.58, 1264.71);
insert into STATION values (3351, '22', 1802, 246917.62, 5024213.01, 1264.61);
insert into STATION values (3352, '.', 1802, 246915.93, 5024213.79, 1264.67);
insert into STATION values (3353, '.', 1802, 246917.67, 5024214.50, 1264.97);
insert into STATION values (3354, '.', 1802, 246920.28, 5024213.94, 1265.10);
insert into STATION values (3355, '.', 1802, 246910.07, 5024210.01, 1302.22);
insert into STATION values (3356, '.', 1802, 246922.03, 5024208.82, 1279.08);
insert into STATION values (3357, '.', 1802, 246922.40, 5024208.34, 1278.50);
insert into STATION values (3358, '.', 1802, 246918.01, 5024212.97, 1262.98);
insert into STATION values (3359, '23', 1802, 246915.39, 5024216.91, 1266.76);
insert into STATION values (3360, '.', 1802, 246915.38, 5024216.88, 1265.62);
insert into STATION values (3361, '.', 1802, 246914.81, 5024217.35, 1271.24);
insert into STATION values (3362, '.', 1802, 246914.08, 5024216.14, 1266.62);
insert into STATION values (3363, '.', 1802, 246915.60, 5024218.41, 1266.84);
insert into STATION values (3364, '.', 1802, 246913.53, 5024212.07, 1267.00);
insert into STATION values (3365, '.', 1802, 246911.69, 5024219.27, 1266.44);
insert into STATION values (3366, '.', 1802, 246913.63, 5024219.14, 1266.34);
insert into STATION values (3367, '24', 1802, 246913.65, 5024219.56, 1270.47);
insert into STATION values (3368, '.', 1802, 246912.07, 5024219.90, 1270.29);
insert into STATION values (3369, '.', 1802, 246911.62, 5024219.35, 1270.35);
insert into STATION values (3370, '.', 1802, 246912.58, 5024218.89, 1270.47);
insert into STATION values (3371, '.', 1802, 246913.45, 5024218.92, 1270.45);
insert into STATION values (3372, '.', 1802, 246915.72, 5024219.20, 1270.32);
insert into STATION values (3373, '.', 1802, 246916.62, 5024217.81, 1270.29);
insert into STATION values (3374, '.', 1802, 246915.83, 5024216.29, 1270.30);
insert into STATION values (3375, '.', 1802, 246913.46, 5024219.63, 1264.95);
insert into STATION values (3376, '.', 1802, 246913.15, 5024219.00, 1276.06);
insert into STATION values (3377, '25', 1802, 246913.20, 5024219.92, 1275.99);
insert into STATION values (3378, '.', 1802, 246913.11, 5024219.40, 1275.92);
insert into STATION values (3379, '.', 1802, 246914.40, 5024219.58, 1275.70);
insert into STATION values (3380, '.', 1802, 246910.96, 5024219.35, 1275.83);
insert into STATION values (3381, '.', 1802, 246913.16, 5024219.14, 1265.04);
insert into STATION values (3382, '.', 1802, 246913.44, 5024219.90, 1276.61);
insert into STATION values (3383, '26', 1802, 246910.49, 5024219.46, 1277.37);
insert into STATION values (3384, '.', 1802, 246910.38, 5024219.77, 1277.44);
insert into STATION values (3385, '.', 1802, 246910.81, 5024219.23, 1277.49);
insert into STATION values (3386, '.', 1802, 246908.80, 5024219.73, 1277.50);
insert into STATION values (3387, '.', 1802, 246911.53, 5024219.72, 1277.36);
insert into STATION values (3388, '.', 1802, 246910.01, 5024219.83, 1275.15);
insert into STATION values (3389, '.', 1802, 246910.24, 5024219.45, 1277.85);
insert into STATION values (3390, '27', 1802, 246908.94, 5024219.82, 1277.34);
insert into STATION values (3391, '.', 1802, 246909.05, 5024218.91, 1277.37);
insert into STATION values (3392, '.', 1802, 246908.88, 5024219.85, 1278.10);
insert into STATION values (3393, '.', 1802, 246909.49, 5024220.49, 1277.42);
insert into STATION values (3394, '.', 1802, 246908.63, 5024219.18, 1275.88);
insert into STATION values (3395, '.', 1802, 246907.34, 5024218.49, 1277.30);
insert into STATION values (3396, '28', 1802, 246906.16, 5024218.48, 1277.69);
insert into STATION values (3397, '.', 1802, 246905.99, 5024219.00, 1277.71);
insert into STATION values (3398, '.', 1802, 246906.16, 5024218.48, 1277.52);
insert into STATION values (3399, '.', 1802, 246905.40, 5024218.72, 1281.97);
insert into STATION values (3400, '.', 1802, 246901.45, 5024218.94, 1277.82);
insert into STATION values (3401, '.', 1802, 246909.37, 5024218.80, 1278.03);
insert into STATION values (3402, '29', 1802, 246900.02, 5024220.14, 1279.03);
insert into STATION values (3403, '.', 1802, 246899.88, 5024221.62, 1279.14);
insert into STATION values (3404, '.', 1802, 246900.90, 5024218.53, 1279.43);
insert into STATION values (3405, '.', 1802, 246902.07, 5024218.42, 1279.04);
insert into STATION values (3406, '.', 1802, 246903.00, 5024219.60, 1278.93);
insert into STATION values (3407, '.', 1802, 246901.70, 5024221.00, 1279.12);
insert into STATION values (3408, '.', 1802, 246900.95, 5024220.01, 1276.84);
insert into STATION values (3409, '.', 1802, 246903.06, 5024219.27, 1302.74);
insert into STATION values (3410, '30', 1802, 246901.68, 5024220.17, 1298.41);
insert into STATION values (3411, '.', 1802, 246901.60, 5024220.27, 1298.31);
insert into STATION values (3412, '.', 1802, 246901.56, 5024220.13, 1298.27);
insert into STATION values (3413, '.', 1802, 246902.17, 5024219.50, 1277.76);
insert into STATION values (3414, '.', 1802, 246901.52, 5024219.59, 1298.40);
insert into STATION values (3415, '.', 1802, 246898.31, 5024222.92, 1298.32);
insert into STATION values (3416, '.', 1802, 246906.84, 5024216.63, 1298.17);
insert into STATION values (3417, '.', 1802, 246901.12, 5024219.21, 1302.51);
insert into STATION values (3418, '31', 1802, 246898.08, 5024223.24, 1299.90);
insert into STATION values (3419, '.', 1802, 246897.66, 5024222.94, 1299.99);
insert into STATION values (3420, '.', 1802, 246893.97, 5024222.17, 1298.94);
insert into STATION values (3421, '.', 1802, 246896.30, 5024222.24, 1296.50);
insert into STATION values (3422, '.', 1802, 246898.04, 5024223.15, 1299.21);
insert into STATION values (3423, '.', 1802, 246899.08, 5024220.81, 1297.82);
insert into STATION values (3424, '.', 1802, 246901.31, 5024220.78, 1299.87);
insert into STATION values (3425, '.', 1802, 246898.04, 5024223.13, 1300.73);
insert into STATION values (3426, '32', 1802, 246897.27, 5024223.13, 1302.96);
insert into STATION values (3427, '.', 1802, 246897.19, 5024223.63, 1303.02);
insert into STATION values (3428, '.', 1802, 246898.32, 5024223.03, 1303.11);
insert into STATION values (3429, '.', 1802, 246896.67, 5024222.31, 1302.75);
insert into STATION values (3430, '.', 1802, 246897.11, 5024222.89, 1301.76);
insert into STATION values (3431, '.', 1802, 246897.04, 5024222.96, 1303.72);
insert into STATION values (3432, '.', 1802, 246895.76, 5024222.73, 1303.25);
insert into STATION values (3433, '33', 1802, 246895.75, 5024222.78, 1303.28);
insert into STATION values (3434, '.', 1802, 246895.56, 5024223.16, 1303.26);
insert into STATION values (3435, '.', 1802, 246895.64, 5024222.80, 1304.65);
insert into STATION values (3436, '.', 1802, 246895.37, 5024223.07, 1301.89);
insert into STATION values (3437, '.', 1802, 246894.65, 5024222.46, 1303.21);
insert into STATION values (3438, '.', 1802, 246893.47, 5024223.11, 1303.57);
insert into STATION values (3439, '34', 1802, 246891.54, 5024222.98, 1303.43);
insert into STATION values (3440, '.', 1802, 246891.41, 5024224.97, 1303.49);
insert into STATION values (3441, '.', 1802, 246885.23, 5024224.93, 1302.84);
insert into STATION values (3442, '.', 1802, 246890.17, 5024224.72, 1303.33);
insert into STATION values (3443, '.', 1802, 246892.62, 5024222.80, 1303.61);
insert into STATION values (3444, '.', 1802, 246892.67, 5024223.84, 1303.67);
insert into STATION values (3445, '.', 1802, 246891.56, 5024223.02, 1302.56);
insert into STATION values (3446, '.', 1802, 246889.76, 5024223.88, 1311.12);
insert into STATION values (3447, '35', 1802, 246890.03, 5024224.34, 1308.84);
insert into STATION values (3448, '.', 1802, 246890.19, 5024223.12, 1308.83);
insert into STATION values (3449, '.', 1802, 246888.76, 5024222.47, 1308.67);
insert into STATION values (3450, '.', 1802, 246890.27, 5024223.08, 1302.71);
insert into STATION values (3451, '.', 1802, 246892.80, 5024222.84, 1308.53);
insert into STATION values (3452, '.', 1802, 246890.59, 5024223.60, 1308.77);
insert into STATION values (3453, '.', 1802, 246889.67, 5024223.90, 1313.90);
insert into STATION values (3454, '36', 1802, 246886.91, 5024222.99, 1308.94);
insert into STATION values (3455, '.', 1802, 246886.85, 5024223.59, 1308.92);
insert into STATION values (3456, '.', 1802, 246884.10, 5024224.13, 1308.33);
insert into STATION values (3457, '.', 1802, 246881.58, 5024223.84, 1307.45);
insert into STATION values (3458, '.', 1802, 246883.87, 5024223.20, 1308.12);
insert into STATION values (3459, '.', 1802, 246886.97, 5024223.87, 1309.04);
insert into STATION values (3460, '.', 1802, 246886.43, 5024223.51, 1311.12);
insert into STATION values (3461, '.', 1802, 246886.37, 5024222.89, 1307.54);
insert into STATION values (3462, '37', 1802, 246882.65, 5024224.56, 1308.50);
insert into STATION values (3463, '.', 1802, 246881.88, 5024223.68, 1309.76);
insert into STATION values (3464, '.', 1802, 246880.11, 5024223.73, 1308.72);
insert into STATION values (3465, '.', 1802, 246881.04, 5024225.41, 1308.77);
insert into STATION values (3466, '.', 1802, 246883.11, 5024222.47, 1305.05);
insert into STATION values (3467, '.', 1802, 246883.31, 5024223.15, 1308.45);
insert into STATION values (3468, '.', 1802, 246886.01, 5024223.69, 1309.41);
insert into STATION values (3469, '.', 1802, 246881.46, 5024225.09, 1319.00);
insert into STATION values (3470, '38', 1802, 246879.73, 5024224.42, 1317.96);
insert into STATION values (3471, '.', 1802, 246879.66, 5024224.78, 1317.94);
insert into STATION values (3472, '.', 1802, 246878.50, 5024224.89, 1317.84);
insert into STATION values (3473, '.', 1802, 246887.03, 5024223.27, 1317.83);
insert into STATION values (3474, '.', 1802, 246882.38, 5024224.28, 1317.73);
insert into STATION values (3475, '39', 1802, 246879.48, 5024224.81, 1318.17);
insert into STATION values (3476, '40', 1802, 246875.59, 5024226.64, 1320.98);
insert into STATION values (3477, '.', 1802, 246876.80, 5024226.78, 1320.93);
insert into STATION values (3478, '.', 1802, 246879.58, 5024225.82, 1320.88);
insert into STATION values (3479, '.', 1802, 246879.67, 5024224.26, 1321.02);
insert into STATION values (3480, '.', 1802, 246877.53, 5024223.88, 1320.99);
insert into STATION values (3481, '.', 1802, 246875.90, 5024225.07, 1320.90);
insert into STATION values (3482, '.', 1802, 246875.29, 5024225.83, 1320.85);
insert into STATION values (3483, '.', 1802, 246876.88, 5024226.47, 1317.93);
insert into STATION values (3484, '.', 1802, 246875.84, 5024226.89, 1319.46);
insert into STATION values (3485, '.', 1802, 246877.76, 5024224.53, 1323.74);
insert into STATION values (3486, '.', 1802, 246877.05, 5024225.22, 1323.11);
insert into STATION values (3487, '41', 1802, 246873.15, 5024227.26, 1318.96);
insert into STATION values (3488, '.', 1802, 246872.87, 5024226.48, 1318.87);
insert into STATION values (3489, '.', 1802, 246872.38, 5024227.24, 1319.00);
insert into STATION values (3490, '.', 1802, 246872.95, 5024226.55, 1318.76);
insert into STATION values (3491, '.', 1802, 246873.74, 5024226.23, 1318.69);
insert into STATION values (3492, '.', 1802, 246873.80, 5024227.48, 1318.96);
insert into STATION values (3493, '.', 1802, 246873.15, 5024227.11, 1317.60);
insert into STATION values (3494, '.', 1802, 246872.42, 5024226.33, 1324.14);
insert into STATION values (3495, '.', 1802, 246873.35, 5024226.03, 1324.65);
insert into STATION values (3496, '42', 1802, 246872.33, 5024226.81, 1321.28);
insert into STATION values (3497, '.', 1802, 246872.21, 5024227.09, 1321.21);
insert into STATION values (3498, '.', 1802, 246872.20, 5024226.93, 1319.63);
insert into STATION values (3499, '.', 1802, 246871.51, 5024227.01, 1324.38);
insert into STATION values (3500, '.', 1802, 246868.11, 5024228.01, 1320.79);
insert into STATION values (3501, '.', 1802, 246873.80, 5024226.32, 1321.49);
insert into STATION values (3502, '43', 1802, 246868.47, 5024227.18, 1322.14);
insert into STATION values (3503, '.', 1802, 246868.02, 5024228.19, 1322.04);
insert into STATION values (3504, '.', 1802, 246868.77, 5024228.44, 1322.08);
insert into STATION values (3505, '.', 1802, 246869.41, 5024227.96, 1322.24);
insert into STATION values (3506, '.', 1802, 246872.30, 5024227.32, 1322.66);
insert into STATION values (3507, '.', 1802, 246868.71, 5024227.32, 1320.65);
insert into STATION values (3508, '.', 1802, 246869.13, 5024228.45, 1330.15);
insert into STATION values (3509, '44', 1802, 246866.73, 5024230.20, 1326.31);
insert into STATION values (3510, '.', 1802, 246862.92, 5024230.84, 1325.90);
insert into STATION values (3511, '.', 1802, 246865.01, 5024228.21, 1325.96);
insert into STATION values (3512, '.', 1802, 246866.47, 5024227.37, 1326.01);
insert into STATION values (3513, '.', 1802, 246868.23, 5024227.09, 1326.07);
insert into STATION values (3514, '.', 1802, 246866.48, 5024229.93, 1324.87);
insert into STATION values (3515, '.', 1802, 246865.98, 5024229.85, 1332.81);
insert into STATION values (3516, '45', 1802, 246863.48, 5024229.47, 1331.48);
insert into STATION values (3517, '.', 1802, 246863.86, 5024229.20, 1324.85);
insert into STATION values (3518, '.', 1802, 246866.57, 5024227.89, 1330.33);
insert into STATION values (3519, '.', 1802, 246864.14, 5024229.68, 1331.41);
insert into STATION values (3520, '.', 1802, 246863.77, 5024230.13, 1331.60);
insert into STATION values (3521, '.', 1802, 246863.15, 5024230.86, 1331.50);
insert into STATION values (3522, '.', 1802, 246863.86, 5024229.58, 1334.80);
insert into STATION values (3523, '46', 1802, 246862.83, 5024233.31, 1334.94);
insert into STATION values (3524, '.', 1802, 246862.97, 5024232.41, 1335.53);
insert into STATION values (3525, '.', 1802, 246864.98, 5024231.31, 1334.89);
insert into STATION values (3526, '.', 1802, 246866.42, 5024232.31, 1334.77);
insert into STATION values (3527, '.', 1802, 246866.43, 5024233.55, 1334.52);
insert into STATION values (3528, '.', 1802, 246863.90, 5024232.52, 1333.08);
insert into STATION values (3529, '.', 1802, 246862.06, 5024238.63, 1380.64);
insert into STATION values (3530, '.', 1802, 246862.98, 5024237.78, 1390.51);
insert into STATION values (3531, '47', 1802, 246861.79, 5024234.07, 1345.48);
insert into STATION values (3532, '.', 1802, 246862.69, 5024238.37, 1345.60);
insert into STATION values (3533, '.', 1802, 246864.44, 5024238.03, 1345.75);
insert into STATION values (3534, '.', 1802, 246866.15, 5024234.90, 1345.74);
insert into STATION values (3535, '.', 1802, 246865.41, 5024231.64, 1346.28);
insert into STATION values (3536, '.', 1802, 246863.25, 5024233.08, 1333.42);
insert into STATION values (3537, '.', 1802, 246860.87, 5024240.32, 1374.25);
insert into STATION values (3538, '48', 1802, 246860.04, 5024239.00, 1355.09);
insert into STATION values (3539, '.', 1802, 246857.26, 5024240.51, 1354.94);
insert into STATION values (3540, '.', 1802, 246857.56, 5024237.93, 1355.06);
insert into STATION values (3541, '.', 1802, 246859.45, 5024236.97, 1354.86);
insert into STATION values (3542, '.', 1802, 246858.43, 5024235.09, 1354.59);
insert into STATION values (3543, '.', 1802, 246860.87, 5024232.67, 1354.19);
insert into STATION values (3544, '.', 1802, 246863.21, 5024236.87, 1354.53);
insert into STATION values (3545, '.', 1802, 246862.82, 5024238.39, 1354.63);
insert into STATION values (3546, '.', 1802, 246861.16, 5024232.10, 1333.70);
insert into STATION values (3547, '.', 1802, 246862.67, 5024232.13, 1339.52);
insert into STATION values (3548, '.', 1802, 246862.63, 5024232.61, 1346.54);
insert into STATION values (3549, '.', 1802, 246861.72, 5024232.04, 1359.46);
insert into STATION values (3550, '.', 1802, 246861.93, 5024232.13, 1368.44);
insert into STATION values (3551, '.', 1802, 246862.41, 5024231.74, 1379.75);
insert into STATION values (3552, '49', 1802, 246860.16, 5024238.83, 1366.42);
insert into STATION values (3553, '.', 1802, 246863.93, 5024238.17, 1366.29);
insert into STATION values (3554, '.', 1802, 246860.82, 5024239.30, 1366.41);
insert into STATION values (3555, '.', 1802, 246859.69, 5024239.73, 1366.53);
insert into STATION values (3556, '.', 1802, 246858.20, 5024239.95, 1366.74);
insert into STATION values (3557, '.', 1802, 246852.81, 5024242.17, 1367.60);
insert into STATION values (3558, '.', 1802, 246863.54, 5024233.73, 1366.78);
insert into STATION values (3559, '.', 1802, 246860.53, 5024239.77, 1366.77);
insert into STATION values (3560, '.', 1802, 246862.55, 5024238.51, 1390.22);
insert into STATION values (3561, '50', 1802, 246860.16, 5024240.42, 1378.10);
insert into STATION values (3562, '.', 1802, 246857.93, 5024239.43, 1378.65);
insert into STATION values (3563, '.', 1802, 246858.62, 5024237.56, 1378.22);
insert into STATION values (3564, '.', 1802, 246861.62, 5024237.81, 1378.70);
insert into STATION values (3565, '.', 1802, 246859.66, 5024236.03, 1378.80);
insert into STATION values (3566, '.', 1802, 246858.83, 5024237.23, 1378.58);
insert into STATION values (3567, '.', 1802, 246859.40, 5024239.40, 1382.68);
insert into STATION values (3568, '51', 1802, 246858.23, 5024240.85, 1379.43);
insert into STATION values (3569, '.', 1802, 246858.75, 5024241.22, 1379.53);
insert into STATION values (3570, '.', 1802, 246859.25, 5024240.80, 1379.47);
insert into STATION values (3571, '.', 1802, 246857.78, 5024241.92, 1379.50);
insert into STATION values (3572, '.', 1802, 246855.84, 5024242.19, 1379.54);
insert into STATION values (3573, '52', 1802, 246856.51, 5024242.43, 1382.62);
insert into STATION values (3574, '.', 1802, 246855.29, 5024244.95, 1383.11);
insert into STATION values (3575, '.', 1802, 246856.64, 5024243.12, 1382.73);
insert into STATION values (3576, '.', 1802, 246856.94, 5024242.77, 1382.68);
insert into STATION values (3577, '.', 1802, 246857.98, 5024241.78, 1382.77);
insert into STATION values (3578, '.', 1802, 246857.67, 5024239.76, 1382.76);
insert into STATION values (3579, '.', 1802, 246855.97, 5024241.10, 1382.85);
insert into STATION values (3580, '.', 1802, 246854.48, 5024241.31, 1382.48);
insert into STATION values (3581, '53', 1802, 246854.86, 5024242.77, 1387.23);
insert into STATION values (3582, '.', 1802, 246856.49, 5024240.43, 1387.64);
insert into STATION values (3583, '.', 1802, 246859.89, 5024241.34, 1376.14);
insert into STATION values (3584, '.', 1802, 246855.35, 5024242.80, 1387.30);
insert into STATION values (3585, '.', 1802, 246855.21, 5024243.38, 1387.36);
insert into STATION values (3586, '.', 1802, 246858.48, 5024239.28, 1387.53);
insert into STATION values (3587, '.', 1802, 246854.97, 5024242.68, 1388.24);
insert into STATION values (3588, '.', 1802, 246855.01, 5024242.78, 1382.73);
insert into STATION values (3589, '.', 1802, 246854.13, 5024246.52, 1387.80);
insert into STATION values (3590, '54', 1802, 246854.62, 5024244.69, 1388.64);
insert into STATION values (3591, '.', 1802, 246853.90, 5024244.32, 1388.73);
insert into STATION values (3592, '.', 1802, 246854.28, 5024244.03, 1388.62);
insert into STATION values (3593, '.', 1802, 246853.83, 5024244.68, 1388.74);
insert into STATION values (3594, '.', 1802, 246854.40, 5024244.70, 1387.27);
insert into STATION values (3595, '.', 1802, 246853.87, 5024249.29, 1389.29);
insert into STATION values (3596, '55', 1802, 246852.91, 5024243.89, 1393.23);
insert into STATION values (3597, '.', 1802, 246853.33, 5024244.05, 1393.26);
insert into STATION values (3598, '.', 1802, 246853.13, 5024243.74, 1393.25);
insert into STATION values (3599, '.', 1802, 246852.30, 5024244.53, 1393.47);
insert into STATION values (3600, '56', 1802, 246852.69, 5024243.24, 1398.33);
insert into STATION values (3601, '.', 1802, 246852.50, 5024242.77, 1398.33);
insert into STATION values (3602, '.', 1802, 246853.13, 5024242.62, 1398.12);
insert into STATION values (3603, '.', 1802, 246851.96, 5024243.92, 1398.12);
insert into STATION values (3604, '.', 1802, 246852.72, 5024243.18, 1398.51);
insert into STATION values (3605, '57', 1802, 246848.16, 5024244.29, 1397.16);
insert into STATION values (3606, '.', 1802, 246846.81, 5024246.34, 1396.76);
insert into STATION values (3607, '.', 1802, 246848.46, 5024246.82, 1397.01);
insert into STATION values (3608, '.', 1802, 246849.98, 5024245.62, 1397.33);
insert into STATION values (3609, '.', 1802, 246851.26, 5024243.78, 1397.52);
insert into STATION values (3610, '.', 1802, 246848.98, 5024243.21, 1397.51);
insert into STATION values (3611, '.', 1802, 246847.78, 5024244.67, 1393.36);
insert into STATION values (3612, '.', 1802, 246846.51, 5024244.81, 1410.45);
insert into STATION values (3613, '58', 1802, 246845.70, 5024246.58, 1393.77);
insert into STATION values (3614, '.', 1802, 246845.46, 5024246.08, 1393.83);
insert into STATION values (3615, '.', 1802, 246845.81, 5024245.83, 1393.89);
insert into STATION values (3616, '.', 1802, 246844.23, 5024246.36, 1393.81);
insert into STATION values (3617, '.', 1802, 246844.80, 5024247.07, 1400.46);
insert into STATION values (3618, '.', 1802, 246845.74, 5024246.29, 1390.86);
insert into STATION values (3619, '59', 1802, 246838.81, 5024249.62, 1390.44);
insert into STATION values (3620, '.', 1802, 246838.79, 5024249.10, 1390.53);
insert into STATION values (3621, '.', 1802, 246837.26, 5024248.73, 1396.79);
insert into STATION values (3622, '.', 1802, 246838.55, 5024249.42, 1386.00);
insert into STATION values (3623, '60', 1802, 246835.62, 5024251.16, 1389.54);
insert into STATION values (3624, '.', 1802, 246835.60, 5024251.90, 1389.57);
insert into STATION values (3625, '.', 1802, 246833.82, 5024252.68, 1389.22);
insert into STATION values (3626, '.', 1802, 246831.30, 5024252.62, 1388.45);
insert into STATION values (3627, '.', 1802, 246835.25, 5024251.39, 1387.06);
insert into STATION values (3628, '.', 1802, 246834.95, 5024251.56, 1396.48);
insert into STATION values (3629, '61', 1802, 246835.76, 5024252.07, 1389.81);
insert into STATION values (3630, '.', 1802, 246831.27, 5024253.97, 1389.81);
insert into STATION values (3631, '.', 1802, 246834.33, 5024252.14, 1389.81);
insert into STATION values (3632, '.', 1802, 246835.54, 5024251.30, 1389.66);
insert into STATION values (3633, '.', 1802, 246836.07, 5024251.32, 1389.64);
insert into STATION values (3634, '62', 1802, 246835.02, 5024252.47, 1395.10);
insert into STATION values (3635, '.', 1802, 246835.79, 5024252.37, 1395.15);
insert into STATION values (3636, '.', 1802, 246835.44, 5024253.33, 1395.21);
insert into STATION values (3637, '.', 1802, 246832.75, 5024253.63, 1395.63);
insert into STATION values (3638, '.', 1802, 246834.07, 5024253.65, 1395.35);
insert into STATION values (3639, '63', 1802, 246835.86, 5024254.10, 1400.85);
insert into STATION values (3640, '.', 1802, 246835.28, 5024253.77, 1400.87);
insert into STATION values (3641, '.', 1802, 246834.55, 5024254.10, 1400.86);
insert into STATION values (3642, '.', 1802, 246832.78, 5024255.10, 1401.07);
insert into STATION values (3643, '.', 1802, 246835.96, 5024254.85, 1401.04);
insert into STATION values (3644, '.', 1802, 246836.35, 5024255.69, 1405.26);
insert into STATION values (3645, '.', 1802, 246835.50, 5024254.85, 1414.06);
insert into STATION values (3646, '.', 1802, 246836.67, 5024252.54, 1401.15);
insert into STATION values (3647, '64', 1802, 246832.05, 5024256.09, 1402.54);
insert into STATION values (3648, '.', 1802, 246830.85, 5024256.58, 1402.56);
insert into STATION values (3649, '.', 1802, 246831.41, 5024256.96, 1402.77);
insert into STATION values (3650, '.', 1802, 246832.17, 5024257.21, 1402.68);
insert into STATION values (3651, '.', 1802, 246832.91, 5024256.71, 1402.56);
insert into STATION values (3652, '.', 1802, 246833.02, 5024256.64, 1413.30);
insert into STATION values (3653, '.', 1802, 246831.84, 5024256.36, 1401.27);
insert into STATION values (3654, '65', 1802, 246831.72, 5024256.47, 1409.05);
insert into STATION values (3655, '.', 1802, 246831.58, 5024256.24, 1409.04);
insert into STATION values (3656, '.', 1802, 246837.82, 5024254.61, 1411.15);
insert into STATION values (3657, '.', 1802, 246831.76, 5024256.37, 1409.65);
insert into STATION values (3658, '.', 1802, 246828.41, 5024256.79, 1409.20);
insert into STATION values (3659, '66', 1802, 246829.58, 5024256.98, 1409.81);
insert into STATION values (3660, '.', 1802, 246829.15, 5024258.34, 1409.88);
insert into STATION values (3661, '.', 1802, 246826.47, 5024258.03, 1410.12);
insert into STATION values (3662, '.', 1802, 246829.29, 5024260.12, 1420.06);
insert into STATION values (3663, '.', 1802, 246829.23, 5024257.11, 1408.36);
insert into STATION values (3664, '67', 1802, 246826.01, 5024258.91, 1410.61);
insert into STATION values (3665, '.', 1802, 246826.72, 5024260.30, 1410.73);
insert into STATION values (3666, '.', 1802, 246826.32, 5024260.86, 1412.20);
insert into STATION values (3667, '.', 1802, 246825.71, 5024260.84, 1419.07);
insert into STATION values (3668, '.', 1802, 246825.40, 5024260.60, 1413.73);
insert into STATION values (3669, '.', 1802, 246821.68, 5024260.78, 1410.70);
insert into STATION values (3670, '.', 1802, 246823.93, 5024261.25, 1410.47);
insert into STATION values (3671, '.', 1802, 246825.68, 5024259.51, 1409.34);
insert into STATION values (3672, '.', 1802, 246826.26, 5024258.85, 1409.37);
insert into STATION values (3673, '.', 1802, 246825.79, 5024259.75, 1409.21);
insert into STATION values (3674, '.', 1802, 246829.27, 5024256.86, 1410.58);
insert into STATION values (3675, '.', 1802, 246827.75, 5024258.75, 1410.65);
insert into STATION values (3676, '.', 1802, 246829.52, 5024260.24, 1414.61);
insert into STATION values (3677, '.', 1802, 246827.97, 5024261.32, 1417.86);
insert into STATION values (3678, '.', 1802, 246828.82, 5024257.66, 1405.62);
insert into STATION values (3679, '.', 1802, 246827.87, 5024258.41, 1405.77);
insert into STATION values (3680, '68', 1802, 246821.60, 5024260.35, 1414.04);
insert into STATION values (3681, '.', 1802, 246821.51, 5024259.82, 1414.02);
insert into STATION values (3682, '.', 1802, 246819.88, 5024261.41, 1413.97);
insert into STATION values (3683, '.', 1802, 246822.09, 5024261.49, 1414.06);
insert into STATION values (3684, '.', 1802, 246821.97, 5024260.51, 1414.12);
insert into STATION values (3685, '.', 1802, 246824.02, 5024258.87, 1413.92);
insert into STATION values (3686, '.', 1802, 246823.75, 5024258.00, 1398.23);
insert into STATION values (3687, '.', 1802, 246821.20, 5024261.61, 1415.01);
insert into STATION values (3688, '.', 1802, 246821.00, 5024261.39, 1415.98);
insert into STATION values (3689, '.', 1802, 246819.23, 5024260.76, 1416.20);
insert into STATION values (3690, '.', 1802, 246820.45, 5024259.81, 1417.17);
insert into STATION values (3691, '69', 1802, 246820.30, 5024261.00, 1418.99);
insert into STATION values (3692, '.', 1802, 246820.07, 5024260.59, 1418.94);
insert into STATION values (3693, '.', 1802, 246834.73, 5024253.98, 1420.67);
insert into STATION values (3694, '.', 1802, 246821.34, 5024260.08, 1419.28);
insert into STATION values (3695, '.', 1802, 246819.02, 5024260.34, 1418.94);
insert into STATION values (3696, '.', 1802, 246817.15, 5024261.22, 1418.55);
insert into STATION values (3697, '.', 1802, 246815.78, 5024262.64, 1418.48);
insert into STATION values (3698, '71', 1802, 246819.35, 5024258.50, 1427.00);
insert into STATION values (3699, '.', 1802, 246820.32, 5024260.07, 1426.73);
insert into STATION values (3700, '.', 1802, 246819.32, 5024259.49, 1426.77);
insert into STATION values (3701, '.', 1802, 246818.95, 5024258.87, 1426.91);
insert into STATION values (3702, '.', 1802, 246819.26, 5024258.26, 1426.95);
insert into STATION values (3703, '.', 1802, 246819.28, 5024258.64, 1427.82);
insert into STATION values (3704, '72', 1802, 246816.49, 5024258.91, 1427.69);
insert into STATION values (3705, '.', 1802, 246816.25, 5024257.55, 1427.73);
insert into STATION values (3706, '.', 1802, 246817.49, 5024257.16, 1427.59);
insert into STATION values (3707, '.', 1802, 246817.97, 5024258.14, 1427.83);
insert into STATION values (3708, '.', 1802, 246816.60, 5024257.37, 1431.76);
insert into STATION values (3709, '.', 1802, 246816.64, 5024258.83, 1426.76);
insert into STATION values (3710, '.', 1802, 246816.66, 5024259.29, 1427.66);
insert into STATION values (3711, '73', 1802, 246814.97, 5024260.43, 1428.36);
insert into STATION values (3712, '.', 1802, 246814.83, 5024259.94, 1428.32);
insert into STATION values (3713, '.', 1802, 246813.50, 5024261.20, 1428.09);
insert into STATION values (3714, '.', 1802, 246814.87, 5024260.66, 1427.16);
insert into STATION values (3715, '.', 1802, 246814.72, 5024260.21, 1429.14);
insert into STATION values (3716, '.', 1802, 246814.39, 5024260.69, 1428.62);
insert into STATION values (3717, '.', 1802, 246812.42, 5024261.57, 1429.54);
insert into STATION values (3718, '.', 1802, 246814.00, 5024260.87, 1428.81);
insert into STATION values (3719, '.', 1802, 246814.90, 5024260.04, 1428.30);
insert into STATION values (3720, '.', 1802, 246814.95, 5024260.50, 1427.14);
insert into STATION values (3721, '.', 1802, 246814.52, 5024260.19, 1430.84);
insert into STATION values (3722, '74', 1802, 246809.19, 5024263.19, 1427.22);
insert into STATION values (3723, '.', 1802, 246811.14, 5024264.04, 1427.34);
insert into STATION values (3724, '.', 1802, 246812.82, 5024261.73, 1427.43);
insert into STATION values (3725, '.', 1802, 246810.51, 5024260.30, 1427.44);
insert into STATION values (3726, '.', 1802, 246809.08, 5024261.31, 1427.49);
insert into STATION values (3727, '.', 1802, 246808.90, 5024262.36, 1427.41);
insert into STATION values (3728, '.', 1802, 246808.85, 5024262.72, 1427.48);
insert into STATION values (3729, '.', 1802, 246810.38, 5024262.20, 1425.62);
insert into STATION values (3730, '.', 1802, 246810.03, 5024263.92, 1435.81);
insert into STATION values (3731, '.', 1802, 246812.06, 5024262.13, 1435.81);
insert into STATION values (3732, '75', 1802, 246811.19, 5024262.06, 1433.21);
insert into STATION values (3733, '.', 1802, 246812.60, 5024263.57, 1433.20);
insert into STATION values (3734, '.', 1802, 246811.71, 5024264.46, 1433.10);
insert into STATION values (3735, '.', 1802, 246813.60, 5024263.11, 1433.10);
insert into STATION values (3736, '.', 1802, 246812.68, 5024263.25, 1425.67);
insert into STATION values (3737, '.', 1802, 246811.04, 5024262.26, 1434.77);
insert into STATION values (3738, '.', 1802, 246810.23, 5024261.91, 1433.21);
insert into STATION values (3739, '.', 1802, 246810.31, 5024262.46, 1433.14);
insert into STATION values (3740, '.', 1802, 246810.25, 5024261.02, 1433.05);
insert into STATION values (3741, '.', 1802, 246810.29, 5024261.56, 1433.27);
insert into STATION values (3742, '76', 1802, 246808.79, 5024260.21, 1435.76);
insert into STATION values (3743, '.', 1802, 246810.76, 5024260.65, 1435.41);
insert into STATION values (3744, '.', 1802, 246810.36, 5024261.87, 1435.61);
insert into STATION values (3745, '.', 1802, 246806.41, 5024260.86, 1436.44);
insert into STATION values (3746, '.', 1802, 246808.11, 5024261.33, 1435.97);
insert into STATION values (3747, '.', 1802, 246808.34, 5024260.39, 1434.34);
insert into STATION values (3748, '77', 1802, 246806.58, 5024260.74, 1442.78);
insert into STATION values (3749, '.', 1802, 246806.90, 5024260.73, 1442.77);
insert into STATION values (3750, '.', 1802, 246806.07, 5024260.72, 1443.02);
insert into STATION values (3751, '.', 1802, 246806.55, 5024259.46, 1443.50);
insert into STATION values (3752, '.', 1802, 246806.40, 5024260.20, 1444.80);
insert into STATION values (3753, '.', 1802, 246806.16, 5024261.60, 1442.84);
insert into STATION values (3754, '.', 1802, 246805.50, 5024261.71, 1442.95);
insert into STATION values (3755, '.', 1802, 246803.99, 5024261.72, 1443.74);
insert into STATION values (3756, '.', 1802, 246806.07, 5024260.94, 1442.97);
insert into STATION values (3757, '.', 1802, 246803.97, 5024261.71, 1443.74);
insert into STATION values (3758, '.', 1802, 246806.62, 5024260.40, 1442.81);
insert into STATION values (3759, '.', 1802, 246806.49, 5024261.08, 1442.77);
insert into STATION values (3760, '.', 1802, 246806.53, 5024261.01, 1441.42);
insert into STATION values (3761, '.', 1802, 246806.35, 5024260.72, 1443.99);
insert into STATION values (3762, '78', 1802, 246803.28, 5024260.96, 1445.40);
insert into STATION values (3763, '.', 1802, 246803.30, 5024261.69, 1445.37);
insert into STATION values (3764, '.', 1802, 246801.62, 5024262.63, 1445.59);
insert into STATION values (3765, '.', 1802, 246800.30, 5024261.90, 1445.78);
insert into STATION values (3766, '.', 1802, 246805.63, 5024260.19, 1444.98);
insert into STATION values (3767, '.', 1802, 246803.03, 5024262.90, 1459.93);
insert into STATION values (3768, '.', 1802, 246799.23, 5024264.46, 1448.88);
insert into STATION values (3769, '.', 1802, 246799.82, 5024264.88, 1451.64);
insert into STATION values (3770, '79', 1802, 246800.87, 5024264.42, 1448.95);
insert into STATION values (3771, '.', 1802, 246800.90, 5024263.25, 1448.95);
insert into STATION values (3772, '.', 1802, 246800.87, 5024264.30, 1446.82);
insert into STATION values (3773, '.', 1802, 246799.80, 5024264.83, 1457.93);
insert into STATION values (3774, '.', 1802, 246806.21, 5024261.21, 1448.76);
insert into STATION values (3775, '80', 1802, 246798.98, 5024265.43, 1456.68);
insert into STATION values (3776, '.', 1802, 246799.26, 5024265.74, 1456.67);
insert into STATION values (3777, '.', 1802, 246799.04, 5024265.56, 1452.99);
insert into STATION values (3778, '.', 1802, 246797.91, 5024265.26, 1456.03);
insert into STATION values (3779, '.', 1802, 246797.94, 5024265.18, 1461.16);
insert into STATION values (3780, '81', 1802, 246798.10, 5024264.80, 1459.61);
insert into STATION values (3781, '.', 1802, 246797.72, 5024264.96, 1459.64);
insert into STATION values (3782, '.', 1802, 246797.99, 5024264.74, 1460.32);
insert into STATION values (3783, '.', 1802, 246798.46, 5024264.11, 1458.19);
insert into STATION values (3784, '82', 1802, 246795.55, 5024261.07, 1461.61);
insert into STATION values (3785, '.', 1802, 246794.59, 5024261.94, 1461.56);
insert into STATION values (3786, '.', 1802, 246794.76, 5024262.51, 1461.60);
insert into STATION values (3787, '.', 1802, 246795.36, 5024262.94, 1461.64);
insert into STATION values (3788, '.', 1802, 246796.23, 5024262.02, 1461.64);
insert into STATION values (3789, '.', 1802, 246796.07, 5024261.05, 1461.62);
insert into STATION values (3790, '.', 1802, 246794.06, 5024261.47, 1460.98);
insert into STATION values (3791, '.', 1802, 246795.11, 5024261.95, 1465.69);
insert into STATION values (3792, '.', 1802, 246797.24, 5024263.63, 1459.48);
insert into STATION values (3793, '83', 1802, 246793.00, 5024261.66, 1468.50);
insert into STATION values (3794, '.', 1802, 246792.49, 5024261.09, 1468.50);
insert into STATION values (3795, '.', 1802, 246790.12, 5024261.82, 1468.47);
insert into STATION values (3796, '.', 1802, 246791.44, 5024261.53, 1466.64);
insert into STATION values (3797, '.', 1802, 246794.72, 5024258.75, 1468.18);
insert into STATION values (3798, '.', 1802, 246793.21, 5024259.90, 1468.31);
insert into STATION values (3799, '.', 1802, 246792.70, 5024261.35, 1473.44);
insert into STATION values (3800, '84', 1802, 246790.24, 5024262.48, 1469.92);
insert into STATION values (3801, '.', 1802, 246791.34, 5024262.37, 1469.82);
insert into STATION values (3802, '.', 1802, 246790.76, 5024262.88, 1470.01);
insert into STATION values (3803, '.', 1802, 246788.91, 5024262.94, 1469.86);
insert into STATION values (3804, '.', 1802, 246790.13, 5024262.60, 1469.91);
insert into STATION values (3805, '.', 1802, 246789.72, 5024263.04, 1469.86);
insert into STATION values (3806, '.', 1802, 246790.31, 5024262.63, 1466.70);
insert into STATION values (3807, '.', 1802, 246790.32, 5024262.35, 1473.13);
insert into STATION values (3808, '85', 1802, 246789.38, 5024262.86, 1477.29);
insert into STATION values (3809, '.', 1802, 246789.45, 5024263.10, 1477.06);
insert into STATION values (3810, '.', 1802, 246789.00, 5024262.39, 1476.82);
insert into STATION values (3811, '.', 1802, 246795.84, 5024257.75, 1468.39);
insert into STATION values (3812, '.', 1802, 246790.15, 5024262.30, 1475.71);
insert into STATION values (3813, '.', 1802, 246790.33, 5024261.70, 1472.94);
insert into STATION values (3814, '.', 1802, 246785.62, 5024263.79, 1474.14);
insert into STATION values (3815, '.', 1802, 246785.69, 5024263.68, 1474.02);
insert into STATION values (3816, '.', 1802, 246788.58, 5024262.72, 1477.35);
insert into STATION values (3817, '.', 1802, 246787.77, 5024264.01, 1478.26);
insert into STATION values (3818, '86', 1802, 246785.42, 5024264.55, 1478.93);
insert into STATION values (3819, '.', 1802, 246785.26, 5024264.08, 1479.00);
insert into STATION values (3820, '.', 1802, 246785.35, 5024264.96, 1475.15);
insert into STATION values (3821, '.', 1802, 246785.24, 5024264.45, 1481.34);
insert into STATION values (3822, '87', 1802, 246782.97, 5024266.10, 1479.58);
insert into STATION values (3823, '.', 1802, 246782.95, 5024265.66, 1479.61);
insert into STATION values (3824, '.', 1802, 246782.91, 5024266.18, 1477.07);
insert into STATION values (3825, '.', 1802, 246782.69, 5024266.28, 1484.07);
insert into STATION values (3826, '.', 1802, 246780.81, 5024266.92, 1479.73);
insert into STATION values (3827, '.', 1802, 246780.92, 5024267.40, 1481.52);
insert into STATION values (3828, '.', 1802, 246780.65, 5024267.34, 1482.41);
insert into STATION values (3829, '88', 1802, 246780.32, 5024267.42, 1483.38);
insert into STATION values (3830, '.', 1802, 246780.66, 5024267.50, 1483.45);
insert into STATION values (3831, '.', 1802, 246780.70, 5024267.17, 1483.44);
insert into STATION values (3832, '.', 1802, 246780.91, 5024266.84, 1479.74);
insert into STATION values (3833, '.', 1802, 246779.53, 5024268.07, 1483.05);
insert into STATION values (3834, '.', 1802, 246779.73, 5024267.77, 1482.58);
insert into STATION values (3835, '89', 1802, 246779.78, 5024269.41, 1484.83);
insert into STATION values (3836, '.', 1802, 246779.45, 5024269.19, 1484.81);
insert into STATION values (3837, '.', 1802, 246779.51, 5024269.57, 1486.07);
insert into STATION values (3838, '.', 1802, 246779.77, 5024269.48, 1483.87);
insert into STATION values (3839, '90', 1802, 246777.35, 5024272.01, 1486.37);
insert into STATION values (3840, '.', 1802, 246777.44, 5024272.29, 1486.37);
insert into STATION values (3841, '.', 1802, 246777.18, 5024272.22, 1485.76);
insert into STATION values (3842, '.', 1802, 246777.36, 5024272.12, 1486.88);
insert into STATION values (3843, '91', 1802, 246775.19, 5024274.03, 1487.77);
insert into STATION values (3844, '.', 1802, 246775.11, 5024273.60, 1487.80);
insert into STATION values (3845, '.', 1802, 246775.15, 5024273.81, 1486.98);
insert into STATION values (3846, '.', 1802, 246774.96, 5024273.81, 1488.60);
insert into STATION values (3847, '92', 1802, 246772.45, 5024276.14, 1488.84);
insert into STATION values (3848, '.', 1802, 246772.73, 5024276.38, 1488.77);
insert into STATION values (3849, '.', 1802, 246772.61, 5024276.22, 1489.27);
insert into STATION values (3850, '.', 1802, 246772.47, 5024276.09, 1488.01);
insert into STATION values (3851, '.', 1802, 246769.88, 5024277.07, 1490.01);
insert into STATION values (3852, '93', 1802, 246770.50, 5024277.16, 1489.84);
insert into STATION values (3853, '.', 1802, 246769.78, 5024276.58, 1489.92);
insert into STATION values (3854, '.', 1802, 246770.13, 5024277.22, 1489.85);
insert into STATION values (3855, '.', 1802, 246770.18, 5024277.22, 1489.27);
insert into STATION values (3856, '.', 1802, 246766.15, 5024278.15, 1500.94);
insert into STATION values (3857, '94', 1802, 246768.03, 5024276.98, 1493.57);
insert into STATION values (3858, '.', 1802, 246766.56, 5024278.52, 1493.86);
insert into STATION values (3859, '.', 1802, 246768.09, 5024278.41, 1493.65);
insert into STATION values (3860, '.', 1802, 246770.24, 5024277.07, 1493.77);
insert into STATION values (3861, '.', 1802, 246769.61, 5024273.97, 1493.84);
insert into STATION values (3862, '.', 1802, 246768.47, 5024272.67, 1493.86);
insert into STATION values (3863, '.', 1802, 246769.53, 5024274.25, 1493.41);
insert into STATION values (3864, '.', 1802, 246768.60, 5024274.77, 1493.37);
insert into STATION values (3865, '.', 1802, 246767.81, 5024274.82, 1493.53);
insert into STATION values (3866, '.', 1802, 246767.20, 5024275.41, 1493.49);
insert into STATION values (3867, '.', 1802, 246769.54, 5024275.74, 1491.18);
insert into STATION values (3868, '.', 1802, 246768.76, 5024275.25, 1509.30);
insert into STATION values (3869, '.', 1802, 246770.85, 5024273.97, 1498.63);
insert into STATION values (3870, '.', 1802, 246771.05, 5024276.26, 1504.89);
insert into STATION values (3871, '95', 1802, 246767.06, 5024274.65, 1503.16);
insert into STATION values (3872, '.', 1802, 246765.75, 5024276.23, 1503.31);
insert into STATION values (3873, '.', 1802, 246766.55, 5024277.06, 1503.26);
insert into STATION values (3874, '.', 1802, 246767.89, 5024278.62, 1502.69);
insert into STATION values (3875, '.', 1802, 246771.51, 5024276.23, 1503.11);
insert into STATION values (3876, '.', 1802, 246769.51, 5024276.96, 1508.94);
insert into STATION values (3877, '96', 1802, 246767.39, 5024274.92, 1511.61);
insert into STATION values (3878, '.', 1802, 246768.88, 5024276.05, 1511.35);
insert into STATION values (3879, '.', 1802, 246767.27, 5024275.89, 1511.68);
insert into STATION values (3880, '.', 1802, 246766.56, 5024274.67, 1511.91);
insert into STATION values (3881, '.', 1802, 246766.16, 5024275.28, 1511.92);
insert into STATION values (3882, '.', 1802, 246766.40, 5024274.66, 1510.92);
insert into STATION values (3883, '.', 1802, 246765.54, 5024274.75, 1513.60);
insert into STATION values (3884, '97', 1802, 246765.52, 5024275.51, 1514.35);
insert into STATION values (3885, '.', 1802, 246766.00, 5024274.51, 1514.76);
insert into STATION values (3886, '.', 1802, 246765.55, 5024275.79, 1514.49);
insert into STATION values (3887, '.', 1802, 246766.23, 5024275.14, 1514.38);
insert into STATION values (3888, '.', 1802, 246765.79, 5024275.43, 1512.91);
insert into STATION values (3889, '.', 1802, 246765.54, 5024275.53, 1515.20);
insert into STATION values (3890, '98', 1802, 246765.32, 5024275.50, 1515.71);
insert into STATION values (3891, '.', 1802, 246765.48, 5024275.97, 1515.68);
insert into STATION values (3892, '.', 1802, 246764.96, 5024275.93, 1515.64);
insert into STATION values (3893, '.', 1802, 246764.52, 5024275.26, 1515.64);
insert into STATION values (3894, '.', 1802, 246765.10, 5024274.32, 1515.66);
insert into STATION values (3895, '99', 1802, 246764.45, 5024277.45, 1516.84);
insert into STATION values (3896, '.', 1802, 246763.89, 5024276.92, 1516.93);
insert into STATION values (3897, '.', 1802, 246764.45, 5024277.49, 1516.37);
insert into STATION values (3898, '.', 1802, 246765.08, 5024277.34, 1516.55);
insert into STATION values (3899, '.', 1802, 246764.49, 5024277.51, 1517.08);
insert into STATION values (3900, '100', 1802, 246765.49, 5024279.94, 1515.88);
insert into STATION_FLAG values(3900, 'ent');
insert into STATION values (3901, '0', 2219, 246821.38, 5024255.43, 1490.04);
insert into STATION values (3902, '.', 2219, 246821.45, 5024255.33, 1488.49);
insert into STATION values (3903, '.', 2219, 246822.09, 5024255.11, 1487.38);
insert into STATION values (3904, '.', 2219, 246821.74, 5024255.05, 1487.18);
insert into STATION values (3905, '.', 2219, 246821.30, 5024255.63, 1489.96);
insert into STATION values (3906, '.', 2219, 246820.96, 5024255.46, 1489.97);
insert into STATION values (3907, '.', 2219, 246821.84, 5024255.61, 1489.91);
insert into STATION values (3908, '1', 2219, 246821.09, 5024256.07, 1490.64);
insert into STATION values (3909, '.', 2219, 246821.27, 5024255.94, 1490.71);
insert into STATION values (3910, '.', 2219, 246820.16, 5024256.27, 1492.51);
insert into STATION values (3911, '.', 2219, 246820.49, 5024255.41, 1490.77);
insert into STATION values (3912, '.', 2219, 246821.40, 5024255.96, 1490.06);
insert into STATION values (3913, '.', 2219, 246822.66, 5024257.10, 1490.55);
insert into STATION values (3914, '.', 2219, 246822.34, 5024256.88, 1490.57);
insert into STATION values (3915, '2', 2219, 246822.34, 5024256.88, 1490.57);
insert into STATION values (3916, '.', 2219, 246822.17, 5024256.67, 1490.84);
insert into STATION values (3917, '.', 2219, 246822.18, 5024257.10, 1491.06);
insert into STATION values (3918, '.', 2219, 246822.40, 5024257.03, 1490.61);
insert into STATION values (3919, '3', 2219, 246823.64, 5024260.01, 1491.38);
insert into STATION values (3920, '.', 2219, 246821.09, 5024260.10, 1503.17);
insert into STATION values (3921, '.', 2219, 246820.75, 5024259.75, 1491.44);
insert into STATION values (3922, '.', 2219, 246821.64, 5024259.21, 1491.33);
insert into STATION values (3923, '.', 2219, 246820.92, 5024256.99, 1491.07);
insert into STATION values (3924, '.', 2219, 246823.23, 5024257.79, 1491.12);
insert into STATION values (3925, '.', 2219, 246823.91, 5024258.07, 1491.22);
insert into STATION values (3926, '.', 2219, 246822.83, 5024259.40, 1489.28);
insert into STATION values (3927, '.', 2219, 246820.54, 5024258.01, 1495.22);
insert into STATION values (3928, '.', 2219, 246822.64, 5024258.63, 1495.82);
insert into STATION values (3929, '.', 2219, 246820.50, 5024259.68, 1496.86);
insert into STATION values (3930, '.', 2219, 246822.36, 5024261.00, 1506.54);
insert into STATION values (3931, '4', 2219, 246820.65, 5024257.19, 1490.85);
insert into STATION values (3932, '.', 2219, 246820.97, 5024258.33, 1490.87);
insert into STATION values (3933, '.', 2219, 246821.16, 5024260.64, 1501.52);
insert into STATION values (3934, '.', 2219, 246823.19, 5024260.11, 1490.90);
insert into STATION values (3935, '.', 2219, 246824.35, 5024258.44, 1490.70);
insert into STATION values (3936, '.', 2219, 246820.04, 5024257.68, 1490.71);
insert into STATION values (3937, '.', 2219, 246820.06, 5024258.14, 1490.93);
insert into STATION values (3938, '.', 2219, 246820.50, 5024257.62, 1490.09);
insert into STATION values (3939, '5', 2219, 246818.63, 5024258.07, 1497.03);
insert into STATION values (3940, '.', 2219, 246818.71, 5024257.80, 1497.01);
insert into STATION values (3941, '.', 2219, 246818.83, 5024258.54, 1497.04);
insert into STATION values (3942, '.', 2219, 246819.05, 5024257.97, 1497.05);
insert into STATION values (3943, '.', 2219, 246818.72, 5024258.00, 1497.42);
insert into STATION values (3944, '6', 2219, 246817.49, 5024258.31, 1498.77);
insert into STATION values (3945, '.', 2219, 246817.56, 5024258.51, 1498.79);
insert into STATION values (3946, '.', 2219, 246817.54, 5024257.71, 1498.65);
insert into STATION values (3947, '.', 2219, 246817.47, 5024258.30, 1498.02);
insert into STATION values (3948, '.', 2219, 246817.56, 5024258.23, 1499.11);
insert into STATION values (3949, '.', 2219, 246816.17, 5024258.30, 1500.33);
insert into STATION values (3950, '7', 2219, 246816.09, 5024258.31, 1500.44);
insert into STATION values (3951, '.', 2219, 246816.02, 5024258.37, 1498.77);
insert into STATION values (3952, '.', 2219, 246816.11, 5024258.07, 1500.44);
insert into STATION values (3953, '.', 2219, 246816.06, 5024258.41, 1504.02);
insert into STATION values (3954, '.', 2219, 246814.56, 5024257.89, 1501.44);
insert into STATION values (3955, '.', 2219, 246814.14, 5024258.27, 1505.28);
insert into STATION values (3956, '8', 2219, 246814.35, 5024258.28, 1504.78);
insert into STATION values (3957, '.', 2219, 246814.48, 5024257.75, 1504.89);
insert into STATION values (3958, '.', 2219, 246814.51, 5024257.83, 1504.84);
insert into STATION values (3959, '.', 2219, 246814.05, 5024258.44, 1507.17);
insert into STATION values (3960, '.', 2219, 246814.39, 5024258.21, 1501.14);
insert into STATION values (3961, '.', 2219, 246816.51, 5024258.76, 1502.91);
insert into STATION values (3962, '.', 2219, 246813.65, 5024257.44, 1504.96);
insert into STATION values (3963, '.', 2219, 246813.77, 5024257.59, 1505.63);
insert into STATION values (3964, '9', 2219, 246813.90, 5024257.69, 1505.59);
insert into STATION values (3965, '.', 2219, 246813.88, 5024258.10, 1505.49);
insert into STATION values (3966, '.', 2219, 246812.91, 5024257.73, 1505.61);
insert into STATION values (3967, '.', 2219, 246813.15, 5024258.46, 1505.51);
insert into STATION values (3968, '.', 2219, 246813.41, 5024257.22, 1503.53);
insert into STATION values (3969, '10', 2219, 246812.39, 5024258.42, 1508.18);
insert into STATION values (3970, '.', 2219, 246812.34, 5024257.99, 1508.21);
insert into STATION values (3971, '.', 2219, 246812.55, 5024258.43, 1505.93);
insert into STATION values (3972, '.', 2219, 246812.35, 5024258.45, 1509.60);
insert into STATION values (3973, '.', 2219, 246811.41, 5024258.05, 1508.41);
insert into STATION values (3974, '11', 2219, 246810.93, 5024258.41, 1511.52);
insert into STATION values (3975, '.', 2219, 246809.43, 5024264.80, 1511.69);
insert into STATION values (3976, '.', 2219, 246810.76, 5024264.76, 1511.60);
insert into STATION values (3977, '.', 2219, 246811.20, 5024263.37, 1511.28);
insert into STATION values (3978, '.', 2219, 246811.08, 5024261.07, 1511.38);
insert into STATION values (3979, '.', 2219, 246809.16, 5024260.86, 1508.84);
insert into STATION values (3980, '.', 2219, 246811.18, 5024259.47, 1508.61);
insert into STATION values (3981, '.', 2219, 246805.17, 5024260.47, 1516.90);
insert into STATION values (3982, '.', 2219, 246805.23, 5024265.48, 1520.02);
insert into STATION values (3983, '.', 2219, 246809.44, 5024262.97, 1516.79);
insert into STATION values (3984, '12', 2219, 246806.66, 5024265.76, 1523.23);
insert into STATION values (3985, '.', 2219, 246806.58, 5024263.72, 1523.03);
insert into STATION values (3986, '.', 2219, 246810.49, 5024262.56, 1523.00);
insert into STATION values (3987, '.', 2219, 246809.94, 5024264.90, 1523.26);
insert into STATION values (3988, '.', 2219, 246806.62, 5024265.77, 1523.39);
insert into STATION values (3989, '.', 2219, 246806.61, 5024265.77, 1523.41);
insert into STATION values (3990, '.', 2219, 246806.62, 5024265.77, 1523.40);
insert into STATION values (3991, '13', 2219, 246805.74, 5024264.57, 1526.53);
insert into STATION values (3992, '.', 2219, 246806.58, 5024266.62, 1526.62);
insert into STATION values (3993, '.', 2219, 246808.39, 5024265.58, 1526.58);
insert into STATION values (3994, '.', 2219, 246810.33, 5024263.54, 1527.01);
insert into STATION values (3995, '.', 2219, 246809.23, 5024261.18, 1527.01);
insert into STATION values (3996, '.', 2219, 246807.78, 5024262.65, 1542.26);
insert into STATION values (3997, '14', 2219, 246805.16, 5024267.28, 1531.07);
insert into STATION values (3998, '.', 2219, 246804.37, 5024266.12, 1531.15);
insert into STATION values (3999, '.', 2219, 246805.95, 5024263.06, 1531.45);
insert into STATION values (4000, '.', 2219, 246809.20, 5024261.21, 1531.75);
insert into STATION values (4001, '.', 2219, 246809.53, 5024264.72, 1531.81);
insert into STATION values (4002, '.', 2219, 246805.83, 5024265.71, 1547.06);
insert into STATION values (4003, '15', 2219, 246804.48, 5024266.07, 1532.80);
insert into STATION values (4004, '.', 2219, 246804.81, 5024267.33, 1532.87);
insert into STATION values (4005, '.', 2219, 246809.31, 5024263.94, 1532.67);
insert into STATION values (4006, '.', 2219, 246806.85, 5024266.61, 1532.76);
insert into STATION values (4007, '16', 2219, 246805.83, 5024267.14, 1544.47);
insert into STATION_FLAG values(4007, 'ent');
insert into STATION values (4008, '.', 2219, 246809.23, 5024259.57, 1541.41);
insert into STATION values (4009, '17', 2219, 246811.16, 5024269.25, 1544.01);
insert into STATION values (4010, '18', 2219, 246813.75, 5024270.09, 1544.37);
insert into STATION values (4011, '19', 2219, 246819.82, 5024271.69, 1537.04);
insert into STATION values (4012, '20', 2219, 246825.90, 5024272.69, 1523.30);
insert into STATION values (4013, '21', 2219, 246821.53, 5024279.79, 1517.81);
insert into STATION values (4014, '22', 2219, 246811.84, 5024280.89, 1513.22);
insert into STATION values (4015, '23', 2219, 246799.66, 5024282.72, 1508.62);
insert into STATION values (4016, '24', 2219, 246789.98, 5024282.19, 1509.87);
insert into STATION values (4017, '25', 2219, 246778.28, 5024282.51, 1512.13);
insert into STATION values (4018, '26', 2219, 246764.30, 5024282.69, 1515.50);
insert into STATION values (4019, '27', 2219, 246765.49, 5024279.94, 1515.88);
insert into STATION values (4020, '0', 2224, 246821.63, 5024243.58, 1556.54);
insert into STATION values (4021, '.', 2224, 246821.19, 5024240.16, 1556.97);
insert into STATION values (4022, '.', 2224, 246819.59, 5024238.82, 1556.17);
insert into STATION values (4023, '.', 2224, 246819.38, 5024242.59, 1556.36);
insert into STATION values (4024, '.', 2224, 246824.89, 5024242.18, 1555.96);
insert into STATION values (4025, '.', 2224, 246824.62, 5024244.14, 1556.47);
insert into STATION values (4026, '.', 2224, 246823.00, 5024245.87, 1556.82);
insert into STATION values (4027, '.', 2224, 246821.86, 5024246.64, 1556.69);
insert into STATION values (4028, '.', 2224, 246819.78, 5024243.55, 1568.76);
insert into STATION values (4029, '.', 2224, 246817.98, 5024248.45, 1560.00);
insert into STATION values (4030, '1', 2224, 246818.03, 5024248.42, 1560.03);
insert into STATION values (4031, '.', 2224, 246818.92, 5024249.56, 1560.07);
insert into STATION values (4032, '.', 2224, 246820.24, 5024248.58, 1559.81);
insert into STATION values (4033, '.', 2224, 246820.43, 5024246.96, 1560.01);
insert into STATION values (4034, '.', 2224, 246819.01, 5024244.83, 1559.97);
insert into STATION values (4035, '.', 2224, 246817.20, 5024245.90, 1560.43);
insert into STATION values (4036, '.', 2224, 246816.77, 5024248.98, 1560.38);
insert into STATION values (4037, '.', 2224, 246816.91, 5024247.50, 1560.23);
insert into STATION values (4038, '.', 2224, 246818.56, 5024246.77, 1567.91);
insert into STATION values (4039, '.', 2224, 246817.61, 5024247.91, 1562.63);
insert into STATION values (4040, '.', 2224, 246826.46, 5024242.59, 1555.08);
insert into STATION values (4041, '.', 2224, 246822.82, 5024242.45, 1557.16);
insert into STATION values (4042, '.', 2224, 246820.47, 5024239.50, 1556.69);
insert into STATION values (4043, '2', 2224, 246815.88, 5024250.34, 1563.48);
insert into STATION values (4044, '.', 2224, 246816.06, 5024250.55, 1563.47);
insert into STATION values (4045, '.', 2224, 246815.31, 5024249.80, 1563.65);
insert into STATION values (4046, '.', 2224, 246815.85, 5024250.34, 1562.92);
insert into STATION values (4047, '.', 2224, 246814.93, 5024250.26, 1563.90);
insert into STATION values (4048, '.', 2224, 246814.69, 5024251.46, 1563.87);
insert into STATION values (4049, '.', 2224, 246815.91, 5024250.96, 1563.48);
insert into STATION values (4050, '.', 2224, 246816.88, 5024248.76, 1563.49);
insert into STATION values (4051, '.', 2224, 246820.48, 5024249.40, 1561.00);
insert into STATION values (4052, '.', 2224, 246818.92, 5024249.84, 1561.03);
insert into STATION values (4053, '3', 2224, 246812.78, 5024251.62, 1564.82);
insert into STATION values (4054, '.', 2224, 246812.86, 5024249.78, 1565.11);
insert into STATION values (4055, '.', 2224, 246812.93, 5024251.78, 1565.19);
insert into STATION values (4056, '.', 2224, 246812.47, 5024250.84, 1566.71);
insert into STATION values (4057, '.', 2224, 246812.12, 5024250.17, 1566.10);
insert into STATION values (4058, '.', 2224, 246812.64, 5024251.33, 1564.15);
insert into STATION values (4059, '4', 2224, 246810.85, 5024251.31, 1567.69);
insert into STATION values (4060, '.', 2224, 246811.53, 5024252.06, 1566.11);
insert into STATION values (4061, '.', 2224, 246812.86, 5024251.48, 1564.98);
insert into STATION values (4062, '.', 2224, 246809.49, 5024253.16, 1566.58);
insert into STATION values (4063, '.', 2224, 246810.43, 5024250.79, 1567.10);
insert into STATION values (4064, '.', 2224, 246807.83, 5024251.26, 1570.18);
insert into STATION values (4065, '.', 2224, 246808.82, 5024251.17, 1568.59);
insert into STATION values (4066, '.', 2224, 246807.71, 5024250.45, 1568.35);
insert into STATION values (4067, '.', 2224, 246808.77, 5024251.98, 1567.95);
insert into STATION values (4068, '5', 2224, 246808.85, 5024252.80, 1567.80);
insert into STATION values (4069, '.', 2224, 246809.38, 5024253.10, 1567.87);
insert into STATION values (4070, '.', 2224, 246809.41, 5024254.47, 1567.62);
insert into STATION values (4071, '.', 2224, 246808.17, 5024254.73, 1567.77);
insert into STATION values (4072, '.', 2224, 246809.39, 5024249.95, 1568.11);
insert into STATION values (4073, '.', 2224, 246808.78, 5024252.92, 1568.76);
insert into STATION values (4074, '.', 2224, 246809.36, 5024253.94, 1557.95);
insert into STATION values (4075, '6', 2224, 246806.51, 5024253.44, 1568.59);
insert into STATION values (4076, '.', 2224, 246806.22, 5024252.87, 1570.99);
insert into STATION values (4077, '.', 2224, 246807.40, 5024250.97, 1569.99);
insert into STATION values (4078, '.', 2224, 246809.90, 5024250.72, 1568.61);
insert into STATION values (4079, '.', 2224, 246808.21, 5024252.64, 1568.32);
insert into STATION values (4080, '.', 2224, 246807.35, 5024253.67, 1568.68);
insert into STATION values (4081, '.', 2224, 246806.49, 5024253.83, 1569.37);
insert into STATION values (4082, '7', 2224, 246807.07, 5024254.29, 1567.33);
insert into STATION values (4083, '.', 2224, 246807.43, 5024254.80, 1567.55);
insert into STATION values (4084, '.', 2224, 246806.90, 5024253.99, 1567.24);
insert into STATION values (4085, '.', 2224, 246807.01, 5024253.98, 1564.37);
insert into STATION values (4086, '.', 2224, 246805.26, 5024254.83, 1567.30);
insert into STATION values (4087, '.', 2224, 246809.17, 5024252.52, 1567.14);
insert into STATION values (4088, '.', 2224, 246805.58, 5024254.93, 1566.11);
insert into STATION values (4089, '.', 2224, 246805.69, 5024255.18, 1565.35);
insert into STATION values (4090, '8', 2224, 246805.86, 5024255.02, 1568.07);
insert into STATION values (4091, '.', 2224, 246806.01, 5024254.29, 1563.69);
insert into STATION values (4092, '.', 2224, 246805.69, 5024254.32, 1568.08);
insert into STATION values (4093, '.', 2224, 246805.66, 5024254.74, 1568.08);
insert into STATION values (4094, '.', 2224, 246805.19, 5024254.04, 1568.01);
insert into STATION values (4095, '.', 2224, 246805.31, 5024254.91, 1567.95);
insert into STATION values (4096, '9', 2224, 246804.68, 5024254.07, 1568.60);
insert into STATION values (4097, '.', 2224, 246804.84, 5024254.41, 1568.54);
insert into STATION values (4098, '.', 2224, 246804.58, 5024254.27, 1567.42);
insert into STATION values (4099, '.', 2224, 246804.76, 5024254.43, 1569.66);
insert into STATION values (4100, '.', 2224, 246801.28, 5024253.52, 1569.70);
insert into STATION values (4101, '10', 2224, 246800.49, 5024253.37, 1569.96);
insert into STATION values (4102, '.', 2224, 246800.47, 5024253.37, 1568.68);
insert into STATION values (4103, '.', 2224, 246801.03, 5024250.98, 1569.57);
insert into STATION values (4104, '.', 2224, 246799.98, 5024251.90, 1569.98);
insert into STATION values (4105, '.', 2224, 246800.58, 5024252.75, 1570.88);
insert into STATION values (4106, '.', 2224, 246797.96, 5024252.13, 1571.60);
insert into STATION values (4107, '.', 2224, 246797.82, 5024252.34, 1571.96);
insert into STATION values (4108, '.', 2224, 246798.50, 5024252.85, 1571.49);
insert into STATION values (4109, '.', 2224, 246802.47, 5024254.68, 1570.05);
insert into STATION values (4110, '.', 2224, 246803.77, 5024253.86, 1570.10);
insert into STATION values (4111, '.', 2224, 246802.18, 5024253.04, 1570.14);
insert into STATION values (4112, '11', 2224, 246799.19, 5024252.51, 1570.31);
insert into STATION values (4113, '.', 2224, 246798.19, 5024252.89, 1570.43);
insert into STATION values (4114, '.', 2224, 246798.78, 5024253.34, 1570.41);
insert into STATION values (4115, '.', 2224, 246799.32, 5024253.44, 1570.53);
insert into STATION values (4116, '.', 2224, 246800.45, 5024253.23, 1570.14);
insert into STATION values (4117, '.', 2224, 246802.18, 5024252.44, 1569.96);
insert into STATION values (4118, '12', 2224, 246798.31, 5024252.82, 1573.28);
insert into STATION values (4119, 'cv.0', 2228, 246799.19, 5024252.51, 1570.31);
insert into STATION values (4120, '.', 2228, 246798.37, 5024252.98, 1570.34);
insert into STATION values (4121, '.', 2228, 246798.81, 5024253.30, 1570.36);
insert into STATION values (4122, '.', 2228, 246799.32, 5024253.51, 1570.39);
insert into STATION values (4123, '.', 2228, 246799.87, 5024253.08, 1570.37);
insert into STATION values (4124, '.', 2228, 246800.43, 5024253.23, 1570.36);
insert into STATION values (4125, '.', 2228, 246802.26, 5024252.87, 1570.27);
insert into STATION values (4126, '.', 2228, 246804.11, 5024253.47, 1570.20);
insert into STATION values (4127, 'cv.1', 2228, 246800.58, 5024253.12, 1569.95);
insert into STATION values (4128, '.', 2228, 246800.95, 5024253.36, 1569.97);
insert into STATION values (4129, '.', 2228, 246802.63, 5024254.36, 1569.96);
insert into STATION values (4130, '.', 2228, 246803.91, 5024253.97, 1570.04);
insert into STATION values (4131, '.', 2228, 246802.20, 5024252.97, 1570.08);
insert into STATION values (4132, '.', 2228, 246800.70, 5024250.21, 1569.83);
insert into STATION values (4133, '.', 2228, 246801.29, 5024251.06, 1569.75);
insert into STATION values (4134, '.', 2228, 246801.86, 5024251.92, 1569.78);
insert into STATION values (4135, '.', 2228, 246800.62, 5024253.10, 1568.65);
insert into STATION values (4136, '.', 2228, 246800.65, 5024252.66, 1570.88);
insert into STATION values (4137, 'cv.2', 2228, 246803.46, 5024254.02, 1569.46);
insert into STATION values (4138, '.', 2228, 246803.44, 5024254.27, 1569.47);
insert into STATION values (4139, '.', 2228, 246803.44, 5024253.98, 1571.13);
insert into STATION values (4140, '.', 2228, 246803.43, 5024253.63, 1569.43);
insert into STATION values (4141, '.', 2228, 246803.57, 5024253.91, 1568.00);
insert into STATION values (4142, 'cv.3', 2228, 246804.58, 5024254.00, 1568.63);
insert into STATION values (4143, '.', 2228, 246804.64, 5024254.49, 1568.64);
insert into STATION values (4144, '.', 2228, 246804.52, 5024254.36, 1567.55);
insert into STATION values (4145, '.', 2228, 246804.64, 5024253.97, 1569.08);
insert into STATION values (4146, '.', 2228, 246804.65, 5024254.26, 1569.72);
insert into STATION values (4147, 'cv.4', 2228, 246805.38, 5024254.03, 1568.46);
insert into STATION values (4148, '.', 2228, 246805.25, 5024254.37, 1568.48);
insert into STATION values (4149, '.', 2228, 246805.54, 5024253.91, 1566.90);
insert into STATION values (4150, '.', 2228, 246806.64, 5024254.16, 1564.10);
insert into STATION values (4151, '.', 2228, 246804.96, 5024253.82, 1567.28);
insert into STATION values (4152, '.', 2228, 246807.68, 5024254.75, 1568.10);
insert into STATION values (4153, '.', 2228, 246806.05, 5024254.64, 1568.42);
insert into STATION values (4154, '.', 2228, 246806.98, 5024254.63, 1567.69);
insert into STATION values (4155, '.', 2228, 246807.08, 5024254.72, 1566.74);
insert into STATION values (4156, '.', 2228, 246807.27, 5024254.84, 1565.73);
insert into STATION values (4157, '.', 2228, 246806.22, 5024255.02, 1567.77);
insert into STATION values (4158, '.', 2228, 246806.34, 5024255.07, 1567.05);
insert into STATION values (4159, '.', 2228, 246806.69, 5024254.75, 1566.03);
insert into STATION values (4160, 'cv.5', 2228, 246806.31, 5024254.41, 1568.68);
insert into STATION values (4161, '.', 2228, 246806.40, 5024254.58, 1564.10);
insert into STATION values (4162, '.', 2228, 246807.77, 5024254.37, 1564.70);
insert into STATION values (4163, '.', 2228, 246808.63, 5024253.95, 1565.05);
insert into STATION values (4164, '.', 2228, 246806.70, 5024254.01, 1567.89);
insert into STATION values (4165, '.', 2228, 246806.49, 5024253.89, 1568.37);
insert into STATION values (4166, '.', 2228, 246806.81, 5024254.52, 1568.09);
insert into STATION values (4167, '.', 2228, 246807.01, 5024254.81, 1568.35);
insert into STATION values (4168, '.', 2228, 246806.07, 5024253.96, 1569.34);
insert into STATION values (4169, '.', 2228, 246806.05, 5024254.70, 1568.60);
insert into STATION values (4170, 'cv.6', 2228, 246807.08, 5024254.51, 1566.26);
insert into STATION values (4171, '.', 2228, 246806.89, 5024254.20, 1566.25);
insert into STATION values (4172, '.', 2228, 246807.13, 5024254.47, 1564.17);
insert into STATION values (4173, '.', 2228, 246806.49, 5024254.17, 1568.75);
insert into STATION values (4174, '.', 2228, 246805.91, 5024254.52, 1566.14);
insert into STATION values (4175, '.', 2228, 246806.19, 5024254.70, 1566.26);
insert into STATION values (4176, '.', 2228, 246809.47, 5024252.36, 1565.96);
insert into STATION values (4177, '.', 2228, 246809.85, 5024252.01, 1564.69);
insert into STATION values (4178, '.', 2228, 246808.47, 5024252.38, 1565.39);
insert into STATION values (4179, 'cv.7', 2228, 246808.07, 5024253.73, 1566.70);
insert into STATION values (4180, '.', 2228, 246808.43, 5024253.26, 1566.56);
insert into STATION values (4181, '.', 2228, 246808.85, 5024252.52, 1565.10);
insert into STATION values (4182, '.', 2228, 246808.58, 5024252.60, 1563.56);
insert into STATION values (4183, '.', 2228, 246807.61, 5024253.24, 1566.27);
insert into STATION values (4184, '.', 2228, 246808.07, 5024253.90, 1564.69);
insert into STATION values (4185, 'cv.8', 2228, 246808.26, 5024252.41, 1566.18);
insert into STATION values (4186, '.', 2228, 246807.70, 5024253.05, 1566.14);
insert into STATION values (4187, '.', 2228, 246808.90, 5024254.15, 1551.07);
insert into STATION values (4188, '.', 2228, 246808.14, 5024252.35, 1566.17);
insert into STATION values (4189, '.', 2228, 246809.16, 5024253.12, 1566.01);
insert into STATION values (4190, 'cv.9', 2228, 246809.14, 5024254.85, 1550.71);
insert into STATION values (4191, '.', 2228, 246806.52, 5024255.23, 1552.91);
insert into STATION values (4192, '.', 2228, 246804.78, 5024253.98, 1554.22);
insert into STATION values (4193, '.', 2228, 246807.16, 5024253.78, 1552.78);
insert into STATION values (4194, '.', 2228, 246809.00, 5024255.58, 1551.62);
insert into STATION values (4195, '.', 2228, 246809.83, 5024255.30, 1550.82);
insert into STATION values (4196, '.', 2228, 246809.74, 5024254.65, 1550.75);
insert into STATION values (4197, '.', 2228, 246809.48, 5024254.03, 1552.65);
insert into STATION values (4198, '.', 2228, 246808.95, 5024255.22, 1559.04);
insert into STATION values (4199, '.', 2228, 246804.50, 5024254.34, 1562.09);
insert into STATION values (4200, '.', 2228, 246806.19, 5024254.47, 1561.38);
insert into STATION values (4201, '.', 2228, 246810.62, 5024257.09, 1555.94);
insert into STATION values (4202, '.', 2228, 246809.99, 5024256.11, 1558.04);
insert into STATION values (4203, '.', 2228, 246809.92, 5024255.80, 1560.29);
insert into STATION values (4204, '.', 2228, 246808.67, 5024255.55, 1552.89);
insert into STATION values (4205, '.', 2228, 246809.62, 5024253.96, 1553.54);
insert into STATION values (4206, 'cv.10', 2228, 246811.21, 5024256.86, 1546.75);
insert into STATION values (4207, '.', 2228, 246811.02, 5024256.71, 1550.70);
insert into STATION values (4208, '.', 2228, 246812.04, 5024256.18, 1547.24);
insert into STATION values (4209, '.', 2228, 246810.16, 5024257.17, 1547.03);
insert into STATION values (4210, '.', 2228, 246809.84, 5024256.17, 1547.52);
insert into STATION values (4211, '.', 2228, 246809.72, 5024254.68, 1548.26);
insert into STATION values (4212, '.', 2228, 246811.03, 5024255.61, 1547.56);
insert into STATION values (4213, '.', 2228, 246810.47, 5024256.05, 1549.36);
insert into STATION values (4214, 'cv.11', 2228, 246810.22, 5024257.53, 1547.68);
insert into STATION values (4215, '.', 2228, 246810.60, 5024257.81, 1547.70);
insert into STATION values (4216, '.', 2228, 246810.30, 5024257.48, 1549.49);
insert into STATION values (4217, '.', 2228, 246810.44, 5024257.87, 1545.56);
insert into STATION values (4218, 'cv.12', 2228, 246809.02, 5024258.91, 1544.92);
insert into STATION values (4219, '.', 2228, 246809.30, 5024259.14, 1544.92);
insert into STATION values (4220, '.', 2228, 246809.12, 5024258.83, 1543.65);
insert into STATION values (4221, '.', 2228, 246809.01, 5024259.06, 1547.38);
insert into STATION values (4222, '.', 2228, 246809.76, 5024257.94, 1545.34);
insert into STATION values (4223, '.', 2228, 246809.59, 5024258.14, 1545.56);
insert into STATION values (4224, '.', 2228, 246811.20, 5024256.16, 1548.13);
insert into STATION values (4225, '.', 2228, 246810.99, 5024256.40, 1549.00);
insert into STATION values (4226, '.', 2228, 246810.59, 5024257.05, 1546.13);
insert into STATION values (4227, '.', 2228, 246810.11, 5024257.71, 1545.34);
insert into STATION values (4228, 'cv.13', 2228, 246808.28, 5024260.59, 1543.45);
insert into STATION values (4229, '.', 2228, 246807.90, 5024260.30, 1543.60);
insert into STATION values (4230, '.', 2228, 246808.49, 5024260.74, 1543.47);
insert into STATION values (4231, '.', 2228, 246808.79, 5024263.62, 1510.24);
insert into STATION values (4232, '.', 2228, 246808.07, 5024260.63, 1545.13);
insert into STATION values (4233, 'cv.14', 2228, 246807.41, 5024260.61, 1541.03);
insert into STATION values (4234, '.', 2228, 246808.41, 5024261.19, 1541.05);
insert into STATION values (4235, '.', 2228, 246807.45, 5024261.80, 1542.01);
insert into STATION values (4236, '.', 2228, 246808.49, 5024260.04, 1535.45);
insert into STATION values (4237, '.', 2228, 246809.43, 5024263.59, 1506.78);
insert into STATION values (4238, '.', 2228, 246804.74, 5024268.25, 1542.27);
insert into STATION values (4239, '.', 2228, 246806.17, 5024266.49, 1541.65);
insert into STATION values (4240, '.', 2228, 246807.65, 5024262.87, 1541.57);
insert into STATION values (4241, '.', 2228, 246808.08, 5024261.92, 1541.17);
insert into STATION values (4242, '.', 2228, 246806.00, 5024267.68, 1533.21);
insert into STATION values (4243, '.', 2228, 246807.47, 5024266.21, 1534.28);
insert into STATION values (4244, '.', 2228, 246808.18, 5024262.36, 1538.28);
insert into STATION values (4245, '.', 2228, 246807.79, 5024266.05, 1534.34);
insert into STATION values (4246, '.', 2228, 246806.99, 5024266.19, 1528.21);
insert into STATION values (4247, 'cv.15', 2228, 246807.06, 5024264.66, 1542.33);
insert into STATION values (4248, '.', 2228, 246806.76, 5024268.75, 1543.66);
insert into STATION values (4249, '.', 2228, 246805.86, 5024264.40, 1542.40);
insert into STATION values (4250, '.', 2228, 246806.25, 5024264.42, 1544.85);
insert into STATION values (4251, '.', 2228, 246806.39, 5024262.77, 1541.84);
insert into STATION values (4252, '.', 2228, 246806.18, 5024263.95, 1542.18);
insert into STATION values (4253, '.', 2228, 246807.09, 5024264.60, 1542.10);
insert into STATION values (4254, '.', 2228, 246810.09, 5024261.14, 1508.44);
insert into STATION values (4255, 'cv.16', 2228, 246805.51, 5024267.59, 1543.25);
insert into STATION values (4256, 'cv.17', 2228, 246805.83, 5024267.14, 1544.47);
insert into STATION values (4257, '0', 2232, 246823.64, 5024260.01, 1491.38);
insert into STATION values (4258, '.', 2232, 246821.72, 5024259.27, 1491.39);
insert into STATION values (4259, '.', 2232, 246822.25, 5024257.95, 1491.53);
insert into STATION values (4260, '.', 2232, 246823.45, 5024258.21, 1491.52);
insert into STATION values (4261, '.', 2232, 246823.79, 5024259.76, 1491.43);
insert into STATION values (4262, '.', 2232, 246822.66, 5024259.57, 1488.92);
insert into STATION values (4263, '1', 2232, 246821.82, 5024260.16, 1500.04);
insert into STATION values (4264, '.', 2232, 246821.87, 5024261.01, 1499.99);
insert into STATION values (4265, '.', 2232, 246821.04, 5024260.59, 1499.97);
insert into STATION values (4266, '.', 2232, 246821.51, 5024261.06, 1500.10);
insert into STATION values (4267, '.', 2232, 246820.65, 5024260.24, 1499.97);
insert into STATION values (4268, '.', 2232, 246821.04, 5024259.58, 1499.96);
insert into STATION values (4269, '.', 2232, 246821.54, 5024259.46, 1500.01);
insert into STATION values (4270, '.', 2232, 246821.69, 5024260.67, 1504.85);
insert into STATION values (4271, '2', 2232, 246821.69, 5024260.67, 1504.85);
insert into STATION values (4272, '.', 2232, 246822.06, 5024261.19, 1504.99);
insert into STATION values (4273, '.', 2232, 246821.65, 5024261.35, 1504.98);
insert into STATION values (4274, '.', 2232, 246821.39, 5024261.23, 1504.88);
insert into STATION values (4275, '.', 2232, 246821.05, 5024261.08, 1504.84);
insert into STATION values (4276, '.', 2232, 246820.88, 5024260.70, 1504.82);
insert into STATION values (4277, '.', 2232, 246820.88, 5024261.01, 1504.81);
insert into STATION values (4278, '3', 2232, 246822.41, 5024262.70, 1510.53);
insert into STATION values (4279, '.', 2232, 246822.59, 5024262.62, 1510.41);
insert into STATION values (4280, '.', 2232, 246822.04, 5024263.04, 1510.43);
insert into STATION values (4281, '.', 2232, 246822.65, 5024263.23, 1510.30);
insert into STATION values (4282, '.', 2232, 246823.01, 5024263.01, 1510.56);
insert into STATION values (4283, '.', 2232, 246821.62, 5024264.00, 1514.13);
insert into STATION values (4284, '.', 2232, 246821.43, 5024263.52, 1512.64);
insert into STATION values (4285, '.', 2232, 246821.32, 5024263.23, 1512.35);
insert into STATION values (4286, '.', 2232, 246822.08, 5024264.01, 1512.64);
insert into STATION values (4287, '.', 2232, 246821.82, 5024264.18, 1514.13);
insert into STATION values (4288, '.', 2232, 246821.27, 5024263.71, 1514.09);
insert into STATION values (4289, '0', 2440, 246765.49, 5024279.94, 1515.88);
insert into STATION values (4290, '1', 2440, 246762.35, 5024286.68, 1513.46);
insert into STATION values (4291, '2', 2440, 246756.64, 5024295.95, 1511.13);
insert into STATION values (4292, '3', 2440, 246752.02, 5024306.81, 1510.46);
insert into STATION values (4293, '4', 2440, 246748.62, 5024316.22, 1511.55);
insert into STATION values (4294, '5', 2440, 246745.48, 5024325.90, 1514.05);
insert into STATION values (4295, '6', 2440, 246743.03, 5024335.87, 1516.93);
insert into STATION values (4296, '7', 2440, 246738.11, 5024348.94, 1520.70);
insert into STATION_FLAG values(4296, 'fix');
insert into STATION values (4297, 'SE.0', 2447, 246859.69, 5024237.31, 1507.87);
insert into STATION values (4298, '.', 2447, 246861.42, 5024236.27, 1507.87);
insert into STATION values (4299, '.', 2447, 246857.23, 5024238.14, 1507.74);
insert into STATION values (4300, '.', 2447, 246858.56, 5024237.02, 1512.99);
insert into STATION values (4301, '.', 2447, 246861.76, 5024236.99, 1501.49);
insert into STATION values (4302, '.', 2447, 246857.87, 5024234.70, 1510.87);
insert into STATION values (4303, '.', 2447, 246861.09, 5024236.13, 1508.51);
insert into STATION values (4304, '.', 2447, 246860.74, 5024234.85, 1508.57);
insert into STATION values (4305, '.', 2447, 246859.05, 5024235.68, 1507.91);
insert into STATION values (4306, '.', 2447, 246858.42, 5024237.28, 1507.77);
insert into STATION values (4307, '.', 2447, 246857.69, 5024238.61, 1506.10);
insert into STATION values (4308, '.', 2447, 246858.83, 5024237.57, 1505.57);
insert into STATION values (4309, '.', 2447, 246859.61, 5024236.80, 1500.79);
insert into STATION values (4310, '.', 2447, 246860.91, 5024235.98, 1500.56);
insert into STATION values (4311, '.', 2447, 246860.61, 5024236.20, 1501.17);
insert into STATION values (4312, '.', 2447, 246857.03, 5024236.99, 1514.70);
insert into STATION values (4313, 'SE.1', 2447, 246856.70, 5024234.11, 1514.95);
insert into STATION values (4314, '.', 2447, 246851.52, 5024229.97, 1514.57);
insert into STATION values (4315, '.', 2447, 246853.86, 5024233.16, 1514.91);
insert into STATION values (4316, '.', 2447, 246854.87, 5024234.43, 1514.86);
insert into STATION values (4317, '.', 2447, 246857.90, 5024234.28, 1514.90);
insert into STATION values (4318, '.', 2447, 246858.33, 5024235.49, 1514.99);
insert into STATION values (4319, '.', 2447, 246857.42, 5024235.81, 1514.83);
insert into STATION values (4320, '.', 2447, 246856.81, 5024234.20, 1513.60);
insert into STATION values (4321, '.', 2447, 246857.46, 5024234.60, 1526.41);
insert into STATION values (4322, 'SE.2', 2447, 246853.87, 5024232.86, 1514.82);
insert into STATION values (4323, '.', 2447, 246852.83, 5024229.31, 1514.28);
insert into STATION values (4324, '.', 2447, 246852.38, 5024229.85, 1508.87);
insert into STATION values (4325, '.', 2447, 246851.85, 5024230.16, 1505.66);
insert into STATION values (4326, '.', 2447, 246853.26, 5024231.68, 1510.22);
insert into STATION values (4327, '.', 2447, 246853.75, 5024232.52, 1512.34);
insert into STATION values (4328, '.', 2447, 246855.06, 5024233.82, 1509.41);
insert into STATION values (4329, '.', 2447, 246855.40, 5024232.50, 1514.70);
insert into STATION values (4330, '.', 2447, 246854.66, 5024231.40, 1514.74);
insert into STATION values (4331, '.', 2447, 246854.01, 5024229.80, 1514.66);
insert into STATION values (4332, '.', 2447, 246853.40, 5024229.00, 1521.42);
insert into STATION values (4333, '.', 2447, 246854.41, 5024231.40, 1522.74);
insert into STATION values (4334, '.', 2447, 246855.50, 5024233.98, 1522.02);
insert into STATION values (4335, '.', 2447, 246855.48, 5024234.34, 1515.24);
insert into STATION values (4336, '.', 2447, 246855.33, 5024234.88, 1514.22);
insert into STATION values (4337, 'SE.3', 2447, 246855.02, 5024232.27, 1523.22);
insert into STATION values (4338, '.', 2447, 246855.26, 5024233.16, 1523.43);
insert into STATION values (4339, '.', 2447, 246855.67, 5024233.06, 1523.49);
insert into STATION values (4340, '.', 2447, 246854.74, 5024232.64, 1523.21);
insert into STATION values (4341, '.', 2447, 246854.44, 5024232.19, 1523.21);
insert into STATION values (4342, '.', 2447, 246853.62, 5024231.43, 1523.21);
insert into STATION values (4343, '.', 2447, 246855.38, 5024232.81, 1522.91);
insert into STATION values (4344, '.', 2447, 246855.82, 5024233.16, 1528.55);
insert into STATION values (4345, '.', 2447, 246855.37, 5024233.07, 1528.94);
insert into STATION values (4346, 'SE.4', 2447, 246854.39, 5024232.70, 1528.45);
insert into STATION values (4347, '.', 2447, 246854.47, 5024232.40, 1528.42);
insert into STATION values (4348, '.', 2447, 246854.99, 5024232.55, 1528.40);
insert into STATION values (4349, '.', 2447, 246856.24, 5024232.91, 1527.96);
insert into STATION values (4350, '.', 2447, 246854.36, 5024232.33, 1528.45);
insert into STATION values (4351, '.', 2447, 246854.32, 5024232.63, 1527.69);
insert into STATION values (4352, '.', 2447, 246854.76, 5024232.55, 1523.29);
insert into STATION values (4353, '.', 2447, 246854.45, 5024232.69, 1529.32);
insert into STATION values (4354, '.', 2447, 246855.17, 5024232.63, 1528.99);
insert into STATION values (4355, 'SE.5', 2447, 246851.69, 5024231.74, 1529.71);
insert into STATION values (4356, '.', 2447, 246851.30, 5024233.60, 1529.94);
insert into STATION values (4357, '.', 2447, 246852.73, 5024232.82, 1529.65);
insert into STATION values (4358, '.', 2447, 246850.75, 5024233.32, 1530.51);
insert into STATION values (4359, '.', 2447, 246852.15, 5024232.12, 1534.00);
insert into STATION values (4360, '.', 2447, 246851.73, 5024232.01, 1528.16);
insert into STATION values (4361, '.', 2447, 246852.04, 5024231.44, 1529.75);
insert into STATION values (4362, '.', 2447, 246853.41, 5024231.75, 1529.67);
insert into STATION values (4363, '.', 2447, 246848.82, 5024229.18, 1532.06);
insert into STATION values (4364, '.', 2447, 246846.77, 5024228.86, 1533.83);
insert into STATION values (4365, '.', 2447, 246850.26, 5024231.26, 1530.98);
insert into STATION values (4366, '.', 2447, 246850.20, 5024231.71, 1531.21);
insert into STATION values (4367, 'SE.6', 2447, 246842.85, 5024233.07, 1537.88);
insert into STATION values (4368, '.', 2447, 246849.51, 5024233.47, 1532.31);
insert into STATION values (4369, '.', 2447, 246849.81, 5024231.76, 1531.83);
insert into STATION values (4370, '.', 2447, 246850.29, 5024229.61, 1531.16);
insert into STATION values (4371, '.', 2447, 246847.16, 5024228.65, 1533.19);
insert into STATION values (4372, '.', 2447, 246843.38, 5024229.62, 1536.10);
insert into STATION values (4373, '.', 2447, 246842.48, 5024231.59, 1537.52);
insert into STATION values (4374, '.', 2447, 246842.63, 5024231.66, 1540.45);
insert into STATION values (4375, '.', 2447, 246843.55, 5024233.43, 1535.85);
insert into STATION values (4376, '.', 2447, 246844.24, 5024232.65, 1535.17);
insert into STATION values (4377, '.', 2447, 246846.48, 5024232.23, 1533.68);
insert into STATION values (4378, '.', 2447, 246846.77, 5024230.65, 1533.14);
insert into STATION values (4379, '.', 2447, 246843.77, 5024231.31, 1535.40);
insert into STATION values (4380, '.', 2447, 246841.38, 5024232.20, 1536.72);
insert into STATION values (4381, '.', 2447, 246841.67, 5024233.60, 1536.73);
insert into STATION values (4382, 'SE.7', 2447, 246839.40, 5024234.41, 1539.11);
insert into STATION values (4383, '.', 2447, 246840.00, 5024234.78, 1539.25);
insert into STATION values (4384, '.', 2447, 246839.32, 5024234.14, 1539.10);
insert into STATION values (4385, '.', 2447, 246839.44, 5024234.34, 1538.54);
insert into STATION values (4386, '.', 2447, 246839.44, 5024234.58, 1541.33);
insert into STATION values (4387, '.', 2447, 246835.96, 5024239.20, 1539.93);
insert into STATION values (4388, 'SE.8', 2447, 246835.61, 5024238.87, 1539.95);
insert into STATION values (4389, '.', 2447, 246835.13, 5024235.21, 1540.18);
insert into STATION values (4390, '.', 2447, 246832.91, 5024235.22, 1540.94);
insert into STATION values (4391, '.', 2447, 246833.07, 5024238.71, 1539.88);
insert into STATION values (4392, '.', 2447, 246837.32, 5024238.88, 1539.53);
insert into STATION values (4393, '.', 2447, 246838.07, 5024237.78, 1539.38);
insert into STATION values (4394, '.', 2447, 246837.86, 5024236.08, 1539.63);
insert into STATION values (4395, '.', 2447, 246835.77, 5024235.71, 1542.88);
insert into STATION values (4396, '.', 2447, 246834.09, 5024235.15, 1543.96);
insert into STATION values (4397, '.', 2447, 246832.97, 5024236.18, 1544.73);
insert into STATION values (4398, '.', 2447, 246834.97, 5024236.98, 1544.89);
insert into STATION values (4399, '.', 2447, 246833.35, 5024237.59, 1548.34);
insert into STATION values (4400, '.', 2447, 246831.41, 5024238.87, 1549.62);
insert into STATION values (4401, 'SE.9', 2447, 246830.39, 5024239.16, 1549.39);
insert into STATION values (4402, '.', 2447, 246830.51, 5024239.53, 1549.36);
insert into STATION values (4403, '.', 2447, 246830.39, 5024239.21, 1549.68);
insert into STATION values (4404, '.', 2447, 246830.16, 5024239.94, 1547.49);
insert into STATION values (4405, '.', 2447, 246821.52, 5024246.45, 1557.52);
insert into STATION values (4406, '.', 2447, 246819.16, 5024248.42, 1559.66);
insert into STATION values (4407, 'SE.10', 2447, 246821.60, 5024246.39, 1557.60);
insert into STATION values (4408, 'SE.11', 2447, 246821.63, 5024243.58, 1556.54);
insert into STATION values (4409, 'p110.0', 2451, 246876.34, 5024235.88, 1427.24);
insert into STATION values (4410, '.', 2451, 246877.22, 5024237.10, 1438.49);
insert into STATION values (4411, '.', 2451, 246876.83, 5024236.13, 1427.28);
insert into STATION values (4412, '.', 2451, 246876.27, 5024236.84, 1427.16);
insert into STATION values (4413, '.', 2451, 246877.28, 5024237.37, 1423.30);
insert into STATION values (4414, '.', 2451, 246876.11, 5024235.68, 1427.17);
insert into STATION values (4415, 'p110.1', 2451, 246877.31, 5024236.43, 1423.92);
insert into STATION values (4416, '.', 2451, 246877.71, 5024237.41, 1423.72);
insert into STATION values (4417, '.', 2451, 246877.13, 5024236.27, 1423.86);
insert into STATION values (4418, '.', 2451, 246877.42, 5024236.93, 1423.08);
insert into STATION values (4419, '.', 2451, 246876.75, 5024235.71, 1427.66);
insert into STATION values (4420, '.', 2451, 246879.80, 5024236.79, 1421.82);
insert into STATION values (4421, '.', 2451, 246878.62, 5024236.85, 1422.26);
insert into STATION values (4422, '.', 2451, 246877.89, 5024236.85, 1422.91);
insert into STATION values (4423, '.', 2451, 246874.91, 5024238.24, 1426.19);
insert into STATION values (4424, 'p110.2', 2451, 246874.81, 5024238.29, 1426.30);
insert into STATION values (4425, '.', 2451, 246874.97, 5024238.61, 1425.34);
insert into STATION values (4426, '.', 2451, 246874.68, 5024238.16, 1426.18);
insert into STATION values (4427, '.', 2451, 246873.92, 5024239.04, 1426.17);
insert into STATION values (4428, 'p110.3', 2451, 246870.89, 5024242.31, 1425.07);
insert into STATION values (4429, '.', 2451, 246872.77, 5024239.68, 1425.21);
insert into STATION values (4430, '.', 2451, 246870.13, 5024241.20, 1425.22);
insert into STATION values (4431, '.', 2451, 246871.86, 5024239.79, 1425.02);
insert into STATION values (4432, '.', 2451, 246873.04, 5024241.94, 1425.05);
insert into STATION values (4433, '.', 2451, 246872.04, 5024242.67, 1425.02);
insert into STATION values (4434, 'p110.4', 2451, 246870.17, 5024242.55, 1448.58);
insert into STATION values (4435, '.', 2451, 246869.42, 5024242.70, 1448.53);
insert into STATION values (4436, '.', 2451, 246869.61, 5024245.77, 1448.63);
insert into STATION values (4437, '.', 2451, 246871.13, 5024245.54, 1448.38);
insert into STATION values (4438, '.', 2451, 246870.69, 5024243.43, 1448.52);
insert into STATION values (4439, '.', 2451, 246870.18, 5024242.54, 1448.40);
insert into STATION values (4440, '.', 2451, 246870.18, 5024242.54, 1448.42);
insert into STATION values (4441, '.', 2451, 246870.19, 5024242.52, 1448.19);
insert into STATION values (4442, '.', 2451, 246870.18, 5024242.53, 1448.40);
insert into STATION values (4443, '.', 2451, 246870.18, 5024242.54, 1448.44);
insert into STATION values (4444, '.', 2451, 246870.24, 5024242.50, 1447.97);
insert into STATION values (4445, '.', 2451, 246870.18, 5024242.53, 1448.45);
insert into STATION values (4446, 'p110.5', 2451, 246869.25, 5024242.48, 1450.34);
insert into STATION values (4447, '.', 2451, 246869.75, 5024241.44, 1450.33);
insert into STATION values (4448, '.', 2451, 246870.42, 5024242.27, 1450.34);
insert into STATION values (4449, '.', 2451, 246871.15, 5024245.15, 1450.10);
insert into STATION values (4450, '.', 2451, 246869.55, 5024246.56, 1449.70);
insert into STATION values (4451, 'p110.6', 2451, 246870.18, 5024242.56, 1453.39);
insert into STATION values (4452, '.', 2451, 246870.87, 5024244.35, 1453.54);
insert into STATION values (4453, '.', 2451, 246869.49, 5024245.30, 1453.22);
insert into STATION values (4454, '.', 2451, 246868.63, 5024244.61, 1453.15);
insert into STATION values (4455, '.', 2451, 246869.16, 5024242.73, 1453.16);
insert into STATION values (4456, '.', 2451, 246869.24, 5024241.99, 1453.27);
insert into STATION values (4457, '.', 2451, 246869.80, 5024241.37, 1453.33);
insert into STATION values (4458, 'p110.7', 2451, 246868.34, 5024241.77, 1457.33);
insert into STATION values (4459, '.', 2451, 246868.37, 5024242.03, 1457.30);
insert into STATION values (4460, '.', 2451, 246869.95, 5024244.11, 1457.16);
insert into STATION values (4461, '.', 2451, 246870.74, 5024242.74, 1457.15);
insert into STATION values (4462, '.', 2451, 246870.76, 5024241.65, 1457.19);
insert into STATION values (4463, '.', 2451, 246868.14, 5024240.00, 1457.10);
insert into STATION values (4464, '.', 2451, 246869.82, 5024240.02, 1457.46);
insert into STATION values (4465, '.', 2451, 246867.54, 5024240.58, 1457.52);
insert into STATION values (4466, 'p110.10', 2451, 246867.55, 5024240.56, 1457.53);
insert into STATION values (4467, 'p110.8', 2451, 246866.20, 5024241.02, 1464.27);
insert into STATION values (4468, '.', 2451, 246866.39, 5024240.49, 1464.22);
insert into STATION values (4469, '.', 2451, 246866.50, 5024241.41, 1464.24);
insert into STATION values (4470, '.', 2451, 246867.58, 5024240.38, 1464.09);
insert into STATION values (4471, 'p110.9', 2451, 246864.41, 5024240.41, 1469.55);
insert into STATION values (4472, '.', 2451, 246865.24, 5024240.25, 1469.71);
insert into STATION values (4473, '.', 2451, 246865.27, 5024239.89, 1469.84);
insert into STATION values (4474, '.', 2451, 246865.12, 5024239.47, 1470.04);
insert into STATION values (4475, '.', 2451, 246865.54, 5024238.05, 1470.59);
insert into STATION values (4476, '.', 2451, 246864.35, 5024238.70, 1470.45);
insert into STATION values (4477, '.', 2451, 246863.28, 5024240.11, 1470.29);
insert into STATION values (4478, '.', 2451, 246863.51, 5024241.28, 1470.06);
insert into STATION values (4479, '.', 2451, 246864.69, 5024241.79, 1469.73);
insert into STATION values (4480, '.', 2451, 246865.72, 5024241.82, 1469.61);
insert into STATION values (4481, 'p110.11', 2451, 246864.61, 5024238.41, 1478.47);
insert into STATION values (4482, '.', 2451, 246865.57, 5024236.88, 1478.57);
insert into STATION values (4483, '.', 2451, 246866.20, 5024238.36, 1478.51);
insert into STATION values (4484, '.', 2451, 246864.66, 5024240.96, 1478.32);
insert into STATION values (4485, '.', 2451, 246865.65, 5024239.37, 1478.31);
insert into STATION values (4486, '.', 2451, 246865.74, 5024239.37, 1478.57);
insert into STATION values (4487, 'p110.12', 2451, 246864.91, 5024236.55, 1479.98);
insert into STATION values (4488, '13', 2451, 246862.71, 5024238.30, 1496.90);
insert into STATION values (4489, '.', 2451, 246861.77, 5024238.25, 1496.80);
insert into STATION values (4490, '.', 2451, 246861.50, 5024237.15, 1496.82);
insert into STATION values (4491, '.', 2451, 246862.79, 5024235.94, 1497.38);
insert into STATION values (4492, '.', 2451, 246865.64, 5024234.23, 1496.71);
insert into STATION values (4493, '.', 2451, 246866.53, 5024234.54, 1497.16);
insert into STATION values (4494, '.', 2451, 246862.54, 5024237.39, 1519.74);
insert into STATION values (4495, '14', 2451, 246861.19, 5024236.76, 1499.95);
insert into STATION values (4496, '.', 2451, 246863.99, 5024237.51, 1500.19);
insert into STATION values (4497, '.', 2451, 246866.83, 5024233.68, 1499.20);
insert into STATION values (4498, '.', 2451, 246866.35, 5024237.82, 1502.97);
insert into STATION values (4499, '.', 2451, 246861.53, 5024236.81, 1501.60);
insert into STATION values (4500, '.', 2451, 246859.60, 5024236.66, 1510.96);
insert into STATION values (4501, '.', 2451, 246857.12, 5024236.55, 1514.24);
insert into STATION values (4502, '.', 2451, 246860.20, 5024236.77, 1499.84);
insert into STATION values (4503, '.', 2451, 246858.68, 5024236.95, 1500.83);
insert into STATION values (4504, '.', 2451, 246861.45, 5024237.58, 1501.43);
insert into STATION values (4505, '15', 2451, 246859.57, 5024236.63, 1505.77);
insert into STATION values (4506, '.', 2451, 246859.79, 5024237.07, 1505.77);
insert into STATION values (4507, '.', 2451, 246858.93, 5024238.44, 1505.70);
insert into STATION values (4508, '.', 2451, 246857.54, 5024238.56, 1506.00);
insert into STATION values (4509, '.', 2451, 246858.18, 5024237.59, 1505.83);
insert into STATION values (4510, '.', 2451, 246862.05, 5024236.04, 1504.95);
insert into STATION values (4511, '.', 2451, 246861.32, 5024236.87, 1505.48);
insert into STATION values (4512, '16', 2451, 246859.69, 5024237.31, 1507.87);
insert into STATION values (4513, '0', 2455, 246884.90, 5024236.20, 1416.35);
insert into STATION values (4514, '1', 2455, 246883.93, 5024236.81, 1415.98);
insert into STATION values (4515, '2', 2455, 246882.51, 5024234.97, 1416.03);
insert into STATION values (4516, '.', 2455, 246878.71, 5024237.07, 1415.79);
insert into STATION values (4517, '.', 2455, 246880.01, 5024237.90, 1415.84);
insert into STATION values (4518, '.', 2455, 246881.37, 5024237.75, 1415.98);
insert into STATION values (4519, '.', 2455, 246882.65, 5024237.44, 1415.79);
insert into STATION values (4520, '.', 2455, 246881.67, 5024236.52, 1421.66);
insert into STATION values (4521, '.', 2455, 246882.05, 5024235.50, 1414.91);
insert into STATION values (4522, '.', 2455, 246880.68, 5024236.36, 1414.71);
insert into STATION values (4523, '3', 2455, 246880.94, 5024237.78, 1416.11);
insert into STATION values (4524, '4', 2455, 246879.42, 5024236.56, 1422.73);
insert into STATION values (4525, '5', 2455, 246878.91, 5024236.45, 1422.84);
insert into STATION values (4526, '.', 2455, 246878.99, 5024236.65, 1422.90);
insert into STATION values (4527, '.', 2455, 246878.88, 5024236.44, 1423.23);
insert into STATION values (4528, '.', 2455, 246879.30, 5024236.36, 1423.01);
insert into STATION values (4529, '.', 2455, 246879.46, 5024236.48, 1422.23);
insert into STATION values (4530, '.', 2455, 246878.41, 5024236.89, 1422.28);
insert into STATION values (4531, '.', 2455, 246878.74, 5024236.78, 1422.85);
insert into STATION values (4532, '.', 2455, 246877.79, 5024237.09, 1422.49);
insert into STATION values (4533, '6', 2455, 246877.89, 5024237.05, 1423.22);
insert into STATION values (4534, '7', 2455, 246877.31, 5024236.43, 1423.92);
insert into STATION values (4535, 'vire.0', 2613, 246799.19, 5024252.51, 1570.31);
insert into STATION values (4536, '.', 2613, 246798.31, 5024252.95, 1570.31);
insert into STATION values (4537, '.', 2613, 246799.20, 5024253.46, 1570.24);
insert into STATION values (4538, '.', 2613, 246799.68, 5024253.06, 1570.25);
insert into STATION values (4539, '.', 2613, 246799.41, 5024252.81, 1569.18);
insert into STATION values (4540, 'vire.1', 2613, 246798.35, 5024252.99, 1573.90);
insert into STATION values (4541, '.', 2613, 246798.93, 5024252.56, 1573.87);
insert into STATION values (4542, '.', 2613, 246798.50, 5024252.19, 1573.95);
insert into STATION values (4543, '.', 2613, 246798.48, 5024252.85, 1575.28);
insert into STATION values (4544, 'vire.2', 2613, 246798.20, 5024251.96, 1575.66);
insert into STATION values (4545, '.', 2613, 246798.29, 5024252.03, 1574.14);
insert into STATION values (4546, '.', 2613, 246798.16, 5024252.07, 1577.20);
insert into STATION values (4547, '.', 2613, 246798.36, 5024252.52, 1576.14);
insert into STATION values (4548, '.', 2613, 246798.05, 5024251.90, 1575.68);
insert into STATION values (4549, '.', 2613, 246796.88, 5024253.36, 1575.68);
insert into STATION values (4550, '.', 2613, 246797.79, 5024253.08, 1575.75);
insert into STATION values (4551, '.', 2613, 246797.50, 5024252.42, 1575.52);
insert into STATION values (4552, '.', 2613, 246797.31, 5024252.54, 1574.98);
insert into STATION values (4553, 'vire.3', 2613, 246796.94, 5024253.01, 1579.17);
insert into STATION values (4554, '.', 2613, 246797.54, 5024252.62, 1579.14);
insert into STATION values (4555, '.', 2613, 246798.58, 5024252.59, 1574.10);
insert into STATION values (4556, '.', 2613, 246797.01, 5024253.11, 1575.42);
insert into STATION values (4557, '.', 2613, 246797.60, 5024253.29, 1575.73);
insert into STATION values (4558, '.', 2613, 246797.17, 5024252.55, 1576.93);
insert into STATION values (4559, '.', 2613, 246795.97, 5024253.30, 1577.22);
insert into STATION values (4560, '.', 2613, 246796.62, 5024252.52, 1579.05);
insert into STATION values (4561, '.', 2613, 246795.67, 5024253.72, 1579.16);
insert into STATION values (4562, '.', 2613, 246796.95, 5024252.99, 1580.19);
insert into STATION values (4563, 'vire.4', 2613, 246797.17, 5024251.69, 1580.78);
insert into STATION values (4564, '.', 2613, 246797.85, 5024252.21, 1580.57);
insert into STATION values (4565, '.', 2613, 246797.20, 5024252.36, 1580.61);
insert into STATION values (4566, '.', 2613, 246798.43, 5024251.20, 1581.04);
insert into STATION values (4567, '.', 2613, 246797.20, 5024251.58, 1580.32);
insert into STATION values (4568, '.', 2613, 246797.69, 5024251.84, 1581.74);
insert into STATION values (4569, 'vire.5', 2613, 246797.78, 5024250.47, 1581.62);
insert into STATION values (4570, '.', 2613, 246797.13, 5024250.41, 1581.59);
insert into STATION values (4571, '.', 2613, 246797.77, 5024250.33, 1581.13);
insert into STATION values (4572, '.', 2613, 246798.34, 5024250.55, 1581.15);
insert into STATION values (4573, '.', 2613, 246797.46, 5024252.40, 1581.45);
insert into STATION values (4574, '.', 2613, 246797.23, 5024251.17, 1581.54);
insert into STATION values (4575, '.', 2613, 246796.42, 5024251.16, 1581.20);
insert into STATION values (4576, '.', 2613, 246797.08, 5024251.26, 1581.42);
insert into STATION values (4577, '.', 2613, 246797.27, 5024250.51, 1581.47);
insert into STATION values (4578, '.', 2613, 246797.65, 5024250.40, 1582.07);
insert into STATION values (4579, '.', 2613, 246797.03, 5024250.38, 1581.69);
insert into STATION values (4580, 'vire.6', 2613, 246797.62, 5024250.38, 1582.16);
insert into STATION values (4581, 'vire.7', 2613, 246799.38, 5024247.95, 1584.53);
insert into STATION values (4582, '.', 2613, 246792.71, 5024246.00, 1587.24);
insert into STATION values (4583, '.', 2613, 246798.62, 5024251.90, 1585.20);
insert into STATION values (4584, '.', 2613, 246800.57, 5024248.98, 1584.62);
insert into STATION values (4585, '.', 2613, 246797.30, 5024247.16, 1598.45);
insert into STATION values (4586, '.', 2613, 246795.93, 5024248.64, 1590.08);
insert into STATION values (4587, '.', 2613, 246792.48, 5024249.42, 1589.34);
insert into STATION values (4588, '.', 2613, 246792.29, 5024245.01, 1589.16);
insert into STATION values (4589, '.', 2613, 246799.06, 5024250.63, 1585.98);
insert into STATION values (4590, '.', 2613, 246798.02, 5024248.52, 1583.43);
insert into STATION values (4591, '.', 2613, 246795.53, 5024246.43, 1599.36);
insert into STATION values (4592, '.', 2613, 246791.84, 5024245.28, 1589.30);
insert into STATION values (4593, '.', 2613, 246792.04, 5024249.61, 1588.48);
insert into STATION values (4594, '.', 2613, 246796.51, 5024251.83, 1586.84);
insert into STATION values (4595, 'vire.8', 2613, 246791.55, 5024255.00, 1592.58);
insert into STATION values (4596, '.', 2613, 246791.36, 5024253.21, 1592.47);
insert into STATION values (4597, '.', 2613, 246791.46, 5024253.75, 1593.67);
insert into STATION values (4598, '.', 2613, 246791.72, 5024254.81, 1593.11);
insert into STATION values (4599, '.', 2613, 246792.80, 5024255.95, 1590.67);
insert into STATION values (4600, '.', 2613, 246796.38, 5024255.99, 1588.04);
insert into STATION values (4601, '.', 2613, 246789.48, 5024255.22, 1594.87);
insert into STATION values (4602, 'vire.9', 2613, 246788.54, 5024255.03, 1596.05);
insert into STATION_FLAG values(4602, 'ent');
insert into STATION values (4603, 'vire.10', 2613, 246796.41, 5024246.23, 1585.57);
insert into STATION values (4604, '.', 2613, 246797.02, 5024244.61, 1585.53);
insert into STATION values (4605, '.', 2613, 246794.69, 5024243.65, 1585.80);
insert into STATION values (4606, '.', 2613, 246793.88, 5024245.62, 1586.05);
insert into STATION values (4607, '.', 2613, 246792.40, 5024247.95, 1587.01);
insert into STATION values (4608, '.', 2613, 246793.88, 5024250.67, 1587.47);
insert into STATION values (4609, '.', 2613, 246797.91, 5024245.96, 1585.57);
insert into STATION values (4610, '.', 2613, 246800.24, 5024248.86, 1585.48);
insert into STATION values (4611, '.', 2613, 246799.03, 5024250.28, 1585.64);
insert into STATION values (4612, '.', 2613, 246796.34, 5024247.32, 1601.48);
insert into STATION values (4613, '.', 2613, 246798.73, 5024247.60, 1595.20);
insert into STATION values (4614, '.', 2613, 246798.93, 5024247.65, 1590.50);
insert into STATION values (4615, '.', 2613, 246791.92, 5024247.20, 1592.54);
insert into STATION values (4616, '.', 2613, 246794.55, 5024249.79, 1590.61);
insert into STATION values (4617, '.', 2613, 246796.91, 5024249.28, 1589.85);
insert into STATION values (4618, 'vire.11', 2613, 246795.15, 5024246.01, 1596.56);
insert into STATION values (4619, '.', 2613, 246794.15, 5024244.07, 1596.53);
insert into STATION values (4620, '.', 2613, 246795.96, 5024244.92, 1596.59);
insert into STATION values (4621, '.', 2613, 246795.79, 5024246.21, 1596.52);
insert into STATION values (4622, '.', 2613, 246795.81, 5024246.85, 1596.61);
insert into STATION values (4623, 'vire.12', 2613, 246795.37, 5024245.18, 1602.35);
insert into STATION values (4624, '.', 2613, 246794.36, 5024245.71, 1602.48);
insert into STATION values (4625, '.', 2613, 246794.70, 5024244.78, 1602.30);
insert into STATION values (4626, '.', 2613, 246795.43, 5024244.71, 1602.30);
insert into STATION values (4627, '.', 2613, 246795.52, 5024245.50, 1602.23);
insert into STATION values (4628, '.', 2613, 246794.94, 5024245.53, 1602.41);
insert into STATION values (4629, '.', 2613, 246795.72, 5024245.07, 1602.30);
insert into STATION values (4630, '.', 2613, 246794.82, 5024243.77, 1604.20);
insert into STATION values (4631, '.', 2613, 246794.57, 5024243.14, 1605.03);
insert into STATION values (4632, '.', 2613, 246794.61, 5024243.22, 1604.93);
insert into STATION values (4633, '.', 2613, 246794.82, 5024243.77, 1604.20);
insert into STATION values (4634, '.', 2613, 246795.65, 5024246.61, 1601.60);
insert into STATION values (4635, '.', 2613, 246795.08, 5024245.91, 1601.75);
insert into STATION values (4636, '.', 2613, 246795.43, 5024244.97, 1601.34);
insert into STATION values (4637, '.', 2613, 246795.76, 5024245.27, 1602.44);
insert into STATION values (4638, '.', 2613, 246795.52, 5024245.97, 1602.40);
insert into STATION values (4639, '.', 2613, 246794.54, 5024246.16, 1602.06);
insert into STATION values (4640, '.', 2613, 246794.79, 5024245.79, 1601.60);
insert into STATION values (4641, '.', 2613, 246795.94, 5024244.61, 1601.94);
insert into STATION values (4642, 'vire.13', 2613, 246794.77, 5024245.60, 1605.31);
insert into STATION values (4643, '.', 2613, 246795.14, 5024245.39, 1604.25);
insert into STATION values (4644, '.', 2613, 246794.89, 5024245.15, 1603.99);
insert into STATION values (4645, '.', 2613, 246795.21, 5024244.90, 1604.20);
insert into STATION values (4646, '.', 2613, 246795.47, 5024244.81, 1602.92);
insert into STATION values (4647, '.', 2613, 246795.13, 5024244.91, 1603.18);
insert into STATION values (4648, 'vire.14', 2613, 246794.23, 5024245.27, 1605.88);
insert into STATION values (4649, '.', 2613, 246793.22, 5024247.59, 1608.34);
insert into STATION values (4650, '.', 2613, 246793.30, 5024245.05, 1607.47);
insert into STATION values (4651, '.', 2613, 246794.20, 5024244.22, 1606.61);
insert into STATION values (4652, '.', 2613, 246795.00, 5024244.75, 1606.22);
insert into STATION values (4653, '.', 2613, 246794.80, 5024245.72, 1606.24);
insert into STATION values (4654, '.', 2613, 246794.44, 5024246.12, 1606.42);
insert into STATION values (4655, '.', 2613, 246793.69, 5024245.00, 1610.26);
insert into STATION values (4656, '.', 2613, 246794.05, 5024244.90, 1604.98);
insert into STATION values (4657, 'vire.15', 2613, 246793.17, 5024247.55, 1608.34);
insert into STATION values (4658, '.', 2613, 246792.70, 5024246.96, 1608.30);
insert into STATION values (4659, '.', 2613, 246792.71, 5024247.54, 1608.29);
insert into STATION values (4660, '.', 2613, 246793.36, 5024247.02, 1608.18);
insert into STATION values (4661, '.', 2613, 246791.25, 5024245.62, 1609.99);
insert into STATION values (4662, 'vire.16', 2613, 246791.16, 5024248.74, 1610.26);
insert into STATION_FLAG values(4662, 'ent');
insert into STATION values (4663, 'vire.17', 2613, 246792.93, 5024247.30, 1611.76);
insert into STATION values (4664, 'vire.18', 2613, 246792.76, 5024246.69, 1612.05);
insert into STATION_FLAG values(4664, 'fix');
insert into STATION values (4665, 'aura.1', 2727, 246791.99, 5024237.64, 1579.51);
insert into STATION values (4666, 'aura.0', 2727, 246788.90, 5024240.35, 1588.33);
insert into STATION values (4667, '.', 2727, 246789.48, 5024239.86, 1586.73);
insert into STATION values (4668, '.', 2727, 246789.60, 5024241.53, 1587.75);
insert into STATION values (4669, '.', 2727, 246788.31, 5024239.54, 1588.52);
insert into STATION values (4670, '.', 2727, 246788.22, 5024240.81, 1588.50);
insert into STATION values (4671, '.', 2727, 246788.71, 5024241.76, 1588.37);
insert into STATION values (4672, 'aura.2', 2727, 246783.80, 5024241.17, 1591.63);
insert into STATION values (4673, '.', 2727, 246786.17, 5024240.15, 1591.69);
insert into STATION values (4674, '.', 2727, 246786.40, 5024242.35, 1591.74);
insert into STATION values (4675, '.', 2727, 246783.02, 5024242.48, 1591.69);
insert into STATION values (4676, '.', 2727, 246783.85, 5024241.30, 1590.52);
insert into STATION values (4677, '.', 2727, 246782.38, 5024242.80, 1595.95);
insert into STATION values (4678, 'aura.3', 2727, 246784.05, 5024241.58, 1596.91);
insert into STATION values (4679, '.', 2727, 246785.46, 5024239.71, 1597.34);
insert into STATION values (4680, '.', 2727, 246786.11, 5024241.00, 1597.48);
insert into STATION values (4681, '.', 2727, 246783.22, 5024240.16, 1597.00);
insert into STATION values (4682, 'aura.4', 2727, 246784.28, 5024240.55, 1602.89);
insert into STATION values (4683, '.', 2727, 246783.31, 5024239.50, 1603.13);
insert into STATION values (4684, '.', 2727, 246782.89, 5024240.23, 1603.23);
insert into STATION values (4685, '.', 2727, 246782.78, 5024240.60, 1603.11);
insert into STATION values (4686, '.', 2727, 246779.23, 5024241.36, 1603.20);
insert into STATION values (4687, '.', 2727, 246781.04, 5024241.56, 1603.29);
insert into STATION values (4688, '.', 2727, 246783.20, 5024241.38, 1602.99);
insert into STATION values (4689, '.', 2727, 246783.41, 5024240.20, 1606.52);
insert into STATION values (4690, '.', 2727, 246783.22, 5024239.49, 1604.78);
insert into STATION values (4691, '.', 2727, 246784.98, 5024238.04, 1603.65);
insert into STATION values (4692, '.', 2727, 246785.06, 5024241.10, 1595.78);
insert into STATION values (4693, 'aura.5', 2727, 246781.12, 5024241.33, 1604.76);
insert into STATION values (4694, '.', 2727, 246780.96, 5024240.64, 1604.93);
insert into STATION values (4695, '.', 2727, 246781.01, 5024240.63, 1604.79);
insert into STATION values (4696, '.', 2727, 246781.92, 5024240.28, 1604.80);
insert into STATION values (4697, '.', 2727, 246783.92, 5024240.28, 1604.82);
insert into STATION values (4698, '.', 2727, 246782.71, 5024241.29, 1604.73);
insert into STATION values (4699, '.', 2727, 246781.67, 5024241.83, 1604.86);
insert into STATION values (4700, '.', 2727, 246779.58, 5024240.17, 1604.78);
insert into STATION values (4701, '.', 2727, 246780.46, 5024240.50, 1604.98);
insert into STATION values (4702, '.', 2727, 246778.82, 5024241.25, 1605.09);
insert into STATION values (4703, '.', 2727, 246780.55, 5024241.01, 1601.74);
insert into STATION values (4704, '.', 2727, 246781.15, 5024241.49, 1613.77);
insert into STATION values (4705, '.', 2727, 246782.90, 5024241.13, 1612.03);
insert into STATION values (4706, 'aura.6', 2727, 246779.18, 5024241.39, 1614.10);
insert into STATION values (4707, '.', 2727, 246779.35, 5024241.49, 1614.08);
insert into STATION values (4708, '.', 2727, 246779.06, 5024241.19, 1614.06);
insert into STATION values (4709, '.', 2727, 246779.45, 5024241.17, 1613.96);
insert into STATION values (4710, '.', 2727, 246781.10, 5024239.55, 1607.55);
insert into STATION values (4711, '.', 2727, 246779.13, 5024241.16, 1610.94);
insert into STATION values (4712, '.', 2727, 246779.15, 5024241.38, 1613.76);
insert into STATION values (4713, '.', 2727, 246778.36, 5024242.40, 1614.11);
insert into STATION values (4714, 'aura.7', 2727, 246777.46, 5024242.91, 1614.01);
insert into STATION values (4715, '.', 2727, 246778.08, 5024243.34, 1614.06);
insert into STATION values (4716, '.', 2727, 246777.54, 5024242.73, 1616.82);
insert into STATION values (4717, '.', 2727, 246777.69, 5024242.55, 1611.59);
insert into STATION values (4718, '.', 2727, 246777.50, 5024242.28, 1608.86);
insert into STATION values (4719, '.', 2727, 246777.41, 5024243.63, 1614.02);
insert into STATION values (4720, 'aura.8', 2727, 246776.42, 5024243.63, 1612.41);
insert into STATION values (4721, '.', 2727, 246776.13, 5024243.16, 1612.38);
insert into STATION values (4722, '.', 2727, 246776.20, 5024243.61, 1613.17);
insert into STATION values (4723, '.', 2727, 246776.37, 5024243.57, 1611.76);
insert into STATION values (4724, '.', 2727, 246776.63, 5024243.25, 1612.41);
insert into STATION values (4725, '.', 2727, 246776.58, 5024243.11, 1612.43);
insert into STATION values (4726, '.', 2727, 246776.40, 5024243.69, 1611.76);
insert into STATION values (4727, '.', 2727, 246776.74, 5024243.17, 1613.73);
insert into STATION values (4728, 'aura.9', 2727, 246775.45, 5024245.12, 1610.27);
insert into STATION values (4729, '.', 2727, 246775.28, 5024244.64, 1612.03);
insert into STATION values (4730, '.', 2727, 246774.78, 5024245.17, 1611.62);
insert into STATION values (4731, '.', 2727, 246775.44, 5024246.34, 1612.26);
insert into STATION values (4732, '.', 2727, 246774.73, 5024246.63, 1611.02);
insert into STATION values (4733, '.', 2727, 246776.16, 5024244.33, 1611.03);
insert into STATION values (4734, 'aura.10', 2727, 246774.86, 5024245.39, 1612.98);
insert into STATION values (4735, '.', 2727, 246774.94, 5024245.65, 1613.00);
insert into STATION values (4736, '.', 2727, 246774.20, 5024246.35, 1613.03);
insert into STATION values (4737, '.', 2727, 246775.44, 5024244.63, 1612.92);
insert into STATION values (4738, '.', 2727, 246774.86, 5024244.94, 1616.70);
insert into STATION values (4739, '.', 2727, 246774.17, 5024246.06, 1614.38);
insert into STATION values (4740, '.', 2727, 246775.61, 5024244.45, 1609.73);
insert into STATION values (4741, '.', 2727, 246775.10, 5024245.22, 1610.27);
insert into STATION values (4742, 'aura.11', 2727, 246774.41, 5024246.07, 1618.20);
insert into STATION_FLAG values(4742, 'ent');
insert into STATION values (4743, '.', 2727, 246774.99, 5024245.87, 1618.09);
insert into STATION values (4744, '.', 2727, 246774.88, 5024244.88, 1618.09);
insert into STATION values (4745, '.', 2727, 246774.80, 5024244.66, 1616.31);
insert into STATION values (4746, '.', 2727, 246774.18, 5024245.34, 1611.41);
insert into STATION values (4747, '.', 2727, 246774.79, 5024245.62, 1619.52);
insert into STATION values (4748, 'ga.0', 2731, 246776.21, 5024246.46, 1617.98);
insert into STATION_FLAG values(4748, 'fix');
insert into STATION values (4749, 'ga.1', 2731, 246775.42, 5024247.52, 1618.33);
insert into STATION values (4750, 'ga.2', 2731, 246774.41, 5024246.07, 1618.20);
insert into STATION values (4751, 'j1-3.0', 2802, 246791.63, 5024247.51, 1612.04);
insert into STATION values (4752, 'j1-3.1', 2802, 246792.20, 5024243.13, 1614.12);
insert into STATION values (4753, 'j1-3.2', 2802, 246792.40, 5024238.00, 1612.85);
insert into STATION values (4754, 'j1-3.3', 2802, 246791.26, 5024239.26, 1611.61);
insert into STATION values (4755, 'p1.0', 2824, 246797.00, 5024239.07, 1606.34);
insert into STATION values (4756, 'p1.1', 2824, 246795.58, 5024241.03, 1607.90);
insert into STATION values (4757, '.', 2824, 246795.91, 5024241.08, 1607.92);
insert into STATION values (4758, '.', 2824, 246795.40, 5024240.99, 1607.90);
insert into STATION values (4759, '.', 2824, 246795.82, 5024241.13, 1607.25);
insert into STATION values (4760, '.', 2824, 246796.15, 5024241.18, 1607.42);
insert into STATION values (4761, '.', 2824, 246795.83, 5024241.93, 1607.55);
insert into STATION values (4762, '.', 2824, 246795.37, 5024240.62, 1608.11);
insert into STATION values (4763, '.', 2824, 246795.48, 5024242.14, 1607.89);
insert into STATION values (4764, '.', 2824, 246794.74, 5024242.38, 1607.81);
insert into STATION values (4765, 'p1.2', 2824, 246794.97, 5024243.24, 1607.67);
insert into STATION values (4766, '.', 2824, 246794.71, 5024243.07, 1607.65);
insert into STATION values (4767, '.', 2824, 246794.61, 5024242.97, 1608.78);
insert into STATION values (4768, '.', 2824, 246794.88, 5024243.12, 1606.66);
insert into STATION values (4769, '.', 2824, 246794.75, 5024243.25, 1607.34);
insert into STATION values (4770, '.', 2824, 246794.74, 5024243.06, 1608.05);
insert into STATION values (4771, '.', 2824, 246794.96, 5024243.38, 1607.97);
insert into STATION values (4772, '.', 2824, 246795.29, 5024243.39, 1606.81);
insert into STATION values (4773, 'p1.3', 2824, 246794.23, 5024245.27, 1605.88);
insert into STATION values (4774, '.', 2824, 246793.73, 5024245.29, 1610.05);
insert into STATION values (4775, '.', 2824, 246794.35, 5024243.89, 1606.06);
insert into STATION values (4776, '.', 2824, 246795.10, 5024245.85, 1605.86);
insert into STATION values (4777, '.', 2824, 246793.17, 5024243.98, 1606.56);
insert into STATION values (4778, '.', 2824, 246793.61, 5024246.27, 1607.00);
insert into STATION values (4779, '.', 2824, 246793.94, 5024245.87, 1609.52);
insert into STATION values (4780, '.', 2824, 246794.77, 5024244.24, 1608.97);
insert into STATION values (4781, '.', 2824, 246795.28, 5024244.07, 1608.03);
insert into STATION values (4782, '.', 2824, 246794.46, 5024246.17, 1607.23);
insert into STATION values (4783, '.', 2824, 246794.84, 5024245.45, 1607.80);
insert into STATION values (4784, '.', 2824, 246794.91, 5024244.91, 1607.84);
insert into STATION values (4785, '.', 2824, 246793.39, 5024247.61, 1607.82);
insert into STATION values (4786, 'p1.4', 2824, 246793.51, 5024247.41, 1607.65);
insert into STATION values (4787, '.', 2824, 246793.19, 5024246.84, 1607.79);
insert into STATION values (4788, '.', 2824, 246793.17, 5024247.59, 1607.86);
insert into STATION values (4789, '.', 2824, 246793.84, 5024247.46, 1607.72);
insert into STATION values (4790, '.', 2824, 246793.99, 5024246.53, 1607.65);
insert into STATION values (4791, '.', 2824, 246793.79, 5024247.32, 1606.64);
insert into STATION values (4792, '.', 2824, 246793.62, 5024247.52, 1608.84);
insert into STATION values (4793, '.', 2824, 246793.08, 5024247.11, 1609.12);
insert into STATION values (4794, 'p1.5', 2824, 246792.04, 5024249.32, 1609.89);
insert into STATION values (4795, '.', 2824, 246792.10, 5024248.67, 1609.90);
insert into STATION values (4796, '.', 2824, 246793.45, 5024248.33, 1609.56);
insert into STATION values (4797, '.', 2824, 246791.03, 5024246.91, 1606.85);
insert into STATION values (4798, '.', 2824, 246793.93, 5024246.54, 1607.21);
insert into STATION values (4799, '.', 2824, 246791.72, 5024248.46, 1609.92);
insert into STATION values (4800, 'p1.6', 2824, 246791.63, 5024247.51, 1612.04);
insert into STATION values (4801, 'p3.0', 2855, 246792.77, 5024232.27, 1576.80);
insert into STATION values (4802, '.', 2855, 246793.29, 5024229.72, 1576.18);
insert into STATION values (4803, '.', 2855, 246793.48, 5024232.08, 1576.37);
insert into STATION values (4804, '.', 2855, 246792.16, 5024234.35, 1577.48);
insert into STATION values (4805, '.', 2855, 246792.77, 5024232.18, 1577.40);
insert into STATION values (4806, 'p3.1', 2855, 246789.83, 5024233.85, 1579.13);
insert into STATION values (4807, '.', 2855, 246790.37, 5024235.01, 1579.22);
insert into STATION values (4808, '.', 2855, 246791.00, 5024233.06, 1578.96);
insert into STATION values (4809, '.', 2855, 246789.33, 5024233.80, 1577.27);
insert into STATION values (4810, '.', 2855, 246789.97, 5024233.80, 1579.68);
insert into STATION values (4811, '.', 2855, 246788.68, 5024231.60, 1579.00);
insert into STATION values (4812, '.', 2855, 246789.83, 5024230.38, 1577.56);
insert into STATION values (4813, '.', 2855, 246791.10, 5024230.78, 1577.16);
insert into STATION values (4814, '.', 2855, 246792.90, 5024233.47, 1577.34);
insert into STATION values (4815, '.', 2855, 246787.10, 5024234.48, 1581.76);
insert into STATION values (4816, 'p3.2', 2855, 246786.89, 5024233.31, 1581.10);
insert into STATION values (4817, '.', 2855, 246786.98, 5024233.28, 1581.42);
insert into STATION values (4818, '.', 2855, 246786.63, 5024233.41, 1580.87);
insert into STATION values (4819, '.', 2855, 246785.48, 5024233.81, 1581.70);
insert into STATION values (4820, '.', 2855, 246791.69, 5024230.45, 1577.74);
insert into STATION values (4821, '.', 2855, 246786.43, 5024238.15, 1581.49);
insert into STATION values (4822, 'p3.3', 2855, 246783.81, 5024231.52, 1582.57);
insert into STATION values (4823, '.', 2855, 246784.26, 5024231.08, 1582.53);
insert into STATION values (4824, '.', 2855, 246784.37, 5024231.25, 1584.90);
insert into STATION values (4825, '.', 2855, 246783.58, 5024231.74, 1586.94);
insert into STATION values (4826, '.', 2855, 246783.19, 5024229.61, 1582.78);
insert into STATION values (4827, '.', 2855, 246785.00, 5024232.47, 1582.78);
insert into STATION values (4828, 'p3.4', 2855, 246791.99, 5024237.64, 1579.51);
insert into STATION values (4829, '.', 2855, 246790.03, 5024239.92, 1580.33);
insert into STATION values (4830, '.', 2855, 246789.88, 5024239.92, 1586.21);
insert into STATION values (4831, '.', 2855, 246787.20, 5024235.08, 1580.51);
insert into STATION values (4832, '.', 2855, 246787.98, 5024236.89, 1585.89);
insert into STATION values (4833, '.', 2855, 246792.30, 5024236.80, 1580.86);
insert into STATION values (4834, '.', 2855, 246792.51, 5024237.12, 1579.80);
insert into STATION values (4835, '.', 2855, 246792.67, 5024238.81, 1597.50);
insert into STATION values (4836, '.', 2855, 246793.80, 5024239.52, 1580.68);
insert into STATION values (4837, '.', 2855, 246792.40, 5024242.14, 1580.32);
insert into STATION values (4838, 'p3.5', 2855, 246792.44, 5024237.83, 1596.87);
insert into STATION values (4839, '.', 2855, 246790.12, 5024236.98, 1596.87);
insert into STATION values (4840, '.', 2855, 246792.58, 5024236.28, 1596.72);
insert into STATION values (4841, '.', 2855, 246790.96, 5024236.00, 1596.68);
insert into STATION values (4842, '.', 2855, 246793.66, 5024237.41, 1596.75);
insert into STATION values (4843, '.', 2855, 246795.86, 5024238.89, 1596.84);
insert into STATION values (4844, '.', 2855, 246796.35, 5024238.25, 1605.15);
insert into STATION values (4845, '.', 2855, 246793.07, 5024238.90, 1603.72);
insert into STATION values (4846, '.', 2855, 246788.17, 5024240.40, 1598.40);
insert into STATION values (4847, 'p3.6', 2855, 246793.22, 5024238.80, 1603.49);
insert into STATION values (4848, '.', 2855, 246790.15, 5024235.77, 1603.00);
insert into STATION values (4849, '.', 2855, 246791.40, 5024238.21, 1603.50);
insert into STATION values (4850, '.', 2855, 246791.29, 5024240.70, 1603.92);
insert into STATION values (4851, '.', 2855, 246796.44, 5024239.02, 1602.90);
insert into STATION values (4852, 'p3.7', 2855, 246791.36, 5024238.33, 1605.73);
insert into STATION values (4853, '.', 2855, 246791.79, 5024239.67, 1606.07);
insert into STATION values (4854, '.', 2855, 246791.18, 5024238.92, 1605.78);
insert into STATION values (4855, '.', 2855, 246791.27, 5024239.43, 1605.77);
insert into STATION values (4856, '.', 2855, 246792.47, 5024238.88, 1605.70);
insert into STATION values (4857, '.', 2855, 246792.64, 5024238.28, 1605.70);
insert into STATION values (4858, 'p3.8', 2855, 246791.35, 5024239.62, 1609.59);
insert into STATION values (4859, '.', 2855, 246790.43, 5024239.41, 1609.47);
insert into STATION values (4860, '.', 2855, 246790.30, 5024239.77, 1609.50);
insert into STATION values (4861, '.', 2855, 246791.18, 5024240.12, 1609.61);
insert into STATION values (4862, 'p3.9', 2855, 246791.26, 5024239.26, 1611.61);
insert into STATION values (4863, '.', 2855, 246792.40, 5024240.39, 1611.42);
insert into STATION values (4864, '.', 2855, 246792.34, 5024239.63, 1611.52);
insert into STATION values (4865, '.', 2855, 246791.30, 5024240.62, 1611.62);
insert into STATION values (4866, '.', 2855, 246791.71, 5024239.15, 1610.12);
insert into STATION values (4867, '.', 2855, 246792.18, 5024239.35, 1612.12);
