create table SURVEY (ID integer, PARENT_ID integer, NAME varchar(40), FULL_NAME varchar(60), TITLE varchar(38));
create table CENTRELINE (ID integer, SURVEY_ID integer, TITLE varchar(4), TOPO_DATE date, EXPLO_DATE date, LENGTH real, SURFACE_LENGTH real, DUPLICATE_LENGTH real);
create table PERSON (ID integer, NAME varchar(13), SURNAME varchar(22));
create table EXPLO (PERSON_ID integer, CENTRELINE_ID integer);
create table TOPO (PERSON_ID integer, CENTRELINE_ID integer);
create table STATION (ID integer, NAME varchar(9), SURVEY_ID integer, X real, Y real, Z real);
create table STATION_FLAG (STATION_ID integer, FLAG char(3));
create table SHOT (ID integer, FROM_ID integer, TO_ID integer, CENTRELINE_ID integer, LENGTH real, BEARING real, GRADIENT real, ADJ_LENGTH real, ADJ_BEARING real, ADJ_GRADIENT real, ERR_LENGTH real, ERR_BEARING real, ERR_GRADIENT real);
create table SHOT_FLAG (SHOT_ID integer, FLAG char(3));
create table MAPS (ID integer, SURVEY_ID integer, NAME varchar(40), TITLE varchar(38), PROJID integer, LENGTH real, DEPTH real);
create table SCRAPS (ID integer, SURVEY_ID integer, NAME varchar(40), PROJID integer, MAX_DISTORTION real, AVG_DISTORTION real);
create table MAPITEMS (ID integer, TYPE integer, ITEMID integer);
insert into SURVEY values (1, 0, '', '', NULL);
 insert into CENTRELINE values (2, 1, NULL, NULL, NULL, 0.00, 0.00, 0.00);
 insert into SURVEY values (51, 1, 'Ded', 'Ded', 'Synthese topographie du Charmant Som');
 insert into CENTRELINE values (52, 51, NULL, NULL, NULL, 0.00, 0.00, 0.00);
 insert into SURVEY values (53, 51, 'Ded', 'Ded.Ded', 'Synthese topographie du Reseau Ded');
 insert into CENTRELINE values (54, 53, NULL, NULL, NULL, 0.00, 0.00, 0.00);
 insert into SURVEY values (55, 53, 'FT', 'FT.Ded.Ded', 'FT');
 insert into CENTRELINE values (56, 55, NULL, NULL, NULL, 0.00, 0.00, 0.00);
 insert into SURVEY values (57, 55, 'FT', 'FT.FT.Ded.Ded', 'Francois-Thierry');
 insert into CENTRELINE values (58, 57, NULL, NULL, NULL, 0.00, 0.00, 0.00);
 insert into CENTRELINE values (59, 57, NULL, '2022-04-24', NULL, 285.00, 0.00, 0.00);
 insert into PERSON values (1, 'Gervais', 'Bois(GUCEM)');
insert into TOPO values (1, 59);
 insert into PERSON values (2, 'Benoit', 'Urruty(GUCEM)');
insert into TOPO values (2, 59);
 insert into PERSON values (3, 'J.', 'Baujard');
insert into EXPLO values (3, 59);
 insert into PERSON values (4, 'Jean-Claude', 'Dobrilla');
insert into EXPLO values (4, 59);
 insert into PERSON values (5, 'Olivier', 'Dutel');
insert into EXPLO values (5, 59);
 insert into PERSON values (6, 'Bernard', 'Faure');
insert into EXPLO values (6, 59);
 insert into PERSON values (7, NULL, 'GSC');
insert into EXPLO values (7, 59);
 insert into PERSON values (8, 'Emmanuel', 'Gondras');
insert into EXPLO values (8, 59);
 insert into PERSON values (9, 'E.', 'Meygret');
insert into EXPLO values (9, 59);
 insert into SHOT values (1, 1, 2, 59, 2.930, 325.33, -5.30, 2.925, 325.49, -5.30, 0.010, 87.12, 3.88);
insert into SHOT values (2, 1, 3, 59, 2.530, 19.93, -2.10, 2.526, 20.16, -2.04, 0.011, 130.29, 14.35);
insert into SHOT values (3, 1, 4, 59, 2.300, 58.53, -0.40, 2.307, 58.65, -0.25, 0.010, 94.20, 36.06);
insert into SHOT values (4, 1, 5, 59, 3.500, 90.93, 6.20, 3.501, 90.99, 6.23, 0.004, 164.58, 29.73);
insert into SHOT values (5, 1, 6, 59, 3.830, 305.43, -79.20, 3.826, 305.26, -79.30, 0.008, 141.88, 15.66);
insert into SHOT values (6, 1, 7, 59, 3.190, 320.43, -21.30, 3.184, 320.47, -21.17, 0.009, 109.17, 68.94);
insert into SHOT values (7, 1, 8, 59, 3.850, 320.03, 38.80, 3.851, 320.15, 38.93, 0.011, 86.64, 45.80);
insert into SHOT values (8, 1, 9, 59, 4.980, 31.03, 65.60, 4.985, 31.30, 65.60, 0.011, 106.62, 25.96);
insert into SHOT values (9, 1, 10, 59, 5.960, 120.83, 53.20, 5.968, 120.80, 53.21, 0.009, 92.37, 60.09);
insert into SHOT values (10, 1, 11, 59, 8.500, 128.13, 79.80, 8.505, 128.01, 79.77, 0.007, 95.28, 35.68);
insert into SHOT values (11, 1, 12, 59, 2.270, 44.43, 32.60, 2.214, 45.00, 32.52, 0.059, 202.40, -33.81);
insert into SHOT values (12, 12, 13, 59, 8.750, 224.43, 61.60, 8.746, 223.86, 60.87, 0.119, 200.40, -28.51);
insert into SHOT values (13, 13, 14, 59, 1.140, 271.23, 3.40, 1.143, 271.51, 3.51, 0.006, 337.66, 21.82);
insert into SHOT values (14, 13, 15, 59, 1.680, 177.53, -1.00, 1.682, 177.61, -1.02, 0.003, 232.00, -13.00);
insert into SHOT values (15, 13, 16, 59, 5.530, 348.33, 2.50, 5.530, 348.30, 2.49, 0.003, 257.92, -23.66);
insert into SHOT values (16, 13, 17, 59, 2.700, 41.23, 7.80, 2.697, 41.21, 7.88, 0.005, 241.21, 44.84);
insert into SHOT values (17, 13, 18, 59, 2.120, 104.73, 1.40, 2.121, 104.76, 1.35, 0.002, 163.39, -58.98);
insert into SHOT values (18, 13, 19, 59, 2.860, 68.93, -5.00, 2.863, 68.83, -5.01, 0.006, 12.82, -7.00);
insert into SHOT values (19, 13, 20, 59, 8.190, 344.83, 53.40, 8.190, 344.83, 53.34, 0.009, 341.33, -34.40);
insert into SHOT values (20, 13, 21, 59, 4.690, 342.53, 80.10, 4.690, 342.69, 80.10, 0.002, 67.71, -4.22);
insert into SHOT values (21, 13, 22, 59, 9.070, 280.13, 75.70, 9.027, 279.59, 75.76, 0.048, 147.54, -53.74);
insert into SHOT values (22, 22, 23, 59, 0.440, 111.43, 0.80, 0.440, 111.32, 1.30, 0.004, 31.47, 76.96);
insert into SHOT values (23, 22, 24, 59, 0.520, 76.63, -3.90, 0.525, 76.76, -3.28, 0.008, 89.40, 45.58);
insert into SHOT values (24, 22, 25, 59, 0.380, 29.23, 1.50, 0.381, 29.93, 1.50, 0.005, 108.38, 0.64);
insert into SHOT values (25, 22, 26, 59, 0.380, 118.33, 59.10, 0.387, 116.57, 58.62, 0.009, 72.39, 24.50);
insert into SHOT values (26, 22, 27, 59, 1.180, 148.23, -49.40, 1.176, 147.76, -49.19, 0.009, 63.30, 42.89);
insert into SHOT values (27, 22, 28, 59, 1.330, 194.43, -42.80, 1.330, 194.18, -42.57, 0.007, 146.87, 31.82);
insert into SHOT values (28, 22, 29, 59, 2.280, 258.83, -50.40, 2.271, 258.85, -50.41, 0.009, 75.70, 48.48);
insert into SHOT values (29, 22, 30, 59, 2.600, 351.43, -55.40, 2.600, 351.43, -55.40, 0.000, 327.48, 57.91);
insert into SHOT values (30, 22, 31, 59, 7.650, 50.13, -86.20, 7.647, 50.63, -86.22, 0.006, 170.15, 32.12);
insert into SHOT values (31, 22, 32, 59, 6.760, 287.43, -79.70, 6.758, 287.38, -79.73, 0.004, 123.41, 15.55);
insert into SHOT values (32, 22, 33, 59, 5.500, 268.63, -72.20, 5.493, 268.64, -72.19, 0.007, 81.36, 82.74);
insert into SHOT values (33, 22, 34, 59, 5.570, 305.73, -67.10, 5.568, 305.60, -67.12, 0.006, 185.82, 9.80);
insert into SHOT values (34, 22, 35, 59, 3.110, 223.93, -78.00, 3.107, 223.11, -78.04, 0.010, 116.73, 11.93);
insert into SHOT values (35, 22, 36, 59, 2.520, 177.43, 23.70, 2.573, 177.33, 23.35, 0.056, 173.11, 7.31);
insert into SHOT values (36, 36, 37, 59, 1.100, 107.33, 3.00, 1.102, 107.45, 2.60, 0.008, 153.17, -67.90);
insert into SHOT values (37, 36, 38, 59, 1.270, 56.53, 0.20, 1.270, 56.56, 0.00, 0.004, 121.82, -81.31);
insert into SHOT values (38, 36, 39, 59, 1.000, 6.33, -0.30, 0.996, 6.34, -0.58, 0.006, 184.34, -50.72);
insert into SHOT values (39, 36, 40, 59, 1.160, 341.53, -4.00, 1.164, 341.41, -4.43, 0.010, 305.06, -65.15);
insert into SHOT values (40, 36, 41, 59, 0.550, 300.23, 8.00, 0.547, 299.88, 7.36, 0.008, 172.33, -56.86);
insert into SHOT values (41, 36, 42, 59, 0.930, 57.53, -83.50, 0.936, 56.31, -83.37, 0.007, 18.66, -58.40);
insert into SHOT values (42, 36, 43, 59, 2.300, 40.03, 65.30, 2.302, 39.96, 65.21, 0.005, 23.71, 5.49);
insert into SHOT values (43, 36, 44, 59, 2.870, 67.93, 80.10, 2.864, 67.56, 79.99, 0.009, 30.44, -53.61);
insert into SHOT values (44, 36, 45, 59, 3.580, 348.93, 63.40, 3.578, 348.83, 63.43, 0.004, 215.78, -15.37);
insert into SHOT values (45, 36, 46, 59, 2.370, 24.23, 62.60, 2.365, 24.44, 62.62, 0.007, 152.84, -38.74);
insert into SHOT values (46, 36, 47, 59, 4.550, 357.43, 76.40, 4.497, 357.75, 76.88, 0.065, 170.77, -40.62);
insert into SHOT values (47, 47, 48, 59, 1.870, 86.03, 0.40, 1.865, 86.00, 0.31, 0.006, 276.39, -29.02);
insert into SHOT values (48, 47, 49, 59, 3.210, 124.63, 8.80, 3.214, 124.74, 8.77, 0.007, 181.16, -8.56);
insert into SHOT values (49, 47, 50, 59, 2.630, 148.93, 14.20, 2.631, 149.11, 14.08, 0.010, 223.35, -31.67);
insert into SHOT values (50, 47, 51, 59, 2.360, 177.03, 8.80, 2.361, 177.05, 8.77, 0.002, 219.25, -41.73);
insert into SHOT values (51, 47, 52, 59, 2.140, 114.43, 63.20, 2.137, 114.69, 63.37, 0.009, 263.88, -0.90);
insert into SHOT values (52, 47, 53, 59, 2.710, 219.43, 87.40, 2.713, 218.66, 87.29, 0.006, 200.79, 27.32);
insert into SHOT values (53, 47, 54, 59, 1.710, 195.83, 57.10, 1.710, 196.11, 56.77, 0.011, 225.82, -32.02);
insert into SHOT values (54, 47, 55, 59, 3.870, 159.13, 41.40, 3.875, 159.26, 41.35, 0.009, 208.43, 4.86);
insert into SHOT values (55, 47, 56, 59, 2.520, 172.93, 4.80, 2.528, 172.93, 4.77, 0.008, 172.62, -6.21);
insert into SHOT values (56, 47, 57, 59, 4.340, 166.73, 40.80, 4.369, 166.84, 40.19, 0.055, 173.45, -16.74);
insert into SHOT values (57, 57, 58, 59, 0.980, 253.73, 7.00, 0.988, 253.41, 6.98, 0.010, 219.70, 3.32);
insert into SHOT values (58, 57, 59, 59, 1.150, 308.03, 6.80, 1.148, 307.87, 6.50, 0.007, 188.99, -59.84);
insert into SHOT values (59, 57, 60, 59, 1.300, 248.33, 0.20, 1.302, 248.36, 0.00, 0.005, 269.54, -67.67);
insert into SHOT values (60, 57, 61, 59, 1.900, 345.73, -10.80, 1.892, 345.66, -10.97, 0.010, 180.24, -24.36);
insert into SHOT values (61, 57, 62, 59, 1.930, 7.93, -3.50, 1.921, 7.79, -3.58, 0.010, 216.29, -12.42);
insert into SHOT values (62, 57, 63, 59, 2.180, 30.63, -2.20, 2.176, 30.69, -2.37, 0.008, 179.38, -55.08);
insert into SHOT values (63, 57, 64, 59, 3.470, 313.43, 75.60, 3.469, 313.12, 75.59, 0.005, 225.48, -11.88);
insert into SHOT values (64, 57, 65, 59, 4.080, 236.83, 36.50, 4.088, 236.21, 35.95, 0.053, 185.77, -30.34);
insert into SHOT values (65, 65, 66, 59, 1.850, 252.93, 9.50, 1.845, 253.06, 9.67, 0.008, 37.68, 33.72);
insert into SHOT values (66, 65, 67, 59, 1.480, 301.43, 8.90, 1.486, 301.63, 8.90, 0.008, 342.32, 7.46);
insert into SHOT values (67, 65, 68, 59, 2.240, 353.33, -2.60, 2.247, 353.35, -2.55, 0.008, 358.59, 12.23);
insert into SHOT values (68, 65, 69, 59, 3.060, 21.83, -2.80, 3.064, 21.87, -2.81, 0.004, 49.59, -6.70);
insert into SHOT values (69, 65, 70, 59, 1.600, 64.13, -83.20, 1.602, 62.10, -83.10, 0.007, 356.38, -9.68);
insert into SHOT values (70, 65, 71, 59, 2.500, 50.33, -49.90, 2.499, 50.29, -49.84, 0.003, 12.11, 47.18);
insert into SHOT values (71, 65, 72, 59, 4.530, 278.13, 64.00, 4.531, 278.37, 63.93, 0.010, 335.46, -8.75);
insert into SHOT values (72, 65, 73, 59, 4.720, 317.33, 59.00, 4.725, 317.33, 58.99, 0.005, 316.03, 50.14);
insert into SHOT values (73, 65, 74, 59, 5.030, 354.93, 52.90, 5.033, 354.91, 52.82, 0.008, 345.55, -13.04);
insert into SHOT values (74, 65, 75, 59, 5.440, 6.63, 52.80, 5.439, 6.63, 52.76, 0.004, 2.35, -46.20);
insert into SHOT values (75, 65, 76, 59, 5.270, 3.93, 71.50, 5.273, 3.77, 71.49, 0.006, 290.42, 25.06);
insert into SHOT values (76, 65, 77, 59, 6.050, 332.63, 79.10, 6.050, 332.54, 79.05, 0.006, 314.47, -8.43);
insert into SHOT values (77, 65, 78, 59, 11.100, 316.13, 72.80, 11.106, 316.23, 72.81, 0.009, 52.25, 47.42);
insert into SHOT values (78, 65, 79, 59, 10.110, 331.63, 73.80, 10.065, 331.53, 74.53, 0.136, 153.74, -3.61);
insert into SHOT values (79, 79, 80, 59, 2.150, 225.43, 6.50, 2.156, 225.57, 6.39, 0.009, 263.45, -22.47);
insert into SHOT values (80, 79, 81, 59, 1.380, 264.23, 3.00, 1.389, 264.21, 2.89, 0.009, 260.35, -13.89);
insert into SHOT values (81, 79, 82, 59, 1.530, 308.83, 2.50, 1.538, 308.66, 2.24, 0.012, 279.39, -35.59);
insert into SHOT values (82, 79, 83, 59, 1.820, 336.33, 5.80, 1.822, 336.26, 5.67, 0.005, 297.23, -48.03);
insert into SHOT values (83, 79, 84, 59, 3.830, 350.73, 7.90, 3.827, 350.59, 7.81, 0.012, 245.45, -32.81);
insert into SHOT values (84, 79, 85, 59, 3.120, 24.63, 9.30, 3.119, 24.57, 9.22, 0.005, 289.89, -50.09);
insert into SHOT values (85, 79, 86, 59, 2.970, 40.63, 7.30, 2.959, 40.58, 7.18, 0.013, 235.95, -36.07);
insert into SHOT values (86, 79, 87, 59, 2.290, 235.93, -61.30, 2.296, 236.02, -61.10, 0.010, 246.23, -7.71);
insert into SHOT values (87, 79, 88, 59, 2.020, 260.63, -71.00, 2.021, 260.39, -70.96, 0.003, 200.79, -0.95);
insert into SHOT values (88, 79, 89, 59, 1.710, 348.13, -71.70, 1.714, 348.06, -71.94, 0.008, 175.60, -49.86);
insert into SHOT values (89, 79, 90, 59, 3.630, 7.63, 8.00, 3.554, 7.67, 7.76, 0.077, 185.83, -18.99);
insert into SHOT values (90, 90, 91, 59, 1.490, 253.23, -86.70, 1.492, 255.96, -86.83, 0.006, 24.12, -25.42);
insert into SHOT values (91, 90, 92, 59, 2.430, 178.03, -40.40, 2.434, 177.83, -40.48, 0.008, 94.89, -38.01);
insert into SHOT values (92, 90, 93, 59, 2.210, 149.83, -30.40, 2.213, 149.81, -30.40, 0.003, 133.87, -29.79);
insert into SHOT values (93, 90, 94, 59, 4.650, 194.83, -0.60, 4.645, 194.84, -0.62, 0.005, 3.55, -15.16);
insert into SHOT values (94, 90, 95, 59, 1.570, 236.23, -0.70, 1.564, 236.21, -0.73, 0.006, 62.89, -8.23);
insert into SHOT values (95, 90, 96, 59, 1.150, 288.03, -4.40, 1.151, 288.28, -4.48, 0.005, 3.29, -19.28);
insert into SHOT values (96, 90, 97, 59, 2.210, 143.73, 7.00, 2.213, 143.70, 7.01, 0.003, 120.95, 13.43);
insert into SHOT values (97, 90, 98, 59, 2.680, 172.03, 4.50, 2.674, 172.02, 4.50, 0.006, 356.74, -2.60);
insert into SHOT values (98, 90, 99, 59, 9.430, 265.93, 71.10, 9.396, 265.33, 70.93, 0.055, 201.54, -49.25);
insert into SHOT values (99, 99, 100, 59, 1.310, 16.33, 7.10, 1.313, 16.49, 7.00, 0.005, 60.59, -20.62);
insert into SHOT values (100, 99, 101, 59, 2.950, 60.43, 8.90, 2.956, 60.45, 8.95, 0.006, 69.94, 33.79);
insert into SHOT values (101, 99, 102, 59, 2.350, 119.33, 3.70, 2.355, 119.29, 3.65, 0.006, 102.11, -16.19);
insert into SHOT values (102, 99, 103, 59, 2.050, 165.63, 16.80, 2.049, 165.54, 16.74, 0.004, 69.57, -37.98);
insert into SHOT values (103, 99, 104, 59, 1.790, 178.33, 1.30, 1.791, 178.08, 1.28, 0.008, 98.75, -4.35);
insert into SHOT values (104, 99, 105, 59, 0.380, 226.33, -9.50, 0.380, 226.08, -9.09, 0.003, 137.77, 58.81);
insert into SHOT values (105, 99, 106, 59, 3.730, 98.23, 87.00, 3.725, 98.53, 86.89, 0.009, 106.76, -34.55);
insert into SHOT values (106, 99, 107, 59, 3.350, 88.63, 64.40, 3.350, 88.42, 64.34, 0.006, 28.21, -10.43);
insert into SHOT values (107, 99, 108, 59, 2.650, 95.63, 41.70, 2.649, 95.51, 41.65, 0.005, 12.92, -33.64);
insert into SHOT values (108, 99, 109, 59, 12.740, 266.93, 73.50, 12.702, 266.37, 73.36, 0.061, 204.83, -48.54);
insert into SHOT values (109, 109, 110, 59, 0.680, 262.33, 2.90, 0.677, 262.35, 3.39, 0.006, 78.65, 60.88);
insert into SHOT values (110, 109, 111, 59, 0.770, 300.83, 2.20, 0.767, 300.58, 2.24, 0.004, 171.01, 5.72);
insert into SHOT values (111, 109, 112, 59, 5.780, 326.53, 2.70, 5.781, 326.59, 2.68, 0.006, 46.82, -22.88);
insert into SHOT values (112, 109, 113, 59, 1.080, 1.33, 5.30, 1.085, 1.59, 5.29, 0.007, 45.50, 1.96);
insert into SHOT values (113, 109, 114, 59, 1.170, 342.63, -73.10, 1.169, 342.65, -73.34, 0.005, 161.70, -6.20);
insert into SHOT values (114, 109, 115, 59, 1.170, 350.63, -54.80, 1.168, 350.68, -54.45, 0.008, 357.18, 52.96);
insert into SHOT values (115, 109, 116, 59, 1.180, 306.13, 67.70, 1.177, 305.84, 67.83, 0.005, 157.88, -21.92);
insert into SHOT values (116, 109, 117, 59, 3.980, 310.93, 61.40, 3.986, 310.96, 61.42, 0.006, 339.69, 71.38);
insert into SHOT values (117, 109, 118, 59, 6.390, 339.43, 15.80, 6.316, 339.30, 15.61, 0.078, 171.41, -30.60);
insert into SHOT values (118, 118, 119, 59, 5.210, 53.33, 0.70, 5.202, 53.28, 0.77, 0.011, 263.23, 35.94);
insert into SHOT values (119, 118, 120, 59, 3.550, 82.33, 5.50, 3.548, 82.35, 5.50, 0.003, 234.29, -5.68);
insert into SHOT values (120, 118, 121, 59, 2.730, 121.63, -2.00, 2.727, 121.65, -1.89, 0.006, 287.16, 59.33);
insert into SHOT values (121, 118, 122, 59, 6.460, 126.83, -75.40, 6.459, 127.01, -75.40, 0.005, 221.02, 15.42);
insert into SHOT values (122, 118, 123, 59, 1.500, 173.53, 14.40, 1.507, 173.70, 14.60, 0.010, 209.83, 43.48);
insert into SHOT values (123, 118, 124, 59, 3.040, 136.93, 7.60, 3.035, 137.02, 7.76, 0.011, 280.05, 45.58);
insert into SHOT values (124, 118, 125, 59, 7.110, 72.93, -39.60, 7.104, 72.89, -39.62, 0.008, 286.56, 15.77);
insert into SHOT values (125, 118, 126, 59, 3.990, 175.33, -65.80, 3.990, 175.44, -65.81, 0.003, 273.12, -11.67);
insert into SHOT values (126, 118, 127, 59, 10.280, 237.03, 72.20, 10.258, 236.55, 71.54, 0.123, 222.59, -28.07);
insert into SHOT values (127, 127, 128, 59, 0.580, 289.93, -4.10, 0.577, 290.32, -3.97, 0.005, 54.26, 17.16);
insert into SHOT values (128, 127, 129, 59, 1.210, 8.63, -8.00, 1.214, 8.60, -7.57, 0.010, 1.64, 57.50);
insert into SHOT values (129, 127, 130, 59, 2.420, 199.93, -4.10, 2.420, 199.86, -4.03, 0.004, 105.29, 45.23);
insert into SHOT values (130, 127, 131, 59, 3.150, 220.93, -3.60, 3.146, 221.00, -3.46, 0.009, 356.69, 56.87);
insert into SHOT values (131, 127, 132, 59, 2.610, 232.03, -5.00, 2.610, 232.03, -4.84, 0.007, 208.34, 86.55);
insert into SHOT values (132, 127, 133, 59, 4.490, 246.73, 25.50, 4.490, 246.73, 25.60, 0.008, 73.58, 65.88);
insert into SHOT values (133, 127, 134, 59, 6.630, 151.73, -79.50, 6.620, 151.73, -79.53, 0.010, 331.96, 62.45);
insert into SHOT values (134, 127, 135, 59, 4.520, 225.53, -63.80, 4.514, 225.41, -63.79, 0.007, 116.42, 50.38);
insert into SHOT values (135, 127, 136, 59, 3.690, 26.13, -82.90, 3.688, 26.00, -82.90, 0.002, 301.09, 58.83);
insert into SHOT values (136, 127, 137, 59, 5.740, 81.93, -59.00, 5.742, 81.84, -58.97, 0.006, 29.93, 1.36);
insert into SHOT values (137, 127, 138, 59, 2.560, 26.13, 0.10, 2.504, 26.57, 0.00, 0.059, 187.37, -4.35);
insert into SHOT values (138, 138, 139, 59, 0.320, 131.83, 5.20, 0.312, 132.40, 3.67, 0.012, 288.87, -48.83);
insert into SHOT values (139, 138, 140, 59, 0.240, 304.33, -1.70, 0.244, 304.99, -2.35, 0.006, 337.99, -29.60);
insert into SHOT values (140, 138, 141, 59, 1.370, 49.33, 32.10, 1.368, 49.18, 31.77, 0.009, 355.58, -65.16);
insert into SHOT values (141, 138, 142, 59, 1.350, 312.33, 69.90, 1.344, 311.53, 69.64, 0.011, 250.92, -46.27);
insert into SHOT values (142, 138, 143, 59, 1.870, 285.23, 84.40, 1.869, 285.52, 84.26, 0.005, 297.61, -13.62);
insert into SHOT values (143, 138, 144, 59, 1.840, 41.83, 71.10, 1.837, 41.55, 71.33, 0.009, 241.46, -5.33);
insert into SHOT values (144, 138, 145, 59, 2.300, 341.43, 78.20, 2.243, 339.90, 78.78, 0.063, 180.37, -55.10);
insert into SHOT values (145, 145, 146, 59, 0.520, 318.23, -15.30, 0.520, 319.03, -14.48, 0.010, 34.79, 45.10);
insert into SHOT values (146, 145, 147, 59, 0.430, 271.93, -12.80, 0.430, 272.73, -12.08, 0.008, 351.04, 41.59);
insert into SHOT values (147, 145, 148, 59, 1.120, 321.63, 42.70, 1.123, 321.88, 42.61, 0.005, 11.01, 5.56);
insert into SHOT values (148, 145, 149, 59, 0.780, 358.53, 34.70, 0.791, 359.12, 34.69, 0.013, 35.71, 28.44);
insert into SHOT values (149, 145, 150, 59, 0.590, 342.03, 19.90, 0.591, 342.22, 19.76, 0.003, 26.41, -17.89);
insert into SHOT values (150, 145, 151, 59, 2.060, 115.53, -75.00, 2.059, 114.62, -75.14, 0.010, 353.61, -1.12);
insert into SHOT values (151, 145, 152, 59, 1.860, 228.23, 7.60, 1.851, 228.31, 7.76, 0.010, 32.25, 22.73);
insert into SHOT values (152, 145, 153, 59, 2.760, 336.33, 30.60, 2.690, 336.31, 30.62, 0.070, 157.04, -29.96);
insert into SHOT values (153, 153, 154, 59, 1.250, 205.63, 1.80, 1.253, 205.54, 1.83, 0.004, 172.38, 11.55);
insert into SHOT values (154, 153, 155, 59, 1.210, 259.13, 17.20, 1.216, 259.08, 17.23, 0.006, 246.87, 22.61);
insert into SHOT values (155, 153, 156, 59, 2.660, 302.23, 15.00, 2.666, 302.15, 15.00, 0.007, 266.69, 13.13);
insert into SHOT values (156, 153, 157, 59, 2.790, 333.23, 13.60, 2.789, 333.25, 13.69, 0.004, 132.03, 65.99);
insert into SHOT values (157, 153, 158, 59, 1.780, 4.03, 5.80, 1.783, 3.88, 5.79, 0.006, 307.66, 1.20);
insert into SHOT values (158, 153, 159, 59, 1.930, 23.63, 5.20, 1.929, 23.63, 5.35, 0.005, 209.45, 78.92);
insert into SHOT values (159, 153, 160, 59, 2.600, 49.63, 1.70, 2.598, 49.69, 1.76, 0.004, 181.41, 41.41);
insert into SHOT values (160, 153, 161, 59, 2.320, 67.33, 5.90, 2.321, 67.32, 5.94, 0.002, 40.30, 60.97);
insert into SHOT values (161, 153, 162, 59, 1.300, 112.13, 2.90, 1.298, 112.21, 3.09, 0.005, 252.23, 56.47);
insert into SHOT values (162, 153, 163, 59, 1.170, 143.63, -1.30, 1.166, 143.72, -0.98, 0.008, 297.59, 58.25);
insert into SHOT values (163, 153, 164, 59, 1.490, 63.73, -46.00, 1.490, 63.68, -45.88, 0.003, 43.68, 34.27);
insert into SHOT values (164, 153, 165, 59, 6.220, 325.73, 75.40, 6.221, 325.40, 75.41, 0.009, 231.54, 5.28);
insert into SHOT values (165, 153, 166, 59, 3.700, 324.03, 23.70, 3.700, 324.01, 23.75, 0.003, 184.54, 53.83);
insert into SHOT values (166, 153, 167, 59, 5.000, 326.13, 31.50, 5.001, 326.09, 31.46, 0.005, 272.00, -30.55);
insert into SHOT values (167, 153, 168, 59, 5.130, 327.23, 40.00, 5.057, 326.93, 40.14, 0.076, 165.28, -29.36);
insert into SHOT values (168, 168, 169, 59, 1.590, 57.43, -4.80, 1.589, 57.11, -4.69, 0.009, 323.40, 18.98);
insert into SHOT values (169, 168, 170, 59, 1.220, 248.33, -81.90, 1.222, 249.44, -81.96, 0.004, 355.93, -31.98);
insert into SHOT values (170, 168, 171, 59, 1.450, 201.03, 11.50, 1.445, 201.12, 11.58, 0.006, 359.55, 8.37);
insert into SHOT values (171, 168, 172, 59, 3.410, 332.13, 15.30, 3.413, 332.11, 15.29, 0.003, 311.99, 3.21);
insert into SHOT values (172, 168, 173, 59, 1.980, 3.83, 7.60, 1.981, 3.79, 7.54, 0.003, 326.57, -41.18);
insert into SHOT values (173, 168, 174, 59, 1.980, 352.53, 47.10, 1.912, 352.43, 47.52, 0.070, 174.76, -35.53);
insert into SHOT values (174, 174, 175, 59, 1.660, 357.63, -1.70, 1.662, 357.59, -1.72, 0.003, 325.89, -16.21);
insert into SHOT values (175, 174, 176, 59, 2.020, 300.43, -4.00, 2.022, 300.38, -4.25, 0.009, 255.02, -73.85);
insert into SHOT values (176, 174, 177, 59, 1.090, 246.53, -8.90, 1.093, 246.52, -8.95, 0.003, 242.27, -28.82);
insert into SHOT values (177, 174, 178, 59, 1.720, 258.13, -85.00, 1.727, 258.69, -84.92, 0.007, 284.11, -62.56);
insert into SHOT values (178, 174, 179, 59, 1.720, 64.33, -43.10, 1.724, 64.05, -43.20, 0.008, 342.03, -37.02);
insert into SHOT values (179, 174, 180, 59, 10.480, 324.23, 77.50, 10.430, 323.78, 78.20, 0.139, 151.35, -8.93);
insert into SHOT values (180, 180, 181, 59, 0.610, 1.33, -2.20, 0.611, 1.88, -1.88, 0.007, 83.98, 30.25);
insert into SHOT values (181, 180, 182, 59, 0.370, 51.13, 0.30, 0.370, 51.58, 0.00, 0.003, 138.59, -33.68);
insert into SHOT values (182, 180, 183, 59, 0.610, 230.93, -0.80, 0.604, 231.04, -0.95, 0.006, 38.93, -14.67);
insert into SHOT values (183, 180, 184, 59, 0.790, 181.33, 12.00, 0.787, 180.74, 11.74, 0.009, 72.40, -26.95);
insert into SHOT values (184, 180, 185, 59, 0.690, 115.93, 2.90, 0.690, 115.82, 3.32, 0.005, 11.26, 74.79);
insert into SHOT values (185, 180, 186, 59, 0.660, 147.93, 1.80, 0.661, 147.99, 1.73, 0.001, 193.47, -36.03);
insert into SHOT values (186, 180, 187, 59, 2.610, 135.23, -58.10, 2.617, 135.00, -58.02, 0.010, 95.21, -25.58);
insert into SHOT values (187, 180, 188, 59, 16.670, 151.43, -65.30, 16.668, 151.38, -65.27, 0.010, 103.93, 27.61);
insert into SHOT values (188, 180, 189, 59, 2.360, 138.03, 51.20, 2.372, 138.49, 50.49, 0.034, 159.96, -15.89);
insert into SHOT values (189, 189, 190, 59, 0.700, 233.33, -1.00, 0.694, 233.79, -0.83, 0.008, 9.94, 15.35);
insert into SHOT values (190, 189, 191, 59, 0.520, 265.43, 2.20, 0.522, 265.60, 2.20, 0.002, 304.16, 0.89);
insert into SHOT values (191, 189, 192, 59, 0.690, 282.13, -0.70, 0.687, 282.62, -0.83, 0.007, 42.27, -13.10);
insert into SHOT values (192, 189, 193, 59, 1.570, 355.93, -86.40, 1.573, 354.29, -86.34, 0.005, 299.00, -42.02);
insert into SHOT values (193, 189, 194, 59, 2.180, 331.83, -5.30, 2.183, 332.02, -5.26, 0.008, 36.18, 9.80);
insert into SHOT values (194, 189, 195, 59, 1.130, 294.93, 78.10, 1.124, 295.46, 78.06, 0.006, 36.13, -68.97);
insert into SHOT values (195, 189, 196, 59, 2.860, 283.93, 59.70, 2.814, 283.45, 59.72, 0.048, 130.37, -55.61);
insert into SHOT values (196, 196, 197, 59, 0.750, 307.73, 3.40, 0.758, 307.48, 3.78, 0.010, 283.05, 34.29);
insert into SHOT values (197, 196, 198, 59, 1.080, 342.63, -3.40, 1.083, 342.24, -3.18, 0.009, 277.33, 26.14);
insert into SHOT values (198, 196, 199, 59, 0.750, 32.43, -7.10, 0.746, 31.76, -6.93, 0.010, 281.35, 16.15);
insert into SHOT values (199, 196, 200, 59, 0.760, 117.73, -8.50, 0.755, 117.94, -8.38, 0.006, 267.58, 23.72);
insert into SHOT values (200, 196, 201, 59, 0.200, 16.93, 80.10, 0.202, 18.43, 81.02, 0.004, 180.29, 45.81);
insert into SHOT values (201, 196, 202, 59, 1.340, 135.53, -86.50, 1.332, 140.19, -86.64, 0.011, 257.50, 45.07);
insert into SHOT values (202, 196, 203, 59, 1.350, 173.13, -16.30, 1.353, 173.37, -16.31, 0.006, 234.22, -10.24);
insert into SHOT values (203, 196, 204, 59, 1.780, 180.73, -39.00, 1.785, 180.82, -38.86, 0.007, 198.84, 1.52);
insert into SHOT values (204, 196, 205, 59, 3.550, 192.73, -58.80, 3.548, 192.83, -58.65, 0.010, 216.99, 40.01);
insert into SHOT values (205, 196, 206, 59, 2.720, 181.93, -6.50, 2.790, 181.86, -6.59, 0.070, 179.06, -9.93);
insert into SHOT values (206, 206, 207, 59, 1.960, 344.63, 0.20, 1.960, 344.62, 0.00, 0.007, 278.86, -85.09);
insert into SHOT values (207, 206, 208, 59, 1.340, 28.03, -4.90, 1.338, 27.72, -5.14, 0.009, 281.58, -36.05);
insert into SHOT values (208, 206, 209, 59, 1.080, 74.13, -7.00, 1.079, 74.28, -7.45, 0.009, 199.68, -68.63);
insert into SHOT values (209, 206, 210, 59, 3.090, 312.33, -6.10, 3.097, 312.24, -6.12, 0.009, 275.82, -10.71);
insert into SHOT values (210, 206, 211, 59, 2.840, 312.83, -35.70, 2.842, 312.54, -35.73, 0.012, 227.44, -13.11);
insert into SHOT values (211, 206, 212, 59, 2.930, 332.93, -59.70, 2.929, 332.57, -59.74, 0.010, 229.08, -1.48);
insert into SHOT values (212, 206, 213, 59, 5.570, 334.73, 77.80, 5.566, 334.31, 77.80, 0.010, 239.48, -25.59);
insert into SHOT values (213, 206, 214, 59, 6.570, 290.73, 60.50, 6.564, 290.62, 60.45, 0.011, 219.01, -50.48);
insert into SHOT values (214, 206, 215, 59, 4.310, 291.33, 35.10, 4.309, 291.26, 34.98, 0.010, 242.78, -53.87);
insert into SHOT values (215, 206, 216, 59, 3.680, 297.93, 22.60, 3.685, 297.84, 22.50, 0.009, 260.20, -26.32);
insert into SHOT values (216, 206, 217, 59, 3.190, 305.33, 1.30, 3.194, 305.18, 1.26, 0.010, 242.08, -14.29);
insert into SHOT values (217, 206, 218, 59, 3.010, 315.03, -3.70, 3.012, 314.87, -3.81, 0.011, 234.57, -32.92);
insert into SHOT values (218, 206, 219, 59, 8.780, 310.73, 23.30, 8.784, 310.68, 23.27, 0.010, 258.29, -16.74);
insert into SHOT values (219, 206, 220, 59, 9.070, 293.23, 69.90, 9.017, 292.63, 70.12, 0.071, 145.34, -31.97);
insert into SHOT values (220, 220, 221, 59, 0.780, 162.33, -9.10, 0.775, 162.51, -8.91, 0.006, 315.82, 32.03);
insert into SHOT values (221, 220, 222, 59, 2.590, 217.13, 0.70, 2.590, 217.31, 0.88, 0.012, 305.32, 45.76);
insert into SHOT values (222, 220, 223, 59, 0.490, 249.73, 0.40, 0.491, 249.72, 1.17, 0.007, 232.79, 86.18);
insert into SHOT values (223, 220, 224, 59, 0.950, 342.43, -6.50, 0.951, 342.14, -6.04, 0.009, 271.44, 55.91);
insert into SHOT values (224, 220, 225, 59, 2.030, 309.33, -6.50, 2.031, 309.37, -6.50, 0.002, 2.66, -6.94);
insert into SHOT values (225, 220, 226, 59, 2.220, 279.43, -6.90, 2.225, 279.38, -6.71, 0.009, 258.59, 48.19);
insert into SHOT values (226, 220, 227, 59, 10.330, 328.53, -86.80, 10.326, 328.52, -86.81, 0.004, 151.06, 61.72);
insert into SHOT values (227, 220, 228, 59, 1.590, 297.73, -65.50, 1.587, 297.72, -65.16, 0.010, 296.43, 43.83);
insert into SHOT values (228, 220, 229, 59, 2.730, 279.43, 27.30, 2.740, 279.46, 27.38, 0.011, 289.47, 47.25);
insert into SHOT values (229, 220, 230, 59, 2.060, 305.83, 15.10, 2.013, 305.16, 14.97, 0.052, 153.14, -18.52);
insert into SHOT values (230, 230, 231, 59, 1.020, 217.13, -2.90, 1.015, 216.98, -2.82, 0.006, 66.53, 16.58);
insert into SHOT values (231, 230, 232, 59, 1.290, 183.43, -10.20, 1.293, 183.15, -10.25, 0.007, 113.91, -13.35);
insert into SHOT values (232, 230, 233, 59, 1.620, 160.83, -8.70, 1.620, 160.66, -8.88, 0.007, 58.53, -45.05);
insert into SHOT values (233, 230, 234, 59, 0.670, 65.03, 1.40, 0.671, 65.34, 1.71, 0.005, 134.29, 42.92);
insert into SHOT values (234, 230, 235, 59, 0.810, 116.23, 4.40, 0.816, 116.25, 4.22, 0.007, 118.53, -18.69);
insert into SHOT values (235, 230, 236, 59, 6.650, 240.33, 86.10, 6.617, 238.63, 85.84, 0.047, 213.04, -47.99);
insert into SHOT values (236, 236, 237, 59, 19.820, 43.43, -85.70, 19.825, 43.63, -85.72, 0.011, 190.36, -31.85);
insert into SHOT values (237, 236, 238, 59, 0.120, 82.93, 22.40, 0.117, 84.81, 19.91, 0.007, 181.61, -57.48);
insert into SHOT values (238, 236, 239, 59, 1.390, 163.83, -4.70, 1.388, 164.05, -4.96, 0.008, 275.35, -46.63);
insert into SHOT values (239, 236, 240, 59, 0.270, 235.03, 10.20, 0.277, 233.97, 10.41, 0.008, 196.20, 15.25);
insert into SHOT values (240, 236, 241, 59, 0.730, 320.73, -20.20, 0.733, 320.30, -19.95, 0.007, 266.38, 17.95);
insert into SHOT values (241, 236, 242, 59, 12.570, 352.53, -74.80, 12.568, 352.49, -74.83, 0.008, 192.13, 1.86);
insert into SHOT values (242, 236, 243, 59, 0.760, 3.03, -79.20, 0.763, 0.00, -79.43, 0.009, 253.65, -23.79);
insert into SHOT values (243, 236, 244, 59, 12.310, 354.73, -75.20, 12.308, 354.71, -75.20, 0.002, 226.12, 41.35);
insert into SHOT values (244, 236, 245, 59, 2.830, 172.73, 36.20, 2.865, 172.84, 35.65, 0.045, 178.58, -1.81);
insert into SHOT values (245, 245, 246, 59, 0.440, 39.53, -8.50, 0.438, 40.31, -9.19, 0.008, 151.87, -37.87);
insert into SHOT values (246, 245, 247, 59, 1.400, 54.33, -67.60, 1.404, 54.21, -67.82, 0.007, 252.58, -57.53);
insert into SHOT values (247, 245, 248, 59, 0.630, 100.43, -9.20, 0.631, 101.13, -10.03, 0.012, 192.33, -50.80);
insert into SHOT values (248, 245, 249, 59, 1.690, 45.73, 79.90, 1.685, 46.40, 80.09, 0.008, 197.96, -27.82);
insert into SHOT values (249, 245, 250, 59, 1.030, 302.43, -84.10, 1.035, 299.05, -84.29, 0.009, 185.37, -38.69);
insert into SHOT values (250, 245, 251, 59, 1.320, 344.43, -20.40, 1.318, 344.50, -20.43, 0.003, 131.84, 2.41);
insert into SHOT values (251, 245, 252, 59, 0.570, 72.03, -4.50, 0.568, 72.53, -5.05, 0.007, 185.72, -44.79);
insert into SHOT values (252, 245, 253, 59, 0.580, 73.73, -4.40, 0.575, 73.78, -4.99, 0.008, 248.80, -44.96);
insert into SHOT values (253, 245, 254, 59, 0.590, 77.03, -3.60, 0.586, 77.15, -3.91, 0.005, 240.79, -34.02);
insert into SHOT values (254, 245, 255, 59, 0.600, 75.33, -3.00, 0.600, 75.50, -3.82, 0.009, 168.52, -78.47);
insert into SHOT values (255, 245, 256, 59, 0.600, 75.63, -2.90, 0.584, 78.11, -3.93, 0.032, 200.08, -17.52);
insert into SHOT values (256, 256, 257, 59, 0.340, 220.23, -16.50, 0.334, 221.19, -17.41, 0.010, 3.60, -21.11);
insert into SHOT values (257, 256, 258, 59, 1.010, 226.43, -61.20, 1.012, 226.68, -61.61, 0.008, 25.49, -39.76);
insert into SHOT values (258, 256, 259, 59, 1.220, 46.93, -70.00, 1.226, 46.91, -69.74, 0.008, 45.57, -26.29);
insert into SHOT values (259, 256, 260, 59, 0.860, 154.13, -37.20, 0.856, 153.81, -37.41, 0.006, 10.06, -0.40);
insert into SHOT values (260, 256, 261, 59, 0.890, 172.13, 7.50, 0.887, 171.50, 7.13, 0.012, 66.12, -31.47);
insert into SHOT values (261, 256, 262, 59, 1.490, 169.03, -13.40, 1.489, 168.85, -13.59, 0.007, 55.06, -42.24);
insert into SHOT values (262, 256, 263, 59, 1.490, 170.33, -13.40, 1.557, 170.10, -13.75, 0.068, 164.82, -21.29);
insert into SHOT values (263, 263, 264, 59, 1.490, 170.63, -13.40, 1.500, 170.93, -13.50, 0.012, 210.91, -22.16);
insert into SHOT values (264, 263, 265, 59, 0.360, 64.03, -11.30, 0.360, 64.89, -11.20, 0.005, 150.21, 5.86);
insert into SHOT values (265, 263, 266, 59, 1.530, 69.43, -78.80, 1.529, 70.35, -78.79, 0.005, 158.16, 10.29);
insert into SHOT values (266, 263, 267, 59, 0.730, 57.93, 59.80, 0.727, 58.50, 60.01, 0.005, 193.36, -10.24);
insert into SHOT values (267, 263, 268, 59, 1.410, 140.03, -17.00, 1.474, 140.77, -17.36, 0.067, 157.14, -24.32);
insert into SHOT values (268, 268, 269, 59, 1.200, 43.03, -89.20, 1.200, 63.43, -88.93, 0.009, 104.70, -0.76);
insert into SHOT values (269, 268, 270, 59, 0.550, 219.03, -1.70, 0.548, 218.33, -1.05, 0.009, 115.42, 42.55);
insert into SHOT values (270, 268, 271, 59, 0.410, 163.33, -7.90, 0.411, 162.90, -6.99, 0.007, 105.16, 60.14);
insert into SHOT values (271, 268, 272, 59, 0.360, 281.83, -4.40, 0.358, 281.31, -4.80, 0.005, 159.98, -31.86);
insert into SHOT values (272, 268, 273, 59, 3.120, 240.03, 79.40, 3.122, 239.38, 79.49, 0.009, 114.74, 22.24);
insert into SHOT values (273, 268, 274, 59, 2.980, 205.53, 70.30, 2.963, 204.81, 69.77, 0.035, 172.79, -47.13);
insert into SHOT values (274, 274, 275, 59, 0.270, 286.33, -0.90, 0.269, 285.07, 0.00, 0.007, 188.91, 35.30);
insert into SHOT values (275, 274, 276, 59, 2.840, 274.03, 83.00, 2.842, 273.27, 82.91, 0.007, 227.58, 10.30);
insert into SHOT values (276, 274, 277, 59, 1.810, 274.83, -77.40, 1.803, 274.40, -77.47, 0.008, 133.51, 53.53);
insert into SHOT values (277, 274, 278, 59, 0.770, 71.03, 71.40, 0.770, 70.82, 71.55, 0.002, 274.35, 5.49);
insert into SHOT values (278, 274, 279, 59, 1.060, 9.43, 70.80, 1.067, 10.01, 71.13, 0.010, 143.54, 61.67);
insert into SHOT values (279, 274, 280, 59, 2.020, 191.83, 56.90, 2.035, 191.71, 56.15, 0.031, 187.15, -4.10);
insert into SHOT values (280, 280, 281, 59, 0.420, 111.53, 3.50, 0.418, 111.04, 2.74, 0.007, 0.60, -55.59);
insert into SHOT values (281, 280, 282, 59, 0.800, 113.63, -50.90, 0.803, 113.05, -50.52, 0.008, 73.83, 5.91);
insert into SHOT values (282, 280, 283, 59, 1.180, 120.83, 50.50, 1.181, 120.31, 50.40, 0.007, 49.58, -4.09);
insert into SHOT values (283, 280, 284, 59, 1.710, 231.83, 6.20, 1.704, 231.71, 6.06, 0.008, 85.31, -35.45);
insert into SHOT values (284, 280, 285, 59, 1.420, 7.43, -8.90, 1.419, 7.38, -8.92, 0.002, 232.87, -9.56);
insert into SHOT values (285, 280, 286, 59, 0.490, 105.63, 33.80, 0.494, 108.00, 31.72, 0.025, 158.77, -30.05);
insert into SHOT values (286, 286, 287, 59, 5.090, 241.53, 66.90, 5.071, 241.03, 66.49, 0.045, 207.24, -45.25);
insert into SHOT values (287, 287, 288, 59, 0.370, 69.33, 10.20, 0.371, 69.08, 10.89, 0.005, 334.06, 69.90);
insert into SHOT values (288, 287, 289, 59, 0.810, 24.33, -8.50, 0.810, 24.33, -8.52, 0.000, 306.97, -70.42);
insert into SHOT values (289, 287, 290, 59, 0.460, 320.63, -8.90, 0.460, 320.36, -8.76, 0.002, 232.35, 27.99);
insert into SHOT values (290, 287, 291, 59, 3.400, 61.63, -72.30, 3.401, 61.70, -72.31, 0.002, 159.91, -37.96);
insert into SHOT values (291, 287, 292, 59, 3.940, 95.53, -71.30, 3.939, 95.44, -71.26, 0.004, 56.23, 32.03);
insert into SHOT values (292, 287, 293, 59, 1.150, 351.43, -77.60, 1.148, 353.16, -77.33, 0.009, 49.44, 19.55);
insert into SHOT values (293, 287, 294, 59, 1.740, 267.53, -42.60, 1.742, 267.76, -42.65, 0.006, 355.79, -23.43);
insert into SHOT values (294, 287, 295, 59, 1.470, 251.23, -26.00, 1.500, 250.49, -26.10, 0.035, 217.35, -26.45);
insert into SHOT values (295, 295, 296, 59, 0.490, 132.73, -9.80, 0.497, 132.51, -10.44, 0.009, 113.79, -48.55);
insert into SHOT values (296, 295, 297, 59, 2.020, 225.33, -77.40, 2.028, 225.00, -77.52, 0.009, 93.83, -68.56);
insert into SHOT values (297, 295, 298, 59, 0.700, 196.23, -7.30, 0.693, 196.06, -7.47, 0.008, 31.59, -7.70);
insert into SHOT values (298, 295, 299, 59, 0.980, 58.63, -11.40, 0.981, 58.63, -11.76, 0.006, 258.56, -87.59);
insert into SHOT values (299, 295, 300, 59, 1.090, 171.93, 72.10, 1.083, 171.38, 72.05, 0.008, 60.28, -64.61);
insert into SHOT values (300, 295, 301, 59, 2.040, 179.33, -35.60, 2.115, 179.00, -35.57, 0.075, 170.14, -34.28);
insert into SHOT values (301, 301, 302, 59, 0.280, 328.03, -3.30, 0.284, 327.99, -4.04, 0.005, 324.97, -48.06);
insert into SHOT values (302, 301, 303, 59, 1.240, 296.13, -74.40, 1.246, 296.57, -74.38, 0.007, 348.68, -60.67);
insert into SHOT values (303, 301, 304, 59, 0.990, 220.03, 80.20, 0.985, 220.24, 80.04, 0.006, 238.79, -71.25);
insert into SHOT values (304, 301, 305, 59, 0.370, 48.03, 29.90, 0.360, 47.60, 30.03, 0.011, 242.12, -24.82);
insert into SHOT values (305, 301, 306, 59, 1.450, 261.53, 0.90, 1.460, 260.54, 0.39, 0.030, 192.72, -25.18);
insert into SHOT values (306, 306, 307, 59, 1.530, 50.93, -84.00, 1.529, 47.49, -83.89, 0.010, 335.64, 9.10);
insert into SHOT values (307, 306, 308, 59, 0.350, 18.23, -2.20, 0.357, 17.93, -1.60, 0.009, 4.21, 23.67);
insert into SHOT values (308, 306, 309, 59, 0.380, 144.93, -10.50, 0.379, 143.75, -10.66, 0.008, 42.52, -5.44);
insert into SHOT values (309, 306, 310, 59, 0.800, 92.73, -8.00, 0.798, 92.17, -7.92, 0.008, 350.40, 9.64);
insert into SHOT values (310, 306, 311, 59, 1.570, 82.73, -2.30, 1.574, 82.69, -2.18, 0.005, 68.18, 35.82);
insert into SHOT values (311, 306, 312, 59, 3.450, 117.03, 79.60, 3.447, 116.57, 79.54, 0.007, 59.80, -28.68);
insert into SHOT values (312, 306, 313, 59, 2.050, 176.03, 68.00, 2.036, 175.60, 67.41, 0.026, 153.71, -53.21);
insert into SHOT values (313, 313, 314, 59, 0.470, 320.13, 3.00, 0.476, 319.27, 3.61, 0.011, 268.47, 30.59);
insert into SHOT values (314, 313, 315, 59, 0.860, 14.83, -2.20, 0.859, 14.85, -2.00, 0.003, 179.30, 76.36);
insert into SHOT values (315, 313, 316, 59, 1.290, 43.33, -1.80, 1.281, 43.42, -1.79, 0.009, 211.40, 3.23);
insert into SHOT values (316, 313, 317, 59, 2.980, 3.53, 82.70, 2.983, 3.09, 82.86, 0.010, 202.77, 25.78);
insert into SHOT values (317, 313, 318, 59, 0.990, 242.03, 7.80, 0.994, 242.13, 8.10, 0.007, 269.80, 56.68);
insert into SHOT values (318, 313, 319, 59, 1.160, 267.43, 3.20, 1.164, 267.04, 3.45, 0.010, 200.11, 31.26);
insert into SHOT values (319, 313, 320, 59, 1.950, 284.33, 50.80, 1.952, 284.04, 50.68, 0.008, 229.22, -8.33);
insert into SHOT values (320, 313, 321, 59, 9.520, 258.43, 67.30, 9.527, 258.38, 67.31, 0.008, 193.50, 65.41);
insert into SHOT values (321, 313, 322, 59, 4.290, 260.73, 42.60, 4.297, 260.72, 42.63, 0.007, 246.82, 59.46);
insert into SHOT values (322, 313, 323, 59, 3.260, 266.53, 16.90, 3.254, 265.95, 16.61, 0.036, 173.62, -29.29);
insert into SHOT values (323, 323, 324, 59, 1.570, 109.53, -16.40, 1.572, 109.76, -16.26, 0.007, 175.12, 26.87);
insert into SHOT values (324, 323, 325, 59, 2.140, 85.33, -6.60, 2.140, 85.42, -6.44, 0.007, 157.59, 61.55);
insert into SHOT values (325, 323, 326, 59, 1.810, 60.53, -8.50, 1.811, 60.57, -8.57, 0.003, 112.84, -57.24);
insert into SHOT values (326, 323, 327, 59, 2.330, 25.43, -7.50, 2.323, 25.45, -7.42, 0.008, 198.27, 32.27);
insert into SHOT values (327, 323, 328, 59, 2.700, 354.63, -3.90, 2.698, 354.67, -3.83, 0.005, 134.23, 52.69);
insert into SHOT values (328, 323, 329, 59, 3.140, 335.53, 0.40, 3.133, 335.48, 0.37, 0.008, 176.47, -13.57);
insert into SHOT values (329, 323, 330, 59, 4.350, 8.13, 66.70, 4.353, 8.04, 66.77, 0.007, 225.69, 45.03);
insert into SHOT values (330, 323, 331, 59, 9.040, 326.33, 59.90, 9.037, 326.35, 59.92, 0.005, 133.90, -11.80);
insert into SHOT values (331, 323, 332, 59, 4.000, 70.93, 65.00, 4.005, 71.03, 65.01, 0.006, 134.66, 56.13);
insert into SHOT values (332, 323, 333, 59, 10.570, 264.43, 83.90, 10.531, 263.38, 83.85, 0.045, 185.67, -62.25);
insert into SHOT values (333, 333, 334, 59, 0.700, 82.23, -0.40, 0.696, 82.57, 0.00, 0.008, 217.70, 40.01);
insert into SHOT values (334, 333, 335, 59, 1.040, 113.83, 2.00, 1.039, 113.85, 2.21, 0.004, 267.60, 78.68);
insert into SHOT values (335, 333, 336, 59, 3.370, 146.23, 2.10, 3.370, 146.26, 2.21, 0.007, 257.82, 73.58);
insert into SHOT values (336, 333, 337, 59, 1.340, 27.03, -6.10, 1.331, 26.95, -6.04, 0.009, 219.15, 15.17);
insert into SHOT values (337, 333, 338, 59, 1.830, 345.23, 6.30, 1.834, 345.05, 6.58, 0.011, 280.14, 54.92);
insert into SHOT values (338, 333, 339, 59, 11.850, 357.23, -80.30, 11.849, 357.12, -80.32, 0.006, 220.08, 5.99);
insert into SHOT values (339, 333, 340, 59, 8.400, 324.23, -64.10, 8.393, 324.10, -64.10, 0.011, 217.16, 35.14);
insert into SHOT values (340, 333, 341, 59, 7.760, 323.33, -43.40, 7.759, 323.29, -43.39, 0.004, 230.43, 24.71);
insert into SHOT values (341, 333, 342, 59, 5.870, 326.63, -19.50, 5.869, 326.57, -19.40, 0.012, 259.84, 54.50);
insert into SHOT values (342, 333, 343, 59, 1.210, 100.93, 83.10, 1.218, 102.09, 83.25, 0.009, 228.28, 67.37);
insert into SHOT values (343, 333, 344, 59, 2.020, 151.23, 67.70, 2.022, 152.14, 66.94, 0.030, 177.73, -17.60);
insert into SHOT values (344, 344, 345, 59, 0.320, 223.63, -4.40, 0.320, 223.73, -5.38, 0.006, 9.69, -80.20);
insert into SHOT values (345, 344, 346, 59, 1.770, 167.63, -25.40, 1.768, 167.70, -25.45, 0.003, 306.19, -14.45);
insert into SHOT values (346, 344, 347, 59, 0.660, 179.03, 40.60, 0.660, 178.85, 40.69, 0.002, 55.73, 14.73);
insert into SHOT values (347, 344, 348, 59, 1.020, 181.13, 56.60, 1.018, 181.02, 56.62, 0.002, 38.45, -41.22);
insert into SHOT values (348, 344, 349, 59, 1.190, 119.93, 65.10, 1.189, 120.17, 65.27, 0.004, 270.06, 8.36);
insert into SHOT values (349, 344, 350, 59, 1.050, 167.73, 60.20, 1.049, 167.83, 60.17, 0.001, 263.96, -52.64);
insert into SHOT values (350, 344, 351, 59, 1.050, 169.93, 61.20, 1.047, 169.99, 60.36, 0.016, 172.50, -40.03);
insert into SHOT values (351, 351, 352, 59, 0.220, 82.73, 6.10, 0.213, 81.87, 5.39, 0.008, 288.39, -24.61);
insert into SHOT values (352, 351, 353, 59, 0.710, 140.83, -5.80, 0.708, 141.34, -5.68, 0.007, 249.01, 14.91);
insert into SHOT values (353, 351, 354, 59, 0.790, 155.13, -8.40, 0.792, 155.07, -8.71, 0.005, 124.73, -70.32);
insert into SHOT values (354, 351, 355, 59, 0.840, 204.03, -75.00, 0.839, 204.23, -74.85, 0.002, 225.44, 33.91);
insert into SHOT values (355, 351, 356, 59, 0.900, 150.23, 66.30, 0.898, 150.64, 65.88, 0.007, 176.22, -34.35);
insert into SHOT values (356, 351, 357, 59, 0.640, 353.83, -32.90, 0.638, 353.54, -33.27, 0.005, 208.10, -26.20);
insert into SHOT values (357, 351, 358, 59, 3.240, 143.73, 49.30, 3.251, 144.09, 48.64, 0.041, 164.46, -23.33);
insert into SHOT values (358, 358, 359, 59, 0.270, 59.03, 0.20, 0.269, 58.67, 0.00, 0.002, 305.32, -26.95);
insert into SHOT values (359, 358, 360, 59, 1.240, 65.03, -72.10, 1.238, 64.80, -72.34, 0.006, 260.98, -0.24);
insert into SHOT values (360, 358, 361, 59, 0.470, 35.83, 67.00, 0.466, 33.69, 67.25, 0.008, 278.44, -19.16);
insert into SHOT values (361, 358, 362, 59, 0.740, 119.53, -8.40, 0.734, 119.74, -8.62, 0.007, 276.93, -15.17);
insert into SHOT values (362, 358, 363, 59, 0.450, 21.83, -27.20, 0.443, 20.73, -26.82, 0.011, 260.18, 32.39);
insert into SHOT values (363, 358, 364, 59, 2.010, 145.73, 4.50, 2.009, 145.99, 4.57, 0.009, 244.03, 14.04);
insert into SHOT values (364, 358, 365, 59, 2.500, 145.83, 4.80, 2.559, 146.19, 4.48, 0.063, 160.43, -8.39);
insert into SHOT values (365, 365, 366, 59, 0.330, 304.43, -2.90, 0.339, 304.16, -3.38, 0.010, 294.06, -20.28);
insert into SHOT values (366, 365, 367, 59, 0.670, 299.33, -67.30, 0.674, 299.48, -66.92, 0.006, 306.03, -18.50);
insert into SHOT values (367, 365, 368, 59, 0.510, 301.93, 59.70, 0.511, 302.47, 59.35, 0.004, 337.36, -4.48);
insert into SHOT values (368, 365, 369, 59, 0.390, 252.63, -4.40, 0.387, 253.44, -4.44, 0.006, 10.47, -0.74);
insert into SHOT values (369, 365, 370, 59, 0.440, 29.53, -6.30, 0.437, 28.93, -6.57, 0.006, 264.65, -17.05);
insert into SHOT values (370, 365, 371, 59, 0.460, 250.73, 5.80, 0.473, 248.88, 4.85, 0.022, 202.82, -17.48);
insert into SHOT values (371, 371, 372, 59, 0.370, 108.23, -1.80, 0.367, 107.45, -1.56, 0.006, 347.63, 15.52);
insert into SHOT values (372, 371, 373, 59, 0.380, 167.83, -10.90, 0.373, 169.00, -10.81, 0.010, 298.84, 10.65);
insert into SHOT values (373, 371, 374, 59, 0.860, 123.23, 61.70, 0.852, 122.91, 61.63, 0.008, 343.26, -63.50);
insert into SHOT values (374, 371, 375, 59, 2.760, 150.23, 6.20, 2.817, 150.51, 5.70, 0.063, 163.07, -16.55);
insert into SHOT values (375, 375, 376, 59, 0.570, 268.53, -1.00, 0.570, 268.99, -1.00, 0.005, 356.59, -0.65);
insert into SHOT values (376, 375, 377, 59, 2.550, 310.33, 7.10, 2.553, 310.36, 7.20, 0.005, 335.25, 62.85);
insert into SHOT values (377, 375, 378, 59, 2.450, 336.53, 10.00, 2.457, 336.61, 10.08, 0.008, 7.07, 33.68);
insert into SHOT values (378, 375, 379, 59, 0.820, 33.03, 2.00, 0.819, 32.52, 2.10, 0.007, 293.78, 10.66);
insert into SHOT values (379, 375, 380, 59, 2.980, 40.23, -77.90, 2.976, 39.81, -77.88, 0.006, 311.95, 39.17);
insert into SHOT values (380, 375, 381, 59, 5.160, 321.63, 80.80, 5.166, 321.88, 80.80, 0.007, 33.16, 59.27);
insert into SHOT values (381, 375, 382, 59, 1.300, 79.23, 10.00, 1.288, 80.02, 9.83, 0.021, 201.89, -15.52);
insert into SHOT values (382, 382, 383, 59, 0.700, 227.13, -12.40, 0.696, 227.39, -12.45, 0.005, 11.95, 3.45);
insert into SHOT values (383, 382, 384, 59, 1.350, 163.83, -3.00, 1.344, 164.00, -2.99, 0.007, 311.88, 5.16);
insert into SHOT values (384, 382, 385, 59, 2.950, 189.63, -77.90, 2.956, 190.22, -77.89, 0.009, 266.99, -40.27);
insert into SHOT values (385, 382, 386, 59, 0.690, 185.23, 62.90, 0.685, 185.53, 62.95, 0.005, 336.13, -52.16);
insert into SHOT values (386, 382, 387, 59, 4.480, 202.33, 32.20, 4.511, 202.16, 31.55, 0.061, 190.11, -26.71);
insert into SHOT values (387, 387, 388, 59, 5.880, 14.53, -60.90, 5.874, 14.57, -60.84, 0.008, 52.93, 68.58);
insert into SHOT values (388, 387, 389, 59, 3.650, 26.13, -72.30, 3.644, 26.10, -72.21, 0.008, 18.27, 61.52);
insert into SHOT values (389, 387, 390, 59, 1.780, 42.73, -80.50, 1.775, 42.27, -80.36, 0.007, 8.72, 52.71);
insert into SHOT values (390, 387, 391, 59, 2.140, 124.03, -60.30, 2.132, 123.84, -60.20, 0.010, 21.26, 67.65);
insert into SHOT values (391, 387, 392, 59, 1.760, 126.23, -28.60, 1.760, 126.05, -28.51, 0.005, 46.85, 27.10);
insert into SHOT values (392, 387, 393, 59, 1.650, 124.83, -11.70, 1.651, 124.67, -11.53, 0.007, 52.84, 44.15);
insert into SHOT values (393, 387, 394, 59, 3.940, 125.63, 0.80, 3.949, 125.62, 0.87, 0.011, 121.25, 28.09);
insert into SHOT values (394, 387, 395, 59, 3.380, 15.23, -2.60, 3.383, 15.27, -2.54, 0.005, 53.78, 43.07);
insert into SHOT values (395, 387, 396, 59, 1.890, 32.43, -2.10, 1.890, 32.68, -1.82, 0.012, 120.34, 48.51);
insert into SHOT values (396, 387, 397, 59, 1.170, 53.93, -2.00, 1.175, 54.01, -1.95, 0.005, 71.76, 9.28);
insert into SHOT values (397, 387, 398, 59, 0.820, 76.83, -0.90, 0.822, 76.64, -0.70, 0.005, 27.20, 38.45);
insert into SHOT values (398, 387, 399, 59, 1.040, 101.33, -2.60, 1.040, 101.09, -2.20, 0.008, 17.72, 58.74);
insert into SHOT values (399, 387, 400, 59, 4.260, 25.83, 77.50, 4.262, 26.29, 77.45, 0.008, 89.28, 6.78);
insert into SHOT values (400, 387, 401, 59, 3.530, 124.93, -8.00, 3.580, 125.35, -8.19, 0.057, 153.44, -19.10);
insert into SHOT values (401, 401, 402, 59, 1.520, 13.43, -2.90, 1.523, 13.31, -3.01, 0.005, 322.76, -35.38);
insert into SHOT values (402, 401, 403, 59, 2.230, 350.63, -2.80, 2.232, 350.71, -2.82, 0.004, 47.04, -17.06);
insert into SHOT values (403, 401, 404, 59, 1.690, 327.73, -6.50, 1.687, 327.92, -6.47, 0.007, 88.37, 11.51);
insert into SHOT values (404, 401, 405, 59, 1.700, 294.33, -10.40, 1.698, 294.42, -10.52, 0.005, 73.38, -40.14);
insert into SHOT values (405, 401, 406, 59, 3.020, 262.13, 5.70, 3.023, 262.17, 5.70, 0.003, 292.72, 0.89);
insert into SHOT values (406, 401, 407, 59, 2.410, 246.73, 7.70, 2.405, 246.77, 7.65, 0.006, 49.61, -28.78);
insert into SHOT values (407, 401, 408, 59, 1.580, 231.33, 4.50, 1.584, 231.17, 4.71, 0.008, 181.61, 45.85);
insert into SHOT values (408, 401, 409, 59, 1.030, 204.43, 12.30, 1.031, 204.02, 12.32, 0.007, 121.05, 4.54);
insert into SHOT values (409, 401, 410, 59, 1.360, 233.73, 3.20, 1.354, 233.72, 3.39, 0.007, 55.83, 35.09);
insert into SHOT values (410, 401, 411, 59, 13.350, 225.43, 84.70, 13.347, 225.33, 84.68, 0.006, 197.67, -31.00);
insert into SHOT values (411, 401, 412, 59, 2.680, 348.33, -55.80, 2.679, 348.47, -55.95, 0.008, 138.56, -26.02);
insert into SHOT values (412, 401, 413, 59, 1.600, 275.13, -86.50, 1.603, 275.71, -86.41, 0.004, 294.94, -44.92);
insert into SHOT values (413, 401, 414, 59, 3.900, 311.93, 16.80, 3.899, 311.85, 16.85, 0.006, 206.67, 26.60);
insert into SHOT values (414, 401, 415, 59, 4.220, 312.03, 37.70, 4.217, 311.96, 37.72, 0.006, 179.28, -6.56);
insert into SHOT values (415, 401, 416, 59, 6.550, 312.63, 52.90, 6.558, 312.64, 52.90, 0.008, 321.56, 48.68);
insert into SHOT values (416, 401, 417, 59, 5.280, 319.53, 84.70, 5.282, 320.04, 84.76, 0.007, 99.05, 21.25);
insert into SHOT values (417, 401, 418, 59, 11.990, 275.83, 81.50, 11.991, 275.84, 81.52, 0.004, 91.72, 29.03);
insert into SHOT values (418, 401, 419, 59, 11.020, 280.83, 75.40, 11.026, 280.78, 75.40, 0.006, 219.54, 65.54);
insert into SHOT values (419, 401, 420, 59, 9.740, 266.73, 69.90, 9.742, 266.74, 69.92, 0.004, 66.29, 58.56);
insert into SHOT values (420, 401, 421, 59, 8.650, 243.73, 71.30, 8.648, 243.71, 71.27, 0.005, 229.43, -39.74);
insert into SHOT values (421, 401, 422, 59, 9.360, 223.63, 77.50, 9.363, 223.60, 77.48, 0.005, 209.38, 23.71);
insert into SHOT values (422, 401, 423, 59, 15.930, 208.43, 85.40, 15.931, 208.57, 85.41, 0.004, 333.59, 18.72);
insert into SHOT values (423, 401, 424, 59, 15.280, 251.43, 81.20, 15.279, 251.25, 81.21, 0.008, 133.51, -0.91);
insert into SHOT values (424, 401, 425, 59, 12.620, 259.33, 75.10, 12.624, 259.35, 75.10, 0.005, 302.87, 73.68);
insert into SHOT values (425, 401, 426, 59, 12.840, 270.33, 73.20, 12.838, 270.31, 73.20, 0.003, 144.13, -46.41);
insert into SHOT values (426, 401, 427, 59, 14.100, 266.63, 76.00, 14.067, 266.00, 75.85, 0.062, 212.03, -41.37);
insert into SHOT values (427, 427, 428, 59, 0.460, 352.83, 0.80, 0.463, 353.80, 1.24, 0.009, 63.78, 23.48);
insert into SHOT values (428, 427, 429, 59, 0.630, 36.73, 3.20, 0.637, 36.69, 3.60, 0.009, 32.85, 34.61);
insert into SHOT values (429, 427, 430, 59, 0.780, 133.53, -2.00, 0.779, 132.92, -2.21, 0.009, 35.10, -18.21);
insert into SHOT values (430, 427, 431, 59, 2.400, 117.03, -6.70, 2.405, 116.89, -6.69, 0.008, 63.87, 0.07);
insert into SHOT values (431, 427, 432, 59, 0.280, 105.43, -5.30, 0.281, 104.53, -6.14, 0.006, 16.60, -43.41);
insert into SHOT values (432, 427, 433, 59, 1.130, 78.93, -4.50, 1.135, 78.79, -4.55, 0.006, 49.82, -13.01);
insert into SHOT values (433, 427, 434, 59, 5.540, 115.63, 82.60, 5.511, 116.22, 82.21, 0.048, 128.63, -44.74);
insert into SHOT values (434, 434, 435, 59, 0.410, 218.13, -9.80, 0.412, 218.00, -9.78, 0.002, 193.44, -5.39);
insert into SHOT values (435, 434, 436, 59, 1.810, 169.93, -86.10, 1.815, 171.25, -85.84, 0.010, 189.82, -25.17);
insert into SHOT values (436, 434, 437, 59, 2.020, 300.63, -14.00, 2.019, 300.36, -14.05, 0.009, 202.04, -8.02);
insert into SHOT values (437, 434, 438, 59, 0.160, 354.43, 5.70, 0.152, 352.41, 3.78, 0.011, 208.30, -31.52);
insert into SHOT values (438, 434, 439, 59, 19.560, 111.53, -88.20, 19.560, 111.97, -88.20, 0.005, 198.62, 4.19);
insert into SHOT values (439, 434, 440, 59, 2.250, 229.83, 85.60, 2.247, 227.29, 85.48, 0.009, 167.57, -20.81);
insert into SHOT values (440, 434, 441, 59, 2.420, 103.93, -1.40, 2.441, 104.72, -1.64, 0.041, 162.40, -15.45);
insert into SHOT values (441, 441, 442, 59, 1.470, 321.13, 1.50, 1.473, 321.34, 1.17, 0.011, 20.11, -53.68);
insert into SHOT values (442, 441, 443, 59, 0.820, 223.33, -14.10, 0.817, 222.95, -14.16, 0.006, 104.74, -2.27);
insert into SHOT values (443, 441, 444, 59, 0.730, 239.63, -66.60, 0.729, 240.75, -66.85, 0.007, 1.23, -0.34);
insert into SHOT values (444, 441, 445, 59, 1.160, 237.43, -12.90, 1.159, 237.30, -12.97, 0.003, 114.59, -17.76);
insert into SHOT values (445, 441, 446, 59, 1.240, 250.63, 54.00, 1.233, 250.56, 54.20, 0.008, 77.35, -22.19);
insert into SHOT values (446, 441, 447, 59, 2.140, 256.03, 20.50, 2.135, 256.10, 20.57, 0.006, 53.70, 4.92);
insert into SHOT values (447, 441, 448, 59, 4.100, 276.63, 32.60, 4.094, 276.65, 32.50, 0.009, 41.50, -81.01);
insert into SHOT values (448, 441, 449, 59, 1.680, 152.43, 4.30, 1.739, 152.55, 3.63, 0.062, 155.79, -14.85);
insert into SHOT values (449, 449, 450, 59, 0.390, 47.93, 3.40, 0.391, 48.12, 4.40, 0.007, 130.37, 79.28);
insert into SHOT values (450, 449, 451, 59, 0.420, 28.73, -71.10, 0.414, 30.26, -70.39, 0.009, 81.28, 57.68);
insert into SHOT values (451, 449, 452, 59, 0.940, 87.23, 66.80, 0.946, 86.91, 66.93, 0.006, 3.42, 70.55);
insert into SHOT values (452, 449, 453, 59, 1.310, 125.33, -7.10, 1.357, 125.93, -7.20, 0.049, 142.35, -9.51);
insert into SHOT values (453, 453, 454, 59, 0.300, 218.73, -4.50, 0.300, 219.56, -5.74, 0.008, 318.97, -55.89);
insert into SHOT values (454, 453, 455, 59, 0.800, 344.73, -78.50, 0.805, 345.07, -78.88, 0.007, 152.65, -54.32);
insert into SHOT values (455, 453, 456, 59, 0.800, 213.63, 66.70, 0.793, 213.18, 66.95, 0.008, 56.62, -37.05);
insert into SHOT values (456, 453, 457, 59, 3.030, 139.33, -46.80, 3.093, 139.78, -46.68, 0.065, 158.59, -39.40);
insert into SHOT values (457, 457, 458, 59, 1.180, 352.43, -7.80, 1.181, 352.63, -7.79, 0.004, 74.49, 2.01);
insert into SHOT values (458, 457, 459, 59, 1.600, 331.03, -6.60, 1.600, 331.02, -6.82, 0.006, 202.70, -84.39);
insert into SHOT values (459, 457, 460, 59, 0.930, 277.03, -10.70, 0.924, 276.97, -11.23, 0.010, 105.13, -45.49);
insert into SHOT values (460, 457, 461, 59, 1.220, 287.13, -10.50, 1.214, 287.07, -10.92, 0.011, 117.99, -46.89);
insert into SHOT values (461, 457, 462, 59, 1.450, 350.93, -50.20, 1.456, 351.35, -50.28, 0.009, 61.28, -39.92);
insert into SHOT values (462, 457, 463, 59, 2.330, 25.73, 74.50, 2.325, 25.74, 74.49, 0.005, 200.44, -79.46);
insert into SHOT values (463, 457, 464, 59, 1.460, 22.33, 7.10, 1.398, 22.87, 6.57, 0.064, 189.92, -18.53);
insert into SHOT values (464, 464, 465, 59, 1.970, 226.73, -9.40, 1.978, 226.66, -9.31, 0.009, 211.28, 10.76);
insert into SHOT values (465, 464, 466, 59, 1.070, 186.23, -8.50, 1.069, 186.52, -8.61, 0.006, 291.28, -18.57);
insert into SHOT values (466, 464, 467, 59, 1.480, 151.83, -8.60, 1.479, 151.86, -8.55, 0.002, 273.97, 59.13);
insert into SHOT values (467, 464, 468, 59, 1.790, 165.73, -74.40, 1.787, 165.68, -74.25, 0.006, 158.57, 47.36);
insert into SHOT values (468, 464, 469, 59, 1.580, 98.73, -18.20, 1.576, 98.83, -18.12, 0.005, 239.14, 40.10);
insert into SHOT values (469, 464, 470, 59, 1.890, 140.73, -12.90, 1.889, 140.95, -12.85, 0.007, 238.67, 15.29);
insert into SHOT values (470, 464, 471, 59, 2.940, 130.63, -25.10, 3.007, 131.13, -25.19, 0.072, 152.31, -27.35);
insert into SHOT values (471, 471, 472, 59, 0.400, 218.33, -13.30, 0.401, 219.81, -12.98, 0.010, 302.01, 11.31);
insert into SHOT values (472, 471, 473, 59, 1.580, 318.63, -86.30, 1.574, 318.81, -86.13, 0.008, 323.07, 57.01);
insert into SHOT values (473, 471, 474, 59, 1.450, 321.73, -54.70, 1.449, 321.77, -54.55, 0.004, 333.67, 54.82);
insert into SHOT values (474, 471, 475, 59, 5.870, 110.93, -67.50, 5.864, 110.95, -67.56, 0.009, 287.45, 20.49);
insert into SHOT values (475, 471, 476, 59, 7.300, 110.73, -51.80, 7.292, 110.65, -51.80, 0.011, 345.82, 38.93);
insert into SHOT values (476, 471, 477, 59, 5.550, 117.33, -17.60, 5.535, 117.29, -17.56, 0.015, 313.18, 31.77);
insert into SHOT values (477, 471, 478, 59, 1.330, 50.43, -57.70, 1.326, 49.57, -57.65, 0.012, 312.92, 21.39);
insert into SHOT values (478, 471, 479, 59, 0.800, 178.43, 64.00, 0.801, 180.00, 64.08, 0.010, 273.37, 5.73);
insert into SHOT values (479, 471, 480, 59, 6.710, 110.73, -39.80, 6.747, 111.31, -39.93, 0.065, 181.41, -32.34);
insert into SHOT values (480, 480, 481, 59, 2.380, 253.83, 23.90, 2.384, 253.73, 24.01, 0.007, 181.82, 54.44);
insert into SHOT values (481, 480, 482, 59, 4.450, 284.33, 16.60, 4.449, 284.39, 16.59, 0.005, 22.65, -15.64);
insert into SHOT values (482, 480, 483, 59, 3.320, 311.23, 10.30, 3.314, 311.27, 10.43, 0.010, 114.60, 41.53);
insert into SHOT values (483, 480, 484, 59, 2.860, 336.53, 12.60, 2.861, 336.56, 12.72, 0.006, 99.59, 75.93);
insert into SHOT values (484, 480, 485, 59, 1.740, 8.03, 0.80, 1.738, 8.27, 0.99, 0.009, 111.84, 37.55);
insert into SHOT values (485, 480, 486, 59, 1.160, 56.03, -81.60, 1.162, 57.26, -81.77, 0.005, 186.57, -27.42);
insert into SHOT values (486, 480, 487, 59, 13.630, 291.93, 72.00, 13.625, 291.93, 72.03, 0.008, 114.34, -20.50);
insert into SHOT values (487, 480, 488, 59, 4.300, 269.13, 81.10, 4.301, 269.13, 81.17, 0.005, 89.19, 18.89);
insert into SHOT values (488, 480, 489, 59, 7.780, 282.43, 52.60, 7.777, 282.48, 52.62, 0.005, 59.61, -5.87);
insert into SHOT values (489, 480, 490, 59, 3.770, 195.33, 26.10, 3.795, 195.09, 25.77, 0.036, 171.53, -13.64);
insert into SHOT values (490, 490, 491, 59, 1.330, 337.03, -10.00, 1.333, 337.15, -9.94, 0.004, 15.18, 12.82);
insert into SHOT values (491, 490, 492, 59, 1.980, 24.93, -9.90, 1.980, 24.86, -9.89, 0.003, 299.39, 9.28);
insert into SHOT values (492, 490, 493, 59, 1.400, 106.93, -10.00, 1.400, 106.86, -9.87, 0.004, 33.89, 59.07);
insert into SHOT values (493, 490, 494, 59, 1.430, 75.73, -6.00, 1.432, 75.77, -6.01, 0.002, 106.22, -16.49);
insert into SHOT values (494, 490, 495, 59, 1.280, 160.53, -11.70, 1.279, 160.41, -11.73, 0.003, 52.43, -8.57);
insert into SHOT values (495, 490, 496, 59, 3.090, 57.73, 77.30, 3.097, 57.46, 77.17, 0.011, 37.33, 31.28);
insert into SHOT values (496, 490, 497, 59, 2.420, 17.03, 56.50, 2.423, 16.95, 56.48, 0.004, 336.84, 32.36);
insert into SHOT values (497, 490, 498, 59, 1.430, 78.03, 53.60, 1.420, 78.42, 53.38, 0.013, 181.39, -61.53);
insert into SHOT values (498, 498, 499, 59, 4.330, 22.63, -71.90, 4.324, 22.75, -71.88, 0.006, 125.05, 63.57);
insert into SHOT values (499, 498, 500, 59, 3.730, 82.23, -80.10, 3.726, 82.87, -80.03, 0.009, 145.49, 28.83);
insert into SHOT values (500, 498, 501, 59, 1.390, 2.23, 7.50, 1.383, 2.09, 7.48, 0.008, 207.53, -10.19);
insert into SHOT values (501, 498, 502, 59, 1.450, 320.43, 2.90, 1.443, 320.35, 2.78, 0.008, 158.85, -26.32);
insert into SHOT values (502, 498, 503, 59, 2.590, 322.83, 85.90, 2.586, 321.84, 86.05, 0.008, 166.07, -23.40);
insert into SHOT values (503, 498, 504, 59, 9.320, 200.63, 70.10, 9.317, 200.66, 70.08, 0.004, 242.30, -54.99);
insert into SHOT values (504, 498, 505, 59, 5.430, 207.23, 79.00, 5.431, 206.81, 78.94, 0.010, 154.80, -1.40);
insert into SHOT values (505, 498, 506, 59, 2.060, 202.73, 20.80, 2.061, 202.57, 20.74, 0.006, 132.80, -15.01);
insert into SHOT values (506, 498, 507, 59, 2.620, 207.43, 39.40, 2.619, 207.32, 39.33, 0.005, 138.65, -36.03);
insert into SHOT values (507, 498, 508, 59, 11.460, 206.13, 66.50, 11.459, 205.85, 65.90, 0.121, 194.26, -24.06);
insert into SHOT values (508, 508, 509, 59, 5.810, 339.63, -82.20, 5.814, 339.95, -82.21, 0.006, 79.89, -39.82);
insert into SHOT values (509, 508, 510, 59, 0.980, 101.83, -17.70, 0.977, 101.79, -17.89, 0.005, 290.85, -26.91);
insert into SHOT values (510, 508, 511, 59, 1.230, 16.93, 13.60, 1.227, 17.07, 13.67, 0.004, 153.77, 10.69);
insert into SHOT values (511, 508, 512, 59, 3.110, 88.23, 80.60, 3.112, 88.88, 80.57, 0.006, 157.93, 16.06);
insert into SHOT values (512, 508, 513, 59, 14.450, 165.13, 71.10, 14.451, 165.16, 71.08, 0.006, 189.14, -8.60);
insert into SHOT values (513, 508, 514, 59, 9.720, 160.23, 72.00, 9.727, 160.00, 71.24, 0.130, 154.47, -15.26);
insert into SHOT values (514, 514, 515, 59, 1.210, 175.53, 5.00, 1.209, 175.24, 5.22, 0.008, 74.15, 35.59);
insert into SHOT values (515, 514, 516, 59, 3.010, 187.53, 4.30, 3.004, 187.48, 4.39, 0.008, 31.59, 33.15);
insert into SHOT values (516, 514, 517, 59, 1.780, 215.83, -0.50, 1.776, 215.84, -0.32, 0.007, 33.27, 56.61);
insert into SHOT values (517, 514, 518, 59, 1.750, 241.53, -1.10, 1.750, 241.68, -0.98, 0.006, 334.83, 39.10);
insert into SHOT values (518, 514, 519, 59, 3.190, 265.83, -0.80, 3.189, 265.86, -0.72, 0.005, 34.74, 64.13);
insert into SHOT values (519, 514, 520, 59, 4.020, 283.93, -2.10, 4.021, 283.97, -2.00, 0.008, 341.99, 68.57);
insert into SHOT values (520, 514, 521, 59, 3.290, 305.03, 1.90, 3.289, 305.09, 1.92, 0.004, 45.15, 14.83);
insert into SHOT values (521, 514, 522, 59, 2.380, 330.03, 3.10, 2.383, 329.99, 3.13, 0.003, 292.52, 22.34);
insert into SHOT values (522, 514, 523, 59, 1.040, 10.23, -7.40, 1.046, 10.55, -7.14, 0.009, 53.29, 24.98);
insert into SHOT values (523, 514, 524, 59, 7.240, 305.03, -81.70, 7.235, 305.22, -81.73, 0.007, 89.51, 35.75);
insert into SHOT values (524, 514, 525, 59, 8.470, 243.33, -86.50, 8.466, 243.43, -86.52, 0.005, 45.05, 55.07);
insert into SHOT values (525, 514, 526, 59, 8.350, 284.13, -73.00, 8.346, 284.21, -72.97, 0.007, 326.63, 47.60);
insert into SHOT values (526, 514, 527, 59, 8.710, 306.33, -65.10, 8.710, 306.46, -65.09, 0.008, 30.49, 2.39);
insert into SHOT values (527, 514, 528, 59, 9.450, 301.73, -64.90, 9.444, 301.75, -64.87, 0.008, 341.03, 77.32);
insert into SHOT values (528, 514, 529, 59, 10.470, 308.73, -66.10, 10.470, 308.79, -66.07, 0.006, 350.05, 20.32);
insert into SHOT values (529, 514, 530, 59, 8.650, 332.53, -68.80, 8.647, 332.62, -68.77, 0.007, 31.56, 40.64);
insert into SHOT values (530, 514, 531, 59, 16.720, 351.03, -71.60, 16.717, 351.07, -71.57, 0.009, 21.20, 35.29);
insert into SHOT values (531, 514, 532, 59, 6.280, 282.33, 64.60, 6.286, 282.44, 64.63, 0.009, 18.42, 55.10);
insert into SHOT values (532, 514, 533, 59, 6.930, 324.13, 71.50, 6.940, 324.22, 71.46, 0.012, 348.62, 44.66);
insert into SHOT values (533, 514, 534, 59, 2.760, 22.03, 83.50, 2.768, 22.48, 83.49, 0.008, 82.33, 69.99);
insert into SHOT values (534, 514, 535, 59, 4.820, 235.03, 61.20, 4.824, 235.01, 61.26, 0.007, 74.42, 64.36);
insert into SHOT values (535, 514, 536, 59, 5.150, 249.73, 59.70, 5.154, 249.75, 59.70, 0.004, 271.60, 53.93);
insert into SHOT values (536, 514, 537, 59, 10.350, 259.73, 88.00, 10.343, 258.23, 88.64, 0.116, 82.90, -1.82);
insert into SHOT values (537, 537, 538, 59, 1.150, 32.53, 14.70, 1.152, 32.55, 14.58, 0.003, 39.49, -32.76);
insert into SHOT values (538, 537, 539, 59, 1.220, 346.13, -0.40, 1.215, 346.19, -0.47, 0.005, 151.43, -16.45);
insert into SHOT values (539, 537, 540, 59, 1.290, 207.83, -2.10, 1.289, 207.76, -1.78, 0.008, 89.91, 75.51);
insert into SHOT values (540, 537, 541, 59, 1.680, 244.83, -5.40, 1.676, 244.82, -5.48, 0.004, 71.24, -25.51);
insert into SHOT values (541, 537, 542, 59, 2.400, 269.53, 0.90, 2.400, 269.52, 0.95, 0.002, 222.16, 76.33);
insert into SHOT values (542, 537, 543, 59, 3.070, 284.33, 1.80, 3.067, 284.35, 1.87, 0.005, 82.23, 49.86);
insert into SHOT values (543, 537, 544, 59, 3.550, 257.53, -40.20, 3.544, 257.40, -40.25, 0.009, 121.55, 8.84);
insert into SHOT values (544, 537, 545, 59, 4.110, 288.83, -42.40, 4.107, 288.85, -42.41, 0.003, 83.73, 28.08);
insert into SHOT values (545, 537, 546, 59, 3.380, 72.73, 52.60, 3.399, 73.22, 52.31, 0.031, 107.59, 8.93);
insert into SHOT values (546, 546, 547, 59, 1.540, 133.53, 7.10, 1.540, 133.41, 7.09, 0.003, 39.11, -5.98);
insert into SHOT values (547, 546, 548, 59, 1.160, 187.63, -4.40, 1.163, 187.43, -4.44, 0.005, 135.41, -11.06);
insert into SHOT values (548, 546, 549, 59, 1.530, 219.73, -5.40, 1.526, 219.66, -5.26, 0.006, 68.87, 45.61);
insert into SHOT values (549, 546, 550, 59, 1.440, 283.03, -11.30, 1.434, 283.15, -11.26, 0.006, 74.61, 20.05);
insert into SHOT values (550, 546, 551, 59, 5.240, 255.33, -11.30, 5.239, 255.34, -11.34, 0.004, 41.11, -65.65);
insert into SHOT values (551, 546, 552, 59, 2.900, 263.93, -13.00, 2.900, 263.91, -12.95, 0.003, 186.77, 60.58);
insert into SHOT values (552, 546, 553, 59, 2.480, 245.93, -12.00, 2.475, 245.87, -11.89, 0.008, 98.34, 48.51);
insert into SHOT values (553, 546, 554, 59, 2.440, 330.63, -75.30, 2.440, 330.95, -75.33, 0.004, 83.75, 2.08);
insert into SHOT values (554, 546, 555, 59, 6.270, 173.53, 77.80, 6.267, 172.16, 77.16, 0.078, 147.28, -13.71);
insert into SHOT values (555, 555, 556, 59, 3.060, 263.23, -0.20, 3.051, 263.22, -0.19, 0.009, 86.06, 4.49);
insert into SHOT values (556, 555, 557, 59, 3.870, 283.83, 1.50, 3.865, 283.93, 1.63, 0.012, 51.97, 46.59);
insert into SHOT values (557, 555, 558, 59, 2.600, 296.13, 0.40, 2.598, 296.27, 0.44, 0.007, 40.58, 16.09);
insert into SHOT values (558, 555, 559, 59, 1.550, 318.33, 5.90, 1.545, 318.43, 5.94, 0.005, 109.19, 7.24);
insert into SHOT values (559, 555, 560, 59, 1.710, 347.83, 3.30, 1.711, 347.83, 3.35, 0.002, 351.52, 52.53);
insert into SHOT values (560, 555, 561, 59, 0.870, 71.63, -3.00, 0.877, 71.36, -2.61, 0.010, 41.21, 33.75);
insert into SHOT values (561, 555, 562, 59, 0.900, 65.83, 37.00, 0.974, 67.66, 35.84, 0.080, 85.59, 20.86);
insert into SHOT values (562, 562, 563, 59, 0.350, 88.83, 41.30, 0.442, 90.00, 37.65, 0.096, 93.52, 24.08);
insert into SURVEY values (61, 55, 'ftb', 'ftb.FT.Ded.Ded', 'ftb');
 insert into CENTRELINE values (62, 61, NULL, NULL, NULL, 0.00, 0.00, 0.00);
 insert into CENTRELINE values (63, 61, NULL, '2022-09-10', NULL, 0.00, 0.00, 62.30);
 insert into TOPO values (1, 63);
 insert into TOPO values (2, 63);
 insert into SHOT values (563, 564, 565, 63, 3.910, 259.99, 84.50, 3.908, 260.79, 84.50, 0.006, 349.55, -21.03);
insert into SHOT_FLAG values(563, 'dpl');
insert into SHOT values (564, 564, 566, 63, 6.770, 285.49, 45.00, 6.770, 285.52, 45.03, 0.004, 69.57, 40.77);
insert into SHOT_FLAG values(564, 'dpl');
insert into SHOT values (565, 564, 567, 63, 4.320, 290.59, 10.70, 4.315, 290.57, 10.68, 0.005, 130.80, -23.51);
insert into SHOT_FLAG values(565, 'dpl');
insert into SHOT values (566, 564, 568, 63, 2.710, 321.49, -3.30, 2.709, 321.60, -3.17, 0.008, 57.54, 48.79);
insert into SHOT_FLAG values(566, 'dpl');
insert into SHOT values (567, 564, 569, 63, 1.310, 241.19, -10.50, 1.302, 241.03, -10.62, 0.009, 85.75, -8.31);
insert into SHOT_FLAG values(567, 'dpl');
insert into SHOT values (568, 564, 570, 63, 2.380, 312.89, -31.80, 2.379, 313.00, -31.70, 0.006, 30.33, 48.03);
insert into SHOT_FLAG values(568, 'dpl');
insert into SHOT values (569, 564, 571, 63, 3.030, 338.49, 3.30, 3.027, 338.45, 3.41, 0.007, 193.57, 51.10);
insert into SHOT_FLAG values(569, 'dpl');
insert into SHOT values (570, 564, 572, 63, 3.050, 342.99, 35.40, 3.052, 343.17, 35.44, 0.008, 70.17, 22.87);
insert into SHOT_FLAG values(570, 'dpl');
insert into SHOT values (571, 564, 573, 63, 12.440, 308.29, 70.30, 12.438, 308.32, 70.30, 0.003, 42.34, -46.83);
insert into SHOT_FLAG values(571, 'dpl');
insert into SHOT values (572, 564, 574, 63, 2.590, 198.79, -22.70, 2.619, 198.58, -22.69, 0.030, 180.44, -20.55);
insert into SHOT_FLAG values(572, 'dpl');
insert into SHOT values (573, 574, 575, 63, 1.330, 233.09, 29.90, 1.333, 233.43, 29.68, 0.009, 286.34, -19.60);
insert into SHOT_FLAG values(573, 'dpl');
insert into SHOT values (574, 574, 576, 63, 2.570, 154.79, 23.40, 2.565, 154.85, 23.44, 0.006, 312.16, -6.34);
insert into SHOT_FLAG values(574, 'dpl');
insert into SHOT values (575, 574, 577, 63, 1.850, 115.39, 13.70, 1.847, 115.42, 13.78, 0.004, 282.02, 26.04);
insert into SHOT_FLAG values(575, 'dpl');
insert into SHOT values (576, 574, 578, 63, 2.370, 81.49, 0.30, 2.366, 81.49, 0.24, 0.005, 262.09, -31.46);
insert into SHOT_FLAG values(576, 'dpl');
insert into SHOT values (577, 574, 579, 63, 5.160, 107.69, 81.90, 5.161, 107.68, 81.93, 0.003, 290.20, 27.58);
insert into SHOT_FLAG values(577, 'dpl');
insert into SHOT values (578, 574, 580, 63, 4.000, 218.19, 80.70, 4.003, 218.11, 80.68, 0.003, 188.75, 52.29);
insert into SHOT_FLAG values(578, 'dpl');
insert into SHOT values (579, 574, 581, 63, 3.060, 137.29, 52.00, 3.050, 137.58, 51.89, 0.015, 234.09, -49.80);
insert into SHOT_FLAG values(579, 'dpl');
insert into SHOT values (580, 581, 582, 63, 2.750, 304.09, 21.60, 2.749, 304.00, 21.55, 0.005, 218.44, -29.27);
insert into SHOT_FLAG values(580, 'dpl');
insert into SHOT values (581, 581, 583, 63, 2.590, 335.89, 15.90, 2.588, 335.80, 15.92, 0.005, 215.77, 5.60);
insert into SHOT_FLAG values(581, 'dpl');
insert into SHOT values (582, 581, 584, 63, 2.050, 354.19, 31.30, 2.051, 354.09, 31.45, 0.006, 226.60, 52.22);
insert into SHOT_FLAG values(582, 'dpl');
insert into SHOT values (583, 581, 585, 63, 3.150, 325.69, 57.00, 3.146, 325.47, 57.05, 0.008, 203.14, -13.09);
insert into SHOT_FLAG values(583, 'dpl');
insert into SHOT values (584, 581, 586, 63, 2.590, 239.79, 19.60, 2.593, 239.76, 19.61, 0.003, 208.93, 22.84);
insert into SHOT_FLAG values(584, 'dpl');
insert into SHOT values (585, 581, 587, 63, 1.480, 269.09, 18.90, 1.480, 269.18, 18.92, 0.002, 0.84, 15.74);
insert into SHOT_FLAG values(585, 'dpl');
insert into SHOT values (586, 581, 588, 63, 1.980, 228.49, 17.60, 1.978, 228.44, 17.66, 0.004, 78.04, 20.67);
insert into SHOT_FLAG values(586, 'dpl');
insert into SHOT values (587, 581, 589, 63, 0.910, 214.49, 13.30, 0.909, 214.41, 13.35, 0.002, 94.06, 23.10);
insert into SHOT_FLAG values(587, 'dpl');
insert into SHOT values (588, 581, 590, 63, 4.060, 232.19, 47.50, 4.059, 231.92, 47.23, 0.023, 188.72, -35.29);
insert into SHOT_FLAG values(588, 'dpl');
insert into SHOT values (589, 590, 591, 63, 0.440, 111.89, -2.00, 0.431, 111.80, -1.33, 0.010, 296.37, 30.91);
insert into SHOT_FLAG values(589, 'dpl');
insert into SHOT values (590, 590, 592, 63, 0.680, 80.09, -10.30, 0.681, 79.70, -10.14, 0.005, 10.76, 17.62);
insert into SHOT_FLAG values(590, 'dpl');
insert into SHOT values (591, 590, 593, 63, 0.720, 22.79, 4.00, 0.715, 22.25, 4.01, 0.009, 255.40, -1.51);
insert into SHOT_FLAG values(591, 'dpl');
insert into SHOT values (592, 590, 594, 63, 1.110, 40.89, 0.70, 1.107, 40.60, 1.04, 0.009, 278.51, 43.88);
insert into SHOT_FLAG values(592, 'dpl');
insert into SHOT values (593, 590, 595, 63, 2.310, 47.09, 0.70, 2.307, 47.11, 0.75, 0.004, 216.84, 29.46);
insert into SHOT_FLAG values(593, 'dpl');
insert into SHOT values (594, 590, 596, 63, 1.620, 65.49, 1.00, 1.616, 65.50, 1.06, 0.005, 244.29, 22.04);
insert into SHOT_FLAG values(594, 'dpl');
insert into SHOT values (595, 590, 597, 63, 8.260, 171.49, 87.10, 8.260, 171.67, 87.12, 0.004, 331.25, 8.73);
insert into SHOT_FLAG values(595, 'dpl');
insert into SHOT values (596, 590, 598, 63, 4.610, 40.59, 71.70, 4.613, 40.52, 71.72, 0.004, 294.37, 56.65);
insert into SHOT_FLAG values(596, 'dpl');
insert into SHOT values (597, 590, 599, 63, 3.290, 43.09, 49.40, 3.293, 42.92, 49.38, 0.007, 337.10, 15.72);
insert into SHOT_FLAG values(597, 'dpl');
insert into SHOT values (598, 590, 600, 63, 4.900, 61.09, -73.10, 4.890, 60.91, -73.13, 0.011, 281.87, 49.63);
insert into SHOT_FLAG values(598, 'dpl');
insert into SHOT values (599, 590, 601, 63, 1.700, 147.59, 37.40, 1.703, 147.72, 37.64, 0.008, 272.98, 63.27);
insert into SHOT_FLAG values(599, 'dpl');
insert into SHOT values (600, 590, 602, 63, 2.620, 151.69, 40.50, 2.621, 151.76, 40.72, 0.010, 310.81, 53.75);
insert into SHOT_FLAG values(600, 'dpl');
insert into SHOT values (601, 590, 603, 63, 3.650, 176.09, 38.20, 3.650, 176.20, 38.25, 0.006, 287.67, 26.43);
insert into SHOT_FLAG values(601, 'dpl');
insert into SHOT values (602, 590, 604, 63, 3.240, 184.29, 39.00, 3.240, 184.33, 39.02, 0.002, 301.16, 30.38);
insert into SHOT_FLAG values(602, 'dpl');
insert into SHOT values (603, 590, 605, 63, 3.530, 202.59, 39.40, 3.538, 202.62, 39.49, 0.010, 231.14, 74.76);
insert into SHOT_FLAG values(603, 'dpl');
insert into SHOT values (604, 590, 606, 63, 1.870, 187.39, 32.70, 1.870, 187.67, 32.69, 0.008, 274.12, -1.90);
insert into SHOT_FLAG values(604, 'dpl');
insert into SHOT values (605, 590, 607, 63, 1.000, 187.09, 24.20, 0.996, 187.59, 24.30, 0.009, 304.94, 0.49);
insert into SHOT_FLAG values(605, 'dpl');
insert into SHOT values (606, 590, 608, 63, 0.310, 189.59, -0.40, 0.306, 191.31, 0.00, 0.010, 304.17, 12.13);
insert into SHOT_FLAG values(606, 'dpl');
insert into SHOT values (607, 590, 609, 63, 4.260, 176.99, 63.80, 4.263, 177.27, 63.65, 0.015, 216.23, -9.04);
insert into SHOT_FLAG values(607, 'dpl');
insert into SHOT values (608, 609, 610, 63, 1.040, 309.59, -6.70, 1.031, 309.45, -7.24, 0.013, 144.51, -40.31);
insert into SHOT_FLAG values(608, 'dpl');
insert into SHOT values (609, 609, 611, 63, 1.740, 350.09, -7.70, 1.741, 350.32, -7.92, 0.010, 78.12, -45.36);
insert into SHOT_FLAG values(609, 'dpl');
insert into SHOT values (610, 609, 612, 63, 2.230, 6.39, -6.90, 2.231, 6.48, -6.95, 0.004, 91.28, -31.27);
insert into SHOT_FLAG values(610, 'dpl');
insert into SHOT values (611, 609, 613, 63, 2.940, 17.29, -5.90, 2.939, 17.32, -6.05, 0.008, 164.06, -73.52);
insert into SHOT_FLAG values(611, 'dpl');
insert into SHOT values (612, 609, 614, 63, 3.300, 26.49, -5.00, 3.300, 26.57, -5.04, 0.005, 122.46, -30.27);
insert into SHOT_FLAG values(612, 'dpl');
insert into SHOT values (613, 609, 615, 63, 1.590, 32.59, -4.80, 1.590, 32.89, -5.05, 0.011, 126.97, -40.54);
insert into SHOT_FLAG values(613, 'dpl');
insert into SHOT values (614, 609, 616, 63, 0.850, 209.89, -8.70, 0.852, 209.91, -8.77, 0.002, 218.12, -35.53);
insert into SHOT_FLAG values(614, 'dpl');
insert into SHOT values (615, 609, 617, 63, 0.750, 227.99, -4.00, 0.746, 227.73, -4.61, 0.010, 83.46, -52.06);
insert into SHOT_FLAG values(615, 'dpl');
insert into SHOT values (616, 609, 618, 63, 1.550, 245.99, -3.00, 1.547, 245.92, -3.34, 0.010, 93.99, -65.75);
insert into SHOT_FLAG values(616, 'dpl');
insert into SHOT values (617, 609, 619, 63, 2.520, 58.19, -84.80, 2.521, 59.04, -84.69, 0.006, 93.62, -3.59);
insert into SHOT_FLAG values(617, 'dpl');
insert into SHOT values (618, 609, 620, 63, 6.910, 358.69, -68.90, 6.911, 358.84, -68.96, 0.010, 136.02, -18.86);
insert into SHOT_FLAG values(618, 'dpl');
insert into SHOT values (619, 609, 621, 63, 5.830, 352.59, 80.40, 5.821, 352.87, 80.43, 0.011, 127.96, -51.08);
insert into SHOT_FLAG values(619, 'dpl');
insert into SHOT values (620, 609, 622, 63, 31.580, 209.79, 82.80, 31.579, 209.67, 82.80, 0.009, 127.68, -6.63);
insert into SHOT_FLAG values(620, 'dpl');
insert into SHOT values (621, 609, 623, 63, 2.160, 266.99, 12.40, 2.161, 266.74, 12.02, 0.017, 199.34, -54.30);
insert into SHOT_FLAG values(621, 'dpl');
insert into SHOT values (622, 623, 624, 63, 0.850, 14.49, 5.00, 0.850, 14.36, 5.40, 0.006, 275.46, 71.86);
insert into SHOT_FLAG values(622, 'dpl');
insert into SHOT values (623, 623, 625, 63, 0.800, 62.79, 4.00, 0.798, 63.11, 4.31, 0.006, 177.20, 40.77);
insert into SHOT_FLAG values(623, 'dpl');
insert into SHOT values (624, 623, 626, 63, 0.860, 297.19, -1.80, 0.854, 297.16, -1.34, 0.009, 121.84, 52.57);
insert into SHOT_FLAG values(624, 'dpl');
insert into SHOT values (625, 623, 627, 63, 0.620, 352.99, -58.00, 0.612, 352.87, -58.19, 0.008, 179.31, 43.52);
insert into SHOT_FLAG values(625, 'dpl');
insert into SHOT values (626, 623, 628, 63, 10.480, 166.29, 87.70, 10.488, 166.29, 87.69, 0.009, 165.96, 80.34);
insert into SHOT_FLAG values(626, 'dpl');
insert into SHOT values (627, 629, 623, 63, 4.890, 267.89, -70.90, 4.877, 268.20, -70.96, 0.017, 45.70, 40.61);
insert into SHOT_FLAG values(627, 'dpl');
insert into SHOT values (628, 629, 630, 63, 1.390, 9.99, 1.30, 1.391, 9.94, 1.24, 0.002, 321.01, -39.55);
insert into SHOT_FLAG values(628, 'dpl');
insert into SHOT values (629, 629, 631, 63, 0.500, 42.99, -8.10, 0.500, 43.36, -8.05, 0.003, 130.22, 8.03);
insert into SHOT_FLAG values(629, 'dpl');
insert into SHOT values (630, 629, 632, 63, 0.680, 95.29, -6.50, 0.678, 95.96, -6.77, 0.009, 199.73, -20.37);
insert into SHOT_FLAG values(630, 'dpl');
insert into SHOT values (631, 629, 633, 63, 2.190, 131.79, 2.40, 2.190, 131.85, 2.36, 0.003, 216.94, -38.11);
insert into SHOT_FLAG values(631, 'dpl');
insert into SHOT values (632, 629, 634, 63, 4.460, 167.49, 4.50, 4.459, 167.53, 4.50, 0.003, 285.25, 1.44);
insert into SHOT_FLAG values(632, 'dpl');
insert into SHOT values (633, 629, 635, 63, 2.450, 202.29, -1.50, 2.454, 202.28, -1.63, 0.007, 192.68, -55.60);
insert into SHOT_FLAG values(633, 'dpl');
insert into SHOT values (634, 629, 636, 63, 2.540, 239.19, 0.10, 2.538, 239.19, 0.00, 0.005, 63.50, -67.76);
insert into SHOT_FLAG values(634, 'dpl');
insert into SHOT values (635, 629, 637, 63, 2.210, 281.79, 9.30, 2.205, 281.67, 9.40, 0.008, 139.66, 20.64);
insert into SHOT_FLAG values(635, 'dpl');
insert into SHOT values (636, 629, 638, 63, 7.190, 286.09, -86.10, 7.187, 285.46, -86.11, 0.006, 181.40, 31.03);
insert into SHOT_FLAG values(636, 'dpl');
insert into SHOT values (637, 629, 639, 63, 5.230, 281.19, -63.30, 5.225, 281.07, -63.35, 0.008, 139.87, 16.04);
insert into SHOT_FLAG values(637, 'dpl');
insert into SHOT values (638, 629, 640, 63, 3.580, 258.89, -53.60, 3.576, 258.85, -53.64, 0.005, 99.59, 17.84);
insert into SHOT_FLAG values(638, 'dpl');
insert into SHOT values (639, 629, 641, 63, 2.010, 205.89, -74.00, 2.008, 205.64, -73.97, 0.003, 129.22, 40.30);
insert into SHOT_FLAG values(639, 'dpl');
insert into SHOT values (640, 629, 642, 63, 5.150, 171.69, 42.40, 5.151, 172.19, 42.05, 0.046, 227.58, -29.66);
insert into SHOT_FLAG values(640, 'dpl');
insert into SHOT values (641, 642, 643, 63, 3.630, 304.09, 0.30, 3.622, 304.08, 0.32, 0.008, 128.46, 7.36);
insert into SHOT_FLAG values(641, 'dpl');
insert into SHOT values (642, 642, 644, 63, 4.730, 327.89, -3.10, 4.729, 327.89, -3.15, 0.004, 162.37, -79.16);
insert into SHOT_FLAG values(642, 'dpl');
insert into SHOT values (643, 642, 645, 63, 4.770, 336.19, -4.20, 4.768, 336.18, -4.21, 0.003, 175.68, -14.95);
insert into SHOT_FLAG values(643, 'dpl');
insert into SHOT values (644, 642, 646, 63, 3.820, 350.39, 0.60, 3.813, 350.49, 0.60, 0.010, 130.09, -0.01);
insert into SHOT_FLAG values(644, 'dpl');
insert into SHOT values (645, 642, 647, 63, 2.180, 154.29, 40.70, 2.181, 154.21, 40.63, 0.004, 104.93, -25.95);
insert into SHOT_FLAG values(645, 'dpl');
insert into SHOT values (646, 642, 648, 63, 1.780, 230.19, 49.80, 1.781, 229.94, 49.79, 0.005, 149.70, 4.88);
insert into SHOT_FLAG values(646, 'dpl');
insert into SHOT values (647, 642, 649, 63, 1.280, 262.49, 42.20, 1.281, 262.13, 42.19, 0.006, 179.02, 1.84);
insert into SHOT_FLAG values(647, 'dpl');
insert into SHOT values (648, 642, 650, 63, 1.690, 76.79, 38.60, 1.690, 76.91, 38.41, 0.006, 112.59, -44.05);
insert into SHOT_FLAG values(648, 'dpl');
insert into SHOT values (649, 642, 651, 63, 1.590, 121.49, 36.80, 1.594, 121.58, 36.59, 0.007, 138.10, -20.45);
insert into SHOT_FLAG values(649, 'dpl');
insert into SHOT values (650, 652, 642, 63, 5.830, 181.49, -67.50, 5.781, 181.31, -67.73, 0.055, 11.47, 41.38);
insert into SHOT_FLAG values(650, 'dpl');
insert into SHOT values (651, 652, 653, 63, 1.210, 160.19, 1.90, 1.203, 160.06, 1.91, 0.008, 1.74, -0.86);
insert into SHOT_FLAG values(651, 'dpl');
insert into SHOT values (652, 652, 654, 63, 4.370, 178.39, -1.60, 4.363, 178.42, -1.58, 0.007, 339.85, 16.06);
insert into SHOT_FLAG values(652, 'dpl');
insert into SHOT values (653, 652, 655, 63, 2.420, 203.29, -3.30, 2.413, 203.48, -3.09, 0.014, 333.10, 42.51);
insert into SHOT_FLAG values(653, 'dpl');
insert into SHOT values (654, 652, 656, 63, 3.000, 226.29, -0.30, 2.999, 226.35, -0.19, 0.007, 334.75, 61.19);
insert into SHOT_FLAG values(654, 'dpl');
insert into SHOT values (655, 652, 657, 63, 1.450, 295.29, -6.10, 1.457, 295.33, -5.91, 0.009, 301.67, 28.35);
insert into SHOT_FLAG values(655, 'dpl');
insert into SHOT values (656, 652, 658, 63, 3.320, 271.59, -4.10, 3.319, 271.73, -3.97, 0.011, 1.61, 43.10);
insert into SHOT_FLAG values(656, 'dpl');
insert into SHOT values (657, 652, 659, 63, 3.550, 256.09, -3.70, 3.550, 256.12, -3.55, 0.009, 318.42, 78.51);
insert into SHOT_FLAG values(657, 'dpl');
insert into SHOT values (658, 652, 660, 63, 6.720, 173.79, 36.60, 6.719, 173.82, 36.64, 0.006, 316.09, 36.18);
insert into SHOT_FLAG values(658, 'dpl');
insert into SHOT values (659, 652, 661, 63, 4.500, 173.99, 17.40, 4.501, 173.98, 17.45, 0.004, 54.26, 78.51);
insert into SHOT_FLAG values(659, 'dpl');
insert into SHOT values (660, 652, 662, 63, 4.370, 176.59, -7.20, 4.361, 176.69, -7.11, 0.013, 316.18, 35.19);
insert into SHOT_FLAG values(660, 'dpl');
insert into SHOT values (661, 652, 663, 63, 4.180, 175.49, -21.00, 4.176, 175.59, -20.90, 0.010, 272.66, 50.49);
insert into SHOT_FLAG values(661, 'dpl');
insert into SHOT values (662, 652, 664, 63, 4.710, 180.99, -41.50, 4.704, 181.14, -41.55, 0.011, 308.72, 4.77);
insert into SHOT_FLAG values(662, 'dpl');
insert into SHOT values (663, 652, 665, 63, 14.970, 222.89, 78.90, 14.971, 223.03, 78.88, 0.008, 279.71, 0.33);
insert into SHOT_FLAG values(663, 'dpl');
insert into SHOT values (664, 652, 666, 63, 14.250, 248.09, 76.20, 14.252, 248.26, 76.19, 0.010, 322.19, 7.39);
insert into SHOT_FLAG values(664, 'dpl');
insert into SHOT values (665, 652, 667, 63, 9.360, 239.59, 69.50, 9.362, 239.76, 69.52, 0.010, 342.21, 16.15);
insert into SHOT_FLAG values(665, 'dpl');
insert into SHOT values (666, 652, 668, 63, 6.560, 234.09, 61.60, 6.561, 234.12, 61.58, 0.003, 265.77, -10.06);
insert into SHOT_FLAG values(666, 'dpl');
insert into SHOT values (667, 652, 669, 63, 1.500, 168.59, 16.20, 1.515, 169.31, 16.10, 0.023, 219.53, 3.71);
insert into SHOT_FLAG values(667, 'dpl');
insert into SHOT values (668, 669, 670, 63, 2.780, 12.69, 79.50, 2.744, 11.77, 79.71, 0.038, 218.52, -61.46);
insert into SHOT_FLAG values(668, 'dpl');
insert into SHOT values (669, 670, 671, 63, 2.120, 213.09, -5.20, 2.125, 213.24, -5.13, 0.008, 260.33, 16.32);
insert into SHOT_FLAG values(669, 'dpl');
insert into SHOT values (670, 670, 672, 63, 0.960, 185.29, -9.00, 0.966, 185.41, -8.93, 0.006, 203.19, 1.59);
insert into SHOT_FLAG values(670, 'dpl');
insert into SHOT values (671, 670, 673, 63, 1.220, 197.69, -8.20, 1.221, 197.84, -8.47, 0.007, 277.66, -63.29);
insert into SHOT_FLAG values(671, 'dpl');
insert into SHOT values (672, 670, 674, 63, 2.450, 235.29, -9.40, 2.454, 235.26, -9.38, 0.005, 217.74, 1.78);
insert into SHOT_FLAG values(672, 'dpl');
insert into SHOT values (673, 670, 675, 63, 2.450, 289.19, 0.00, 2.454, 289.03, 0.00, 0.008, 228.47, 0.00);
insert into SHOT_FLAG values(673, 'dpl');
insert into SHOT values (674, 670, 676, 63, 3.810, 272.59, -1.10, 3.815, 272.55, -1.20, 0.009, 242.34, -52.83);
insert into SHOT_FLAG values(674, 'dpl');
insert into SHOT values (675, 670, 677, 63, 6.340, 288.39, 82.00, 6.318, 287.65, 81.60, 0.051, 272.10, -33.50);
insert into SHOT_FLAG values(675, 'dpl');
insert into SHOT values (676, 677, 678, 63, 2.130, 293.39, 2.60, 2.125, 293.30, 2.43, 0.009, 149.23, -49.53);
insert into SHOT_FLAG values(676, 'dpl');
insert into SHOT values (677, 677, 679, 63, 2.630, 272.89, 3.10, 2.627, 272.84, 3.05, 0.004, 132.84, -30.24);
insert into SHOT_FLAG values(677, 'dpl');
insert into SHOT values (678, 677, 680, 63, 2.700, 242.19, 0.20, 2.702, 242.20, 0.21, 0.002, 253.64, 17.28);
insert into SHOT_FLAG values(678, 'dpl');
insert into SHOT values (679, 677, 681, 63, 2.040, 205.09, -5.00, 2.039, 205.05, -5.06, 0.003, 77.50, -48.73);
insert into SHOT_FLAG values(679, 'dpl');
insert into SHOT values (680, 677, 682, 63, 1.660, 180.29, -2.40, 1.662, 180.35, -2.41, 0.002, 225.13, -13.07);
insert into SHOT_FLAG values(680, 'dpl');
insert into SHOT values (681, 677, 683, 63, 5.020, 235.89, 52.00, 5.018, 235.80, 51.92, 0.009, 187.76, -39.38);
insert into SHOT_FLAG values(681, 'dpl');
insert into SHOT values (682, 677, 684, 63, 5.730, 230.79, 68.00, 5.727, 230.67, 67.99, 0.005, 134.16, -31.17);
insert into SHOT_FLAG values(682, 'dpl');
insert into SHOT values (683, 677, 685, 63, 1.300, 144.69, 3.90, 1.303, 145.33, 3.52, 0.017, 219.67, -29.29);
insert into SHOT_FLAG values(683, 'dpl');
insert into SHOT values (684, 685, 686, 63, 0.860, 50.09, 6.60, 0.857, 49.76, 6.70, 0.006, 290.01, 11.49);
insert into SHOT_FLAG values(684, 'dpl');
insert into SHOT values (685, 685, 687, 63, 1.210, 11.99, 6.90, 1.212, 11.50, 6.63, 0.012, 297.38, -26.32);
insert into SHOT_FLAG values(685, 'dpl');
insert into SHOT values (686, 685, 688, 63, 1.230, 340.49, 11.40, 1.235, 340.22, 11.21, 0.009, 295.09, -20.88);
insert into SHOT_FLAG values(686, 'dpl');
insert into SHOT values (687, 685, 689, 63, 3.000, 326.79, 70.40, 2.995, 326.31, 70.30, 0.011, 257.14, -34.15);
insert into SHOT_FLAG values(687, 'dpl');
insert into SHOT values (688, 685, 690, 63, 5.330, 333.79, 76.00, 5.329, 333.83, 75.96, 0.004, 349.29, -28.03);
insert into SHOT_FLAG values(688, 'dpl');
insert into SHOT values (689, 685, 691, 63, 2.960, 23.19, 68.50, 2.956, 22.78, 68.48, 0.009, 291.34, -27.36);
insert into SHOT_FLAG values(689, 'dpl');
insert into SHOT values (690, 685, 692, 63, 1.570, 69.69, 61.40, 1.569, 69.62, 61.58, 0.005, 260.50, 17.71);
insert into SHOT_FLAG values(690, 'dpl');
insert into SHOT values (691, 685, 693, 63, 3.180, 45.29, 42.00, 3.168, 45.17, 42.00, 0.013, 255.76, -38.37);
insert into SHOT_FLAG values(691, 'dpl');
insert into SHOT values (692, 685, 694, 63, 3.110, 55.89, 40.00, 3.111, 55.78, 40.01, 0.005, 327.50, 10.75);
insert into SHOT_FLAG values(692, 'dpl');
insert into SHOT values (693, 685, 695, 63, 4.650, 45.89, 63.50, 4.599, 45.80, 63.91, 0.061, 229.48, -30.97);
insert into SHOT_FLAG values(693, 'dpl');
insert into SHOT values (694, 695, 696, 63, 0.760, 127.89, -9.70, 0.746, 128.90, -10.82, 0.024, 270.33, -29.43);
insert into SHOT_FLAG values(694, 'dpl');
insert into SHOT values (695, 696, 697, 63, 1.270, 135.89, 0.30, 1.273, 135.64, 0.45, 0.007, 72.57, 27.62);
insert into SHOT_FLAG values(695, 'dpl');
insert into SHOT values (696, 696, 698, 63, 1.280, 160.69, -1.10, 1.284, 160.44, -0.89, 0.009, 107.70, 32.28);
insert into SHOT_FLAG values(696, 'dpl');
insert into SHOT values (697, 696, 699, 63, 1.420, 184.89, -2.60, 1.416, 184.86, -2.43, 0.006, 16.91, 51.45);
insert into SHOT_FLAG values(697, 'dpl');
insert into SHOT values (698, 696, 700, 63, 1.560, 210.79, -5.10, 1.553, 210.71, -5.17, 0.007, 49.11, -10.34);
insert into SHOT_FLAG values(698, 'dpl');
insert into SHOT values (699, 696, 701, 63, 2.150, 235.09, -1.40, 2.148, 235.05, -1.33, 0.004, 91.59, 43.38);
insert into SHOT_FLAG values(699, 'dpl');
insert into SHOT values (700, 696, 702, 63, 1.330, 260.29, -1.60, 1.329, 260.47, -1.72, 0.005, 6.23, -34.54);
insert into SHOT_FLAG values(700, 'dpl');
insert into SHOT values (701, 696, 703, 63, 1.350, 286.29, -6.10, 1.352, 286.41, -5.94, 0.005, 335.19, 42.90);
insert into SHOT_FLAG values(701, 'dpl');
insert into SHOT values (702, 696, 704, 63, 4.180, 119.79, 69.40, 4.128, 120.75, 70.05, 0.075, 279.23, -25.98);
insert into SHOT_FLAG values(702, 'dpl');
insert into SHOT values (703, 704, 705, 63, 1.270, 232.39, 3.30, 1.273, 232.68, 3.60, 0.010, 303.75, 45.98);
insert into SHOT_FLAG values(703, 'dpl');
insert into SHOT values (704, 704, 706, 63, 2.120, 250.39, 3.20, 2.126, 250.46, 3.24, 0.006, 272.39, 15.38);
insert into SHOT_FLAG values(704, 'dpl');
insert into SHOT values (705, 704, 707, 63, 4.170, 272.09, 3.30, 4.170, 272.07, 3.30, 0.002, 171.84, -1.12);
insert into SHOT_FLAG values(705, 'dpl');
insert into SHOT values (706, 704, 708, 63, 3.150, 288.59, 2.30, 3.159, 288.66, 2.36, 0.010, 313.09, 20.97);
insert into SHOT_FLAG values(706, 'dpl');
insert into SHOT values (707, 704, 709, 63, 1.840, 306.09, 1.80, 1.847, 306.19, 1.86, 0.008, 329.14, 16.08);
insert into SHOT_FLAG values(707, 'dpl');
insert into SHOT values (708, 704, 710, 63, 0.810, 341.19, -1.80, 0.813, 341.34, -1.41, 0.007, 15.22, 55.43);
insert into SHOT_FLAG values(708, 'dpl');
insert into SHOT values (709, 704, 711, 63, 3.980, 206.09, 76.40, 3.983, 207.87, 75.70, 0.057, 238.60, -8.44);
insert into SHOT_FLAG values(709, 'dpl');
insert into SHOT values (710, 711, 712, 63, 1.120, 46.89, -46.00, 1.075, 45.56, -47.32, 0.055, 245.73, 16.56);
insert into SHOT_FLAG values(710, 'dpl');
insert into SHOT values (711, 712, 713, 63, 3.690, 79.89, -32.70, 3.696, 80.54, -32.94, 0.039, 175.08, -25.27);
insert into SHOT_FLAG values(711, 'dpl');
insert into SCRAPS values (65, 55, 'SP-FT-1', 1, 11.14572, 2.28705);
 insert into SCRAPS values (76, 55, 'SP-FT-0', 1, 33.83884, 6.95954);
 insert into SCRAPS values (88, 55, 'SP-FT-2', 1, 6.77136, 1.09981);
 insert into SCRAPS values (107, 55, 'SP-FT-3', 1, 79.24361, 7.35717);
 insert into SCRAPS values (120, 55, 'SP-FT-4', 1, 4.89977, 1.32095);
 insert into SCRAPS values (132, 55, 'SP-FT-5', 1, 28.18257, 1.12694);
 insert into SCRAPS values (158, 55, 'SP-FT-6', 1, 6.11844, 0.39309);
 insert into SCRAPS values (181, 55, 'SP-FT-7', 1, 26.27248, 1.09049);
 insert into SCRAPS values (199, 55, 'SP-FT-8', 1, 36.37773, 2.90283);
 insert into SCRAPS values (219, 55, 'SC-FT-1', 2, 5.07827, 0.46949);
 insert into SCRAPS values (266, 55, 'SC-FT-2', 2, 27.54320, 0.56226);
 insert into MAPS values (324, 55, 'MP-FT-plan-tot', 'FT', 1, 285.000, -191.960);
 insert into MAPITEMS values (324, 4, 199);
 insert into MAPITEMS values (324, 4, 181);
 insert into MAPITEMS values (324, 4, 158);
 insert into MAPITEMS values (324, 4, 132);
 insert into MAPITEMS values (324, 4, 120);
 insert into MAPITEMS values (324, 4, 107);
 insert into MAPITEMS values (324, 4, 88);
 insert into MAPITEMS values (324, 4, 65);
 insert into MAPITEMS values (324, 4, 76);
 insert into MAPS values (325, 55, 'MC-FT-coupe-tot', 'FT', 2, 285.000, -191.960);
 insert into MAPITEMS values (325, 4, 219);
 insert into MAPITEMS values (325, 4, 266);
 insert into SURVEY values (327, 53, 'Kriska', 'Kriska.Ded.Ded', 'Kriska');
 insert into CENTRELINE values (328, 327, NULL, NULL, NULL, 0.00, 0.00, 0.00);
 insert into SURVEY values (329, 327, 'Kriska-spel', 'Kriska-spel.Kriska.Ded.Ded', 'Kriska-spel');
 insert into CENTRELINE values (330, 329, NULL, NULL, NULL, 0.00, 0.00, 0.00);
 insert into SURVEY values (331, 329, 'Kriska1', 'Kriska1.Kriska-spel.Kriska.Ded.Ded', 'Kriska');
 insert into CENTRELINE values (332, 331, NULL, NULL, NULL, 0.00, 0.00, 0.00);
 insert into CENTRELINE values (333, 331, NULL, '2021-06-26', '1962-01-01', 312.91, 0.00, 0.00);
 insert into PERSON values (10, 'Solveig', 'Reymond(GUCEM)');
insert into TOPO values (10, 333);
 insert into TOPO values (2, 333);
 insert into PERSON values (11, NULL, 'Aragnous');
insert into EXPLO values (11, 333);
 insert into PERSON values (12, NULL, 'Betschen');
insert into EXPLO values (12, 333);
 insert into PERSON values (13, NULL, 'CSC');
insert into EXPLO values (13, 333);
 insert into PERSON values (14, NULL, 'Collomb');
insert into EXPLO values (14, 333);
 insert into PERSON values (15, NULL, 'Criska');
insert into EXPLO values (15, 333);
 insert into PERSON values (16, NULL, 'Darbouns');
insert into EXPLO values (16, 333);
 insert into EXPLO values (4, 333);
 insert into PERSON values (17, NULL, 'FLT');
insert into EXPLO values (17, 333);
 insert into PERSON values (18, 'Alain', 'Marbach');
insert into EXPLO values (18, 333);
 insert into PERSON values (19, 'G.', 'Marbach');
insert into EXPLO values (19, 333);
 insert into PERSON values (20, NULL, 'Massari');
insert into EXPLO values (20, 333);
 insert into PERSON values (21, 'Andre', 'Meozzi');
insert into EXPLO values (21, 333);
 insert into PERSON values (22, NULL, 'Rousset');
insert into EXPLO values (22, 333);
 insert into PERSON values (23, NULL, 'SGCAF');
insert into EXPLO values (23, 333);
 insert into PERSON values (24, 'R.', 'Taffani');
insert into EXPLO values (24, 333);
 insert into PERSON values (25, 'Francois', 'Thierry');
insert into EXPLO values (25, 333);
 insert into PERSON values (26, NULL, 'Thiriet');
insert into EXPLO values (26, 333);
 insert into PERSON values (27, 'A.C.', 'Toulonnais');
insert into EXPLO values (27, 333);
 insert into SHOT values (712, 714, 715, 333, 0.800, 23.60, -2.30, 0.798, 23.67, -2.16, 0.003, 179.91, 39.98);
insert into SHOT values (713, 714, 716, 333, 0.890, 201.80, 4.50, 0.887, 201.92, 4.53, 0.004, 352.10, 2.55);
insert into SHOT values (714, 714, 717, 333, 1.410, 181.30, -64.70, 1.405, 180.95, -64.71, 0.006, 56.46, 47.36);
insert into SHOT values (715, 714, 718, 333, 1.430, 40.00, -61.50, 1.432, 40.24, -61.60, 0.004, 152.39, -47.05);
insert into SHOT values (716, 714, 719, 333, 0.710, 24.40, 1.30, 0.716, 24.78, 1.60, 0.009, 62.27, 26.89);
insert into SHOT values (717, 714, 720, 333, 1.020, 31.40, 58.50, 1.019, 31.89, 58.65, 0.005, 154.47, 3.23);
insert into SHOT values (718, 714, 721, 333, 1.420, 197.50, 58.50, 1.420, 197.22, 58.44, 0.004, 127.71, -10.88);
insert into SHOT values (719, 714, 722, 333, 0.720, 198.00, -10.90, 0.716, 197.40, -11.28, 0.010, 74.06, -23.65);
insert into SHOT values (720, 714, 723, 333, 1.020, 180.10, -58.30, 1.024, 180.00, -58.17, 0.005, 167.15, -27.79);
insert into SHOT values (721, 714, 724, 333, 2.120, 99.00, -51.90, 2.127, 99.18, -51.74, 0.010, 124.13, -9.99);
insert into SHOT values (722, 714, 725, 333, 2.150, 21.70, -71.10, 2.147, 21.80, -70.97, 0.006, 40.80, 46.61);
insert into SHOT values (723, 714, 726, 333, 1.210, 275.00, -15.50, 1.207, 274.93, -15.37, 0.004, 135.44, 56.51);
insert into SHOT values (724, 714, 727, 333, 25.370, 38.00, -87.40, 25.360, 37.90, -85.73, 0.739, 37.75, 4.18);
insert into SHOT values (725, 727, 728, 333, 0.730, 344.00, -6.00, 0.732, 344.05, -6.27, 0.004, 3.68, -59.98);
insert into SHOT values (726, 727, 729, 333, 1.550, 147.90, -1.60, 1.546, 147.96, -1.48, 0.005, 306.38, 37.89);
insert into SHOT values (727, 727, 730, 333, 1.700, 152.80, 63.20, 1.702, 152.76, 63.29, 0.003, 347.37, 55.93);
insert into SHOT values (728, 727, 731, 333, 3.050, 252.50, 40.30, 3.049, 252.50, 40.24, 0.003, 254.09, -59.31);
insert into SHOT values (729, 727, 732, 333, 3.540, 52.70, 42.00, 3.537, 52.74, 42.07, 0.005, 211.60, 14.31);
insert into SHOT values (730, 727, 733, 333, 7.420, 46.50, 78.70, 7.424, 46.67, 78.68, 0.007, 98.94, 35.09);
insert into SHOT values (731, 727, 734, 333, 4.700, 67.50, -52.00, 4.696, 67.43, -51.99, 0.006, 307.87, 41.06);
insert into SHOT values (732, 727, 735, 333, 4.670, 67.20, -53.50, 4.667, 67.13, -53.46, 0.005, 348.01, 48.57);
insert into SHOT values (733, 727, 736, 333, 5.490, 73.90, -31.30, 5.499, 73.49, -30.98, 0.047, 18.51, 28.33);
insert into SHOT values (734, 736, 737, 333, 2.580, 245.60, 1.30, 2.574, 245.43, 1.34, 0.010, 116.17, 8.39);
insert into SHOT values (735, 736, 738, 333, 1.000, 199.70, -12.10, 0.996, 199.18, -12.17, 0.010, 86.62, -2.28);
insert into SHOT values (736, 736, 739, 333, 2.290, 286.40, 24.80, 2.287, 286.51, 24.82, 0.005, 53.61, -5.89);
insert into SHOT values (737, 736, 740, 333, 2.090, 272.20, -40.50, 2.086, 272.17, -40.70, 0.009, 96.73, -18.07);
insert into SHOT values (738, 736, 741, 333, 2.720, 204.70, -55.80, 2.719, 204.38, -55.85, 0.009, 96.41, -2.20);
insert into SHOT values (739, 736, 742, 333, 5.080, 105.90, -57.30, 5.061, 105.40, -57.11, 0.035, 25.86, 45.80);
insert into SHOT values (740, 742, 743, 333, 0.360, 98.60, 39.20, 0.358, 98.13, 37.88, 0.009, 67.66, -59.18);
insert into SHOT values (741, 742, 744, 333, 2.460, 198.90, 22.00, 2.462, 198.91, 21.95, 0.003, 211.26, -32.26);
insert into SHOT values (742, 742, 745, 333, 0.680, 354.30, 19.70, 0.683, 354.64, 19.69, 0.005, 50.55, 9.42);
insert into SHOT values (743, 742, 746, 333, 2.230, 272.20, -10.00, 2.226, 272.09, -10.09, 0.007, 133.19, -24.10);
insert into SHOT values (744, 742, 747, 333, 1.480, 261.60, 71.10, 1.478, 261.53, 71.25, 0.004, 89.35, -2.78);
insert into SHOT values (745, 742, 748, 333, 2.130, 247.10, -8.70, 2.132, 247.09, -8.90, 0.008, 217.00, -84.18);
insert into SHOT values (746, 742, 749, 333, 2.290, 265.40, -8.90, 2.296, 265.45, -9.02, 0.008, 287.36, -48.26);
insert into SHOT values (747, 742, 750, 333, 3.150, 251.40, -27.30, 3.117, 251.70, -27.30, 0.036, 45.01, 24.47);
insert into SHOT values (748, 750, 751, 333, 0.590, 28.40, 2.40, 0.591, 28.30, 2.91, 0.006, 346.29, 74.22);
insert into SHOT values (749, 750, 752, 333, 0.640, 134.10, 53.80, 0.641, 133.92, 54.21, 0.005, 334.45, 46.48);
insert into SHOT values (750, 750, 753, 333, 0.510, 286.10, 8.50, 0.506, 286.26, 9.09, 0.007, 88.27, 44.97);
insert into SHOT values (751, 750, 754, 333, 4.310, 50.60, -74.10, 4.305, 50.01, -73.62, 0.038, 30.00, 23.21);
insert into SHOT values (752, 754, 755, 333, 1.520, 102.20, -4.90, 1.520, 102.20, -4.91, 0.000, 267.54, -33.25);
insert into SHOT values (753, 754, 756, 333, 2.250, 272.70, 28.50, 2.248, 272.62, 28.71, 0.009, 120.88, 46.83);
insert into SHOT values (754, 754, 757, 333, 1.960, 160.80, 62.20, 1.968, 160.97, 62.13, 0.009, 185.53, 42.58);
insert into SHOT values (755, 754, 758, 333, 1.030, 182.20, -5.30, 1.035, 182.22, -4.99, 0.007, 187.34, 44.67);
insert into SHOT values (756, 754, 759, 333, 1.730, 134.90, -25.70, 1.706, 134.47, -25.34, 0.029, 348.21, 44.26);
insert into SHOT values (757, 759, 760, 333, 0.310, 41.70, -4.10, 0.313, 39.81, -3.66, 0.011, 328.08, 11.38);
insert into SHOT values (758, 759, 761, 333, 1.140, 39.60, -58.70, 1.136, 38.81, -58.68, 0.009, 295.95, 26.08);
insert into SHOT values (759, 759, 762, 333, 0.610, 170.70, 66.40, 0.610, 172.87, 66.64, 0.010, 276.03, 6.10);
insert into SHOT values (760, 759, 763, 333, 0.150, 201.40, -13.20, 0.146, 204.78, -11.83, 0.010, 311.62, 25.32);
insert into SHOT values (761, 759, 764, 333, 3.020, 101.80, -27.60, 3.011, 101.23, -27.49, 0.029, 0.43, 18.59);
insert into SHOT values (762, 764, 765, 333, 1.230, 267.50, -84.80, 1.225, 264.81, -84.83, 0.007, 165.04, 42.90);
insert into SHOT values (763, 764, 766, 333, 1.800, 271.90, 75.80, 1.804, 271.30, 75.88, 0.007, 164.17, 46.12);
insert into SHOT values (764, 764, 767, 333, 1.040, 212.50, -4.50, 1.046, 212.47, -4.39, 0.006, 208.05, 14.23);
insert into SHOT values (765, 764, 768, 333, 1.980, 167.00, 28.60, 1.986, 167.08, 28.58, 0.007, 190.25, 19.28);
insert into SHOT values (766, 764, 769, 333, 1.610, 213.30, -58.90, 1.614, 213.31, -58.74, 0.006, 215.06, -13.22);
insert into SHOT values (767, 764, 770, 333, 2.270, 141.40, -39.90, 2.232, 140.92, -39.85, 0.041, 348.12, 39.52);
insert into SHOT values (768, 770, 771, 333, 0.410, 26.10, 6.90, 0.406, 26.57, 7.08, 0.006, 170.32, 7.55);
insert into SHOT values (769, 770, 772, 333, 0.760, 70.50, 69.00, 0.758, 70.20, 69.48, 0.007, 262.18, 4.03);
insert into SHOT values (770, 770, 773, 333, 0.680, 3.20, -68.60, 0.678, 2.29, -68.34, 0.005, 300.58, 34.94);
insert into SHOT values (771, 770, 774, 333, 1.700, 99.40, -10.30, 1.697, 98.95, -10.18, 0.014, 359.33, 16.81);
insert into SHOT values (772, 774, 775, 333, 0.560, 217.60, -0.70, 0.556, 217.69, 0.00, 0.008, 24.14, 59.61);
insert into SHOT values (773, 774, 776, 333, 1.220, 209.80, 70.80, 1.226, 208.50, 71.05, 0.012, 101.04, 39.43);
insert into SHOT values (774, 774, 777, 333, 0.880, 313.90, -78.60, 0.877, 315.00, -78.84, 0.006, 96.47, 26.17);
insert into SHOT values (775, 774, 778, 333, 1.330, 159.50, -25.50, 1.328, 159.00, -25.41, 0.011, 65.27, 13.77);
insert into SHOT values (776, 774, 779, 333, 1.400, 117.90, -16.80, 1.405, 117.90, -16.55, 0.008, 117.73, 36.71);
insert into SHOT values (777, 774, 780, 333, 3.630, 117.40, -27.90, 3.612, 116.97, -27.72, 0.032, 3.87, 35.23);
insert into SHOT values (778, 780, 781, 333, 0.320, 13.80, 4.80, 0.322, 14.47, 5.35, 0.005, 85.30, 39.14);
insert into SHOT values (779, 780, 782, 333, 1.140, 349.90, 83.20, 1.138, 351.25, 83.36, 0.005, 128.16, -22.96);
insert into SHOT values (780, 780, 783, 333, 0.690, 349.50, -84.10, 0.694, 351.87, -84.15, 0.005, 84.90, -51.19);
insert into SHOT values (781, 780, 784, 333, 1.810, 87.30, -11.80, 1.829, 86.80, -11.35, 0.028, 50.82, 21.24);
insert into SHOT values (782, 784, 785, 333, 0.310, 221.70, -16.10, 0.311, 222.27, -16.84, 0.005, 321.86, -53.04);
insert into SHOT values (783, 784, 786, 333, 1.450, 233.30, 68.50, 1.453, 233.34, 68.34, 0.005, 238.65, 11.01);
insert into SHOT values (784, 784, 787, 333, 0.660, 307.90, 75.20, 0.655, 308.16, 74.22, 0.012, 312.77, -40.51);
insert into SHOT values (785, 784, 788, 333, 2.500, 123.30, -27.60, 2.475, 122.89, -27.69, 0.030, 335.87, 15.96);
insert into SHOT values (786, 788, 789, 333, 0.160, 153.90, 51.20, 0.166, 150.95, 51.62, 0.008, 89.69, 42.01);
insert into SHOT values (787, 788, 790, 333, 0.360, 237.90, -31.70, 0.360, 238.39, -31.90, 0.003, 349.00, -16.38);
insert into SHOT values (788, 788, 791, 333, 1.010, 40.20, -10.00, 1.008, 40.10, -9.71, 0.006, 277.58, 69.63);
insert into SHOT values (789, 788, 792, 333, 1.310, 217.80, -71.60, 1.307, 217.15, -71.54, 0.006, 133.60, 32.62);
insert into SHOT values (790, 788, 793, 333, 0.590, 320.20, -25.50, 0.588, 320.33, -25.14, 0.004, 45.24, 72.63);
insert into SHOT values (791, 788, 794, 333, 5.540, 132.50, -79.60, 5.507, 131.68, -79.78, 0.039, 343.98, 47.40);
insert into SHOT values (792, 794, 795, 333, 0.650, 240.90, -6.40, 0.649, 240.26, -6.19, 0.008, 142.96, 18.57);
insert into SHOT values (793, 794, 796, 333, 1.230, 162.30, -14.20, 1.236, 162.02, -14.05, 0.009, 118.56, 11.55);
insert into SHOT values (794, 794, 797, 333, 2.450, 299.60, 57.70, 2.451, 299.69, 57.63, 0.004, 333.80, -13.28);
insert into SHOT values (795, 794, 798, 333, 2.390, 352.40, 8.90, 2.389, 352.45, 8.91, 0.002, 101.26, 5.73);
insert into SHOT values (796, 794, 799, 333, 2.530, 332.40, 37.50, 2.531, 332.41, 37.48, 0.001, 359.14, -7.53);
insert into SHOT values (797, 794, 800, 333, 2.220, 349.10, 0.30, 2.220, 349.09, 0.26, 0.002, 304.54, -84.05);
insert into SHOT values (798, 794, 801, 333, 1.140, 157.90, 1.80, 1.144, 157.92, 1.50, 0.007, 163.40, -52.36);
insert into SHOT values (799, 794, 802, 333, 0.750, 253.10, 4.20, 0.745, 252.78, 3.85, 0.008, 114.06, -38.41);
insert into SHOT values (800, 794, 803, 333, 13.140, 64.40, -85.50, 13.124, 64.08, -84.80, 0.162, 62.02, 10.52);
insert into SHOT values (801, 803, 804, 333, 1.220, 41.40, 35.60, 1.214, 41.30, 35.79, 0.007, 235.46, -1.50);
insert into SHOT values (802, 803, 805, 333, 0.590, 305.20, 25.30, 0.593, 305.17, 24.91, 0.005, 301.68, -23.87);
insert into SHOT values (803, 803, 806, 333, 2.040, 242.50, 7.10, 2.046, 242.43, 7.02, 0.007, 220.30, -17.50);
insert into SHOT values (804, 803, 807, 333, 7.750, 149.20, 2.30, 7.746, 149.23, 2.29, 0.006, 285.04, -10.42);
insert into SHOT values (805, 803, 808, 333, 2.040, 112.40, 25.20, 2.034, 112.38, 25.32, 0.008, 296.86, 10.80);
insert into SHOT values (806, 803, 809, 333, 2.280, 209.80, 4.30, 2.277, 209.84, 4.28, 0.003, 356.99, -17.71);
insert into SHOT values (807, 803, 810, 333, 3.780, 183.30, 8.40, 3.777, 183.38, 8.37, 0.006, 303.77, -20.53);
insert into SHOT values (808, 803, 811, 333, 5.440, 166.90, -0.60, 5.441, 166.93, -0.63, 0.005, 238.42, -39.85);
insert into SHOT values (809, 803, 812, 333, 23.510, 134.30, -78.50, 23.484, 133.91, -79.10, 0.249, 321.36, -5.07);
insert into SHOT values (810, 812, 813, 333, 0.620, 195.50, 6.10, 0.625, 194.93, 6.43, 0.009, 141.41, 28.50);
insert into SHOT values (811, 812, 814, 333, 0.470, 313.50, 8.00, 0.472, 313.26, 8.53, 0.005, 261.25, 62.30);
insert into SHOT values (812, 812, 815, 333, 2.020, 54.40, 5.70, 2.024, 54.50, 5.67, 0.006, 91.31, -6.27);
insert into SHOT values (813, 812, 816, 333, 2.690, 118.70, 2.10, 2.691, 118.66, 2.13, 0.003, 67.08, 33.11);
insert into SHOT values (814, 812, 817, 333, 2.460, 124.40, 52.30, 2.462, 124.43, 52.37, 0.004, 264.23, 70.09);
insert into SHOT values (815, 812, 818, 333, 3.940, 102.50, 78.00, 3.936, 102.68, 77.98, 0.005, 174.98, -54.95);
insert into SHOT values (816, 812, 819, 333, 3.240, 132.60, 27.50, 3.248, 132.61, 27.51, 0.008, 137.08, 31.04);
insert into SHOT values (817, 812, 820, 333, 2.210, 159.70, 0.90, 2.209, 159.60, 1.04, 0.007, 53.35, 52.15);
insert into SHOT values (818, 812, 821, 333, 5.740, 350.50, 51.80, 5.784, 350.72, 51.55, 0.053, 6.96, 21.22);
insert into SHOT values (819, 821, 822, 333, 0.500, 217.50, -18.70, 0.504, 217.35, -18.51, 0.005, 201.79, 3.83);
insert into SHOT values (820, 821, 823, 333, 0.690, 229.90, 42.50, 0.694, 229.76, 42.61, 0.005, 200.86, 57.28);
insert into SHOT values (821, 821, 824, 333, 0.830, 328.50, -75.60, 0.825, 327.09, -75.80, 0.007, 199.69, 31.66);
insert into SHOT values (822, 821, 825, 333, 0.160, 81.90, 7.00, 0.162, 82.87, 7.07, 0.004, 130.61, 7.80);
insert into SHOT values (823, 821, 826, 333, 2.410, 319.80, 8.70, 2.413, 319.76, 8.82, 0.006, 281.97, 66.86);
insert into SHOT values (824, 821, 827, 333, 1.720, 283.80, 25.10, 1.724, 284.13, 25.42, 0.014, 17.16, 49.34);
insert into SHOT values (825, 827, 828, 333, 0.210, 79.30, 45.70, 0.207, 77.91, 46.33, 0.005, 303.88, -3.41);
insert into SHOT values (826, 827, 829, 333, 0.640, 175.40, 15.60, 0.638, 175.31, 16.39, 0.009, 6.97, 60.47);
insert into SHOT values (827, 827, 830, 333, 0.470, 344.40, 2.50, 0.478, 344.22, 2.40, 0.009, 334.40, -3.34);
insert into SHOT values (828, 827, 831, 333, 0.140, 284.80, -13.50, 0.139, 287.10, -12.44, 0.006, 17.18, 26.10);
insert into SHOT values (829, 827, 832, 333, 4.270, 306.00, 36.30, 4.305, 306.44, 36.33, 0.044, 351.10, 30.32);
insert into SHOT values (830, 832, 833, 333, 0.320, 223.80, 86.80, 0.320, 225.00, 87.47, 0.004, 39.24, 7.61);
insert into SHOT values (831, 832, 834, 333, 1.100, 60.10, 1.50, 1.107, 60.19, 1.55, 0.007, 74.94, 9.77);
insert into SHOT values (832, 832, 835, 333, 0.310, 127.80, 5.10, 0.315, 127.23, 5.46, 0.007, 97.19, 21.94);
insert into SHOT values (833, 832, 836, 333, 0.290, 95.90, -77.50, 0.289, 98.13, -75.83, 0.009, 115.14, 20.51);
insert into SHOT values (834, 832, 837, 333, 0.160, 270.30, -4.40, 0.160, 270.00, -3.58, 0.002, 209.72, 67.22);
insert into SHOT values (835, 832, 838, 333, 2.350, 328.00, 4.50, 2.379, 328.46, 4.82, 0.037, 2.65, 25.13);
insert into SHOT values (836, 838, 839, 333, 0.660, 216.30, 10.90, 0.661, 216.87, 10.46, 0.008, 290.18, -35.42);
insert into SHOT values (837, 838, 840, 333, 1.300, 198.50, 71.30, 1.298, 199.75, 71.38, 0.009, 304.14, -8.33);
insert into SHOT values (838, 838, 841, 333, 1.000, 258.80, -82.30, 1.009, 261.25, -82.51, 0.011, 13.37, -55.50);
insert into SHOT values (839, 838, 842, 333, 1.190, 301.50, -2.40, 1.205, 302.11, -2.38, 0.020, 341.68, -0.49);
insert into SHOT values (840, 842, 843, 333, 1.060, 33.20, 0.30, 1.062, 33.09, 0.54, 0.005, 352.86, 55.61);
insert into SHOT values (841, 842, 844, 333, 2.470, 336.30, 83.90, 2.474, 335.38, 83.87, 0.006, 265.77, 41.50);
insert into SHOT values (842, 842, 845, 333, 0.870, 197.90, 21.00, 0.867, 197.99, 20.95, 0.003, 352.42, -31.25);
insert into SHOT values (843, 842, 846, 333, 1.360, 155.60, -5.20, 1.357, 155.52, -5.07, 0.005, 7.48, 43.44);
insert into SHOT values (844, 842, 847, 333, 17.970, 322.00, -78.10, 17.950, 322.40, -77.29, 0.257, 328.54, 16.68);
insert into SHOT values (845, 847, 848, 333, 2.220, 352.60, 4.00, 2.224, 352.49, 3.87, 0.008, 309.44, -38.63);
insert into SHOT values (846, 847, 849, 333, 2.590, 48.50, 1.10, 2.586, 48.29, 1.11, 0.010, 293.43, 1.56);
insert into SHOT values (847, 847, 850, 333, 2.030, 108.10, 2.20, 2.022, 108.17, 1.98, 0.011, 271.00, -44.22);
insert into SHOT values (848, 847, 851, 333, 2.250, 145.90, 3.80, 2.246, 146.10, 3.83, 0.009, 263.44, 5.74);
insert into SHOT values (849, 847, 852, 333, 3.710, 42.50, 64.30, 3.706, 42.23, 64.31, 0.008, 298.69, -20.85);
insert into SHOT values (850, 847, 853, 333, 17.860, 42.80, -77.20, 17.850, 42.56, -76.00, 0.373, 39.94, 14.92);
insert into SHOT values (851, 853, 854, 333, 1.500, 55.20, 5.90, 1.508, 55.04, 5.71, 0.011, 29.83, -23.34);
insert into SHOT values (852, 853, 855, 333, 2.180, 97.00, 3.40, 2.179, 96.86, 3.42, 0.005, 0.55, 7.90);
insert into SHOT values (853, 853, 856, 333, 1.880, 128.00, 3.20, 1.877, 127.85, 3.05, 0.008, 8.25, -41.21);
insert into SHOT values (854, 853, 857, 333, 1.480, 223.20, 5.80, 1.472, 223.06, 5.85, 0.009, 66.82, 2.91);
insert into SHOT values (855, 853, 858, 333, 1.160, 271.40, -3.70, 1.153, 271.49, -3.98, 0.009, 76.35, -34.62);
insert into SHOT values (856, 853, 859, 333, 3.580, 129.10, -53.60, 3.552, 128.45, -53.62, 0.037, 2.48, 35.83);
insert into SHOT values (857, 859, 860, 333, 1.800, 258.90, -10.20, 1.802, 258.94, -10.23, 0.002, 305.03, -32.54);
insert into SHOT values (858, 859, 861, 333, 1.450, 304.80, -2.70, 1.453, 304.89, -2.76, 0.004, 349.62, -25.97);
insert into SHOT values (859, 859, 862, 333, 1.340, 20.60, 6.80, 1.345, 20.61, 6.83, 0.005, 22.85, 15.37);
insert into SHOT values (860, 859, 863, 333, 1.260, 96.10, -0.60, 1.257, 95.94, -0.91, 0.008, 323.90, -55.06);
insert into SHOT values (861, 859, 864, 333, 19.840, 165.70, -86.00, 19.825, 165.40, -87.13, 0.392, 346.44, -1.22);
insert into SHOT values (862, 864, 865, 333, 1.270, 220.60, -17.70, 1.271, 220.65, -17.40, 0.007, 243.27, 63.95);
insert into SHOT values (863, 864, 866, 333, 1.310, 169.70, -7.40, 1.310, 169.81, -7.01, 0.009, 231.42, 71.18);
insert into SHOT values (864, 864, 867, 333, 1.500, 278.00, -13.40, 1.493, 277.91, -13.16, 0.010, 121.34, 52.64);
insert into SHOT values (865, 864, 868, 333, 3.730, 272.70, -70.20, 3.698, 273.21, -70.21, 0.034, 48.96, 61.47);
insert into SHOT values (866, 868, 869, 333, 0.740, 326.90, 1.30, 0.738, 327.17, 1.55, 0.005, 86.29, 38.47);
insert into SHOT values (867, 868, 870, 333, 0.820, 48.10, 0.70, 0.821, 47.96, 0.70, 0.002, 353.55, -0.43);
insert into SHOT values (868, 868, 871, 333, 1.610, 97.10, 2.90, 1.613, 96.77, 2.84, 0.010, 26.78, -8.50);
insert into SHOT values (869, 868, 872, 333, 3.590, 130.80, 1.40, 3.589, 130.71, 1.44, 0.006, 32.02, 21.26);
insert into SHOT values (870, 868, 873, 333, 1.690, 149.30, 7.10, 1.690, 149.15, 7.14, 0.004, 62.18, 14.72);
insert into SHOT values (871, 868, 874, 333, 13.730, 44.10, -66.00, 13.734, 43.88, -65.02, 0.235, 38.29, 23.29);
insert into SHOT values (872, 874, 875, 333, 2.190, 192.70, 0.90, 2.184, 192.70, 1.05, 0.008, 12.16, 41.57);
insert into SHOT values (873, 874, 876, 333, 4.950, 260.10, -0.80, 4.954, 260.12, -0.81, 0.004, 285.05, -11.49);
insert into SHOT values (874, 874, 877, 333, 6.150, 283.00, -0.80, 6.150, 283.06, -0.75, 0.009, 14.94, 39.44);
insert into SHOT values (875, 874, 878, 333, 0.890, 306.00, -0.80, 0.894, 306.36, -0.64, 0.007, 359.78, 19.25);
insert into SHOT values (876, 874, 879, 333, 0.470, 15.60, -3.80, 0.476, 14.62, -3.61, 0.010, 323.71, 6.36);
insert into SHOT values (877, 874, 880, 333, 0.930, 106.10, 0.90, 0.925, 105.69, 1.24, 0.010, 336.41, 32.22);
insert into SHOT values (878, 874, 881, 333, 13.910, 121.90, 17.20, 13.910, 121.90, 17.23, 0.007, 318.14, 73.68);
insert into SHOT values (879, 874, 882, 333, 5.980, 117.40, 18.00, 5.978, 117.33, 18.03, 0.007, 4.99, 16.19);
insert into SHOT values (880, 874, 883, 333, 18.070, 101.10, -80.50, 18.154, 100.60, -84.50, 1.267, 281.80, -11.28);
insert into SHOT values (881, 883, 884, 333, 1.540, 28.70, 13.40, 1.546, 28.61, 13.46, 0.007, 6.09, 27.47);
insert into SHOT values (882, 883, 885, 333, 3.260, 278.90, 39.00, 3.263, 278.87, 39.15, 0.009, 121.92, 67.18);
insert into SHOT values (883, 883, 886, 333, 1.010, 276.50, 19.60, 1.006, 276.67, 19.76, 0.006, 66.60, 11.54);
insert into SHOT values (884, 883, 887, 333, 1.110, 165.60, 22.20, 1.106, 165.28, 22.31, 0.007, 38.96, 4.89);
insert into SHOT values (885, 883, 888, 333, 2.430, 89.00, 7.20, 2.430, 89.05, 7.33, 0.006, 192.29, 67.91);
insert into SHOT values (886, 883, 889, 333, 3.420, 118.20, 1.40, 3.424, 118.06, 1.51, 0.011, 50.78, 36.33);
insert into SHOT values (887, 883, 890, 333, 5.680, 113.80, -34.60, 5.593, 113.73, -36.04, 0.166, 295.78, -22.89);
insert into SHOT values (888, 890, 891, 333, 0.260, 32.80, -9.50, 0.256, 33.69, -9.01, 0.006, 168.85, 27.22);
insert into SHOT values (889, 890, 892, 333, 1.170, 350.60, -87.70, 1.171, 345.96, -87.98, 0.007, 200.22, -7.96);
insert into SHOT values (890, 890, 893, 333, 1.710, 220.80, -4.10, 1.720, 220.75, -4.00, 0.011, 212.22, 12.24);
insert into SHOT values (891, 890, 894, 333, 1.290, 229.60, -35.20, 1.296, 229.57, -34.82, 0.011, 227.02, 19.89);
insert into SHOT values (892, 890, 895, 333, 3.630, 132.80, -50.90, 3.580, 133.52, -52.23, 0.101, 296.83, -7.33);
insert into SHOT values (893, 895, 896, 333, 0.560, 42.60, 19.80, 0.564, 42.71, 19.70, 0.004, 57.56, 4.39);
insert into SHOT values (894, 895, 897, 333, 0.910, 213.30, 10.90, 0.912, 213.16, 10.74, 0.004, 169.62, -33.21);
insert into SHOT values (895, 895, 898, 333, 0.260, 141.20, 66.00, 0.253, 138.81, 65.19, 0.009, 57.11, -59.42);
insert into SHOT values (896, 895, 899, 333, 0.530, 310.20, -20.00, 0.532, 310.10, -20.93, 0.009, 164.21, -80.21);
insert into SHOT values (897, 895, 900, 333, 2.870, 39.90, -76.30, 2.872, 40.24, -76.28, 0.005, 110.22, -21.17);
insert into SHOT values (898, 895, 901, 333, 3.290, 107.20, -52.80, 3.255, 107.10, -54.20, 0.087, 289.33, -12.87);
insert into SHOT values (899, 901, 902, 333, 0.670, 42.30, -3.10, 0.674, 41.99, -3.40, 0.006, 357.32, -36.12);
insert into SHOT values (900, 901, 903, 333, 0.780, 191.20, 9.20, 0.774, 191.31, 8.92, 0.007, 354.92, -41.46);
insert into SHOT values (901, 901, 904, 333, 1.470, 297.30, -1.80, 1.477, 297.43, -1.94, 0.008, 324.76, -26.89);
insert into SHOT values (902, 901, 905, 333, 0.780, 105.90, -3.10, 0.780, 105.64, -2.94, 0.004, 15.55, 32.10);
insert into SHOT values (903, 901, 906, 333, 3.490, 67.60, -74.00, 3.520, 65.40, -74.97, 0.076, 282.71, -36.60);
insert into SHOT values (904, 906, 907, 333, 0.220, 37.00, 2.70, 0.214, 37.41, 2.68, 0.006, 202.18, -3.50);
insert into SHOT values (905, 906, 908, 333, 0.440, 208.80, 5.30, 0.450, 209.43, 5.10, 0.011, 235.86, -3.40);
insert into SHOT values (906, 906, 909, 333, 0.920, 289.80, 4.00, 0.926, 289.61, 3.72, 0.008, 262.53, -32.55);
insert into SHOT values (907, 906, 910, 333, 1.590, 135.60, -11.70, 1.591, 136.04, -11.97, 0.014, 230.90, -32.03);
insert into SHOT values (908, 906, 911, 333, 4.690, 126.30, -74.10, 4.717, 127.36, -75.64, 0.131, 295.63, -26.92);
insert into SHOT values (909, 911, 912, 333, 2.210, 108.50, -3.30, 2.208, 108.52, -3.38, 0.004, 270.22, -49.90);
insert into SHOT values (910, 911, 913, 333, 2.460, 62.50, -2.40, 2.462, 62.39, -2.33, 0.006, 358.93, 30.98);
insert into SHOT values (911, 911, 914, 333, 1.470, 298.80, 11.80, 1.472, 299.05, 11.76, 0.007, 8.10, -5.05);
insert into SHOT values (912, 911, 915, 333, 11.910, 64.00, -79.90, 11.915, 63.92, -79.88, 0.007, 32.74, -41.47);
insert into SHOT values (913, 911, 916, 333, 17.790, 61.70, -81.90, 17.788, 61.70, -81.89, 0.004, 62.59, 36.66);
insert into SHOT values (914, 911, 917, 333, 3.190, 49.60, 28.00, 3.097, 48.40, 27.71, 0.111, 266.64, -31.22);
insert into SHOT values (915, 917, 918, 333, 2.960, 212.50, -1.30, 2.955, 212.56, -1.16, 0.009, 359.14, 50.72);
insert into SHOT values (916, 917, 919, 333, 1.990, 181.30, -3.70, 1.985, 181.45, -3.76, 0.007, 316.82, -12.17);
insert into SHOT values (917, 917, 920, 333, 1.710, 156.70, 0.10, 1.707, 156.89, 0.34, 0.010, 274.60, 47.38);
insert into SHOT values (918, 917, 921, 333, 0.920, 106.40, -80.30, 0.913, 104.93, -80.21, 0.008, 19.00, 59.85);
insert into SHOT values (919, 917, 922, 333, 15.960, 209.20, 80.00, 15.961, 209.26, 80.03, 0.010, 12.06, 14.57);
insert into SHOT values (920, 917, 923, 333, 16.800, 185.80, 79.40, 16.806, 185.77, 79.42, 0.008, 25.67, 52.81);
insert into SHOT values (921, 917, 924, 333, 2.910, 60.10, 7.50, 2.910, 60.06, 7.50, 0.002, 328.95, 4.79);
insert into SHOT values (922, 917, 925, 333, 1.420, 92.10, 7.50, 1.424, 92.03, 7.67, 0.006, 63.51, 53.41);
insert into SHOT values (923, 917, 926, 333, 1.220, 32.00, 5.10, 1.218, 31.86, 5.18, 0.004, 262.06, 21.44);
insert into SHOT values (924, 917, 927, 333, 6.180, 140.30, 42.80, 6.032, 141.01, 43.34, 0.168, 299.95, -20.50);
insert into SHOT values (925, 927, 928, 333, 0.450, 52.50, 9.10, 0.448, 52.35, 9.00, 0.003, 258.57, -24.61);
insert into SHOT values (926, 927, 929, 333, 0.410, 258.40, -0.20, 0.408, 258.69, 0.00, 0.003, 33.43, 25.94);
insert into SHOT values (927, 927, 930, 333, 2.390, 294.70, -79.20, 2.391, 295.41, -79.33, 0.008, 67.30, -17.39);
insert into SHOT values (928, 927, 931, 333, 5.790, 299.80, 88.10, 5.793, 302.01, 88.13, 0.009, 55.06, 21.61);
insert into SHOT values (929, 927, 932, 333, 5.410, 133.50, 31.80, 5.246, 134.00, 32.00, 0.170, 298.96, -24.61);
insert into SHOT values (930, 932, 933, 333, 2.470, 329.80, 7.70, 2.466, 329.76, 7.93, 0.011, 166.34, 58.14);
insert into SHOT values (931, 932, 934, 333, 3.110, 173.40, 4.20, 3.109, 173.33, 4.24, 0.004, 72.37, 32.00);
insert into SHOT values (932, 932, 935, 333, 2.060, 230.30, 7.00, 2.061, 230.16, 7.25, 0.010, 141.43, 60.91);
insert into SHOT values (933, 932, 936, 333, 2.770, 265.50, 9.40, 2.767, 265.38, 9.57, 0.010, 141.48, 47.22);
insert into SHOT values (934, 932, 937, 333, 4.330, 296.70, -0.20, 4.329, 296.62, -0.13, 0.008, 197.06, 42.12);
insert into SHOT values (935, 932, 938, 333, 13.300, 177.20, -86.10, 13.283, 177.04, -87.49, 0.324, 357.48, -0.14);
insert into SHOT values (936, 938, 939, 333, 2.450, 67.30, 5.80, 2.451, 67.33, 5.85, 0.003, 117.04, 57.20);
insert into SHOT values (937, 938, 940, 333, 3.680, 135.80, 1.90, 3.672, 135.77, 1.87, 0.008, 327.60, -14.24);
insert into SHOT values (938, 938, 941, 333, 5.440, 131.20, -7.40, 5.438, 131.17, -7.40, 0.003, 14.21, 10.82);
insert into SHOT values (939, 938, 942, 333, 3.740, 114.30, -40.30, 3.693, 113.73, -40.53, 0.056, 325.80, 19.77);
insert into SHOT values (940, 942, 943, 333, 1.090, 222.10, -0.30, 1.090, 222.03, 0.00, 0.006, 149.45, 75.92);
insert into SHOT values (941, 942, 944, 333, 2.470, 137.20, -7.10, 2.474, 137.15, -6.97, 0.007, 109.69, 47.39);
insert into SHOT values (942, 942, 945, 333, 1.540, 61.90, 3.40, 1.546, 61.77, 3.34, 0.007, 33.86, -10.67);
insert into SHOT values (943, 942, 946, 333, 1.190, 302.50, -3.20, 1.189, 302.62, -3.37, 0.004, 51.84, -53.31);
insert into SHOT values (944, 942, 947, 333, 6.300, 110.80, -43.20, 6.260, 110.19, -43.39, 0.066, 339.04, 11.01);
insert into SHOT values (945, 947, 948, 333, 0.770, 1.00, -8.40, 0.768, 1.51, -8.23, 0.007, 103.56, 19.73);
insert into SHOT values (946, 947, 949, 333, 0.540, 78.80, -21.20, 0.548, 78.69, -21.42, 0.008, 70.32, -35.93);
insert into SHOT values (947, 947, 950, 333, 2.870, 305.80, 9.50, 2.867, 305.94, 9.43, 0.008, 54.01, -26.88);
insert into SHOT values (948, 947, 951, 333, 2.180, 276.40, 2.10, 2.175, 276.34, 2.11, 0.006, 119.10, 1.18);
insert into SHOT values (949, 947, 952, 333, 2.240, 75.50, -50.60, 2.232, 74.50, -50.42, 0.027, 344.83, 23.75);
insert into SHOT values (950, 952, 953, 333, 0.250, 172.90, -0.40, 0.253, 170.91, -2.26, 0.012, 101.95, -41.61);
insert into SHOT values (951, 952, 954, 333, 1.960, 349.10, -80.40, 1.967, 349.38, -80.47, 0.008, 118.00, -74.53);
insert into SHOT values (952, 952, 955, 333, 0.430, 46.80, 75.60, 0.449, 38.66, 73.42, 0.030, 4.37, 26.69);
insert into SHOT values (953, 955, 956, 333, 0.350, 69.70, 32.00, 0.353, 70.35, 32.58, 0.006, 151.48, 53.11);
insert into SHOT values (954, 955, 957, 333, 0.370, 165.30, -18.10, 0.369, 165.17, -17.37, 0.005, 76.68, 81.22);
insert into SHOT values (955, 955, 958, 333, 0.190, 306.00, 3.90, 0.187, 306.25, 6.14, 0.008, 112.84, 62.74);
insert into SHOT values (956, 955, 959, 333, 2.650, 56.00, -70.60, 2.644, 55.06, -70.32, 0.020, 0.89, 28.24);
insert into SHOT values (957, 959, 960, 333, 0.400, 186.40, -3.80, 0.403, 185.71, -4.27, 0.007, 126.94, -31.94);
insert into SHOT values (958, 959, 961, 333, 0.230, 9.20, 5.80, 0.234, 9.87, 4.90, 0.006, 39.73, -31.19);
insert into SHOT values (959, 959, 962, 333, 1.500, 90.90, 82.40, 1.503, 90.00, 82.35, 0.005, 27.81, 42.10);
insert into SHOT values (960, 959, 963, 333, 1.490, 182.60, -86.30, 1.493, 180.00, -86.16, 0.007, 132.15, -27.85);
insert into SHOT values (961, 959, 964, 333, 1.570, 113.00, 40.30, 1.550, 111.98, 40.67, 0.031, 336.29, -10.19);
insert into SHOT values (962, 964, 965, 333, 0.190, 228.00, -7.40, 0.193, 227.12, -8.92, 0.007, 179.75, -54.67);
insert into SHOT values (963, 964, 966, 333, 0.610, 235.90, 57.00, 0.612, 235.84, 56.44, 0.006, 232.72, -14.47);
insert into SHOT values (964, 964, 967, 333, 0.860, 153.30, -85.40, 0.863, 153.43, -85.54, 0.003, 328.45, -55.61);
insert into SHOT values (965, 964, 968, 333, 1.940, 134.10, -31.90, 1.879, 133.73, -32.14, 0.062, 324.59, 23.97);
insert into SHOT values (966, 968, 969, 333, 0.440, 22.90, 4.50, 0.445, 22.52, 3.87, 0.007, 353.52, -37.19);
insert into SHOT values (967, 968, 970, 333, 0.550, 58.60, 54.50, 0.552, 57.80, 54.66, 0.005, 323.99, 26.76);
insert into SHOT values (968, 968, 971, 333, 5.200, 40.80, -86.90, 5.198, 39.29, -86.87, 0.008, 332.28, 16.56);
insert into SHOT values (969, 968, 972, 333, 4.640, 99.80, -49.60, 4.610, 99.08, -49.77, 0.050, 330.73, 15.79);
insert into SHOT values (970, 972, 973, 333, 4.500, 87.10, -60.90, 4.500, 87.12, -60.84, 0.005, 100.52, 24.32);
insert into SHOT values (971, 972, 974, 333, 0.300, 88.90, -60.60, 0.300, 90.00, -60.02, 0.004, 135.78, 19.04);
insert into SHOT values (972, 972, 975, 333, 0.850, 208.90, 4.20, 0.848, 208.99, 4.06, 0.003, 351.09, -45.85);
insert into SHOT values (973, 972, 976, 333, 1.500, 147.80, 75.00, 1.502, 147.53, 74.90, 0.004, 115.60, 17.86);
insert into SHOT values (974, 972, 977, 333, 1.670, 235.10, -80.30, 1.674, 235.18, -80.36, 0.004, 37.56, -72.02);
insert into SHOT values (975, 972, 978, 333, 0.250, 37.80, 5.90, 0.250, 40.10, 6.89, 0.011, 130.56, 23.29);
insert into SHOT values (976, 972, 979, 333, 3.000, 116.80, -38.80, 2.964, 116.23, -38.87, 0.043, 333.61, 27.50);
insert into SHOT values (977, 979, 980, 333, 0.370, 16.90, 6.90, 0.367, 15.95, 7.82, 0.009, 257.82, 38.71);
insert into SHOT values (978, 979, 981, 333, 0.700, 81.30, 81.30, 0.697, 78.69, 81.59, 0.006, 310.48, -17.61);
insert into SHOT values (979, 979, 982, 333, 2.300, 301.50, -87.10, 2.303, 300.96, -87.10, 0.003, 224.46, -69.25);
insert into SHOT values (980, 979, 983, 333, 2.260, 118.40, -61.70, 2.227, 117.55, -62.22, 0.042, 322.72, 28.14);
insert into SHOT values (981, 983, 984, 333, 0.400, 232.80, 0.10, 0.400, 233.13, 1.43, 0.010, 322.95, 76.01);
insert into SHOT values (982, 983, 985, 333, 1.090, 332.40, 2.20, 1.092, 332.73, 2.62, 0.011, 44.31, 50.76);
insert into SHOT values (983, 983, 986, 333, 2.780, 146.80, -14.70, 2.777, 146.84, -14.60, 0.006, 270.29, 65.55);
insert into SHOT values (984, 983, 987, 333, 2.600, 10.40, -88.50, 2.582, 5.71, -87.77, 0.038, 356.05, 29.97);
insert into SHOT values (985, 987, 988, 333, 2.640, 68.40, -89.10, 2.640, 75.96, -89.11, 0.005, 164.66, -3.41);
insert into SHOT values (986, 987, 989, 333, 0.170, 227.10, -1.70, 0.170, 225.00, -3.37, 0.008, 134.03, -38.54);
insert into SHOT values (987, 987, 990, 333, 0.320, 41.50, -3.70, 0.320, 41.19, -3.59, 0.002, 297.49, 19.96);
insert into SHOT values (988, 987, 991, 333, 1.530, 134.80, -6.50, 1.531, 134.73, -6.75, 0.007, 49.14, -75.83);
insert into SHOT values (989, 987, 992, 333, 5.930, 137.40, -3.50, 5.935, 137.39, -3.48, 0.005, 132.94, 23.10);
insert into SHOT values (990, 987, 993, 333, 0.360, 133.50, -4.70, 0.362, 133.88, -4.75, 0.003, 184.99, -9.36);
insert into SHOT values (991, 987, 994, 333, 5.850, 134.80, -0.70, 5.785, 134.30, -0.59, 0.083, 352.45, 7.93);
insert into SHOT values (992, 987, 995, 333, 2.110, 69.10, -88.00, 2.111, 66.80, -87.93, 0.004, 17.95, -18.16);
insert into SHOT values (993, 994, 996, 333, 0.770, 46.80, -15.80, 0.765, 47.20, -15.93, 0.007, 180.65, -2.74);
insert into SHOT values (994, 994, 997, 333, 2.720, 36.10, -78.10, 2.718, 36.25, -78.15, 0.004, 188.03, 25.59);
insert into SHOT values (995, 994, 998, 333, 0.170, 233.40, -0.80, 0.178, 231.84, 0.00, 0.010, 202.25, 14.25);
insert into SHOT values (996, 994, 999, 333, 6.240, 80.40, -45.20, 6.229, 79.79, -45.07, 0.050, 353.49, 20.71);
insert into SHOT values (997, 999, 1000, 333, 2.090, 282.00, -69.20, 2.098, 282.36, -69.13, 0.009, 324.76, -41.59);
insert into SHOT values (998, 999, 1001, 333, 0.960, 0.70, -1.00, 0.960, 0.60, -1.19, 0.004, 277.32, -62.25);
insert into SHOT values (999, 999, 1002, 333, 0.370, 85.90, 67.10, 0.368, 85.91, 67.57, 0.004, 265.26, -13.05);
insert into SHOT values (1000, 999, 1003, 333, 0.270, 180.20, -0.20, 0.270, 182.12, -2.12, 0.013, 269.98, -44.97);
insert into SHOT values (1001, 999, 1004, 333, 3.010, 86.60, -46.20, 2.996, 85.84, -46.41, 0.033, 323.27, 4.34);
insert into SHOT values (1002, 1004, 1005, 333, 0.240, 190.60, 6.20, 0.235, 189.87, 7.32, 0.007, 40.62, 34.38);
insert into SHOT values (1003, 1004, 1006, 333, 0.280, 4.20, -10.40, 0.285, 4.09, -10.10, 0.005, 358.28, 5.83);
insert into SHOT values (1004, 1004, 1007, 333, 0.340, 117.60, 68.60, 0.342, 114.44, 69.31, 0.008, 0.44, 24.73);
insert into SHOT values (1005, 1004, 1008, 333, 1.050, 159.80, -78.70, 1.040, 159.78, -78.77, 0.010, 341.22, 71.33);
insert into SHOT values (1006, 1004, 1009, 333, 3.030, 75.30, -33.50, 3.026, 74.65, -33.27, 0.032, 352.18, 23.08);
insert into SHOT values (1007, 1009, 1010, 333, 0.120, 321.30, -22.70, 0.124, 322.13, -23.68, 0.005, 347.79, -45.02);
insert into SHOT values (1008, 1009, 1011, 333, 0.280, 311.40, -7.10, 0.286, 312.14, -8.04, 0.008, 345.89, -39.87);
insert into SHOT values (1009, 1009, 1012, 333, 0.250, 5.70, 75.40, 0.250, 8.13, 73.58, 0.008, 27.17, -13.23);
insert into SHOT values (1010, 1009, 1013, 333, 0.540, 247.50, -56.90, 0.536, 247.83, -57.06, 0.004, 40.50, 32.19);
insert into SHOT values (1011, 1009, 1014, 333, 2.230, 55.80, -29.10, 2.234, 55.66, -29.21, 0.007, 341.94, -47.79);
insert into SHOT values (1012, 1009, 1015, 333, 2.250, 54.50, -23.70, 2.285, 53.73, -23.47, 0.046, 16.34, -7.06);
insert into SHOT values (1013, 1015, 1016, 333, 0.810, 249.30, -6.20, 0.817, 249.11, -5.62, 0.011, 231.61, 41.05);
insert into SHOT values (1014, 1015, 1017, 333, 4.990, 273.20, 68.90, 4.997, 273.18, 68.85, 0.008, 268.08, 35.41);
insert into SHOT values (1015, 1015, 1018, 333, 0.410, 247.20, 83.40, 0.414, 248.20, 82.52, 0.007, 255.16, 21.83);
insert into SHOT values (1016, 1015, 1019, 333, 1.930, 170.10, -76.80, 1.932, 170.96, -76.67, 0.008, 224.70, -6.88);
insert into SURVEY values (335, 329, 'gps_kriska', 'gps_kriska.Kriska-spel.Kriska.Ded.Ded', 'gps kriska');
 insert into CENTRELINE values (336, 335, NULL, NULL, NULL, 0.00, 0.00, 0.00);
 insert into CENTRELINE values (337, 335, NULL, '2022-09-10', NULL, 0.00, 8.10, 0.00);
 insert into TOPO values (2, 337);
 insert into SHOT values (1017, 1020, 1021, 337, 1.820, 40.59, -27.60, 1.852, 40.56, -27.32, 0.033, 39.04, -11.81);
insert into SHOT_FLAG values(1017, 'srf');
insert into SHOT values (1018, 1021, 1022, 337, 3.150, 311.99, -12.70, 3.174, 312.39, -12.37, 0.037, 349.75, 19.89);
insert into SHOT_FLAG values(1018, 'srf');
insert into SHOT values (1019, 1021, 1023, 337, 3.130, 312.99, -14.00, 3.133, 313.14, -13.85, 0.012, 8.55, 38.47);
insert into SHOT_FLAG values(1019, 'srf');
insert into SCRAPS values (339, 329, 'SP-Kriska-spel-1', 1, 34.04656, 12.73371);
 insert into SCRAPS values (353, 329, 'SP-Kriska-spel-2', 1, 3.19103, 0.48954);
 insert into SCRAPS values (361, 329, 'SP-Kriska-spel-3', 1, 14.98995, 0.69773);
 insert into SCRAPS values (375, 329, 'SP-Kriska-spel-4', 1, 34.92792, 6.86183);
 insert into SCRAPS values (395, 329, 'SP-Kriska-spel-5', 1, 16.27513, 2.19021);
 insert into SCRAPS values (407, 329, 'SP-Kriska-spel-6', 1, 89.24855, 10.66772);
 insert into SCRAPS values (432, 329, 'SP-Kriska-spel-7', 1, 16.88592, 2.96980);
 insert into SCRAPS values (444, 329, 'SP-Kriska-spel-8', 1, 21.00720, 2.53900);
 insert into SCRAPS values (467, 329, 'SP-Kriska-spel-9', 1, 19.51068, 1.04928);
 insert into SCRAPS values (485, 329, 'SP-Kriska-spel-10', 1, 13.11010, 1.13507);
 insert into SCRAPS values (501, 329, 'SP-Kriska-spel-11', 1, 40.32623, 2.66241);
 insert into SCRAPS values (518, 329, 'SC-Kriska-spel-1', 2, 16.94224, 0.67407);
 insert into SCRAPS values (558, 329, 'SC-Kriska-spel-2', 2, 38.53649, 1.00854);
 insert into SCRAPS values (590, 329, 'SC-Kriska-spel-3', 2, 86.73298, 1.25806);
 insert into MAPS values (633, 329, 'MP-Kriska-spel-plan-tot', 'Kriska-spel', 1, 312.910, -221.290);
 insert into MAPITEMS values (633, 4, 339);
 insert into MAPITEMS values (633, 4, 353);
 insert into MAPITEMS values (633, 4, 361);
 insert into MAPITEMS values (633, 4, 375);
 insert into MAPITEMS values (633, 4, 395);
 insert into MAPITEMS values (633, 4, 407);
 insert into MAPITEMS values (633, 4, 432);
 insert into MAPITEMS values (633, 4, 444);
 insert into MAPITEMS values (633, 4, 467);
 insert into MAPITEMS values (633, 4, 485);
 insert into MAPITEMS values (633, 4, 501);
 insert into MAPS values (634, 329, 'MC-Kriska-spel-coupe-tot-elev', 'Kriska-spel', 2, 312.910, -221.290);
 insert into MAPITEMS values (634, 4, 518);
 insert into MAPITEMS values (634, 4, 558);
 insert into MAPITEMS values (634, 4, 590);
 insert into SURVEY values (636, 327, 'Escalade1', 'Escalade1.Kriska.Ded.Ded', 'Escalade1');
 insert into CENTRELINE values (637, 636, NULL, NULL, NULL, 0.00, 0.00, 0.00);
 insert into SURVEY values (638, 636, 'Escalade1', 'Escalade1.Escalade1.Kriska.Ded.Ded', 'Escalade1');
 insert into CENTRELINE values (639, 638, NULL, NULL, NULL, 0.00, 0.00, 0.00);
 insert into CENTRELINE values (640, 638, NULL, '2021-07-10', '2021-07-10', 28.38, 0.00, 0.00);
 insert into TOPO values (10, 640);
 insert into TOPO values (2, 640);
 insert into EXPLO values (10, 640);
 insert into EXPLO values (2, 640);
 insert into SHOT values (1020, 1024, 1025, 640, 0.610, 222.50, 4.40, 0.611, 222.34, 4.70, 0.004, 150.12, 59.78);
insert into SHOT values (1021, 1024, 1026, 640, 1.330, 109.00, 15.20, 1.337, 109.00, 15.18, 0.007, 107.56, 10.73);
insert into SHOT values (1022, 1024, 1027, 640, 2.080, 39.90, 3.30, 2.076, 39.91, 3.31, 0.004, 215.65, 4.19);
insert into SHOT values (1023, 1024, 1028, 640, 2.790, 74.50, 4.70, 2.790, 74.56, 4.73, 0.003, 171.03, 25.45);
insert into SHOT values (1024, 1024, 1029, 640, 1.020, 153.90, -63.50, 1.018, 154.00, -63.38, 0.003, 188.73, 65.55);
insert into SHOT values (1025, 1024, 1030, 640, 4.090, 345.90, 84.20, 4.091, 345.96, 84.22, 0.001, 142.93, 40.53);
insert into SHOT values (1026, 1024, 1031, 640, 5.890, 138.50, 62.40, 5.893, 138.56, 62.35, 0.006, 161.98, 2.33);
insert into SHOT values (1027, 1031, 1032, 640, 0.430, 258.50, -8.30, 0.432, 259.22, -7.99, 0.006, 327.65, 20.05);
insert into SHOT values (1028, 1031, 1033, 640, 0.260, 272.20, 43.30, 0.262, 273.01, 43.41, 0.003, 341.34, 30.42);
insert into SHOT values (1029, 1031, 1034, 640, 1.500, 272.80, -81.70, 1.496, 272.60, -81.54, 0.006, 260.94, 48.67);
insert into SHOT values (1030, 1031, 1035, 640, 1.030, 201.90, 2.40, 1.024, 201.80, 2.24, 0.007, 39.15, -26.82);
insert into SHOT values (1031, 1035, 1036, 640, 0.390, 75.90, 7.00, 0.384, 76.33, 7.48, 0.007, 231.83, 19.66);
insert into SHOT values (1032, 1035, 1037, 640, 0.570, 118.80, 86.70, 0.571, 135.00, 87.16, 0.010, 244.41, 5.56);
insert into SHOT values (1033, 1035, 1038, 640, 1.510, 102.30, -57.50, 1.506, 102.84, -57.46, 0.008, 200.71, 24.87);
insert into SHOT values (1034, 1035, 1039, 640, 0.500, 124.10, -77.40, 0.492, 123.69, -77.30, 0.008, 344.84, 81.44);
insert into SHOT values (1035, 1035, 1040, 640, 1.970, 168.30, 15.40, 1.971, 168.45, 15.60, 0.008, 268.12, 53.83);
insert into SHOT values (1036, 1040, 1041, 640, 0.600, 317.60, -0.70, 0.595, 317.73, -0.96, 0.006, 124.20, -26.05);
insert into SHOT values (1037, 1040, 1042, 640, 1.750, 63.70, -78.50, 1.754, 64.18, -78.68, 0.007, 211.45, -43.82);
insert into SHOT values (1038, 1040, 1043, 640, 1.080, 308.90, 57.40, 1.077, 308.66, 57.65, 0.006, 152.62, 1.42);
insert into SHOT values (1039, 1040, 1044, 640, 0.480, 226.00, -1.90, 0.481, 225.00, -2.38, 0.009, 142.92, -25.70);
insert into SHOT values (1040, 1040, 1045, 640, 0.120, 278.70, 10.50, 0.122, 274.76, 9.43, 0.009, 203.21, -12.33);
insert into SHOT values (1041, 1040, 1046, 640, 5.650, 279.10, 11.10, 5.645, 279.04, 11.13, 0.009, 148.54, 14.77);
insert into SHOT values (1042, 1046, 1047, 640, 2.630, 9.40, 6.20, 2.629, 9.25, 6.11, 0.008, 274.14, -29.13);
insert into SHOT values (1043, 1046, 1048, 640, 1.520, 322.80, 9.20, 1.525, 322.83, 9.05, 0.006, 328.59, -28.32);
insert into SHOT values (1044, 1046, 1049, 640, 4.500, 333.70, 79.00, 4.493, 333.73, 78.98, 0.007, 60.93, -86.59);
insert into SHOT values (1045, 1046, 1050, 640, 0.880, 12.60, -88.70, 0.880, 0.00, -88.70, 0.004, 276.76, -2.96);
insert into SHOT values (1046, 1046, 1051, 640, 1.590, 157.40, 2.40, 1.583, 157.32, 2.17, 0.009, 356.70, -44.61);
insert into SHOT values (1047, 1046, 1052, 640, 1.620, 70.60, 1.20, 1.613, 70.44, 1.07, 0.009, 285.42, -26.10);
insert into SHOT values (1048, 1046, 1053, 640, 2.710, 33.50, -13.40, 2.709, 33.39, -13.45, 0.006, 289.12, -19.66);
insert into SHOT values (1049, 1053, 1054, 640, 2.480, 223.80, 1.60, 2.477, 223.69, 1.62, 0.006, 98.19, 7.12);
insert into SHOT values (1050, 1053, 1055, 640, 0.690, 173.60, 0.90, 0.685, 173.29, 0.84, 0.006, 29.24, -7.41);
insert into SHOT values (1051, 1053, 1056, 640, 3.750, 226.90, 54.60, 3.740, 226.87, 54.63, 0.010, 56.33, -41.88);
insert into SHOT values (1052, 1053, 1057, 640, 1.390, 221.30, -81.90, 1.394, 220.91, -81.81, 0.005, 194.18, -52.54);
insert into SHOT values (1053, 1053, 1058, 640, 3.680, 262.50, 61.90, 3.675, 262.71, 61.84, 0.009, 346.32, -44.69);
insert into SHOT values (1054, 1053, 1059, 640, 8.480, 112.50, -72.30, 8.480, 112.38, -72.33, 0.007, 344.63, -11.45);
insert into SHOT values (1055, 1059, 1060, 640, 0.780, 82.10, 14.30, 0.780, 82.41, 14.10, 0.005, 160.80, -33.26);
insert into SHOT values (1056, 1059, 1061, 640, 1.190, 335.10, 9.10, 1.183, 335.19, 9.24, 0.008, 141.46, 13.51);
insert into SHOT values (1057, 1059, 1062, 640, 1.450, 27.60, 9.50, 1.447, 28.00, 9.55, 0.010, 134.94, 3.76);
insert into SHOT values (1058, 1062, 1063, 640, 0.740, 161.60, -12.00, 0.732, 162.07, -12.62, 0.012, 309.08, -29.52);
insert into SHOT values (1059, 1062, 1064, 640, 0.340, 253.90, 1.70, 0.342, 254.74, 1.67, 0.005, 320.56, -0.91);
insert into SHOT values (1060, 1062, 1065, 640, 2.590, 197.40, 62.10, 2.589, 197.84, 62.19, 0.010, 310.73, 6.04);
insert into SHOT values (1061, 1062, 1066, 640, 1.550, 87.00, -82.40, 1.553, 87.14, -82.59, 0.006, 261.40, -37.16);
insert into SHOT values (1062, 1062, 1067, 640, 1.200, 119.70, -36.70, 1.195, 119.52, -37.05, 0.009, 319.85, -17.86);
insert into SHOT values (1063, 1067, 1068, 640, 13.690, 119.60, -72.90, 13.686, 119.62, -72.89, 0.005, 177.06, 73.53);
insert into SHOT values (1064, 1067, 1069, 640, 6.770, 106.80, -76.50, 6.767, 106.94, -76.51, 0.005, 223.51, 34.61);
insert into SCRAPS values (642, 636, 'SP-Escalade1-1', 1, 47.92844, 4.59061);
 insert into SCRAPS values (661, 636, 'SP-Escalade1-2', 1, 1.85607, 0.26889);
 insert into SCRAPS values (675, 636, 'SC-Escalade1-elev-1', 2, 34.02059, 3.84781);
 insert into SCRAPS values (688, 636, 'SC-Escalade1-elev-2', 2, 25.02138, 4.79754);
 insert into MAPS values (699, 636, 'MP-Escalade1-plan-tot', 'Escalade1', 1, 28.380, -9.190);
 insert into MAPITEMS values (699, 4, 642);
 insert into MAPITEMS values (699, 4, 661);
 insert into MAPS values (700, 636, 'MC-Escalade1-coupe-elev-tot', 'Escalade1', 2, 28.380, -9.190);
 insert into MAPITEMS values (700, 4, 675);
 insert into MAPITEMS values (700, 4, 688);
 insert into SURVEY values (702, 327, 'spel-bivy', 'spel-bivy.Kriska.Ded.Ded', 'spel-bivy');
 insert into CENTRELINE values (703, 702, NULL, NULL, NULL, 0.00, 0.00, 0.00);
 insert into SURVEY values (704, 702, 'Kriska2', 'Kriska2.spel-bivy.Kriska.Ded.Ded', 'Kriska2');
 insert into CENTRELINE values (705, 704, NULL, NULL, NULL, 0.00, 0.00, 0.00);
 insert into CENTRELINE values (706, 704, NULL, '2021-07-10', NULL, 365.41, 0.00, 0.00);
 insert into TOPO values (10, 706);
 insert into TOPO values (2, 706);
 insert into SHOT values (1065, 1070, 1071, 706, 7.650, 223.10, 83.40, 7.651, 222.71, 83.36, 0.008, 174.11, 4.94);
insert into SHOT values (1066, 1071, 1072, 706, 0.450, 241.80, -27.90, 0.446, 242.78, -28.08, 0.008, 3.65, 4.10);
insert into SHOT values (1067, 1071, 1073, 706, 0.330, 34.20, -21.00, 0.333, 33.18, -21.12, 0.006, 328.52, -15.90);
insert into SHOT values (1068, 1071, 1074, 706, 0.880, 114.10, -48.80, 0.877, 113.46, -48.80, 0.007, 7.59, 17.39);
insert into SHOT values (1069, 1071, 1075, 706, 1.770, 324.70, 10.90, 1.770, 324.85, 11.08, 0.007, 71.48, 49.79);
insert into SHOT values (1070, 1075, 1076, 706, 1.280, 227.80, -1.50, 1.282, 227.85, -1.79, 0.007, 254.51, -72.02);
insert into SHOT values (1071, 1075, 1077, 706, 0.360, 202.50, 80.70, 0.355, 210.96, 80.54, 0.010, 295.86, -31.51);
insert into SHOT values (1072, 1075, 1078, 706, 0.360, 264.60, -71.70, 0.370, 265.24, -71.01, 0.011, 274.82, -47.61);
insert into SHOT values (1073, 1075, 1079, 706, 1.480, 231.40, 13.90, 1.480, 231.78, 13.68, 0.011, 311.00, -30.29);
insert into SHOT values (1074, 1079, 1080, 706, 0.670, 324.10, -6.30, 0.662, 323.65, -6.07, 0.010, 177.24, 20.36);
insert into SHOT values (1075, 1079, 1081, 706, 0.710, 117.70, 7.20, 0.717, 117.65, 7.21, 0.007, 111.63, 8.44);
insert into SHOT values (1076, 1079, 1082, 706, 0.750, 37.90, -3.90, 0.750, 37.94, -3.82, 0.001, 142.89, 63.15);
insert into SHOT values (1077, 1079, 1083, 706, 1.280, 343.20, 79.10, 1.283, 343.07, 79.20, 0.004, 181.98, 60.95);
insert into SHOT values (1078, 1079, 1084, 706, 2.070, 315.50, 51.70, 2.072, 315.32, 51.86, 0.008, 189.33, 46.70);
insert into SHOT values (1079, 1084, 1085, 706, 0.560, 220.90, -13.00, 0.555, 220.49, -13.56, 0.009, 71.75, -27.69);
insert into SHOT values (1080, 1084, 1086, 706, 0.730, 346.20, -84.90, 0.733, 350.54, -85.24, 0.007, 118.89, -24.81);
insert into SHOT values (1081, 1084, 1087, 706, 0.600, 195.90, 35.10, 0.594, 195.46, 34.89, 0.007, 65.09, -45.12);
insert into SHOT values (1082, 1084, 1088, 706, 4.480, 276.60, 32.20, 4.472, 276.67, 32.16, 0.010, 55.37, -46.00);
insert into SHOT values (1083, 1088, 1089, 706, 0.880, 19.80, 0.30, 0.873, 20.10, 0.66, 0.010, 166.87, 33.47);
insert into SHOT values (1084, 1088, 1090, 706, 1.470, 109.60, 8.50, 1.472, 109.68, 8.60, 0.004, 169.12, 50.52);
insert into SHOT values (1085, 1088, 1091, 706, 0.670, 185.30, 18.90, 0.670, 185.44, 19.17, 0.003, 309.69, 58.53);
insert into SHOT values (1086, 1088, 1092, 706, 3.770, 301.40, 72.10, 3.772, 301.22, 72.13, 0.005, 194.89, 32.43);
insert into SHOT values (1087, 1092, 1093, 706, 1.680, 150.70, 0.20, 1.675, 150.68, 0.34, 0.007, 338.23, 36.83);
insert into SHOT values (1088, 1092, 1094, 706, 0.740, 206.90, -3.20, 0.739, 206.57, -3.10, 0.005, 104.55, 16.30);
insert into SHOT values (1089, 1092, 1095, 706, 0.490, 59.60, 3.60, 0.490, 59.24, 3.51, 0.003, 324.69, -13.72);
insert into SHOT values (1090, 1092, 1096, 706, 3.340, 198.90, 69.00, 3.341, 199.04, 69.04, 0.004, 317.30, 29.55);
insert into SHOT values (1091, 1096, 1097, 706, 0.210, 273.70, -8.00, 0.212, 272.73, -8.12, 0.004, 215.81, -10.35);
insert into SHOT values (1092, 1096, 1098, 706, 0.410, 201.80, -16.40, 0.413, 200.73, -16.87, 0.009, 128.35, -28.62);
insert into SHOT values (1093, 1096, 1099, 706, 1.210, 344.90, 0.00, 1.210, 345.16, 0.00, 0.005, 71.09, 0.00);
insert into SHOT values (1094, 1099, 1100, 706, 0.540, 221.40, 25.80, 0.541, 220.86, 25.18, 0.007, 163.93, -42.12);
insert into SHOT values (1095, 1099, 1101, 706, 0.550, 349.30, -81.90, 0.555, 344.05, -82.46, 0.010, 222.41, -33.38);
insert into SHOT values (1096, 1099, 1102, 706, 2.050, 283.40, 12.10, 2.049, 283.27, 12.11, 0.005, 181.82, 3.45);
insert into SHOT values (1097, 1102, 1103, 706, 1.260, 134.20, 84.40, 1.256, 131.63, 84.50, 0.007, 17.99, -33.51);
insert into SHOT values (1098, 1102, 1104, 706, 0.660, 156.60, 7.70, 0.660, 156.57, 7.84, 0.002, 46.50, 75.68);
insert into SHOT values (1099, 1102, 1105, 706, 0.300, 69.50, 6.60, 0.302, 68.55, 5.69, 0.007, 8.58, -38.08);
insert into SHOT values (1100, 1102, 1106, 706, 0.810, 71.60, 1.00, 0.813, 71.34, 0.70, 0.006, 18.84, -41.53);
insert into SHOT values (1101, 1102, 1107, 706, 0.730, 55.90, 47.00, 0.726, 55.67, 46.87, 0.005, 291.81, -57.75);
insert into SHOT values (1102, 1102, 1108, 706, 4.650, 9.80, 3.60, 4.647, 9.81, 3.58, 0.004, 184.75, -32.88);
insert into SHOT values (1103, 1102, 1109, 706, 4.100, 9.50, 3.40, 4.102, 9.42, 3.35, 0.007, 300.34, -25.14);
insert into SHOT values (1104, 1109, 1110, 706, 2.570, 158.20, -33.90, 2.570, 158.00, -33.81, 0.009, 85.40, 23.06);
insert into SHOT values (1105, 1109, 1111, 706, 2.560, 153.50, -30.80, 2.561, 153.55, -30.77, 0.002, 206.64, 20.14);
insert into SHOT values (1106, 1111, 1112, 706, 2.260, 135.30, 7.40, 2.260, 135.18, 7.37, 0.005, 49.54, -12.54);
insert into SHOT values (1107, 1111, 1113, 706, 2.280, 47.20, 4.40, 2.279, 47.32, 4.53, 0.007, 156.69, 46.45);
insert into SHOT values (1108, 1111, 1114, 706, 0.980, 214.60, 3.00, 0.980, 214.18, 2.92, 0.007, 127.72, -10.00);
insert into SHOT values (1109, 1111, 1115, 706, 2.270, 337.70, -2.60, 2.271, 337.73, -2.52, 0.004, 9.77, 57.43);
insert into SHOT values (1110, 1111, 1116, 706, 9.330, 313.50, 67.40, 9.327, 313.53, 67.39, 0.004, 19.97, -62.63);
insert into SHOT values (1111, 1116, 1117, 706, 4.240, 146.00, -4.90, 4.242, 145.90, -4.87, 0.009, 72.88, 14.61);
insert into SHOT values (1112, 1116, 1118, 706, 4.300, 108.20, 4.20, 4.306, 108.18, 4.26, 0.008, 92.43, 39.33);
insert into SHOT values (1113, 1116, 1119, 706, 3.560, 58.90, 0.60, 3.562, 58.90, 0.64, 0.004, 49.48, 50.26);
insert into SHOT values (1114, 1116, 1120, 706, 4.230, 135.80, -0.40, 4.229, 135.77, -0.41, 0.003, 25.71, -8.97);
insert into SHOT values (1115, 1116, 1121, 706, 0.990, 275.60, 13.60, 0.984, 275.41, 14.12, 0.011, 117.45, 39.94);
insert into SHOT values (1116, 1116, 1122, 706, 10.850, 252.90, 73.10, 10.857, 252.83, 73.13, 0.010, 120.38, 57.27);
insert into SHOT values (1117, 1122, 1123, 706, 1.390, 107.70, 5.10, 1.390, 107.65, 4.95, 0.004, 46.17, -67.32);
insert into SHOT values (1118, 1122, 1124, 706, 3.910, 58.10, 3.90, 3.907, 58.10, 3.82, 0.006, 239.15, -69.11);
insert into SHOT values (1119, 1122, 1125, 706, 1.380, 329.30, -0.40, 1.386, 329.18, -0.41, 0.007, 301.31, -3.22);
insert into SHOT values (1120, 1122, 1126, 706, 2.980, 13.10, 2.60, 2.979, 13.01, 2.50, 0.007, 276.81, -46.16);
insert into SHOT values (1121, 1122, 1127, 706, 3.780, 334.00, 59.10, 3.779, 334.09, 59.02, 0.006, 9.05, -33.45);
insert into SHOT values (1122, 1127, 1128, 706, 0.920, 211.00, -0.60, 0.924, 211.28, -0.62, 0.006, 256.39, -3.32);
insert into SHOT values (1123, 1127, 1129, 706, 0.490, 163.00, -1.00, 0.491, 163.41, -1.17, 0.004, 245.34, -22.33);
insert into SHOT values (1124, 1127, 1130, 706, 2.420, 78.50, 3.10, 2.422, 78.55, 3.08, 0.003, 128.22, -18.74);
insert into SHOT values (1125, 1127, 1131, 706, 0.840, 122.20, -0.60, 0.841, 122.37, -0.68, 0.003, 197.22, -26.02);
insert into SHOT values (1126, 1127, 1132, 706, 7.670, 310.90, 68.20, 7.669, 310.73, 68.18, 0.009, 234.49, -9.57);
insert into SHOT values (1127, 1132, 1133, 706, 0.840, 194.60, -1.40, 0.837, 194.53, -1.37, 0.003, 33.55, 9.46);
insert into SHOT values (1128, 1132, 1134, 706, 1.200, 181.40, -0.10, 1.200, 180.95, 0.00, 0.010, 92.20, 12.54);
insert into SHOT values (1129, 1132, 1135, 706, 2.280, 148.20, 0.60, 2.287, 148.05, 0.50, 0.010, 104.49, -23.21);
insert into SHOT values (1130, 1132, 1136, 706, 0.840, 276.00, 2.70, 0.836, 276.19, 2.74, 0.005, 63.44, 4.93);
insert into SHOT values (1131, 1132, 1137, 706, 3.190, 230.10, 85.80, 3.188, 228.58, 85.92, 0.009, 90.94, -8.81);
insert into SHOT values (1132, 1132, 1138, 706, 3.790, 237.60, -80.80, 3.788, 237.89, -80.85, 0.005, 19.49, 14.19);
insert into SHOT values (1133, 1132, 1139, 706, 4.290, 311.20, 52.90, 4.288, 311.39, 52.90, 0.009, 52.53, -10.59);
insert into SHOT values (1134, 1139, 1140, 706, 5.050, 263.90, -1.30, 5.050, 263.86, -1.25, 0.006, 177.72, 49.66);
insert into SHOT values (1135, 1139, 1141, 706, 2.370, 227.40, -8.00, 2.373, 227.41, -7.99, 0.003, 236.22, -3.29);
insert into SHOT values (1136, 1139, 1142, 706, 4.120, 284.30, -7.20, 4.118, 284.31, -7.11, 0.006, 83.26, 82.90);
insert into SHOT values (1137, 1139, 1143, 706, 11.230, 289.40, 51.90, 11.234, 289.38, 51.90, 0.006, 243.52, 29.59);
insert into SHOT values (1138, 1143, 1144, 706, 2.740, 47.50, 4.30, 2.740, 47.67, 4.39, 0.009, 136.78, 29.99);
insert into SHOT values (1139, 1143, 1145, 706, 5.220, 111.50, 1.30, 5.227, 111.56, 1.32, 0.009, 146.59, 10.63);
insert into SHOT values (1140, 1143, 1146, 706, 6.480, 128.90, -1.50, 6.480, 128.92, -1.50, 0.002, 208.43, -10.24);
insert into SHOT values (1141, 1143, 1147, 706, 2.850, 153.30, 1.40, 2.854, 153.35, 1.41, 0.005, 179.84, 4.62);
insert into SHOT values (1142, 1143, 1148, 706, 5.330, 68.20, 59.10, 5.325, 68.32, 59.12, 0.007, 193.41, -28.26);
insert into SHOT values (1143, 1143, 1149, 706, 8.690, 119.60, 52.60, 8.689, 119.62, 52.58, 0.004, 160.48, -51.62);
insert into SHOT values (1144, 1143, 1150, 706, 7.140, 209.00, 58.30, 7.136, 209.02, 58.28, 0.005, 328.38, -72.05);
insert into SHOT values (1145, 1143, 1151, 706, 4.740, 86.50, -38.10, 4.742, 86.62, -38.01, 0.011, 137.28, 25.14);
insert into SHOT values (1146, 1143, 1152, 706, 13.470, 311.10, 76.70, 13.469, 311.06, 76.74, 0.009, 145.50, 8.31);
insert into SHOT values (1147, 1152, 1153, 706, 0.590, 68.40, -1.20, 0.592, 68.20, -0.97, 0.004, 27.95, 35.71);
insert into SHOT values (1148, 1152, 1154, 706, 1.520, 69.10, 22.90, 1.521, 69.11, 22.82, 0.002, 72.58, -36.58);
insert into SHOT values (1149, 1152, 1155, 706, 6.820, 58.10, 76.00, 6.823, 57.85, 75.98, 0.009, 354.52, 17.35);
insert into SHOT values (1150, 1152, 1156, 706, 2.370, 74.10, 61.70, 2.373, 73.98, 61.74, 0.004, 344.56, 54.31);
insert into SHOT values (1151, 1152, 1157, 706, 4.510, 345.70, 5.50, 4.510, 345.69, 5.47, 0.003, 261.44, -56.41);
insert into SHOT values (1152, 1152, 1158, 706, 2.090, 174.20, 0.40, 2.081, 174.21, 0.28, 0.010, 353.55, -26.21);
insert into SHOT values (1153, 1152, 1159, 706, 5.190, 351.50, 2.10, 5.191, 351.46, 2.10, 0.004, 276.03, -2.73);
insert into SHOT values (1154, 1159, 1160, 706, 2.070, 100.10, -0.40, 2.072, 100.01, -0.55, 0.007, 34.36, -55.47);
insert into SHOT values (1155, 1159, 1161, 706, 3.640, 21.70, -5.20, 3.642, 21.68, -5.20, 0.002, 343.37, -2.70);
insert into SHOT values (1156, 1159, 1162, 706, 3.420, 44.80, -3.50, 3.429, 44.76, -3.51, 0.009, 29.25, -7.57);
insert into SHOT values (1157, 1159, 1163, 706, 3.170, 203.80, -10.20, 3.166, 203.85, -10.19, 0.005, 350.31, 16.61);
insert into SHOT values (1158, 1159, 1164, 706, 2.470, 161.40, 6.90, 2.466, 161.42, 6.99, 0.006, 334.51, 35.74);
insert into SHOT values (1159, 1159, 1165, 706, 2.760, 185.00, 0.70, 2.761, 184.99, 0.62, 0.004, 134.57, -74.46);
insert into SHOT values (1160, 1159, 1166, 706, 2.530, 63.10, -73.40, 2.537, 63.08, -73.30, 0.008, 60.65, -41.35);
insert into SHOT values (1161, 1159, 1167, 706, 10.240, 14.20, 72.20, 10.242, 14.21, 72.17, 0.006, 19.28, 1.96);
insert into SHOT values (1162, 1167, 1168, 706, 2.770, 189.80, 0.70, 2.770, 189.77, 0.62, 0.004, 111.79, -65.19);
insert into SHOT values (1163, 1167, 1169, 706, 0.470, 248.60, 16.00, 0.471, 247.96, 16.01, 0.005, 172.78, 4.93);
insert into SHOT values (1164, 1167, 1170, 706, 1.170, 336.70, 12.70, 1.172, 336.80, 12.82, 0.004, 39.66, 51.97);
insert into SHOT values (1165, 1167, 1171, 706, 4.430, 352.20, 5.10, 4.428, 352.18, 5.05, 0.004, 221.47, -59.45);
insert into SHOT values (1166, 1167, 1172, 706, 1.980, 5.30, 5.70, 1.978, 5.25, 5.80, 0.004, 230.30, 50.33);
insert into SHOT values (1167, 1167, 1173, 706, 3.770, 68.90, 81.30, 3.773, 69.33, 81.36, 0.007, 201.19, 30.96);
insert into SHOT values (1168, 1167, 1174, 706, 3.900, 18.20, 69.30, 3.902, 18.17, 69.31, 0.002, 303.77, 65.58);
insert into SHOT values (1169, 1167, 1175, 706, 3.720, 1.40, 47.90, 3.718, 1.38, 47.94, 0.003, 199.07, -2.51);
insert into SHOT values (1170, 1175, 1176, 706, 2.260, 154.90, -0.70, 2.255, 154.80, -0.76, 0.007, 13.27, -19.68);
insert into SHOT values (1171, 1175, 1177, 706, 2.960, 253.80, 85.10, 2.961, 253.74, 85.16, 0.003, 79.47, 16.02);
insert into SHOT values (1172, 1175, 1178, 706, 0.890, 65.60, 2.30, 0.891, 65.45, 1.93, 0.006, 2.49, -64.75);
insert into SHOT values (1173, 1175, 1179, 706, 1.500, 104.40, 54.10, 1.495, 104.51, 54.03, 0.006, 237.87, -65.99);
insert into SHOT values (1174, 1175, 1180, 706, 4.210, 349.80, 35.50, 4.213, 349.77, 35.39, 0.009, 333.72, -32.51);
insert into SHOT values (1175, 1180, 1181, 706, 1.510, 337.70, 3.40, 1.505, 337.70, 3.43, 0.005, 158.13, 5.10);
insert into SHOT values (1176, 1180, 1182, 706, 1.080, 225.10, -17.80, 1.077, 224.60, -17.84, 0.009, 116.49, 0.92);
insert into SHOT values (1177, 1180, 1183, 706, 1.260, 271.70, 10.00, 1.260, 271.39, 10.06, 0.007, 177.44, 9.88);
insert into SHOT values (1178, 1180, 1184, 706, 2.000, 292.80, -6.70, 1.999, 292.82, -6.61, 0.004, 83.37, 72.02);
insert into SHOT values (1179, 1180, 1185, 706, 1.880, 289.20, -50.90, 1.881, 289.20, -50.91, 0.001, 267.97, -73.29);
insert into SHOT values (1180, 1180, 1186, 706, 2.620, 272.40, 74.50, 2.625, 271.64, 74.53, 0.011, 182.76, 29.41);
insert into SHOT values (1181, 1180, 1187, 706, 4.850, 284.00, 46.20, 4.844, 283.99, 46.26, 0.008, 108.26, -4.10);
insert into SHOT values (1182, 1187, 1188, 706, 1.480, 319.90, 2.20, 1.484, 319.65, 2.32, 0.008, 260.00, 22.75);
insert into SHOT values (1183, 1187, 1189, 706, 1.280, 351.60, 5.10, 1.280, 351.42, 5.38, 0.007, 251.74, 56.90);
insert into SHOT values (1184, 1187, 1190, 706, 1.410, 60.20, 0.10, 1.407, 60.15, 0.41, 0.008, 259.90, 64.13);
insert into SHOT values (1185, 1187, 1191, 706, 1.980, 355.00, 56.30, 1.980, 354.76, 56.44, 0.007, 224.44, 23.81);
insert into SHOT values (1186, 1187, 1192, 706, 1.490, 272.20, -72.20, 1.483, 272.49, -71.92, 0.010, 297.09, 57.86);
insert into SHOT values (1187, 1187, 1193, 706, 5.480, 313.00, 28.50, 5.485, 312.90, 28.53, 0.011, 239.84, 28.88);
insert into SHOT values (1188, 1193, 1194, 706, 1.060, 53.30, 21.40, 1.068, 53.59, 21.42, 0.009, 88.34, 20.43);
insert into SHOT values (1189, 1193, 1195, 706, 4.300, 137.70, 88.30, 4.302, 135.00, 88.30, 0.006, 43.63, 17.45);
insert into SHOT values (1190, 1193, 1196, 706, 2.780, 24.60, -73.80, 2.782, 24.93, -73.66, 0.009, 55.73, -2.56);
insert into SHOT values (1191, 1193, 1197, 706, 3.700, 99.60, 33.60, 3.702, 99.52, 33.63, 0.005, 18.38, 29.12);
insert into SHOT values (1192, 1193, 1198, 706, 5.940, 336.20, 15.00, 5.939, 336.25, 15.03, 0.006, 88.22, 27.64);
insert into SHOT values (1193, 1198, 1199, 706, 0.470, 86.00, 36.20, 0.467, 85.49, 35.31, 0.009, 24.80, -62.58);
insert into SHOT values (1194, 1198, 1200, 706, 0.750, 226.10, 0.80, 0.750, 226.08, 0.76, 0.001, 95.66, -49.60);
insert into SHOT values (1195, 1198, 1201, 706, 6.720, 119.10, 85.00, 6.715, 118.77, 85.03, 0.007, 340.42, -40.54);
insert into SHOT values (1196, 1198, 1202, 706, 3.160, 290.90, 8.60, 3.163, 290.98, 8.55, 0.006, 347.04, -25.53);
insert into SHOT values (1197, 1198, 1203, 706, 7.940, 167.10, 7.60, 7.939, 167.08, 7.60, 0.004, 63.72, -1.68);
insert into SHOT values (1198, 1198, 1204, 706, 1.750, 150.90, 4.00, 1.746, 150.79, 3.94, 0.006, 11.43, -20.49);
insert into SHOT values (1199, 1198, 1205, 706, 1.510, 188.20, 1.70, 1.507, 188.40, 1.52, 0.008, 310.12, -38.48);
insert into SHOT values (1200, 1198, 1206, 706, 8.340, 321.80, 70.70, 8.339, 321.92, 70.70, 0.006, 50.67, -12.66);
insert into SHOT values (1201, 1206, 1207, 706, 2.080, 203.10, 3.30, 2.082, 203.23, 3.30, 0.005, 269.95, 2.97);
insert into SHOT values (1202, 1206, 1208, 706, 3.960, 253.40, 5.60, 3.964, 253.36, 5.50, 0.008, 215.19, -50.34);
insert into SHOT values (1203, 1206, 1209, 706, 3.500, 226.20, 5.40, 3.502, 226.28, 5.41, 0.005, 287.79, 6.92);
insert into SHOT values (1204, 1206, 1210, 706, 3.110, 123.60, 4.00, 3.108, 123.69, 3.87, 0.009, 233.21, -54.63);
insert into SHOT values (1205, 1206, 1211, 706, 4.800, 103.90, -0.10, 4.790, 103.89, -0.12, 0.010, 290.21, -9.25);
insert into SHOT values (1206, 1206, 1212, 706, 4.010, 165.40, 56.20, 4.009, 165.47, 56.17, 0.003, 239.82, -42.22);
insert into SHOT values (1207, 1206, 1213, 706, 6.680, 159.80, 78.80, 6.677, 160.17, 78.80, 0.009, 253.92, -18.62);
insert into SHOT values (1208, 1206, 1214, 706, 2.480, 200.00, -57.50, 2.478, 200.20, -57.49, 0.005, 296.87, 19.04);
insert into SHOT values (1209, 1206, 1215, 706, 10.200, 242.50, 80.50, 10.201, 242.53, 80.46, 0.007, 247.50, -0.90);
insert into SHOT values (1210, 1215, 1216, 706, 0.870, 356.60, 65.00, 0.873, 356.91, 64.87, 0.004, 30.93, 23.61);
insert into SHOT values (1211, 1215, 1217, 706, 0.830, 104.90, -29.80, 0.831, 104.42, -29.56, 0.007, 37.20, 20.68);
insert into SHOT values (1212, 1215, 1218, 706, 11.880, 213.50, -83.50, 11.886, 213.45, -83.52, 0.007, 59.31, -66.70);
insert into SHOT values (1213, 1215, 1219, 706, 1.140, 352.30, 0.70, 1.140, 352.44, 0.50, 0.005, 82.43, -55.77);
insert into SHOT values (1214, 1215, 1220, 706, 3.640, 308.10, 12.20, 3.643, 308.16, 12.20, 0.005, 354.79, 9.76);
insert into SHOT values (1215, 1220, 1221, 706, 2.400, 85.30, 15.80, 2.398, 85.28, 15.73, 0.004, 301.12, -62.13);
insert into SHOT values (1216, 1220, 1222, 706, 2.400, 68.30, 1.30, 2.398, 68.46, 1.19, 0.008, 175.18, -32.36);
insert into SHOT values (1217, 1220, 1223, 706, 1.870, 131.90, 6.70, 1.868, 131.94, 6.76, 0.003, 280.53, 38.40);
insert into SHOT values (1218, 1220, 1224, 706, 1.520, 230.30, 11.10, 1.526, 230.15, 10.96, 0.008, 197.58, -18.92);
insert into SHOT values (1219, 1220, 1225, 706, 4.250, 318.30, 4.50, 4.248, 318.25, 4.46, 0.005, 205.32, -40.59);
insert into SHOT values (1220, 1220, 1226, 706, 3.170, 304.20, -1.10, 3.168, 304.19, -1.09, 0.002, 143.66, 22.42);
insert into SHOT values (1221, 1220, 1227, 706, 5.970, 348.00, 1.00, 5.971, 348.01, 0.96, 0.004, 25.85, -71.58);
insert into SHOT values (1222, 1220, 1228, 706, 14.650, 297.40, 87.60, 14.643, 297.41, 87.62, 0.009, 117.02, -53.96);
insert into SHOT values (1223, 1220, 1229, 706, 4.090, 344.70, -29.30, 4.089, 344.72, -29.29, 0.002, 114.53, 57.39);
insert into SHOT values (1224, 1220, 1230, 706, 14.390, 21.60, 70.40, 14.382, 21.67, 70.42, 0.011, 161.60, -36.24);
insert into SHOT values (1225, 1220, 1231, 706, 14.340, 16.60, 70.30, 14.309, 17.04, 71.50, 0.305, 189.96, 13.14);
insert into SHOT values (1226, 1231, 1232, 706, 1.210, 193.90, 5.60, 1.210, 193.92, 5.21, 0.008, 210.48, -81.34);
insert into SHOT values (1227, 1231, 1233, 706, 3.970, 225.00, 6.40, 3.970, 225.00, 6.36, 0.003, 188.48, -78.95);
insert into SHOT values (1228, 1231, 1234, 706, 4.550, 247.30, 5.50, 4.552, 247.28, 5.42, 0.007, 213.12, -63.71);
insert into SHOT values (1229, 1231, 1235, 706, 3.660, 298.40, -0.80, 3.660, 298.39, -0.78, 0.002, 227.40, 41.09);
insert into SHOT values (1230, 1231, 1236, 706, 7.960, 271.20, -2.20, 7.968, 271.15, -2.23, 0.011, 226.75, -22.95);
insert into SHOT values (1231, 1231, 1237, 706, 5.130, 251.00, -3.40, 5.139, 251.00, -3.46, 0.010, 248.36, -34.11);
insert into SHOT values (1232, 1231, 1238, 706, 9.460, 282.00, 63.00, 9.465, 281.94, 62.96, 0.010, 250.52, 6.33);
insert into SHOT values (1233, 1231, 1239, 706, 14.610, 257.70, -75.20, 14.616, 257.64, -75.19, 0.008, 214.14, -36.71);
insert into SHOT values (1234, 1231, 1240, 706, 11.060, 36.50, 80.90, 11.058, 36.61, 80.93, 0.006, 185.53, -7.47);
insert into SHOT values (1235, 1231, 1241, 706, 9.490, 43.40, 77.90, 9.489, 43.36, 77.95, 0.009, 232.76, 5.50);
insert into SHOT values (1236, 1231, 1242, 706, 4.120, 58.80, 8.30, 4.112, 58.77, 8.25, 0.009, 257.29, -32.23);
insert into SHOT values (1237, 1231, 1243, 706, 2.700, 350.90, -1.50, 2.695, 350.82, -1.49, 0.006, 212.87, 6.33);
insert into SHOT values (1238, 1231, 1244, 706, 4.590, 245.20, -0.20, 4.595, 245.16, -0.25, 0.007, 212.29, -33.73);
insert into SHOT values (1239, 1231, 1245, 706, 4.160, 279.20, -1.70, 4.165, 279.12, -1.79, 0.010, 226.37, -41.61);
insert into SHOT values (1240, 1231, 1246, 706, 18.410, 281.30, 85.20, 18.397, 280.03, 85.88, 0.223, 108.87, 1.18);
insert into SHOT values (1241, 1246, 1247, 706, 2.900, 20.20, -1.20, 2.899, 20.19, -1.38, 0.009, 234.59, -79.88);
insert into SHOT values (1242, 1246, 1248, 706, 5.410, 99.90, 2.40, 5.405, 99.92, 2.33, 0.008, 266.56, -54.29);
insert into SHOT values (1243, 1246, 1249, 706, 5.690, 65.20, -6.50, 5.688, 65.20, -6.56, 0.006, 246.73, -67.57);
insert into SHOT values (1244, 1246, 1250, 706, 4.170, 53.30, -12.90, 4.173, 53.30, -13.02, 0.009, 37.40, -81.74);
insert into SHOT values (1245, 1246, 1251, 706, 3.470, 325.50, 2.60, 3.470, 325.58, 2.48, 0.009, 46.04, -59.09);
insert into SHOT values (1246, 1246, 1252, 706, 2.690, 4.90, -1.00, 2.690, 4.91, -1.06, 0.003, 13.95, -85.05);
insert into SHOT values (1247, 1246, 1253, 706, 5.880, 27.30, 59.30, 5.877, 27.33, 59.24, 0.007, 49.83, -57.04);
insert into SHOT values (1248, 1246, 1254, 706, 5.850, 16.90, -76.90, 5.852, 16.66, -76.91, 0.006, 283.99, -21.43);
insert into SHOT values (1249, 1246, 1255, 706, 25.430, 319.60, 82.60, 25.424, 319.24, 84.82, 0.983, 140.47, 5.94);
insert into SHOT values (1250, 1255, 1256, 706, 1.700, 234.50, -0.70, 1.707, 234.54, -0.67, 0.007, 243.70, 6.52);
insert into SHOT values (1251, 1255, 1257, 706, 2.500, 170.30, -2.10, 2.507, 170.35, -2.06, 0.008, 185.87, 12.26);
insert into SHOT values (1252, 1255, 1258, 706, 4.720, 140.30, 0.20, 4.716, 140.33, 0.24, 0.006, 290.64, 35.09);
insert into SHOT values (1253, 1255, 1259, 706, 3.190, 109.90, 16.70, 3.188, 109.92, 16.77, 0.004, 274.45, 48.49);
insert into SHOT values (1254, 1255, 1260, 706, 3.420, 86.00, 36.40, 3.415, 86.03, 36.47, 0.006, 253.28, 4.60);
insert into SHOT values (1255, 1255, 1261, 706, 5.880, 101.90, 72.30, 5.879, 101.94, 72.29, 0.002, 149.32, -48.95);
insert into SHOT values (1256, 1255, 1262, 706, 5.990, 140.10, -25.10, 5.989, 140.09, -25.09, 0.002, 27.67, 27.31);
insert into SHOT values (1257, 1255, 1263, 706, 6.020, 270.20, -62.30, 6.021, 270.20, -62.29, 0.002, 270.80, 2.39);
insert into SHOT values (1258, 1255, 1264, 706, 3.620, 326.40, -64.80, 3.624, 326.10, -64.82, 0.009, 241.59, -29.14);
insert into SHOT values (1259, 1255, 1265, 706, 2.020, 205.90, -42.30, 2.027, 206.05, -42.15, 0.009, 230.28, -3.11);
insert into SHOT values (1260, 1255, 1266, 706, 6.790, 252.80, 80.60, 6.775, 251.40, 80.41, 0.039, 198.23, -29.09);
insert into SHOT values (1261, 1266, 1267, 706, 1.060, 48.40, -1.40, 1.062, 48.05, -1.08, 0.009, 339.12, 40.26);
insert into SHOT values (1262, 1266, 1268, 706, 2.720, 101.70, -1.10, 2.717, 101.68, -1.05, 0.004, 299.60, 33.13);
insert into SHOT values (1263, 1266, 1269, 706, 0.930, 148.70, -3.50, 0.926, 148.72, -3.10, 0.008, 325.59, 60.20);
insert into SHOT values (1264, 1266, 1270, 706, 2.510, 143.40, 69.40, 2.509, 142.87, 69.51, 0.010, 21.27, 2.90);
insert into SHOT values (1265, 1266, 1271, 706, 1.240, 5.30, 68.60, 1.249, 4.97, 68.30, 0.011, 349.11, 29.60);
insert into SHOT values (1266, 1266, 1272, 706, 0.600, 295.80, -4.20, 0.601, 295.71, -3.82, 0.004, 249.52, 70.90);
insert into SHOT values (1267, 1266, 1273, 706, 0.820, 359.30, 2.80, 0.821, 359.30, 2.79, 0.001, 356.97, -3.12);
insert into SHOT values (1268, 1266, 1274, 706, 2.920, 304.70, -21.10, 2.872, 304.34, -21.23, 0.052, 144.19, 12.48);
insert into SHOT values (1269, 1274, 1275, 706, 0.730, 186.40, 1.30, 0.734, 186.25, 0.78, 0.008, 163.49, -52.99);
insert into SHOT values (1270, 1274, 1276, 706, 1.370, 205.60, 71.50, 1.370, 205.97, 71.55, 0.003, 313.34, 15.15);
insert into SHOT values (1271, 1274, 1277, 706, 3.710, 152.10, -82.60, 3.710, 152.35, -82.66, 0.004, 302.95, -11.98);
insert into SHOT values (1272, 1274, 1278, 706, 2.000, 262.60, -8.40, 1.998, 262.44, -8.34, 0.006, 158.60, 20.77);
insert into SHOT values (1273, 1274, 1279, 706, 1.140, 112.30, -6.80, 1.143, 112.27, -7.03, 0.006, 98.08, -61.37);
insert into SHOT values (1274, 1274, 1280, 706, 4.560, 248.20, 21.70, 4.571, 247.47, 21.43, 0.059, 176.01, -15.72);
insert into SHOT values (1275, 1280, 1281, 706, 0.270, 164.60, 1.60, 0.269, 164.93, 2.13, 0.003, 277.23, 55.90);
insert into SHOT values (1276, 1280, 1282, 706, 0.280, 324.90, 10.40, 0.287, 325.18, 12.09, 0.011, 340.43, 62.34);
insert into SHOT values (1277, 1280, 1283, 706, 2.320, 58.80, 76.90, 2.321, 58.11, 76.80, 0.008, 1.52, 2.82);
insert into SHOT values (1278, 1280, 1284, 706, 1.010, 222.30, -76.00, 1.009, 221.63, -76.19, 0.005, 80.95, -0.02);
insert into SHOT values (1279, 1280, 1285, 706, 3.720, 284.20, 46.40, 3.727, 284.20, 46.43, 0.007, 279.44, 63.07);
insert into SHOT values (1280, 1280, 1286, 706, 2.770, 295.10, 50.20, 2.733, 294.50, 50.55, 0.045, 141.56, -23.77);
insert into SHOT values (1281, 1286, 1287, 706, 0.870, 171.50, 4.90, 0.863, 171.30, 4.65, 0.009, 14.86, -29.70);
insert into SHOT values (1282, 1286, 1288, 706, 1.120, 125.10, 6.30, 1.119, 125.12, 6.16, 0.003, 283.89, -75.17);
insert into SHOT values (1283, 1286, 1289, 706, 1.010, 94.10, 11.50, 1.003, 94.09, 11.51, 0.007, 276.64, -10.66);
insert into SHOT values (1284, 1286, 1290, 706, 1.770, 256.00, 5.10, 1.768, 256.20, 5.19, 0.007, 5.87, 22.51);
insert into SHOT values (1285, 1286, 1291, 706, 2.410, 158.70, -75.40, 2.406, 158.55, -75.52, 0.006, 354.03, 19.84);
insert into SHOT values (1286, 1286, 1292, 706, 8.720, 265.00, 86.00, 8.722, 265.31, 85.98, 0.005, 306.36, 13.92);
insert into SHOT values (1287, 1286, 1293, 706, 8.330, 247.60, 63.30, 8.328, 246.96, 62.99, 0.061, 199.84, -20.79);
insert into SHOT values (1288, 1293, 1294, 706, 4.300, 80.70, -5.40, 4.306, 80.60, -5.33, 0.011, 31.94, 24.97);
insert into SHOT values (1289, 1293, 1295, 706, 3.880, 352.10, 81.70, 3.881, 352.87, 81.64, 0.009, 53.12, 4.22);
insert into SHOT values (1290, 1293, 1296, 706, 0.400, 179.50, 5.00, 0.392, 178.53, 5.85, 0.012, 37.75, 25.64);
insert into SHOT values (1291, 1293, 1297, 706, 0.670, 18.00, -7.00, 0.678, 18.17, -6.77, 0.009, 30.52, 10.67);
insert into SHOT values (1292, 1293, 1298, 706, 1.050, 287.00, 0.20, 1.047, 287.22, 0.55, 0.008, 54.33, 51.52);
insert into SHOT values (1293, 1293, 1299, 706, 3.660, 293.80, 0.40, 3.653, 293.90, 0.47, 0.010, 71.82, 26.28);
insert into SHOT values (1294, 1293, 1300, 706, 0.970, 306.20, 3.40, 0.974, 306.63, 3.53, 0.009, 9.37, 16.84);
insert into SHOT values (1295, 1293, 1301, 706, 2.430, 287.60, -58.90, 2.426, 287.71, -59.01, 0.006, 86.57, 6.49);
insert into SHOT values (1296, 1293, 1302, 706, 8.200, 275.70, 63.20, 8.177, 275.17, 63.37, 0.048, 142.38, -11.01);
insert into SHOT values (1297, 1302, 1303, 706, 3.370, 358.00, -2.80, 3.366, 358.12, -2.72, 0.009, 118.59, 29.35);
insert into SHOT values (1298, 1302, 1304, 706, 3.130, 33.10, -30.10, 3.125, 33.22, -30.16, 0.008, 172.99, -1.84);
insert into SHOT values (1299, 1302, 1305, 706, 1.700, 10.10, 43.70, 1.704, 10.30, 43.82, 0.007, 89.76, 51.49);
insert into SHOT values (1300, 1302, 1306, 706, 0.740, 188.70, 11.30, 0.744, 188.69, 11.64, 0.006, 183.88, 61.55);
insert into SHOT values (1301, 1302, 1307, 706, 0.650, 121.20, -6.70, 0.650, 121.72, -6.18, 0.008, 201.34, 44.45);
insert into SHOT values (1302, 1302, 1308, 706, 3.130, 115.10, -34.20, 3.135, 115.08, -34.15, 0.006, 106.15, -6.44);
insert into SHOT values (1303, 1302, 1309, 706, 1.410, 316.70, 78.40, 1.407, 316.47, 78.70, 0.008, 145.12, -8.82);
insert into SHOT values (1304, 1302, 1310, 706, 0.950, 319.00, -0.80, 0.943, 318.87, -0.61, 0.008, 155.68, 23.17);
insert into SHOT values (1305, 1302, 1311, 706, 3.000, 224.50, 32.60, 3.036, 223.90, 32.25, 0.048, 190.05, 4.37);
insert into SHOT values (1306, 1311, 1312, 706, 0.600, 6.30, -5.70, 0.597, 6.77, -5.77, 0.006, 127.63, -4.16);
insert into SHOT values (1307, 1311, 1313, 706, 0.240, 18.40, 52.90, 0.241, 19.65, 51.96, 0.005, 58.46, -15.74);
insert into SHOT values (1308, 1311, 1314, 706, 1.850, 27.30, -77.40, 1.845, 27.82, -77.26, 0.007, 74.00, 47.02);
insert into SHOT values (1309, 1311, 1315, 706, 0.730, 355.10, -42.40, 0.730, 355.76, -42.14, 0.007, 64.27, 18.58);
insert into SHOT values (1310, 1311, 1316, 706, 2.910, 246.30, 14.50, 2.925, 245.61, 14.45, 0.038, 180.32, 2.11);
insert into SHOT values (1311, 1316, 1317, 706, 0.570, 349.90, 12.10, 0.570, 350.71, 12.15, 0.008, 80.46, 3.79);
insert into SHOT values (1312, 1316, 1318, 706, 2.520, 79.20, 2.00, 2.526, 79.27, 2.04, 0.007, 105.80, 17.92);
insert into SHOT values (1313, 1316, 1319, 706, 0.240, 231.90, 17.20, 0.239, 232.13, 17.06, 0.002, 16.44, -32.64);
insert into SHOT values (1314, 1316, 1320, 706, 2.220, 191.40, 12.30, 2.214, 191.47, 12.26, 0.007, 349.84, -24.87);
insert into SHOT values (1315, 1316, 1321, 706, 0.620, 338.70, 11.30, 0.623, 338.90, 11.11, 0.004, 12.88, -22.30);
insert into SHOT values (1316, 1316, 1322, 706, 3.120, 104.90, 5.30, 3.128, 104.88, 5.32, 0.008, 96.91, 12.84);
insert into SHOT values (1317, 1316, 1323, 706, 1.570, 142.30, 16.50, 1.567, 142.29, 16.31, 0.006, 337.43, -78.24);
insert into SHOT values (1318, 1316, 1324, 706, 7.310, 89.90, 74.20, 7.306, 89.71, 74.19, 0.008, 356.86, -29.70);
insert into SHOT values (1319, 1316, 1325, 706, 5.640, 277.00, 75.50, 5.639, 276.92, 75.52, 0.003, 143.91, -7.38);
insert into SHOT values (1320, 1316, 1326, 706, 3.860, 80.60, -36.30, 3.864, 80.57, -36.35, 0.005, 21.69, -64.49);
insert into SHOT values (1321, 1316, 1327, 706, 18.760, 17.90, 79.50, 18.744, 18.37, 81.14, 0.537, 195.36, 7.93);
insert into SHOT values (1322, 1327, 1328, 706, 1.310, 279.00, -0.80, 1.315, 278.75, -0.87, 0.008, 231.40, -12.03);
insert into SHOT values (1323, 1327, 1329, 706, 2.220, 185.60, 17.90, 2.227, 185.68, 17.78, 0.009, 206.06, -15.49);
insert into SHOT values (1324, 1327, 1330, 706, 0.850, 148.60, 21.20, 0.849, 148.91, 20.70, 0.009, 218.62, -58.37);
insert into SHOT values (1325, 1327, 1331, 706, 3.530, 153.10, -44.00, 3.532, 153.13, -43.91, 0.006, 166.31, 21.09);
insert into SHOT values (1326, 1327, 1332, 706, 3.700, 195.40, -47.40, 3.709, 195.48, -47.39, 0.010, 220.67, -41.46);
insert into SHOT values (1327, 1327, 1333, 706, 2.720, 195.60, 49.90, 2.721, 195.54, 49.86, 0.003, 153.46, -11.58);
insert into SHOT values (1328, 1327, 1334, 706, 5.130, 265.10, 69.50, 5.125, 264.89, 69.47, 0.008, 179.92, -37.53);
insert into SHOT values (1329, 1327, 1335, 706, 6.280, 300.50, 71.40, 6.251, 299.85, 71.84, 0.060, 142.54, -11.50);
insert into SHOT values (1330, 1335, 1336, 706, 1.480, 120.20, -1.00, 1.484, 120.37, -1.16, 0.007, 168.55, -36.38);
insert into SHOT values (1331, 1335, 1337, 706, 2.140, 304.50, 13.40, 2.135, 304.61, 13.27, 0.008, 82.16, -46.79);
insert into SHOT values (1332, 1335, 1338, 706, 1.720, 355.10, 8.60, 1.716, 355.26, 8.72, 0.007, 130.93, 22.37);
insert into SHOT values (1333, 1335, 1339, 706, 1.550, 330.90, -27.30, 1.547, 330.82, -27.32, 0.004, 183.75, 14.32);
insert into SHOT values (1334, 1335, 1340, 706, 1.330, 40.40, 9.60, 1.331, 40.36, 9.52, 0.002, 359.90, -52.14);
insert into SHOT values (1335, 1335, 1341, 706, 1.590, 100.70, 9.30, 1.588, 100.66, 9.42, 0.004, 308.80, 52.92);
insert into SHOT values (1336, 1335, 1342, 706, 2.740, 142.10, -35.00, 2.739, 142.06, -34.97, 0.002, 49.45, 41.30);
insert into SHOT values (1337, 1335, 1343, 706, 1.550, 326.60, -63.60, 1.550, 326.31, -63.76, 0.006, 186.98, -16.86);
insert into SHOT values (1338, 1335, 1344, 706, 13.320, 312.50, 71.90, 13.286, 311.99, 72.92, 0.243, 140.96, 9.28);
insert into SHOT values (1339, 1344, 1345, 706, 0.860, 242.80, 7.90, 0.854, 242.53, 8.08, 0.008, 95.09, 13.14);
insert into SHOT values (1340, 1344, 1346, 706, 6.290, 335.40, 80.80, 6.291, 335.98, 80.79, 0.010, 56.86, 5.10);
insert into SHOT values (1341, 1344, 1347, 706, 3.560, 335.80, 25.90, 3.560, 335.84, 25.99, 0.006, 113.40, 61.06);
insert into SHOT values (1342, 1344, 1348, 706, 3.430, 320.00, 29.20, 3.428, 320.02, 29.34, 0.009, 130.53, 48.83);
insert into SHOT values (1343, 1344, 1349, 706, 1.270, 163.50, 49.00, 1.272, 163.30, 48.98, 0.004, 107.81, 22.92);
insert into SHOT values (1344, 1344, 1350, 706, 1.140, 174.00, -15.40, 1.137, 173.72, -15.30, 0.007, 59.54, 24.39);
insert into SHOT values (1345, 1344, 1351, 706, 3.830, 320.00, 7.30, 3.756, 319.68, 7.34, 0.077, 155.74, -4.93);
insert into SHOT values (1346, 1351, 1352, 706, 0.500, 44.40, -4.00, 0.504, 44.19, -4.55, 0.006, 15.19, -53.48);
insert into SHOT values (1347, 1351, 1353, 706, 4.500, 58.50, 81.40, 4.501, 57.72, 81.39, 0.009, 335.92, 3.69);
insert into SHOT values (1348, 1351, 1354, 706, 3.730, 137.40, 18.60, 3.727, 137.41, 18.62, 0.004, 311.96, 4.47);
insert into SHOT values (1349, 1351, 1355, 706, 1.830, 355.00, -80.40, 1.837, 354.47, -80.24, 0.009, 330.18, -39.26);
insert into SHOT values (1350, 1351, 1356, 706, 2.420, 140.20, -28.80, 2.417, 139.99, -28.95, 0.011, 15.88, -23.10);
insert into SHOT values (1351, 1351, 1357, 706, 4.520, 310.00, -0.80, 4.521, 310.07, -0.76, 0.006, 23.04, 31.74);
insert into SHOT values (1352, 1351, 1358, 706, 3.100, 333.00, -2.60, 3.102, 332.94, -2.59, 0.004, 278.21, 8.22);
insert into SHOT values (1353, 1351, 1359, 706, 2.090, 341.60, -4.30, 2.093, 341.57, -4.38, 0.005, 316.03, -44.86);
insert into SHOT values (1354, 1351, 1360, 706, 0.680, 353.10, -2.10, 0.685, 353.29, -2.51, 0.008, 16.47, -42.21);
insert into SHOT values (1355, 1351, 1361, 706, 10.330, 282.50, -75.90, 10.332, 282.60, -75.88, 0.006, 328.49, -11.46);
insert into SHOT values (1356, 1351, 1362, 706, 4.060, 332.90, -51.60, 4.062, 332.93, -51.53, 0.005, 344.70, 19.38);
insert into SHOT values (1357, 1351, 1363, 706, 3.050, 331.90, 6.00, 3.054, 331.92, 6.01, 0.005, 340.32, 15.10);
insert into SHOT values (1358, 1351, 1364, 706, 6.090, 296.30, -40.90, 6.094, 296.29, -40.90, 0.004, 272.79, -36.93);
insert into SHOT values (1359, 1351, 1365, 706, 6.370, 299.30, -41.40, 6.371, 299.30, -41.36, 0.004, 292.10, 36.12);
insert into SHOT values (1360, 1351, 1366, 706, 4.060, 320.10, 43.50, 4.007, 319.76, 43.74, 0.058, 159.07, -25.03);
insert into SHOT values (1361, 1366, 1367, 706, 0.590, 238.30, 1.10, 0.588, 238.20, 0.97, 0.002, 91.99, -34.78);
insert into SHOT values (1362, 1366, 1368, 706, 2.410, 150.70, 11.00, 2.417, 150.73, 10.97, 0.007, 160.58, 1.19);
insert into SHOT values (1363, 1366, 1369, 706, 0.620, 94.30, 3.80, 0.623, 94.61, 3.68, 0.005, 138.95, -12.97);
insert into SHOT values (1364, 1366, 1370, 706, 1.880, 305.40, 3.30, 1.882, 305.47, 3.35, 0.003, 356.06, 33.89);
insert into SHOT values (1365, 1366, 1371, 706, 2.530, 275.00, -0.30, 2.530, 274.99, -0.23, 0.003, 154.98, 76.82);
insert into SHOT values (1366, 1366, 1372, 706, 12.960, 169.60, -82.60, 12.958, 169.30, -82.60, 0.009, 78.50, 12.91);
insert into SHOT values (1367, 1366, 1373, 706, 5.300, 85.60, -80.00, 5.301, 85.65, -79.98, 0.002, 102.80, -12.04);
insert into SHOT values (1368, 1366, 1374, 706, 3.350, 145.50, 60.20, 3.354, 145.26, 60.19, 0.008, 73.35, 21.91);
insert into SHOT values (1369, 1366, 1375, 706, 5.500, 330.40, 70.10, 5.464, 330.29, 70.81, 0.077, 152.99, -8.65);
insert into SHOT values (1370, 1375, 1376, 706, 0.510, 215.70, -1.50, 0.508, 216.19, -2.25, 0.008, 328.35, -54.76);
insert into SHOT values (1371, 1375, 1377, 706, 0.860, 177.70, 61.40, 0.855, 178.60, 61.33, 0.008, 281.70, -37.39);
insert into SHOT values (1372, 1375, 1378, 706, 0.630, 282.00, 19.30, 0.628, 281.69, 19.52, 0.004, 156.53, 23.95);
insert into SHOT values (1373, 1375, 1379, 706, 0.970, 148.10, 5.60, 0.970, 148.12, 5.32, 0.005, 191.28, -85.12);
insert into SHOT values (1374, 1375, 1380, 706, 1.910, 251.00, -80.10, 1.909, 250.46, -80.08, 0.004, 170.84, 26.32);
insert into SHOT values (1375, 1375, 1381, 706, 1.300, 268.40, 34.80, 1.288, 267.30, 34.52, 0.025, 160.75, -29.05);
insert into SHOT values (1376, 1381, 1382, 706, 0.400, 129.80, -11.60, 0.406, 128.88, -11.36, 0.009, 84.68, 2.74);
insert into SHOT values (1377, 1381, 1383, 706, 0.600, 133.50, -37.30, 0.601, 133.32, -36.81, 0.005, 110.59, 41.40);
insert into SHOT values (1378, 1381, 1384, 706, 0.640, 174.10, -73.80, 0.646, 173.66, -73.72, 0.006, 145.23, -61.74);
insert into SHOT values (1379, 1381, 1385, 706, 0.290, 162.00, 74.50, 0.290, 156.80, 74.78, 0.007, 58.53, 4.41);
insert into SHOT values (1380, 1381, 1386, 706, 2.520, 212.40, 5.80, 2.576, 211.77, 5.57, 0.064, 185.84, -4.19);
insert into SHOT values (1381, 1386, 1387, 706, 0.990, 223.00, 24.00, 0.994, 223.21, 24.36, 0.008, 293.96, 64.85);
insert into SHOT values (1382, 1386, 1388, 706, 1.250, 309.70, 77.20, 1.253, 309.29, 76.88, 0.008, 293.98, 7.97);
insert into SHOT values (1383, 1386, 1389, 706, 0.320, 99.30, 38.40, 0.323, 99.09, 38.31, 0.003, 77.77, 25.57);
insert into SHOT values (1384, 1386, 1390, 706, 1.540, 295.10, 4.70, 1.544, 295.40, 4.83, 0.010, 358.95, 23.37);
insert into SHOT values (1385, 1386, 1391, 706, 0.930, 252.30, 9.10, 0.936, 252.35, 9.23, 0.006, 260.39, 29.12);
insert into SHOT values (1386, 1386, 1392, 706, 2.010, 296.40, 45.00, 2.016, 296.57, 44.78, 0.011, 318.70, -6.92);
insert into SHOT values (1387, 1386, 1393, 706, 2.860, 249.80, 44.70, 2.860, 249.87, 44.66, 0.003, 310.78, -31.66);
insert into SHOT values (1388, 1386, 1394, 706, 3.400, 265.90, 60.30, 3.406, 265.91, 60.36, 0.007, 39.11, 86.49);
insert into SHOT values (1389, 1386, 1395, 706, 4.510, 274.70, 9.10, 4.513, 274.76, 9.18, 0.008, 339.72, 52.79);
insert into SHOT values (1390, 1386, 1396, 706, 8.210, 270.20, 26.50, 8.198, 269.38, 26.44, 0.107, 176.03, -7.11);
insert into SHOT values (1391, 1396, 1397, 706, 4.520, 96.20, 2.80, 4.522, 96.23, 2.79, 0.003, 138.68, -16.05);
insert into SHOT values (1392, 1396, 1398, 706, 5.460, 128.30, 5.60, 5.465, 128.28, 5.56, 0.007, 107.53, -24.66);
insert into SHOT values (1393, 1396, 1399, 706, 4.250, 146.20, 4.90, 4.253, 146.16, 4.86, 0.006, 102.71, -32.39);
insert into SHOT values (1394, 1396, 1400, 706, 2.060, 65.10, 1.30, 2.059, 65.30, 1.39, 0.008, 164.71, 24.31);
insert into SHOT values (1395, 1396, 1401, 706, 1.390, 358.40, 5.70, 1.388, 358.34, 5.79, 0.004, 209.80, 33.09);
insert into SHOT values (1396, 1396, 1402, 706, 3.940, 94.00, -48.60, 3.944, 94.18, -48.63, 0.009, 174.38, -29.42);
insert into SHOT values (1397, 1396, 1403, 706, 5.640, 108.30, 58.70, 5.640, 108.31, 58.72, 0.002, 277.25, 24.78);
insert into SHOT values (1398, 1396, 1404, 706, 6.640, 146.20, 45.10, 6.642, 146.21, 45.04, 0.007, 149.51, -30.23);
insert into SHOT values (1399, 1396, 1405, 706, 4.100, 59.60, 58.50, 4.104, 59.72, 58.53, 0.006, 150.59, 42.93);
insert into SHOT values (1400, 1396, 1406, 706, 4.160, 110.90, -5.40, 4.203, 111.60, -5.46, 0.066, 161.31, -7.38);
insert into SHOT values (1401, 1406, 1407, 706, 3.330, 268.10, -3.30, 3.327, 268.10, -3.27, 0.003, 90.52, 32.41);
insert into SHOT values (1402, 1406, 1408, 706, 4.900, 302.90, 5.80, 4.898, 302.94, 5.74, 0.006, 58.48, -56.88);
insert into SHOT values (1403, 1406, 1409, 706, 2.310, 341.00, 28.00, 2.308, 341.12, 27.90, 0.006, 69.39, -47.16);
insert into SHOT values (1404, 1406, 1410, 706, 2.620, 190.90, -10.70, 2.612, 190.78, -10.81, 0.011, 41.34, -18.52);
insert into SHOT values (1405, 1406, 1411, 706, 2.080, 258.40, 76.40, 2.076, 257.99, 76.62, 0.009, 100.50, -10.27);
insert into SHOT values (1406, 1406, 1412, 706, 16.900, 261.40, 76.30, 16.881, 260.80, 76.29, 0.047, 169.68, -24.31);
insert into SHOT values (1407, 1412, 1413, 706, 2.140, 177.90, -5.20, 2.140, 177.85, -5.09, 0.004, 96.44, 62.29);
insert into SHOT values (1408, 1412, 1414, 706, 4.320, 133.90, -4.60, 4.328, 133.87, -4.51, 0.011, 117.70, 37.44);
insert into SHOT values (1409, 1412, 1415, 706, 0.270, 102.00, -0.80, 0.277, 102.53, 0.00, 0.008, 122.99, 28.07);
insert into SHOT values (1410, 1412, 1416, 706, 3.140, 107.50, 3.70, 3.144, 107.63, 3.83, 0.011, 167.70, 43.72);
insert into SHOT values (1411, 1412, 1417, 706, 2.130, 265.70, 7.20, 2.123, 265.64, 7.31, 0.008, 103.25, 22.15);
insert into SHOT values (1412, 1412, 1418, 706, 4.930, 103.30, -48.60, 4.929, 103.27, -48.48, 0.011, 87.94, 48.04);
insert into SHOT values (1413, 1412, 1419, 706, 2.760, 175.90, -27.00, 2.765, 175.82, -26.87, 0.009, 148.47, 19.88);
insert into SHOT values (1414, 1412, 1420, 706, 3.190, 187.50, 39.60, 3.196, 187.47, 39.66, 0.007, 162.09, 63.68);
insert into SHOT values (1415, 1412, 1421, 706, 3.730, 125.50, 42.10, 3.735, 125.47, 42.02, 0.008, 111.07, -5.27);
insert into SHOT values (1416, 1412, 1422, 706, 5.350, 246.30, 53.50, 5.348, 246.26, 53.52, 0.004, 105.31, -8.67);
insert into SHOT values (1417, 1412, 1423, 706, 10.990, 242.70, 77.00, 10.988, 241.82, 76.63, 0.081, 213.01, -13.05);
insert into SHOT values (1418, 1423, 1424, 706, 0.140, 211.30, 39.30, 0.141, 213.69, 39.76, 0.005, 304.67, 16.39);
insert into SHOT values (1419, 1423, 1425, 706, 0.570, 355.30, 6.60, 0.575, 354.99, 5.99, 0.009, 327.29, -39.25);
insert into SHOT values (1420, 1423, 1426, 706, 5.570, 198.40, 86.00, 5.563, 199.86, 86.05, 0.013, 319.79, -29.53);
insert into SHOT values (1421, 1423, 1427, 706, 10.080, 162.90, 82.70, 10.081, 163.13, 82.73, 0.008, 302.91, 12.38);
insert into SHOT values (1422, 1423, 1428, 706, 2.260, 303.00, -1.70, 2.264, 302.92, -1.77, 0.006, 265.00, -28.02);
insert into SHOT values (1423, 1423, 1429, 706, 0.300, 205.70, 13.30, 0.299, 206.57, 13.54, 0.005, 312.25, 12.20);
insert into SHOT values (1424, 1423, 1430, 706, 3.330, 176.10, 64.70, 3.329, 176.37, 64.70, 0.007, 268.40, -5.08);
insert into SHOT values (1425, 1423, 1431, 706, 4.360, 241.60, -75.40, 4.361, 241.81, -75.38, 0.004, 309.56, -10.73);
insert into SHOT values (1426, 1423, 1432, 706, 3.440, 277.90, -60.40, 3.443, 278.08, -60.28, 0.009, 312.21, 6.43);
insert into SHOT values (1427, 1423, 1433, 706, 4.860, 292.40, 25.30, 4.824, 291.80, 25.28, 0.059, 167.44, -16.85);
insert into SHOT values (1428, 1433, 1434, 706, 0.610, 162.40, 9.80, 0.609, 161.57, 9.45, 0.010, 70.25, -23.49);
insert into SHOT values (1429, 1433, 1435, 706, 1.140, 163.10, 36.80, 1.137, 162.76, 36.74, 0.006, 53.88, -26.38);
insert into SHOT values (1430, 1433, 1436, 706, 4.410, 138.70, 78.10, 4.414, 138.58, 78.14, 0.006, 357.71, 56.03);
insert into SHOT values (1431, 1433, 1437, 706, 0.570, 101.00, 1.20, 0.571, 101.11, 1.00, 0.002, 153.71, -54.89);
insert into SHOT values (1432, 1433, 1438, 706, 2.120, 91.10, -71.90, 2.116, 90.87, -71.82, 0.006, 28.93, 58.86);
insert into SHOT values (1433, 1433, 1439, 706, 9.350, 244.10, 80.10, 9.348, 244.08, 80.14, 0.007, 71.35, -6.81);
insert into SHOT values (1434, 1433, 1440, 706, 4.610, 229.70, 24.60, 4.636, 229.03, 24.33, 0.060, 173.27, -8.64);
insert into SHOT values (1435, 1440, 1441, 706, 2.930, 173.10, -0.20, 2.931, 173.14, -0.20, 0.002, 235.77, 6.03);
insert into SHOT values (1436, 1440, 1442, 706, 1.640, 250.70, 27.40, 1.647, 250.82, 27.48, 0.008, 281.09, 41.86);
insert into SHOT values (1437, 1440, 1443, 706, 2.310, 341.90, 19.00, 2.317, 341.90, 19.15, 0.009, 337.71, 62.14);
insert into SHOT values (1438, 1440, 1444, 706, 1.780, 81.10, 2.80, 1.784, 80.96, 2.89, 0.007, 34.67, 26.28);
insert into SHOT values (1439, 1440, 1445, 706, 25.780, 169.90, 77.20, 25.780, 169.91, 77.21, 0.003, 338.88, 11.12);
insert into SHOT values (1440, 1440, 1446, 706, 1.550, 147.30, -19.70, 1.544, 147.08, -19.69, 0.009, 12.12, 16.86);
insert into SHOT values (1441, 1440, 1447, 706, 1.750, 352.50, -30.30, 1.751, 352.41, -30.18, 0.005, 304.23, 39.86);
insert into SHOT values (1442, 1440, 1448, 706, 3.920, 152.00, -0.90, 3.991, 152.21, -1.01, 0.073, 163.75, -6.67);
insert into SHOT values (1443, 1448, 1449, 706, 1.310, 68.20, 0.90, 1.315, 68.12, 0.87, 0.005, 46.06, -6.24);
insert into SHOT values (1444, 1448, 1450, 706, 1.450, 28.30, -7.00, 1.451, 28.17, -6.73, 0.008, 320.16, 60.84);
insert into SHOT values (1445, 1448, 1451, 706, 0.440, 342.50, 6.00, 0.442, 342.80, 6.49, 0.005, 30.36, 52.50);
insert into SHOT values (1446, 1448, 1452, 706, 2.940, 341.90, -4.30, 2.943, 341.94, -4.29, 0.003, 10.53, 7.47);
insert into SHOT values (1447, 1448, 1453, 706, 8.790, 69.80, 86.10, 8.790, 69.44, 86.10, 0.004, 343.06, 5.39);
insert into SHOT values (1448, 1448, 1454, 706, 1.620, 93.30, -31.60, 1.646, 94.09, -31.50, 0.032, 132.30, -20.12);
insert into SHOT values (1449, 1454, 1455, 706, 0.670, 182.50, -2.30, 0.671, 182.56, -1.71, 0.007, 212.41, 78.54);
insert into SHOT values (1450, 1454, 1456, 706, 0.490, 20.70, -7.90, 0.485, 20.70, -7.11, 0.009, 201.69, 59.61);
insert into SHOT values (1451, 1454, 1457, 706, 1.770, 173.40, -70.50, 1.772, 174.19, -70.45, 0.009, 248.66, -10.23);
insert into SHOT values (1452, 1454, 1458, 706, 0.380, 156.50, 50.90, 0.383, 157.75, 51.61, 0.008, 267.80, 42.59);
insert into SCRAPS values (708, 702, 'SP-spel-bivy-1', 1, 36.73396, 4.37443);
 insert into SCRAPS values (720, 702, 'SP-spel-bivy-2', 1, 20.66216, 0.90347);
 insert into SCRAPS values (734, 702, 'SP-spel-bivy-3', 1, 7.55823, 0.82222);
 insert into SCRAPS values (743, 702, 'SP-spel-bivy-4', 1, 63.04178, 2.48535);
 insert into SCRAPS values (765, 702, 'SP-spel-bivy-5', 1, 9.49599, 2.11667);
 insert into SCRAPS values (776, 702, 'SP-spel-bivy-6', 1, 2.13957, 0.42332);
 insert into SCRAPS values (792, 702, 'SP-spel-bivy-8', 1, 53.39763, 8.75653);
 insert into SCRAPS values (814, 702, 'SP-spel-bivy-9', 1, 0.32641, 0.05681);
 insert into SCRAPS values (822, 702, 'SP-spel-bivy-10', 1, 0.36290, 0.04819);
 insert into SCRAPS values (838, 702, 'SP-spel-bivy-11', 1, 0.25797, 0.06091);
 insert into SCRAPS values (856, 702, 'SP-spel-bivy-12', 1, 0.45468, 0.09967);
 insert into SCRAPS values (870, 702, 'SP-spel-bivy-13', 1, 47.62593, 1.67156);
 insert into SCRAPS values (892, 702, 'SC-spel-bivy-elev-1', 2, 36.22293, 0.75735);
 insert into SCRAPS values (974, 702, 'SC-spel-bivy-elev-0', 2, 33.65804, 2.80284);
 insert into MAPS values (998, 702, 'MP-spel-bivy-plan-tot', 'Spel-bivy', 1, 365.410, -279.200);
 insert into MAPITEMS values (998, 4, 708);
 insert into MAPITEMS values (998, 4, 720);
 insert into MAPITEMS values (998, 4, 734);
 insert into MAPITEMS values (998, 4, 743);
 insert into MAPITEMS values (998, 4, 765);
 insert into MAPITEMS values (998, 4, 776);
 insert into MAPITEMS values (998, 4, 792);
 insert into MAPITEMS values (998, 4, 814);
 insert into MAPITEMS values (998, 4, 822);
 insert into MAPITEMS values (998, 4, 838);
 insert into MAPITEMS values (998, 4, 856);
 insert into MAPITEMS values (998, 4, 870);
 insert into MAPS values (999, 702, 'MC-spel-bivy-coupe-elev-tot', 'Spel-bivy', 2, 365.410, -279.200);
 insert into MAPITEMS values (999, 4, 974);
 insert into MAPITEMS values (999, 4, 892);
 insert into SURVEY values (1001, 327, 'fond', 'fond.Kriska.Ded.Ded', 'fond');
 insert into CENTRELINE values (1002, 1001, NULL, NULL, NULL, 0.00, 0.00, 0.00);
 insert into SURVEY values (1003, 1001, 'fond', 'fond.fond.Kriska.Ded.Ded', 'fond');
 insert into CENTRELINE values (1004, 1003, NULL, NULL, NULL, 0.00, 0.00, 0.00);
 insert into CENTRELINE values (1005, 1003, NULL, '2021-09-10', NULL, 148.04, 0.00, 0.00);
 insert into TOPO values (10, 1005);
 insert into TOPO values (2, 1005);
 insert into SHOT values (1453, 1459, 1460, 1005, 2.870, 85.73, 2.20, 2.870, 85.80, 2.20, 0.003, 178.85, -2.88);
insert into SHOT values (1454, 1460, 1461, 1005, 0.510, 186.63, 0.40, 0.514, 186.71, 1.12, 0.007, 197.83, 60.81);
insert into SHOT values (1455, 1460, 1462, 1005, 0.350, 180.63, 54.20, 0.358, 180.00, 54.09, 0.008, 156.84, 46.87);
insert into SHOT values (1456, 1460, 1463, 1005, 3.120, 284.83, -81.30, 3.115, 284.93, -81.40, 0.007, 97.41, 33.22);
insert into SHOT values (1457, 1460, 1464, 1005, 0.910, 27.73, -47.70, 0.908, 28.24, -47.55, 0.006, 112.68, 29.44);
insert into SHOT values (1458, 1460, 1465, 1005, 5.080, 126.23, -48.60, 5.081, 126.29, -48.57, 0.004, 178.04, 7.35);
insert into SHOT values (1459, 1465, 1466, 1005, 0.840, 223.33, 0.90, 0.835, 223.06, 0.69, 0.007, 81.65, -26.44);
insert into SHOT values (1460, 1465, 1467, 1005, 1.000, 176.73, 68.40, 0.997, 176.82, 68.81, 0.008, 352.53, 1.69);
insert into SHOT values (1461, 1465, 1468, 1005, 3.190, 187.83, -84.20, 3.186, 187.13, -84.19, 0.005, 99.22, 42.68);
insert into SHOT values (1462, 1465, 1469, 1005, 2.030, 128.13, -16.60, 2.029, 128.11, -16.61, 0.001, 349.33, -2.41);
insert into SHOT values (1463, 1465, 1470, 1005, 0.980, 303.33, -16.70, 0.978, 303.69, -16.63, 0.006, 45.29, 15.07);
insert into SHOT values (1464, 1465, 1471, 1005, 4.470, 129.13, -67.20, 4.470, 128.92, -67.16, 0.007, 63.23, 5.85);
insert into SHOT values (1465, 1471, 1472, 1005, 0.660, 250.23, 5.00, 0.661, 250.46, 5.21, 0.004, 332.06, 42.69);
insert into SHOT values (1466, 1471, 1473, 1005, 3.250, 229.93, 76.70, 3.248, 230.39, 76.60, 0.008, 279.20, -19.64);
insert into SHOT values (1467, 1471, 1474, 1005, 3.540, 243.13, -79.20, 3.544, 243.43, -79.09, 0.009, 268.51, -18.08);
insert into SHOT values (1468, 1471, 1475, 1005, 1.330, 317.63, -20.10, 1.334, 317.26, -20.17, 0.009, 251.41, -18.49);
insert into SHOT values (1469, 1471, 1476, 1005, 2.220, 140.73, -12.10, 2.216, 140.80, -11.98, 0.007, 277.57, 53.46);
insert into SHOT values (1470, 1471, 1477, 1005, 4.250, 139.13, -61.70, 4.244, 139.24, -61.79, 0.009, 293.74, 12.50);
insert into SHOT values (1471, 1477, 1478, 1005, 0.730, 45.43, 1.80, 0.729, 45.56, 1.57, 0.004, 174.58, -55.17);
insert into SHOT values (1472, 1477, 1479, 1005, 5.420, 352.23, 82.50, 5.416, 352.67, 82.51, 0.007, 99.69, -32.48);
insert into SHOT values (1473, 1477, 1480, 1005, 8.010, 139.23, -75.80, 8.016, 139.11, -75.77, 0.009, 105.04, -33.53);
insert into SHOT values (1474, 1477, 1481, 1005, 2.360, 112.73, -5.20, 2.363, 112.75, -5.34, 0.007, 128.42, -64.57);
insert into SHOT values (1475, 1477, 1482, 1005, 11.580, 103.43, -65.70, 11.588, 103.45, -65.69, 0.008, 121.46, -45.37);
insert into SHOT values (1476, 1482, 1483, 1005, 1.720, 53.23, 3.20, 1.717, 53.06, 3.34, 0.007, 289.84, 33.42);
insert into SHOT values (1477, 1482, 1484, 1005, 1.540, 45.03, -86.00, 1.534, 41.19, -86.03, 0.010, 304.21, 40.72);
insert into SHOT values (1478, 1482, 1485, 1005, 1.370, 92.13, 21.60, 1.369, 92.25, 21.86, 0.007, 228.07, 55.38);
insert into SHOT values (1479, 1482, 1486, 1005, 1.180, 109.73, 64.50, 1.185, 109.50, 64.55, 0.005, 50.38, 64.41);
insert into SHOT values (1480, 1482, 1487, 1005, 1.440, 298.63, -1.70, 1.437, 298.71, -1.59, 0.004, 85.15, 38.92);
insert into SHOT values (1481, 1482, 1488, 1005, 4.020, 99.53, -41.50, 4.018, 99.56, -41.45, 0.004, 151.70, 66.59);
insert into SHOT values (1482, 1488, 1489, 1005, 0.540, 24.43, -7.70, 0.542, 24.18, -7.43, 0.004, 334.40, 37.27);
insert into SHOT values (1483, 1488, 1490, 1005, 0.970, 63.63, 70.30, 0.967, 62.65, 70.26, 0.006, 328.18, -29.86);
insert into SHOT values (1484, 1488, 1491, 1005, 11.090, 156.33, -77.60, 11.088, 156.45, -77.62, 0.006, 280.44, 12.00);
insert into SHOT values (1485, 1488, 1492, 1005, 19.400, 93.63, -72.60, 19.398, 93.66, -72.60, 0.003, 174.09, 41.90);
insert into SHOT values (1486, 1488, 1493, 1005, 24.680, 100.03, -75.50, 24.675, 100.07, -75.51, 0.007, 233.87, 32.62);
insert into SHOT values (1487, 1488, 1494, 1005, 2.410, 87.53, -15.40, 2.409, 87.53, -15.41, 0.001, 267.50, -0.42);
insert into SHOT values (1488, 1494, 1495, 1005, 0.250, 199.13, -8.20, 0.245, 199.18, -7.02, 0.007, 16.21, 55.19);
insert into SHOT values (1489, 1494, 1496, 1005, 0.720, 86.03, 0.20, 0.722, 86.03, 0.00, 0.003, 84.22, -55.32);
insert into SHOT values (1490, 1494, 1497, 1005, 1.230, 273.53, -79.00, 1.234, 274.76, -78.74, 0.008, 313.94, -18.02);
insert into SHOT values (1491, 1494, 1498, 1005, 0.540, 297.53, 72.30, 0.547, 298.07, 71.90, 0.008, 312.95, 42.68);
insert into SHOT values (1492, 1494, 1499, 1005, 7.450, 148.03, -59.20, 7.452, 148.06, -59.18, 0.004, 175.41, -11.08);
insert into SHOT values (1493, 1499, 1500, 1005, 21.850, 81.33, -82.80, 21.853, 81.19, -82.79, 0.008, 20.70, -16.44);
insert into SHOT values (1494, 1499, 1501, 1005, 1.410, 33.73, 5.70, 1.413, 33.69, 5.69, 0.003, 15.62, -0.71);
insert into SHOT values (1495, 1499, 1502, 1005, 4.530, 28.33, 75.50, 4.535, 28.37, 75.49, 0.005, 46.38, 60.97);
insert into SHOT values (1496, 1499, 1503, 1005, 2.530, 54.03, -83.30, 2.528, 53.13, -83.18, 0.007, 9.42, 22.04);
insert into SHOT values (1497, 1499, 1504, 1005, 2.080, 335.63, 4.50, 2.083, 335.53, 4.41, 0.006, 284.41, -34.86);
insert into SHOT values (1498, 1499, 1505, 1005, 2.030, 134.83, -4.30, 2.021, 134.80, -4.26, 0.009, 322.14, 13.64);
insert into SHOT values (1499, 1499, 1506, 1005, 7.040, 127.63, -50.30, 7.032, 127.58, -50.29, 0.009, 346.89, 48.03);
insert into SHOT values (1500, 1506, 1507, 1005, 1.100, 64.63, -2.50, 1.097, 64.60, -2.61, 0.004, 254.51, -33.09);
insert into SHOT values (1501, 1506, 1508, 1005, 0.590, 251.93, 13.30, 0.593, 251.88, 12.66, 0.007, 245.10, -51.47);
insert into SHOT values (1502, 1506, 1509, 1005, 5.090, 161.83, -84.00, 5.098, 161.57, -83.95, 0.010, 137.48, -52.40);
insert into SHOT values (1503, 1506, 1510, 1005, 10.190, 212.53, -83.30, 10.199, 212.62, -83.32, 0.010, 344.18, -75.82);
insert into SHOT values (1504, 1506, 1511, 1005, 3.560, 333.73, 2.20, 3.558, 333.80, 2.09, 0.008, 90.20, -56.57);
insert into SHOT values (1505, 1506, 1512, 1005, 0.970, 122.13, -16.90, 0.979, 122.33, -17.23, 0.011, 147.52, -46.73);
insert into SHOT values (1506, 1506, 1513, 1005, 10.850, 136.93, -66.80, 10.856, 136.90, -66.82, 0.008, 26.07, -69.08);
insert into SHOT values (1507, 1513, 1514, 1005, 3.560, 176.03, 86.90, 3.566, 177.14, 86.78, 0.010, 202.71, 31.18);
insert into SHOT values (1508, 1513, 1515, 1005, 1.090, 12.03, 17.70, 1.085, 12.29, 17.71, 0.007, 147.66, -11.92);
insert into SHOT values (1509, 1513, 1516, 1005, 1.820, 91.23, -0.20, 1.820, 91.26, 0.00, 0.006, 153.69, 81.28);
insert into SHOT values (1510, 1513, 1517, 1005, 1.380, 161.93, -2.20, 1.380, 161.83, -2.08, 0.004, 66.96, 49.83);
insert into SHOT values (1511, 1513, 1518, 1005, 1.700, 218.33, 8.90, 1.702, 218.23, 9.13, 0.008, 146.47, 66.60);
insert into SHOT values (1512, 1513, 1519, 1005, 3.270, 84.03, -27.40, 3.270, 84.07, -27.31, 0.006, 125.75, 56.78);
insert into SHOT values (1513, 1519, 1520, 1005, 0.740, 215.53, -0.50, 0.738, 215.63, -0.78, 0.004, 1.02, -58.35);
insert into SHOT values (1514, 1519, 1521, 1005, 0.210, 104.83, 77.30, 0.204, 104.04, 78.35, 0.007, 291.44, -44.35);
insert into SHOT values (1515, 1519, 1522, 1005, 0.140, 264.83, -76.00, 0.146, 255.96, -73.59, 0.010, 222.05, -23.96);
insert into SHOT values (1516, 1519, 1523, 1005, 1.500, 133.83, -1.90, 1.500, 133.92, -1.91, 0.002, 219.92, -6.66);
insert into SHOT values (1517, 1523, 1524, 1005, 0.470, 2.23, -1.50, 0.471, 2.44, -1.22, 0.003, 73.10, 52.31);
insert into SHOT values (1518, 1523, 1525, 1005, 0.510, 106.73, 77.20, 0.513, 105.26, 77.15, 0.004, 35.35, 40.77);
insert into SHOT values (1519, 1523, 1526, 1005, 0.370, 20.43, -72.80, 0.376, 21.80, -73.34, 0.007, 144.48, -64.61);
insert into SHOT values (1520, 1523, 1527, 1005, 2.060, 81.93, -6.80, 2.056, 81.83, -6.98, 0.009, 298.95, -45.35);
insert into SHOT values (1521, 1527, 1528, 1005, 0.480, 186.43, 0.00, 0.483, 185.95, 0.00, 0.005, 128.71, 0.00);
insert into SHOT values (1522, 1527, 1529, 1005, 0.150, 359.43, 9.20, 0.143, 0.00, 12.09, 0.010, 169.68, 36.29);
insert into SHOT values (1523, 1527, 1530, 1005, 0.130, 337.13, 8.20, 0.132, 337.38, 8.75, 0.002, 0.12, 45.31);
insert into SHOT values (1524, 1527, 1531, 1005, 0.710, 103.93, 77.40, 0.717, 104.93, 77.50, 0.008, 186.85, 68.97);
insert into SHOT values (1525, 1527, 1532, 1005, 1.590, 131.43, -77.80, 1.588, 131.50, -77.38, 0.012, 133.45, 20.18);
insert into SHOT values (1526, 1527, 1533, 1005, 3.400, 114.13, -27.90, 3.406, 114.10, -27.82, 0.008, 101.05, 6.90);
insert into SHOT values (1527, 1533, 1534, 1005, 0.310, 26.33, 0.40, 0.309, 24.90, 1.86, 0.011, 286.15, 45.09);
insert into SHOT values (1528, 1533, 1535, 1005, 0.420, 207.43, 0.50, 0.421, 208.39, 1.36, 0.009, 292.96, 41.83);
insert into SHOT values (1529, 1533, 1536, 1005, 0.470, 160.13, 72.90, 0.470, 162.90, 73.18, 0.007, 269.78, 6.37);
insert into SHOT values (1530, 1533, 1537, 1005, 2.550, 200.53, -82.40, 2.543, 200.56, -82.28, 0.009, 202.37, 59.32);
insert into SHOT values (1531, 1533, 1538, 1005, 2.870, 125.63, -36.50, 2.865, 125.83, -36.39, 0.011, 220.74, 42.24);
insert into SHOT values (1532, 1538, 1539, 1005, 0.770, 338.23, 0.80, 0.776, 338.06, 0.74, 0.007, 318.06, -6.40);
insert into SHOT values (1533, 1538, 1540, 1005, 1.930, 313.73, 75.50, 1.923, 314.17, 75.30, 0.010, 352.11, -54.84);
insert into SHOT values (1534, 1538, 1541, 1005, 1.600, 55.13, -82.90, 1.603, 53.13, -82.83, 0.008, 341.98, -17.27);
insert into SHOT values (1535, 1538, 1542, 1005, 4.410, 58.83, -37.40, 4.415, 58.76, -37.37, 0.007, 18.88, -11.53);
insert into SHOT values (1536, 1542, 1543, 1005, 0.480, 332.33, 5.10, 0.476, 332.35, 4.82, 0.005, 149.69, -33.89);
insert into SHOT values (1537, 1542, 1544, 1005, 0.490, 166.03, -17.80, 0.496, 166.55, -17.60, 0.008, 199.83, -1.56);
insert into SHOT values (1538, 1542, 1545, 1005, 1.220, 75.33, -20.80, 1.220, 75.23, -21.15, 0.008, 289.97, -62.46);
insert into SHOT values (1539, 1542, 1546, 1005, 3.720, 35.13, -89.30, 3.720, 33.69, -89.44, 0.009, 220.64, -1.68);
insert into SHOT values (1540, 1542, 1547, 1005, 1.780, 240.83, -19.80, 1.782, 240.68, -20.02, 0.008, 147.50, -57.67);
insert into SHOT values (1541, 1542, 1548, 1005, 3.030, 230.83, -12.60, 3.029, 230.77, -12.58, 0.004, 132.38, 15.63);
insert into SHOT values (1542, 1542, 1549, 1005, 12.060, 98.43, -58.40, 12.058, 98.46, -58.40, 0.004, 195.90, 27.43);
insert into SHOT values (1543, 1549, 1550, 1005, 3.890, 226.53, 5.90, 3.890, 226.57, 5.90, 0.003, 317.99, 2.98);
insert into SHOT values (1544, 1549, 1551, 1005, 3.050, 275.03, 27.10, 3.055, 275.06, 27.06, 0.006, 289.24, 5.96);
insert into SHOT values (1545, 1549, 1552, 1005, 1.240, 347.73, 2.00, 1.238, 347.87, 1.85, 0.005, 105.87, -43.47);
insert into SHOT values (1546, 1549, 1553, 1005, 1.150, 97.03, 22.20, 1.151, 96.99, 21.93, 0.006, 83.90, -54.05);
insert into SHOT values (1547, 1549, 1554, 1005, 2.050, 284.43, -60.80, 2.051, 284.45, -60.77, 0.002, 297.20, -17.40);
insert into SHOT values (1548, 1549, 1555, 1005, 3.760, 2.33, -48.90, 3.765, 2.32, -48.96, 0.007, 299.06, -84.37);
insert into SHOT values (1549, 1555, 1556, 1005, 1.430, 147.63, -83.00, 1.431, 149.04, -82.98, 0.004, 229.63, -8.65);
insert into SHOT values (1550, 1555, 1557, 1005, 2.320, 166.43, 80.30, 2.323, 166.68, 80.32, 0.004, 269.53, 61.71);
insert into SHOT values (1551, 1555, 1558, 1005, 1.210, 280.13, 10.80, 1.211, 280.18, 10.95, 0.003, 2.03, 74.37);
insert into SHOT values (1552, 1555, 1559, 1005, 2.080, 170.73, -11.90, 2.082, 170.68, -11.92, 0.003, 119.97, -23.28);
insert into SHOT values (1553, 1555, 1560, 1005, 1.250, 220.23, -0.20, 1.248, 220.45, 0.00, 0.007, 328.28, 40.86);
insert into SHOT values (1554, 1555, 1561, 1005, 2.910, 122.03, -24.70, 2.905, 122.01, -24.61, 0.007, 330.57, 66.91);
insert into SHOT values (1555, 1561, 1562, 1005, 0.650, 345.23, 11.60, 0.644, 345.30, 11.65, 0.006, 157.94, -6.51);
insert into SHOT values (1556, 1561, 1563, 1005, 0.550, 195.43, -0.30, 0.551, 195.80, -1.04, 0.008, 272.57, -62.83);
insert into SHOT values (1557, 1561, 1564, 1005, 0.930, 50.73, -76.40, 0.936, 50.53, -76.40, 0.006, 23.77, -74.09);
insert into SHOT values (1558, 1561, 1565, 1005, 0.730, 23.33, 71.10, 0.730, 22.25, 70.99, 0.005, 308.23, -7.87);
insert into SHOT values (1559, 1561, 1566, 1005, 1.220, 87.93, -2.50, 1.222, 88.12, -2.81, 0.008, 153.87, -56.80);
insert into SHOT values (1560, 1566, 1567, 1005, 0.460, 62.23, -0.00, 0.465, 61.78, 0.00, 0.006, 27.60, 0.00);
insert into SHOT values (1561, 1566, 1568, 1005, 1.030, 39.93, -87.10, 1.031, 36.87, -87.22, 0.004, 270.68, -20.93);
insert into SHOT values (1562, 1566, 1569, 1005, 0.320, 70.53, 73.90, 0.322, 69.44, 74.59, 0.004, 276.60, 34.64);
insert into SHOT values (1563, 1566, 1570, 1005, 0.760, 312.83, 6.90, 0.762, 313.39, 6.78, 0.008, 25.13, -9.50);
insert into SHOT values (1564, 1566, 1571, 1005, 3.120, 353.43, 10.00, 3.117, 353.45, 9.98, 0.003, 149.06, -32.14);
insert into SHOT values (1565, 1571, 1572, 1005, 0.470, 240.63, -0.30, 0.470, 240.71, 0.00, 0.003, 320.52, 75.42);
insert into SHOT values (1566, 1571, 1573, 1005, 0.670, 73.03, -4.60, 0.672, 72.65, -4.26, 0.006, 13.58, 35.45);
insert into SHOT values (1567, 1571, 1574, 1005, 0.850, 142.73, -7.70, 0.849, 142.72, -7.44, 0.004, 347.87, 84.90);
insert into SHOT values (1568, 1571, 1575, 1005, 2.410, 125.53, -72.50, 2.402, 125.45, -72.45, 0.009, 11.83, 82.00);
insert into SHOT values (1569, 1571, 1576, 1005, 1.010, 147.93, 69.90, 1.009, 148.17, 70.24, 0.006, 314.00, 14.28);
insert into SHOT values (1570, 1571, 1577, 1005, 1.740, 155.53, -49.30, 1.731, 155.47, -49.16, 0.010, 0.88, 73.28);
insert into SHOT values (1571, 1571, 1578, 1005, 2.010, 109.83, -49.30, 2.004, 109.68, -49.32, 0.007, 327.47, 34.77);
insert into SHOT values (1572, 1571, 1579, 1005, 1.930, 99.23, -20.60, 1.924, 99.25, -20.38, 0.010, 266.99, 70.54);
insert into SHOT values (1573, 1579, 1580, 1005, 0.520, 340.63, 3.50, 0.520, 340.87, 3.31, 0.003, 80.84, -38.98);
insert into SHOT values (1574, 1579, 1581, 1005, 0.320, 294.43, 78.80, 0.317, 296.57, 77.79, 0.007, 321.53, -35.47);
insert into SHOT values (1575, 1579, 1582, 1005, 2.380, 46.03, -84.00, 2.384, 45.00, -83.87, 0.008, 7.42, -22.47);
insert into SHOT values (1576, 1579, 1583, 1005, 2.930, 41.13, -16.30, 2.934, 41.11, -16.44, 0.008, 4.11, -76.47);
insert into SHOT values (1577, 1583, 1584, 1005, 0.890, 187.83, -1.10, 0.888, 187.77, -0.65, 0.007, 39.25, 74.36);
insert into SHOT values (1578, 1583, 1585, 1005, 1.080, 259.43, -87.40, 1.081, 258.69, -87.30, 0.002, 241.11, -27.89);
insert into SHOT values (1579, 1583, 1586, 1005, 0.430, 1.43, 75.40, 0.434, 0.00, 75.32, 0.005, 301.26, 50.80);
insert into SHOT values (1580, 1583, 1587, 1005, 1.620, 151.63, -30.50, 1.619, 151.78, -30.43, 0.004, 240.97, 31.05);
insert into SHOT values (1581, 1583, 1588, 1005, 1.300, 201.33, -10.90, 1.298, 201.13, -10.65, 0.007, 101.78, 52.54);
insert into SHOT values (1582, 1583, 1589, 1005, 0.560, 129.63, -86.70, 0.561, 123.69, -86.32, 0.005, 83.80, -10.12);
insert into SHOT values (1583, 1583, 1590, 1005, 3.070, 123.53, -44.80, 3.069, 123.40, -44.74, 0.006, 51.15, 31.22);
insert into SHOT values (1584, 1590, 1591, 1005, 0.750, 359.63, 9.20, 0.750, 359.23, 9.21, 0.005, 266.32, 0.97);
insert into SHOT values (1585, 1590, 1592, 1005, 1.250, 17.23, 52.40, 1.250, 16.77, 52.40, 0.006, 284.66, -3.38);
insert into SHOT values (1586, 1590, 1593, 1005, 1.380, 70.83, -86.10, 1.383, 71.57, -86.07, 0.004, 121.37, -63.80);
insert into SHOT values (1587, 1590, 1594, 1005, 1.230, 67.83, 66.30, 1.231, 67.11, 66.62, 0.009, 293.73, 23.53);
insert into SHOT values (1588, 1590, 1595, 1005, 1.240, 273.53, -5.40, 1.248, 273.69, -5.52, 0.009, 296.72, -20.62);
insert into SHOT values (1589, 1590, 1596, 1005, 1.530, 60.23, -13.90, 1.533, 60.16, -13.97, 0.004, 16.78, -41.93);
insert into SHOT values (1590, 1590, 1597, 1005, 1.660, 68.83, 25.40, 1.652, 68.77, 25.46, 0.009, 259.88, -13.47);
insert into SHOT values (1591, 1590, 1598, 1005, 2.660, 80.43, -21.10, 2.654, 80.46, -21.21, 0.008, 250.67, -17.67);
insert into SHOT values (1592, 1598, 1599, 1005, 0.600, 315.23, 1.40, 0.601, 315.67, 1.91, 0.007, 30.22, 48.04);
insert into SHOT values (1593, 1598, 1600, 1005, 0.440, 242.93, -71.50, 0.431, 243.43, -71.88, 0.009, 50.75, 52.46);
insert into SHOT values (1594, 1598, 1601, 1005, 0.300, 303.23, 65.20, 0.296, 304.99, 65.67, 0.006, 78.82, -23.53);
insert into SHOT values (1595, 1598, 1602, 1005, 2.050, 13.93, -81.40, 2.044, 14.93, -81.26, 0.010, 68.25, 46.19);
insert into SHOT values (1596, 1598, 1603, 1005, 1.320, 37.63, -10.40, 1.326, 37.84, -10.43, 0.008, 76.09, -12.90);
insert into SHOT values (1597, 1598, 1604, 1005, 0.780, 223.33, 1.70, 0.772, 223.42, 2.23, 0.011, 35.19, 38.23);
insert into SHOT values (1598, 1598, 1605, 1005, 1.360, 43.63, -12.40, 1.361, 43.78, -12.30, 0.004, 111.87, 28.68);
insert into SHOT values (1599, 1605, 1606, 1005, 0.670, 352.73, 21.00, 0.670, 352.65, 21.00, 0.001, 241.37, -6.16);
insert into SHOT values (1600, 1605, 1607, 1005, 0.760, 144.73, 1.50, 0.761, 144.64, 1.51, 0.001, 77.39, 4.45);
insert into SHOT values (1601, 1605, 1608, 1005, 2.140, 52.03, -86.80, 2.143, 48.37, -86.78, 0.008, 327.31, -23.35);
insert into SHOT values (1602, 1605, 1609, 1005, 0.750, 86.13, 68.20, 0.754, 85.91, 68.15, 0.004, 60.14, 56.23);
insert into SHOT values (1603, 1605, 1610, 1005, 0.560, 265.13, 2.30, 0.562, 265.91, 2.04, 0.008, 341.74, -17.43);
insert into SHOT values (1604, 1605, 1611, 1005, 4.930, 246.33, 38.10, 4.924, 246.41, 38.12, 0.008, 23.74, -13.78);
insert into SHOT values (1605, 1605, 1612, 1005, 1.530, 78.13, -3.30, 1.527, 77.88, -3.38, 0.008, 320.62, -14.26);
insert into SHOT values (1606, 1605, 1613, 1005, 1.700, 102.33, -45.90, 1.702, 102.16, -45.79, 0.005, 57.84, 9.23);
insert into SHOT values (1607, 1605, 1614, 1005, 2.880, 80.23, -21.60, 2.882, 80.12, -21.58, 0.006, 10.60, 1.97);
insert into SHOT values (1608, 1614, 1615, 1005, 0.710, 217.03, -3.50, 0.715, 217.03, -3.21, 0.006, 216.83, 32.12);
insert into SHOT values (1609, 1614, 1616, 1005, 1.580, 194.03, -78.40, 1.583, 194.47, -78.33, 0.004, 239.10, -33.28);
insert into SHOT values (1610, 1614, 1617, 1005, 0.850, 170.03, 65.60, 0.848, 170.27, 65.24, 0.006, 190.65, -43.94);
insert into SHOT values (1611, 1614, 1618, 1005, 0.310, 20.73, 2.30, 0.310, 20.77, 1.85, 0.002, 48.75, -79.20);
insert into SHOT values (1612, 1614, 1619, 1005, 6.600, 97.53, -17.40, 6.596, 97.58, -17.38, 0.007, 219.18, 32.44);
insert into SHOT values (1613, 1619, 1620, 1005, 5.740, 160.03, -73.10, 5.748, 160.05, -73.11, 0.008, 174.34, -77.90);
insert into SHOT values (1614, 1619, 1621, 1005, 0.850, 1.43, 0.00, 0.850, 1.35, 0.00, 0.001, 282.08, 0.00);
insert into SHOT values (1615, 1619, 1622, 1005, 0.820, 74.23, 72.00, 0.822, 74.36, 71.59, 0.006, 79.47, 1.23);
insert into SHOT values (1616, 1619, 1623, 1005, 1.280, 26.63, -69.10, 1.285, 27.12, -69.00, 0.007, 71.09, -36.90);
insert into SHOT values (1617, 1619, 1624, 1005, 0.830, 53.33, -56.70, 0.837, 53.88, -56.80, 0.008, 115.37, -51.66);
insert into SHOT values (1618, 1619, 1625, 1005, 0.790, 71.63, 40.00, 0.789, 71.86, 39.33, 0.010, 97.09, -53.84);
insert into SHOT values (1619, 1619, 1626, 1005, 3.330, 65.63, -19.90, 3.330, 65.65, -20.02, 0.007, 229.22, -65.89);
insert into SHOT values (1620, 1626, 1627, 1005, 0.620, 316.93, 2.50, 0.624, 317.60, 2.76, 0.009, 21.65, 20.13);
insert into SHOT values (1621, 1626, 1628, 1005, 1.160, 266.43, -79.50, 1.159, 267.27, -79.55, 0.003, 17.31, 9.88);
insert into SHOT values (1622, 1626, 1629, 1005, 0.350, 297.43, 71.40, 0.347, 303.69, 71.85, 0.013, 46.67, -7.84);
insert into SHOT values (1623, 1626, 1630, 1005, 0.350, 153.93, -10.10, 0.354, 152.70, -9.76, 0.009, 93.18, 9.11);
insert into SHOT values (1624, 1626, 1631, 1005, 1.920, 339.63, -19.10, 1.928, 339.78, -19.07, 0.009, 9.14, -10.66);
insert into SHOT values (1625, 1626, 1632, 1005, 1.680, 358.63, -33.50, 1.675, 358.77, -33.30, 0.008, 98.72, 64.31);
insert into SHOT values (1626, 1626, 1633, 1005, 1.020, 65.43, -28.10, 1.023, 65.14, -27.97, 0.006, 15.98, 4.03);
insert into SHOT values (1627, 1626, 1634, 1005, 1.890, 59.53, -24.80, 1.890, 59.55, -24.71, 0.003, 88.17, 66.19);
insert into SHOT values (1628, 1634, 1635, 1005, 0.450, 252.63, 1.90, 0.450, 253.18, 2.55, 0.007, 349.96, 49.61);
insert into SHOT values (1629, 1634, 1636, 1005, 0.710, 256.63, 71.70, 0.704, 256.61, 72.14, 0.008, 77.38, -30.08);
insert into SHOT values (1630, 1634, 1637, 1005, 0.670, 47.73, -88.80, 0.670, 45.00, -88.79, 0.001, 325.72, -12.18);
insert into SHOT values (1631, 1634, 1638, 1005, 0.930, 33.53, -22.50, 0.937, 33.69, -22.59, 0.008, 54.86, -31.99);
insert into SHOT values (1632, 1638, 1639, 1005, 0.530, 166.73, -0.30, 0.534, 167.01, 0.00, 0.005, 201.52, 31.86);
insert into SHOT values (1633, 1638, 1640, 1005, 0.350, 10.13, 76.00, 0.349, 7.13, 76.66, 0.006, 235.60, 3.82);
insert into SHOT values (1634, 1638, 1641, 1005, 0.660, 114.93, -74.90, 0.651, 115.02, -75.28, 0.010, 292.73, 48.38);
insert into SHOT values (1635, 1638, 1642, 1005, 2.670, 144.33, -44.30, 2.663, 144.39, -44.29, 0.007, 299.90, 44.37);
insert into SHOT values (1636, 1638, 1643, 1005, 1.170, 121.13, -12.10, 1.169, 121.05, -11.85, 0.006, 27.27, 72.61);
insert into SHOT values (1637, 1638, 1644, 1005, 0.850, 229.53, 14.10, 0.850, 229.93, 14.31, 0.006, 330.73, 26.82);
insert into SHOT values (1638, 1638, 1645, 1005, 4.240, 160.53, -42.90, 4.236, 160.63, -42.84, 0.008, 252.84, 49.15);
insert into SHOT values (1639, 1645, 1646, 1005, 0.910, 12.43, -1.50, 0.913, 12.67, -1.88, 0.008, 68.48, -54.08);
insert into SHOT values (1640, 1645, 1647, 1005, 0.490, 60.83, 42.60, 0.494, 60.64, 41.95, 0.007, 50.18, -14.25);
insert into SHOT values (1641, 1645, 1648, 1005, 0.760, 350.43, -66.10, 0.767, 350.84, -65.84, 0.008, 10.49, -38.55);
insert into SHOT values (1642, 1645, 1649, 1005, 1.130, 267.03, 6.90, 1.129, 266.93, 6.61, 0.006, 170.76, -71.40);
insert into SHOT values (1643, 1645, 1650, 1005, 0.610, 76.83, -4.60, 0.618, 76.87, -4.64, 0.008, 79.43, -7.59);
insert into SHOT values (1644, 1645, 1651, 1005, 0.540, 94.53, 64.30, 0.537, 94.76, 63.36, 0.009, 102.86, -44.38);
insert into SHOT values (1645, 1645, 1652, 1005, 3.400, 93.73, -42.50, 3.401, 93.66, -42.56, 0.005, 335.67, -40.82);
insert into SHOT values (1646, 1652, 1653, 1005, 0.630, 29.83, 80.90, 0.628, 29.05, 80.57, 0.004, 6.94, -29.98);
insert into SHOT values (1647, 1652, 1654, 1005, 0.940, 332.13, 3.30, 0.937, 332.61, 3.67, 0.010, 87.40, 34.18);
insert into SHOT values (1648, 1652, 1655, 1005, 0.890, 28.33, -16.40, 0.891, 28.66, -16.30, 0.005, 107.50, 14.28);
insert into SHOT values (1649, 1652, 1656, 1005, 0.770, 232.13, 12.70, 0.767, 232.06, 12.80, 0.003, 69.82, 12.72);
insert into SHOT values (1650, 1652, 1657, 1005, 0.520, 275.93, -8.80, 0.519, 275.60, -8.87, 0.003, 160.06, -7.71);
insert into SHOT values (1651, 1652, 1658, 1005, 1.440, 349.93, -65.20, 1.440, 350.38, -65.45, 0.008, 130.10, -20.96);
insert into SHOT values (1652, 1652, 1659, 1005, 5.720, 141.63, -61.80, 5.720, 141.60, -61.78, 0.003, 108.67, 24.24);
insert into SHOT values (1653, 1659, 1660, 1005, 1.650, 323.63, 11.50, 1.649, 323.56, 11.54, 0.003, 212.48, 24.32);
insert into SHOT values (1654, 1659, 1661, 1005, 1.700, 43.23, 8.70, 1.697, 43.31, 8.82, 0.005, 193.22, 32.60);
insert into SHOT values (1655, 1659, 1662, 1005, 0.900, 133.13, 10.50, 0.906, 133.18, 10.18, 0.008, 139.96, -31.61);
insert into SHOT values (1656, 1659, 1663, 1005, 0.790, 253.83, -3.70, 0.783, 253.65, -3.66, 0.007, 93.81, 7.77);
insert into SHOT values (1657, 1659, 1664, 1005, 1.740, 154.53, 85.20, 1.736, 151.70, 85.12, 0.008, 78.89, -27.36);
insert into SHOT values (1658, 1659, 1665, 1005, 1.140, 41.63, 20.50, 1.142, 41.59, 20.50, 0.002, 17.92, 21.02);
insert into SHOT values (1659, 1665, 1666, 1005, 1.380, 89.53, -12.10, 1.381, 89.58, -12.12, 0.001, 145.50, -30.29);
insert into SHOT values (1660, 1665, 1667, 1005, 0.480, 317.73, -9.60, 0.481, 317.56, -9.58, 0.002, 262.23, 1.66);
insert into SHOT values (1661, 1665, 1668, 1005, 0.550, 206.53, -51.80, 0.551, 205.82, -51.31, 0.006, 161.26, 20.27);
insert into SHOT values (1662, 1665, 1669, 1005, 2.800, 42.63, -51.70, 2.801, 42.90, -51.76, 0.009, 145.45, -17.75);
insert into SHOT values (1663, 1669, 1670, 1005, 1.350, 348.53, -10.10, 1.357, 348.35, -9.76, 0.012, 322.37, 35.62);
insert into SHOT values (1664, 1669, 1671, 1005, 0.620, 160.63, -10.80, 0.614, 160.67, -10.32, 0.008, 336.57, 51.23);
insert into SHOT values (1665, 1669, 1672, 1005, 1.000, 82.63, 79.60, 1.007, 80.54, 79.56, 0.009, 8.07, 42.90);
insert into SHOT values (1666, 1669, 1673, 1005, 1.270, 227.93, 10.10, 1.266, 228.25, 10.01, 0.008, 346.70, -18.87);
insert into SHOT values (1667, 1669, 1674, 1005, 2.560, 58.33, -35.60, 2.562, 58.14, -35.56, 0.007, 347.44, 1.82);
insert into SHOT values (1668, 1674, 1675, 1005, 0.490, 115.13, 20.20, 0.495, 115.46, 20.07, 0.006, 141.97, 7.68);
insert into SHOT values (1669, 1674, 1676, 1005, 0.570, 327.63, 6.00, 0.569, 327.99, 6.05, 0.004, 70.97, 6.49);
insert into SHOT values (1670, 1674, 1677, 1005, 0.710, 318.13, 84.20, 0.714, 315.00, 84.31, 0.005, 211.62, 42.05);
insert into SHOT values (1671, 1674, 1678, 1005, 1.030, 1.03, 72.70, 1.034, 0.00, 73.14, 0.011, 221.45, 38.36);
insert into SHOT values (1672, 1674, 1679, 1005, 2.100, 217.63, 13.70, 2.106, 217.65, 13.73, 0.007, 225.20, 23.78);
insert into SHOT values (1673, 1674, 1680, 1005, 1.990, 38.13, 8.30, 1.988, 37.98, 8.39, 0.007, 280.35, 24.48);
insert into SCRAPS values (1007, 1001, 'SP-fond-1', 1, 25.39235, 0.95527);
 insert into SCRAPS values (1025, 1001, 'SP-fond-4', 1, 19.09116, 1.88201);
 insert into SCRAPS values (1036, 1001, 'SP-fond-5', 1, 20.85609, 0.45516);
 insert into SCRAPS values (1050, 1001, 'SP-fond-2', 1, 0.60214, 0.06935);
 insert into SCRAPS values (1072, 1001, 'SP-fond-3', 1, 1.03620, 0.07405);
 insert into SCRAPS values (1097, 1001, 'SC-fond-elev-1', 2, 40.63928, 1.26264);
 insert into MAPS values (1176, 1001, 'MP-fond-plan-tot', 'fond', 1, 148.040, -92.670);
 insert into MAPITEMS values (1176, 4, 1007);
 insert into MAPITEMS values (1176, 4, 1050);
 insert into MAPITEMS values (1176, 4, 1072);
 insert into MAPITEMS values (1176, 4, 1025);
 insert into MAPITEMS values (1176, 4, 1036);
 insert into MAPS values (1177, 1001, 'MC-fond-coupe-elev-tot', 'fond', 2, 148.040, -92.670);
 insert into MAPITEMS values (1177, 4, 1097);
 insert into SURVEY values (1179, 327, 'boyau', 'boyau.Kriska.Ded.Ded', 'boyau');
 insert into CENTRELINE values (1180, 1179, NULL, NULL, NULL, 0.00, 0.00, 0.00);
 insert into SURVEY values (1181, 1179, 'boyau', 'boyau.boyau.Kriska.Ded.Ded', 'boyau');
 insert into CENTRELINE values (1182, 1181, NULL, NULL, NULL, 0.00, 0.00, 0.00);
 insert into CENTRELINE values (1183, 1181, NULL, '2021-09-10', NULL, 17.79, 0.00, 0.00);
 insert into TOPO values (10, 1183);
 insert into TOPO values (2, 1183);
 insert into PERSON values (28, 'Theophile', 'Bellintani');
insert into EXPLO values (28, 1183);
 insert into EXPLO values (10, 1183);
 insert into PERSON values (29, 'Charlie', 'Rivoire(GUCEM)');
insert into EXPLO values (29, 1183);
 insert into EXPLO values (2, 1183);
 insert into SHOT values (1674, 1681, 1682, 1183, 1.880, 335.93, -23.30, 1.880, 336.10, -23.18, 0.007, 50.57, 33.83);
insert into SHOT values (1675, 1682, 1683, 1183, 1.650, 281.73, 63.40, 1.644, 281.77, 63.42, 0.006, 93.77, -57.77);
insert into SHOT values (1676, 1682, 1684, 1183, 0.520, 129.93, 46.60, 0.520, 130.43, 46.97, 0.005, 260.46, 28.45);
insert into SHOT values (1677, 1682, 1685, 1183, 0.350, 215.33, 13.50, 0.353, 215.54, 13.09, 0.004, 233.52, -23.31);
insert into SHOT values (1678, 1682, 1686, 1183, 0.310, 55.33, 8.90, 0.312, 54.25, 9.22, 0.006, 341.89, 18.52);
insert into SHOT values (1679, 1682, 1687, 1183, 0.790, 148.13, -45.60, 0.787, 148.32, -45.40, 0.005, 252.31, 66.63);
insert into SHOT values (1680, 1682, 1688, 1183, 0.890, 153.53, 6.70, 0.887, 153.73, 6.48, 0.006, 287.78, -42.67);
insert into SHOT values (1681, 1682, 1689, 1183, 2.210, 145.03, 8.80, 2.210, 145.07, 8.85, 0.003, 260.31, 48.01);
insert into SHOT values (1682, 1682, 1690, 1183, 1.000, 112.53, -21.70, 1.003, 112.71, -21.65, 0.004, 155.66, -3.34);
insert into SHOT values (1683, 1682, 1691, 1183, 1.760, 274.23, 58.70, 1.756, 274.40, 58.68, 0.005, 36.36, -50.80);
insert into SHOT values (1684, 1691, 1692, 1183, 0.240, 173.53, -14.20, 0.240, 172.57, -14.50, 0.004, 72.62, -15.83);
insert into SHOT values (1685, 1691, 1693, 1183, 0.250, 62.43, -4.10, 0.246, 63.43, -2.33, 0.010, 190.97, 55.04);
insert into SHOT values (1686, 1691, 1694, 1183, 0.320, 342.73, -68.30, 0.313, 340.02, -68.02, 0.009, 238.53, 52.01);
insert into SHOT values (1687, 1691, 1695, 1183, 0.370, 153.53, -11.70, 0.373, 154.13, -10.81, 0.008, 194.67, 40.67);
insert into SHOT values (1688, 1691, 1696, 1183, 0.300, 228.93, -11.80, 0.297, 229.18, -11.66, 0.004, 25.58, 22.61);
insert into SHOT values (1689, 1691, 1697, 1183, 0.640, 317.43, -22.10, 0.641, 317.73, -21.98, 0.004, 18.97, 12.70);
insert into SHOT values (1690, 1691, 1698, 1183, 0.910, 306.83, -8.10, 0.908, 306.87, -7.59, 0.008, 93.88, 82.39);
insert into SHOT values (1691, 1698, 1699, 1183, 0.420, 81.03, 9.10, 0.419, 81.67, 8.24, 0.008, 175.62, -54.04);
insert into SHOT values (1692, 1698, 1700, 1183, 0.490, 112.03, 77.90, 0.480, 113.96, 78.16, 0.011, 254.25, -59.28);
insert into SHOT values (1693, 1698, 1701, 1183, 0.210, 115.53, -35.70, 0.214, 118.07, -37.41, 0.011, 210.87, -44.57);
insert into SHOT values (1694, 1698, 1702, 1183, 0.500, 344.93, 4.20, 0.498, 344.85, 3.45, 0.007, 193.58, -76.77);
insert into SHOT values (1695, 1698, 1703, 1183, 0.670, 57.93, -71.10, 0.674, 58.57, -71.76, 0.009, 216.82, -43.18);
insert into SHOT values (1696, 1698, 1704, 1183, 1.560, 62.53, -34.30, 1.556, 62.64, -34.43, 0.006, 217.80, -9.12);
insert into SHOT values (1697, 1704, 1705, 1183, 0.940, 330.33, -26.80, 0.941, 330.68, -27.18, 0.008, 79.73, -48.90);
insert into SHOT values (1698, 1704, 1706, 1183, 0.590, 135.93, 71.70, 0.589, 135.00, 71.83, 0.003, 20.34, -2.78);
insert into SHOT values (1699, 1704, 1707, 1183, 1.100, 34.73, -71.70, 1.108, 34.59, -71.45, 0.009, 27.63, -39.06);
insert into SHOT values (1700, 1704, 1708, 1183, 3.860, 41.73, -48.30, 3.868, 41.69, -48.34, 0.009, 11.53, -64.42);
insert into SHOT values (1701, 1708, 1709, 1183, 0.450, 28.03, 17.90, 0.452, 27.76, 18.06, 0.003, 328.31, 35.46);
insert into SHOT values (1702, 1708, 1710, 1183, 0.460, 77.23, 71.10, 0.466, 78.69, 70.83, 0.007, 122.04, 40.99);
insert into SHOT values (1703, 1708, 1711, 1183, 0.390, 153.33, 27.60, 0.393, 152.70, 27.29, 0.005, 103.23, -7.79);
insert into SHOT values (1704, 1708, 1712, 1183, 2.940, 102.53, -4.60, 2.940, 102.61, -4.49, 0.007, 189.78, 54.10);
insert into SHOT values (1705, 1712, 1713, 1183, 0.430, 332.23, 8.90, 0.434, 332.24, 7.95, 0.008, 333.13, -54.84);
insert into SHOT values (1706, 1712, 1714, 1183, 0.300, 2.83, 37.20, 0.300, 2.39, 36.85, 0.003, 306.43, -31.58);
insert into SHOT values (1707, 1712, 1715, 1183, 0.310, 303.93, -59.40, 0.313, 304.70, -59.65, 0.004, 25.91, -56.14);
insert into SHOT values (1708, 1712, 1716, 1183, 2.410, 49.63, -44.40, 2.414, 49.47, -44.44, 0.006, 338.21, -36.72);
insert into SHOT values (1709, 1716, 1717, 1183, 0.500, 164.03, 6.50, 0.504, 163.74, 6.84, 0.005, 125.56, 39.68);
insert into SHOT values (1710, 1716, 1718, 1183, 0.960, 200.23, 79.50, 0.967, 199.44, 79.25, 0.008, 175.11, 45.99);
insert into SHOT values (1711, 1716, 1719, 1183, 0.220, 9.63, 24.00, 0.223, 11.31, 23.81, 0.007, 73.79, 4.46);
insert into SHOT values (1712, 1716, 1720, 1183, 0.860, 255.53, 31.70, 0.860, 255.77, 31.57, 0.004, 331.78, -30.87);
insert into SHOT values (1713, 1716, 1721, 1183, 0.920, 124.13, 2.30, 0.922, 124.38, 2.49, 0.005, 192.28, 35.58);
insert into SHOT values (1714, 1716, 1722, 1183, 0.630, 65.13, -4.70, 0.628, 65.48, -4.56, 0.004, 175.24, 21.78);
insert into SHOT values (1715, 1716, 1723, 1183, 1.310, 307.03, -83.80, 1.307, 306.03, -84.03, 0.006, 150.53, 21.35);
insert into SHOT values (1716, 1723, 1724, 1183, 0.650, 302.73, 9.50, 0.653, 302.95, 9.70, 0.004, 348.03, 38.37);
insert into SHOT values (1717, 1723, 1725, 1183, 0.480, 2.03, 12.80, 0.483, 2.44, 13.16, 0.005, 56.86, 41.97);
insert into SHOT values (1718, 1723, 1726, 1183, 0.490, 97.83, 9.90, 0.490, 97.13, 9.39, 0.007, 17.30, -35.06);
insert into SHOT values (1719, 1723, 1727, 1183, 1.000, 28.53, 85.50, 1.003, 29.74, 85.39, 0.004, 67.04, 48.35);
insert into SHOT values (1720, 1723, 1728, 1183, 0.280, 185.13, -73.60, 0.282, 187.13, -73.37, 0.003, 246.70, -23.58);
insert into SHOT values (1721, 1723, 1729, 1183, 1.160, 19.33, -26.90, 1.165, 19.13, -27.06, 0.007, 327.42, -48.62);
insert into SHOT values (1722, 1729, 1730, 1183, 0.490, 233.93, 28.50, 0.493, 234.46, 29.16, 0.007, 331.41, 57.03);
insert into SHOT values (1723, 1729, 1731, 1183, 0.480, 348.33, 74.30, 0.488, 351.25, 74.37, 0.010, 65.96, 49.04);
insert into SHOT values (1724, 1729, 1732, 1183, 0.350, 37.43, 17.50, 0.352, 38.93, 18.22, 0.010, 125.46, 28.57);
insert into SHOT values (1725, 1729, 1733, 1183, 0.600, 105.63, 33.70, 0.602, 105.15, 34.36, 0.008, 351.05, 57.26);
insert into SHOT values (1726, 1729, 1734, 1183, 1.240, 278.63, -2.00, 1.235, 278.85, -1.86, 0.007, 52.42, 26.49);
insert into SCRAPS values (1185, 1179, 'SP-boyau-1', 1, 11.48366, 0.61738);
 insert into SCRAPS values (1204, 1179, 'SC-boyau-elev-1', 2, 14.29109, 2.95395);
 insert into MAPS values (1224, 1179, 'MP-boyau-plan-tot', 'Boyau', 1, 17.790, -7.640);
 insert into MAPITEMS values (1224, 4, 1185);
 insert into MAPS values (1225, 1179, 'MC-boyau-elev-tot', 'boyau', 2, 17.790, -7.640);
 insert into MAPITEMS values (1225, 4, 1204);
 insert into SURVEY values (1227, 327, 'siphon', 'siphon.Kriska.Ded.Ded', 'siphon');
 insert into CENTRELINE values (1228, 1227, NULL, NULL, NULL, 0.00, 0.00, 0.00);
 insert into SURVEY values (1229, 1227, 'siphon', 'siphon.siphon.Kriska.Ded.Ded', 'siphon');
 insert into CENTRELINE values (1230, 1229, NULL, NULL, NULL, 0.00, 0.00, 0.00);
 insert into CENTRELINE values (1231, 1229, NULL, '2021-11-27', NULL, 126.92, 0.00, 0.00);
 insert into PERSON values (30, 'Daniel', 'Betz(ASV)');
insert into TOPO values (30, 1231);
 insert into TOPO values (2, 1231);
 insert into SHOT values (1727, 1735, 1736, 1231, 2.220, 200.87, 71.00, 2.209, 200.46, 71.11, 0.013, 54.25, -44.63);
insert into SHOT values (1728, 1735, 1737, 1231, 1.780, 56.87, -67.30, 1.790, 56.77, -67.21, 0.010, 46.47, -50.09);
insert into SHOT values (1729, 1735, 1738, 1231, 0.760, 208.47, -8.90, 0.757, 207.94, -9.13, 0.008, 89.50, -17.05);
insert into SHOT values (1730, 1735, 1739, 1231, 5.050, 125.37, -19.20, 5.054, 125.36, -19.30, 0.009, 68.38, -83.60);
insert into SHOT values (1731, 1735, 1740, 1231, 2.360, 94.07, -43.90, 2.365, 94.04, -43.90, 0.005, 81.11, -43.03);
insert into SHOT values (1732, 1735, 1741, 1231, 3.830, 280.97, 47.00, 3.827, 281.05, 47.03, 0.005, 54.61, -11.48);
insert into SHOT values (1733, 1741, 1742, 1231, 1.410, 67.57, 85.80, 1.403, 66.04, 85.98, 0.008, 276.21, -48.57);
insert into SHOT values (1734, 1741, 1743, 1231, 0.580, 55.37, 2.10, 0.583, 55.49, 1.97, 0.003, 79.14, -21.70);
insert into SHOT values (1735, 1741, 1744, 1231, 5.560, 296.27, 17.10, 5.562, 296.23, 17.04, 0.007, 248.33, -45.06);
insert into SHOT values (1736, 1744, 1745, 1231, 0.310, 348.47, 24.90, 0.313, 349.88, 24.56, 0.008, 54.15, -3.88);
insert into SHOT values (1737, 1744, 1746, 1231, 3.580, 99.87, -68.10, 3.580, 99.88, -68.02, 0.005, 104.98, 19.73);
insert into SHOT values (1738, 1744, 1747, 1231, 0.960, 199.17, 67.80, 0.960, 199.44, 67.95, 0.003, 340.83, 22.76);
insert into SHOT values (1739, 1744, 1748, 1231, 3.700, 249.47, 39.90, 3.700, 249.33, 40.04, 0.011, 118.19, 35.59);
insert into SHOT values (1740, 1748, 1749, 1231, 0.780, 143.57, -20.00, 0.778, 143.91, -20.30, 0.006, 266.77, -31.29);
insert into SHOT values (1741, 1748, 1750, 1231, 1.480, 328.07, -81.00, 1.489, 326.98, -80.78, 0.012, 294.99, -44.66);
insert into SHOT values (1742, 1748, 1751, 1231, 4.560, 158.17, 58.80, 4.557, 158.33, 58.86, 0.009, 287.94, -2.94);
insert into SHOT values (1743, 1748, 1752, 1231, 1.720, 189.17, 24.60, 1.714, 189.22, 24.47, 0.007, 347.54, -56.27);
insert into SHOT values (1744, 1752, 1753, 1231, 0.850, 330.97, -1.90, 0.851, 330.42, -2.02, 0.008, 250.18, -12.52);
insert into SHOT values (1745, 1752, 1754, 1231, 1.550, 328.77, -68.70, 1.547, 327.99, -68.54, 0.009, 259.90, 26.75);
insert into SHOT values (1746, 1752, 1755, 1231, 2.450, 291.87, 73.30, 2.455, 291.50, 73.20, 0.008, 251.50, 25.54);
insert into SHOT values (1747, 1752, 1756, 1231, 3.700, 280.87, 25.20, 3.704, 280.84, 25.25, 0.005, 242.16, 62.00);
insert into SHOT values (1748, 1756, 1757, 1231, 1.260, 208.07, -47.80, 1.267, 208.07, -47.88, 0.008, 209.45, -61.12);
insert into SHOT values (1749, 1756, 1758, 1231, 1.550, 190.77, 30.80, 1.550, 190.80, 30.64, 0.004, 212.11, -56.58);
insert into SHOT values (1750, 1756, 1759, 1231, 4.340, 201.77, 61.70, 4.338, 201.70, 61.71, 0.003, 74.22, -22.26);
insert into SHOT values (1751, 1756, 1760, 1231, 3.050, 277.67, 5.20, 3.050, 277.76, 5.08, 0.008, 3.55, -53.31);
insert into SHOT values (1752, 1756, 1761, 1231, 11.080, 267.27, 40.30, 11.075, 267.29, 40.28, 0.007, 14.08, -64.37);
insert into SHOT values (1753, 1756, 1762, 1231, 6.230, 241.97, 33.80, 6.226, 242.00, 33.76, 0.007, 353.27, -61.10);
insert into SHOT values (1754, 1762, 1763, 1231, 0.480, 306.77, -3.30, 0.487, 306.63, -3.53, 0.007, 297.38, -18.97);
insert into SHOT values (1755, 1762, 1764, 1231, 0.990, 285.57, -73.80, 0.990, 284.53, -73.64, 0.006, 223.64, 6.92);
insert into SHOT values (1756, 1762, 1765, 1231, 0.660, 183.47, 84.70, 0.663, 180.00, 84.81, 0.005, 76.97, 36.71);
insert into SHOT values (1757, 1762, 1766, 1231, 5.610, 241.37, 27.50, 5.614, 241.33, 27.47, 0.006, 204.18, -3.95);
insert into SHOT values (1758, 1766, 1767, 1231, 0.580, 324.67, 1.20, 0.583, 325.49, 0.98, 0.009, 37.68, -13.76);
insert into SHOT values (1759, 1766, 1768, 1231, 0.570, 313.57, -78.70, 0.571, 315.00, -78.58, 0.003, 17.05, -18.36);
insert into SHOT values (1760, 1766, 1769, 1231, 0.740, 271.97, 86.90, 0.741, 284.04, 86.81, 0.009, 359.97, 7.15);
insert into SHOT values (1761, 1766, 1770, 1231, 5.020, 256.47, 31.80, 5.022, 256.58, 31.85, 0.010, 346.60, 28.45);
insert into SHOT values (1762, 1770, 1771, 1231, 0.660, 156.57, 4.10, 0.669, 156.12, 4.29, 0.011, 126.12, 15.48);
insert into SHOT values (1763, 1770, 1772, 1231, 1.070, 94.17, -70.20, 1.073, 94.76, -70.32, 0.005, 202.14, -39.46);
insert into SHOT values (1764, 1770, 1773, 1231, 1.540, 195.37, 78.80, 1.540, 195.42, 78.73, 0.002, 205.05, -21.13);
insert into SHOT values (1765, 1770, 1774, 1231, 4.110, 237.57, 56.40, 4.107, 237.57, 56.37, 0.003, 242.82, -83.43);
insert into SHOT values (1766, 1774, 1775, 1231, 1.420, 239.37, -73.10, 1.420, 239.04, -73.29, 0.005, 86.27, -14.29);
insert into SHOT values (1767, 1774, 1776, 1231, 0.280, 12.27, 2.40, 0.277, 12.53, 2.07, 0.004, 170.50, -26.81);
insert into SHOT values (1768, 1774, 1777, 1231, 0.360, 185.17, -43.20, 0.369, 184.24, -42.72, 0.010, 157.19, -20.82);
insert into SHOT values (1769, 1774, 1778, 1231, 4.940, 261.77, 27.90, 4.939, 261.70, 27.88, 0.005, 170.48, -17.95);
insert into SHOT values (1770, 1778, 1779, 1231, 0.690, 359.67, 1.70, 0.690, 0.00, 1.66, 0.004, 85.51, -6.65);
insert into SHOT values (1771, 1778, 1780, 1231, 1.110, 34.17, -70.90, 1.112, 34.99, -70.77, 0.006, 94.98, -10.38);
insert into SHOT values (1772, 1778, 1781, 1231, 1.070, 273.27, 81.90, 1.071, 273.81, 81.93, 0.002, 20.23, 24.19);
insert into SHOT values (1773, 1778, 1782, 1231, 3.990, 263.67, 45.40, 3.986, 263.64, 45.43, 0.005, 101.87, -12.10);
insert into SHOT values (1774, 1782, 1783, 1231, 1.090, 169.57, 4.40, 1.092, 169.41, 4.73, 0.007, 110.32, 61.92);
insert into SHOT values (1775, 1782, 1784, 1231, 1.530, 208.97, -59.90, 1.526, 208.91, -59.89, 0.004, 50.57, 60.51);
insert into SHOT values (1776, 1782, 1785, 1231, 1.050, 152.37, 71.30, 1.055, 153.43, 71.46, 0.008, 254.04, 40.37);
insert into SHOT values (1777, 1782, 1786, 1231, 2.510, 236.37, 27.70, 2.511, 236.38, 27.77, 0.003, 19.20, 73.59);
insert into SHOT values (1778, 1786, 1787, 1231, 0.440, 118.67, -11.70, 0.443, 118.93, -11.71, 0.004, 149.47, -11.37);
insert into SHOT values (1779, 1786, 1788, 1231, 0.660, 147.47, -62.10, 0.655, 148.39, -62.24, 0.007, 273.49, 28.31);
insert into SHOT values (1780, 1786, 1789, 1231, 1.290, 208.07, -29.80, 1.293, 208.16, -29.68, 0.004, 236.16, 15.35);
insert into SHOT values (1781, 1786, 1790, 1231, 0.220, 96.97, 43.00, 0.220, 97.13, 42.93, 0.001, 149.10, -4.01);
insert into SHOT values (1782, 1786, 1791, 1231, 0.370, 231.57, 61.50, 0.375, 231.84, 61.65, 0.005, 261.44, 70.39);
insert into SHOT values (1783, 1786, 1792, 1231, 0.390, 257.17, 25.00, 0.397, 257.12, 25.34, 0.008, 254.49, 42.90);
insert into SHOT values (1784, 1789, 1793, 1231, 3.630, 208.47, -11.00, 3.628, 208.51, -10.96, 0.004, 327.82, 41.91);
insert into SHOT values (1785, 1789, 1794, 1231, 0.290, 307.17, -2.70, 0.292, 308.05, -1.96, 0.006, 9.54, 35.86);
insert into SHOT values (1786, 1789, 1795, 1231, 0.450, 114.67, -0.60, 0.452, 114.86, -1.27, 0.006, 153.86, -65.05);
insert into SHOT values (1787, 1793, 1796, 1231, 1.450, 307.37, 82.30, 1.443, 308.66, 82.35, 0.008, 64.64, -54.84);
insert into SHOT values (1788, 1796, 1797, 1231, 1.630, 293.07, 10.00, 1.634, 293.06, 10.22, 0.008, 289.00, 64.74);
insert into SHOT values (1789, 1797, 1798, 1231, 0.380, 13.67, 2.00, 0.381, 13.67, 1.50, 0.003, 15.44, -72.62);
insert into SHOT values (1790, 1797, 1799, 1231, 0.430, 171.57, -2.90, 0.435, 172.06, -2.64, 0.006, 209.87, 16.33);
insert into SHOT values (1791, 1797, 1800, 1231, 1.340, 5.27, 81.20, 1.335, 5.71, 81.34, 0.006, 164.04, -44.49);
insert into SHOT values (1792, 1797, 1801, 1231, 0.870, 10.67, -81.40, 0.869, 14.04, -81.82, 0.010, 142.97, 1.27);
insert into SHOT values (1793, 1797, 1802, 1231, 1.890, 120.17, 48.50, 1.885, 120.26, 48.43, 0.006, 256.20, -62.92);
insert into SHOT values (1794, 1802, 1803, 1231, 0.550, 6.47, 9.20, 0.552, 7.39, 9.39, 0.009, 86.58, 13.11);
insert into SHOT values (1795, 1802, 1804, 1231, 0.240, 258.27, 18.60, 0.239, 257.20, 19.52, 0.006, 144.08, 36.74);
insert into SHOT values (1796, 1802, 1805, 1231, 0.540, 315.97, 71.30, 0.537, 315.00, 71.59, 0.005, 175.66, -18.43);
insert into SHOT values (1797, 1802, 1806, 1231, 2.110, 290.27, -75.90, 2.103, 290.56, -75.89, 0.007, 48.56, 65.42);
insert into SHOT values (1798, 1802, 1807, 1231, 1.480, 164.07, 27.80, 1.481, 164.05, 27.77, 0.001, 151.63, -11.24);
insert into SHOT values (1799, 1807, 1808, 1231, 0.750, 73.37, -7.90, 0.757, 73.74, -7.59, 0.009, 107.89, 19.68);
insert into SHOT values (1800, 1807, 1809, 1231, 0.950, 42.27, 70.60, 0.955, 43.73, 70.52, 0.009, 114.37, 24.80);
insert into SHOT values (1801, 1807, 1810, 1231, 0.420, 273.07, 4.90, 0.412, 272.79, 5.57, 0.009, 106.88, 26.65);
insert into SHOT values (1802, 1807, 1811, 1231, 1.020, 355.47, 1.00, 1.023, 355.52, 1.12, 0.004, 10.32, 32.88);
insert into SHOT values (1803, 1807, 1812, 1231, 1.420, 10.07, 37.40, 1.424, 10.21, 37.65, 0.008, 103.98, 68.87);
insert into SHOT values (1804, 1812, 1813, 1231, 0.490, 186.07, -2.10, 0.493, 185.83, -2.33, 0.004, 150.32, -30.04);
insert into SHOT values (1805, 1812, 1814, 1231, 0.500, 244.97, -58.20, 0.505, 245.38, -58.45, 0.005, 319.49, -68.81);
insert into SHOT values (1806, 1812, 1815, 1231, 0.480, 200.47, 38.00, 0.473, 200.38, 37.84, 0.007, 27.33, -48.29);
insert into SHOT values (1807, 1812, 1816, 1231, 0.680, 282.27, -11.00, 0.677, 282.15, -11.06, 0.003, 128.73, -4.91);
insert into SHOT values (1808, 1816, 1817, 1231, 0.590, 246.37, 65.60, 0.582, 245.56, 65.49, 0.008, 124.87, -61.23);
insert into SHOT values (1809, 1816, 1818, 1231, 0.440, 201.97, 4.90, 0.445, 202.52, 3.87, 0.010, 240.27, -47.60);
insert into SHOT values (1810, 1816, 1819, 1231, 0.330, 2.87, 19.50, 0.329, 1.85, 19.53, 0.006, 263.00, -1.60);
insert into SHOT values (1811, 1816, 1820, 1231, 2.000, 318.17, 22.00, 1.997, 318.06, 21.75, 0.010, 242.49, -68.63);
insert into SHOT values (1812, 1816, 1821, 1231, 1.530, 317.97, 21.80, 1.530, 318.13, 21.48, 0.010, 13.57, -58.63);
insert into SHOT values (1813, 1821, 1822, 1231, 0.690, 173.77, 15.60, 0.690, 173.95, 15.97, 0.005, 286.82, 63.09);
insert into SHOT values (1814, 1821, 1823, 1231, 0.770, 206.47, 68.70, 0.773, 207.47, 68.63, 0.006, 274.16, 25.87);
insert into SHOT values (1815, 1821, 1824, 1231, 1.110, 344.87, 18.80, 1.108, 344.51, 18.96, 0.008, 232.59, 17.74);
insert into SHOT values (1816, 1821, 1825, 1231, 0.720, 172.17, -77.40, 0.718, 172.87, -77.03, 0.005, 197.72, 29.92);
insert into SHOT values (1817, 1821, 1826, 1231, 2.320, 218.57, 35.70, 2.331, 218.57, 35.70, 0.011, 218.29, 35.11);
insert into SHOT values (1818, 1826, 1827, 1231, 0.480, 25.27, -11.70, 0.485, 24.94, -11.91, 0.006, 352.83, -28.13);
insert into SHOT values (1819, 1826, 1828, 1231, 0.820, 8.37, -82.20, 0.828, 10.30, -82.24, 0.008, 91.54, -63.34);
insert into SHOT values (1820, 1826, 1829, 1231, 0.480, 330.57, 81.70, 0.475, 333.43, 81.88, 0.006, 94.90, -50.73);
insert into SHOT values (1821, 1826, 1830, 1231, 1.900, 300.67, 29.20, 1.893, 300.90, 29.07, 0.010, 58.35, -41.79);
insert into SHOT values (1822, 1830, 1831, 1231, 0.420, 163.17, -1.70, 0.418, 163.30, -1.37, 0.003, 319.24, 45.57);
insert into SHOT values (1823, 1830, 1832, 1231, 0.960, 250.87, -78.80, 0.959, 251.57, -78.59, 0.004, 286.24, 23.26);
insert into SHOT values (1824, 1830, 1833, 1231, 0.280, 258.97, 34.90, 0.283, 260.13, 34.43, 0.006, 310.63, -1.90);
insert into SHOT values (1825, 1830, 1834, 1231, 3.010, 225.37, 22.00, 3.013, 225.44, 22.03, 0.005, 280.53, 30.86);
insert into SHOT values (1826, 1830, 1835, 1231, 3.470, 225.77, 22.00, 3.477, 225.75, 21.96, 0.007, 220.21, 0.89);
insert into SHOT values (1827, 1835, 1836, 1231, 0.730, 130.77, 6.80, 0.729, 130.52, 7.09, 0.005, 16.83, 45.78);
insert into SHOT values (1828, 1835, 1837, 1231, 0.630, 127.07, -53.10, 0.623, 126.25, -53.35, 0.009, 347.10, 24.86);
insert into SHOT values (1829, 1835, 1838, 1231, 0.430, 129.37, 71.30, 0.432, 126.03, 71.65, 0.009, 24.66, 18.24);
insert into SHOT values (1830, 1835, 1839, 1231, 1.110, 159.57, 28.90, 1.111, 159.51, 29.07, 0.004, 49.95, 74.83);
insert into SHOT values (1831, 1835, 1840, 1231, 0.800, 188.37, -8.50, 0.795, 188.03, -7.95, 0.010, 61.42, 54.71);
insert into SHOT values (1832, 1835, 1841, 1231, 1.060, 183.47, 49.10, 1.065, 183.32, 49.53, 0.009, 35.49, 68.95);
insert into SHOT values (1833, 1835, 1842, 1231, 1.060, 219.57, 26.70, 1.060, 219.42, 26.93, 0.005, 89.86, 49.33);
insert into SHOT values (1834, 1842, 1843, 1231, 2.390, 276.77, 27.10, 2.389, 277.02, 27.14, 0.010, 16.66, 7.31);
insert into SHOT values (1835, 1843, 1844, 1231, 0.540, 141.97, -2.80, 0.543, 142.50, -3.17, 0.007, 204.03, -32.58);
insert into SHOT values (1836, 1843, 1845, 1231, 0.990, 14.47, -80.90, 0.992, 11.31, -81.13, 0.010, 259.97, -14.88);
insert into SHOT values (1837, 1843, 1846, 1231, 0.410, 98.87, 85.10, 0.411, 108.43, 85.59, 0.007, 225.00, 12.96);
insert into SHOT values (1838, 1843, 1847, 1231, 0.940, 220.17, -9.80, 0.943, 220.20, -9.77, 0.003, 229.59, -0.05);
insert into SHOT values (1839, 1843, 1848, 1231, 1.500, 168.07, 25.10, 1.502, 168.11, 25.21, 0.004, 221.06, 70.23);
insert into SHOT values (1840, 1848, 1849, 1231, 0.340, 306.37, 10.50, 0.336, 305.13, 10.30, 0.008, 185.57, -13.34);
insert into SHOT values (1841, 1848, 1850, 1231, 0.580, 333.97, -78.20, 0.582, 329.04, -78.44, 0.011, 230.39, -12.35);
insert into SHOT values (1842, 1848, 1851, 1231, 0.570, 275.27, 66.50, 0.569, 274.97, 66.06, 0.005, 256.78, -35.83);
insert into SHOT values (1843, 1848, 1852, 1231, 3.370, 75.57, 2.90, 3.371, 75.55, 2.89, 0.001, 26.60, -22.30);
insert into SHOT values (1844, 1852, 1853, 1231, 0.360, 187.47, -11.70, 0.362, 188.13, -12.75, 0.008, 263.62, -58.92);
insert into SHOT values (1845, 1852, 1854, 1231, 0.950, 160.77, -87.90, 0.951, 165.96, -87.51, 0.007, 191.63, -5.01);
insert into SHOT values (1846, 1852, 1855, 1231, 0.360, 340.27, -14.90, 0.356, 339.44, -16.31, 0.011, 198.76, -43.31);
insert into SHOT values (1847, 1852, 1856, 1231, 1.010, 297.37, -61.30, 1.017, 296.57, -61.07, 0.011, 252.28, -22.79);
insert into SHOT values (1848, 1856, 1857, 1231, 0.320, 215.47, 22.60, 0.318, 215.31, 22.20, 0.003, 66.61, -62.60);
insert into SHOT values (1849, 1856, 1858, 1231, 0.370, 26.27, 13.90, 0.369, 26.57, 14.12, 0.003, 153.16, 25.58);
insert into SHOT values (1850, 1856, 1859, 1231, 0.670, 265.57, 78.20, 0.673, 265.60, 78.83, 0.008, 84.88, 32.10);
insert into SHOT values (1851, 1856, 1860, 1231, 2.300, 312.67, 22.60, 2.298, 312.71, 22.51, 0.004, 55.70, -67.22);
insert into SHOT values (1852, 1860, 1861, 1231, 0.990, 111.47, 1.90, 0.989, 111.37, 2.32, 0.008, 338.70, 72.57);
insert into SHOT values (1853, 1860, 1862, 1231, 0.680, 102.97, -74.60, 0.676, 102.53, -74.16, 0.007, 82.66, 53.99);
insert into SHOT values (1854, 1860, 1863, 1231, 0.490, 334.87, 66.20, 0.491, 336.04, 66.36, 0.004, 76.12, 22.14);
insert into SHOT values (1855, 1860, 1864, 1231, 1.190, 357.57, 46.00, 1.189, 357.90, 46.34, 0.009, 139.16, 27.08);
insert into SHOT values (1856, 1864, 1865, 1231, 1.120, 67.37, -55.40, 1.121, 67.04, -55.14, 0.006, 29.70, 17.56);
insert into SHOT values (1857, 1865, 1866, 1231, 1.960, 118.07, -12.20, 1.960, 118.04, -12.37, 0.006, 341.62, -76.25);
insert into SHOT values (1858, 1866, 1867, 1231, 0.550, 328.07, -12.10, 0.547, 327.20, -11.61, 0.010, 220.95, 32.00);
insert into SHOT values (1859, 1866, 1868, 1231, 0.470, 242.47, -17.70, 0.473, 242.30, -17.22, 0.005, 224.43, 34.40);
insert into SHOT values (1860, 1866, 1869, 1231, 0.890, 253.57, 58.80, 0.901, 253.89, 58.69, 0.012, 273.16, 48.20);
insert into SHOT values (1861, 1866, 1870, 1231, 3.660, 155.47, -82.20, 3.655, 156.50, -82.11, 0.012, 217.57, 30.91);
insert into SHOT values (1862, 1870, 1871, 1231, 0.710, 126.57, -6.60, 0.713, 126.38, -6.45, 0.004, 87.02, 24.41);
insert into SHOT values (1863, 1870, 1872, 1231, 0.470, 50.77, -13.10, 0.475, 51.15, -13.38, 0.006, 85.05, -32.54);
insert into SHOT values (1864, 1870, 1873, 1231, 0.610, 105.07, -10.20, 0.609, 104.50, -10.40, 0.006, 2.63, -18.07);
insert into SHOT values (1865, 1870, 1874, 1231, 1.270, 14.47, -51.50, 1.278, 14.56, -51.50, 0.008, 29.18, -49.92);
insert into SHOT values (1866, 1874, 1875, 1231, 0.610, 277.27, -2.00, 0.616, 277.47, -1.86, 0.006, 298.76, 12.10);
insert into SHOT values (1867, 1874, 1876, 1231, 0.500, 178.07, -20.10, 0.500, 177.56, -19.87, 0.005, 99.83, 23.44);
insert into SHOT values (1868, 1874, 1877, 1231, 2.510, 239.27, -1.90, 2.512, 239.35, -1.82, 0.005, 298.56, 37.35);
insert into SHOT values (1869, 1877, 1878, 1231, 0.610, 326.87, 17.80, 0.602, 327.14, 18.39, 0.010, 130.46, 19.78);
insert into SHOT values (1870, 1877, 1879, 1231, 0.490, 126.37, 35.30, 0.495, 126.03, 34.46, 0.009, 109.82, -20.38);
insert into SHOT values (1871, 1877, 1880, 1231, 0.970, 282.07, 76.30, 0.967, 282.80, 76.50, 0.006, 67.02, -25.41);
insert into SHOT values (1872, 1877, 1881, 1231, 2.580, 256.27, 33.70, 2.575, 256.22, 33.73, 0.005, 94.77, -16.39);
insert into SHOT values (1873, 1881, 1882, 1231, 0.340, 144.87, 13.90, 0.340, 144.87, 13.62, 0.002, 142.55, -86.32);
insert into SHOT values (1874, 1881, 1883, 1231, 0.300, 325.27, 1.50, 0.302, 325.78, 1.89, 0.004, 13.79, 30.49);
insert into SHOT values (1875, 1881, 1884, 1231, 1.250, 17.37, 86.50, 1.252, 15.95, 86.67, 0.005, 224.44, 30.45);
insert into SHOT values (1876, 1881, 1885, 1231, 1.600, 92.77, -78.70, 1.600, 93.69, -78.81, 0.006, 212.89, -9.95);
insert into SHOT values (1877, 1881, 1886, 1231, 1.810, 243.17, 66.50, 1.813, 243.08, 66.29, 0.007, 234.85, 0.95);
insert into SHOT values (1878, 1886, 1887, 1231, 0.440, 35.77, -6.10, 0.446, 35.84, -5.15, 0.009, 40.57, 45.73);
insert into SHOT values (1879, 1886, 1888, 1231, 0.710, 349.67, -71.60, 0.706, 349.70, -71.54, 0.004, 157.19, 82.06);
insert into SHOT values (1880, 1886, 1889, 1231, 0.210, 0.17, 50.20, 0.213, 0.00, 48.81, 0.006, 355.99, -13.47);
insert into SHOT values (1881, 1886, 1890, 1231, 1.910, 295.77, 12.20, 1.910, 295.74, 12.40, 0.007, 140.94, 72.74);
insert into SHOT values (1882, 1890, 1891, 1231, 0.550, 136.87, 2.10, 0.552, 136.47, 2.08, 0.004, 75.38, -2.02);
insert into SHOT values (1883, 1890, 1892, 1231, 0.220, 294.17, -7.10, 0.221, 294.23, -7.79, 0.003, 307.30, -69.84);
insert into SHOT values (1884, 1890, 1893, 1231, 0.870, 178.77, -88.90, 0.870, 180.00, -89.34, 0.007, 356.93, -1.37);
insert into SHOT values (1885, 1890, 1894, 1231, 0.700, 199.87, 75.50, 0.691, 200.56, 75.69, 0.009, 354.81, -57.78);
insert into SHOT values (1886, 1890, 1895, 1231, 2.030, 199.87, 27.30, 2.023, 199.85, 27.37, 0.007, 24.78, -8.36);
insert into SHOT values (1887, 1895, 1896, 1231, 0.430, 317.77, 2.50, 0.432, 317.82, 2.65, 0.003, 327.02, 28.45);
insert into SHOT values (1888, 1895, 1897, 1231, 0.860, 230.67, 85.30, 0.853, 225.00, 85.24, 0.010, 139.83, -45.51);
insert into SHOT values (1889, 1895, 1898, 1231, 0.610, 274.57, -66.20, 0.614, 274.57, -65.87, 0.005, 274.96, -22.02);
insert into SHOT values (1890, 1895, 1899, 1231, 0.330, 117.87, 24.10, 0.331, 117.41, 23.14, 0.006, 77.76, -51.46);
insert into SHOT values (1891, 1895, 1900, 1231, 4.140, 238.57, 31.30, 4.143, 238.51, 31.26, 0.006, 197.89, -8.44);
insert into SHOT values (1892, 1900, 1901, 1231, 0.260, 153.67, -5.60, 0.261, 152.45, -6.60, 0.007, 69.92, -39.81);
insert into SHOT values (1893, 1900, 1902, 1231, 1.150, 315.47, -10.70, 1.153, 315.72, -11.00, 0.008, 29.14, -51.61);
insert into SHOT values (1894, 1900, 1903, 1231, 0.730, 315.37, -84.20, 0.734, 320.19, -83.89, 0.009, 13.70, -25.82);
insert into SHOT values (1895, 1900, 1904, 1231, 3.450, 288.37, 74.50, 3.444, 288.43, 74.56, 0.007, 95.81, -41.96);
insert into SHOT values (1896, 1900, 1905, 1231, 4.960, 325.37, 55.40, 4.959, 325.41, 55.37, 0.004, 15.00, -46.06);
insert into SHOT values (1897, 1905, 1906, 1231, 1.160, 182.57, 3.60, 1.163, 182.47, 3.45, 0.005, 151.90, -35.95);
insert into SHOT values (1898, 1905, 1907, 1231, 0.600, 77.77, 21.10, 0.604, 77.69, 21.35, 0.005, 64.74, 50.92);
insert into SHOT values (1899, 1905, 1908, 1231, 1.110, 147.57, 3.30, 1.108, 147.17, 3.10, 0.009, 46.93, -26.64);
insert into SHOT values (1900, 1905, 1909, 1231, 4.361, 258.07, 72.70, 4.358, 258.00, 72.67, 0.004, 212.52, -59.51);
insert into SHOT values (1901, 1909, 1910, 1231, 3.990, 247.17, 19.10, 3.986, 247.18, 19.19, 0.007, 57.66, 37.25);
insert into SHOT values (1902, 1909, 1911, 1231, 1.220, 311.97, 22.60, 1.226, 312.14, 22.53, 0.007, 339.59, 9.03);
insert into SHOT values (1903, 1909, 1912, 1231, 1.960, 7.57, 6.00, 1.959, 7.67, 6.15, 0.007, 124.55, 51.77);
insert into SHOT values (1904, 1909, 1913, 1231, 0.880, 181.87, -0.60, 0.881, 181.95, -0.65, 0.002, 248.95, -28.69);
insert into SHOT values (1905, 1909, 1914, 1231, 4.360, 112.17, -72.30, 4.357, 112.12, -72.26, 0.004, 86.56, 56.42);
insert into SHOT values (1906, 1909, 1915, 1231, 4.970, 245.77, 46.30, 4.974, 245.75, 46.36, 0.007, 119.37, 79.45);
insert into SHOT values (1907, 1915, 1916, 1231, 1.440, 147.87, 35.10, 1.437, 147.53, 35.27, 0.009, 23.68, 13.40);
insert into SHOT values (1908, 1916, 1917, 1231, 1.770, 229.27, -14.50, 1.774, 229.25, -14.69, 0.007, 219.87, -71.12);
insert into SHOT values (1909, 1916, 1918, 1231, 0.620, 277.77, -1.00, 0.625, 277.35, -1.83, 0.011, 236.87, -53.06);
insert into SHOT values (1910, 1916, 1919, 1231, 0.730, 222.87, -69.30, 0.738, 223.45, -69.23, 0.008, 258.90, -57.47);
insert into SHOT values (1911, 1916, 1920, 1231, 0.310, 276.37, 58.20, 0.305, 273.58, 58.34, 0.009, 163.86, -22.31);
insert into SHOT values (1912, 1916, 1921, 1231, 0.790, 305.07, 14.60, 0.786, 304.32, 13.99, 0.014, 204.88, -41.95);
insert into SHOT values (1913, 1916, 1922, 1231, 1.730, 231.27, 65.00, 1.723, 231.10, 64.85, 0.008, 172.60, -72.10);
insert into SHOT values (1914, 1916, 1923, 1231, 0.600, 113.17, 0.40, 0.600, 113.57, 0.00, 0.006, 202.06, -44.41);
insert into SCRAPS values (1233, 1227, 'SP-siphon-1', 1, 10.04769, 0.08378);
 insert into SCRAPS values (1260, 1227, 'SP-siphon-CS1', 3, 0.00000, 0.00000);
 insert into SCRAPS values (1263, 1227, 'SP-siphon-2', 1, 2.28118, 0.19081);
 insert into SCRAPS values (1271, 1227, 'SP-siphon-3', 1, 1.75455, 0.14219);
 insert into SCRAPS values (1287, 1227, 'SP-siphon-4', 1, 2.48042, 0.33430);
 insert into SCRAPS values (1299, 1227, 'SP-siphon-5', 1, 26.02901, 0.34497);
 insert into SCRAPS values (1320, 1227, 'SC-siphon-elev-1', 2, 56.57775, 2.06728);
 insert into SCRAPS values (1345, 1227, 'SC-siphon-elev-3', 2, 37.01723, 1.56102);
 insert into SCRAPS values (1385, 1227, 'SC-siphon-elev-2', 2, 11.48551, 2.24734);
 insert into MAPS values (1393, 1227, 'MP-siphon-plan-tot', 'siphon', 1, 126.921, -51.350);
 insert into MAPITEMS values (1393, 4, 1287);
 insert into MAPITEMS values (1393, 4, 1271);
 insert into MAPITEMS values (1393, 4, 1263);
 insert into MAPITEMS values (1393, 4, 1233);
 insert into MAPITEMS values (1393, 4, 1299);
 insert into MAPS values (1394, 1227, 'MC-siphon-coupe-elev-tot', 'Spel-bivy', 2, 126.921, -51.350);
 insert into MAPITEMS values (1394, 4, 1320);
 insert into MAPITEMS values (1394, 4, 1385);
 insert into MAPITEMS values (1394, 4, 1345);
 insert into SURVEY values (1396, 327, 'chienlit-speleoloques', 'chienlit-speleoloques.Kriska.Ded.Ded', 'chienlit-speleoloques');
 insert into CENTRELINE values (1397, 1396, NULL, NULL, NULL, 0.00, 0.00, 0.00);
 insert into SURVEY values (1398, 1396, 'chienlit-speleoloques', 'chienlit-speleoloques.chienlit-speleoloques.Kriska.Ded.Ded', 'chienlit-speleoloques');
 insert into CENTRELINE values (1399, 1398, NULL, NULL, NULL, 0.00, 0.00, 0.00);
 insert into CENTRELINE values (1400, 1398, NULL, '2022-01-22', NULL, 0.00, 0.00, 187.57);
 insert into PERSON values (31, NULL, 'Laura');
insert into TOPO values (31, 1400);
 insert into TOPO values (2, 1400);
 insert into SHOT values (1915, 1924, 1925, 1400, 2.290, 128.99, 0.30, 2.290, 128.97, 0.25, 0.002, 9.63, -66.36);
insert into SHOT_FLAG values(1915, 'dpl');
insert into SHOT values (1916, 1924, 1926, 1400, 1.150, 46.49, -5.00, 1.150, 46.41, -4.99, 0.002, 325.24, 8.36);
insert into SHOT_FLAG values(1916, 'dpl');
insert into SHOT values (1917, 1924, 1927, 1400, 1.300, 222.09, 6.20, 1.303, 222.18, 6.17, 0.004, 255.63, -5.99);
insert into SHOT_FLAG values(1917, 'dpl');
insert into SHOT values (1918, 1924, 1928, 1400, 6.080, 344.99, -7.60, 6.078, 345.00, -7.56, 0.004, 146.66, 73.68);
insert into SHOT_FLAG values(1918, 'dpl');
insert into SHOT values (1919, 1924, 1929, 1400, 5.250, 14.59, -7.90, 5.247, 14.60, -7.89, 0.003, 181.30, 32.86);
insert into SHOT_FLAG values(1919, 'dpl');
insert into SHOT values (1920, 1924, 1930, 1400, 4.120, 316.59, -14.70, 4.119, 316.53, -14.77, 0.007, 195.64, -40.48);
insert into SHOT_FLAG values(1920, 'dpl');
insert into SHOT values (1921, 1924, 1931, 1400, 2.050, 27.09, -80.20, 2.050, 27.30, -80.20, 0.001, 120.55, 3.88);
insert into SHOT_FLAG values(1921, 'dpl');
insert into SHOT values (1922, 1924, 1932, 1400, 14.050, 10.29, 68.80, 14.051, 10.20, 68.80, 0.008, 276.77, 6.24);
insert into SHOT_FLAG values(1922, 'dpl');
insert into SHOT values (1923, 1932, 1933, 1400, 4.440, 253.59, -1.00, 4.434, 253.49, -1.03, 0.011, 124.98, -13.58);
insert into SHOT_FLAG values(1923, 'dpl');
insert into SHOT values (1924, 1932, 1934, 1400, 3.440, 307.59, -5.20, 3.436, 307.64, -5.18, 0.005, 88.21, 21.23);
insert into SHOT_FLAG values(1924, 'dpl');
insert into SHOT values (1925, 1932, 1935, 1400, 2.030, 331.89, -0.80, 2.027, 332.04, -0.85, 0.007, 93.62, -14.64);
insert into SHOT_FLAG values(1925, 'dpl');
insert into SHOT values (1926, 1932, 1936, 1400, 1.570, 147.29, 1.10, 1.579, 147.42, 1.09, 0.009, 169.03, -0.86);
insert into SHOT_FLAG values(1926, 'dpl');
insert into SHOT values (1927, 1932, 1937, 1400, 4.330, 213.59, 1.10, 4.330, 213.51, 1.06, 0.007, 125.83, -25.95);
insert into SHOT_FLAG values(1927, 'dpl');
insert into SHOT values (1928, 1932, 1938, 1400, 9.720, 80.09, 85.30, 9.723, 80.66, 85.28, 0.009, 142.35, 16.78);
insert into SHOT_FLAG values(1928, 'dpl');
insert into SHOT values (1929, 1938, 1939, 1400, 4.080, 248.69, -5.50, 4.084, 248.80, -5.48, 0.009, 312.12, 6.92);
insert into SHOT_FLAG values(1929, 'dpl');
insert into SHOT values (1930, 1938, 1940, 1400, 3.860, 277.29, -5.20, 3.857, 277.33, -5.21, 0.004, 55.04, -2.45);
insert into SHOT_FLAG values(1930, 'dpl');
insert into SHOT values (1931, 1938, 1941, 1400, 3.070, 333.79, -8.30, 3.074, 333.86, -8.42, 0.008, 20.06, -55.13);
insert into SHOT_FLAG values(1931, 'dpl');
insert into SHOT values (1932, 1938, 1942, 1400, 3.880, 35.89, -4.30, 3.885, 35.86, -4.28, 0.006, 17.47, 8.96);
insert into SHOT_FLAG values(1932, 'dpl');
insert into SHOT values (1933, 1938, 1943, 1400, 2.860, 306.09, -6.60, 2.867, 306.15, -6.61, 0.008, 326.67, -9.47);
insert into SHOT_FLAG values(1933, 'dpl');
insert into SHOT values (1934, 1938, 1944, 1400, 1.080, 51.59, 34.20, 1.079, 51.34, 33.80, 0.009, 0.57, -54.34);
insert into SHOT_FLAG values(1934, 'dpl');
insert into SHOT values (1935, 1944, 1945, 1400, 16.690, 319.69, 85.20, 16.689, 319.35, 85.20, 0.008, 232.65, -10.09);
insert into SHOT_FLAG values(1935, 'dpl');
insert into SHOT values (1936, 1945, 1946, 1400, 0.300, 92.69, -3.00, 0.300, 91.91, -1.91, 0.007, 10.33, 54.04);
insert into SHOT_FLAG values(1936, 'dpl');
insert into SHOT values (1937, 1945, 1947, 1400, 3.870, 39.29, -2.60, 3.869, 39.33, -2.52, 0.006, 138.86, 63.97);
insert into SHOT_FLAG values(1937, 'dpl');
insert into SHOT values (1938, 1945, 1948, 1400, 3.680, 299.19, -2.30, 3.683, 299.28, -2.18, 0.010, 0.28, 49.34);
insert into SHOT_FLAG values(1938, 'dpl');
insert into SHOT values (1939, 1945, 1949, 1400, 2.370, 351.59, -7.40, 2.374, 351.70, -7.26, 0.008, 36.33, 40.19);
insert into SHOT_FLAG values(1939, 'dpl');
insert into SHOT values (1940, 1945, 1950, 1400, 1.900, 90.59, 70.00, 1.904, 90.00, 70.04, 0.008, 1.68, 34.33);
insert into SHOT_FLAG values(1940, 'dpl');
insert into SHOT values (1941, 1950, 1951, 1400, 1.770, 339.29, 81.30, 1.770, 340.20, 81.37, 0.005, 95.30, 4.46);
insert into SHOT_FLAG values(1941, 'dpl');
insert into SHOT values (1942, 1951, 1952, 1400, 1.560, 156.29, -5.60, 1.566, 156.56, -5.50, 0.010, 206.67, 13.23);
insert into SHOT_FLAG values(1942, 'dpl');
insert into SHOT values (1943, 1951, 1953, 1400, 2.650, 110.29, -4.20, 2.652, 110.35, -4.11, 0.005, 161.87, 48.28);
insert into SHOT_FLAG values(1943, 'dpl');
insert into SHOT values (1944, 1951, 1954, 1400, 1.350, 61.99, 0.70, 1.347, 62.10, 0.85, 0.006, 204.63, 39.14);
insert into SHOT_FLAG values(1944, 'dpl');
insert into SHOT values (1945, 1951, 1955, 1400, 2.330, 197.49, 63.30, 2.329, 197.22, 63.28, 0.005, 107.76, -17.62);
insert into SHOT_FLAG values(1945, 'dpl');
insert into SHOT values (1946, 1955, 1956, 1400, 3.140, 278.29, 86.80, 3.145, 276.34, 86.70, 0.010, 231.16, 30.20);
insert into SHOT_FLAG values(1946, 'dpl');
insert into SHOT values (1947, 1955, 1957, 1400, 2.160, 75.39, -0.40, 2.159, 75.51, -0.27, 0.007, 181.44, 46.81);
insert into SHOT_FLAG values(1947, 'dpl');
insert into SHOT values (1948, 1955, 1958, 1400, 1.210, 18.79, -6.20, 1.209, 18.43, -6.17, 0.008, 279.07, 5.12);
insert into SHOT_FLAG values(1948, 'dpl');
insert into SHOT values (1949, 1955, 1959, 1400, 1.700, 320.19, 36.00, 1.701, 319.71, 36.00, 0.012, 235.52, 3.81);
insert into SHOT_FLAG values(1949, 'dpl');
insert into SHOT values (1950, 1955, 1960, 1400, 0.880, 321.09, 36.20, 0.881, 320.71, 36.19, 0.005, 237.05, 3.22);
insert into SHOT_FLAG values(1950, 'dpl');
insert into SHOT values (1951, 1955, 1961, 1400, 1.680, 320.99, 36.30, 1.686, 320.68, 36.38, 0.010, 254.89, 33.95);
insert into SHOT_FLAG values(1951, 'dpl');
insert into SHOT values (1952, 1955, 1962, 1400, 0.500, 23.59, -16.30, 0.499, 23.36, -16.28, 0.002, 275.72, 9.13);
insert into SHOT_FLAG values(1952, 'dpl');
insert into SHOT values (1953, 1955, 1963, 1400, 1.850, 125.99, -82.00, 1.847, 126.87, -82.22, 0.009, 278.92, 13.33);
insert into SHOT_FLAG values(1953, 'dpl');
insert into SHOT values (1954, 1955, 1964, 1400, 4.770, 293.39, -57.50, 4.772, 293.37, -57.40, 0.009, 287.90, 20.16);
insert into SHOT_FLAG values(1954, 'dpl');
insert into SHOT values (1955, 1955, 1965, 1400, 2.570, 309.49, -33.80, 2.572, 309.50, -33.77, 0.003, 313.83, -6.96);
insert into SHOT_FLAG values(1955, 'dpl');
insert into SHOT values (1956, 1965, 1966, 1400, 0.840, 180.59, -4.60, 0.843, 180.68, -4.76, 0.004, 206.26, -40.65);
insert into SHOT_FLAG values(1956, 'dpl');
insert into SHOT values (1957, 1965, 1967, 1400, 3.240, 149.99, -77.70, 3.234, 150.46, -77.69, 0.008, 246.09, 44.70);
insert into SHOT_FLAG values(1957, 'dpl');
insert into SHOT values (1958, 1965, 1968, 1400, 1.150, 242.89, 76.90, 1.150, 242.45, 76.96, 0.002, 121.36, -1.76);
insert into SHOT_FLAG values(1958, 'dpl');
insert into SHOT values (1959, 1965, 1969, 1400, 2.520, 248.79, 10.30, 2.520, 248.71, 10.29, 0.003, 154.38, -9.76);
insert into SHOT_FLAG values(1959, 'dpl');
insert into SHOT values (1960, 1969, 1970, 1400, 1.290, 181.39, -73.10, 1.287, 181.51, -72.83, 0.007, 189.93, 39.62);
insert into SHOT_FLAG values(1960, 'dpl');
insert into SHOT values (1961, 1969, 1971, 1400, 0.270, 156.99, -11.10, 0.274, 158.20, -10.52, 0.007, 210.15, 15.62);
insert into SHOT_FLAG values(1961, 'dpl');
insert into SHOT values (1962, 1969, 1972, 1400, 5.290, 260.69, 83.00, 5.290, 260.25, 82.95, 0.007, 213.60, -4.74);
insert into SHOT_FLAG values(1962, 'dpl');
insert into SHOT values (1963, 1969, 1973, 1400, 0.260, 330.79, -16.60, 0.265, 329.42, -15.32, 0.010, 286.66, 25.98);
insert into SHOT_FLAG values(1963, 'dpl');
insert into SHOT values (1964, 1969, 1974, 1400, 2.110, 252.49, 34.00, 2.112, 252.39, 33.96, 0.004, 205.36, 1.43);
insert into SHOT_FLAG values(1964, 'dpl');
insert into SHOT values (1965, 1974, 1975, 1400, 1.370, 326.39, 17.20, 1.374, 326.19, 17.36, 0.007, 270.39, 41.08);
insert into SHOT_FLAG values(1965, 'dpl');
insert into SHOT values (1966, 1974, 1976, 1400, 0.280, 164.79, 12.50, 0.276, 164.93, 12.56, 0.004, 335.68, -8.25);
insert into SHOT_FLAG values(1966, 'dpl');
insert into SHOT values (1967, 1974, 1977, 1400, 1.700, 275.79, 74.30, 1.704, 276.20, 74.24, 0.005, 326.97, 38.72);
insert into SHOT_FLAG values(1967, 'dpl');
insert into SHOT values (1968, 1974, 1978, 1400, 2.720, 305.19, 49.00, 2.727, 305.20, 49.06, 0.008, 313.54, 72.26);
insert into SHOT_FLAG values(1968, 'dpl');
insert into SHOT values (1969, 1978, 1979, 1400, 0.840, 183.19, -3.80, 0.844, 183.41, -4.08, 0.006, 226.69, -43.35);
insert into SHOT_FLAG values(1969, 'dpl');
insert into SHOT values (1970, 1978, 1980, 1400, 1.690, 246.99, -1.20, 1.694, 247.07, -1.35, 0.007, 275.04, -43.80);
insert into SHOT_FLAG values(1970, 'dpl');
insert into SHOT values (1971, 1978, 1981, 1400, 0.800, 118.39, -9.20, 0.794, 118.20, -9.43, 0.008, 319.36, -16.12);
insert into SHOT_FLAG values(1971, 'dpl');
insert into SHOT values (1972, 1978, 1982, 1400, 2.350, 235.89, -78.60, 2.357, 236.31, -78.53, 0.008, 274.98, -49.52);
insert into SHOT_FLAG values(1972, 'dpl');
insert into SHOT values (1973, 1978, 1983, 1400, 0.530, 326.69, 4.50, 0.528, 326.61, 4.34, 0.002, 174.51, -45.13);
insert into SHOT_FLAG values(1973, 'dpl');
insert into SHOT values (1974, 1978, 1984, 1400, 8.320, 255.29, 63.40, 8.310, 255.37, 63.40, 0.012, 29.14, -54.31);
insert into SHOT_FLAG values(1974, 'dpl');
insert into SHOT values (1975, 1984, 1985, 1400, 0.420, 196.99, 0.70, 0.430, 197.59, 1.33, 0.012, 221.01, 23.72);
insert into SHOT_FLAG values(1975, 'dpl');
insert into SHOT values (1976, 1984, 1986, 1400, 0.640, 355.09, 6.90, 0.638, 354.56, 7.20, 0.007, 241.70, 25.93);
insert into SHOT_FLAG values(1976, 'dpl');
insert into SHOT values (1977, 1984, 1987, 1400, 37.810, 338.49, -84.80, 37.805, 338.39, -84.81, 0.010, 203.70, 26.15);
insert into SHOT_FLAG values(1977, 'dpl');
insert into SHOT values (1978, 1984, 1988, 1400, 4.120, 268.09, 82.00, 4.121, 268.03, 81.90, 0.007, 262.56, 0.78);
insert into SHOT_FLAG values(1978, 'dpl');
insert into SHOT values (1979, 1984, 1989, 1400, 3.240, 86.79, -3.60, 3.231, 86.80, -3.55, 0.009, 263.42, 21.82);
insert into SHOT_FLAG values(1979, 'dpl');
insert into SHOT values (1980, 1984, 1990, 1400, 1.340, 51.99, -2.70, 1.334, 52.01, -2.58, 0.007, 227.66, 26.45);
insert into SHOT_FLAG values(1980, 'dpl');
insert into SHOT values (1981, 1984, 1991, 1400, 3.770, 292.59, -1.20, 3.767, 292.48, -1.06, 0.012, 180.33, 48.37);
insert into SHOT_FLAG values(1981, 'dpl');
insert into SHOT values (1982, 1984, 1992, 1400, 4.140, 291.19, 21.80, 4.143, 291.03, 21.82, 0.012, 212.22, 12.70);
insert into SHOT_FLAG values(1982, 'dpl');
insert into SHOT values (1983, 1984, 1993, 1400, 8.310, 279.49, 64.10, 8.314, 279.36, 64.12, 0.010, 179.12, 28.64);
insert into SHOT_FLAG values(1983, 'dpl');
insert into SHOT values (1984, 1993, 1994, 1400, 2.810, 350.59, -0.70, 2.818, 350.60, -0.61, 0.009, 355.18, 28.32);
insert into SHOT_FLAG values(1984, 'dpl');
insert into SHOT values (1985, 1993, 1995, 1400, 3.320, 14.39, -4.70, 3.324, 14.33, -4.66, 0.006, 334.36, 20.18);
insert into SHOT_FLAG values(1985, 'dpl');
insert into SHOT values (1986, 1993, 1996, 1400, 1.180, 46.09, -10.50, 1.180, 45.70, -10.74, 0.009, 312.30, -31.91);
insert into SHOT_FLAG values(1986, 'dpl');
insert into SHOT values (1987, 1993, 1997, 1400, 0.520, 140.19, -44.70, 0.518, 140.60, -45.60, 0.009, 300.66, -28.76);
insert into SHOT_FLAG values(1987, 'dpl');
insert into SHOT values (1988, 1993, 1998, 1400, 8.070, 74.89, -76.40, 8.066, 74.72, -76.40, 0.007, 339.62, 32.92);
insert into SHOT_FLAG values(1988, 'dpl');
insert into SHOT values (1989, 1993, 1999, 1400, 2.200, 234.89, 16.60, 2.203, 235.03, 16.62, 0.006, 295.79, 14.25);
insert into SHOT_FLAG values(1989, 'dpl');
insert into SHOT values (1990, 1993, 2000, 1400, 3.610, 234.89, 16.50, 3.618, 234.98, 16.54, 0.010, 274.83, 29.16);
insert into SHOT_FLAG values(1990, 'dpl');
insert into SHOT values (1991, 1993, 2001, 1400, 2.540, 160.39, -5.70, 2.536, 160.56, -5.66, 0.009, 276.05, 15.43);
insert into SHOT_FLAG values(1991, 'dpl');
insert into SHOT values (1992, 1993, 2002, 1400, 0.730, 355.89, 3.00, 0.734, 355.30, 3.13, 0.008, 290.30, 12.22);
insert into SHOT_FLAG values(1992, 'dpl');
insert into SHOT values (1993, 1993, 2003, 1400, 1.860, 90.89, -74.00, 1.861, 90.00, -74.10, 0.009, 341.79, -13.74);
insert into SHOT_FLAG values(1993, 'dpl');
insert into SHOT values (1994, 1993, 2004, 1400, 0.670, 122.49, 82.50, 0.665, 119.74, 83.04, 0.009, 331.66, -28.30);
insert into SHOT_FLAG values(1994, 'dpl');
insert into SHOT values (1995, 2000, 2005, 1400, 2.770, 216.39, 28.70, 2.765, 216.44, 28.75, 0.006, 14.68, -2.07);
insert into SHOT_FLAG values(1995, 'dpl');
insert into SHOT values (1996, 2000, 2006, 1400, 0.570, 177.99, 25.10, 0.564, 177.75, 25.18, 0.006, 18.05, -16.23);
insert into SHOT_FLAG values(1996, 'dpl');
insert into SHOT values (1997, 2000, 2007, 1400, 1.390, 342.59, 0.20, 1.392, 342.87, 0.00, 0.008, 57.91, -35.04);
insert into SHOT_FLAG values(1997, 'dpl');
insert into SHOT values (1998, 2000, 2008, 1400, 2.580, 71.49, 10.30, 2.584, 71.42, 10.26, 0.005, 34.45, -14.46);
insert into SHOT_FLAG values(1998, 'dpl');
insert into SHOT values (1999, 2000, 2009, 1400, 4.820, 235.99, -0.50, 4.812, 236.01, -0.60, 0.011, 42.99, -45.02);
insert into SHOT_FLAG values(1999, 'dpl');
insert into SHOT values (2000, 2000, 2010, 1400, 5.030, 256.09, 4.60, 5.022, 256.13, 4.57, 0.009, 52.69, -21.70);
insert into SHOT_FLAG values(2000, 'dpl');
insert into SHOT values (2001, 2000, 2011, 1400, 1.820, 290.49, 7.20, 1.820, 290.74, 6.94, 0.011, 10.01, -45.30);
insert into SHOT_FLAG values(2001, 'dpl');
insert into SHOT values (2002, 2000, 2012, 1400, 20.100, 31.99, 81.00, 20.098, 32.02, 80.99, 0.006, 52.34, -25.79);
insert into SHOT_FLAG values(2002, 'dpl');
insert into SHOT values (2003, 2005, 2013, 1400, 1.300, 250.29, -16.40, 1.297, 250.25, -16.58, 0.005, 82.01, -35.84);
insert into SHOT_FLAG values(2003, 'dpl');
insert into SHOT values (2004, 2005, 2014, 1400, 8.280, 227.99, -68.50, 8.284, 227.94, -68.54, 0.008, 79.53, -51.14);
insert into SHOT_FLAG values(2004, 'dpl');
insert into SHOT values (2005, 2005, 2015, 1400, 9.140, 185.99, -66.70, 9.146, 185.87, -66.69, 0.010, 121.21, -32.09);
insert into SHOT_FLAG values(2005, 'dpl');
insert into SHOT values (2006, 2005, 2016, 1400, 4.160, 4.39, 68.30, 4.154, 4.48, 68.32, 0.007, 148.52, -50.65);
insert into SHOT_FLAG values(2006, 'dpl');
insert into SHOT values (2007, 2016, 2017, 1400, 2.960, 235.79, -9.60, 2.956, 235.76, -9.54, 0.005, 77.17, 44.32);
insert into SHOT_FLAG values(2007, 'dpl');
insert into SHOT values (2008, 2016, 2018, 1400, 1.550, 176.79, -4.80, 1.548, 176.66, -4.82, 0.004, 58.89, -4.13);
insert into SHOT_FLAG values(2008, 'dpl');
insert into SHOT values (2009, 2016, 2019, 1400, 1.550, 110.39, 0.30, 1.547, 110.43, 0.37, 0.003, 271.27, 33.49);
insert into SHOT_FLAG values(2009, 'dpl');
insert into SHOT values (2010, 2016, 2020, 1400, 2.460, 82.79, -0.40, 2.460, 82.76, -0.47, 0.003, 339.44, -63.41);
insert into SHOT_FLAG values(2010, 'dpl');
insert into SHOT values (2011, 2016, 2021, 1400, 8.520, 31.99, 77.50, 8.522, 32.14, 77.51, 0.005, 142.90, 21.32);
insert into SHOT_FLAG values(2011, 'dpl');
insert into SHOT values (2012, 2021, 2022, 1400, 2.360, 227.29, -6.10, 2.363, 227.41, -6.07, 0.006, 286.27, 7.57);
insert into SHOT_FLAG values(2012, 'dpl');
insert into SHOT values (2013, 2021, 2023, 1400, 2.300, 178.69, -5.10, 2.300, 178.75, -5.24, 0.006, 277.31, -67.16);
insert into SHOT_FLAG values(2013, 'dpl');
insert into SHOT values (2014, 2021, 2024, 1400, 2.250, 153.79, 4.20, 2.246, 153.78, 4.08, 0.006, 342.64, -54.47);
insert into SHOT_FLAG values(2014, 'dpl');
insert into SHOT values (2015, 2021, 2025, 1400, 6.360, 269.49, 76.80, 6.358, 269.60, 76.82, 0.004, 37.96, -28.16);
insert into SHOT_FLAG values(2015, 'dpl');
insert into SHOT values (2016, 2025, 2026, 1400, 1.830, 82.49, 11.50, 1.824, 82.28, 11.70, 0.011, 305.71, 27.97);
insert into SHOT_FLAG values(2016, 'dpl');
insert into SHOT values (2017, 2025, 2027, 1400, 2.320, 130.89, -1.00, 2.318, 130.98, -0.99, 0.004, 247.12, 7.26);
insert into SHOT_FLAG values(2017, 'dpl');
insert into SHOT values (2018, 2025, 2028, 1400, 1.100, 178.59, -3.30, 1.102, 178.96, -3.12, 0.008, 252.87, 24.40);
insert into SHOT_FLAG values(2018, 'dpl');
insert into SHOT values (2019, 2025, 2029, 1400, 6.000, 57.89, 81.00, 6.003, 57.67, 81.04, 0.006, 282.39, 36.87);
insert into SHOT_FLAG values(2019, 'dpl');
insert into SHOT values (2020, 2029, 2030, 1400, 3.000, 325.89, 5.80, 2.997, 325.94, 5.75, 0.005, 108.29, -39.31);
insert into SHOT_FLAG values(2020, 'dpl');
insert into SHOT values (2021, 2029, 2031, 1400, 3.430, 289.89, 2.80, 3.430, 289.97, 2.67, 0.009, 19.07, -58.52);
insert into SHOT_FLAG values(2021, 'dpl');
insert into SHOT values (2022, 2029, 2032, 1400, 1.440, 254.09, -7.30, 1.437, 254.11, -7.60, 0.008, 67.41, -60.81);
insert into SHOT_FLAG values(2022, 'dpl');
insert into SHOT values (2023, 2029, 2033, 1400, 14.610, 299.49, 49.70, 14.604, 299.50, 49.71, 0.006, 110.84, -24.89);
insert into SHOT_FLAG values(2023, 'dpl');
insert into SHOT values (2024, 2029, 2034, 1400, 7.050, 299.29, 49.90, 7.047, 299.28, 49.89, 0.003, 165.13, -56.40);
insert into SHOT_FLAG values(2024, 'dpl');
insert into SHOT values (2025, 2029, 2035, 1400, 6.930, 299.29, 49.80, 6.927, 299.32, 49.78, 0.004, 35.41, -58.33);
insert into SHOT_FLAG values(2025, 'dpl');
insert into SHOT values (2026, 2029, 2036, 1400, 6.860, 298.99, 49.80, 6.860, 299.05, 49.81, 0.005, 37.40, 4.17);
insert into SHOT_FLAG values(2026, 'dpl');
insert into SHOT values (2027, 2029, 2037, 1400, 1.900, 70.19, 0.30, 1.901, 70.33, 0.30, 0.005, 147.62, 0.65);
insert into SHOT_FLAG values(2027, 'dpl');
insert into SHOT values (2028, 2029, 2038, 1400, 3.450, 102.39, -7.10, 3.446, 102.33, -7.17, 0.007, 320.86, -30.76);
insert into SHOT_FLAG values(2028, 'dpl');
insert into SHOT values (2029, 2029, 2039, 1400, 2.650, 124.69, -5.50, 2.651, 124.65, -5.63, 0.006, 40.38, -73.88);
insert into SHOT_FLAG values(2029, 'dpl');
insert into SHOT values (2030, 2029, 2040, 1400, 0.490, 243.29, -19.40, 0.491, 242.88, -20.26, 0.008, 128.41, -63.20);
insert into SHOT_FLAG values(2030, 'dpl');
insert into SHOT values (2031, 2035, 2041, 1400, 8.250, 22.89, 82.80, 8.245, 22.83, 82.82, 0.006, 220.78, -55.60);
insert into SHOT_FLAG values(2031, 'dpl');
insert into SHOT values (2032, 2035, 2042, 1400, 9.210, 22.59, 82.70, 9.215, 22.62, 82.71, 0.005, 137.17, 82.20);
insert into SHOT_FLAG values(2032, 'dpl');
insert into SHOT values (2033, 2035, 2043, 1400, 0.300, 41.29, 11.40, 0.297, 40.82, 11.66, 0.004, 256.68, 9.56);
insert into SHOT_FLAG values(2033, 'dpl');
insert into SHOT values (2034, 2035, 2044, 1400, 0.280, 188.29, 6.20, 0.284, 188.13, 6.05, 0.005, 178.21, -3.02);
insert into SHOT_FLAG values(2034, 'dpl');
insert into SHOT values (2035, 2041, 2045, 1400, 4.400, 313.69, -3.50, 4.400, 313.80, -3.39, 0.012, 41.68, 45.78);
insert into SHOT_FLAG values(2035, 'dpl');
insert into SHOT values (2036, 2035, 2046, 1400, 4.410, 313.59, -3.40, 4.407, 313.53, -3.38, 0.006, 196.24, 15.34);
insert into SHOT_FLAG values(2036, 'dpl');
insert into SHOT values (2037, 2045, 2047, 1400, 0.380, 37.39, -1.30, 0.378, 37.48, -1.52, 0.002, 200.85, -35.09);
insert into SHOT_FLAG values(2037, 'dpl');
insert into SHOT values (2038, 2045, 2048, 1400, 0.160, 231.69, 15.80, 0.161, 230.19, 14.36, 0.006, 169.99, -37.57);
insert into SHOT_FLAG values(2038, 'dpl');
insert into SHOT values (2039, 2045, 2049, 1400, 9.150, 257.99, -79.00, 9.159, 257.79, -78.99, 0.011, 198.84, -48.67);
insert into SHOT_FLAG values(2039, 'dpl');
insert into SHOT values (2040, 2045, 2050, 1400, 3.790, 78.59, 82.80, 3.789, 78.93, 82.89, 0.007, 234.87, -0.96);
insert into SHOT_FLAG values(2040, 'dpl');
insert into SHOT values (2041, 2045, 2051, 1400, 4.550, 327.09, 50.60, 4.543, 327.03, 50.59, 0.008, 191.51, -51.62);
insert into SHOT_FLAG values(2041, 'dpl');
insert into SHOT values (2042, 2051, 2052, 1400, 2.130, 140.89, 10.60, 2.126, 140.83, 10.57, 0.005, 351.82, -21.45);
insert into SHOT_FLAG values(2042, 'dpl');
insert into SHOT values (2043, 2051, 2053, 1400, 1.810, 300.19, 3.10, 1.817, 300.10, 3.15, 0.008, 278.00, 15.02);
insert into SHOT_FLAG values(2043, 'dpl');
insert into SHOT values (2044, 2051, 2054, 1400, 0.470, 239.89, 7.60, 0.474, 240.71, 7.27, 0.008, 297.90, -15.29);
insert into SHOT_FLAG values(2044, 'dpl');
insert into SHOT values (2045, 2051, 2055, 1400, 0.540, 68.79, 15.00, 0.535, 68.40, 15.17, 0.006, 281.75, 2.13);
insert into SHOT_FLAG values(2045, 'dpl');
insert into SHOT values (2046, 2051, 2056, 1400, 13.140, 232.29, -78.80, 13.140, 232.32, -78.80, 0.001, 321.69, -10.42);
insert into SHOT_FLAG values(2046, 'dpl');
insert into SHOT values (2047, 2051, 2057, 1400, 3.170, 355.49, 74.70, 3.171, 355.18, 74.77, 0.006, 227.52, 22.23);
insert into SHOT_FLAG values(2047, 'dpl');
insert into SHOT values (2048, 2057, 2058, 1400, 1.960, 292.69, 59.20, 1.955, 292.97, 59.26, 0.007, 64.37, -28.47);
insert into SHOT_FLAG values(2048, 'dpl');
insert into SHOT values (2049, 2057, 2059, 1400, 1.890, 292.19, 59.50, 1.894, 292.57, 59.40, 0.008, 346.78, 10.90);
insert into SHOT_FLAG values(2049, 'dpl');
insert into SHOT values (2050, 2057, 2060, 1400, 1.990, 292.29, 59.30, 1.990, 292.53, 59.24, 0.005, 0.65, -13.46);
insert into SHOT_FLAG values(2050, 'dpl');
insert into SHOT values (2051, 2057, 2061, 1400, 1.910, 291.99, 59.40, 1.907, 292.35, 59.32, 0.007, 14.47, -33.33);
insert into SHOT_FLAG values(2051, 'dpl');
insert into SHOT values (2052, 2057, 2062, 1400, 0.680, 233.69, -1.80, 0.680, 233.97, -1.68, 0.004, 316.84, 22.02);
insert into SHOT_FLAG values(2052, 'dpl');
insert into SHOT values (2053, 2057, 2063, 1400, 1.800, 290.69, -77.40, 1.804, 290.73, -77.33, 0.004, 295.26, -48.61);
insert into SHOT_FLAG values(2053, 'dpl');
insert into SHOT values (2054, 2057, 2064, 1400, 1.440, 237.89, 61.50, 1.442, 238.17, 61.74, 0.007, 21.08, 38.86);
insert into SHOT_FLAG values(2054, 'dpl');
insert into SHOT values (2055, 2057, 2065, 1400, 1.570, 266.39, 25.00, 1.568, 266.37, 24.88, 0.004, 169.51, -82.67);
insert into SHOT_FLAG values(2055, 'dpl');
insert into SHOT values (2056, 2065, 2066, 1400, 0.390, 118.99, -10.20, 0.391, 117.90, -10.31, 0.007, 35.22, -7.23);
insert into SHOT_FLAG values(2056, 'dpl');
insert into SHOT values (2057, 2065, 2067, 1400, 0.510, 91.09, -84.10, 0.502, 90.00, -84.29, 0.008, 292.47, 70.30);
insert into SHOT_FLAG values(2057, 'dpl');
insert into SHOT values (2058, 2065, 2068, 1400, 0.760, 15.29, 49.70, 0.764, 15.15, 49.39, 0.006, 3.54, 3.64);
insert into SHOT_FLAG values(2058, 'dpl');
insert into SHOT values (2059, 2065, 2069, 1400, 2.490, 221.59, 4.50, 2.487, 221.73, 4.61, 0.008, 341.39, 33.97);
insert into SHOT_FLAG values(2059, 'dpl');
insert into SHOT values (2060, 2069, 2070, 1400, 0.200, 221.69, 5.10, 0.199, 220.91, 5.75, 0.004, 116.48, 38.53);
insert into SHOT_FLAG values(2060, 'dpl');
insert into SHOT values (2061, 2069, 2071, 1400, 0.460, 353.99, -1.90, 0.463, 353.80, -2.47, 0.006, 325.98, -54.78);
insert into SHOT_FLAG values(2061, 'dpl');
insert into SHOT values (2062, 2069, 2072, 1400, 1.500, 332.59, -63.20, 1.501, 332.68, -63.25, 0.002, 106.65, -38.93);
insert into SHOT_FLAG values(2062, 'dpl');
insert into SHOT values (2063, 2069, 2073, 1400, 1.030, 214.39, 85.50, 1.033, 209.74, 85.52, 0.007, 120.40, 25.87);
insert into SHOT_FLAG values(2063, 'dpl');
insert into SHOT values (2064, 2069, 2074, 1400, 6.230, 269.79, 18.10, 6.227, 269.81, 18.06, 0.006, 47.16, -67.51);
insert into SHOT_FLAG values(2064, 'dpl');
insert into SHOT values (2065, 2074, 2075, 1400, 2.790, 291.79, 26.10, 2.794, 291.76, 26.12, 0.004, 268.14, 35.94);
insert into SHOT_FLAG values(2065, 'dpl');
insert into SHOT values (2066, 2074, 2076, 1400, 1.540, 10.49, 26.50, 1.537, 10.49, 26.68, 0.006, 190.49, 28.56);
insert into SHOT_FLAG values(2066, 'dpl');
insert into SHOT values (2067, 2074, 2077, 1400, 1.860, 65.19, 15.30, 1.860, 65.29, 15.27, 0.003, 151.75, -14.33);
insert into SHOT_FLAG values(2067, 'dpl');
insert into SHOT values (2068, 2074, 2078, 1400, 2.200, 203.69, 26.30, 2.205, 203.58, 26.39, 0.007, 147.86, 48.35);
insert into SHOT_FLAG values(2068, 'dpl');
insert into SHOT values (2069, 2074, 2079, 1400, 4.190, 160.19, 14.10, 4.197, 160.19, 14.07, 0.007, 156.70, -5.86);
insert into SHOT_FLAG values(2069, 'dpl');
insert into SHOT values (2070, 2074, 2080, 1400, 4.040, 137.89, 11.50, 4.047, 137.86, 11.55, 0.008, 118.91, 36.36);
insert into SHOT_FLAG values(2070, 'dpl');
insert into SHOT values (2071, 2074, 2081, 1400, 3.780, 95.29, 9.20, 3.786, 95.37, 9.27, 0.009, 142.43, 37.27);
insert into SHOT_FLAG values(2071, 'dpl');
insert into SHOT values (2072, 2074, 2082, 1400, 3.310, 120.39, 32.00, 3.312, 120.40, 32.10, 0.006, 274.17, 77.48);
insert into SHOT_FLAG values(2072, 'dpl');
insert into SHOT values (2073, 2082, 2083, 1400, 5.070, 261.59, 47.30, 5.065, 261.47, 47.26, 0.009, 169.72, -39.35);
insert into SHOT_FLAG values(2073, 'dpl');
insert into SHOT values (2074, 2083, 2084, 1400, 2.410, 16.29, -0.40, 2.418, 16.34, -0.24, 0.010, 30.09, 40.87);
insert into SHOT_FLAG values(2074, 'dpl');
insert into SHOT values (2075, 2083, 2085, 1400, 2.850, 66.69, -6.00, 2.846, 66.70, -5.85, 0.009, 243.68, 66.60);
insert into SHOT_FLAG values(2075, 'dpl');
insert into SHOT values (2076, 2083, 2086, 1400, 3.250, 101.29, -5.60, 3.247, 101.24, -5.48, 0.008, 330.41, 61.93);
insert into SHOT_FLAG values(2076, 'dpl');
insert into SHOT values (2077, 2083, 2087, 1400, 3.490, 130.49, -12.80, 3.491, 130.47, -12.74, 0.004, 94.35, 60.56);
insert into SHOT_FLAG values(2077, 'dpl');
insert into SHOT values (2078, 2083, 2088, 1400, 11.670, 331.89, 88.40, 11.675, 332.65, 88.40, 0.006, 53.70, 46.17);
insert into SHOT_FLAG values(2078, 'dpl');
insert into SHOT values (2079, 2088, 2089, 1400, 2.200, 222.09, 9.30, 2.203, 222.20, 9.40, 0.007, 283.29, 42.87);
insert into SHOT_FLAG values(2079, 'dpl');
insert into SHOT values (2080, 2089, 2090, 1400, 2.180, 221.59, 9.10, 2.180, 221.61, 8.97, 0.005, 264.51, -77.03);
insert into SHOT_FLAG values(2080, 'dpl');
insert into SHOT values (2081, 2089, 2091, 1400, 3.340, 337.89, 1.80, 3.335, 337.98, 1.72, 0.009, 114.22, -34.87);
insert into SHOT_FLAG values(2081, 'dpl');
insert into SHOT values (2082, 2089, 2092, 1400, 1.980, 35.29, 1.70, 1.987, 35.37, 1.44, 0.012, 55.13, -47.43);
insert into SHOT_FLAG values(2082, 'dpl');
insert into SHOT values (2083, 2089, 2093, 1400, 3.880, 62.09, 2.30, 3.881, 62.18, 2.21, 0.008, 138.93, -43.01);
insert into SHOT_FLAG values(2083, 'dpl');
insert into SHOT values (2084, 2089, 2094, 1400, 3.910, 94.89, 1.10, 3.915, 94.84, 1.02, 0.008, 56.04, -40.26);
insert into SHOT_FLAG values(2084, 'dpl');
insert into SHOT values (2085, 2089, 2095, 1400, 8.750, 329.49, 79.60, 8.744, 329.53, 79.60, 0.007, 114.59, -71.69);
insert into SHOT_FLAG values(2085, 'dpl');
insert into SHOT values (2086, 2095, 2096, 1400, 3.070, 90.39, 0.60, 3.070, 90.37, 0.56, 0.002, 13.84, -64.96);
insert into SHOT_FLAG values(2086, 'dpl');
insert into SHOT values (2087, 2095, 2097, 1400, 5.260, 117.99, -5.40, 5.257, 118.03, -5.35, 0.007, 241.24, 47.26);
insert into SHOT_FLAG values(2087, 'dpl');
insert into SHOT values (2088, 2095, 2098, 1400, 1.740, 156.49, -3.40, 1.736, 156.54, -3.30, 0.005, 314.32, 38.82);
insert into SHOT_FLAG values(2088, 'dpl');
insert into SHOT values (2089, 2095, 2099, 1400, 1.200, 223.79, -6.60, 1.196, 223.64, -6.72, 0.005, 84.28, -22.69);
insert into SHOT_FLAG values(2089, 'dpl');
insert into SHOT values (2090, 2095, 2100, 1400, 2.690, 224.79, 72.10, 2.690, 224.51, 72.09, 0.004, 142.45, 2.95);
insert into SHOT_FLAG values(2090, 'dpl');
insert into SHOT values (2091, 2100, 2101, 1400, 0.570, 7.59, 5.50, 0.577, 7.00, 5.96, 0.011, 326.88, 30.62);
insert into SHOT_FLAG values(2091, 'dpl');
insert into SHOT values (2092, 2100, 2102, 1400, 6.210, 180.39, 74.90, 6.212, 180.36, 74.98, 0.009, 7.79, 29.62);
insert into SHOT_FLAG values(2092, 'dpl');
insert into SHOT values (2093, 2100, 2103, 1400, 0.260, 261.59, 14.80, 0.261, 263.16, 15.54, 0.008, 348.88, 27.49);
insert into SHOT_FLAG values(2093, 'dpl');
insert into SHOT values (2094, 2100, 2104, 1400, 2.730, 301.49, -11.70, 2.731, 301.55, -11.62, 0.005, 352.82, 45.21);
insert into SHOT_FLAG values(2094, 'dpl');
insert into SHOT values (2095, 2100, 2105, 1400, 3.170, 289.29, -59.10, 3.172, 289.32, -59.04, 0.004, 302.00, 0.92);
insert into SHOT_FLAG values(2095, 'dpl');
insert into SHOT values (2096, 2100, 2106, 1400, 4.880, 294.49, 24.30, 4.885, 294.55, 24.30, 0.007, 337.71, 15.13);
insert into SHOT_FLAG values(2096, 'dpl');
insert into SHOT values (2097, 2106, 2107, 1400, 0.560, 174.89, -7.80, 0.558, 174.81, -8.24, 0.005, 12.87, -56.15);
insert into SHOT_FLAG values(2097, 'dpl');
insert into SHOT values (2098, 2106, 2108, 1400, 1.300, 113.09, -88.50, 1.300, 123.69, -88.41, 0.007, 191.09, -3.76);
insert into SHOT_FLAG values(2098, 'dpl');
insert into SHOT values (2099, 2106, 2109, 1400, 18.000, 238.19, 76.70, 18.003, 238.23, 76.70, 0.004, 338.75, 44.99);
insert into SHOT_FLAG values(2099, 'dpl');
insert into SHOT values (2100, 2106, 2110, 1400, 4.600, 229.59, 23.50, 4.600, 229.52, 23.44, 0.007, 158.68, -36.00);
insert into SHOT_FLAG values(2100, 'dpl');
insert into SURVEY values (1403, 327, 'Escalade_speleoloques', 'Escalade_speleoloques.Kriska.Ded.Ded', 'Escalade_speleoloques');
 insert into CENTRELINE values (1404, 1403, NULL, NULL, NULL, 0.00, 0.00, 0.00);
 insert into SURVEY values (1405, 1403, 'escalade_speleoloques', 'escalade_speleoloques.Escalade_speleoloques.Kriska.Ded.Ded', 'escalade_speleoloques');
 insert into CENTRELINE values (1406, 1405, NULL, NULL, NULL, 0.00, 0.00, 0.00);
 insert into CENTRELINE values (1407, 1405, NULL, '2022-10-01', '2022-10-01', 40.27, 0.00, 0.00);
 insert into TOPO values (1, 1407);
 insert into TOPO values (2, 1407);
 insert into EXPLO values (1, 1407);
 insert into EXPLO values (2, 1407);
 insert into SHOT values (2101, 2111, 2112, 1407, 10.760, 237.90, 72.70, 10.757, 237.90, 72.70, 0.003, 75.38, -77.62);
insert into SHOT values (2102, 2111, 2113, 1407, 10.810, 240.00, 68.50, 10.812, 240.00, 68.51, 0.003, 58.89, 57.15);
insert into SHOT values (2103, 2111, 2114, 1407, 12.690, 240.50, 66.50, 12.691, 240.49, 66.52, 0.005, 71.14, 29.11);
insert into SHOT values (2104, 2111, 2115, 1407, 17.240, 240.10, 75.60, 17.240, 240.02, 75.62, 0.008, 113.60, 12.23);
insert into SHOT values (2105, 2111, 2116, 1407, 8.750, 178.40, 74.50, 8.749, 178.29, 74.48, 0.006, 117.92, -17.83);
insert into SHOT values (2106, 2111, 2117, 1407, 1.110, 176.80, 5.50, 1.116, 176.91, 5.14, 0.009, 193.26, -42.32);
insert into SHOT values (2107, 2111, 2118, 1407, 2.050, 145.80, 0.90, 2.053, 145.92, 0.84, 0.006, 203.65, -23.55);
insert into SHOT values (2108, 2111, 2119, 1407, 3.110, 126.40, -2.50, 3.113, 126.50, -2.58, 0.007, 186.80, -35.39);
insert into SHOT values (2109, 2111, 2120, 1407, 3.940, 114.30, -0.00, 3.939, 114.29, 0.00, 0.002, 332.39, 0.00);
insert into SHOT values (2110, 2111, 2121, 1407, 3.660, 101.00, -1.10, 3.658, 101.03, -1.10, 0.003, 232.95, 5.84);
insert into SHOT values (2111, 2111, 2122, 1407, 9.390, 135.80, 60.70, 9.395, 135.79, 60.66, 0.009, 129.56, 8.54);
insert into SHOT values (2112, 2111, 2123, 1407, 5.670, 134.90, 40.70, 5.671, 134.91, 40.59, 0.011, 136.26, -43.98);
insert into SHOT values (2113, 2111, 2124, 1407, 4.260, 137.20, 15.30, 4.261, 137.27, 15.24, 0.007, 198.53, -38.29);
insert into SHOT values (2114, 2111, 2125, 1407, 2.560, 121.20, 2.30, 2.564, 121.27, 2.24, 0.006, 156.18, -27.62);
insert into SHOT values (2115, 2111, 2126, 1407, 2.590, 118.60, 2.80, 2.589, 118.65, 2.66, 0.007, 217.78, -73.47);
insert into SHOT values (2116, 2111, 2127, 1407, 2.580, 117.30, 2.70, 2.584, 117.46, 2.66, 0.008, 180.11, -11.05);
insert into SHOT values (2117, 2127, 2128, 1407, 1.380, 301.40, -9.00, 1.383, 301.83, -9.15, 0.011, 18.92, -21.71);
insert into SHOT values (2118, 2127, 2129, 1407, 3.300, 309.50, -9.20, 3.303, 309.65, -9.23, 0.009, 24.06, -15.66);
insert into SHOT values (2119, 2127, 2130, 1407, 2.660, 329.70, -8.40, 2.663, 329.93, -8.42, 0.011, 43.45, -7.41);
insert into SHOT values (2120, 2127, 2131, 1407, 2.250, 347.40, -6.30, 2.258, 347.39, -6.36, 0.008, 342.95, -21.76);
insert into SHOT values (2121, 2127, 2132, 1407, 2.090, 10.10, 10.80, 2.098, 10.06, 10.71, 0.009, 359.04, -10.41);
insert into SHOT values (2122, 2127, 2133, 1407, 2.380, 78.20, 4.10, 2.387, 78.12, 4.08, 0.008, 53.04, -1.20);
insert into SHOT values (2123, 2127, 2134, 1407, 3.090, 42.00, 3.80, 3.101, 41.99, 3.70, 0.012, 37.48, -23.21);
insert into SHOT values (2124, 2127, 2135, 1407, 5.250, 6.00, 1.00, 5.260, 6.00, 0.98, 0.010, 5.89, -9.57);
insert into SHOT values (2125, 2135, 2136, 1407, 1.520, 218.80, -6.00, 1.523, 218.84, -6.03, 0.004, 234.19, -18.49);
insert into SHOT values (2126, 2135, 2137, 1407, 4.780, 198.40, -66.40, 4.781, 198.25, -66.37, 0.006, 135.30, 2.07);
insert into SHOT values (2127, 2135, 2138, 1407, 1.610, 169.00, -39.50, 1.608, 168.87, -39.36, 0.005, 99.28, 53.08);
insert into SHOT values (2128, 2135, 2139, 1407, 1.370, 154.00, -12.20, 1.377, 154.01, -12.16, 0.007, 154.47, -3.90);
insert into SHOT values (2129, 2135, 2140, 1407, 1.770, 47.00, -62.10, 1.766, 47.45, -62.04, 0.008, 138.71, 33.63);
insert into SHOT values (2130, 2135, 2141, 1407, 3.010, 323.50, -55.60, 3.003, 323.40, -55.66, 0.008, 168.45, 26.49);
insert into SHOT values (2131, 2141, 2142, 1407, 0.530, 222.50, 0.80, 0.531, 222.71, 0.00, 0.008, 289.69, -74.38);
insert into SHOT values (2132, 2141, 2143, 1407, 0.740, 219.30, 58.40, 0.741, 219.81, 58.21, 0.004, 270.54, -3.62);
insert into SHOT values (2133, 2141, 2144, 1407, 1.520, 205.00, -79.20, 1.527, 204.78, -79.19, 0.007, 168.36, -74.56);
insert into SHOT values (2134, 2141, 2145, 1407, 1.950, 257.10, 81.20, 1.943, 258.31, 81.23, 0.010, 6.90, -46.74);
insert into SHOT values (2135, 2141, 2146, 1407, 1.140, 307.30, 17.70, 1.136, 307.50, 17.41, 0.008, 64.78, -57.03);
insert into SHOT values (2136, 2141, 2147, 1407, 1.140, 310.90, -6.70, 1.143, 310.71, -7.03, 0.008, 252.29, -57.43);
insert into SHOT values (2137, 2147, 2148, 1407, 16.610, 15.50, -71.60, 16.612, 15.57, -71.57, 0.012, 47.58, 4.09);
insert into SHOT values (2138, 2148, 2149, 1407, 9.200, 309.40, -66.00, 9.197, 309.26, -65.97, 0.011, 238.22, 24.55);
insert into SHOT values (2139, 2149, 2150, 1407, 2.480, 116.60, -56.80, 2.487, 116.57, -56.74, 0.008, 107.99, -38.28);
insert into SCRAPS values (1409, 1403, 'SP-ES-1', 1, 51.79422, 4.41781);
 insert into SCRAPS values (1425, 1403, 'SC-ES-elev-1', 2, 44.87649, 12.01348);
 insert into MAPS values (1440, 1403, 'MP-Escalade_speleoloques-plan-tot', 'Escalade_speleoloques', 1, 40.270, -28.860);
 insert into MAPITEMS values (1440, 4, 1409);
 insert into MAPS values (1441, 1403, 'MC-Escalade_speleoloques-coupe-tot-elev', 'Escalade_speleoloques', 2, 40.270, -28.860);
 insert into MAPITEMS values (1441, 4, 1425);
 insert into SURVEY values (1443, 327, 'Escalade_speleoloques2', 'Escalade_speleoloques2.Kriska.Ded.Ded', 'Escalade_speleoloques2');
 insert into CENTRELINE values (1444, 1443, NULL, NULL, NULL, 0.00, 0.00, 0.00);
 insert into SURVEY values (1445, 1443, 'escalade_speleoloques2', 'escalade_speleoloques2.Escalade_speleoloques2.Kriska.Ded.Ded', 'escalade_speleoloques2');
 insert into CENTRELINE values (1446, 1445, NULL, NULL, NULL, 0.00, 0.00, 0.00);
 insert into CENTRELINE values (1447, 1445, NULL, '2023-06-15', '2023-06-15', 67.99, 0.00, 0.00);
 insert into PERSON values (32, 'Simon', 'Tissot(GUCEM)');
insert into TOPO values (32, 1447);
 insert into TOPO values (2, 1447);
 insert into EXPLO values (32, 1447);
 insert into EXPLO values (2, 1447);
 insert into SHOT values (2140, 2151, 2152, 1447, 15.720, 114.12, 88.10, 15.719, 113.63, 88.09, 0.005, 55.36, -14.57);
insert into SHOT values (2141, 2151, 2153, 1447, 1.090, 74.22, 24.30, 1.094, 74.29, 24.29, 0.004, 92.80, 19.80);
insert into SHOT values (2142, 2151, 2154, 1447, 2.060, 84.82, 6.60, 2.062, 84.96, 6.68, 0.006, 157.37, 31.64);
insert into SHOT values (2143, 2151, 2155, 1447, 3.160, 106.22, 2.40, 3.167, 106.14, 2.35, 0.009, 78.09, -15.16);
insert into SHOT values (2144, 2151, 2156, 1447, 2.810, 114.52, -3.50, 2.820, 114.56, -3.46, 0.010, 126.85, 8.65);
insert into SHOT values (2145, 2151, 2157, 1447, 1.120, 66.62, -69.30, 1.125, 66.61, -69.00, 0.008, 66.46, -17.69);
insert into SHOT values (2146, 2151, 2158, 1447, 2.820, 136.72, 6.50, 2.820, 136.74, 6.52, 0.001, 253.46, 37.82);
insert into SHOT values (2147, 2151, 2159, 1447, 2.790, 114.62, -0.00, 2.792, 114.55, 0.00, 0.004, 58.43, 0.00);
insert into SHOT values (2148, 2151, 2160, 1447, 15.270, 111.72, 76.40, 15.269, 111.71, 76.38, 0.005, 107.65, -22.48);
insert into SHOT values (2149, 2151, 2161, 1447, 8.810, 158.52, 76.30, 8.811, 158.35, 76.30, 0.006, 74.84, 6.11);
insert into SHOT values (2150, 2151, 2162, 1447, 5.320, 168.72, 80.80, 5.319, 168.56, 80.73, 0.007, 148.54, -12.81);
insert into SHOT values (2151, 2151, 2163, 1447, 13.150, 124.02, 73.70, 13.150, 124.08, 73.68, 0.005, 170.71, -15.26);
insert into SHOT values (2152, 2151, 2164, 1447, 14.870, 147.02, 80.00, 14.877, 146.99, 79.98, 0.008, 132.70, 45.09);
insert into SHOT values (2153, 2151, 2165, 1447, 4.580, 125.52, 36.30, 4.585, 125.54, 36.23, 0.008, 134.87, -10.12);
insert into SHOT values (2154, 2151, 2166, 1447, 5.830, 100.62, 51.20, 5.834, 100.57, 51.25, 0.007, 349.86, 64.02);
insert into SHOT values (2155, 2151, 2167, 1447, 9.070, 111.22, 49.80, 9.074, 111.22, 49.80, 0.004, 116.29, 39.82);
insert into SHOT values (2156, 2151, 2168, 1447, 9.280, 104.62, 52.40, 9.279, 104.63, 52.38, 0.003, 133.14, -57.72);
insert into SHOT values (2157, 2151, 2169, 1447, 8.870, 118.22, 50.80, 8.875, 118.21, 50.83, 0.006, 11.60, 83.57);
insert into SHOT values (2158, 2151, 2170, 1447, 2.690, 159.52, 0.70, 2.693, 159.34, 0.64, 0.009, 91.63, -18.04);
insert into SHOT values (2159, 2170, 2171, 1447, 2.700, 157.12, 0.70, 2.699, 157.33, 0.85, 0.012, 254.79, 34.66);
insert into SHOT values (2160, 2170, 2172, 1447, 1.100, 252.22, -30.50, 1.102, 252.32, -29.94, 0.011, 265.86, 47.84);
insert into SHOT values (2161, 2170, 2173, 1447, 2.360, 267.02, -33.30, 2.357, 267.09, -33.18, 0.006, 356.38, 65.20);
insert into SHOT values (2162, 2170, 2174, 1447, 1.700, 300.82, -30.80, 1.705, 300.76, -30.68, 0.006, 287.82, 4.33);
insert into SHOT values (2163, 2170, 2175, 1447, 1.900, 326.12, -54.50, 1.893, 325.73, -54.43, 0.010, 219.38, 41.43);
insert into SHOT values (2164, 2170, 2176, 1447, 2.840, 72.72, 1.60, 2.838, 72.78, 1.62, 0.004, 192.08, 11.49);
insert into SHOT values (2165, 2170, 2177, 1447, 3.150, 61.72, 0.70, 3.146, 61.72, 0.73, 0.005, 237.30, 18.76);
insert into SHOT values (2166, 2170, 2178, 1447, 3.290, 51.22, 0.80, 3.286, 51.18, 0.87, 0.006, 263.07, 42.47);
insert into SHOT values (2167, 2170, 2179, 1447, 1.890, 59.22, -30.00, 1.884, 59.04, -29.93, 0.008, 290.60, 37.08);
insert into SHOT values (2168, 2170, 2180, 1447, 9.380, 334.32, 71.50, 9.384, 334.30, 71.52, 0.005, 182.99, 64.12);
insert into SHOT values (2169, 2170, 2181, 1447, 5.920, 342.62, 55.80, 5.921, 342.49, 55.85, 0.009, 226.68, 24.39);
insert into SHOT values (2170, 2170, 2182, 1447, 9.510, 40.42, 44.90, 9.512, 40.36, 44.95, 0.010, 280.45, 43.13);
insert into SHOT values (2171, 2170, 2183, 1447, 11.890, 27.02, 56.90, 11.893, 26.96, 56.96, 0.014, 244.76, 41.87);
insert into SHOT values (2172, 2170, 2184, 1447, 2.360, 272.62, -35.70, 2.360, 272.68, -35.48, 0.009, 294.26, 49.96);
insert into SHOT values (2173, 2184, 2185, 1447, 0.350, 113.62, -4.50, 0.351, 113.63, -4.91, 0.003, 124.72, -81.69);
insert into SHOT values (2174, 2184, 2186, 1447, 0.190, 312.62, 3.90, 0.185, 310.60, 3.10, 0.009, 183.46, -19.26);
insert into SHOT values (2175, 2184, 2187, 1447, 1.380, 25.02, 64.30, 1.375, 24.84, 64.36, 0.005, 233.26, -42.18);
insert into SHOT values (2176, 2184, 2188, 1447, 1.510, 59.82, 24.80, 1.513, 59.89, 24.61, 0.006, 80.48, -33.17);
insert into SHOT values (2177, 2184, 2189, 1447, 0.890, 301.92, 27.80, 0.886, 301.46, 27.56, 0.008, 195.70, -38.14);
insert into SHOT values (2178, 2184, 2190, 1447, 0.800, 140.42, -86.30, 0.802, 143.13, -86.42, 0.003, 265.82, -29.87);
insert into SHOT values (2179, 2184, 2191, 1447, 0.470, 1.72, -66.20, 0.470, 3.01, -66.13, 0.004, 84.45, 0.41);
insert into SHOT values (2180, 2184, 2192, 1447, 2.750, 146.32, -65.60, 2.757, 146.45, -65.57, 0.007, 180.40, -50.24);
insert into SHOT values (2181, 2192, 2193, 1447, 0.320, 130.32, 8.30, 0.316, 129.81, 9.09, 0.006, 343.62, 36.81);
insert into SHOT values (2182, 2192, 2194, 1447, 0.170, 293.12, -52.30, 0.163, 293.96, -52.85, 0.007, 98.28, 38.48);
insert into SHOT values (2183, 2192, 2195, 1447, 0.840, 350.82, -11.30, 0.836, 350.88, -11.04, 0.006, 155.41, 52.89);
insert into SHOT values (2184, 2192, 2196, 1447, 1.480, 194.82, 4.60, 1.475, 194.98, 4.67, 0.007, 336.23, 10.95);
insert into SHOT values (2185, 2192, 2197, 1447, 4.970, 197.62, 10.20, 4.968, 197.62, 10.20, 0.002, 12.89, -3.05);
insert into SHOT values (2186, 2192, 2198, 1447, 1.740, 215.72, 6.00, 1.736, 215.81, 5.95, 0.005, 2.68, -20.68);
insert into SHOT values (2187, 2192, 2199, 1447, 1.040, 241.42, 86.60, 1.042, 239.04, 86.79, 0.005, 96.74, 23.60);
insert into SHOT values (2188, 2192, 2200, 1447, 1.090, 256.92, 72.90, 1.087, 257.28, 73.01, 0.004, 40.64, -28.40);
insert into SHOT values (2189, 2192, 2201, 1447, 0.930, 75.52, 2.20, 0.930, 75.66, 2.47, 0.005, 174.90, 60.69);
insert into SHOT values (2190, 2192, 2202, 1447, 0.910, 298.82, 0.70, 0.913, 298.81, 0.63, 0.003, 296.79, -19.90);
insert into SHOT values (2191, 2192, 2203, 1447, 1.390, 294.12, 43.30, 1.391, 294.02, 43.62, 0.008, 135.46, 54.98);
insert into SHOT values (2192, 2192, 2204, 1447, 2.280, 67.42, -5.80, 2.285, 67.50, -5.78, 0.006, 100.76, 4.11);
insert into SHOT values (2193, 2205, 2192, 1447, 3.300, 67.22, -5.70, 3.302, 67.26, -5.74, 0.004, 121.71, -37.36);
insert into SHOT values (2194, 2205, 2206, 1447, 0.730, 119.02, -1.80, 0.730, 118.67, -1.57, 0.005, 26.39, 33.71);
insert into SHOT values (2195, 2205, 2207, 1447, 1.560, 251.72, -1.10, 1.559, 251.68, -1.10, 0.001, 126.20, -2.45);
insert into SHOT values (2196, 2205, 2208, 1447, 2.200, 242.22, -2.10, 2.198, 242.03, -2.09, 0.007, 135.84, 4.82);
insert into SHOT values (2197, 2205, 2209, 1447, 1.580, 232.02, -2.90, 1.576, 231.97, -2.91, 0.004, 73.47, -0.92);
insert into SHOT values (2198, 2205, 2210, 1447, 2.850, 249.32, -49.10, 2.844, 249.23, -49.12, 0.007, 99.38, 35.65);
insert into SHOT values (2199, 2205, 2211, 1447, 1.950, 236.82, -69.90, 1.949, 236.55, -69.86, 0.004, 165.11, 20.26);
insert into SHOT values (2200, 2205, 2212, 1447, 9.100, 331.02, 77.50, 9.105, 331.09, 77.54, 0.008, 124.10, 47.36);
insert into SHOT values (2201, 2205, 2213, 1447, 3.360, 287.02, 53.80, 3.354, 287.06, 53.89, 0.008, 95.88, -10.36);
insert into SHOT values (2202, 2205, 2214, 1447, 1.830, 293.72, 87.30, 1.832, 290.56, 87.33, 0.005, 192.97, 22.96);
insert into SHOT values (2203, 2205, 2215, 1447, 3.840, 260.32, 79.70, 3.841, 259.85, 79.79, 0.008, 123.56, 12.95);
insert into SHOT values (2204, 2205, 2216, 1447, 6.430, 327.12, 83.30, 6.433, 327.59, 83.34, 0.008, 90.02, 28.22);
insert into SHOT values (2205, 2205, 2217, 1447, 0.910, 310.12, 13.40, 0.904, 310.39, 13.43, 0.007, 93.32, -7.29);
insert into SHOT values (2206, 2205, 2218, 1447, 0.940, 263.32, 5.50, 0.941, 263.25, 5.49, 0.001, 211.39, -4.14);
insert into SHOT values (2207, 2205, 2219, 1447, 3.850, 318.52, 0.10, 3.847, 318.48, 0.15, 0.005, 177.39, 37.56);
insert into SHOT values (2208, 2205, 2220, 1447, 2.200, 46.32, -55.00, 2.201, 46.60, -54.88, 0.008, 101.55, 15.70);
insert into SHOT values (2209, 2205, 2221, 1447, 4.370, 56.92, -38.80, 4.376, 56.96, -38.77, 0.007, 80.98, -15.04);
insert into SHOT values (2210, 2205, 2222, 1447, 3.240, 72.32, -15.30, 3.241, 72.32, -15.20, 0.006, 72.89, 62.31);
insert into SHOT values (2211, 2205, 2223, 1447, 1.580, 70.32, -20.80, 1.580, 70.22, -20.76, 0.003, 343.94, 22.09);
insert into SHOT values (2212, 2223, 2224, 1447, 1.870, 92.22, -26.40, 1.875, 92.39, -26.27, 0.008, 129.58, 10.22);
insert into SHOT values (2213, 2223, 2225, 1447, 5.730, 85.22, -66.70, 5.728, 85.19, -66.68, 0.003, 53.62, 56.92);
insert into SHOT values (2214, 2223, 2226, 1447, 3.930, 181.62, -88.90, 3.931, 180.00, -88.83, 0.005, 155.08, -8.15);
insert into SHOT values (2215, 2223, 2227, 1447, 1.360, 188.32, -85.90, 1.364, 185.71, -85.77, 0.007, 132.96, -32.06);
insert into SHOT values (2216, 2223, 2228, 1447, 1.440, 296.02, -82.20, 1.442, 295.20, -82.51, 0.009, 135.50, -22.49);
insert into SHOT values (2217, 2223, 2229, 1447, 3.010, 100.62, -62.40, 3.012, 100.75, -62.42, 0.004, 191.93, -39.00);
insert into SHOT values (2218, 2223, 2230, 1447, 2.720, 69.82, -61.80, 2.724, 70.02, -61.79, 0.006, 133.95, -29.84);
insert into SHOT values (2219, 2223, 2231, 1447, 1.820, 126.82, 84.30, 1.820, 126.25, 84.13, 0.006, 107.56, -10.22);
insert into SHOT values (2220, 2223, 2232, 1447, 1.540, 4.22, 71.80, 1.537, 4.76, 71.74, 0.005, 86.20, -32.54);
insert into SHOT values (2221, 2223, 2233, 1447, 3.770, 39.72, 88.10, 3.772, 41.63, 88.17, 0.006, 178.81, 18.63);
insert into SHOT values (2222, 2223, 2234, 1447, 0.440, 265.62, 0.70, 0.432, 264.69, 1.33, 0.012, 126.32, 23.23);
insert into SHOT values (2223, 2223, 2235, 1447, 5.370, 248.72, -7.30, 5.369, 248.64, -7.28, 0.008, 154.24, 17.48);
insert into SHOT values (2224, 2223, 2236, 1447, 0.490, 243.22, -3.40, 0.484, 242.90, -3.55, 0.007, 86.51, -8.01);
insert into SHOT values (2225, 2223, 2237, 1447, 3.790, 96.62, -85.20, 3.794, 97.13, -85.12, 0.007, 124.76, -28.54);
insert into SHOT values (2226, 2237, 2238, 1447, 0.830, 171.62, 5.70, 0.834, 171.67, 6.20, 0.008, 187.74, 68.67);
insert into SHOT values (2227, 2237, 2239, 1447, 3.120, 189.02, -8.50, 3.122, 188.94, -8.47, 0.005, 123.41, 14.91);
insert into SHOT values (2228, 2237, 2240, 1447, 1.820, 187.22, -7.00, 1.818, 187.32, -6.95, 0.004, 304.88, 25.93);
insert into SHOT values (2229, 2237, 2241, 1447, 1.350, 195.12, -7.90, 1.349, 195.18, -7.67, 0.006, 305.89, 74.36);
insert into SHOT values (2230, 2237, 2242, 1447, 0.800, 215.32, -2.90, 0.797, 215.29, -2.88, 0.003, 44.45, 9.94);
insert into SHOT values (2231, 2237, 2243, 1447, 0.720, 302.32, -62.10, 0.717, 301.83, -61.55, 0.008, 268.74, 50.08);
insert into SHOT values (2232, 2237, 2244, 1447, 5.910, 22.32, 83.40, 5.909, 22.43, 83.38, 0.003, 51.95, -17.75);
insert into SHOT values (2233, 2237, 2245, 1447, 1.090, 75.92, 23.90, 1.092, 76.10, 23.77, 0.005, 125.94, -20.84);
insert into SHOT values (2234, 2237, 2246, 1447, 1.760, 73.42, 11.60, 1.758, 73.46, 11.81, 0.007, 229.14, 63.02);
insert into SHOT values (2235, 2237, 2247, 1447, 1.150, 66.02, 11.60, 1.151, 65.93, 11.52, 0.003, 19.20, -28.87);
insert into SHOT values (2236, 2237, 2248, 1447, 1.170, 68.82, 10.10, 1.169, 68.57, 10.35, 0.007, 313.13, 41.03);
insert into SHOT values (2237, 2237, 2249, 1447, 1.140, 291.52, 14.60, 1.146, 291.71, 14.66, 0.007, 325.41, 22.06);
insert into SHOT values (2238, 2237, 2250, 1447, 0.990, 301.22, 17.70, 0.993, 301.17, 17.58, 0.004, 289.03, -15.32);
insert into SHOT values (2239, 2151, 2251, 1447, 4.630, 98.42, 37.50, 4.636, 98.44, 37.46, 0.007, 109.80, 12.01);
insert into SHOT values (2240, 2251, 2252, 1447, 2.140, 219.42, 9.50, 2.139, 219.42, 9.42, 0.003, 19.47, -79.53);
insert into SHOT values (2241, 2251, 2253, 1447, 4.730, 229.02, 1.20, 4.729, 229.03, 1.21, 0.002, 357.90, 34.34);
insert into SHOT values (2242, 2251, 2254, 1447, 4.970, 238.02, -0.70, 4.973, 238.07, -0.69, 0.005, 295.10, 7.88);
insert into SHOT values (2243, 2251, 2255, 1447, 5.230, 245.52, -26.80, 5.230, 245.58, -26.82, 0.005, 341.83, -21.66);
insert into SHOT values (2244, 2251, 2256, 1447, 5.830, 243.42, -42.50, 5.834, 243.49, -42.48, 0.007, 299.59, -10.67);
insert into SHOT values (2245, 2251, 2257, 1447, 1.150, 243.42, -49.40, 1.147, 243.78, -49.36, 0.006, 351.62, 32.60);
insert into SHOT values (2246, 2251, 2258, 1447, 21.420, 107.42, -77.40, 21.416, 107.43, -77.39, 0.005, 129.15, 63.20);
insert into SHOT values (2247, 2251, 2259, 1447, 0.690, 211.42, 25.90, 0.693, 211.91, 25.66, 0.007, 267.29, -12.18);
insert into SHOT values (2248, 2251, 2260, 1447, 1.050, 205.72, 21.40, 1.051, 206.04, 21.21, 0.007, 277.59, -28.16);
insert into SHOT values (2249, 2251, 2261, 1447, 3.020, 340.02, 84.30, 3.025, 340.35, 84.36, 0.006, 127.06, 57.57);
insert into SHOT values (2250, 2251, 2262, 1447, 3.900, 144.52, 58.40, 3.895, 144.59, 58.47, 0.008, 303.22, -13.22);
insert into SHOT values (2251, 2251, 2263, 1447, 6.180, 100.22, 71.10, 6.183, 100.07, 71.12, 0.006, 359.29, 32.06);
insert into SHOT values (2252, 2251, 2264, 1447, 2.540, 52.22, 64.60, 2.536, 52.08, 64.54, 0.005, 336.77, -58.62);
insert into SHOT values (2253, 2264, 2265, 1447, 1.890, 352.62, 11.00, 1.892, 352.57, 11.28, 0.010, 273.66, 80.20);
insert into SHOT values (2254, 2264, 2266, 1447, 2.500, 184.02, 9.40, 2.500, 183.95, 9.44, 0.003, 82.51, 30.75);
insert into SHOT values (2255, 2264, 2267, 1447, 2.360, 205.72, 7.90, 2.367, 205.80, 8.02, 0.009, 234.92, 39.31);
insert into SHOT values (2256, 2264, 2268, 1447, 2.390, 217.02, 4.70, 2.392, 217.16, 4.80, 0.007, 287.63, 33.89);
insert into SHOT values (2257, 2264, 2269, 1447, 5.780, 231.32, 2.50, 5.783, 231.32, 2.58, 0.008, 248.01, 72.58);
insert into SHOT values (2258, 2264, 2270, 1447, 3.840, 208.62, 50.00, 3.848, 208.54, 50.06, 0.009, 145.48, 64.92);
insert into SHOT values (2259, 2264, 2271, 1447, 5.680, 198.52, 73.10, 5.687, 198.65, 73.06, 0.009, 232.42, 36.93);
insert into SHOT values (2260, 2264, 2272, 1447, 1.880, 221.12, -29.00, 1.879, 221.05, -28.96, 0.002, 134.24, 38.60);
insert into SHOT values (2261, 2264, 2273, 1447, 2.340, 212.22, -20.90, 2.341, 212.31, -20.77, 0.007, 263.12, 46.18);
insert into SHOT values (2262, 2264, 2274, 1447, 6.020, 354.12, -53.70, 6.016, 354.03, -53.73, 0.007, 222.66, 13.55);
insert into SHOT values (2263, 2264, 2275, 1447, 2.190, 199.52, 3.50, 2.190, 199.51, 3.67, 0.006, 44.92, 86.04);
insert into SHOT values (2264, 2264, 2276, 1447, 2.190, 200.62, 2.70, 2.193, 200.59, 2.88, 0.007, 173.07, 69.46);
insert into SHOT values (2265, 2264, 2277, 1447, 2.190, 201.22, 2.60, 2.190, 201.17, 2.62, 0.002, 107.45, 19.43);
insert into SHOT values (2266, 2264, 2278, 1447, 2.550, 305.92, 1.80, 2.552, 305.75, 1.80, 0.008, 228.77, -0.71);
insert into SHOT values (2267, 2264, 2279, 1447, 3.410, 296.92, 19.30, 3.413, 296.96, 19.34, 0.004, 353.90, 44.15);
insert into SHOT values (2268, 2264, 2280, 1447, 2.100, 289.82, 16.30, 2.102, 289.69, 16.30, 0.005, 228.52, 6.78);
insert into SHOT values (2269, 2264, 2281, 1447, 6.410, 295.02, -52.00, 6.412, 295.01, -51.97, 0.004, 285.61, 15.96);
insert into SHOT values (2270, 2264, 2282, 1447, 2.800, 275.82, -50.50, 2.798, 275.81, -50.52, 0.002, 106.00, 15.95);
insert into SHOT values (2271, 2264, 2283, 1447, 2.360, 6.72, 59.70, 2.361, 6.77, 59.78, 0.004, 164.05, 42.43);
insert into SHOT values (2272, 2264, 2284, 1447, 0.310, 346.92, -67.10, 0.306, 345.96, -66.17, 0.007, 312.87, 56.55);
insert into SHOT values (2273, 2264, 2285, 1447, 2.450, 172.62, 81.40, 2.457, 172.09, 81.49, 0.009, 41.35, 59.59);
insert into SHOT values (2274, 2251, 2286, 1447, 21.260, 121.32, -77.00, 21.253, 121.29, -77.02, 0.010, 315.95, 32.16);
insert into SHOT values (2275, 2286, 2287, 1447, 2.800, 118.22, 9.60, 2.807, 118.23, 9.43, 0.011, 122.39, -38.77);
insert into SHOT values (2276, 2286, 2288, 1447, 2.430, 129.92, 4.80, 2.436, 129.99, 4.71, 0.008, 155.55, -26.21);
insert into SHOT values (2277, 2286, 2289, 1447, 3.520, 135.62, 3.10, 3.527, 135.69, 3.09, 0.008, 168.92, -2.52);
insert into SHOT values (2278, 2286, 2290, 1447, 4.140, 139.32, 2.50, 4.145, 139.31, 2.49, 0.005, 132.12, -6.42);
insert into SHOT values (2279, 2286, 2291, 1447, 1.910, 151.32, 5.80, 1.916, 151.15, 5.69, 0.009, 110.26, -19.53);
insert into SHOT values (2280, 2286, 2292, 1447, 1.820, 172.82, 7.00, 1.828, 172.72, 6.91, 0.009, 151.82, -11.60);
insert into SHOT values (2281, 2286, 2293, 1447, 2.250, 86.12, 18.90, 2.253, 86.24, 18.64, 0.012, 123.69, -49.82);
insert into SHOT values (2282, 2286, 2294, 1447, 1.110, 50.72, 19.40, 1.105, 50.83, 19.01, 0.009, 187.84, -71.49);
insert into SHOT values (2283, 2286, 2295, 1447, 2.130, 55.12, 24.00, 2.129, 55.25, 23.83, 0.008, 126.84, -53.48);
insert into SHOT values (2284, 2286, 2296, 1447, 0.340, 7.92, -72.00, 0.345, 11.31, -72.83, 0.010, 126.33, -44.07);
insert into SHOT values (2285, 2286, 2297, 1447, 21.600, 238.22, 86.10, 21.600, 238.04, 86.09, 0.006, 190.55, 0.18);
insert into SHOT values (2286, 2286, 2298, 1447, 8.750, 84.62, 80.70, 8.745, 84.73, 80.68, 0.006, 140.16, -55.44);
insert into SHOT values (2287, 2286, 2299, 1447, 4.380, 101.42, 62.70, 4.379, 101.48, 62.67, 0.003, 159.45, -40.84);
insert into SHOT values (2288, 2286, 2300, 1447, 11.470, 38.92, 61.00, 11.468, 39.01, 61.00, 0.010, 134.31, -11.38);
insert into SHOT values (2289, 2286, 2301, 1447, 13.530, 33.22, 71.60, 13.521, 33.24, 71.60, 0.009, 172.02, -70.71);
insert into SHOT values (2290, 2286, 2302, 1447, 5.000, 6.82, 77.80, 4.991, 7.13, 77.88, 0.012, 153.48, -34.69);
insert into SHOT values (2291, 2286, 2303, 1447, 6.670, 292.42, 73.50, 6.664, 292.36, 73.50, 0.006, 153.35, -62.94);
insert into SHOT values (2292, 2286, 2304, 1447, 4.250, 129.42, 0.60, 4.256, 129.37, 0.54, 0.008, 102.52, -32.54);
insert into SHOT values (2293, 2286, 2305, 1447, 3.480, 132.82, 1.70, 3.483, 132.90, 1.65, 0.007, 194.76, -28.37);
insert into SHOT values (2294, 2286, 2306, 1447, 1.790, 88.62, -19.00, 1.800, 88.65, -19.13, 0.011, 95.91, -41.91);
insert into SHOT values (2295, 2286, 2307, 1447, 2.060, 97.52, -22.90, 2.062, 97.57, -23.13, 0.009, 217.60, -75.45);
insert into SHOT values (2296, 2286, 2308, 1447, 5.540, 91.12, -22.00, 5.546, 91.11, -22.03, 0.006, 87.48, -46.87);
insert into SHOT values (2297, 2286, 2309, 1447, 5.890, 92.22, -19.40, 5.890, 92.27, -19.44, 0.006, 195.79, -34.38);
insert into SHOT values (2298, 2286, 2310, 1447, 2.030, 93.02, -16.40, 2.037, 93.23, -16.54, 0.011, 144.72, -36.76);
insert into SHOT values (2299, 2310, 2311, 1447, 1.730, 197.92, -84.00, 1.729, 199.44, -84.02, 0.005, 295.30, 6.18);
insert into SHOT values (2300, 2310, 2312, 1447, 1.990, 139.42, -30.00, 1.988, 139.47, -29.87, 0.005, 225.04, 72.22);
insert into SHOT values (2301, 2310, 2313, 1447, 1.650, 152.32, -23.00, 1.642, 152.42, -22.94, 0.009, 311.65, 32.12);
insert into SHOT values (2302, 2310, 2314, 1447, 0.520, 212.52, -22.50, 0.517, 213.02, -22.74, 0.005, 341.09, -10.56);
insert into SHOT values (2303, 2310, 2315, 1447, 0.260, 94.92, -53.00, 0.258, 93.81, -54.40, 0.007, 300.07, -19.07);
insert into SHOT values (2304, 2310, 2316, 1447, 0.960, 108.82, -33.20, 0.957, 108.89, -32.92, 0.006, 201.85, 80.37);
insert into SHOT values (2305, 2310, 2317, 1447, 1.570, 3.12, -54.50, 1.571, 3.14, -54.55, 0.002, 130.45, -73.46);
insert into SHOT values (2306, 2310, 2318, 1447, 7.250, 170.82, 87.20, 7.249, 171.87, 87.20, 0.007, 266.68, -11.64);
insert into SHOT values (2307, 2310, 2319, 1447, 3.510, 317.42, 40.60, 3.516, 317.28, 40.64, 0.009, 251.17, 39.24);
insert into SHOT values (2308, 2310, 2320, 1447, 5.150, 22.92, 57.00, 5.154, 22.82, 56.96, 0.007, 340.97, 7.01);
insert into SHOT values (2309, 2310, 2321, 1447, 14.220, 3.82, 58.30, 14.224, 3.83, 58.29, 0.005, 29.65, 16.24);
insert into SHOT values (2310, 2310, 2322, 1447, 9.190, 352.52, 59.60, 9.193, 352.46, 59.61, 0.006, 259.08, 37.89);
insert into SHOT values (2311, 2310, 2323, 1447, 4.140, 256.92, 59.50, 4.143, 257.09, 59.50, 0.007, 329.34, 23.64);
insert into SHOT values (2312, 2310, 2324, 1447, 5.470, 278.32, 53.40, 5.470, 278.28, 53.37, 0.004, 238.79, -22.22);
insert into SHOT values (2313, 2310, 2325, 1447, 1.680, 216.52, -23.50, 1.683, 216.57, -23.46, 0.004, 240.47, -1.58);
insert into SHOT values (2314, 2325, 2326, 1447, 1.060, 226.72, -84.80, 1.054, 229.40, -84.98, 0.008, 359.39, 43.86);
insert into SHOT values (2315, 2325, 2327, 1447, 0.910, 249.22, -48.30, 0.906, 249.44, -48.67, 0.008, 51.25, -4.18);
insert into SHOT values (2316, 2325, 2328, 1447, 1.080, 41.12, -57.20, 1.088, 40.91, -56.80, 0.011, 29.67, -11.61);
insert into SHOT values (2317, 2325, 2329, 1447, 0.540, 57.42, -3.80, 0.545, 57.77, -3.16, 0.008, 91.50, 44.02);
insert into SHOT values (2318, 2325, 2330, 1447, 1.170, 132.02, 14.00, 1.169, 132.14, 14.36, 0.008, 268.12, 63.80);
insert into SHOT values (2319, 2325, 2331, 1447, 1.520, 119.82, 16.90, 1.516, 119.74, 16.87, 0.004, 330.14, -27.09);
insert into SHOT values (2320, 2325, 2332, 1447, 2.280, 126.62, 25.70, 2.278, 126.48, 25.75, 0.006, 10.70, 12.83);
insert into SHOT values (2321, 2325, 2333, 1447, 0.910, 152.82, 83.60, 0.916, 150.95, 83.55, 0.007, 86.35, 57.10);
insert into SHOT values (2322, 2325, 2334, 1447, 3.190, 67.72, -67.20, 3.192, 67.77, -67.09, 0.006, 78.23, 6.77);
insert into SHOT values (2323, 2325, 2335, 1447, 3.100, 107.62, -72.90, 3.097, 107.24, -72.89, 0.007, 11.78, 26.20);
insert into SHOT values (2324, 2325, 2336, 1447, 3.480, 99.22, -24.30, 3.477, 99.08, -24.28, 0.008, 354.84, 14.35);
insert into SHOT values (2325, 2325, 2337, 1447, 2.990, 90.82, 9.40, 2.991, 90.78, 9.43, 0.003, 12.11, 37.68);
insert into SHOT values (2326, 2325, 2338, 1447, 2.330, 127.62, 34.60, 2.334, 127.59, 34.74, 0.007, 50.81, 81.29);
insert into SHOT values (2327, 2338, 2339, 1447, 1.210, 78.42, -43.90, 1.209, 78.04, -44.03, 0.007, 320.28, -8.69);
insert into SHOT values (2328, 2338, 2340, 1447, 1.640, 153.82, -78.80, 1.640, 153.43, -79.00, 0.006, 354.63, -11.84);
insert into SHOT values (2329, 2338, 2341, 1447, 1.820, 69.32, -14.20, 1.823, 69.10, -14.29, 0.008, 354.32, -27.25);
insert into SHOT values (2330, 2338, 2342, 1447, 2.120, 74.52, -2.60, 2.120, 74.39, -2.70, 0.006, 348.28, -38.79);
insert into SHOT values (2331, 2338, 2343, 1447, 1.000, 83.72, -7.70, 1.006, 83.66, -8.00, 0.008, 72.58, -49.11);
insert into SHOT values (2332, 2338, 2344, 1447, 0.970, 237.42, -7.10, 0.965, 237.80, -7.15, 0.008, 7.32, -0.73);
insert into SHOT values (2333, 2338, 2345, 1447, 1.460, 227.52, -1.70, 1.459, 227.78, -1.96, 0.009, 326.21, -44.80);
insert into SHOT values (2334, 2338, 2346, 1447, 2.180, 240.72, 78.90, 2.171, 241.61, 78.83, 0.011, 323.33, -54.47);
insert into SHOT values (2335, 2338, 2347, 1447, 3.770, 332.82, -83.00, 3.778, 332.88, -83.00, 0.008, 354.99, -80.88);
insert into SHOT values (2336, 2338, 2348, 1447, 2.910, 72.82, -68.20, 2.917, 72.74, -68.30, 0.009, 287.08, -72.46);
insert into SHOT values (2337, 2348, 2349, 1447, 0.400, 142.92, 16.70, 0.397, 142.52, 17.61, 0.008, 349.84, 41.38);
insert into SHOT values (2338, 2348, 2350, 1447, 2.150, 82.22, -1.50, 2.150, 82.25, -1.33, 0.006, 152.72, 79.52);
insert into SHOT values (2339, 2348, 2351, 1447, 0.720, 93.22, -1.20, 0.721, 93.18, -0.79, 0.005, 72.64, 75.07);
insert into SHOT values (2340, 2348, 2352, 1447, 1.170, 176.92, -5.20, 1.166, 176.55, -4.92, 0.010, 64.53, 36.58);
insert into SHOT values (2341, 2348, 2353, 1447, 0.360, 84.32, 6.40, 0.364, 83.66, 6.30, 0.006, 41.16, -1.21);
insert into SHOT values (2342, 2348, 2354, 1447, 3.010, 307.62, -77.90, 3.008, 307.95, -77.83, 0.006, 357.39, 32.66);
insert into SHOT values (2343, 2348, 2355, 1447, 6.530, 351.32, -80.20, 6.525, 351.72, -80.19, 0.009, 80.74, 30.87);
insert into SHOT values (2344, 2348, 2356, 1447, 3.180, 51.72, -75.00, 3.179, 51.88, -74.94, 0.004, 88.64, 22.66);
insert into SHOT values (2345, 2348, 2357, 1447, 5.510, 348.82, 87.80, 5.514, 349.22, 87.78, 0.005, 22.20, 56.39);
insert into SHOT values (2346, 2348, 2358, 1447, 1.930, 79.32, 82.40, 1.937, 78.69, 82.44, 0.008, 342.80, 67.99);
insert into SHOT values (2347, 2348, 2359, 1447, 1.940, 331.12, 76.10, 1.946, 331.78, 76.17, 0.009, 69.32, 51.30);
insert into SHOT values (2348, 2348, 2360, 1447, 3.820, 38.92, -68.50, 3.816, 38.92, -68.46, 0.004, 35.08, 78.42);
insert into SHOT values (2349, 2348, 2361, 1447, 11.310, 42.82, -68.40, 11.306, 42.76, -68.37, 0.008, 2.03, 43.89);
insert into SHOT values (2350, 2361, 2362, 1447, 1.800, 262.72, -9.70, 1.802, 262.55, -9.91, 0.008, 180.51, -52.82);
insert into SHOT values (2351, 2361, 2363, 1447, 1.380, 235.52, -5.80, 1.380, 235.38, -5.82, 0.003, 147.72, -9.60);
insert into SHOT values (2352, 2361, 2364, 1447, 3.350, 131.02, 2.10, 3.355, 131.01, 2.05, 0.006, 125.28, -28.77);
insert into SHOT values (2353, 2361, 2365, 1447, 2.370, 143.22, -6.90, 2.376, 143.28, -7.01, 0.008, 168.08, -42.79);
insert into SHOT values (2354, 2361, 2366, 1447, 5.410, 184.82, 56.10, 5.411, 184.75, 56.07, 0.005, 133.65, -4.44);
insert into SHOT values (2355, 2361, 2367, 1447, 6.280, 219.62, 69.90, 6.283, 219.36, 69.89, 0.010, 140.52, 14.33);
insert into SHOT values (2356, 2361, 2368, 1447, 6.520, 255.02, 73.60, 6.516, 254.91, 73.57, 0.006, 202.69, -46.79);
insert into SHOT values (2357, 2361, 2369, 1447, 0.640, 263.92, -22.90, 0.635, 263.12, -23.17, 0.010, 140.36, -5.61);
insert into SCRAPS values (1449, 1443, 'SP-Esc-1', 1, 61.01147, 0.52311);
 insert into SCRAPS values (1483, 1443, 'SC-Esc-1', 2, 53.56134, 9.49083);
 insert into SCRAPS values (1500, 1443, 'SC-Esc-2', 2, 48.38740, 11.36666);
 insert into SCRAPS values (1516, 1443, 'SC-Esc-3', 2, 11.65242, 2.02983);
 insert into MAPS values (1527, 1443, 'MP-Escalade_speleoloques2-plan-tot', 'Escalade_speleoloques2', 1, 67.990, -36.500);
 insert into MAPITEMS values (1527, 4, 1449);
 insert into MAPS values (1528, 1443, 'MC-Escalade_speleoloques2-coupe-tot-elev', 'Escalade_speleoloques2', 2, 67.990, -36.500);
 insert into MAPITEMS values (1528, 4, 1483);
 insert into MAPITEMS values (1528, 4, 1500);
 insert into MAPITEMS values (1528, 4, 1516);
 insert into SURVEY values (1530, 327, 'P40_suite', 'P40_suite.Kriska.Ded.Ded', 'P40_suite');
 insert into CENTRELINE values (1531, 1530, NULL, NULL, NULL, 0.00, 0.00, 0.00);
 insert into SURVEY values (1532, 1530, 'suite_p40', 'suite_p40.P40_suite.Kriska.Ded.Ded', 'suite p40');
 insert into CENTRELINE values (1533, 1532, NULL, NULL, NULL, 0.00, 0.00, 0.00);
 insert into CENTRELINE values (1534, 1532, NULL, '2023-06-14', '2023-06-14', 94.22, 0.00, 0.00);
 insert into TOPO values (32, 1534);
 insert into TOPO values (2, 1534);
 insert into EXPLO values (32, 1534);
 insert into EXPLO values (2, 1534);
 insert into PERSON values (33, 'Romain', 'Vanel(GUCEM)');
insert into EXPLO values (33, 1534);
 insert into SHOT values (2358, 2370, 2371, 1534, 2.160, 48.82, -44.80, 2.162, 48.95, -44.66, 0.007, 83.05, 17.09);
insert into SHOT values (2359, 2370, 2372, 1534, 3.670, 55.32, -37.30, 3.667, 55.33, -37.26, 0.004, 208.16, 70.72);
insert into SHOT values (2360, 2370, 2373, 1534, 1.320, 57.62, -39.70, 1.318, 57.88, -39.60, 0.006, 149.34, 34.77);
insert into SHOT values (2361, 2370, 2374, 1534, 0.920, 47.12, 7.70, 0.921, 47.22, 7.49, 0.004, 102.03, -58.60);
insert into SHOT values (2362, 2370, 2375, 1534, 1.820, 351.72, 1.10, 1.819, 351.78, 1.26, 0.006, 107.73, 66.07);
insert into SHOT values (2363, 2370, 2376, 1534, 0.150, 255.32, -4.50, 0.146, 254.05, -3.93, 0.005, 114.26, 19.11);
insert into SHOT values (2364, 2370, 2377, 1534, 2.440, 324.42, 9.10, 2.440, 324.46, 9.20, 0.005, 73.05, 63.95);
insert into SHOT values (2365, 2370, 2378, 1534, 0.990, 131.92, 12.20, 0.992, 132.08, 12.22, 0.004, 180.53, 12.48);
insert into SHOT values (2366, 2370, 2379, 1534, 2.790, 153.02, 82.80, 2.792, 152.70, 82.82, 0.003, 39.74, 43.61);
insert into SHOT values (2367, 2370, 2380, 1534, 1.190, 88.32, 2.60, 1.191, 88.56, 2.41, 0.007, 160.51, -37.40);
insert into SHOT values (2368, 2370, 2381, 1534, 1.550, 15.32, -7.30, 1.549, 15.48, -7.42, 0.006, 126.14, -32.50);
insert into SHOT values (2369, 2370, 2382, 1534, 1.900, 346.42, 1.40, 1.893, 346.55, 1.51, 0.009, 136.05, 22.22);
insert into SHOT values (2370, 2370, 2383, 1534, 1.900, 301.02, -7.10, 1.894, 301.07, -6.98, 0.008, 104.91, 38.72);
insert into SHOT values (2371, 2370, 2384, 1534, 4.990, 310.22, -4.30, 4.988, 310.19, -4.25, 0.005, 186.89, 54.73);
insert into SHOT values (2372, 2370, 2385, 1534, 5.410, 317.22, 48.60, 5.409, 317.15, 48.65, 0.006, 179.54, 18.15);
insert into SHOT values (2373, 2385, 2386, 1534, 0.230, 34.62, -4.90, 0.231, 34.38, -4.97, 0.001, 352.59, -13.99);
insert into SHOT values (2374, 2385, 2387, 1534, 0.780, 117.82, -7.90, 0.786, 117.55, -8.04, 0.007, 85.43, -22.62);
insert into SHOT values (2375, 2385, 2388, 1534, 0.710, 146.62, -14.40, 0.708, 146.31, -14.72, 0.006, 20.82, -37.14);
insert into SHOT values (2376, 2385, 2389, 1534, 1.760, 129.02, -49.90, 1.761, 128.90, -50.05, 0.005, 347.75, -44.65);
insert into SHOT values (2377, 2385, 2390, 1534, 1.530, 144.62, -52.80, 1.531, 144.25, -52.86, 0.006, 46.25, -12.21);
insert into SHOT values (2378, 2385, 2391, 1534, 1.100, 123.02, -84.80, 1.105, 119.05, -84.65, 0.009, 55.98, -30.37);
insert into SHOT values (2379, 2385, 2392, 1534, 0.410, 162.62, -9.60, 0.405, 162.47, -9.96, 0.006, 352.40, -15.53);
insert into SHOT values (2380, 2385, 2393, 1534, 1.420, 230.42, -26.40, 1.419, 230.43, -26.36, 0.001, 30.63, 69.19);
insert into SHOT values (2381, 2385, 2394, 1534, 1.520, 237.32, -10.90, 1.512, 237.38, -11.06, 0.009, 46.35, -16.57);
insert into SHOT values (2382, 2385, 2395, 1534, 1.920, 276.12, 83.40, 1.923, 277.77, 83.37, 0.007, 354.91, 22.71);
insert into SHOT values (2383, 2385, 2396, 1534, 0.960, 199.32, 75.80, 0.958, 197.65, 76.06, 0.008, 74.19, -4.65);
insert into SHOT values (2384, 2385, 2397, 1534, 0.710, 339.42, 80.70, 0.710, 340.02, 80.51, 0.003, 7.44, -14.36);
insert into SHOT values (2385, 2385, 2398, 1534, 2.910, 258.42, 66.90, 2.914, 258.40, 66.90, 0.004, 243.71, 62.50);
insert into SHOT values (2386, 2398, 2399, 1534, 2.030, 261.92, -6.90, 2.025, 261.99, -7.09, 0.009, 57.53, -44.38);
insert into SHOT values (2387, 2398, 2400, 1534, 0.140, 186.22, -7.00, 0.132, 184.40, -8.72, 0.010, 31.81, -17.05);
insert into SHOT values (2388, 2398, 2401, 1534, 2.910, 265.12, -4.40, 2.909, 265.25, -4.53, 0.010, 7.32, -43.87);
insert into SHOT values (2389, 2398, 2402, 1534, 1.800, 297.12, -3.20, 1.801, 297.14, -3.50, 0.010, 336.13, -84.64);
insert into SHOT values (2390, 2398, 2403, 1534, 1.610, 346.32, -2.60, 1.617, 346.39, -2.84, 0.010, 3.51, -43.60);
insert into SHOT values (2391, 2398, 2404, 1534, 0.990, 22.72, 7.60, 0.995, 22.66, 7.51, 0.005, 12.13, -10.72);
insert into SHOT values (2392, 2398, 2405, 1534, 0.620, 73.42, 4.60, 0.628, 73.30, 4.56, 0.009, 64.81, 1.86);
insert into SHOT values (2393, 2398, 2406, 1534, 2.830, 302.22, -39.90, 2.830, 302.37, -40.03, 0.009, 69.58, -32.91);
insert into SHOT values (2394, 2398, 2407, 1534, 1.780, 322.42, -71.70, 1.782, 322.93, -71.54, 0.007, 7.09, -0.18);
insert into SHOT values (2395, 2398, 2408, 1534, 11.320, 305.22, 83.50, 11.312, 305.43, 83.52, 0.010, 81.69, -45.98);
insert into SHOT values (2396, 2398, 2409, 1534, 7.090, 297.02, 77.80, 7.089, 297.08, 77.84, 0.005, 97.29, 1.44);
insert into SHOT values (2397, 2398, 2410, 1534, 14.340, 273.92, 73.30, 14.335, 274.04, 73.30, 0.010, 7.53, -31.14);
insert into SHOT values (2398, 2398, 2411, 1534, 2.150, 248.22, -13.60, 2.149, 248.35, -13.73, 0.007, 5.27, -38.97);
insert into SHOT values (2399, 2411, 2412, 1534, 0.940, 293.52, -2.30, 0.937, 293.28, -2.45, 0.005, 165.58, -24.75);
insert into SHOT values (2400, 2411, 2413, 1534, 0.880, 342.42, -4.40, 0.882, 342.80, -4.55, 0.007, 54.63, -21.88);
insert into SHOT values (2401, 2411, 2414, 1534, 1.460, 53.92, -2.60, 1.462, 53.91, -2.74, 0.004, 51.88, -66.48);
insert into SHOT values (2402, 2411, 2415, 1534, 2.820, 98.82, -1.50, 2.824, 98.76, -1.42, 0.006, 63.77, 38.67);
insert into SHOT values (2403, 2411, 2416, 1534, 2.540, 71.82, 1.60, 2.547, 71.92, 1.58, 0.008, 106.46, -6.48);
insert into SHOT values (2404, 2411, 2417, 1534, 1.380, 102.82, -0.10, 1.385, 102.93, 0.00, 0.006, 131.33, 22.40);
insert into SHOT values (2405, 2411, 2418, 1534, 0.160, 199.72, 9.30, 0.161, 198.43, 10.74, 0.005, 112.59, 49.47);
insert into SHOT values (2406, 2411, 2419, 1534, 1.900, 100.92, 13.10, 1.903, 100.89, 13.06, 0.003, 80.77, -12.09);
insert into SHOT values (2407, 2411, 2420, 1534, 1.110, 111.22, 6.10, 1.111, 111.22, 6.20, 0.002, 116.99, 58.90);
insert into SHOT values (2408, 2411, 2421, 1534, 6.680, 355.12, 78.20, 6.681, 355.38, 78.22, 0.006, 99.73, 10.38);
insert into SHOT values (2409, 2421, 2422, 1534, 1.450, 285.82, -3.10, 1.456, 285.57, -3.15, 0.009, 236.21, -10.75);
insert into SHOT values (2410, 2421, 2423, 1534, 2.000, 264.02, -2.10, 2.002, 263.98, -2.00, 0.004, 232.99, 49.66);
insert into SHOT values (2411, 2421, 2424, 1534, 2.510, 245.42, -5.70, 2.509, 245.39, -5.72, 0.002, 129.09, -24.39);
insert into SHOT values (2412, 2421, 2425, 1534, 1.750, 225.02, -6.10, 1.750, 225.00, -6.23, 0.004, 85.66, -78.76);
insert into SHOT values (2413, 2421, 2426, 1534, 0.690, 119.22, 12.70, 0.692, 119.22, 12.51, 0.003, 119.69, -30.30);
insert into SHOT values (2414, 2421, 2427, 1534, 4.900, 129.22, -2.30, 4.900, 129.28, -2.34, 0.006, 216.29, -31.50);
insert into SHOT values (2415, 2421, 2428, 1534, 5.870, 133.72, -2.80, 5.871, 133.69, -2.83, 0.005, 52.23, -46.18);
insert into SHOT values (2416, 2421, 2429, 1534, 3.050, 141.72, -1.00, 3.047, 141.66, -0.94, 0.005, 10.24, 40.13);
insert into SHOT values (2417, 2421, 2430, 1534, 1.230, 149.52, -3.00, 1.230, 149.68, -3.26, 0.007, 244.75, -58.66);
insert into SHOT values (2418, 2421, 2431, 1534, 1.120, 182.92, -3.90, 1.124, 183.07, -4.08, 0.006, 217.77, -36.78);
insert into SHOT values (2419, 2421, 2432, 1534, 1.330, 210.12, 0.70, 1.331, 210.23, 0.43, 0.007, 277.72, -66.48);
insert into SHOT values (2420, 2421, 2433, 1534, 5.530, 195.92, -77.50, 5.531, 196.01, -77.51, 0.002, 300.25, -28.14);
insert into SHOT values (2421, 2421, 2434, 1534, 8.030, 187.42, -82.90, 8.031, 187.56, -82.93, 0.005, 336.05, -18.85);
insert into SHOT values (2422, 2421, 2435, 1534, 3.450, 214.82, 65.40, 3.453, 214.80, 65.41, 0.003, 180.29, 73.35);
insert into SHOT values (2423, 2421, 2436, 1534, 6.490, 278.82, 77.20, 6.491, 278.81, 77.21, 0.002, 114.87, 53.56);
insert into SHOT values (2424, 2421, 2437, 1534, 4.620, 182.92, 81.40, 4.622, 183.32, 81.40, 0.005, 269.50, 21.90);
insert into SHOT values (2425, 2421, 2438, 1534, 9.150, 251.92, 85.50, 9.148, 252.07, 85.52, 0.004, 40.80, -25.63);
insert into SHOT values (2426, 2421, 2439, 1534, 11.910, 262.32, 85.20, 11.912, 262.52, 85.19, 0.004, 324.08, 23.90);
insert into SHOT values (2427, 2421, 2440, 1534, 1.210, 188.72, 24.30, 1.211, 188.86, 24.38, 0.004, 271.18, 35.84);
insert into SHOT values (2428, 2421, 2441, 1534, 1.210, 188.82, 22.60, 1.204, 188.79, 22.45, 0.006, 17.57, -50.82);
insert into SHOT values (2429, 2441, 2442, 1534, 9.390, 35.42, 79.30, 9.393, 35.42, 79.31, 0.003, 203.75, 75.05);
insert into SHOT values (2430, 2442, 2443, 1534, 0.860, 61.32, 14.00, 0.858, 61.28, 14.16, 0.003, 256.23, 42.57);
insert into SHOT values (2431, 2442, 2444, 1534, 1.520, 10.02, 31.00, 1.515, 9.75, 30.99, 0.008, 245.42, -21.40);
insert into SHOT values (2432, 2442, 2445, 1534, 1.320, 324.62, 35.40, 1.322, 324.09, 35.63, 0.011, 223.94, 28.02);
insert into SHOT values (2433, 2442, 2446, 1534, 3.660, 337.22, 39.90, 3.663, 337.18, 39.91, 0.004, 294.71, 37.65);
insert into SHOT values (2434, 2442, 2447, 1534, 1.950, 155.62, -11.20, 1.957, 155.70, -11.19, 0.008, 177.70, -9.10);
insert into SHOT values (2435, 2442, 2448, 1534, 0.840, 178.72, -7.80, 0.847, 178.64, -7.46, 0.009, 170.27, 26.30);
insert into SHOT values (2436, 2442, 2449, 1534, 1.000, 231.32, -10.10, 1.003, 231.16, -9.76, 0.007, 197.55, 47.57);
insert into SHOT values (2437, 2442, 2450, 1534, 0.910, 262.12, -12.00, 0.910, 261.60, -12.06, 0.008, 167.87, -5.64);
insert into SHOT values (2438, 2442, 2451, 1534, 2.660, 245.52, -9.20, 2.660, 245.48, -9.08, 0.006, 189.73, 70.70);
insert into SHOT values (2439, 2442, 2452, 1534, 13.500, 235.82, -82.70, 13.500, 235.66, -82.68, 0.006, 188.73, 5.20);
insert into SHOT values (2440, 2442, 2453, 1534, 3.040, 275.12, -71.60, 3.037, 274.76, -71.51, 0.008, 217.27, 33.13);
insert into SHOT values (2441, 2442, 2454, 1534, 6.370, 226.62, -70.20, 6.369, 226.50, -70.13, 0.009, 192.70, 22.84);
insert into SHOT values (2442, 2442, 2455, 1534, 4.220, 246.22, -44.40, 4.220, 246.15, -44.35, 0.005, 193.19, 31.43);
insert into SHOT values (2443, 2442, 2456, 1534, 1.760, 315.82, 74.80, 1.761, 315.88, 74.87, 0.002, 119.68, 40.30);
insert into SHOT values (2444, 2442, 2457, 1534, 2.520, 359.92, 30.30, 2.514, 359.74, 30.34, 0.009, 229.99, -8.95);
insert into SHOT values (2445, 2457, 2458, 1534, 1.270, 8.72, -16.20, 1.274, 8.92, -15.95, 0.008, 48.84, 32.19);
insert into SHOT values (2446, 2457, 2459, 1534, 1.590, 311.52, 12.50, 1.590, 311.60, 12.71, 0.006, 65.31, 66.61);
insert into SHOT values (2447, 2457, 2460, 1534, 4.010, 297.62, 32.90, 4.008, 297.63, 32.95, 0.004, 103.03, 29.14);
insert into SHOT values (2448, 2457, 2461, 1534, 2.210, 266.32, 33.60, 2.203, 266.25, 33.63, 0.008, 104.23, -22.66);
insert into SHOT values (2449, 2457, 2462, 1534, 1.620, 51.82, -82.50, 1.614, 52.59, -82.38, 0.007, 100.67, 57.87);
insert into SHOT values (2450, 2457, 2463, 1534, 0.630, 13.22, -58.10, 0.629, 13.63, -57.35, 0.009, 33.32, 34.48);
insert into SHOT values (2451, 2457, 2464, 1534, 1.950, 229.82, -43.50, 1.947, 229.88, -43.50, 0.004, 13.69, 39.90);
insert into SHOT values (2452, 2457, 2465, 1534, 1.220, 278.72, -9.80, 1.212, 278.67, -9.98, 0.009, 104.84, -15.25);
insert into SHOT values (2453, 2457, 2466, 1534, 1.820, 301.52, 37.00, 1.824, 301.50, 37.10, 0.005, 280.51, 78.95);
insert into SHOT values (2454, 2457, 2467, 1534, 4.560, 285.92, 38.70, 4.558, 285.99, 38.70, 0.005, 29.97, -13.42);
insert into SHOT values (2455, 2457, 2468, 1534, 3.820, 300.02, 22.80, 3.820, 299.99, 22.80, 0.002, 205.69, -9.46);
insert into SHOT values (2456, 2457, 2469, 1534, 2.620, 309.22, 32.80, 2.615, 309.27, 32.89, 0.007, 111.24, 6.19);
insert into SHOT values (2457, 2469, 2470, 1534, 1.610, 194.92, 5.50, 1.604, 195.26, 5.72, 0.013, 319.00, 26.59);
insert into SHOT values (2458, 2469, 2471, 1534, 0.280, 41.92, 30.90, 0.279, 41.63, 30.17, 0.004, 337.50, -70.78);
insert into SHOT values (2459, 2469, 2472, 1534, 3.420, 234.52, -81.30, 3.419, 234.46, -81.32, 0.001, 77.38, 27.02);
insert into SHOT values (2460, 2469, 2473, 1534, 1.350, 283.32, 32.90, 1.356, 283.67, 32.58, 0.012, 321.87, -16.18);
insert into SHOT values (2461, 2469, 2474, 1534, 4.100, 272.02, -3.90, 4.102, 272.10, -3.91, 0.006, 341.36, -10.16);
insert into SHOT values (2462, 2469, 2475, 1534, 4.070, 119.22, -37.50, 4.070, 119.11, -37.54, 0.007, 16.85, -20.11);
insert into SHOT values (2463, 2469, 2476, 1534, 3.720, 265.72, 48.80, 3.725, 265.80, 48.74, 0.007, 294.63, 8.07);
insert into SHOT values (2464, 2476, 2477, 1534, 4.440, 318.22, -84.40, 4.440, 318.81, -84.51, 0.009, 109.50, -7.36);
insert into SHOT values (2465, 2476, 2478, 1534, 1.280, 352.02, -77.20, 1.282, 351.87, -77.25, 0.002, 216.51, -60.16);
insert into SHOT values (2466, 2476, 2479, 1534, 1.280, 295.22, -86.70, 1.282, 296.57, -87.00, 0.007, 101.81, -17.33);
insert into SHOT values (2467, 2476, 2480, 1534, 1.850, 19.12, -29.40, 1.849, 19.22, -29.48, 0.004, 143.05, -27.07);
insert into SHOT values (2468, 2476, 2481, 1534, 0.620, 10.12, -39.60, 0.624, 10.84, -39.89, 0.008, 92.73, -38.23);
insert into SHOT values (2469, 2476, 2482, 1534, 0.960, 358.42, -49.00, 0.957, 359.09, -48.81, 0.009, 86.72, 31.39);
insert into SHOT values (2470, 2476, 2483, 1534, 0.860, 186.22, 3.90, 0.857, 186.04, 4.02, 0.004, 44.60, 19.91);
insert into SHOT values (2471, 2476, 2484, 1534, 0.300, 238.72, -64.70, 0.298, 241.39, -65.11, 0.007, 356.24, 10.53);
insert into SHOT values (2472, 2476, 2485, 1534, 1.230, 272.32, -65.90, 1.227, 272.29, -65.93, 0.003, 99.49, 56.25);
insert into SHOT values (2473, 2476, 2486, 1534, 1.220, 266.82, -69.10, 1.219, 267.34, -69.31, 0.006, 47.53, -2.51);
insert into SHOT values (2474, 2476, 2487, 1534, 3.680, 100.82, -59.70, 3.686, 100.83, -59.63, 0.007, 103.75, -22.54);
insert into SHOT values (2475, 2476, 2488, 1534, 7.210, 98.32, -46.90, 7.210, 98.28, -46.85, 0.007, 64.15, 36.63);
insert into SHOT values (2476, 2476, 2489, 1534, 2.360, 294.42, 43.10, 2.358, 294.33, 43.06, 0.004, 201.99, -45.20);
insert into SHOT values (2477, 2476, 2490, 1534, 2.410, 294.42, 6.90, 2.403, 294.52, 6.93, 0.009, 83.50, 3.13);
insert into SHOT values (2478, 2476, 2491, 1534, 2.230, 295.92, 12.00, 2.230, 296.10, 11.90, 0.008, 15.93, -27.86);
insert into SHOT values (2479, 2491, 2492, 1534, 2.600, 178.42, -78.80, 2.601, 177.75, -78.68, 0.008, 130.58, 3.47);
insert into SHOT values (2480, 2491, 2493, 1534, 1.030, 178.92, -47.10, 1.033, 178.39, -46.56, 0.012, 143.08, 21.91);
insert into SHOT values (2481, 2491, 2494, 1534, 0.920, 172.32, 2.30, 0.930, 171.96, 2.47, 0.012, 141.69, 15.04);
insert into SHOT values (2482, 2491, 2495, 1534, 1.690, 187.42, 85.70, 1.695, 184.40, 85.59, 0.009, 124.36, 31.70);
insert into SHOT values (2483, 2491, 2496, 1534, 1.050, 189.82, 45.90, 1.054, 189.46, 46.16, 0.008, 89.89, 52.43);
insert into SHOT values (2484, 2491, 2497, 1534, 1.060, 224.72, 14.80, 1.060, 224.60, 14.75, 0.002, 148.53, -20.46);
insert into SHOT values (2485, 2491, 2498, 1534, 1.840, 235.12, -31.70, 1.836, 234.89, -31.53, 0.009, 138.12, 47.44);
insert into SHOT values (2486, 2491, 2499, 1534, 1.750, 215.32, 44.20, 1.751, 214.95, 44.15, 0.008, 140.00, -0.27);
insert into SHOT values (2487, 2491, 2500, 1534, 1.060, 97.92, 30.80, 1.063, 98.22, 31.17, 0.009, 201.63, 55.71);
insert into SHOT values (2488, 2491, 2501, 1534, 1.910, 95.92, -15.00, 1.914, 95.90, -14.84, 0.007, 87.72, 41.47);
insert into SHOT values (2489, 2491, 2502, 1534, 2.030, 99.12, -42.40, 2.031, 99.21, -42.42, 0.003, 182.91, -25.28);
insert into SHOT values (2490, 2491, 2503, 1534, 1.680, 209.72, 6.20, 1.690, 209.62, 6.45, 0.013, 192.27, 41.42);
insert into SHOT values (2491, 2503, 2504, 1534, 0.540, 4.72, -0.40, 0.542, 5.29, -1.06, 0.009, 71.77, -46.62);
insert into SHOT values (2492, 2503, 2505, 1534, 0.450, 47.52, -0.10, 0.460, 47.64, -1.25, 0.014, 53.20, -42.21);
insert into SHOT values (2493, 2503, 2506, 1534, 1.710, 3.52, -64.20, 1.714, 3.81, -63.98, 0.008, 31.24, -3.11);
insert into SHOT values (2494, 2503, 2507, 1534, 1.630, 52.02, -61.90, 1.636, 51.80, -61.67, 0.009, 32.93, -13.41);
insert into SHOT values (2495, 2503, 2508, 1534, 0.660, 28.92, 80.40, 0.660, 30.96, 79.83, 0.008, 61.66, -5.62);
insert into SHOT values (2496, 2503, 2509, 1534, 0.980, 98.72, 69.70, 0.973, 98.37, 69.31, 0.010, 68.74, -65.21);
insert into SHOT values (2497, 2503, 2510, 1534, 1.750, 95.62, 86.10, 1.744, 94.76, 86.04, 0.006, 43.10, -69.19);
insert into SHOT values (2498, 2503, 2511, 1534, 1.090, 223.62, -78.50, 1.091, 225.00, -78.79, 0.008, 359.29, -14.41);
insert into SHOT values (2499, 2503, 2512, 1534, 1.310, 116.12, -67.50, 1.319, 116.05, -67.68, 0.010, 349.34, -85.91);
insert into SHOT values (2500, 2503, 2513, 1534, 1.910, 132.72, -80.00, 1.919, 131.35, -80.01, 0.012, 51.67, -48.22);
insert into SHOT values (2501, 2503, 2514, 1534, 1.630, 147.92, 7.70, 1.623, 147.69, 7.44, 0.012, 13.33, -43.48);
insert into SHOT values (2502, 2503, 2515, 1534, 1.600, 136.82, 8.30, 1.601, 136.53, 8.26, 0.008, 55.73, -6.98);
insert into SHOT values (2503, 2503, 2516, 1534, 0.680, 119.42, 8.80, 0.683, 119.22, 8.41, 0.006, 89.25, -40.93);
insert into SHOT values (2504, 2503, 2517, 1534, 1.350, 156.72, -32.60, 1.348, 156.60, -32.79, 0.005, 5.55, -29.42);
insert into SHOT values (2505, 2503, 2518, 1534, 1.620, 137.62, -42.00, 1.623, 137.02, -42.18, 0.014, 42.46, -25.57);
insert into SHOT values (2506, 2503, 2519, 1534, 1.170, 143.02, -10.80, 1.169, 142.43, -10.85, 0.012, 46.94, -3.70);
insert into SHOT values (2507, 2503, 2520, 1534, 1.710, 143.22, -1.80, 1.707, 142.86, -2.01, 0.013, 36.56, -29.62);
insert into SHOT values (2508, 2503, 2521, 1534, 1.640, 144.62, 27.80, 1.636, 144.55, 27.69, 0.006, 359.68, -60.40);
insert into SHOT values (2509, 2503, 2522, 1534, 1.260, 134.02, 61.60, 1.254, 132.98, 61.33, 0.014, 54.56, -37.00);
insert into SHOT values (2510, 2476, 2523, 1534, 1.140, 13.02, -3.80, 1.143, 13.18, -4.01, 0.006, 65.36, -46.87);
insert into SHOT values (2511, 2476, 2524, 1534, 1.220, 4.32, -16.30, 1.222, 4.40, -16.16, 0.004, 38.12, 38.82);
insert into SHOT values (2512, 2476, 2525, 1534, 1.030, 346.12, 9.60, 1.033, 346.37, 9.47, 0.006, 41.93, -17.86);
insert into SHOT values (2513, 2476, 2526, 1534, 2.300, 351.32, 2.10, 2.297, 351.48, 2.00, 0.008, 106.84, -30.40);
insert into SHOT values (2514, 2526, 2527, 1534, 0.630, 180.82, 31.40, 0.624, 181.08, 31.90, 0.008, 343.12, 12.39);
insert into SHOT values (2515, 2526, 2528, 1534, 0.710, 193.32, 13.70, 0.710, 193.43, 13.86, 0.002, 318.42, 47.81);
insert into SHOT values (2516, 2526, 2529, 1534, 0.400, 213.42, -32.90, 0.398, 214.16, -31.82, 0.009, 273.71, 55.22);
insert into SHOT values (2517, 2526, 2530, 1534, 0.170, 66.52, 30.80, 0.169, 65.22, 32.15, 0.005, 294.78, 34.30);
insert into SHOT values (2518, 2526, 2531, 1534, 2.330, 329.62, 27.40, 2.339, 329.60, 27.49, 0.010, 325.62, 49.35);
insert into SHOT values (2519, 2526, 2532, 1534, 1.820, 315.62, 26.80, 1.828, 315.74, 26.66, 0.010, 337.41, -3.51);
insert into SHOT values (2520, 2526, 2533, 1534, 1.050, 303.62, 23.60, 1.053, 304.02, 23.52, 0.007, 9.80, -2.83);
insert into SHOT values (2521, 2526, 2534, 1534, 0.550, 267.02, -4.20, 0.552, 267.92, -4.16, 0.009, 345.43, 1.82);
insert into SHOT values (2522, 2526, 2535, 1534, 1.690, 176.62, -86.20, 1.684, 180.00, -86.25, 0.009, 285.30, 42.53);
insert into SHOT values (2523, 2526, 2536, 1534, 0.420, 359.82, -74.40, 0.418, 0.00, -73.30, 0.008, 2.92, 32.66);
insert into SHOT values (2524, 2526, 2537, 1534, 0.710, 243.82, -73.20, 0.712, 244.65, -72.82, 0.006, 275.35, -2.96);
insert into SHOT values (2525, 2526, 2538, 1534, 4.140, 289.72, 18.30, 4.141, 289.77, 18.30, 0.004, 2.44, 1.05);
insert into SHOT values (2526, 2538, 2539, 1534, 0.440, 184.52, 1.70, 0.442, 185.19, 2.59, 0.009, 253.78, 51.21);
insert into SHOT values (2527, 2538, 2540, 1534, 1.160, 237.32, -5.50, 1.156, 237.41, -5.46, 0.004, 27.80, 16.61);
insert into SHOT values (2528, 2538, 2541, 1534, 1.600, 257.12, -5.80, 1.597, 257.28, -5.75, 0.005, 19.54, 17.99);
insert into SHOT values (2529, 2538, 2542, 1534, 0.880, 260.62, -6.80, 0.887, 260.86, -6.47, 0.009, 287.31, 26.94);
insert into SHOT values (2530, 2538, 2543, 1534, 0.150, 8.62, -2.20, 0.151, 7.59, 0.00, 0.007, 306.25, 62.10);
insert into SHOT values (2531, 2538, 2544, 1534, 1.050, 84.22, -9.20, 1.047, 84.45, -8.79, 0.009, 195.36, 59.72);
insert into SHOT values (2532, 2538, 2545, 1534, 3.740, 104.52, -14.10, 3.738, 104.53, -14.09, 0.002, 244.00, 33.70);
insert into SHOT values (2533, 2538, 2546, 1534, 1.830, 115.52, -17.00, 1.828, 115.39, -16.86, 0.006, 9.76, 51.97);
insert into SHOT values (2534, 2538, 2547, 1534, 3.270, 105.62, -41.40, 3.267, 105.62, -41.39, 0.003, 278.22, 46.88);
insert into SHOT values (2535, 2538, 2548, 1534, 2.380, 112.22, 7.00, 2.372, 112.21, 7.02, 0.008, 295.05, -0.37);
insert into SHOT values (2536, 2538, 2549, 1534, 2.530, 132.22, 70.90, 2.539, 132.55, 70.96, 0.010, 219.92, 62.38);
insert into SHOT values (2537, 2538, 2550, 1534, 4.420, 246.52, 74.50, 4.422, 246.67, 74.43, 0.007, 275.81, 6.45);
insert into SHOT values (2538, 2538, 2551, 1534, 2.000, 255.12, 61.40, 2.006, 254.95, 61.31, 0.007, 229.08, 32.78);
insert into SHOT values (2539, 2538, 2552, 1534, 2.780, 246.02, 57.70, 2.781, 246.19, 57.68, 0.005, 324.13, 2.10);
insert into SHOT values (2540, 2538, 2553, 1534, 4.870, 241.62, 68.60, 4.877, 241.85, 68.58, 0.010, 305.18, 35.27);
insert into SHOT values (2541, 2553, 2554, 1534, 0.690, 211.92, -17.30, 0.688, 211.26, -17.77, 0.010, 95.61, -29.99);
insert into SHOT values (2542, 2553, 2555, 1534, 0.160, 151.02, 27.90, 0.163, 151.70, 25.37, 0.008, 166.76, -36.93);
insert into SHOT values (2543, 2553, 2556, 1534, 0.940, 202.12, -48.90, 0.945, 201.63, -48.69, 0.008, 160.61, -11.67);
insert into SHOT values (2544, 2553, 2557, 1534, 1.420, 320.02, -88.80, 1.420, 315.00, -88.86, 0.003, 197.74, -6.08);
insert into SHOT values (2545, 2553, 2558, 1534, 4.110, 36.62, -81.50, 4.115, 37.63, -81.53, 0.012, 134.82, -25.51);
insert into SHOT values (2546, 2553, 2559, 1534, 6.550, 60.42, -73.90, 6.546, 60.61, -73.92, 0.007, 176.85, 24.73);
insert into SHOT values (2547, 2553, 2560, 1534, 2.920, 39.92, -74.90, 2.920, 40.19, -74.93, 0.004, 151.03, -11.86);
insert into SHOT values (2548, 2553, 2561, 1534, 1.540, 20.22, -69.10, 1.539, 20.43, -69.30, 0.006, 178.48, -13.47);
insert into SHOT values (2549, 2553, 2562, 1534, 3.600, 336.52, -78.20, 3.605, 336.60, -78.31, 0.009, 147.28, -44.44);
insert into SHOT values (2550, 2553, 2563, 1534, 2.180, 291.82, -60.00, 2.180, 291.61, -60.11, 0.006, 159.27, -20.76);
insert into SHOT values (2551, 2553, 2564, 1534, 5.570, 68.42, -65.40, 5.576, 68.52, -65.40, 0.007, 126.89, -48.82);
insert into SHOT values (2552, 2553, 2565, 1534, 6.550, 81.82, -57.30, 6.552, 81.89, -57.24, 0.009, 116.10, 12.87);
insert into SHOT values (2553, 2553, 2566, 1534, 3.040, 65.02, -56.00, 3.037, 65.25, -56.06, 0.008, 186.38, 1.96);
insert into SHOT values (2554, 2553, 2567, 1534, 2.660, 83.22, -58.80, 2.665, 83.34, -58.83, 0.006, 148.33, -55.73);
insert into SHOT values (2555, 2553, 2568, 1534, 1.740, 19.72, -33.20, 1.738, 19.68, -33.14, 0.003, 243.47, 63.85);
insert into SHOT values (2556, 2553, 2569, 1534, 4.410, 43.52, -39.00, 4.410, 43.58, -39.08, 0.007, 178.76, -41.52);
insert into SHOT values (2557, 2553, 2570, 1534, 5.050, 56.62, -45.50, 5.048, 56.76, -45.49, 0.009, 149.93, 12.32);
insert into SHOT values (2558, 2553, 2571, 1534, 0.820, 312.22, -5.00, 0.810, 311.99, -4.96, 0.010, 150.75, 8.19);
insert into SHOT values (2559, 2553, 2572, 1534, 1.130, 282.92, 0.90, 1.128, 282.80, 1.02, 0.004, 153.75, 38.12);
insert into SHOT values (2560, 2553, 2573, 1534, 4.230, 290.12, -3.80, 4.226, 290.11, -3.80, 0.004, 117.64, 5.36);
insert into SHOT values (2561, 2553, 2574, 1534, 2.180, 297.02, -5.00, 2.173, 296.92, -5.02, 0.008, 144.15, -0.00);
insert into SHOT values (2562, 2553, 2575, 1534, 6.390, 296.62, 44.30, 6.386, 296.51, 44.30, 0.010, 188.89, -17.59);
insert into SHOT values (2563, 2553, 2576, 1534, 6.040, 292.92, 48.50, 6.031, 292.84, 48.54, 0.011, 143.25, -19.26);
insert into SHOT values (2564, 2576, 2577, 1534, 5.920, 127.52, -82.50, 5.920, 127.61, -82.53, 0.003, 281.39, -12.35);
insert into SHOT values (2565, 2576, 2578, 1534, 2.870, 152.12, -78.70, 2.864, 152.05, -78.83, 0.009, 337.04, 29.58);
insert into SHOT values (2566, 2576, 2579, 1534, 2.520, 103.72, -76.10, 2.514, 103.35, -76.04, 0.007, 28.04, 57.03);
insert into SHOT values (2567, 2576, 2580, 1534, 1.990, 195.32, -6.70, 1.983, 195.31, -6.66, 0.007, 18.65, 18.37);
insert into SHOT values (2568, 2576, 2581, 1534, 0.840, 212.22, -26.20, 0.833, 212.41, -26.37, 0.008, 13.37, 6.28);
insert into SHOT values (2569, 2576, 2582, 1534, 1.830, 39.42, -40.20, 1.826, 39.17, -40.27, 0.008, 271.38, 8.98);
insert into SHOT values (2570, 2576, 2583, 1534, 1.720, 48.92, -68.00, 1.716, 48.14, -67.94, 0.010, 319.29, 28.70);
insert into SHOT values (2571, 2576, 2584, 1534, 8.520, 98.22, -51.50, 8.521, 98.13, -51.51, 0.008, 4.46, -15.09);
insert into SHOT values (2572, 2576, 2585, 1534, 7.670, 115.62, -49.50, 7.666, 115.59, -49.51, 0.005, 336.25, 29.89);
insert into SHOT values (2573, 2576, 2586, 1534, 2.520, 116.72, -44.20, 2.512, 116.71, -44.16, 0.008, 300.86, 57.61);
insert into SHOT values (2574, 2576, 2587, 1534, 0.420, 111.22, -26.90, 0.419, 110.38, -26.97, 0.006, 8.54, 0.23);
insert into SHOT values (2575, 2576, 2588, 1534, 1.590, 317.12, 63.70, 1.596, 317.29, 63.67, 0.006, 351.03, 50.07);
insert into SHOT values (2576, 2576, 2589, 1534, 2.360, 315.32, 55.00, 2.368, 315.60, 55.01, 0.010, 13.80, 41.19);
insert into SHOT values (2577, 2576, 2590, 1534, 0.600, 299.92, 14.80, 0.608, 299.62, 15.25, 0.010, 275.38, 42.93);
insert into SHOT values (2578, 2576, 2591, 1534, 1.040, 324.62, 21.80, 1.044, 324.67, 21.94, 0.005, 342.33, 52.88);
insert into SHOT values (2579, 2576, 2592, 1534, 2.380, 307.12, 42.80, 2.389, 307.13, 42.69, 0.010, 309.59, 16.72);
insert into SHOT values (2580, 2576, 2593, 1534, 1.400, 326.42, 36.60, 1.405, 326.59, 36.72, 0.007, 24.94, 52.66);
insert into SHOT values (2581, 2576, 2594, 1534, 3.300, 286.72, -77.20, 3.302, 286.70, -77.21, 0.002, 145.17, -79.59);
insert into SHOT values (2582, 2576, 2595, 1534, 3.610, 307.82, -64.60, 3.612, 307.68, -64.51, 0.007, 274.84, 8.71);
insert into SHOT values (2583, 2576, 2596, 1534, 6.460, 129.82, -79.40, 6.460, 129.87, -79.42, 0.003, 288.79, -4.69);
insert into SHOT values (2584, 2576, 2597, 1534, 6.060, 109.22, -89.30, 6.060, 105.95, -89.31, 0.004, 1.19, -5.91);
insert into SHOT values (2585, 2576, 2598, 1534, 2.190, 329.02, 37.50, 2.197, 328.87, 37.59, 0.009, 274.61, 50.50);
insert into SHOT values (2586, 2598, 2599, 1534, 0.700, 224.92, -4.80, 0.696, 225.00, -4.95, 0.005, 32.59, -16.91);
insert into SHOT values (2587, 2598, 2600, 1534, 0.420, 154.22, -3.10, 0.417, 152.82, -4.13, 0.013, 44.81, -34.10);
insert into SHOT values (2588, 2598, 2601, 1534, 0.580, 11.12, 1.30, 0.581, 10.92, 0.99, 0.004, 299.72, -56.66);
insert into SHOT values (2589, 2598, 2602, 1534, 0.350, 328.02, 17.00, 0.351, 329.62, 16.57, 0.010, 50.05, -13.78);
insert into SHOT values (2590, 2598, 2603, 1534, 3.490, 165.12, -88.20, 3.492, 163.30, -88.29, 0.006, 17.23, -15.46);
insert into SHOT values (2591, 2598, 2604, 1534, 2.160, 5.52, -44.10, 2.169, 5.53, -44.12, 0.009, 8.16, -48.25);
insert into SHOT values (2592, 2598, 2605, 1534, 2.720, 355.92, -8.10, 2.725, 355.96, -8.23, 0.008, 23.50, -57.32);
insert into SHOT values (2593, 2598, 2606, 1534, 3.740, 329.62, -8.30, 3.745, 329.70, -8.29, 0.008, 13.51, -0.81);
insert into SHOT values (2594, 2598, 2607, 1534, 0.330, 84.72, 6.30, 0.333, 84.81, 5.17, 0.007, 93.38, -61.36);
insert into SHOT values (2595, 2598, 2608, 1534, 1.360, 258.42, 64.50, 1.351, 259.08, 64.55, 0.011, 25.30, -41.96);
insert into SHOT values (2596, 2598, 2609, 1534, 2.020, 344.42, -27.00, 2.026, 344.58, -27.01, 0.008, 28.90, -22.15);
insert into SHOT values (2597, 2609, 2610, 1534, 0.670, 359.72, -72.30, 0.671, 0.00, -72.65, 0.004, 164.80, -24.12);
insert into SHOT values (2598, 2609, 2611, 1534, 0.770, 2.62, 10.50, 0.764, 2.29, 10.57, 0.008, 215.90, -2.36);
insert into SHOT values (2599, 2609, 2612, 1534, 0.820, 67.42, 11.30, 0.818, 67.27, 11.28, 0.003, 296.28, -13.89);
insert into SHOT values (2600, 2609, 2613, 1534, 1.000, 116.72, 8.70, 1.000, 117.08, 8.63, 0.006, 207.91, -11.28);
insert into SHOT values (2601, 2609, 2614, 1534, 1.420, 324.82, 12.00, 1.415, 324.70, 11.83, 0.007, 176.65, -44.98);
insert into SHOT values (2602, 2609, 2615, 1534, 1.950, 297.22, 1.20, 1.946, 297.22, 1.18, 0.004, 114.17, -11.63);
insert into SHOT values (2603, 2609, 2616, 1534, 1.640, 259.02, 3.90, 1.643, 259.10, 3.84, 0.004, 294.54, -20.47);
insert into SHOT values (2604, 2609, 2617, 1534, 1.320, 214.32, 3.80, 1.321, 214.17, 3.91, 0.004, 130.45, 36.97);
insert into SHOT values (2605, 2609, 2618, 1534, 1.260, 190.72, 4.80, 1.265, 190.51, 4.53, 0.009, 151.09, -36.97);
insert into SHOT values (2606, 2609, 2619, 1534, 2.070, 279.52, 4.80, 2.075, 279.46, 4.70, 0.007, 259.36, -29.20);
insert into SHOT values (2607, 2609, 2620, 1534, 12.610, 319.12, 79.60, 12.607, 319.10, 79.60, 0.003, 185.54, -69.92);
insert into SHOT values (2608, 2609, 2621, 1534, 4.300, 247.52, 73.30, 4.302, 247.17, 73.29, 0.008, 166.95, 10.07);
insert into SHOT values (2609, 2609, 2622, 1534, 3.510, 56.22, 89.50, 3.510, 63.43, 89.63, 0.009, 217.82, 0.86);
insert into SHOT values (2610, 2609, 2623, 1534, 3.760, 318.82, 65.50, 3.758, 318.64, 65.50, 0.005, 223.18, -16.82);
insert into SHOT values (2611, 2609, 2624, 1534, 3.670, 298.72, 46.90, 3.669, 298.61, 46.92, 0.005, 189.51, 3.52);
insert into SHOT values (2612, 2624, 2625, 1534, 1.760, 190.52, -76.80, 1.765, 190.18, -77.03, 0.009, 33.13, -46.61);
insert into SHOT values (2613, 2624, 2626, 1534, 2.430, 109.52, -86.10, 2.436, 107.35, -86.05, 0.009, 38.96, -39.98);
insert into SHOT values (2614, 2624, 2627, 1534, 1.590, 67.32, -74.00, 1.591, 66.97, -74.14, 0.005, 282.81, -19.60);
insert into SHOT values (2615, 2624, 2628, 1534, 0.430, 241.32, 85.70, 0.431, 251.57, 85.79, 0.006, 342.60, 11.91);
insert into SHOT values (2616, 2624, 2629, 1534, 0.950, 46.12, 78.30, 0.951, 45.00, 77.98, 0.007, 10.07, -2.28);
insert into SHOT values (2617, 2624, 2630, 1534, 0.510, 44.12, 27.00, 0.514, 44.12, 26.58, 0.005, 44.24, -16.27);
insert into SHOT values (2618, 2624, 2631, 1534, 2.390, 135.02, 16.10, 2.384, 135.00, 16.07, 0.006, 322.51, -27.78);
insert into SHOT values (2619, 2624, 2632, 1534, 4.950, 135.92, -25.80, 4.951, 135.91, -25.86, 0.006, 342.01, -76.12);
insert into SHOT values (2620, 2624, 2633, 1534, 4.060, 139.52, -57.30, 4.062, 139.63, -57.34, 0.006, 246.69, -38.64);
insert into SHOT values (2621, 2624, 2634, 1534, 1.760, 335.12, 64.20, 1.757, 335.43, 64.03, 0.007, 24.34, -39.17);
insert into SHOT values (2622, 2624, 2635, 1534, 1.750, 322.62, 27.50, 1.754, 322.84, 27.50, 0.007, 20.37, 15.47);
insert into SHOT values (2623, 2624, 2636, 1534, 1.080, 328.02, -10.20, 1.077, 328.11, -10.16, 0.004, 117.89, 20.26);
insert into SHOT values (2624, 2624, 2637, 1534, 1.550, 325.32, -54.70, 1.556, 325.43, -54.71, 0.006, 354.58, -55.05);
insert into SHOT values (2625, 2624, 2638, 1534, 1.690, 314.22, 39.90, 1.691, 314.38, 39.69, 0.007, 352.29, -34.50);
insert into SHOT values (2626, 2624, 2639, 1534, 1.740, 350.22, 22.90, 1.741, 350.30, 22.99, 0.004, 79.28, 50.75);
insert into SHOT values (2627, 2624, 2640, 1534, 3.000, 114.22, -9.90, 3.004, 114.14, -9.97, 0.007, 64.49, -38.67);
insert into SHOT values (2628, 2624, 2641, 1534, 3.000, 147.62, -6.60, 2.997, 147.48, -6.71, 0.009, 30.47, -33.81);
insert into SHOT values (2629, 2624, 2642, 1534, 0.150, 225.02, 15.60, 0.147, 225.00, 15.79, 0.003, 45.81, -6.32);
insert into SHOT values (2630, 2624, 2643, 1534, 5.250, 326.02, 48.50, 5.250, 326.13, 48.47, 0.007, 39.37, -16.12);
insert into SHOT values (2631, 2643, 2644, 1534, 1.550, 318.12, 29.20, 1.551, 317.70, 29.34, 0.011, 222.39, 21.00);
insert into SHOT values (2632, 2643, 2645, 1534, 2.650, 329.42, 31.70, 2.649, 329.34, 31.65, 0.004, 250.52, -39.36);
insert into SHOT values (2633, 2643, 2646, 1534, 1.430, 346.42, 28.70, 1.433, 346.18, 28.78, 0.006, 278.00, 30.92);
insert into SHOT values (2634, 2643, 2647, 1534, 1.670, 326.42, -4.00, 1.668, 326.02, -4.12, 0.012, 227.23, -16.84);
insert into SHOT values (2635, 2643, 2648, 1534, 1.320, 327.32, -32.20, 1.321, 327.02, -31.99, 0.008, 268.93, 26.38);
insert into SHOT values (2636, 2643, 2649, 1534, 1.320, 7.62, -16.20, 1.313, 7.29, -16.36, 0.010, 231.41, -9.58);
insert into SHOT values (2637, 2643, 2650, 1534, 0.660, 306.92, -28.00, 0.663, 306.67, -27.88, 0.004, 269.55, -2.08);
insert into SHOT values (2638, 2643, 2651, 1534, 0.580, 38.82, 39.20, 0.581, 38.66, 39.54, 0.004, 263.37, 62.85);
insert into SHOT values (2639, 2643, 2652, 1534, 0.310, 114.62, 78.40, 0.306, 120.96, 79.00, 0.009, 238.83, -25.20);
insert into SHOT values (2640, 2643, 2653, 1534, 1.390, 151.02, -53.70, 1.387, 151.56, -53.83, 0.009, 268.97, 1.58);
insert into SHOT values (2641, 2643, 2654, 1534, 3.950, 136.62, -48.50, 3.951, 136.86, -48.51, 0.011, 225.06, -8.41);
insert into SHOT values (2642, 2643, 2655, 1534, 1.630, 122.92, -32.40, 1.625, 123.11, -32.36, 0.007, 248.35, 30.76);
insert into SHOT values (2643, 2643, 2656, 1534, 3.040, 131.62, -5.60, 3.039, 131.65, -5.66, 0.004, 251.57, -59.74);
insert into SHOT values (2644, 2643, 2657, 1534, 5.180, 141.12, -8.20, 5.174, 141.18, -8.22, 0.009, 277.14, -7.96);
insert into SHOT values (2645, 2643, 2658, 1534, 1.330, 14.02, -78.40, 1.327, 12.99, -78.40, 0.006, 276.33, 30.54);
insert into SHOT values (2646, 2643, 2659, 1534, 3.210, 76.32, -66.90, 3.205, 76.63, -66.97, 0.009, 204.84, 16.78);
insert into SHOT values (2647, 2643, 2660, 1534, 3.780, 85.82, -48.80, 3.775, 85.85, -48.80, 0.005, 243.45, 48.97);
insert into SHOT values (2648, 2643, 2661, 1534, 0.310, 82.02, -42.50, 0.306, 82.23, -43.40, 0.007, 254.65, -4.93);
insert into SHOT values (2649, 2643, 2662, 1534, 5.320, 87.72, -36.80, 5.317, 87.71, -36.87, 0.007, 272.83, -26.11);
insert into SHOT values (2650, 2643, 2663, 1534, 2.320, 128.32, -2.20, 2.315, 128.51, -2.23, 0.009, 253.57, -5.78);
insert into SHOT values (2651, 2663, 2664, 1534, 0.690, 314.42, -1.20, 0.686, 314.41, -0.84, 0.006, 135.79, 48.63);
insert into SHOT values (2652, 2663, 2665, 1534, 0.920, 295.12, 1.80, 0.918, 295.17, 1.87, 0.003, 97.05, 22.86);
insert into SHOT values (2653, 2663, 2666, 1534, 3.810, 307.52, -2.20, 3.811, 307.53, -2.26, 0.004, 350.09, -68.92);
insert into SHOT values (2654, 2663, 2667, 1534, 1.230, 227.32, -66.30, 1.234, 226.64, -66.34, 0.007, 144.55, -32.21);
insert into SHOT values (2655, 2663, 2668, 1534, 1.040, 195.22, -85.80, 1.043, 195.95, -86.00, 0.004, 359.88, -38.61);
insert into SHOT values (2656, 2663, 2669, 1534, 4.690, 223.92, -83.30, 4.691, 223.49, -83.42, 0.011, 66.43, -11.04);
insert into SHOT values (2657, 2663, 2670, 1534, 2.710, 211.92, 77.50, 2.715, 211.80, 77.48, 0.005, 177.15, 63.31);
insert into SHOT values (2658, 2663, 2671, 1534, 5.120, 167.12, 80.90, 5.125, 166.48, 80.88, 0.010, 93.72, 25.11);
insert into SHOT values (2659, 2663, 2672, 1534, 1.700, 163.92, 83.10, 1.703, 163.30, 82.96, 0.006, 137.70, 24.46);
insert into SHOT values (2660, 2663, 2673, 1534, 1.240, 180.12, 9.50, 1.238, 180.00, 9.77, 0.007, 39.91, 53.86);
insert into SHOT values (2661, 2663, 2674, 1534, 1.010, 144.42, 10.20, 1.012, 144.40, 10.24, 0.003, 134.69, 27.09);
insert into SHOT values (2662, 2663, 2675, 1534, 2.230, 151.62, 7.50, 2.238, 151.47, 7.44, 0.010, 118.28, -5.99);
insert into SHOT values (2663, 2663, 2676, 1534, 2.120, 151.72, 26.60, 2.122, 151.68, 26.60, 0.002, 110.83, 21.12);
insert into SHOT values (2664, 2676, 2677, 1534, 0.990, 25.12, 10.40, 0.992, 25.51, 10.46, 0.007, 103.97, 10.59);
insert into SHOT values (2665, 2676, 2678, 1534, 1.970, 45.12, 14.80, 1.967, 45.21, 14.73, 0.005, 173.45, -38.53);
insert into SHOT values (2666, 2676, 2679, 1534, 5.520, 58.22, 13.20, 5.521, 58.23, 13.19, 0.002, 108.60, -15.54);
insert into SHOT values (2667, 2676, 2680, 1534, 5.980, 67.22, 9.80, 5.986, 67.26, 9.81, 0.008, 105.12, 16.46);
insert into SHOT values (2668, 2676, 2681, 1534, 2.590, 71.52, 7.00, 2.591, 71.64, 7.10, 0.007, 159.00, 39.36);
insert into SHOT values (2669, 2676, 2682, 1534, 1.520, 85.92, 1.20, 1.524, 85.86, 1.13, 0.005, 66.72, -21.89);
insert into SHOT values (2670, 2676, 2683, 1534, 1.390, 99.92, -3.10, 1.393, 99.94, -2.88, 0.006, 109.05, 60.42);
insert into SHOT values (2671, 2676, 2684, 1534, 0.200, 209.42, 35.20, 0.201, 209.74, 36.66, 0.005, 6.55, 63.28);
insert into SHOT values (2672, 2676, 2685, 1534, 6.950, 71.72, -73.00, 6.954, 71.65, -73.00, 0.005, 13.05, -54.57);
insert into SHOT values (2673, 2676, 2686, 1534, 9.310, 40.22, 78.00, 9.314, 40.18, 77.99, 0.004, 5.06, 60.68);
insert into SHOT values (2674, 2676, 2687, 1534, 6.110, 44.12, 84.60, 6.107, 44.29, 84.62, 0.004, 185.61, -45.67);
insert into SHOT values (2675, 2676, 2688, 1534, 2.860, 24.02, 68.30, 2.864, 23.91, 68.25, 0.005, 354.34, 33.20);
insert into SHOT values (2676, 2676, 2689, 1534, 2.250, 27.22, 50.20, 2.251, 27.28, 50.22, 0.002, 121.37, 42.23);
insert into SHOT values (2677, 2676, 2690, 1534, 2.390, 66.72, -62.30, 2.393, 66.67, -62.35, 0.004, 329.98, -75.64);
insert into SHOT values (2678, 2676, 2691, 1534, 3.680, 189.62, -68.60, 3.682, 189.46, -68.69, 0.007, 48.14, -32.60);
insert into SHOT values (2679, 2676, 2692, 1534, 2.230, 65.02, -11.60, 2.229, 65.08, -11.65, 0.003, 181.41, -31.59);
insert into SHOT values (2680, 2526, 2693, 1534, 5.480, 310.72, 40.60, 5.489, 310.72, 40.57, 0.009, 312.33, 23.58);
insert into SHOT values (2681, 2693, 2694, 1534, 2.110, 105.42, -50.50, 2.116, 105.48, -50.39, 0.007, 117.42, -15.07);
insert into SHOT values (2682, 2693, 2695, 1534, 2.620, 118.02, -47.90, 2.618, 118.17, -47.81, 0.006, 187.73, 38.81);
insert into SHOT values (2683, 2693, 2696, 1534, 7.030, 134.62, -43.10, 7.033, 134.61, -43.04, 0.009, 127.18, 23.61);
insert into SHOT values (2684, 2693, 2697, 1534, 1.350, 188.42, -31.00, 1.352, 188.41, -30.69, 0.008, 186.60, 44.88);
insert into SHOT values (2685, 2693, 2698, 1534, 0.870, 75.62, -78.60, 0.868, 76.76, -78.39, 0.005, 128.38, 32.96);
insert into SHOT values (2686, 2693, 2699, 1534, 0.190, 6.02, 62.40, 0.193, 6.34, 61.96, 0.003, 17.44, 32.17);
insert into SHOT values (2687, 2693, 2700, 1534, 0.300, 34.82, 11.20, 0.300, 35.31, 11.53, 0.003, 129.07, 34.23);
insert into SHOT values (2688, 2693, 2701, 1534, 0.350, 274.12, -6.00, 0.343, 273.37, -6.70, 0.009, 124.79, -21.32);
insert into SHOT values (2689, 2693, 2702, 1534, 0.610, 333.22, 1.30, 0.604, 333.43, 0.95, 0.008, 132.63, -30.47);
insert into SHOT values (2690, 2693, 2703, 1534, 0.680, 330.02, -25.60, 0.675, 330.49, -25.46, 0.008, 100.34, 30.16);
insert into SHOT values (2691, 2693, 2704, 1534, 6.680, 346.42, 31.50, 6.673, 346.48, 31.53, 0.010, 129.75, -1.68);
insert into SHOT values (2692, 2693, 2705, 1534, 0.420, 243.72, -8.70, 0.420, 242.82, -8.21, 0.007, 159.97, 28.28);
insert into SHOT values (2693, 2693, 2706, 1534, 1.100, 221.42, -2.60, 1.100, 220.94, -2.61, 0.009, 130.58, -0.63);
insert into SHOT values (2694, 2693, 2707, 1534, 1.500, 203.32, -2.10, 1.502, 203.15, -1.91, 0.007, 135.85, 46.06);
insert into SHOT values (2695, 2693, 2708, 1534, 1.110, 318.92, 18.60, 1.106, 318.87, 18.45, 0.005, 155.81, -51.13);
insert into SHOT values (2696, 2708, 2709, 1534, 19.840, 320.32, 69.50, 19.845, 320.37, 69.51, 0.010, 67.16, 41.78);
insert into SHOT values (2697, 2708, 2710, 1534, 2.940, 319.42, 81.10, 2.945, 320.36, 81.12, 0.009, 52.31, 35.91);
insert into SHOT values (2698, 2708, 2711, 1534, 1.140, 139.42, 56.80, 1.145, 138.90, 56.99, 0.008, 43.84, 47.13);
insert into SHOT values (2699, 2708, 2712, 1534, 0.830, 302.42, 33.60, 0.828, 302.54, 33.77, 0.004, 99.57, 10.65);
insert into SHOT values (2700, 2708, 2713, 1534, 2.220, 313.32, 33.90, 2.224, 313.46, 33.89, 0.006, 6.15, 16.95);
insert into SHOT values (2701, 2708, 2714, 1534, 2.450, 8.12, 29.80, 2.456, 8.09, 29.79, 0.006, 357.92, 24.58);
insert into SHOT values (2702, 2708, 2715, 1534, 5.510, 358.22, 31.20, 5.512, 358.30, 31.26, 0.009, 96.68, 40.37);
insert into SHOT values (2703, 2708, 2716, 1534, 4.490, 335.42, 30.00, 4.496, 335.41, 30.03, 0.007, 329.26, 47.12);
insert into SHOT values (2704, 2708, 2717, 1534, 5.680, 345.12, 27.30, 5.682, 345.19, 27.34, 0.008, 72.77, 36.13);
insert into SHOT values (2705, 2708, 2718, 1534, 1.650, 50.42, 18.80, 1.660, 50.43, 18.98, 0.011, 52.61, 46.72);
insert into SHOT values (2706, 2708, 2719, 1534, 1.110, 83.02, 30.70, 1.114, 82.80, 30.76, 0.006, 33.67, 34.67);
insert into SHOT values (2707, 2708, 2720, 1534, 0.200, 41.22, -68.70, 0.196, 39.81, -66.54, 0.009, 21.70, 47.74);
insert into SHOT values (2708, 2708, 2721, 1534, 5.180, 340.32, 26.40, 5.183, 340.35, 26.47, 0.007, 64.47, 65.92);
insert into SHOT values (2709, 2708, 2722, 1534, 4.460, 340.42, 26.30, 4.464, 340.43, 26.33, 0.005, 2.22, 52.98);
insert into SHOT values (2710, 2722, 2723, 1534, 0.580, 351.92, 10.50, 0.576, 351.87, 11.00, 0.006, 177.71, 42.93);
insert into SHOT values (2711, 2722, 2724, 1534, 0.780, 44.52, 5.30, 0.781, 45.00, 5.14, 0.007, 124.78, -17.13);
insert into SHOT values (2712, 2722, 2725, 1534, 0.630, 65.42, -62.30, 0.633, 66.04, -62.18, 0.005, 116.33, -28.12);
insert into SHOT values (2713, 2722, 2726, 1534, 17.970, 283.12, 75.70, 17.966, 283.16, 75.70, 0.005, 45.71, -39.80);
insert into SHOT values (2714, 2722, 2727, 1534, 2.810, 192.22, 28.00, 2.814, 192.08, 27.98, 0.007, 135.37, 6.24);
insert into SHOT values (2715, 2722, 2728, 1534, 1.930, 198.42, 0.50, 1.929, 198.43, 0.59, 0.003, 345.92, 70.61);
insert into SHOT values (2716, 2722, 2729, 1534, 4.110, 163.52, -1.50, 4.112, 163.46, -1.53, 0.005, 93.35, -29.37);
insert into SHOT values (2717, 2722, 2730, 1534, 4.590, 176.32, 53.20, 4.598, 176.26, 53.17, 0.008, 151.16, 33.44);
insert into SHOT values (2718, 2722, 2731, 1534, 2.760, 114.82, 69.20, 2.760, 114.73, 69.20, 0.001, 16.86, -4.75);
insert into SHOT values (2719, 2722, 2732, 1534, 6.720, 225.62, 72.40, 6.724, 225.60, 72.43, 0.005, 60.64, 61.22);
insert into SHOT values (2720, 2722, 2733, 1534, 4.270, 148.52, -16.30, 4.274, 148.56, -16.30, 0.005, 183.97, -17.47);
insert into SHOT values (2721, 2733, 2734, 1534, 0.520, 34.52, -3.00, 0.525, 34.90, -2.18, 0.009, 69.65, 49.67);
insert into SHOT values (2722, 2733, 2735, 1534, 0.770, 44.32, -73.50, 0.774, 45.00, -73.00, 0.008, 63.93, -12.01);
insert into SHOT values (2723, 2733, 2736, 1534, 0.910, 35.22, -53.80, 0.907, 35.17, -53.60, 0.004, 3.98, 78.02);
insert into SHOT values (2724, 2733, 2737, 1534, 1.000, 196.62, -63.50, 0.993, 197.20, -63.71, 0.009, 342.41, 31.88);
insert into SHOT values (2725, 2733, 2738, 1534, 0.360, 68.92, 26.60, 0.361, 68.20, 26.34, 0.004, 355.27, -15.78);
insert into SHOT values (2726, 2733, 2739, 1534, 0.340, 145.72, 82.20, 0.343, 135.00, 82.89, 0.010, 26.25, 19.14);
insert into SHOT values (2727, 2733, 2740, 1534, 0.960, 100.62, 6.90, 0.963, 100.25, 7.16, 0.008, 30.29, 35.77);
insert into SHOT values (2728, 2733, 2741, 1534, 1.130, 145.42, -2.30, 1.130, 145.47, -2.03, 0.005, 244.55, 79.82);
insert into SHOT values (2729, 2733, 2742, 1534, 1.230, 131.52, 3.10, 1.228, 131.36, 3.27, 0.005, 5.25, 40.19);
insert into SHOT values (2730, 2742, 2743, 1534, 0.900, 99.42, 1.10, 0.903, 99.57, 1.27, 0.005, 140.35, 37.15);
insert into SHOT values (2731, 2742, 2744, 1534, 0.980, 124.62, 2.90, 0.986, 124.66, 2.91, 0.006, 131.35, 3.97);
insert into SHOT values (2732, 2742, 2745, 1534, 1.640, 144.42, 0.10, 1.640, 144.18, 0.00, 0.007, 56.61, -22.68);
insert into SHOT values (2733, 2742, 2746, 1534, 0.790, 168.42, 2.90, 0.787, 168.26, 2.91, 0.003, 28.47, 0.54);
insert into SHOT values (2734, 2742, 2747, 1534, 0.380, 216.72, 7.20, 0.375, 216.25, 7.65, 0.006, 67.78, 22.15);
insert into SHOT values (2735, 2742, 2748, 1534, 0.620, 28.12, 10.40, 0.623, 28.24, 10.17, 0.004, 50.47, -29.61);
insert into SHOT values (2736, 2742, 2749, 1534, 1.100, 338.42, 8.40, 1.098, 338.39, 8.38, 0.002, 171.36, -19.76);
insert into SHOT values (2737, 2742, 2750, 1534, 0.860, 295.32, 4.20, 0.856, 295.67, 4.02, 0.007, 58.73, -25.65);
insert into SHOT values (2738, 2742, 2751, 1534, 1.120, 294.82, -67.80, 1.122, 295.35, -67.99, 0.006, 59.87, -32.53);
insert into SHOT values (2739, 2742, 2752, 1534, 15.270, 310.02, 84.70, 15.265, 310.12, 84.69, 0.006, 4.39, -57.25);
insert into SHOT values (2740, 2742, 2753, 1534, 7.660, 3.22, 78.50, 7.663, 3.39, 78.54, 0.007, 137.90, 30.53);
insert into SHOT values (2741, 2742, 2754, 1534, 6.160, 299.52, 82.10, 6.158, 299.91, 82.14, 0.008, 67.06, -11.82);
insert into SHOT values (2742, 2742, 2755, 1534, 1.460, 269.52, 81.70, 1.455, 270.00, 81.70, 0.005, 22.97, -67.72);
insert into SHOT values (2743, 2742, 2756, 1534, 1.270, 21.32, 67.00, 1.270, 21.37, 67.11, 0.003, 189.83, 22.53);
insert into SHOT values (2744, 2742, 2757, 1534, 2.400, 113.42, 82.80, 2.399, 113.20, 82.71, 0.004, 96.53, -15.04);
insert into SHOT values (2745, 2742, 2758, 1534, 4.280, 324.32, 59.40, 4.276, 324.34, 59.38, 0.004, 68.04, -77.34);
insert into SHOT values (2746, 2742, 2759, 1534, 6.020, 314.02, 69.30, 6.019, 314.05, 69.29, 0.002, 10.48, -44.71);
insert into SHOT values (2747, 2742, 2760, 1534, 10.280, 330.72, 81.00, 10.276, 330.88, 81.03, 0.008, 111.96, -25.85);
insert into SHOT values (2748, 2742, 2761, 1534, 5.250, 135.92, -48.10, 5.253, 135.92, -48.10, 0.003, 150.70, -55.27);
insert into SHOT values (2749, 2742, 2762, 1534, 3.050, 123.62, -42.30, 3.049, 123.62, -42.24, 0.003, 126.78, 56.80);
insert into SHOT values (2750, 2742, 2763, 1534, 2.800, 142.72, -44.10, 2.802, 142.67, -44.10, 0.002, 93.82, -35.95);
insert into SCRAPS values (1536, 1530, 'SP-P40-1', 1, 79.95149, 1.27309);
 insert into SCRAPS values (1567, 1530, 'SP-P40-2', 1, 79.93477, 7.18678);
 insert into SCRAPS values (1584, 1530, 'SP-P40-4', 1, 0.51927, 0.08664);
 insert into SCRAPS values (1590, 1530, 'SP-P40-3', 1, 84.39361, 3.40168);
 insert into SCRAPS values (1607, 1530, 'SC-P40-1', 2, 74.11917, 1.13109);
 insert into SCRAPS values (1651, 1530, 'SC-P40-2', 2, 65.25611, 6.50448);
 insert into MAPS values (1659, 1530, 'MP-P40-plan-tot', 'P40_suite', 1, 94.220, -46.280);
 insert into MAPITEMS values (1659, 4, 1536);
 insert into MAPITEMS values (1659, 4, 1567);
 insert into MAPITEMS values (1659, 4, 1590);
 insert into MAPITEMS values (1659, 4, 1584);
 insert into MAPS values (1660, 1530, 'MC-P40-coupe-tot-elev', 'P40_suite', 2, 94.220, -46.280);
 insert into MAPITEMS values (1660, 4, 1607);
 insert into MAPITEMS values (1660, 4, 1651);
 insert into SURVEY values (1663, 327, 'jonctionP90P17', 'jonctionP90P17.Kriska.Ded.Ded', 'jonctionP90P17');
 insert into CENTRELINE values (1664, 1663, NULL, NULL, NULL, 0.00, 0.00, 0.00);
 insert into SURVEY values (1665, 1663, 'jonctionP90P17', 'jonctionP90P17.jonctionP90P17.Kriska.Ded.Ded', 'jonctionP90P17');
 insert into CENTRELINE values (1666, 1665, NULL, NULL, NULL, 0.00, 0.00, 0.00);
 insert into CENTRELINE values (1667, 1665, NULL, '2023-08-18', NULL, 38.25, 0.00, 0.00);
 insert into PERSON values (34, 'Fabien', 'Simon(GUCEM)');
insert into TOPO values (34, 1667);
 insert into TOPO values (2, 1667);
 insert into SHOT values (2751, 2764, 2765, 1667, 2.200, 223.85, -9.00, 2.198, 224.07, -8.90, 0.010, 326.15, 25.88);
insert into SHOT values (2752, 2764, 2766, 1667, 3.200, 229.35, 36.20, 3.199, 229.40, 36.21, 0.003, 338.02, 1.42);
insert into SHOT values (2753, 2764, 2767, 1667, 6.290, 233.35, 57.10, 6.289, 233.33, 57.10, 0.002, 111.40, -49.50);
insert into SHOT values (2754, 2764, 2768, 1667, 2.860, 183.65, 8.00, 2.854, 183.65, 8.06, 0.007, 0.94, 16.98);
insert into SHOT values (2755, 2764, 2769, 1667, 2.830, 183.55, 10.80, 2.825, 183.51, 10.81, 0.005, 23.07, -3.35);
insert into SHOT values (2756, 2764, 2770, 1667, 3.950, 188.65, 39.60, 3.952, 188.69, 39.61, 0.003, 246.74, 39.03);
insert into SHOT values (2757, 2764, 2771, 1667, 13.930, 190.95, 63.40, 13.933, 191.00, 63.42, 0.008, 304.04, 33.10);
insert into SHOT values (2758, 2764, 2772, 1667, 9.640, 222.35, 71.30, 9.638, 222.37, 71.32, 0.005, 24.04, -13.20);
insert into SHOT values (2759, 2764, 2773, 1667, 3.180, 224.25, 75.80, 3.188, 224.48, 75.75, 0.009, 258.21, 50.86);
insert into SHOT values (2760, 2764, 2774, 1667, 0.690, 39.95, 21.20, 0.693, 39.35, 21.14, 0.007, 335.93, 3.67);
insert into SHOT values (2761, 2764, 2775, 1667, 1.580, 113.05, 24.40, 1.578, 112.99, 24.72, 0.009, 309.05, 54.48);
insert into SHOT values (2762, 2764, 2776, 1667, 2.060, 124.85, 56.90, 2.061, 124.82, 57.06, 0.006, 310.51, 45.15);
insert into SHOT values (2763, 2764, 2777, 1667, 0.220, 125.05, 22.60, 0.222, 122.91, 23.96, 0.009, 29.29, 35.66);
insert into SHOT values (2764, 2764, 2778, 1667, 3.230, 122.35, 21.30, 3.230, 122.37, 21.42, 0.007, 272.50, 70.23);
insert into SHOT values (2765, 2764, 2779, 1667, 4.090, 119.85, 10.70, 4.085, 119.89, 10.72, 0.006, 270.84, 6.09);
insert into SHOT values (2766, 2764, 2780, 1667, 2.400, 111.45, -11.10, 2.397, 111.44, -11.06, 0.003, 298.01, 41.62);
insert into SHOT values (2767, 2764, 2781, 1667, 1.870, 136.35, -18.50, 1.864, 136.37, -18.45, 0.006, 306.45, 33.04);
insert into SHOT values (2768, 2764, 2782, 1667, 2.170, 149.75, 0.40, 2.165, 149.76, 0.53, 0.007, 323.22, 41.43);
insert into SHOT values (2769, 2764, 2783, 1667, 2.550, 146.65, 14.10, 2.620, 145.62, 14.82, 0.089, 109.00, 33.30);
insert into SHOT values (2770, 2783, 2784, 1667, 3.830, 176.95, 81.60, 3.821, 176.93, 81.56, 0.009, 171.57, -81.63);
insert into SHOT values (2771, 2783, 2785, 1667, 2.540, 29.65, 84.90, 2.540, 32.28, 84.92, 0.010, 126.87, 0.31);
insert into SHOT values (2772, 2783, 2786, 1667, 2.160, 24.75, 76.90, 2.156, 25.51, 76.93, 0.008, 132.29, -28.94);
insert into SHOT values (2773, 2783, 2787, 1667, 1.480, 22.15, 65.10, 1.476, 22.83, 65.22, 0.009, 144.56, -15.42);
insert into SHOT values (2774, 2783, 2788, 1667, 1.390, 27.25, 47.70, 1.384, 27.39, 47.50, 0.008, 134.53, -73.37);
insert into SHOT values (2775, 2783, 2789, 1667, 1.130, 27.25, 27.30, 1.124, 27.33, 26.98, 0.009, 173.87, -71.66);
insert into SHOT values (2776, 2783, 2790, 1667, 1.110, 31.75, 2.00, 1.110, 32.11, 1.55, 0.011, 117.96, -50.68);
insert into SHOT values (2777, 2783, 2791, 1667, 1.250, 35.75, -19.00, 1.257, 36.10, -19.04, 0.010, 85.48, -17.62);
insert into SHOT values (2778, 2783, 2792, 1667, 1.650, 42.15, -38.10, 1.654, 42.51, -38.07, 0.009, 107.29, -11.70);
insert into SHOT values (2779, 2783, 2793, 1667, 0.940, 44.95, -48.80, 0.944, 45.00, -48.77, 0.004, 55.69, -41.00);
insert into SHOT values (2780, 2783, 2794, 1667, 1.800, 86.65, 33.40, 1.799, 86.95, 33.39, 0.008, 181.10, -6.24);
insert into SHOT values (2781, 2783, 2795, 1667, 1.710, 83.25, 7.80, 1.717, 83.25, 7.70, 0.008, 84.31, -15.23);
insert into SHOT values (2782, 2783, 2796, 1667, 2.150, 78.65, -14.30, 2.157, 78.69, -14.23, 0.007, 91.19, 8.07);
insert into SHOT values (2783, 2783, 2797, 1667, 2.440, 75.05, -28.50, 2.449, 75.19, -28.54, 0.011, 111.81, -32.65);
insert into SHOT values (2784, 2783, 2798, 1667, 2.530, 102.45, 40.20, 2.531, 102.53, 40.09, 0.006, 139.53, -32.98);
insert into SHOT values (2785, 2783, 2799, 1667, 2.820, 112.55, 48.80, 2.823, 112.71, 48.67, 0.009, 150.18, -11.41);
insert into SHOT values (2786, 2783, 2800, 1667, 3.350, 124.75, 59.50, 3.346, 124.72, 59.40, 0.007, 108.11, -64.52);
insert into SHOT values (2787, 2783, 2801, 1667, 3.790, 143.45, 67.40, 3.792, 143.37, 67.38, 0.003, 90.34, 22.05);
insert into SHOT values (2788, 2783, 2802, 1667, 4.330, 188.25, 75.70, 4.325, 188.05, 75.67, 0.007, 114.57, -57.41);
insert into SHOT values (2789, 2783, 2803, 1667, 6.630, 242.85, 58.50, 6.626, 242.84, 58.51, 0.004, 67.33, -49.62);
insert into SHOT values (2790, 2783, 2804, 1667, 5.440, 257.05, 49.10, 5.438, 257.02, 49.09, 0.003, 143.77, -43.58);
insert into SHOT values (2791, 2783, 2805, 1667, 3.880, 261.65, 39.10, 3.869, 261.57, 39.10, 0.012, 105.52, -36.60);
insert into SHOT values (2792, 2783, 2806, 1667, 3.200, 266.65, 24.00, 3.192, 266.66, 24.04, 0.009, 82.98, -10.50);
insert into SHOT values (2793, 2783, 2807, 1667, 2.910, 269.35, 12.80, 2.902, 269.19, 12.74, 0.012, 135.43, -23.77);
insert into SHOT values (2794, 2783, 2808, 1667, 2.860, 273.85, -4.70, 2.856, 273.83, -4.82, 0.007, 106.75, -53.80);
insert into SHOT values (2795, 2783, 2809, 1667, 3.800, 285.85, -32.90, 3.795, 285.87, -33.05, 0.011, 97.30, -32.31);
insert into SHOT values (2796, 2783, 2810, 1667, 3.970, 315.25, -7.50, 3.966, 315.21, -7.53, 0.006, 166.62, -18.97);
insert into SHOT values (2797, 2783, 2811, 1667, 0.170, 199.95, 17.00, 0.175, 197.35, 16.61, 0.009, 142.75, 1.88);
insert into SHOT values (2798, 2783, 2812, 1667, 2.720, 96.65, -2.90, 2.722, 96.76, -2.95, 0.006, 162.76, -22.15);
insert into SHOT values (2799, 2783, 2813, 1667, 3.010, 91.25, -16.20, 3.010, 91.39, -16.20, 0.007, 178.40, -1.90);
insert into SHOT values (2800, 2783, 2814, 1667, 3.740, 88.15, -29.70, 3.746, 88.24, -29.77, 0.009, 149.38, -49.69);
insert into SHOT values (2801, 2783, 2815, 1667, 3.740, 92.15, -22.90, 3.838, 91.93, -21.87, 0.120, 85.60, 12.16);
insert into SHOT values (2802, 2815, 2816, 1667, 1.260, 160.55, 50.80, 1.267, 161.11, 50.66, 0.011, 209.85, 18.78);
insert into SHOT values (2803, 2815, 2817, 1667, 1.000, 171.45, 27.10, 1.010, 171.69, 27.09, 0.011, 193.97, 24.05);
insert into SHOT values (2804, 2815, 2818, 1667, 0.720, 176.85, 8.40, 0.729, 176.82, 8.67, 0.010, 174.73, 28.60);
insert into SHOT values (2805, 2815, 2819, 1667, 0.710, 178.15, -19.20, 0.718, 178.32, -18.68, 0.011, 189.75, 19.29);
insert into SHOT values (2806, 2815, 2820, 1667, 0.890, 183.35, -46.60, 0.899, 183.69, -46.29, 0.011, 204.32, -17.75);
insert into SHOT values (2807, 2815, 2821, 1667, 0.940, 177.15, -44.90, 0.941, 177.44, -44.54, 0.007, 212.30, 30.82);
insert into SHOT values (2808, 2815, 2822, 1667, 1.020, 172.55, -62.40, 1.017, 172.72, -62.23, 0.004, 222.35, 63.75);
insert into SHOT values (2809, 2815, 2823, 1667, 1.250, 182.35, -77.50, 1.252, 182.05, -77.07, 0.010, 173.66, 2.18);
insert into SHOT values (2810, 2815, 2824, 1667, 0.830, 216.05, -84.40, 0.834, 215.54, -84.08, 0.006, 207.41, -37.93);
insert into SHOT values (2811, 2815, 2825, 1667, 1.190, 138.05, -14.40, 1.193, 138.16, -14.57, 0.005, 191.23, -54.68);
insert into SHOT values (2812, 2815, 2826, 1667, 1.810, 128.75, -44.00, 1.811, 129.07, -44.08, 0.008, 226.92, -19.61);
insert into SHOT values (2813, 2815, 2827, 1667, 2.810, 120.25, -55.50, 2.813, 120.59, -55.55, 0.011, 210.78, -23.56);
insert into SHOT values (2814, 2815, 2828, 1667, 3.850, 101.55, -57.70, 3.844, 101.80, -57.71, 0.011, 214.36, 23.13);
insert into SHOT values (2815, 2815, 2829, 1667, 0.260, 91.85, -59.40, 0.256, 94.40, -59.35, 0.007, 201.69, 31.57);
insert into SHOT values (2816, 2815, 2830, 1667, 4.660, 117.95, -3.30, 4.665, 118.05, -3.32, 0.010, 178.63, -10.17);
insert into SHOT values (2817, 2815, 2831, 1667, 2.550, 124.45, 12.10, 2.549, 124.71, 12.00, 0.012, 212.46, -21.52);
insert into SHOT values (2818, 2815, 2832, 1667, 2.840, 130.55, 24.20, 2.843, 130.63, 24.08, 0.008, 165.40, -33.68);
insert into SHOT values (2819, 2815, 2833, 1667, 3.430, 136.25, 33.40, 3.432, 136.27, 33.42, 0.002, 190.76, 48.19);
insert into SHOT values (2820, 2815, 2834, 1667, 3.790, 139.85, 39.40, 3.794, 139.84, 39.43, 0.005, 137.04, 63.69);
insert into SHOT values (2821, 2815, 2835, 1667, 4.870, 114.15, -16.10, 4.873, 114.21, -16.08, 0.006, 176.26, 4.97);
insert into SHOT values (2822, 2815, 2836, 1667, 5.940, 108.25, -24.80, 5.939, 108.27, -24.79, 0.003, 212.32, 37.37);
insert into SHOT values (2823, 2815, 2837, 1667, 2.470, 103.35, -25.90, 2.470, 103.54, -25.92, 0.007, 194.97, -8.49);
insert into SHOT values (2824, 2815, 2838, 1667, 7.910, 98.15, -41.80, 7.911, 98.19, -41.77, 0.006, 147.99, 23.40);
insert into SHOT values (2825, 2815, 2839, 1667, 8.490, 92.85, -45.50, 8.491, 92.89, -45.54, 0.007, 216.73, -38.55);
insert into SHOT values (2826, 2815, 2840, 1667, 3.320, 97.75, -50.60, 3.325, 97.90, -50.61, 0.008, 162.14, -35.80);
insert into SHOT values (2827, 2815, 2841, 1667, 4.090, 89.25, -54.10, 4.089, 89.28, -54.05, 0.004, 128.68, 50.95);
insert into SHOT values (2828, 2815, 2842, 1667, 3.860, 102.45, -35.70, 3.913, 102.18, -34.56, 0.095, 92.84, 20.02);
insert into SHOT values (2829, 2842, 2843, 1667, 2.640, 284.45, 13.20, 2.631, 284.47, 13.18, 0.010, 97.58, -17.43);
insert into SHOT values (2830, 2842, 2844, 1667, 3.730, 282.15, 29.50, 3.728, 282.11, 29.58, 0.006, 129.22, 33.94);
insert into SHOT values (2831, 2842, 2845, 1667, 1.190, 264.35, 16.40, 1.185, 264.44, 16.67, 0.008, 67.74, 31.63);
insert into SHOT values (2832, 2842, 2846, 1667, 0.990, 253.75, 36.80, 0.987, 253.86, 36.71, 0.004, 28.94, -54.70);
insert into SHOT values (2833, 2842, 2847, 1667, 0.750, 279.15, -10.00, 0.741, 279.46, -10.10, 0.010, 74.26, 1.41);
insert into SHOT values (2834, 2842, 2848, 1667, 1.630, 313.25, -26.00, 1.621, 313.33, -25.98, 0.009, 117.61, 29.37);
insert into SHOT values (2835, 2842, 2849, 1667, 1.010, 327.65, -47.20, 1.007, 328.17, -47.31, 0.007, 87.65, 8.38);
insert into SHOT values (2836, 2842, 2850, 1667, 1.190, 344.55, -78.30, 1.184, 345.38, -78.42, 0.007, 121.07, 46.40);
insert into SHOT values (2837, 2842, 2851, 1667, 0.460, 229.85, -13.40, 0.460, 229.54, -13.83, 0.004, 125.72, -53.86);
insert into SHOT values (2838, 2842, 2852, 1667, 0.570, 229.25, 26.00, 0.562, 229.03, 26.42, 0.009, 61.21, 0.80);
insert into SHOT values (2839, 2842, 2853, 1667, 1.620, 229.05, 51.20, 1.613, 229.03, 51.38, 0.009, 51.15, -16.51);
insert into SHOT values (2840, 2842, 2854, 1667, 1.860, 219.05, 62.00, 1.859, 218.97, 61.93, 0.003, 177.53, -51.33);
insert into SHOT values (2841, 2842, 2855, 1667, 5.160, 245.85, 61.50, 5.162, 245.73, 61.58, 0.009, 110.95, 36.98);
insert into SHOT values (2842, 2842, 2856, 1667, 1.960, 202.85, 67.90, 1.963, 202.38, 68.00, 0.007, 94.07, 32.37);
insert into SHOT values (2843, 2842, 2857, 1667, 2.120, 193.65, 54.60, 2.120, 193.70, 54.70, 0.004, 355.51, 29.43);
insert into SHOT values (2844, 2842, 2858, 1667, 1.590, 183.25, 48.50, 1.588, 183.27, 48.53, 0.002, 349.65, -23.77);
insert into SHOT values (2845, 2842, 2859, 1667, 1.410, 170.85, 29.60, 1.412, 170.61, 29.72, 0.006, 85.69, 35.45);
insert into SHOT values (2846, 2842, 2860, 1667, 1.220, 167.05, 13.90, 1.216, 166.79, 13.79, 0.007, 47.57, -26.67);
insert into SHOT values (2847, 2842, 2861, 1667, 1.380, 167.55, -2.60, 1.384, 167.47, -2.48, 0.005, 144.99, 28.90);
insert into SHOT values (2848, 2842, 2862, 1667, 1.640, 170.45, -21.80, 1.640, 170.17, -21.84, 0.008, 77.61, -7.33);
insert into SHOT values (2849, 2842, 2863, 1667, 1.830, 175.25, -28.80, 1.831, 175.00, -28.72, 0.008, 104.81, 12.37);
insert into SHOT values (2850, 2842, 2864, 1667, 1.030, 169.15, -42.90, 1.030, 168.54, -42.83, 0.008, 82.65, 8.14);
insert into SHOT values (2851, 2842, 2865, 1667, 1.130, 158.15, -29.30, 1.126, 157.87, -29.24, 0.006, 34.53, 28.16);
insert into SHOT values (2852, 2842, 2866, 1667, 2.950, 146.25, -41.10, 2.954, 146.17, -41.06, 0.005, 109.56, -8.24);
insert into SHOT values (2853, 2842, 2867, 1667, 2.600, 140.65, -50.20, 2.605, 140.59, -50.14, 0.006, 123.64, -23.74);
insert into SHOT values (2854, 2842, 2868, 1667, 2.290, 131.45, -40.00, 2.291, 131.31, -39.91, 0.006, 77.10, 20.92);
insert into SHOT values (2855, 2842, 2869, 1667, 2.100, 131.75, -24.30, 2.097, 131.61, -24.21, 0.006, 24.60, 41.05);
insert into SHOT values (2856, 2842, 2870, 1667, 2.110, 141.85, -24.90, 2.111, 141.57, -24.93, 0.009, 57.01, -10.02);
insert into SHOT values (2857, 2842, 2871, 1667, 2.740, 149.55, -24.40, 2.741, 149.43, -24.35, 0.006, 79.09, 19.51);
insert into SHOT values (2858, 2842, 2872, 1667, 2.600, 153.85, -2.60, 2.601, 153.73, -2.64, 0.006, 74.85, -21.11);
insert into SHOT values (2859, 2842, 2873, 1667, 2.910, 150.05, 10.10, 2.908, 150.03, 10.10, 0.002, 348.43, -7.93);
insert into SHOT values (2860, 2842, 2874, 1667, 3.610, 144.65, 10.70, 3.612, 144.52, 10.69, 0.008, 67.50, -1.81);
insert into SHOT values (2861, 2842, 2875, 1667, 3.660, 147.85, -2.00, 3.665, 147.83, -2.03, 0.005, 134.16, -25.90);
insert into SHOT values (2862, 2842, 2876, 1667, 3.930, 148.05, -10.70, 3.936, 147.99, -10.69, 0.007, 119.03, -2.64);
insert into SHOT values (2863, 2842, 2877, 1667, 3.060, 148.55, -14.00, 3.058, 148.51, -14.00, 0.003, 13.59, 5.52);
insert into SHOT values (2864, 2842, 2878, 1667, 3.640, 140.45, -7.90, 3.643, 140.40, -7.89, 0.004, 91.46, 4.23);
insert into SHOT values (2865, 2842, 2879, 1667, 3.330, 140.35, -0.50, 3.330, 140.24, -0.52, 0.006, 53.65, -8.54);
insert into SHOT values (2866, 2842, 2880, 1667, 3.680, 142.05, 5.20, 3.684, 141.97, 5.14, 0.007, 92.30, -30.38);
insert into SHOT values (2867, 2842, 2881, 1667, 2.400, 141.35, 7.70, 2.405, 141.30, 7.65, 0.005, 120.93, -16.84);
insert into SHOT values (2868, 2842, 2882, 1667, 2.460, 135.25, 0.00, 2.468, 135.16, 0.00, 0.009, 110.94, 0.00);
insert into SHOT values (2869, 2842, 2883, 1667, 5.230, 148.85, 39.20, 5.235, 148.82, 39.22, 0.006, 115.61, 51.26);
insert into SHOT values (2870, 2842, 2884, 1667, 2.360, 142.65, 46.30, 2.365, 142.71, 46.30, 0.006, 169.52, 43.57);
insert into SHOT values (2871, 2842, 2885, 1667, 2.200, 141.95, 42.30, 2.202, 141.72, 42.23, 0.007, 79.49, -5.04);
insert into SHOT values (2872, 2842, 2886, 1667, 1.810, 130.05, 27.10, 1.819, 129.99, 27.15, 0.009, 116.81, 36.81);
insert into SHOT values (2873, 2842, 2887, 1667, 1.770, 120.35, 9.50, 1.772, 120.23, 9.42, 0.005, 60.22, -28.18);
insert into SHOT values (2874, 2842, 2888, 1667, 2.230, 111.35, -11.90, 2.235, 111.17, -11.87, 0.009, 60.69, -1.08);
insert into SHOT values (2875, 2842, 2889, 1667, 3.020, 105.55, -27.50, 3.026, 105.54, -27.34, 0.010, 102.55, 25.36);
insert into SHOT values (2876, 2842, 2890, 1667, 3.100, 99.65, -36.60, 3.107, 99.69, -36.55, 0.007, 114.82, -13.47);
insert into SHOT values (2877, 2842, 2891, 1667, 2.650, 107.35, -36.10, 2.654, 107.34, -35.99, 0.007, 104.68, 12.06);
insert into SHOT values (2878, 2842, 2892, 1667, 2.260, 85.95, -42.30, 2.261, 85.89, -42.23, 0.003, 55.06, 17.53);
insert into SHOT values (2879, 2842, 2893, 1667, 4.790, 86.35, -50.90, 4.795, 86.40, -50.87, 0.006, 115.87, -25.33);
insert into SHOT values (2880, 2842, 2894, 1667, 4.390, 93.05, -60.00, 4.393, 93.12, -59.89, 0.009, 112.53, 11.92);
insert into SHOT values (2881, 2842, 2895, 1667, 3.800, 82.85, -69.70, 3.797, 83.04, -69.66, 0.006, 155.48, 40.87);
insert into SHOT values (2882, 2842, 2896, 1667, 3.640, 46.95, -71.60, 3.635, 47.12, -71.62, 0.006, 174.27, 41.60);
insert into SHOT values (2883, 2842, 2897, 1667, 1.630, 7.35, -73.40, 1.628, 7.43, -73.44, 0.003, 166.09, 47.31);
insert into SHOT values (2884, 2842, 2898, 1667, 4.680, 33.85, -60.90, 4.681, 33.90, -60.89, 0.002, 98.40, -17.62);
insert into SHOT values (2885, 2842, 2899, 1667, 6.340, 51.25, -60.90, 6.342, 51.31, -60.87, 0.005, 91.22, -2.98);
insert into SHOT values (2886, 2842, 2900, 1667, 3.500, 7.55, -55.30, 3.505, 7.77, -55.24, 0.010, 60.20, -14.56);
insert into SHOT values (2887, 2842, 2901, 1667, 3.020, 358.95, -53.00, 3.020, 359.06, -52.94, 0.005, 50.51, 22.92);
insert into SHOT values (2888, 2842, 2902, 1667, 2.270, 87.95, -41.40, 2.275, 87.99, -41.24, 0.008, 97.02, 7.98);
insert into SHOT values (2889, 2842, 2903, 1667, 3.140, 93.05, -44.30, 3.142, 93.05, -44.19, 0.007, 95.64, 27.02);
insert into SHOT values (2890, 2842, 2904, 1667, 2.810, 100.65, -48.80, 2.807, 100.58, -48.73, 0.005, 25.89, 63.27);
insert into SHOT values (2891, 2842, 2905, 1667, 2.940, 114.05, -53.50, 2.938, 113.93, -53.43, 0.005, 49.18, 40.27);
insert into SHOT values (2892, 2842, 2906, 1667, 3.430, 124.85, -58.90, 3.434, 124.67, -58.87, 0.007, 68.88, -25.12);
insert into SHOT values (2893, 2842, 2907, 1667, 3.840, 128.15, -65.30, 3.844, 127.94, -65.23, 0.008, 82.12, -9.26);
insert into SHOT values (2894, 2842, 2908, 1667, 3.140, 129.75, -72.30, 3.140, 129.50, -72.22, 0.006, 86.18, 12.77);
insert into SHOT values (2895, 2842, 2909, 1667, 1.230, 348.45, -72.50, 1.226, 349.00, -72.60, 0.006, 120.18, 33.05);
insert into SHOT values (2896, 2842, 2910, 1667, 1.800, 352.95, -59.70, 1.796, 353.03, -59.67, 0.005, 129.94, 64.20);
insert into SHOT values (2897, 2842, 2911, 1667, 5.070, 55.35, -64.90, 5.051, 56.03, -63.49, 0.129, 69.81, 33.55);
insert into SHOT values (2898, 2911, 2912, 1667, 1.660, 312.35, 32.30, 1.666, 312.41, 32.29, 0.006, 328.56, 27.68);
insert into SHOT values (2899, 2911, 2913, 1667, 1.100, 287.35, 35.00, 1.100, 287.43, 34.95, 0.002, 3.72, -34.55);
insert into SHOT values (2900, 2911, 2914, 1667, 1.720, 269.95, 22.40, 1.718, 270.00, 22.23, 0.006, 8.30, -74.46);
insert into SHOT values (2901, 2911, 2915, 1667, 1.420, 268.75, -10.60, 1.424, 268.77, -10.52, 0.005, 276.80, 14.75);
insert into SHOT values (2902, 2911, 2916, 1667, 1.430, 284.75, -13.40, 1.436, 284.93, -13.29, 0.008, 321.29, 10.45);
insert into SHOT values (2903, 2911, 2917, 1667, 0.480, 311.05, 1.80, 0.489, 310.86, 1.17, 0.011, 301.24, -27.98);
insert into SHOT values (2904, 2911, 2918, 1667, 0.840, 346.55, 0.50, 0.844, 346.29, 0.68, 0.006, 304.00, 25.84);
insert into SHOT values (2905, 2911, 2919, 1667, 0.690, 24.75, 6.50, 0.685, 24.30, 6.71, 0.008, 249.48, 14.24);
insert into SHOT values (2906, 2911, 2920, 1667, 0.650, 51.45, 7.00, 0.645, 51.34, 7.12, 0.005, 245.17, 8.95);
insert into SHOT values (2907, 2911, 2921, 1667, 1.010, 45.65, -26.10, 1.011, 45.00, -26.44, 0.012, 304.73, -28.58);
insert into SHOT values (2908, 2911, 2922, 1667, 1.540, 0.85, -44.30, 1.542, 0.52, -44.47, 0.008, 251.94, -33.93);
insert into SHOT values (2909, 2911, 2923, 1667, 0.730, 331.95, -55.10, 0.733, 331.61, -54.97, 0.004, 291.51, -18.57);
insert into SHOT values (2910, 2911, 2924, 1667, 1.500, 266.75, -49.90, 1.505, 267.05, -49.82, 0.008, 312.03, -19.90);
insert into SHOT values (2911, 2911, 2925, 1667, 1.380, 257.65, -65.00, 1.379, 258.11, -65.01, 0.005, 356.51, 8.37);
insert into SHOT values (2912, 2911, 2926, 1667, 1.370, 258.45, -73.40, 1.369, 258.41, -73.10, 0.007, 256.18, 23.32);
insert into SHOT values (2913, 2911, 2927, 1667, 4.100, 282.15, -85.20, 4.105, 281.63, -85.15, 0.007, 244.59, -40.69);
insert into SHOT values (2914, 2911, 2928, 1667, 2.430, 261.05, -79.70, 2.429, 260.75, -79.67, 0.003, 198.73, 18.53);
insert into SHOT values (2915, 2911, 2929, 1667, 2.720, 359.45, -81.10, 2.723, 358.64, -81.12, 0.007, 262.39, -24.67);
insert into SHOT values (2916, 2911, 2930, 1667, 3.150, 22.25, -87.00, 3.154, 21.80, -87.06, 0.006, 223.00, -50.66);
insert into SHOT values (2917, 2911, 2931, 1667, 2.830, 110.95, -87.00, 2.833, 111.04, -87.18, 0.010, 289.50, -23.71);
insert into SHOT values (2918, 2911, 2932, 1667, 0.480, 142.55, -71.80, 0.484, 143.13, -71.94, 0.004, 229.87, -69.12);
insert into SHOT values (2919, 2911, 2933, 1667, 1.080, 149.65, 14.40, 1.074, 149.98, 14.56, 0.009, 287.24, 8.91);
insert into SHOT values (2920, 2911, 2934, 1667, 1.190, 150.65, 34.20, 1.191, 150.83, 34.23, 0.003, 229.09, 18.92);
insert into SHOT values (2921, 2911, 2935, 1667, 2.230, 156.55, 54.20, 2.233, 156.57, 54.15, 0.004, 166.26, 21.24);
insert into SHOT values (2922, 2911, 2936, 1667, 4.570, 174.75, 61.30, 4.569, 174.76, 61.37, 0.006, 349.91, 14.73);
insert into SHOT values (2923, 2911, 2937, 1667, 5.630, 195.15, 65.40, 5.631, 195.34, 65.41, 0.008, 286.39, 7.16);
insert into SHOT values (2924, 2911, 2938, 1667, 8.400, 206.65, 64.20, 8.399, 206.64, 64.18, 0.004, 189.48, -48.44);
insert into SHOT values (2925, 2911, 2939, 1667, 6.690, 224.05, 65.80, 6.689, 224.11, 65.78, 0.004, 289.09, -30.12);
insert into SHOT values (2926, 2911, 2940, 1667, 3.370, 205.35, 71.30, 3.370, 205.62, 71.19, 0.009, 244.63, -14.25);
insert into SHOT values (2927, 2911, 2941, 1667, 2.100, 182.15, 75.80, 2.093, 182.25, 75.89, 0.008, 351.57, -50.35);
insert into SHOT values (2928, 2911, 2942, 1667, 1.350, 126.05, 70.50, 1.345, 125.84, 70.73, 0.007, 319.86, -20.77);
insert into SHOT values (2929, 2911, 2943, 1667, 1.520, 127.25, 51.30, 1.510, 127.23, 51.40, 0.010, 308.51, -36.83);
insert into SHOT values (2930, 2911, 2944, 1667, 1.450, 128.35, 52.50, 1.450, 128.56, 52.50, 0.003, 224.06, -6.29);
insert into SHOT values (2931, 2911, 2945, 1667, 1.220, 124.15, 32.30, 1.217, 124.31, 32.28, 0.004, 251.22, -27.68);
insert into SHOT values (2932, 2911, 2946, 1667, 1.690, 133.15, 27.20, 1.686, 133.38, 27.18, 0.007, 252.73, -19.60);
insert into SHOT values (2933, 2911, 2947, 1667, 1.580, 129.45, 14.50, 1.577, 129.42, 14.32, 0.006, 326.41, -68.05);
insert into SHOT values (2934, 2911, 2948, 1667, 1.460, 125.85, 6.10, 1.454, 126.00, 5.92, 0.009, 271.26, -37.25);
insert into SHOT values (2935, 2911, 2949, 1667, 1.550, 121.65, -7.30, 1.545, 121.93, -7.44, 0.010, 249.21, -17.90);
insert into SHOT values (2936, 2911, 2950, 1667, 2.570, 123.45, -20.00, 2.566, 123.49, -20.06, 0.005, 281.50, -10.97);
insert into SHOT values (2937, 2911, 2951, 1667, 2.580, 121.25, -25.20, 2.576, 121.30, -25.28, 0.006, 278.91, -14.15);
insert into SHOT values (2938, 2911, 2952, 1667, 4.910, 119.15, -25.30, 4.904, 119.17, -25.35, 0.007, 285.86, -12.99);
insert into SHOT values (2939, 2911, 2953, 1667, 2.190, 117.45, -30.50, 2.186, 117.52, -30.52, 0.005, 266.61, 18.21);
insert into SHOT values (2940, 2911, 2954, 1667, 1.700, 122.05, -35.30, 1.696, 122.31, -35.29, 0.008, 237.56, 18.29);
insert into SHOT values (2941, 2911, 2955, 1667, 1.810, 106.95, -22.90, 1.806, 106.80, -23.15, 0.010, 320.41, -36.21);
insert into SHOT values (2942, 2911, 2956, 1667, 2.190, 106.65, -38.30, 2.186, 106.64, -38.47, 0.008, 289.31, -20.89);
insert into SHOT values (2943, 2911, 2957, 1667, 0.880, 73.85, -18.00, 0.875, 73.96, -17.97, 0.005, 233.75, 21.88);
insert into SHOT values (2944, 2911, 2958, 1667, 1.730, 82.95, -36.70, 1.728, 82.93, -36.99, 0.009, 267.06, -42.86);
insert into SHOT values (2945, 2911, 2959, 1667, 3.490, 85.05, -47.50, 3.488, 85.14, -47.46, 0.005, 164.54, 39.61);
insert into SHOT values (2946, 2911, 2960, 1667, 2.090, 84.75, -52.60, 2.087, 84.56, -52.68, 0.006, 312.64, 3.37);
insert into SHOT values (2947, 2911, 2961, 1667, 2.030, 70.85, -50.40, 2.034, 70.58, -50.51, 0.008, 336.75, -44.70);
insert into SHOT values (2948, 2911, 2962, 1667, 2.450, 59.65, -59.10, 2.447, 59.35, -59.13, 0.007, 306.31, 17.69);
insert into SHOT values (2949, 2911, 2963, 1667, 0.750, 58.05, -8.40, 0.749, 58.24, -8.44, 0.003, 169.99, -9.17);
insert into SHOT values (2950, 2911, 2964, 1667, 0.630, 62.65, 15.60, 0.632, 62.59, 15.61, 0.002, 41.64, 20.07);
insert into SHOT values (2951, 2911, 2965, 1667, 0.770, 81.65, 2.60, 0.769, 81.76, 2.24, 0.005, 210.77, -67.48);
insert into SHOT values (2952, 2911, 2966, 1667, 1.220, 59.35, -36.80, 1.220, 59.24, -36.75, 0.002, 348.75, 22.34);
insert into SHOT values (2953, 2911, 2967, 1667, 1.980, 38.95, -52.70, 1.981, 38.88, -52.90, 0.007, 233.03, -43.24);
insert into SHOT values (2954, 2911, 2968, 1667, 2.570, 18.85, -58.30, 2.573, 18.57, -58.34, 0.007, 287.25, -27.61);
insert into SHOT values (2955, 2911, 2969, 1667, 3.110, 8.65, -85.40, 3.032, 15.07, -84.91, 0.087, 67.57, 66.27);
insert into SHOT values (2956, 2969, 2970, 1667, 4.540, 197.55, 86.60, 4.538, 197.10, 86.56, 0.004, 160.32, -30.00);
insert into SHOT values (2957, 2969, 2971, 1667, 1.360, 175.15, 74.90, 1.359, 175.24, 74.58, 0.008, 179.82, -23.54);
insert into SHOT values (2958, 2969, 2972, 1667, 0.670, 197.25, 55.20, 0.674, 197.97, 54.73, 0.008, 234.04, -1.19);
insert into SHOT values (2959, 2969, 2973, 1667, 1.080, 0.75, 79.90, 1.077, 0.00, 79.84, 0.004, 284.11, -52.07);
insert into SHOT values (2960, 2969, 2974, 1667, 2.020, 16.25, 83.90, 2.011, 16.70, 84.04, 0.011, 180.49, -54.61);
insert into SHOT values (2961, 2969, 2975, 1667, 3.240, 25.85, 83.00, 3.233, 25.91, 83.09, 0.008, 201.77, -45.39);
insert into SHOT values (2962, 2969, 2976, 1667, 3.780, 72.35, 87.70, 3.773, 74.05, 87.79, 0.010, 217.18, -42.70);
insert into SHOT values (2963, 2969, 2977, 1667, 2.900, 219.75, 79.30, 2.892, 219.81, 79.10, 0.013, 223.67, -49.07);
insert into SHOT values (2964, 2969, 2978, 1667, 3.590, 240.25, 77.00, 3.582, 240.26, 76.99, 0.008, 54.85, -80.38);
insert into SHOT values (2965, 2969, 2979, 1667, 1.350, 138.95, 70.00, 1.342, 139.40, 69.90, 0.009, 240.80, -66.57);
insert into SHOT values (2966, 2969, 2980, 1667, 0.690, 157.55, 62.30, 0.690, 158.20, 62.09, 0.004, 215.01, -11.92);
insert into SHOT values (2967, 2969, 2981, 1667, 0.690, 204.25, 53.40, 0.690, 204.10, 52.88, 0.006, 192.20, -38.23);
insert into SHOT values (2968, 2969, 2982, 1667, 0.960, 236.75, 52.30, 0.955, 236.04, 51.77, 0.013, 173.41, -49.64);
insert into SHOT values (2969, 2969, 2983, 1667, 0.660, 295.45, 71.20, 0.655, 295.35, 71.27, 0.005, 123.93, -62.57);
insert into SHOT values (2970, 2969, 2984, 1667, 0.660, 28.85, 50.40, 0.653, 28.39, 49.93, 0.009, 296.81, -68.71);
insert into SHOT values (2971, 2969, 2985, 1667, 0.690, 68.95, 30.50, 0.685, 69.10, 30.73, 0.006, 233.48, -1.92);
insert into SHOT values (2972, 2969, 2986, 1667, 0.710, 89.65, 30.90, 0.708, 90.00, 30.55, 0.006, 168.21, -50.20);
insert into SHOT values (2973, 2969, 2987, 1667, 0.780, 102.55, 23.70, 0.773, 103.06, 23.64, 0.009, 235.87, -22.13);
insert into SHOT values (2974, 2969, 2988, 1667, 0.250, 125.35, 29.60, 0.245, 127.41, 29.28, 0.009, 239.83, -22.41);
insert into SHOT values (2975, 2969, 2989, 1667, 0.490, 184.25, 1.30, 0.492, 184.67, 1.17, 0.004, 248.48, -15.57);
insert into SHOT values (2976, 2969, 2990, 1667, 1.010, 208.35, -3.20, 1.013, 208.34, -3.40, 0.005, 205.81, -52.63);
insert into SHOT values (2977, 2969, 2991, 1667, 0.550, 221.55, -0.30, 0.552, 222.06, -1.04, 0.009, 287.27, -52.42);
insert into SHOT values (2978, 2969, 2992, 1667, 1.510, 219.65, -21.70, 1.513, 219.81, -21.72, 0.005, 273.59, -19.16);
insert into SHOT values (2979, 2969, 2993, 1667, 1.020, 202.05, -26.10, 1.023, 202.38, -26.08, 0.006, 260.93, -11.40);
insert into SHOT values (2980, 2969, 2994, 1667, 1.090, 178.95, -27.30, 1.091, 178.82, -27.26, 0.003, 125.73, -1.53);
insert into SHOT values (2981, 2969, 2995, 1667, 1.280, 166.75, -37.60, 1.287, 166.92, -37.86, 0.010, 221.02, -67.03);
insert into SHOT values (2982, 2969, 2996, 1667, 1.280, 185.05, -46.00, 1.290, 185.14, -46.14, 0.010, 202.70, -63.33);
insert into SHOT values (2983, 2969, 2997, 1667, 1.990, 212.65, -47.90, 1.996, 212.50, -47.84, 0.007, 182.56, -27.62);
insert into SHOT values (2984, 2969, 2998, 1667, 2.550, 211.65, -56.20, 2.554, 211.79, -56.12, 0.006, 247.45, -9.07);
insert into SHOT values (2985, 2969, 2999, 1667, 2.690, 197.75, -60.20, 2.699, 197.76, -60.13, 0.009, 200.51, -38.38);
insert into SHOT values (2986, 2969, 3000, 1667, 2.110, 175.85, -61.70, 2.113, 176.00, -61.68, 0.004, 226.90, -33.06);
insert into SHOT values (2987, 2969, 3001, 1667, 2.280, 207.75, -62.40, 2.290, 207.53, -62.43, 0.011, 160.99, -60.10);
insert into SHOT values (2988, 2969, 3002, 1667, 2.510, 199.15, -67.20, 2.516, 199.18, -67.22, 0.006, 220.96, -76.17);
insert into SHOT values (2989, 2969, 3003, 1667, 3.080, 189.45, -68.10, 3.085, 189.46, -68.00, 0.007, 192.16, -18.09);
insert into SHOT values (2990, 2969, 3004, 1667, 1.330, 227.35, -78.80, 1.336, 226.55, -78.70, 0.007, 180.09, -47.04);
insert into SHOT values (2991, 2969, 3005, 1667, 0.720, 60.35, -12.90, 0.719, 60.87, -13.68, 0.012, 179.28, -51.99);
insert into SHOT values (2992, 2969, 3006, 1667, 1.050, 63.85, -32.00, 1.052, 64.01, -32.18, 0.004, 163.91, -54.06);
insert into SHOT values (2993, 2969, 3007, 1667, 1.300, 54.55, -55.20, 1.300, 54.37, -55.40, 0.005, 265.36, -29.80);
insert into SHOT values (2994, 2969, 3008, 1667, 1.660, 60.45, -73.00, 1.662, 60.26, -73.08, 0.003, 285.59, -48.09);
insert into SHOT values (2995, 2969, 3009, 1667, 1.960, 76.05, -59.50, 1.958, 75.96, -59.65, 0.006, 271.25, -12.55);
insert into SHOT values (2996, 2969, 3010, 1667, 2.470, 85.05, -60.90, 2.468, 85.20, -61.06, 0.008, 241.09, -13.00);
insert into SHOT values (2997, 2969, 3011, 1667, 2.560, 127.45, -41.30, 2.556, 127.59, -41.38, 0.007, 264.67, -3.26);
insert into SHOT values (2998, 2969, 3012, 1667, 1.270, 128.55, -29.40, 1.270, 128.74, -29.74, 0.008, 264.37, -50.60);
insert into SHOT values (2999, 2969, 3013, 1667, 5.170, 126.85, -45.50, 5.175, 126.93, -45.49, 0.007, 178.89, -19.65);
insert into SHOT values (3000, 2969, 3014, 1667, 6.720, 123.55, -49.00, 6.725, 123.62, -49.06, 0.010, 229.91, -55.39);
insert into SHOT values (3001, 2969, 3015, 1667, 8.260, 120.85, -52.40, 8.263, 120.94, -52.44, 0.011, 229.38, -32.00);
insert into SHOT values (3002, 2969, 3016, 1667, 4.510, 129.95, -51.70, 4.511, 130.07, -51.69, 0.006, 209.05, -6.21);
insert into SHOT values (3003, 2969, 3017, 1667, 5.330, 113.45, -48.00, 5.336, 113.47, -48.08, 0.009, 244.51, -76.22);
insert into SHOT values (3004, 2969, 3018, 1667, 4.920, 132.95, -64.90, 4.927, 133.07, -64.85, 0.010, 164.21, -28.77);
insert into SHOT values (3005, 2969, 3019, 1667, 5.970, 123.35, -62.90, 5.975, 123.46, -62.91, 0.008, 200.25, -45.26);
insert into SHOT values (3006, 2969, 3020, 1667, 5.560, 131.15, -78.10, 5.570, 131.47, -78.11, 0.012, 210.77, -55.39);
insert into SHOT values (3007, 2969, 3021, 1667, 3.870, 177.75, -77.60, 3.870, 177.93, -77.61, 0.003, 278.12, -5.86);
insert into SHOT values (3008, 2969, 3022, 1667, 2.840, 112.75, -63.40, 2.839, 112.72, -63.46, 0.003, 301.46, -10.62);
insert into SHOT values (3009, 2969, 3023, 1667, 3.270, 112.05, -70.10, 3.275, 112.18, -70.14, 0.006, 216.78, -62.23);
insert into SHOT values (3010, 2969, 3024, 1667, 1.580, 105.45, -74.80, 1.585, 105.38, -74.83, 0.005, 64.86, -81.62);
insert into SHOT values (3011, 2969, 3025, 1667, 1.900, 91.55, -36.40, 1.902, 91.50, -36.44, 0.003, 44.93, -54.56);
insert into SHOT values (3012, 2969, 3026, 1667, 2.500, 91.75, -48.20, 2.501, 91.73, -48.39, 0.008, 277.92, -48.36);
insert into SHOT values (3013, 2969, 3027, 1667, 2.460, 85.15, -55.30, 2.463, 85.07, -55.50, 0.009, 285.53, -53.30);
insert into SHOT values (3014, 2969, 3028, 1667, 3.070, 116.45, -53.90, 3.074, 115.87, -52.85, 0.059, 95.01, 31.08);
insert into SHOT values (3015, 3028, 3029, 1667, 0.950, 195.05, -5.70, 0.945, 194.77, -5.46, 0.008, 61.79, 35.41);
insert into SHOT values (3016, 3028, 3030, 1667, 0.540, 121.95, 29.00, 0.546, 121.37, 28.43, 0.009, 90.61, -11.01);
insert into SHOT values (3017, 3028, 3031, 1667, 0.490, 39.65, 10.80, 0.491, 39.96, 10.56, 0.003, 102.03, -31.53);
insert into SHOT values (3018, 3028, 3032, 1667, 0.830, 33.85, -50.90, 0.827, 34.90, -50.67, 0.011, 119.36, 23.01);
insert into SHOT values (3019, 3028, 3033, 1667, 0.160, 353.55, -64.30, 0.157, 0.00, -63.43, 0.009, 82.30, 27.93);
insert into SHOT values (3020, 3028, 3034, 1667, 1.360, 225.65, -53.20, 1.360, 225.50, -53.27, 0.003, 100.61, -21.42);
insert into SHOT values (3021, 3028, 3035, 1667, 3.650, 333.25, -87.50, 3.653, 333.43, -87.54, 0.004, 142.38, -51.78);
insert into SHOT values (3022, 3028, 3036, 1667, 2.820, 144.75, -54.00, 2.818, 144.58, -54.00, 0.005, 42.44, 16.48);
insert into SHOT values (3023, 3028, 3037, 1667, 3.590, 115.65, -48.60, 3.588, 115.70, -48.56, 0.004, 185.20, 49.57);
insert into SHOT values (3024, 3028, 3038, 1667, 5.270, 126.85, -51.60, 5.269, 126.80, -51.61, 0.003, 8.11, 1.23);
insert into SHOT values (3025, 3028, 3039, 1667, 1.590, 277.45, 67.10, 1.584, 277.47, 67.15, 0.006, 92.95, -53.28);
insert into SHOT values (3026, 3028, 3040, 1667, 1.680, 258.15, 38.60, 1.677, 258.09, 38.75, 0.005, 93.42, 20.77);
insert into SHOT values (3027, 3028, 3041, 1667, 2.250, 293.35, 48.30, 2.247, 293.30, 48.40, 0.005, 126.66, 0.70);
insert into SHOT values (3028, 3028, 3042, 1667, 1.940, 332.45, 47.00, 1.938, 332.46, 47.10, 0.004, 145.94, 17.92);
insert into SHOT values (3029, 3028, 3043, 1667, 2.740, 309.95, 48.30, 2.739, 310.09, 48.45, 0.009, 92.43, 29.64);
insert into SHOT values (3030, 3028, 3044, 1667, 3.640, 282.15, 50.90, 3.641, 282.09, 51.01, 0.007, 125.25, 44.79);
insert into SHOT values (3031, 3028, 3045, 1667, 16.850, 135.45, -55.60, 16.852, 134.04, -53.06, 0.784, 113.09, 33.54);
insert into SCRAPS values (1669, 1663, 'SP-JP-1', 1, 75.60686, 4.37150);
 insert into SCRAPS values (1685, 1663, 'SC-JP-1', 2, 40.36577, 4.12339);
 insert into MAPS values (1700, 1663, 'MP-jonctionP90P17-plan-tot', 'jonctionP90P17', 1, 38.250, -27.110);
 insert into MAPITEMS values (1700, 4, 1669);
 insert into MAPS values (1701, 1663, 'MC-jonctionP90P17-coupe-tot', 'jonctionP90P17', 2, 38.250, -27.110);
 insert into MAPITEMS values (1701, 4, 1685);
 insert into SURVEY values (1703, 327, 'E60', 'E60.Kriska.Ded.Ded', 'E60');
 insert into CENTRELINE values (1704, 1703, NULL, NULL, NULL, 0.00, 0.00, 0.00);
 insert into SURVEY values (1705, 1703, 'E60', 'E60.E60.Kriska.Ded.Ded', 'E60');
 insert into CENTRELINE values (1706, 1705, NULL, NULL, NULL, 0.00, 0.00, 0.00);
 insert into CENTRELINE values (1707, 1705, NULL, '2023-09-24', NULL, 98.01, 0.00, 0.00);
 insert into PERSON values (35, NULL, 'Benoit\Urruty');
insert into TOPO values (35, 1707);
 insert into EXPLO values (35, 1707);
 insert into PERSON values (36, NULL, 'Fabien\Simon');
insert into EXPLO values (36, 1707);
 insert into PERSON values (37, NULL, 'Jonas\Maubert');
insert into EXPLO values (37, 1707);
 insert into SHOT values (3032, 3046, 3047, 1707, 0.340, 195.06, 2.70, 0.340, 193.63, 3.37, 0.009, 103.91, 25.09);
insert into SHOT values (3033, 3046, 3048, 1707, 0.270, 116.96, 5.30, 0.270, 116.57, 6.38, 0.005, 11.24, 69.09);
insert into SHOT values (3034, 3046, 3049, 1707, 0.650, 153.76, -74.50, 0.655, 153.43, -74.15, 0.006, 142.59, -34.60);
insert into SHOT values (3035, 3046, 3050, 1707, 0.810, 298.66, 74.10, 0.809, 297.76, 74.61, 0.008, 143.78, 7.07);
insert into SHOT values (3036, 3046, 3051, 1707, 0.930, 303.36, 21.80, 0.928, 303.14, 22.15, 0.007, 166.19, 42.74);
insert into SHOT values (3037, 3046, 3052, 1707, 1.770, 233.06, 33.50, 1.767, 232.74, 33.69, 0.011, 107.24, 16.77);
insert into SHOT values (3038, 3046, 3053, 1707, 1.860, 209.96, 70.50, 1.857, 209.86, 70.41, 0.004, 177.59, -57.63);
insert into SHOT values (3039, 3046, 3054, 1707, 0.660, 244.06, 63.50, 0.658, 243.43, 63.77, 0.005, 103.88, -7.52);
insert into SHOT values (3040, 3046, 3055, 1707, 1.980, 243.76, 59.70, 1.977, 243.69, 59.86, 0.006, 74.85, 4.36);
insert into SHOT values (3041, 3046, 3056, 1707, 1.690, 146.36, -34.50, 1.696, 146.08, -34.48, 0.009, 92.93, -18.07);
insert into SHOT values (3042, 3046, 3057, 1707, 2.620, 239.86, 66.70, 2.621, 239.70, 66.84, 0.007, 87.09, 30.43);
insert into SHOT values (3043, 3057, 3058, 1707, 0.600, 236.96, -4.80, 0.601, 236.58, -4.77, 0.004, 163.12, 2.81);
insert into SHOT values (3044, 3057, 3059, 1707, 0.460, 43.76, -14.40, 0.461, 44.09, -15.07, 0.006, 134.26, -65.51);
insert into SHOT values (3045, 3057, 3060, 1707, 0.750, 253.36, 56.70, 0.748, 253.30, 56.04, 0.009, 248.96, -49.47);
insert into SHOT values (3046, 3057, 3061, 1707, 2.240, 335.66, -86.90, 2.243, 335.56, -86.91, 0.003, 191.90, -83.39);
insert into SHOT values (3047, 3057, 3062, 1707, 0.820, 236.76, -76.50, 0.823, 235.49, -76.36, 0.006, 178.77, -27.61);
insert into SHOT values (3048, 3057, 3063, 1707, 0.770, 164.66, 29.40, 0.769, 164.52, 28.75, 0.009, 140.05, -63.49);
insert into SHOT values (3049, 3057, 3064, 1707, 0.430, 301.86, -15.10, 0.430, 302.15, -16.19, 0.008, 71.92, -71.11);
insert into SHOT values (3050, 3057, 3065, 1707, 2.090, 271.36, 84.00, 2.082, 270.00, 83.93, 0.010, 197.09, -57.56);
insert into SHOT values (3051, 3057, 3066, 1707, 1.400, 239.16, 57.10, 1.394, 239.04, 57.06, 0.006, 93.75, -61.71);
insert into SHOT values (3052, 3057, 3067, 1707, 0.930, 239.46, 57.30, 0.928, 238.84, 57.21, 0.006, 149.89, -25.53);
insert into SHOT values (3053, 3057, 3068, 1707, 0.930, 239.96, 57.20, 0.930, 240.40, 57.02, 0.005, 299.38, -21.24);
insert into SHOT values (3054, 3068, 3069, 1707, 0.760, 143.66, 2.80, 0.767, 144.03, 2.99, 0.009, 178.61, 18.64);
insert into SHOT values (3055, 3068, 3070, 1707, 0.340, 189.76, -0.70, 0.345, 190.01, -1.66, 0.008, 205.43, -46.86);
insert into SHOT values (3056, 3068, 3071, 1707, 0.430, 248.16, -6.20, 0.424, 247.69, -6.76, 0.008, 98.24, -27.36);
insert into SHOT values (3057, 3068, 3072, 1707, 0.630, 91.96, -3.50, 0.632, 92.73, -3.63, 0.009, 169.66, -10.14);
insert into SHOT values (3058, 3068, 3073, 1707, 0.820, 25.46, 1.20, 0.823, 25.94, 1.39, 0.008, 91.43, 20.54);
insert into SHOT values (3059, 3068, 3074, 1707, 0.470, 278.46, -5.90, 0.467, 277.43, -6.15, 0.009, 164.62, -10.48);
insert into SHOT values (3060, 3068, 3075, 1707, 0.150, 311.56, 4.20, 0.149, 312.27, 3.85, 0.002, 68.75, -25.42);
insert into SHOT values (3061, 3068, 3076, 1707, 1.660, 238.76, 67.90, 1.662, 238.09, 67.93, 0.008, 146.92, 15.03);
insert into SHOT values (3062, 3068, 3077, 1707, 2.030, 238.46, 68.10, 2.026, 237.99, 68.13, 0.008, 126.61, -27.84);
insert into SHOT values (3063, 3077, 3078, 1707, 1.070, 270.96, 12.90, 1.077, 271.09, 12.87, 0.008, 289.12, 8.43);
insert into SHOT values (3064, 3077, 3079, 1707, 1.530, 301.66, 10.00, 1.537, 301.48, 10.12, 0.009, 263.04, 29.69);
insert into SHOT values (3065, 3077, 3080, 1707, 1.480, 334.56, 9.40, 1.482, 334.49, 9.32, 0.004, 296.69, -28.48);
insert into SHOT values (3066, 3077, 3081, 1707, 1.020, 0.06, 10.90, 1.018, 0.00, 10.76, 0.003, 214.37, -56.08);
insert into SHOT values (3067, 3077, 3082, 1707, 0.580, 54.96, 6.10, 0.577, 54.93, 5.96, 0.003, 243.45, -33.57);
insert into SHOT values (3068, 3077, 3083, 1707, 2.210, 340.76, 80.80, 2.208, 340.02, 80.85, 0.005, 224.79, -17.18);
insert into SHOT values (3069, 3077, 3084, 1707, 4.420, 280.76, 62.40, 4.422, 280.71, 62.44, 0.004, 143.90, 45.13);
insert into SHOT values (3070, 3077, 3085, 1707, 11.640, 289.96, 76.30, 11.641, 289.95, 76.31, 0.002, 135.64, 35.21);
insert into SHOT values (3071, 3077, 3086, 1707, 1.780, 42.46, -67.40, 1.775, 42.61, -67.50, 0.006, 201.28, 33.68);
insert into SHOT values (3072, 3077, 3087, 1707, 0.980, 42.46, -80.30, 0.974, 42.51, -80.38, 0.006, 219.12, 68.70);
insert into SHOT values (3073, 3077, 3088, 1707, 3.350, 292.76, 48.20, 3.352, 292.66, 48.24, 0.005, 194.56, 33.19);
insert into SHOT values (3074, 3088, 3089, 1707, 1.990, 128.26, -4.20, 1.992, 128.25, -4.32, 0.005, 119.99, -65.45);
insert into SHOT values (3075, 3088, 3090, 1707, 1.910, 105.36, -4.80, 1.904, 105.28, -4.82, 0.007, 308.64, -1.48);
insert into SHOT values (3076, 3088, 3091, 1707, 1.700, 82.16, 0.60, 1.697, 81.87, 0.68, 0.009, 333.82, 13.54);
insert into SHOT values (3077, 3088, 3092, 1707, 1.490, 47.16, 8.80, 1.490, 47.20, 8.88, 0.002, 167.01, 59.93);
insert into SHOT values (3078, 3088, 3093, 1707, 2.350, 336.76, 4.50, 2.359, 336.71, 4.38, 0.010, 322.09, -25.34);
insert into SHOT values (3079, 3088, 3094, 1707, 3.150, 355.46, 2.70, 3.154, 355.45, 2.73, 0.004, 342.25, 24.60);
insert into SHOT values (3080, 3088, 3095, 1707, 3.420, 6.96, -0.70, 3.425, 6.88, -0.67, 0.007, 320.33, 14.07);
insert into SHOT values (3081, 3088, 3096, 1707, 1.440, 26.56, 3.80, 1.443, 26.39, 3.58, 0.008, 332.49, -44.95);
insert into SHOT values (3082, 3088, 3097, 1707, 3.150, 16.76, 4.70, 3.152, 16.65, 4.73, 0.007, 306.36, 15.71);
insert into SHOT values (3083, 3088, 3098, 1707, 4.910, 169.76, 83.30, 4.913, 169.88, 83.35, 0.005, 334.10, 40.40);
insert into SHOT values (3084, 3088, 3099, 1707, 6.600, 17.76, 82.60, 6.595, 17.80, 82.59, 0.005, 54.99, -80.72);
insert into SHOT values (3085, 3088, 3100, 1707, 29.050, 148.16, 87.30, 29.052, 148.17, 87.31, 0.004, 323.82, 35.38);
insert into SHOT values (3086, 3088, 3101, 1707, 3.250, 178.36, 88.10, 3.252, 180.00, 88.24, 0.008, 338.23, 12.15);
insert into SHOT values (3087, 3088, 3102, 1707, 30.980, 143.66, 87.80, 30.982, 143.62, 87.82, 0.010, 329.64, 17.02);
insert into SHOT values (3088, 3088, 3103, 1707, 1.470, 30.06, 3.60, 1.468, 29.89, 3.52, 0.005, 272.96, -24.98);
insert into SHOT values (3089, 3103, 3104, 1707, 1.780, 271.26, -6.40, 1.782, 271.29, -6.45, 0.002, 303.97, -40.81);
insert into SHOT values (3090, 3103, 3105, 1707, 1.940, 303.86, -3.60, 1.934, 304.02, -3.56, 0.008, 81.48, 13.03);
insert into SHOT values (3091, 3103, 3106, 1707, 2.030, 334.86, -5.90, 2.029, 335.09, -5.94, 0.008, 75.59, -9.43);
insert into SHOT values (3092, 3103, 3107, 1707, 2.110, 9.56, 0.40, 2.109, 9.55, 0.54, 0.005, 219.04, 81.24);
insert into SHOT values (3093, 3103, 3108, 1707, 1.350, 32.16, -4.70, 1.353, 32.28, -4.66, 0.004, 75.03, 8.96);
insert into SHOT values (3094, 3103, 3109, 1707, 18.150, 270.46, 83.20, 18.148, 270.53, 83.20, 0.004, 338.63, -39.20);
insert into SHOT values (3095, 3103, 3110, 1707, 2.730, 337.56, -51.20, 2.731, 337.64, -51.27, 0.004, 111.21, -37.69);
insert into SHOT values (3096, 3103, 3111, 1707, 4.080, 25.16, -51.10, 4.077, 25.17, -51.04, 0.005, 31.37, 76.91);
insert into SHOT values (3097, 3103, 3112, 1707, 4.060, 8.66, -52.70, 4.065, 8.62, -52.62, 0.008, 355.89, -2.78);
insert into SHOT values (3098, 3103, 3113, 1707, 4.220, 37.16, -55.20, 4.218, 37.25, -55.12, 0.007, 82.50, 45.40);
insert into SHOT values (3099, 3103, 3114, 1707, 5.050, 345.36, -73.80, 5.052, 345.67, -73.75, 0.009, 41.49, -3.25);
insert into SHOT values (3100, 3114, 3115, 1707, 1.290, 129.56, 0.30, 1.286, 129.63, 0.45, 0.006, 289.80, 34.24);
insert into SHOT values (3101, 3114, 3116, 1707, 2.180, 98.46, -4.60, 2.180, 98.47, -4.47, 0.005, 107.94, 81.58);
insert into SHOT values (3102, 3114, 3117, 1707, 1.820, 43.86, 0.90, 1.818, 43.89, 0.95, 0.003, 205.30, 31.71);
insert into SHOT values (3103, 3114, 3118, 1707, 2.050, 72.56, 0.80, 2.043, 72.63, 0.84, 0.007, 232.78, 11.08);
insert into SHOT values (3104, 3114, 3119, 1707, 0.390, 224.56, -4.10, 0.397, 225.00, -4.33, 0.008, 248.03, -15.57);
insert into SHOT values (3105, 3114, 3120, 1707, 5.210, 69.86, -72.00, 5.204, 69.99, -72.01, 0.007, 200.04, 47.72);
insert into SHOT values (3106, 3114, 3121, 1707, 5.700, 107.66, -87.60, 5.695, 109.98, -87.64, 0.012, 224.47, 25.21);
insert into SHOT values (3107, 3114, 3122, 1707, 3.810, 108.66, -63.60, 3.807, 108.97, -63.61, 0.010, 212.22, 15.89);
insert into SHOT values (3108, 3114, 3123, 1707, 2.230, 142.36, -68.80, 2.231, 142.56, -68.82, 0.003, 240.25, -18.00);
insert into SHOT values (3109, 3114, 3124, 1707, 4.140, 57.46, 70.20, 4.143, 57.56, 70.28, 0.007, 207.87, 44.54);
insert into SHOT values (3110, 3114, 3125, 1707, 4.450, 117.76, 72.90, 4.457, 117.74, 72.90, 0.007, 103.14, 71.86);
insert into SHOT values (3111, 3114, 3126, 1707, 2.160, 157.76, 63.00, 2.166, 157.87, 63.02, 0.006, 205.65, 64.66);
insert into SHOT values (3112, 3114, 3127, 1707, 3.950, 198.66, -85.80, 3.951, 199.65, -85.68, 0.010, 231.45, -3.66);
insert into SHOT values (3113, 3127, 3128, 1707, 2.010, 103.56, -7.50, 2.011, 103.34, -7.43, 0.008, 20.69, 16.76);
insert into SHOT values (3114, 3127, 3129, 1707, 1.600, 74.26, -2.30, 1.603, 74.05, -2.15, 0.008, 10.80, 32.95);
insert into SHOT values (3115, 3127, 3130, 1707, 1.650, 41.36, 1.00, 1.651, 41.32, 1.04, 0.002, 354.01, 33.75);
insert into SHOT values (3116, 3127, 3131, 1707, 1.630, 71.46, -4.80, 1.631, 71.34, -4.57, 0.007, 359.86, 60.63);
insert into SHOT values (3117, 3127, 3132, 1707, 0.710, 18.76, -14.60, 0.713, 19.49, -14.63, 0.009, 93.57, -6.52);
insert into SHOT values (3118, 3132, 3133, 1707, 2.000, 345.16, -1.30, 2.009, 345.00, -1.14, 0.012, 312.02, 26.60);
insert into SHOT values (3119, 3132, 3134, 1707, 4.000, 346.16, -1.10, 4.007, 346.14, -1.00, 0.010, 332.78, 41.59);
insert into SHOT values (3120, 3132, 3135, 1707, 2.470, 357.26, -1.20, 2.473, 357.22, -1.16, 0.004, 328.51, 23.68);
insert into SHOT values (3121, 3132, 3136, 1707, 1.100, 30.66, 1.70, 1.103, 30.52, 2.08, 0.009, 350.15, 59.88);
insert into SHOT values (3122, 3132, 3137, 1707, 7.510, 147.36, -87.50, 7.507, 147.80, -87.56, 0.009, 311.27, 17.81);
insert into SHOT values (3123, 3137, 3138, 1707, 5.070, 317.46, -7.30, 5.066, 317.42, -7.26, 0.007, 180.99, 37.62);
insert into SHOT values (3124, 3137, 3139, 1707, 5.930, 331.36, -6.80, 5.931, 331.39, -6.78, 0.004, 45.37, 36.44);
insert into SHOT values (3125, 3137, 3140, 1707, 3.150, 351.86, -9.80, 3.148, 351.84, -9.88, 0.005, 192.69, -53.41);
insert into SHOT values (3126, 3137, 3141, 1707, 0.990, 31.06, 2.40, 0.984, 31.26, 2.33, 0.007, 182.86, -11.28);
insert into SHOT values (3127, 3137, 3142, 1707, 1.890, 144.76, -3.30, 1.890, 144.71, -3.34, 0.002, 49.85, -34.47);
insert into SHOT values (3128, 3137, 3143, 1707, 2.470, 124.26, 2.70, 2.471, 124.27, 2.78, 0.004, 137.39, 70.12);
insert into SHOT values (3129, 3137, 3144, 1707, 1.410, 89.86, 19.00, 1.417, 90.00, 18.95, 0.008, 115.12, 7.18);
insert into SHOT values (3130, 3137, 3145, 1707, 6.700, 89.16, -67.90, 6.702, 89.32, -67.91, 0.007, 183.62, -18.23);
insert into SHOT values (3131, 3145, 3146, 1707, 1.010, 175.16, 2.60, 1.005, 174.86, 2.85, 0.008, 42.48, 29.90);
insert into SHOT values (3132, 3145, 3147, 1707, 1.340, 223.96, 0.50, 1.337, 224.09, 0.43, 0.005, 2.24, -20.66);
insert into SHOT values (3133, 3145, 3148, 1707, 1.880, 268.26, -1.90, 1.882, 268.48, -1.83, 0.008, 344.77, 17.89);
insert into SHOT values (3134, 3145, 3149, 1707, 3.010, 288.26, 0.60, 3.014, 288.37, 0.57, 0.007, 345.44, -12.20);
insert into SHOT values (3135, 3145, 3150, 1707, 6.400, 297.56, -11.40, 6.401, 297.63, -11.35, 0.009, 13.63, 34.64);
insert into SHOT values (3136, 3145, 3151, 1707, 7.080, 306.16, -6.00, 7.079, 306.22, -6.00, 0.007, 42.46, 0.51);
insert into SHOT values (3137, 3145, 3152, 1707, 1.250, 310.66, -5.40, 1.246, 310.75, -5.07, 0.009, 102.53, 61.82);
insert into SHOT values (3138, 3145, 3153, 1707, 1.050, 311.96, -55.80, 1.054, 312.27, -55.65, 0.006, 347.96, -15.90);
insert into SHOT values (3139, 3145, 3154, 1707, 4.040, 295.36, -74.70, 4.033, 295.60, -74.70, 0.008, 44.41, 55.33);
insert into SHOT values (3140, 3154, 3155, 1707, 0.470, 250.36, 10.40, 0.472, 251.18, 9.76, 0.009, 319.30, -34.43);
insert into SHOT values (3141, 3154, 3156, 1707, 0.570, 45.56, -8.50, 0.573, 45.00, -9.04, 0.008, 334.63, -44.37);
insert into SHOT values (3142, 3154, 3157, 1707, 3.850, 129.66, 48.70, 3.849, 129.57, 48.66, 0.005, 64.76, -28.84);
insert into SHOT values (3143, 3154, 3158, 1707, 0.870, 56.06, -50.30, 0.870, 56.02, -50.38, 0.001, 256.38, -29.76);
insert into SHOT values (3144, 3154, 3159, 1707, 2.310, 356.26, -38.30, 2.316, 356.21, -38.44, 0.009, 299.19, -75.85);
insert into SHOT values (3145, 3154, 3160, 1707, 2.360, 354.66, -37.80, 2.365, 354.78, -37.82, 0.006, 46.23, -36.41);
insert into SHOT values (3146, 3160, 3161, 1707, 2.770, 339.56, -4.30, 2.774, 339.47, -4.34, 0.006, 286.93, -21.96);
insert into SHOT values (3147, 3160, 3162, 1707, 2.230, 311.06, -6.80, 2.227, 310.97, -6.70, 0.006, 185.31, 41.54);
insert into SHOT values (3148, 3160, 3163, 1707, 1.770, 279.76, -3.90, 1.770, 279.78, -3.89, 0.001, 30.19, 30.58);
insert into SHOT values (3149, 3160, 3164, 1707, 0.900, 232.36, -1.60, 0.907, 232.62, -1.90, 0.009, 265.34, -32.65);
insert into SHOT values (3150, 3160, 3165, 1707, 0.860, 178.76, -6.10, 0.865, 179.33, -5.97, 0.010, 239.10, 8.00);
insert into SHOT values (3151, 3160, 3166, 1707, 10.430, 304.06, 61.30, 10.430, 304.01, 61.32, 0.006, 186.70, 14.16);
insert into SHOT values (3152, 3160, 3167, 1707, 3.310, 306.56, 26.00, 3.309, 306.52, 25.99, 0.002, 191.53, -24.09);
insert into SHOT values (3153, 3160, 3168, 1707, 9.590, 295.16, 60.00, 9.586, 295.18, 59.98, 0.005, 359.13, -76.66);
insert into SHOT values (3154, 3160, 3169, 1707, 12.800, 294.76, 70.30, 12.799, 294.66, 70.30, 0.008, 194.75, -6.23);
insert into SHOT values (3155, 3160, 3170, 1707, 6.950, 340.86, -65.90, 6.946, 340.86, -65.89, 0.004, 160.94, 75.06);
insert into SHOT values (3156, 3160, 3171, 1707, 6.320, 298.46, -81.10, 6.316, 298.14, -81.12, 0.007, 183.96, 33.05);
insert into SHOT values (3157, 3160, 3172, 1707, 8.280, 27.66, -72.30, 8.281, 27.48, -72.33, 0.009, 272.30, -12.66);
insert into SHOT values (3158, 3160, 3173, 1707, 7.130, 78.56, -78.00, 7.125, 78.69, -78.02, 0.006, 216.89, 40.25);
insert into SHOT values (3159, 3160, 3174, 1707, 22.200, 35.26, -86.00, 22.204, 35.24, -86.02, 0.007, 222.22, -34.16);
insert into SHOT values (3160, 3174, 3175, 1707, 2.420, 125.86, 26.00, 2.415, 125.81, 26.03, 0.005, 327.20, -9.62);
insert into SCRAPS values (1709, 1703, 'SP-E60-1', 1, 34.19567, 1.07069);
 insert into MAPS values (1742, 1703, 'MP-E60-plan-tot', 'E60', 1, 98.010, -81.040);
 insert into MAPITEMS values (1742, 4, 1709);
 insert into MAPS values (1743, 1703, 'MC-E60-coupe-tot', 'E60', 2, 98.010, -81.040);
 insert into MAPITEMS values (1743, 4, 1744);
 insert into SCRAPS values (1744, 1703, 'SC-E60-1', 2, 43.03340, 1.05764);
 insert into MAPS values (1769, 327, 'MP-Kriska-plan-tot', 'Kriska', 1, 1338.191, -643.020);
 insert into MAPITEMS values (1769, 4, 1742);
 insert into MAPITEMS values (1769, 4, 1700);
 insert into MAPITEMS values (1769, 4, 1527);
 insert into MAPITEMS values (1769, 4, 1440);
 insert into MAPITEMS values (1769, 4, 699);
 insert into MAPITEMS values (1769, 4, 998);
 insert into MAPITEMS values (1769, 4, 633);
 insert into MAPITEMS values (1769, 4, 1659);
 insert into MAPITEMS values (1769, 4, 1176);
 insert into MAPITEMS values (1769, 4, 1224);
 insert into MAPITEMS values (1769, 4, 1393);
 insert into MAPS values (1770, 327, 'MC-Kriska-tot-elev', 'Kriska', 2, 1338.191, -643.020);
 insert into MAPITEMS values (1770, 4, 1743);
 insert into MAPITEMS values (1770, 4, 1701);
 insert into MAPITEMS values (1770, 4, 1441);
 insert into MAPITEMS values (1770, 4, 634);
 insert into MAPITEMS values (1770, 4, 999);
 insert into MAPITEMS values (1770, 4, 1177);
 insert into MAPITEMS values (1770, 4, 700);
 insert into MAPITEMS values (1770, 4, 1528);
 insert into MAPITEMS values (1770, 4, 1225);
 insert into MAPITEMS values (1770, 4, 1394);
 insert into MAPITEMS values (1770, 4, 1660);
 insert into SURVEY values (1794, 53, 'Valombre', 'Valombre.Ded.Ded', 'Valombre');
 insert into CENTRELINE values (1795, 1794, NULL, NULL, NULL, 0.00, 0.00, 0.00);
 insert into SURVEY values (1796, 1794, 'Valombre', 'Valombre.Valombre.Ded.Ded', 'Valombre');
 insert into CENTRELINE values (1797, 1796, NULL, NULL, NULL, 0.00, 0.00, 0.00);
 insert into CENTRELINE values (1798, 1796, NULL, '2021-09-11', NULL, 520.00, 0.00, 0.00);
 insert into TOPO values (10, 1798);
 insert into TOPO values (2, 1798);
 insert into PERSON values (38, 'Serge', 'Aviotte');
insert into EXPLO values (38, 1798);
 insert into EXPLO values (4, 1798);
 insert into PERSON values (39, 'P.', 'Dupille');
insert into EXPLO values (39, 1798);
 insert into PERSON values (40, 'S.', 'Haguenier');
insert into EXPLO values (40, 1798);
 insert into PERSON values (41, 'Laurent', 'Martin');
insert into EXPLO values (41, 1798);
 insert into PERSON values (42, NULL, 'Skai');
insert into EXPLO values (42, 1798);
 insert into PERSON values (43, 'Y.', 'Tardy');
insert into EXPLO values (43, 1798);
 insert into PERSON values (44, 'D.', 'Wolozan');
insert into EXPLO values (44, 1798);
 insert into SHOT values (3161, 3176, 3177, 1798, 1.530, 246.63, 7.80, 1.527, 246.65, 7.53, 0.008, 50.88, -75.70);
insert into SHOT values (3162, 3176, 3178, 1798, 3.030, 297.13, -1.00, 3.024, 297.16, -1.14, 0.010, 104.67, -48.21);
insert into SHOT values (3163, 3176, 3179, 1798, 5.030, 329.73, -1.70, 5.026, 329.76, -1.71, 0.005, 119.67, -9.13);
insert into SHOT values (3164, 3176, 3180, 1798, 5.720, 4.13, -1.40, 5.716, 4.11, -1.40, 0.004, 211.00, -3.55);
insert into SHOT values (3165, 3176, 3181, 1798, 2.860, 54.13, 0.30, 2.859, 54.25, 0.20, 0.008, 157.43, -38.89);
insert into SHOT values (3166, 3176, 3182, 1798, 2.420, 82.03, 2.10, 2.424, 82.17, 2.13, 0.007, 136.41, 10.39);
insert into SHOT values (3167, 3176, 3183, 1798, 3.240, 119.63, -0.00, 3.247, 119.72, 0.00, 0.009, 155.06, 0.00);
insert into SHOT values (3168, 3176, 3184, 1798, 1.940, 331.43, -76.80, 1.941, 331.70, -76.81, 0.002, 63.12, -31.33);
insert into SHOT values (3169, 3176, 3185, 1798, 9.910, 186.53, 87.70, 9.908, 185.71, 87.67, 0.007, 132.91, -15.73);
insert into SHOT values (3170, 3176, 3186, 1798, 32.130, 11.63, 80.70, 32.122, 11.68, 80.71, 0.010, 151.65, -49.89);
insert into SHOT values (3171, 3176, 3187, 1798, 14.710, 12.13, 61.40, 14.703, 12.14, 61.40, 0.007, 178.97, -50.13);
insert into SHOT values (3172, 3176, 3188, 1798, 9.190, 11.73, 49.90, 9.187, 11.80, 49.92, 0.009, 132.62, 2.48);
insert into SHOT values (3173, 3176, 3189, 1798, 10.210, 309.93, 63.40, 10.241, 310.34, 62.70, 0.132, 324.80, -12.79);
insert into SHOT values (3174, 3189, 3190, 1798, 5.410, 149.13, 0.10, 5.409, 149.07, 0.11, 0.006, 49.78, 5.57);
insert into SHOT values (3175, 3189, 3191, 1798, 3.790, 117.83, -0.20, 3.789, 117.85, -0.15, 0.004, 251.55, 63.25);
insert into SHOT values (3176, 3189, 3192, 1798, 3.670, 89.63, 2.50, 3.674, 89.53, 2.50, 0.007, 28.88, -0.64);
insert into SHOT values (3177, 3189, 3193, 1798, 1.700, 34.73, -0.90, 1.703, 34.72, -0.67, 0.008, 26.86, 62.80);
insert into SHOT values (3178, 3189, 3194, 1798, 2.400, 68.63, 5.70, 2.396, 68.60, 5.75, 0.004, 268.26, 22.31);
insert into SHOT values (3179, 3189, 3195, 1798, 22.320, 61.53, 83.40, 22.329, 61.44, 83.38, 0.012, 33.78, 42.56);
insert into SHOT values (3180, 3189, 3196, 1798, 7.390, 295.43, 50.10, 7.436, 296.08, 49.81, 0.080, 338.64, 7.60);
insert into SHOT values (3181, 3196, 3197, 1798, 2.970, 289.63, 1.80, 2.971, 289.47, 1.74, 0.009, 208.66, -21.37);
insert into SHOT values (3182, 3196, 3198, 1798, 1.840, 239.43, -0.80, 1.847, 239.41, -0.93, 0.008, 233.43, -30.56);
insert into SHOT values (3183, 3196, 3199, 1798, 1.170, 205.43, -0.10, 1.172, 205.25, 0.00, 0.005, 144.09, 26.06);
insert into SHOT values (3184, 3196, 3200, 1798, 2.960, 185.13, 1.40, 2.963, 185.23, 1.35, 0.006, 242.55, -21.26);
insert into SHOT values (3185, 3196, 3201, 1798, 2.440, 161.93, -1.50, 2.442, 161.86, -1.64, 0.007, 107.51, -58.96);
insert into SHOT values (3186, 3196, 3202, 1798, 8.120, 128.53, 3.00, 8.116, 128.54, 2.97, 0.006, 294.51, -54.52);
insert into SHOT values (3187, 3196, 3203, 1798, 7.210, 169.33, 1.80, 7.217, 169.38, 1.75, 0.011, 206.29, -35.60);
insert into SHOT values (3188, 3196, 3204, 1798, 1.690, 241.73, -69.10, 1.692, 241.31, -69.07, 0.005, 167.54, -14.60);
insert into SHOT values (3189, 3196, 3205, 1798, 5.450, 341.33, 86.60, 5.449, 341.57, 86.67, 0.007, 150.93, -3.28);
insert into SHOT values (3190, 3196, 3206, 1798, 6.060, 314.73, 70.70, 6.093, 315.20, 70.12, 0.072, 328.41, 8.48);
insert into SHOT values (3191, 3206, 3207, 1798, 0.670, 134.53, 4.60, 0.667, 135.00, 4.30, 0.007, 254.94, -30.69);
insert into SHOT values (3192, 3206, 3208, 1798, 0.580, 209.53, 4.20, 0.588, 209.62, 3.90, 0.009, 216.01, -16.63);
insert into SHOT values (3193, 3206, 3209, 1798, 0.480, 355.43, 4.20, 0.473, 355.14, 3.64, 0.009, 194.63, -34.74);
insert into SHOT values (3194, 3206, 3210, 1798, 5.180, 272.93, 5.20, 5.178, 272.89, 5.21, 0.004, 153.70, 6.86);
insert into SHOT values (3195, 3206, 3211, 1798, 2.550, 287.73, 6.00, 2.553, 287.65, 5.85, 0.008, 241.70, -52.30);
insert into SHOT values (3196, 3206, 3212, 1798, 4.100, 285.23, 28.70, 4.099, 285.16, 28.72, 0.005, 180.52, 12.55);
insert into SHOT values (3197, 3206, 3213, 1798, 3.730, 287.23, 19.70, 3.769, 287.72, 19.69, 0.049, 326.81, 14.92);
insert into SHOT values (3198, 3206, 3214, 1798, 6.860, 84.93, -88.00, 6.864, 85.24, -87.99, 0.005, 126.96, -65.45);
insert into SHOT values (3199, 3206, 3215, 1798, 9.450, 242.43, 84.00, 9.452, 242.40, 83.97, 0.005, 236.78, 18.76);
insert into SHOT values (3200, 3213, 3216, 1798, 5.790, 217.33, -8.60, 5.788, 217.33, -8.65, 0.005, 41.14, -57.01);
insert into SHOT values (3201, 3213, 3217, 1798, 6.360, 205.73, -6.70, 6.359, 205.71, -6.68, 0.003, 86.11, 39.58);
insert into SHOT values (3202, 3213, 3218, 1798, 3.930, 187.13, -3.40, 3.927, 187.18, -3.36, 0.005, 313.17, 37.65);
insert into SHOT values (3203, 3213, 3219, 1798, 3.270, 154.33, -9.90, 3.269, 154.23, -9.87, 0.006, 53.78, 20.81);
insert into SHOT values (3204, 3213, 3220, 1798, 2.860, 127.13, -4.90, 2.859, 127.15, -5.02, 0.006, 274.84, -72.59);
insert into SHOT values (3205, 3213, 3221, 1798, 11.320, 213.53, 78.70, 11.325, 214.00, 79.63, 0.185, 28.22, 12.33);
insert into SHOT values (3206, 3221, 3222, 1798, 1.420, 262.93, 2.40, 1.421, 263.13, 2.42, 0.005, 336.07, 6.13);
insert into SHOT values (3207, 3221, 3223, 1798, 0.880, 317.53, 4.40, 0.880, 317.77, 3.91, 0.008, 40.89, -63.97);
insert into SHOT values (3208, 3221, 3224, 1798, 1.210, 16.03, -6.30, 1.214, 15.88, -6.62, 0.009, 332.14, -57.39);
insert into SHOT values (3209, 3221, 3225, 1798, 1.130, 329.23, -0.40, 1.139, 329.38, -0.50, 0.010, 347.85, -12.82);
insert into SHOT values (3210, 3221, 3226, 1798, 12.490, 4.33, -87.40, 12.493, 4.01, -87.38, 0.006, 330.92, -26.38);
insert into SHOT values (3211, 3221, 3227, 1798, 1.860, 352.53, 85.10, 1.857, 352.87, 85.02, 0.004, 14.70, -51.41);
insert into SHOT values (3212, 3221, 3228, 1798, 1.740, 353.63, 69.40, 1.775, 352.98, 68.35, 0.048, 343.77, 26.15);
insert into SHOT values (3213, 3228, 3229, 1798, 4.000, 254.33, 13.60, 3.998, 254.93, 13.75, 0.042, 350.60, 13.11);
insert into SHOT values (3214, 3229, 3230, 1798, 0.920, 35.53, 2.90, 0.926, 35.75, 3.10, 0.007, 69.29, 28.24);
insert into SHOT values (3215, 3229, 3231, 1798, 2.400, 72.73, -10.20, 2.403, 72.79, -10.07, 0.007, 104.65, 47.78);
insert into SHOT values (3216, 3229, 3232, 1798, 1.820, 52.23, -57.60, 1.819, 52.43, -57.25, 0.012, 73.33, 35.10);
insert into SHOT values (3217, 3229, 3233, 1798, 2.340, 56.43, 80.50, 2.344, 56.31, 80.26, 0.011, 51.78, 11.34);
insert into SHOT values (3218, 3229, 3234, 1798, 8.960, 314.03, 79.10, 8.961, 314.28, 79.13, 0.009, 73.80, 11.05);
insert into SHOT values (3219, 3229, 3235, 1798, 2.840, 236.43, 0.40, 2.835, 236.37, 0.40, 0.006, 87.65, 1.57);
insert into SHOT values (3220, 3229, 3236, 1798, 5.340, 249.03, 2.00, 5.337, 249.02, 2.04, 0.005, 94.94, 47.16);
insert into SHOT values (3221, 3229, 3237, 1798, 13.100, 266.33, -0.20, 13.096, 266.37, -0.17, 0.010, 21.12, 33.75);
insert into SHOT values (3222, 3229, 3238, 1798, 3.810, 282.33, 0.40, 3.809, 282.43, 0.45, 0.007, 17.63, 27.32);
insert into SHOT values (3223, 3229, 3239, 1798, 8.270, 274.53, 0.10, 8.266, 274.58, 0.14, 0.009, 32.43, 35.88);
insert into SHOT values (3224, 3229, 3240, 1798, 3.190, 271.43, -0.40, 3.202, 272.15, -0.18, 0.044, 344.62, 16.37);
insert into SHOT values (3225, 3240, 3241, 1798, 2.220, 179.93, -0.40, 2.220, 180.00, -0.52, 0.005, 268.78, -59.77);
insert into SHOT values (3226, 3240, 3242, 1798, 2.160, 156.43, 3.40, 2.162, 156.52, 3.18, 0.009, 210.09, -62.47);
insert into SHOT values (3227, 3240, 3243, 1798, 2.920, 107.53, 1.50, 2.917, 107.57, 1.38, 0.007, 258.86, -61.68);
insert into SHOT values (3228, 3240, 3244, 1798, 4.770, 230.03, -1.10, 4.764, 230.03, -1.20, 0.010, 55.69, -53.85);
insert into SHOT values (3229, 3240, 3245, 1798, 8.150, 257.33, -5.90, 8.151, 257.32, -5.91, 0.003, 192.92, -44.74);
insert into SHOT values (3230, 3240, 3246, 1798, 8.610, 277.03, -7.70, 8.612, 277.00, -7.74, 0.008, 201.56, -52.16);
insert into SHOT values (3231, 3240, 3247, 1798, 2.710, 285.73, -5.50, 2.713, 285.68, -5.50, 0.004, 248.14, -3.88);
insert into SHOT values (3232, 3240, 3248, 1798, 9.440, 274.73, -29.90, 9.438, 274.77, -29.94, 0.009, 49.10, -29.96);
insert into SHOT values (3233, 3240, 3249, 1798, 5.890, 274.53, -47.30, 5.890, 274.60, -47.32, 0.005, 23.21, -15.92);
insert into SHOT values (3234, 3240, 3250, 1798, 0.730, 201.33, -67.00, 0.738, 200.32, -67.05, 0.010, 138.88, -54.54);
insert into SHOT values (3235, 3240, 3251, 1798, 11.780, 192.33, 84.10, 11.772, 192.43, 84.11, 0.008, 335.04, -66.78);
insert into SHOT values (3236, 3240, 3252, 1798, 0.780, 1.93, 2.40, 0.781, 2.20, 2.20, 0.005, 73.15, -34.40);
insert into SHOT values (3237, 3240, 3253, 1798, 1.740, 70.13, 14.40, 1.743, 70.28, 14.28, 0.006, 119.01, -25.55);
insert into SHOT values (3238, 3240, 3254, 1798, 11.280, 254.03, 44.10, 11.283, 255.00, 44.30, 0.142, 355.01, 12.23);
insert into SHOT values (3239, 3254, 3255, 1798, 2.020, 257.43, 5.10, 2.017, 257.35, 5.12, 0.004, 120.13, 5.64);
insert into SHOT values (3240, 3254, 3256, 1798, 1.270, 211.03, -9.80, 1.264, 210.88, -9.56, 0.008, 65.47, 47.40);
insert into SHOT values (3241, 3254, 3257, 1798, 1.050, 155.03, -8.30, 1.049, 154.92, -8.22, 0.003, 36.92, 33.47);
insert into SHOT values (3242, 3254, 3258, 1798, 4.570, 118.63, -3.10, 4.576, 118.64, -3.13, 0.006, 125.12, -26.36);
insert into SHOT values (3243, 3254, 3259, 1798, 10.040, 86.83, 1.00, 10.047, 86.80, 1.03, 0.010, 52.40, 28.86);
insert into SHOT values (3244, 3254, 3260, 1798, 0.960, 159.03, -2.00, 0.957, 158.53, -1.80, 0.010, 48.63, 21.48);
insert into SHOT values (3245, 3254, 3261, 1798, 3.980, 273.93, 35.60, 3.999, 274.59, 35.63, 0.042, 343.22, 18.30);
insert into SHOT values (3246, 3261, 3262, 1798, 0.360, 341.73, 1.50, 0.357, 342.07, 1.60, 0.003, 121.80, 9.90);
insert into SHOT values (3247, 3261, 3263, 1798, 0.460, 215.83, 8.60, 0.463, 216.12, 8.69, 0.004, 251.43, 17.11);
insert into SHOT values (3248, 3261, 3264, 1798, 1.670, 291.53, -74.80, 1.669, 291.32, -74.71, 0.003, 255.39, 29.47);
insert into SHOT values (3249, 3261, 3265, 1798, 0.680, 271.23, 15.90, 0.687, 271.74, 16.05, 0.009, 313.90, 23.42);
insert into SHOT values (3250, 3261, 3266, 1798, 5.820, 232.83, 77.00, 5.818, 232.78, 77.03, 0.004, 73.63, -13.73);
insert into SHOT values (3251, 3261, 3267, 1798, 3.090, 217.13, 70.00, 3.088, 218.31, 70.47, 0.033, 356.43, 11.01);
insert into SHOT values (3252, 3267, 3268, 1798, 0.820, 179.13, 16.60, 0.823, 178.55, 16.23, 0.010, 117.77, -24.98);
insert into SHOT values (3253, 3267, 3269, 1798, 0.910, 312.03, 4.60, 0.909, 312.32, 4.42, 0.005, 54.46, -32.96);
insert into SHOT values (3254, 3267, 3270, 1798, 4.300, 272.43, 8.60, 4.292, 272.43, 8.58, 0.008, 93.19, -20.97);
insert into SHOT values (3255, 3267, 3271, 1798, 5.230, 259.33, 14.80, 5.230, 259.29, 14.73, 0.007, 192.78, -55.69);
insert into SHOT values (3256, 3267, 3272, 1798, 5.070, 87.03, 14.00, 5.075, 87.09, 13.91, 0.011, 123.09, -37.29);
insert into SHOT values (3257, 3267, 3273, 1798, 3.780, 115.33, 16.20, 3.777, 115.29, 16.14, 0.006, 344.54, -54.78);
insert into SHOT values (3258, 3267, 3274, 1798, 6.580, 237.73, 74.90, 6.578, 237.61, 74.87, 0.006, 187.06, -29.78);
insert into SHOT values (3259, 3267, 3275, 1798, 6.890, 261.03, 51.80, 6.898, 261.76, 51.92, 0.056, 358.68, 15.91);
insert into SHOT values (3260, 3275, 3276, 1798, 1.950, 255.43, -2.70, 1.955, 255.47, -2.64, 0.005, 269.12, 21.21);
insert into SHOT values (3261, 3275, 3277, 1798, 1.770, 227.03, -0.40, 1.776, 227.05, -0.65, 0.010, 233.27, -51.60);
insert into SHOT values (3262, 3275, 3278, 1798, 1.700, 192.83, -0.60, 1.703, 192.89, -0.67, 0.004, 223.90, -31.85);
insert into SHOT values (3263, 3275, 3279, 1798, 1.550, 168.63, -3.40, 1.552, 168.84, -3.32, 0.006, 238.22, 18.21);
insert into SHOT values (3264, 3275, 3280, 1798, 3.320, 128.13, 3.00, 3.315, 128.25, 2.94, 0.009, 250.61, -24.18);
insert into SHOT values (3265, 3275, 3281, 1798, 3.300, 97.03, 3.40, 3.301, 97.15, 3.30, 0.009, 174.97, -40.35);
insert into SHOT values (3266, 3275, 3282, 1798, 7.260, 225.53, 58.20, 7.248, 226.18, 58.66, 0.073, 8.29, 15.64);
insert into SHOT values (3267, 3282, 3283, 1798, 1.820, 71.73, -2.30, 1.823, 71.76, -2.20, 0.004, 90.59, 44.29);
insert into SHOT values (3268, 3282, 3284, 1798, 1.140, 27.63, -2.20, 1.141, 27.69, -2.01, 0.004, 65.14, 64.03);
insert into SHOT values (3269, 3282, 3285, 1798, 2.780, 329.03, -1.90, 2.778, 329.00, -1.86, 0.003, 187.63, 41.63);
insert into SHOT values (3270, 3282, 3286, 1798, 5.950, 287.73, -7.00, 5.942, 287.67, -6.96, 0.011, 149.72, 26.99);
insert into SHOT values (3271, 3282, 3287, 1798, 4.500, 42.73, -85.50, 4.504, 42.71, -85.49, 0.004, 32.32, -78.57);
insert into SHOT values (3272, 3282, 3288, 1798, 5.640, 289.63, 74.20, 5.641, 289.50, 74.29, 0.009, 132.98, 19.48);
insert into SHOT values (3273, 3282, 3289, 1798, 7.470, 279.83, 14.70, 7.493, 280.66, 14.77, 0.107, 359.65, 7.74);
insert into SHOT values (3274, 3289, 3290, 1798, 6.250, 242.23, -7.80, 6.253, 242.19, -7.81, 0.006, 189.85, -18.81);
insert into SHOT values (3275, 3289, 3291, 1798, 2.410, 211.23, -1.20, 2.410, 211.25, -1.19, 0.001, 292.16, 33.20);
insert into SHOT values (3276, 3289, 3292, 1798, 2.120, 159.33, 2.20, 2.115, 159.51, 2.17, 0.008, 285.27, -9.83);
insert into SHOT values (3277, 3289, 3293, 1798, 3.190, 121.03, -1.60, 3.186, 120.99, -1.62, 0.005, 328.52, -11.58);
insert into SHOT values (3278, 3289, 3294, 1798, 2.370, 227.13, -77.60, 2.367, 227.35, -77.39, 0.009, 241.65, 30.66);
insert into SHOT values (3279, 3289, 3295, 1798, 5.890, 203.33, 75.30, 5.893, 203.65, 75.30, 0.009, 286.69, 18.43);
insert into SHOT values (3280, 3289, 3296, 1798, 4.400, 218.03, -32.10, 4.355, 218.61, -32.19, 0.059, 356.35, 17.96);
insert into SHOT values (3281, 3296, 3297, 1798, 0.800, 165.93, 1.00, 0.796, 165.44, 0.72, 0.009, 43.43, -26.04);
insert into SHOT values (3282, 3296, 3298, 1798, 0.980, 339.03, -10.20, 0.977, 339.30, -10.02, 0.006, 97.14, 34.36);
insert into SHOT values (3283, 3296, 3299, 1798, 3.990, 270.43, -10.10, 3.982, 270.44, -10.12, 0.008, 87.43, -2.04);
insert into SHOT values (3284, 3296, 3300, 1798, 2.270, 96.83, -8.70, 2.271, 96.65, -8.61, 0.008, 16.48, 24.91);
insert into SHOT values (3285, 3296, 3301, 1798, 9.420, 85.63, 8.00, 9.419, 85.63, 7.99, 0.002, 251.39, -37.81);
insert into SHOT values (3286, 3296, 3302, 1798, 5.410, 97.03, 79.70, 5.407, 97.13, 79.69, 0.003, 181.57, -60.84);
insert into SHOT values (3287, 3296, 3303, 1798, 5.390, 259.93, -64.40, 5.387, 260.09, -64.44, 0.008, 23.38, 6.45);
insert into SHOT values (3288, 3296, 3304, 1798, 6.830, 250.93, 67.40, 6.835, 251.63, 67.62, 0.042, 15.98, 20.38);
insert into SHOT values (3289, 3304, 3305, 1798, 0.460, 349.73, -7.40, 0.461, 349.92, -7.48, 0.002, 49.08, -23.49);
insert into SHOT values (3290, 3304, 3306, 1798, 10.110, 66.23, -79.90, 10.106, 66.33, -79.92, 0.006, 209.61, 32.42);
insert into SHOT values (3291, 3304, 3307, 1798, 5.790, 22.33, 81.40, 5.795, 22.42, 81.41, 0.005, 130.70, 75.34);
insert into SHOT values (3292, 3304, 3308, 1798, 5.130, 278.83, 1.30, 5.133, 278.86, 1.34, 0.005, 319.79, 47.52);
insert into SHOT values (3293, 3304, 3309, 1798, 4.150, 291.03, -22.80, 4.179, 291.58, -22.51, 0.051, 337.82, 9.17);
insert into SHOT values (3294, 3309, 3310, 1798, 2.780, 236.23, 3.70, 2.782, 236.31, 3.71, 0.004, 297.45, 7.96);
insert into SHOT values (3295, 3309, 3311, 1798, 3.790, 209.03, 1.30, 3.788, 209.07, 1.21, 0.007, 338.06, -62.26);
insert into SHOT values (3296, 3309, 3312, 1798, 1.990, 181.33, 2.80, 1.983, 181.45, 2.60, 0.011, 331.89, -41.91);
insert into SHOT values (3297, 3309, 3313, 1798, 2.210, 146.03, 1.30, 2.206, 146.09, 1.30, 0.005, 298.24, -1.57);
insert into SHOT values (3298, 3309, 3314, 1798, 0.490, 329.43, 16.50, 0.495, 329.66, 16.42, 0.006, 348.94, 8.50);
insert into SHOT values (3299, 3309, 3315, 1798, 1.920, 124.63, 16.80, 1.914, 124.56, 16.70, 0.007, 332.54, -43.75);
insert into SHOT values (3300, 3309, 3316, 1798, 9.500, 112.43, 28.80, 9.491, 112.40, 28.79, 0.011, 323.47, -38.54);
insert into SHOT values (3301, 3309, 3317, 1798, 9.530, 198.83, 89.20, 9.531, 202.62, 89.22, 0.009, 310.11, 5.76);
insert into SHOT values (3302, 3309, 3318, 1798, 2.570, 161.83, -47.90, 2.566, 161.99, -48.10, 0.011, 314.49, -17.12);
insert into SHOT values (3303, 3309, 3319, 1798, 9.160, 189.43, 79.40, 9.157, 189.83, 80.43, 0.165, 5.68, 9.17);
insert into SHOT values (3304, 3319, 3320, 1798, 0.900, 25.33, 2.50, 0.896, 25.13, 2.56, 0.005, 240.35, 7.79);
insert into SHOT values (3305, 3319, 3321, 1798, 0.880, 65.33, 6.80, 0.874, 65.50, 6.57, 0.007, 220.95, -34.05);
insert into SHOT values (3306, 3319, 3322, 1798, 4.360, 144.33, 3.60, 4.365, 144.34, 3.55, 0.007, 150.34, -33.90);
insert into SHOT values (3307, 3319, 3323, 1798, 4.240, 174.53, 0.60, 4.239, 174.59, 0.54, 0.006, 276.83, -47.64);
insert into SHOT values (3308, 3319, 3324, 1798, 0.220, 85.53, 84.80, 0.221, 90.00, 84.81, 0.002, 175.53, 30.16);
insert into SHOT values (3309, 3319, 3325, 1798, 1.730, 150.93, -85.20, 1.726, 151.70, -85.09, 0.005, 185.46, 48.44);
insert into SHOT values (3310, 3319, 3326, 1798, 0.710, 239.13, -5.90, 0.712, 239.45, -5.64, 0.005, 301.66, 33.77);
insert into SHOT values (3311, 3319, 3327, 1798, 2.180, 199.53, 3.70, 2.181, 199.60, 3.68, 0.003, 275.69, -14.27);
insert into SHOT values (3312, 3319, 3328, 1798, 3.890, 161.03, -5.90, 3.809, 160.90, -5.88, 0.082, 347.42, 6.92);
insert into SHOT values (3313, 3328, 3329, 1798, 2.090, 47.73, 6.80, 2.082, 47.74, 6.90, 0.009, 224.54, 17.21);
insert into SHOT values (3314, 3328, 3330, 1798, 1.430, 88.13, 13.00, 1.427, 88.35, 12.96, 0.006, 205.74, -15.62);
insert into SHOT values (3315, 3328, 3331, 1798, 0.770, 185.43, 1.30, 0.774, 185.93, 1.48, 0.008, 242.83, 17.54);
insert into SHOT values (3316, 3328, 3332, 1798, 5.090, 275.03, -4.50, 5.095, 274.97, -4.50, 0.007, 225.80, -5.02);
insert into SHOT values (3317, 3328, 3333, 1798, 7.280, 287.93, -4.50, 7.283, 287.89, -4.49, 0.007, 227.72, 9.91);
insert into SHOT values (3318, 3328, 3334, 1798, 3.350, 306.93, -6.10, 3.355, 306.84, -6.16, 0.009, 258.31, -28.14);
insert into SHOT values (3319, 3328, 3335, 1798, 1.910, 319.13, -5.80, 1.909, 318.84, -5.71, 0.010, 223.60, 17.36);
insert into SHOT values (3320, 3328, 3336, 1798, 9.870, 211.93, 85.50, 9.871, 211.85, 85.49, 0.003, 188.37, 8.57);
insert into SHOT values (3321, 3328, 3337, 1798, 1.380, 25.03, -61.90, 1.382, 24.59, -61.99, 0.006, 281.87, -27.39);
insert into SHOT values (3322, 3328, 3338, 1798, 8.500, 286.53, 54.70, 8.530, 287.12, 54.45, 0.070, 333.36, 2.32);
insert into SHOT values (3323, 3338, 3339, 1798, 0.300, 8.03, 1.10, 0.303, 7.59, 0.00, 0.007, 327.48, -58.31);
insert into SHOT values (3324, 3338, 3340, 1798, 0.170, 182.23, 0.80, 0.170, 183.37, 0.00, 0.004, 267.53, -35.06);
insert into SHOT values (3325, 3338, 3341, 1798, 7.300, 300.13, 1.60, 7.311, 300.14, 1.57, 0.012, 307.48, -18.80);
insert into SHOT values (3326, 3338, 3342, 1798, 4.550, 105.63, 4.50, 4.542, 105.63, 4.55, 0.009, 285.53, 19.50);
insert into SHOT values (3327, 3338, 3343, 1798, 14.950, 237.53, 74.40, 14.953, 237.57, 74.37, 0.008, 257.54, 4.99);
insert into SHOT values (3328, 3338, 3344, 1798, 12.900, 344.43, -81.90, 12.899, 344.36, -81.90, 0.003, 246.68, 28.67);
insert into SHOT values (3329, 3338, 3345, 1798, 3.210, 312.83, 11.90, 3.281, 313.23, 11.78, 0.075, 330.49, 6.22);
insert into SHOT values (3330, 3345, 3346, 1798, 1.340, 218.63, -4.60, 1.342, 218.33, -4.27, 0.011, 149.48, 44.24);
insert into SHOT values (3331, 3345, 3347, 1798, 3.030, 263.03, -4.10, 3.030, 262.97, -3.97, 0.007, 181.27, 63.06);
insert into SHOT values (3332, 3345, 3348, 1798, 4.680, 288.73, -1.80, 4.679, 288.71, -1.71, 0.007, 182.31, 72.35);
insert into SHOT values (3333, 3345, 3349, 1798, 2.610, 173.33, -4.90, 2.617, 173.39, -4.82, 0.008, 195.24, 21.69);
insert into SHOT values (3334, 3345, 3350, 1798, 3.410, 162.03, 9.00, 3.417, 162.05, 9.09, 0.009, 170.61, 46.04);
insert into SHOT values (3335, 3345, 3351, 1798, 3.750, 272.73, 6.60, 3.772, 273.37, 6.70, 0.047, 335.78, 10.93);
insert into SHOT values (3336, 3351, 3352, 1798, 1.870, 294.73, 1.70, 1.862, 294.78, 1.85, 0.009, 104.69, 29.54);
insert into SHOT values (3337, 3351, 3353, 1798, 1.530, 1.83, 13.60, 1.524, 1.93, 13.66, 0.007, 158.86, 1.96);
insert into SHOT values (3338, 3351, 3354, 1798, 2.860, 70.63, 9.80, 2.860, 70.73, 9.86, 0.006, 165.21, 33.82);
insert into SHOT values (3339, 3351, 3355, 1798, 38.480, 248.33, 77.80, 38.477, 248.33, 77.81, 0.008, 71.28, -7.23);
insert into SHOT values (3340, 3351, 3356, 1798, 15.690, 133.53, 67.20, 15.697, 133.53, 67.20, 0.007, 138.22, 63.32);
insert into SHOT values (3341, 3351, 3357, 1798, 15.410, 134.33, 64.30, 15.414, 134.33, 64.31, 0.004, 263.44, 88.46);
insert into SHOT values (3342, 3351, 3358, 1798, 1.680, 95.33, -76.50, 1.676, 95.86, -76.48, 0.005, 187.87, 44.96);
insert into SHOT values (3343, 3351, 3359, 1798, 4.910, 329.93, 25.70, 4.981, 330.24, 25.57, 0.075, 349.38, 16.00);
insert into SHOT values (3344, 3359, 3360, 1798, 1.140, 193.93, -88.30, 1.140, 198.43, -88.41, 0.003, 326.68, -8.44);
insert into SHOT values (3345, 3359, 3361, 1798, 4.540, 307.13, 80.80, 4.539, 307.18, 80.77, 0.003, 324.34, -35.38);
insert into SHOT values (3346, 3359, 3362, 1798, 1.520, 239.53, -5.20, 1.526, 239.55, -5.26, 0.006, 245.09, -21.03);
insert into SHOT values (3347, 3359, 3363, 1798, 1.520, 8.13, 3.10, 1.517, 7.97, 3.02, 0.006, 241.89, -22.42);
insert into SHOT values (3348, 3359, 3364, 1798, 5.190, 201.03, 2.70, 5.191, 201.02, 2.65, 0.005, 152.59, -73.95);
insert into SHOT values (3349, 3359, 3365, 1798, 4.400, 302.53, -4.10, 4.400, 302.53, -4.17, 0.005, 148.42, -88.08);
insert into SHOT values (3350, 3359, 3366, 1798, 2.870, 321.63, -8.40, 2.870, 321.43, -8.41, 0.010, 231.72, -4.33);
insert into SHOT values (3351, 3359, 3367, 1798, 4.820, 326.43, 49.90, 4.880, 326.71, 49.49, 0.071, 339.68, 18.94);
insert into SHOT values (3352, 3367, 3368, 1798, 1.620, 282.23, -6.30, 1.626, 282.14, -6.36, 0.007, 259.58, -19.08);
insert into SHOT values (3353, 3367, 3369, 1798, 2.040, 264.03, -3.30, 2.044, 264.09, -3.37, 0.005, 291.52, -28.41);
insert into SHOT values (3354, 3367, 3370, 1798, 1.260, 238.23, 0.10, 1.262, 237.95, 0.00, 0.007, 169.44, -18.03);
insert into SHOT values (3355, 3367, 3371, 1798, 0.670, 197.23, -1.70, 0.671, 197.35, -1.71, 0.002, 257.44, -4.31);
insert into SHOT values (3356, 3367, 3372, 1798, 2.110, 99.73, -3.90, 2.106, 99.87, -4.08, 0.009, 229.32, -45.60);
insert into SHOT values (3357, 3367, 3373, 1798, 3.450, 120.53, -2.90, 3.452, 120.51, -2.99, 0.006, 78.59, -67.88);
insert into SHOT values (3358, 3367, 3374, 1798, 3.930, 146.23, -2.40, 3.934, 146.31, -2.48, 0.008, 202.95, -40.44);
insert into SHOT values (3359, 3367, 3375, 1798, 5.520, 292.13, -87.90, 5.524, 290.22, -87.90, 0.008, 202.97, -28.81);
insert into SHOT values (3360, 3367, 3376, 1798, 5.640, 221.93, 82.40, 5.640, 221.76, 82.35, 0.005, 196.80, -4.91);
insert into SHOT values (3361, 3367, 3377, 1798, 5.540, 307.83, 84.60, 5.550, 308.66, 84.04, 0.056, 316.46, 4.73);
insert into SHOT values (3362, 3377, 3378, 1798, 0.540, 189.83, -7.80, 0.542, 189.64, -7.42, 0.005, 154.52, 46.11);
insert into SHOT values (3363, 3377, 3379, 1798, 1.280, 106.03, -13.20, 1.281, 105.82, -13.09, 0.005, 28.75, 25.70);
insert into SHOT values (3364, 3377, 3380, 1798, 2.320, 255.73, -4.10, 2.317, 255.72, -3.96, 0.006, 83.48, 65.29);
insert into SHOT values (3365, 3377, 3381, 1798, 10.980, 183.23, -85.90, 10.978, 182.94, -85.92, 0.006, 48.35, 18.41);
insert into SHOT values (3366, 3377, 3382, 1798, 0.660, 95.33, 68.80, 0.665, 94.76, 68.77, 0.006, 47.27, 55.45);
insert into SHOT values (3367, 3377, 3383, 1798, 3.070, 259.63, 26.50, 3.076, 260.37, 26.66, 0.037, 347.86, 16.11);
insert into SHOT values (3368, 3383, 3384, 1798, 0.340, 340.23, 11.70, 0.336, 340.46, 12.01, 0.004, 141.89, 14.02);
insert into SHOT values (3369, 3383, 3385, 1798, 0.410, 124.93, 16.20, 0.412, 125.71, 16.94, 0.008, 211.44, 46.45);
insert into SHOT values (3370, 3383, 3386, 1798, 1.720, 279.13, 4.40, 1.716, 279.08, 4.34, 0.004, 124.38, -26.83);
insert into SHOT values (3371, 3383, 3387, 1798, 1.070, 75.93, -0.80, 1.072, 75.96, -0.53, 0.005, 91.50, 66.07);
insert into SHOT values (3372, 3383, 3388, 1798, 2.300, 307.83, -74.60, 2.301, 307.63, -74.73, 0.006, 152.57, -26.36);
insert into SHOT values (3373, 3383, 3389, 1798, 0.540, 266.93, 62.50, 0.541, 267.71, 62.47, 0.004, 343.15, 16.19);
insert into SHOT values (3374, 3383, 3390, 1798, 1.560, 282.13, -1.40, 1.592, 283.08, -1.08, 0.042, 321.87, 11.20);
insert into SHOT values (3375, 3390, 3391, 1798, 0.910, 173.33, 2.20, 0.916, 173.73, 1.88, 0.010, 219.30, -29.23);
insert into SHOT values (3376, 3390, 3392, 1798, 0.770, 299.83, 84.50, 0.763, 296.57, 84.96, 0.010, 149.08, -39.52);
insert into SHOT values (3377, 3390, 3393, 1798, 0.870, 39.23, 5.30, 0.871, 39.38, 5.27, 0.002, 115.62, -8.82);
insert into SHOT values (3378, 3390, 3394, 1798, 1.620, 206.03, -64.10, 1.624, 205.84, -64.03, 0.005, 172.38, -32.84);
insert into SHOT values (3379, 3390, 3395, 1798, 2.080, 230.23, -0.90, 2.087, 230.05, -1.10, 0.012, 188.36, -36.96);
insert into SHOT values (3380, 3390, 3396, 1798, 3.120, 243.63, 6.40, 3.106, 244.27, 6.47, 0.037, 356.88, 3.42);
insert into SHOT values (3381, 3396, 3397, 1798, 0.550, 342.03, 1.90, 0.547, 341.90, 2.09, 0.003, 188.44, 31.14);
insert into SHOT values (3382, 3396, 3398, 1798, 0.170, 280.23, -88.10, 0.170, 90.00, -90.00, 0.006, 100.23, -0.95);
insert into SHOT values (3383, 3396, 3399, 1798, 4.350, 287.43, 79.40, 4.354, 287.53, 79.45, 0.005, 85.33, 50.82);
insert into SHOT values (3384, 3396, 3400, 1798, 4.740, 275.63, 1.60, 4.734, 275.58, 1.57, 0.008, 133.58, -17.87);
insert into SHOT values (3385, 3396, 3401, 1798, 3.240, 84.23, 6.00, 3.244, 84.31, 6.02, 0.006, 133.25, 13.39);
insert into SHOT values (3386, 3396, 3402, 1798, 6.470, 284.33, 11.80, 6.500, 285.13, 11.90, 0.094, 357.61, 10.38);
insert into SHOT values (3387, 3402, 3403, 1798, 1.490, 354.73, 4.30, 1.481, 354.56, 4.26, 0.010, 200.64, -9.58);
insert into SHOT values (3388, 3402, 3404, 1798, 1.880, 151.33, 12.50, 1.886, 151.49, 12.24, 0.012, 183.07, -35.81);
insert into SHOT values (3389, 3402, 3405, 1798, 2.680, 129.93, 0.30, 2.676, 130.00, 0.21, 0.006, 272.52, -38.83);
insert into SHOT values (3390, 3402, 3406, 1798, 3.030, 100.23, -1.90, 3.030, 100.27, -1.89, 0.002, 184.75, 12.62);
insert into SHOT values (3391, 3402, 3407, 1798, 1.890, 62.83, 2.70, 1.889, 62.89, 2.73, 0.002, 169.21, 25.35);
insert into SHOT values (3392, 3402, 3408, 1798, 2.380, 97.43, -66.70, 2.383, 97.96, -66.79, 0.010, 202.98, -24.64);
insert into SHOT values (3393, 3402, 3409, 1798, 23.920, 105.93, 82.40, 23.920, 105.97, 82.40, 0.003, 232.12, 2.74);
insert into SHOT values (3394, 3402, 3410, 1798, 19.440, 89.73, 84.70, 19.451, 88.96, 85.10, 0.139, 279.05, 9.55);
insert into SHOT values (3395, 3410, 3411, 1798, 0.160, 322.23, -36.10, 0.162, 321.34, -37.99, 0.006, 200.53, -67.75);
insert into SHOT values (3396, 3410, 3412, 1798, 0.190, 250.43, -46.90, 0.191, 247.38, -47.12, 0.007, 160.38, -10.39);
insert into SHOT values (3397, 3410, 3413, 1798, 20.660, 144.33, -87.70, 20.667, 144.22, -87.68, 0.011, 134.37, -35.93);
insert into SHOT values (3398, 3410, 3414, 1798, 0.600, 195.23, -0.40, 0.602, 195.42, -0.95, 0.006, 245.19, -65.86);
insert into SHOT values (3399, 3410, 3415, 1798, 4.350, 309.23, -1.10, 4.351, 309.22, -1.19, 0.007, 238.21, -78.10);
insert into SHOT values (3400, 3410, 3416, 1798, 6.260, 124.43, -2.20, 6.262, 124.45, -2.20, 0.003, 168.88, 5.74);
insert into SHOT values (3401, 3410, 3417, 1798, 4.250, 210.23, 74.90, 4.248, 210.26, 74.83, 0.005, 216.52, -37.30);
insert into SHOT values (3402, 3410, 3418, 1798, 4.900, 310.03, 17.60, 4.960, 310.46, 17.48, 0.070, 340.12, 6.84);
insert into SHOT values (3403, 3418, 3419, 1798, 0.530, 234.33, 9.60, 0.530, 233.57, 9.78, 0.007, 139.33, 13.01);
insert into SHOT values (3404, 3418, 3420, 1798, 4.360, 255.43, -12.80, 4.354, 255.41, -12.74, 0.008, 96.99, 49.95);
insert into SHOT values (3405, 3418, 3421, 1798, 3.970, 240.83, -59.00, 3.966, 240.67, -59.02, 0.007, 122.66, 24.62);
insert into SHOT values (3406, 3418, 3422, 1798, 0.700, 207.43, -81.80, 0.697, 203.96, -81.88, 0.007, 103.02, 24.80);
insert into SHOT values (3407, 3418, 3423, 1798, 3.350, 157.63, -38.40, 3.351, 157.63, -38.36, 0.002, 156.98, 19.82);
insert into SHOT values (3408, 3418, 3424, 1798, 4.060, 127.33, -0.50, 4.060, 127.29, -0.42, 0.006, 42.79, 62.89);
insert into SHOT values (3409, 3418, 3425, 1798, 0.840, 203.73, 81.90, 0.838, 199.98, 81.97, 0.008, 102.21, -11.72);
insert into SHOT values (3410, 3418, 3426, 1798, 3.150, 260.53, 75.00, 3.167, 262.27, 75.04, 0.030, 346.41, 34.95);
insert into SHOT values (3411, 3426, 3427, 1798, 0.510, 350.23, 6.90, 0.500, 350.73, 6.89, 0.011, 146.67, -6.75);
insert into SHOT values (3412, 3426, 3428, 1798, 1.060, 95.33, 8.50, 1.065, 95.44, 8.09, 0.009, 112.61, -44.93);
insert into SHOT values (3413, 3426, 3429, 1798, 1.040, 216.53, -11.40, 1.038, 216.19, -11.68, 0.008, 96.84, -32.65);
insert into SHOT values (3414, 3426, 3430, 1798, 1.230, 214.63, -76.60, 1.234, 213.69, -76.48, 0.007, 159.91, -30.96);
insert into SHOT values (3415, 3426, 3431, 1798, 0.810, 234.63, 69.60, 0.812, 233.53, 69.38, 0.007, 177.93, 6.95);
insert into SHOT values (3416, 3426, 3432, 1798, 1.590, 255.13, 10.50, 1.591, 254.81, 10.50, 0.009, 173.34, 1.58);
insert into SHOT values (3417, 3426, 3433, 1798, 1.600, 256.43, 11.40, 1.592, 257.03, 11.59, 0.019, 14.57, 11.43);
insert into SHOT values (3418, 3433, 3434, 1798, 0.420, 332.93, -2.10, 0.425, 333.43, -2.70, 0.008, 8.99, -36.06);
insert into SHOT values (3419, 3433, 3435, 1798, 1.380, 277.13, 85.60, 1.374, 275.19, 85.39, 0.008, 237.55, -45.34);
insert into SHOT values (3420, 3433, 3436, 1798, 1.470, 307.73, -71.00, 1.470, 307.35, -71.02, 0.003, 207.46, -1.55);
insert into SHOT values (3421, 3433, 3437, 1798, 1.140, 253.63, -3.40, 1.148, 253.78, -3.50, 0.008, 274.83, -16.34);
insert into SHOT values (3422, 3433, 3438, 1798, 2.320, 278.13, 7.30, 2.322, 278.24, 7.17, 0.007, 336.50, -44.47);
insert into SHOT values (3423, 3433, 3439, 1798, 4.200, 272.03, 1.90, 4.217, 272.72, 2.04, 0.054, 343.70, 11.41);
insert into SHOT values (3424, 3439, 3440, 1798, 1.990, 356.23, 1.80, 1.995, 356.26, 1.72, 0.006, 7.56, -25.21);
insert into SHOT values (3425, 3439, 3441, 1798, 6.630, 287.13, -5.10, 6.631, 287.17, -5.10, 0.005, 8.81, -7.60);
insert into SHOT values (3426, 3439, 3442, 1798, 2.210, 321.83, -2.50, 2.217, 321.78, -2.59, 0.008, 306.49, -27.35);
insert into SHOT values (3427, 3439, 3443, 1798, 1.110, 99.53, 9.40, 1.110, 99.46, 9.34, 0.002, 1.08, -43.69);
insert into SHOT values (3428, 3439, 3444, 1798, 1.450, 52.83, 9.90, 1.440, 52.73, 9.59, 0.013, 250.20, -46.65);
insert into SHOT values (3429, 3439, 3445, 1798, 0.870, 33.33, -86.70, 0.871, 26.57, -87.06, 0.008, 256.23, -10.56);
insert into SHOT values (3430, 3439, 3446, 1798, 7.950, 296.93, 75.50, 7.944, 296.82, 75.46, 0.009, 253.58, -50.45);
insert into SHOT values (3431, 3439, 3447, 1798, 5.750, 311.53, 70.00, 5.779, 312.01, 69.41, 0.068, 325.99, 5.72);
insert into SHOT values (3432, 3447, 3448, 1798, 1.230, 172.53, -0.40, 1.230, 172.53, -0.47, 0.001, 162.66, -71.08);
insert into SHOT values (3433, 3447, 3449, 1798, 2.270, 214.13, -4.30, 2.275, 214.04, -4.29, 0.006, 178.87, 1.83);
insert into SHOT values (3434, 3447, 3450, 1798, 6.260, 169.13, -78.20, 6.263, 169.22, -78.18, 0.004, 205.81, -36.23);
insert into SHOT values (3435, 3447, 3451, 1798, 3.170, 118.33, -5.70, 3.165, 118.44, -5.62, 0.009, 245.08, 34.18);
insert into SHOT values (3436, 3447, 3452, 1798, 0.930, 142.63, -4.40, 0.931, 142.88, -4.31, 0.004, 222.30, 18.09);
insert into SHOT values (3437, 3447, 3453, 1798, 5.090, 219.83, 83.60, 5.093, 220.06, 83.52, 0.008, 236.81, 12.36);
insert into SHOT values (3438, 3447, 3454, 1798, 3.420, 245.93, 1.50, 3.401, 246.60, 1.68, 0.046, 2.08, 13.31);
insert into SHOT values (3439, 3454, 3455, 1798, 0.610, 354.23, -1.70, 0.603, 354.29, -1.90, 0.007, 169.14, -15.71);
insert into SHOT values (3440, 3454, 3456, 1798, 3.090, 292.23, -11.30, 3.093, 292.08, -11.37, 0.009, 218.58, -28.65);
insert into SHOT values (3441, 3454, 3457, 1798, 5.600, 279.13, -15.40, 5.599, 279.06, -15.43, 0.007, 175.85, -22.67);
insert into SHOT values (3442, 3454, 3458, 1798, 3.150, 273.93, -15.00, 3.156, 273.95, -15.06, 0.007, 286.60, -45.17);
insert into SHOT values (3443, 3454, 3459, 1798, 0.890, 3.83, 6.60, 0.888, 3.90, 6.47, 0.003, 156.82, -44.78);
insert into SHOT values (3444, 3454, 3460, 1798, 2.290, 317.33, 72.00, 2.292, 317.29, 72.02, 0.002, 229.90, 76.08);
insert into SHOT values (3445, 3454, 3461, 1798, 1.500, 259.53, -68.50, 1.504, 259.51, -68.58, 0.004, 101.31, -82.00);
insert into SHOT values (3446, 3454, 3462, 1798, 4.520, 289.63, -5.70, 4.561, 290.23, -5.54, 0.064, 337.98, 8.00);
insert into SHOT values (3447, 3462, 3463, 1798, 1.720, 221.43, 47.20, 1.719, 221.19, 47.14, 0.005, 138.98, -21.67);
insert into SHOT values (3448, 3462, 3464, 1798, 2.680, 251.93, 4.80, 2.681, 251.90, 4.71, 0.005, 211.95, -64.29);
insert into SHOT values (3449, 3462, 3465, 1798, 1.840, 298.03, 8.40, 1.841, 297.83, 8.44, 0.006, 211.02, 10.72);
insert into SHOT values (3450, 3462, 3466, 1798, 4.060, 167.73, -58.20, 4.060, 167.59, -58.19, 0.005, 83.80, 5.92);
insert into SHOT values (3451, 3462, 3467, 1798, 1.550, 154.93, -1.60, 1.558, 154.92, -1.84, 0.010, 151.60, -42.09);
insert into SHOT values (3452, 3462, 3468, 1798, 3.590, 104.43, 14.70, 3.588, 104.52, 14.69, 0.005, 212.71, -10.43);
insert into SHOT values (3453, 3462, 3469, 1798, 10.580, 294.03, 82.90, 10.581, 294.01, 82.93, 0.005, 120.54, 12.60);
insert into SHOT values (3454, 3462, 3470, 1798, 9.890, 266.63, 72.90, 9.901, 267.26, 72.83, 0.036, 331.18, 11.57);
insert into SHOT values (3455, 3470, 3471, 1798, 0.370, 349.23, -3.20, 0.367, 349.00, -3.12, 0.003, 198.59, 11.99);
insert into SHOT values (3456, 3470, 3472, 1798, 1.320, 291.13, -5.30, 1.322, 290.91, -5.21, 0.006, 226.29, 19.07);
insert into SHOT values (3457, 3470, 3473, 1798, 7.390, 98.93, -1.00, 7.391, 98.95, -1.01, 0.003, 165.04, -19.84);
insert into SHOT values (3458, 3470, 3474, 1798, 2.660, 92.93, -5.00, 2.664, 93.02, -4.95, 0.006, 141.05, 17.80);
insert into SHOT values (3459, 3470, 3475, 1798, 0.440, 326.73, 24.50, 0.509, 327.34, 24.39, 0.069, 331.20, 23.60);
insert into SHOT values (3460, 3475, 3476, 1798, 5.090, 294.63, 33.30, 5.136, 295.19, 33.17, 0.063, 338.08, 14.17);
insert into SHOT values (3461, 3476, 3477, 1798, 1.220, 83.63, -2.30, 1.219, 83.40, -2.35, 0.005, 342.69, -11.68);
insert into SHOT values (3462, 3476, 3478, 1798, 4.080, 101.73, -1.30, 4.075, 101.61, -1.41, 0.013, 338.36, -36.29);
insert into SHOT values (3463, 3476, 3479, 1798, 4.730, 120.33, 0.50, 4.724, 120.26, 0.49, 0.009, 344.71, -8.12);
insert into SHOT values (3464, 3476, 3480, 1798, 3.380, 145.03, 0.30, 3.382, 144.99, 0.17, 0.008, 94.17, -69.31);
insert into SHOT values (3465, 3476, 3481, 1798, 1.610, 168.93, -2.80, 1.602, 168.83, -2.86, 0.008, 9.04, -9.28);
insert into SHOT values (3466, 3476, 3482, 1798, 0.880, 200.43, -8.10, 0.873, 200.32, -8.56, 0.010, 32.89, -38.21);
insert into SHOT values (3467, 3476, 3483, 1798, 3.310, 97.53, -66.80, 3.316, 97.51, -66.90, 0.008, 289.00, -69.59);
insert into SHOT values (3468, 3476, 3484, 1798, 1.560, 45.53, -76.80, 1.561, 45.00, -76.91, 0.004, 276.22, -16.00);
insert into SHOT values (3469, 3476, 3485, 1798, 4.100, 134.33, 42.40, 4.096, 134.20, 42.36, 0.009, 36.68, -32.72);
insert into SHOT values (3470, 3476, 3486, 1798, 2.950, 134.33, 46.30, 2.947, 134.20, 46.28, 0.006, 26.73, -29.97);
insert into SHOT values (3471, 3476, 3487, 1798, 3.210, 283.53, -38.90, 3.228, 284.26, -38.74, 0.037, 342.48, -6.51);
insert into SHOT values (3472, 3487, 3488, 1798, 0.830, 199.53, -6.20, 0.834, 199.75, -6.20, 0.005, 240.43, -4.35);
insert into SHOT values (3473, 3487, 3489, 1798, 0.770, 268.23, 3.00, 0.771, 268.51, 2.97, 0.004, 339.09, -4.29);
insert into SHOT values (3474, 3487, 3490, 1798, 0.770, 195.53, -15.10, 0.764, 195.73, -15.17, 0.006, 351.58, 5.31);
insert into SHOT values (3475, 3487, 3491, 1798, 1.220, 150.13, -13.00, 1.217, 150.20, -12.81, 0.005, 292.95, 64.08);
insert into SHOT values (3476, 3487, 3492, 1798, 0.690, 71.93, 0.00, 0.686, 71.30, 0.00, 0.008, 315.13, 0.00);
insert into SHOT values (3477, 3487, 3493, 1798, 1.370, 180.13, -83.50, 1.368, 180.00, -83.71, 0.005, 4.03, 13.17);
insert into SHOT values (3478, 3487, 3494, 1798, 5.310, 217.93, 77.20, 5.313, 218.13, 77.14, 0.007, 252.79, 15.33);
insert into SHOT values (3479, 3487, 3495, 1798, 5.820, 170.43, 77.60, 5.825, 170.76, 77.65, 0.010, 287.09, 35.51);
insert into SHOT values (3480, 3487, 3496, 1798, 2.500, 239.53, 67.90, 2.501, 241.24, 68.04, 0.029, 340.91, 7.36);
insert into SHOT values (3481, 3496, 3497, 1798, 0.320, 336.73, -14.10, 0.313, 336.80, -12.94, 0.010, 153.06, 54.19);
insert into SHOT values (3482, 3496, 3498, 1798, 1.660, 311.33, -83.70, 1.659, 312.71, -83.88, 0.007, 92.55, -0.21);
insert into SHOT values (3483, 3496, 3499, 1798, 3.210, 284.03, 74.70, 3.213, 283.71, 74.77, 0.007, 161.92, 33.68);
insert into SHOT values (3484, 3496, 3500, 1798, 4.420, 285.83, -6.40, 4.415, 285.87, -6.37, 0.007, 74.29, 23.99);
insert into SHOT values (3485, 3496, 3501, 1798, 1.560, 108.43, 7.40, 1.564, 108.43, 7.72, 0.009, 110.06, 74.55);
insert into SHOT values (3486, 3496, 3502, 1798, 3.950, 274.83, 12.30, 3.972, 275.48, 12.50, 0.051, 342.23, 21.46);
insert into SHOT values (3487, 3502, 3503, 1798, 1.110, 335.93, -4.90, 1.110, 335.98, -5.17, 0.005, 78.77, -78.65);
insert into SHOT values (3488, 3502, 3504, 1798, 1.300, 13.43, -2.60, 1.297, 13.39, -2.65, 0.004, 208.09, -16.13);
insert into SHOT values (3489, 3502, 3505, 1798, 1.230, 50.23, 4.80, 1.226, 50.31, 4.68, 0.005, 207.64, -32.65);
insert into SHOT values (3490, 3502, 3506, 1798, 3.870, 87.83, 7.80, 3.868, 87.91, 7.73, 0.007, 196.10, -44.94);
insert into SHOT values (3491, 3502, 3507, 1798, 1.510, 59.63, -79.60, 1.516, 59.74, -79.44, 0.007, 65.48, -42.25);
insert into SHOT values (3492, 3502, 3508, 1798, 8.140, 27.43, 79.90, 8.137, 27.46, 79.87, 0.005, 37.90, -45.14);
insert into SHOT values (3493, 3502, 3509, 1798, 5.380, 329.83, 50.60, 5.435, 330.05, 50.11, 0.073, 340.53, 10.03);
insert into SHOT values (3494, 3509, 3510, 1798, 3.890, 279.53, -6.00, 3.885, 279.54, -6.06, 0.006, 97.24, -32.49);
insert into SHOT values (3495, 3509, 3511, 1798, 2.650, 220.83, -7.60, 2.653, 220.84, -7.58, 0.004, 224.69, 7.60);
insert into SHOT values (3496, 3509, 3512, 1798, 2.860, 185.23, -6.00, 2.858, 185.25, -6.03, 0.003, 346.11, -22.31);
insert into SHOT values (3497, 3509, 3513, 1798, 3.460, 154.33, -4.00, 3.461, 154.25, -3.98, 0.005, 78.85, 15.06);
insert into SHOT values (3498, 3509, 3514, 1798, 1.480, 222.83, -75.80, 1.486, 222.80, -75.67, 0.007, 220.22, -46.71);
insert into SHOT values (3499, 3509, 3515, 1798, 6.550, 245.23, 82.70, 6.552, 244.98, 82.74, 0.007, 103.07, 27.78);
insert into SHOT values (3500, 3509, 3516, 1798, 6.140, 256.63, 57.10, 6.150, 257.34, 57.21, 0.044, 352.69, 19.59);
insert into SHOT values (3501, 3516, 3517, 1798, 6.640, 125.73, -86.00, 6.646, 125.39, -85.98, 0.007, 82.91, -56.80);
insert into SHOT values (3502, 3516, 3518, 1798, 3.650, 117.13, -18.30, 3.656, 117.08, -18.33, 0.007, 86.29, -33.40);
insert into SHOT values (3503, 3516, 3519, 1798, 0.690, 72.13, -5.80, 0.696, 72.35, -5.77, 0.007, 95.35, -2.33);
insert into SHOT values (3504, 3516, 3520, 1798, 0.730, 23.53, 9.90, 0.731, 23.72, 9.45, 0.006, 76.76, -61.79);
insert into SHOT values (3505, 3516, 3521, 1798, 1.430, 346.53, 1.10, 1.429, 346.64, 0.80, 0.008, 98.03, -68.00);
insert into SHOT values (3506, 3516, 3522, 1798, 3.350, 73.03, 83.30, 3.343, 73.86, 83.20, 0.010, 123.37, -43.96);
insert into SHOT values (3507, 3516, 3523, 1798, 5.150, 350.33, 42.00, 5.210, 350.39, 41.62, 0.069, 353.81, 11.69);
insert into SHOT values (3508, 3523, 3524, 1798, 1.090, 170.83, 32.70, 1.085, 171.16, 32.93, 0.008, 312.01, 7.84);
insert into SHOT values (3509, 3523, 3525, 1798, 2.940, 132.83, -0.90, 2.937, 132.93, -0.98, 0.007, 255.69, -32.67);
insert into SHOT values (3510, 3523, 3526, 1798, 3.730, 105.63, -2.70, 3.721, 105.61, -2.77, 0.010, 296.33, -25.57);
insert into SHOT values (3511, 3523, 3527, 1798, 3.640, 86.23, -6.70, 3.632, 86.19, -6.64, 0.009, 288.45, 31.22);
insert into SHOT values (3512, 3523, 3528, 1798, 2.290, 126.33, -54.40, 2.287, 126.44, -54.43, 0.004, 267.01, 27.09);
insert into SHOT values (3513, 3523, 3529, 1798, 46.010, 351.83, 83.30, 46.015, 351.76, 83.29, 0.011, 311.14, 23.35);
insert into SHOT values (3514, 3523, 3530, 1798, 55.750, 1.93, 85.40, 55.750, 1.92, 85.40, 0.002, 332.40, -14.45);
insert into SHOT values (3515, 3523, 3531, 1798, 10.600, 305.43, 83.90, 10.618, 306.16, 83.03, 0.162, 311.20, 0.01);
insert into SHOT values (3516, 3531, 3532, 1798, 4.400, 11.73, 1.50, 4.395, 11.82, 1.56, 0.010, 139.62, 29.09);
insert into SHOT values (3517, 3531, 3533, 1798, 4.770, 33.73, 3.20, 4.773, 33.79, 3.24, 0.007, 98.00, 34.96);
insert into SHOT values (3518, 3531, 3534, 1798, 4.440, 79.13, 3.30, 4.446, 79.22, 3.35, 0.010, 129.90, 26.28);
insert into SHOT values (3519, 3531, 3535, 1798, 4.430, 123.83, 10.30, 4.433, 123.87, 10.40, 0.009, 189.85, 67.15);
insert into SHOT values (3520, 3531, 3536, 1798, 12.190, 124.23, -81.70, 12.188, 124.14, -81.68, 0.006, 90.89, 24.27);
insert into SHOT values (3521, 3531, 3537, 1798, 29.450, 351.63, 77.60, 29.455, 351.63, 77.62, 0.010, 177.46, 46.52);
insert into SHOT values (3522, 3531, 3538, 1798, 10.890, 340.33, 62.40, 10.942, 340.46, 61.44, 0.191, 343.82, -12.33);
insert into SHOT values (3523, 3538, 3539, 1798, 3.170, 298.53, -2.70, 3.167, 298.51, -2.71, 0.003, 142.50, -12.13);
insert into SHOT values (3524, 3538, 3540, 1798, 2.700, 246.63, -0.70, 2.701, 246.66, -0.64, 0.004, 296.58, 58.39);
insert into SHOT values (3525, 3538, 3541, 1798, 2.120, 196.23, -6.30, 2.126, 196.21, -6.21, 0.007, 188.11, 20.99);
insert into SHOT values (3526, 3538, 3542, 1798, 4.260, 202.43, -6.80, 4.258, 202.38, -6.74, 0.006, 90.68, 46.71);
insert into SHOT values (3527, 3538, 3543, 1798, 6.450, 172.53, -8.00, 6.457, 172.54, -8.01, 0.007, 181.07, -18.57);
insert into SHOT values (3528, 3538, 3544, 1798, 3.860, 123.93, -8.40, 3.860, 123.90, -8.34, 0.005, 47.36, 58.87);
insert into SHOT values (3529, 3538, 3545, 1798, 2.880, 102.43, -9.20, 2.883, 102.38, -9.18, 0.004, 61.11, 6.16);
insert into SHOT values (3530, 3538, 3546, 1798, 22.500, 170.83, -71.90, 22.503, 170.86, -71.91, 0.005, 284.04, -41.58);
insert into SHOT values (3531, 3538, 3547, 1798, 17.220, 159.03, -64.70, 17.220, 159.05, -64.71, 0.004, 297.95, -23.86);
insert into SHOT values (3532, 3538, 3548, 1798, 10.980, 157.93, -51.10, 10.984, 157.94, -51.12, 0.005, 259.13, -84.33);
insert into SHOT values (3533, 3538, 3549, 1798, 8.380, 166.43, 31.40, 8.388, 166.43, 31.40, 0.008, 163.68, 28.88);
insert into SHOT values (3534, 3538, 3550, 1798, 15.130, 164.63, 61.90, 15.132, 164.62, 61.91, 0.004, 41.35, 57.99);
insert into SHOT values (3535, 3538, 3551, 1798, 25.810, 161.93, 72.80, 25.816, 161.92, 72.79, 0.007, 144.46, 40.15);
insert into SHOT values (3536, 3538, 3552, 1798, 11.320, 147.63, 87.80, 11.332, 144.78, 88.95, 0.228, 330.25, 4.62);
insert into SHOT values (3537, 3552, 3553, 1798, 3.830, 99.93, -1.90, 3.830, 99.93, -1.95, 0.003, 295.79, -79.10);
insert into SHOT values (3538, 3552, 3554, 1798, 0.810, 54.83, -0.40, 0.810, 54.54, -0.71, 0.006, 328.44, -46.82);
insert into SHOT values (3539, 3552, 3555, 1798, 1.020, 332.53, 6.20, 1.021, 332.43, 6.18, 0.002, 276.93, -3.97);
insert into SHOT values (3540, 3552, 3556, 1798, 2.280, 299.73, 8.10, 2.280, 299.74, 8.07, 0.001, 9.95, -67.24);
insert into SHOT values (3541, 3552, 3557, 1798, 8.150, 294.43, 8.30, 8.159, 294.44, 8.32, 0.009, 299.80, 21.90);
insert into SHOT values (3542, 3552, 3558, 1798, 6.130, 146.43, 3.40, 6.129, 146.47, 3.37, 0.005, 249.74, -44.02);
insert into SHOT values (3543, 3552, 3559, 1798, 1.070, 21.63, 19.20, 1.069, 21.49, 19.11, 0.003, 285.29, -35.92);
insert into SHOT values (3544, 3552, 3560, 1798, 23.920, 97.53, 84.20, 23.922, 97.63, 84.21, 0.008, 243.95, 18.98);
insert into SHOT values (3545, 3552, 3561, 1798, 11.760, 0.23, 83.50, 11.788, 0.00, 82.25, 0.259, 358.80, -0.98);
insert into SHOT values (3546, 3561, 3562, 1798, 2.500, 246.03, 12.80, 2.501, 246.06, 12.70, 0.005, 277.73, -58.69);
insert into SHOT values (3547, 3561, 3563, 1798, 3.250, 208.33, 2.20, 3.250, 208.30, 2.12, 0.005, 138.48, -68.19);
insert into SHOT values (3548, 3561, 3564, 1798, 3.050, 150.83, 11.40, 3.050, 150.78, 11.34, 0.004, 76.07, -44.14);
insert into SHOT values (3549, 3561, 3565, 1798, 4.470, 186.43, 9.10, 4.473, 186.50, 9.00, 0.010, 233.82, -45.47);
insert into SHOT values (3550, 3561, 3566, 1798, 3.490, 202.63, 8.00, 3.489, 202.63, 7.91, 0.006, 211.62, -88.80);
insert into SHOT values (3551, 3561, 3567, 1798, 4.760, 216.83, 74.50, 4.753, 216.69, 74.48, 0.008, 125.89, -65.29);
insert into SHOT values (3552, 3561, 3568, 1798, 2.350, 281.93, 34.00, 2.383, 282.56, 33.93, 0.040, 318.73, 23.72);
insert into SHOT values (3553, 3568, 3569, 1798, 0.650, 54.63, 9.00, 0.646, 54.57, 8.91, 0.004, 245.53, -23.51);
insert into SHOT values (3554, 3568, 3570, 1798, 1.020, 92.83, 2.30, 1.022, 92.81, 2.24, 0.002, 80.10, -24.01);
insert into SHOT values (3555, 3568, 3571, 1798, 1.160, 337.03, 3.70, 1.163, 337.19, 3.45, 0.007, 22.14, -47.07);
insert into SHOT values (3556, 3568, 3572, 1798, 2.740, 299.33, 2.40, 2.742, 299.28, 2.30, 0.006, 252.33, -53.17);
insert into SHOT values (3557, 3568, 3573, 1798, 3.910, 312.23, 54.20, 3.954, 312.57, 53.79, 0.054, 328.16, 20.45);
insert into SHOT values (3558, 3573, 3574, 1798, 2.840, 334.03, 10.00, 2.842, 334.17, 9.93, 0.008, 40.10, -23.68);
insert into SHOT values (3559, 3573, 3575, 1798, 0.710, 10.53, 8.70, 0.711, 10.67, 8.90, 0.003, 90.21, 56.68);
insert into SHOT values (3560, 3573, 3576, 1798, 0.550, 52.13, 5.80, 0.551, 51.67, 6.25, 0.006, 334.49, 44.10);
insert into SHOT values (3561, 3573, 3577, 1798, 1.610, 114.13, 5.40, 1.614, 113.85, 5.33, 0.009, 53.65, -9.58);
insert into SHOT values (3562, 3573, 3578, 1798, 2.920, 156.53, 2.80, 2.914, 156.52, 2.75, 0.006, 344.64, -25.78);
insert into SHOT values (3563, 3573, 3579, 1798, 1.460, 202.03, 8.90, 1.454, 202.10, 9.10, 0.008, 8.78, 29.90);
insert into SHOT values (3564, 3573, 3580, 1798, 2.330, 241.13, -3.40, 2.323, 241.11, -3.46, 0.008, 67.01, -13.67);
insert into SHOT values (3565, 3573, 3581, 1798, 4.890, 280.63, 70.10, 4.908, 281.64, 69.93, 0.038, 336.77, 18.52);
insert into SHOT values (3566, 3573, 3582, 1798, 5.410, 180.73, 68.20, 5.407, 180.57, 68.18, 0.007, 100.61, -28.28);
insert into SHOT values (3567, 3573, 3583, 1798, 7.390, 107.93, -61.30, 7.389, 107.87, -61.27, 0.005, 53.07, 25.43);
insert into SHOT values (3568, 3581, 3584, 1798, 0.500, 86.63, 7.40, 0.496, 86.50, 8.12, 0.008, 279.94, 47.94);
insert into SHOT values (3569, 3581, 3585, 1798, 0.720, 30.03, 9.80, 0.715, 29.85, 10.47, 0.010, 230.23, 48.34);
insert into SHOT values (3570, 3581, 3586, 1798, 5.040, 133.93, 3.40, 5.037, 133.95, 3.41, 0.003, 281.20, 18.47);
insert into SHOT values (3571, 3581, 3587, 1798, 1.020, 127.13, 82.00, 1.020, 129.29, 81.99, 0.005, 216.39, -0.79);
insert into SHOT values (3572, 3581, 3588, 1798, 4.510, 84.23, -88.10, 4.503, 86.19, -88.09, 0.009, 166.28, 55.47);
insert into SHOT values (3573, 3581, 3589, 1798, 3.860, 349.03, 8.40, 3.863, 348.98, 8.49, 0.007, 288.33, 58.99);
insert into SHOT values (3574, 3581, 3590, 1798, 2.320, 353.03, 36.30, 2.394, 352.87, 36.08, 0.075, 348.37, 29.19);
insert into SHOT values (3575, 3590, 3591, 1798, 0.810, 243.13, 6.60, 0.814, 242.80, 6.34, 0.007, 199.29, -24.69);
insert into SHOT values (3576, 3590, 3592, 1798, 0.740, 207.33, -1.70, 0.743, 207.26, -1.54, 0.004, 187.42, 33.70);
insert into SHOT values (3577, 3590, 3593, 1798, 0.800, 269.23, 7.50, 0.796, 269.27, 7.21, 0.005, 78.51, -54.55);
insert into SHOT values (3578, 3590, 3594, 1798, 1.390, 274.23, -80.80, 1.388, 272.60, -80.87, 0.007, 165.72, 17.79);
insert into SHOT values (3579, 3590, 3595, 1798, 4.710, 350.73, 8.00, 4.706, 350.74, 7.94, 0.007, 160.66, -57.73);
insert into SHOT values (3580, 3590, 3596, 1798, 4.960, 244.13, 67.40, 4.963, 244.93, 67.64, 0.034, 9.20, 18.75);
insert into SHOT values (3581, 3596, 3597, 1798, 0.450, 69.23, 3.70, 0.450, 69.15, 3.82, 0.001, 8.51, 50.91);
insert into SHOT values (3582, 3596, 3598, 1798, 0.260, 123.93, 4.40, 0.267, 124.29, 4.30, 0.007, 137.12, 0.42);
insert into SHOT values (3583, 3596, 3599, 1798, 0.920, 316.73, 15.40, 0.916, 316.37, 15.19, 0.008, 199.43, -34.78);
insert into SHOT values (3584, 3596, 3600, 1798, 5.140, 198.03, 81.70, 5.146, 198.70, 82.34, 0.058, 9.89, 13.79);
insert into SHOT values (3585, 3600, 3601, 1798, 0.510, 201.43, 0.50, 0.516, 201.60, 0.00, 0.008, 214.65, -34.71);
insert into SHOT values (3586, 3600, 3602, 1798, 0.790, 144.33, -15.00, 0.789, 144.64, -15.44, 0.007, 269.27, -48.24);
insert into SHOT values (3587, 3600, 3603, 1798, 1.020, 313.23, -11.60, 1.020, 312.97, -11.89, 0.007, 204.77, -45.40);
insert into SHOT values (3588, 3600, 3604, 1798, 0.200, 154.73, 70.40, 0.192, 153.43, 69.56, 0.009, 63.77, -79.76);
insert into SHOT values (3589, 3600, 3605, 1798, 4.770, 282.33, -14.20, 4.804, 283.02, -14.09, 0.066, 340.20, 0.10);
insert into SHOT values (3590, 3605, 3606, 1798, 2.490, 326.93, -9.40, 2.482, 326.83, -9.28, 0.011, 177.53, 37.61);
insert into SHOT values (3591, 3605, 3607, 1798, 2.560, 6.93, -3.40, 2.553, 6.99, -3.37, 0.007, 167.10, 14.63);
insert into SHOT values (3592, 3605, 3608, 1798, 2.270, 53.93, 4.20, 2.269, 53.99, 4.30, 0.005, 179.26, 52.74);
insert into SHOT values (3593, 3605, 3609, 1798, 3.170, 99.23, 6.50, 3.172, 99.31, 6.52, 0.005, 165.88, 13.35);
insert into SHOT values (3594, 3605, 3610, 1798, 1.400, 142.43, 14.10, 1.406, 142.46, 14.41, 0.010, 150.27, 64.24);
insert into SHOT values (3595, 3605, 3611, 1798, 3.840, 315.43, -82.00, 3.837, 315.76, -82.05, 0.006, 98.32, 27.33);
insert into SHOT values (3596, 3605, 3612, 1798, 13.400, 287.83, 82.60, 13.401, 287.59, 82.62, 0.009, 160.92, 10.11);
insert into SHOT values (3597, 3605, 3613, 1798, 4.730, 312.33, -46.30, 4.769, 313.07, -45.31, 0.100, 339.04, 17.21);
insert into SHOT values (3598, 3613, 3614, 1798, 0.560, 205.63, 5.40, 0.558, 205.64, 6.17, 0.008, 23.97, 68.34);
insert into SHOT values (3599, 3613, 3615, 1798, 0.770, 171.53, 8.70, 0.767, 171.66, 9.00, 0.005, 323.82, 45.06);
insert into SHOT values (3600, 3613, 3616, 1798, 1.490, 261.23, 1.50, 1.487, 261.49, 1.54, 0.007, 16.49, 7.73);
insert into SHOT values (3601, 3613, 3617, 1798, 6.760, 298.13, 81.30, 6.768, 298.57, 81.29, 0.011, 12.35, 44.00);
insert into SHOT values (3602, 3613, 3618, 1798, 2.930, 173.13, -84.20, 2.925, 172.15, -84.26, 0.008, 49.16, 39.47);
insert into SHOT values (3603, 3613, 3619, 1798, 8.190, 292.33, -24.80, 8.234, 293.81, -23.85, 0.240, 356.56, 26.06);
insert into SHOT values (3604, 3619, 3620, 1798, 0.530, 182.03, 9.50, 0.528, 182.20, 9.81, 0.004, 328.67, 41.91);
insert into SHOT values (3605, 3619, 3621, 1798, 6.600, 239.93, 74.30, 6.597, 240.14, 74.28, 0.008, 317.75, -30.10);
insert into SHOT values (3606, 3619, 3622, 1798, 4.450, 232.43, -85.80, 4.452, 232.43, -85.77, 0.003, 232.29, -42.69);
insert into SHOT values (3607, 3619, 3623, 1798, 3.590, 294.73, -14.90, 3.655, 295.77, -14.26, 0.099, 336.26, 13.44);
insert into SHOT values (3608, 3623, 3624, 1798, 0.740, 358.33, 2.90, 0.741, 358.45, 2.32, 0.008, 50.11, -75.20);
insert into SHOT values (3609, 3623, 3625, 1798, 2.370, 310.13, -7.70, 2.378, 310.18, -7.74, 0.008, 324.94, -18.00);
insert into SHOT values (3610, 3623, 3626, 1798, 4.690, 288.63, -13.40, 4.689, 288.67, -13.44, 0.005, 53.50, -37.93);
insert into SHOT values (3611, 3623, 3627, 1798, 2.510, 302.13, -80.10, 2.518, 301.87, -80.04, 0.009, 275.92, -58.13);
insert into SHOT values (3612, 3623, 3628, 1798, 6.990, 300.93, 83.60, 6.984, 300.84, 83.58, 0.007, 252.76, -74.99);
insert into SHOT values (3613, 3623, 3629, 1798, 0.810, 9.63, 16.50, 0.959, 8.75, 16.34, 0.150, 3.98, 15.44);
insert into SHOT values (3614, 3629, 3630, 1798, 4.880, 292.93, -0.00, 4.875, 292.94, 0.00, 0.005, 108.69, 0.00);
insert into SHOT values (3615, 3629, 3631, 1798, 1.430, 272.83, -0.10, 1.432, 272.80, 0.00, 0.003, 249.31, 53.16);
insert into SHOT values (3616, 3629, 3632, 1798, 0.820, 195.93, -10.40, 0.815, 195.95, -10.61, 0.006, 14.10, -19.04);
insert into SHOT values (3617, 3629, 3633, 1798, 0.830, 157.73, -11.90, 0.829, 157.54, -11.83, 0.003, 54.60, 22.67);
insert into SHOT values (3618, 3629, 3634, 1798, 5.300, 295.93, 81.70, 5.356, 298.39, 80.96, 0.095, 321.55, 28.58);
insert into SHOT values (3619, 3634, 3635, 1798, 0.780, 96.93, 3.50, 0.778, 97.40, 3.68, 0.007, 205.32, 19.65);
insert into SHOT values (3620, 3634, 3636, 1798, 0.970, 25.73, 6.40, 0.963, 26.03, 6.56, 0.009, 169.95, 12.45);
insert into SHOT values (3621, 3634, 3637, 1798, 2.610, 297.13, 11.70, 2.604, 297.07, 11.74, 0.007, 140.82, 5.78);
insert into SHOT values (3622, 3634, 3638, 1798, 1.540, 321.13, 9.00, 1.534, 321.16, 9.00, 0.006, 133.61, -8.34);
insert into SHOT values (3623, 3634, 3639, 1798, 5.950, 28.13, 73.30, 6.035, 27.26, 72.31, 0.137, 15.47, 21.89);
insert into SHOT values (3624, 3639, 3640, 1798, 0.670, 240.53, 1.60, 0.668, 240.36, 1.72, 0.003, 99.78, 22.36);
insert into SHOT values (3625, 3639, 3641, 1798, 1.310, 269.93, 0.30, 1.310, 270.00, 0.44, 0.004, 359.30, 63.77);
insert into SHOT values (3626, 3639, 3642, 1798, 3.250, 288.03, 3.80, 3.246, 287.99, 3.89, 0.007, 137.04, 41.33);
insert into SHOT values (3627, 3639, 3643, 1798, 0.780, 7.63, 14.00, 0.780, 7.59, 14.10, 0.001, 256.37, 67.69);
insert into SHOT values (3628, 3639, 3644, 1798, 4.710, 17.03, 69.30, 4.713, 17.13, 69.33, 0.005, 128.23, 53.70);
insert into SHOT values (3629, 3639, 3645, 1798, 13.240, 334.33, 86.40, 13.236, 334.36, 86.40, 0.004, 8.13, -79.81);
insert into SHOT values (3630, 3639, 3646, 1798, 1.780, 152.63, 9.60, 1.783, 152.56, 9.69, 0.005, 113.12, 42.22);
insert into SHOT values (3631, 3639, 3647, 1798, 4.520, 296.53, 21.30, 4.619, 297.58, 21.46, 0.126, 338.77, 22.39);
insert into SHOT values (3632, 3647, 3648, 1798, 1.300, 292.53, 1.10, 1.296, 292.21, 0.88, 0.009, 176.16, -31.49);
insert into SHOT values (3633, 3647, 3649, 1798, 1.110, 323.93, 11.90, 1.104, 323.66, 12.02, 0.008, 183.90, 7.95);
insert into SHOT values (3634, 3647, 3650, 1798, 1.140, 5.73, 7.20, 1.135, 6.12, 7.08, 0.009, 127.28, -18.04);
insert into SHOT values (3635, 3647, 3651, 1798, 1.060, 54.23, 1.10, 1.060, 54.21, 1.08, 0.001, 8.51, -32.42);
insert into SHOT values (3636, 3647, 3652, 1798, 10.820, 60.33, 84.10, 10.818, 60.45, 84.08, 0.005, 98.13, -36.56);
insert into SHOT values (3637, 3647, 3653, 1798, 1.310, 322.13, -74.70, 1.315, 322.13, -74.93, 0.007, 142.82, -60.61);
insert into SHOT values (3638, 3647, 3654, 1798, 6.480, 316.53, 86.80, 6.529, 319.03, 85.58, 0.148, 325.36, 15.69);
insert into SHOT values (3639, 3654, 3655, 1798, 0.270, 212.23, -3.70, 0.269, 211.33, -2.13, 0.009, 119.37, 60.20);
insert into SHOT values (3640, 3654, 3656, 1798, 6.710, 106.93, 18.20, 6.714, 106.96, 18.23, 0.006, 150.29, 46.12);
insert into SHOT values (3641, 3654, 3657, 1798, 0.610, 159.43, 79.90, 0.610, 158.20, 79.82, 0.002, 86.33, -12.72);
insert into SHOT values (3642, 3654, 3658, 1798, 3.330, 275.53, 2.50, 3.329, 275.52, 2.58, 0.005, 118.68, 72.24);
insert into SHOT values (3643, 3654, 3659, 1798, 2.270, 282.03, 18.70, 2.328, 283.40, 19.06, 0.079, 329.03, 24.09);
insert into SHOT values (3644, 3659, 3660, 1798, 1.430, 342.63, 2.90, 1.428, 342.45, 2.81, 0.005, 230.35, -26.11);
insert into SHOT values (3645, 3659, 3661, 1798, 3.290, 288.83, 5.30, 3.297, 288.66, 5.40, 0.013, 231.63, 26.88);
insert into SHOT values (3646, 3659, 3662, 1798, 10.720, 354.83, 72.90, 10.724, 354.72, 72.90, 0.007, 276.56, 32.47);
insert into SHOT values (3647, 3659, 3663, 1798, 1.500, 291.23, -75.50, 1.497, 290.38, -75.56, 0.006, 179.27, 20.28);
insert into SHOT values (3648, 3659, 3664, 1798, 4.040, 297.43, 10.80, 4.136, 298.40, 11.15, 0.120, 334.84, 20.93);
insert into SHOT values (3649, 3664, 3665, 1798, 1.570, 27.03, 4.60, 1.565, 27.06, 4.40, 0.007, 197.53, -54.82);
insert into SHOT values (3650, 3664, 3666, 1798, 2.540, 8.93, 38.90, 2.535, 9.03, 38.84, 0.007, 131.94, -50.55);
insert into SHOT values (3651, 3664, 3667, 1798, 8.690, 351.13, 77.00, 8.683, 351.16, 77.00, 0.008, 137.37, -74.76);
insert into SHOT values (3652, 3664, 3668, 1798, 3.600, 340.13, 60.10, 3.600, 340.15, 60.06, 0.002, 356.92, -20.13);
insert into SHOT values (3653, 3664, 3669, 1798, 4.720, 293.33, 1.10, 4.717, 293.36, 1.09, 0.003, 73.94, -10.37);
insert into SHOT values (3654, 3664, 3670, 1798, 3.130, 318.33, -2.40, 3.134, 318.37, -2.56, 0.010, 346.00, -65.77);
insert into SHOT values (3655, 3664, 3671, 1798, 1.440, 331.53, -61.60, 1.443, 331.19, -61.67, 0.005, 239.46, -38.86);
insert into SHOT values (3656, 3664, 3672, 1798, 1.260, 102.93, -78.40, 1.266, 103.50, -78.29, 0.007, 137.07, -51.85);
insert into SHOT values (3657, 3664, 3673, 1798, 1.640, 345.03, -58.10, 1.647, 345.32, -58.19, 0.009, 54.18, -58.42);
insert into SHOT values (3658, 3664, 3674, 1798, 3.850, 122.23, -0.40, 3.851, 122.16, -0.45, 0.006, 45.28, -33.18);
insert into SHOT values (3659, 3664, 3675, 1798, 1.750, 95.13, 1.60, 1.748, 95.25, 1.31, 0.010, 213.26, -64.64);
insert into SHOT values (3660, 3664, 3676, 1798, 5.490, 69.23, 46.90, 5.485, 69.25, 46.82, 0.009, 92.02, -73.42);
insert into SHOT values (3661, 3664, 3677, 1798, 7.890, 39.13, 66.80, 7.887, 39.12, 66.81, 0.003, 238.35, -45.97);
insert into SHOT values (3662, 3664, 3678, 1798, 5.860, 114.03, -58.30, 5.862, 113.98, -58.35, 0.006, 329.88, -42.31);
insert into SHOT values (3663, 3664, 3679, 1798, 5.200, 105.13, -68.30, 5.209, 105.05, -68.30, 0.010, 64.34, -62.55);
insert into SHOT values (3664, 3664, 3680, 1798, 5.690, 286.93, 36.50, 5.769, 288.08, 36.48, 0.122, 342.34, 21.88);
insert into SHOT values (3665, 3680, 3681, 1798, 0.540, 189.93, -2.40, 0.538, 189.64, -2.13, 0.004, 64.80, 37.69);
insert into SHOT values (3666, 3680, 3682, 1798, 2.020, 301.53, -1.80, 2.022, 301.64, -1.98, 0.008, 12.21, -57.34);
insert into SHOT values (3667, 3680, 3683, 1798, 1.240, 22.93, 1.20, 1.241, 23.26, 0.92, 0.009, 104.11, -39.80);
insert into SHOT values (3668, 3680, 3684, 1798, 0.410, 67.03, 12.00, 0.411, 66.61, 11.22, 0.006, 12.09, -55.61);
insert into SHOT values (3669, 3680, 3685, 1798, 2.840, 121.43, -2.40, 2.839, 121.45, -2.42, 0.002, 256.73, -42.90);
insert into SHOT values (3670, 3680, 3686, 1798, 16.130, 137.63, -78.60, 16.128, 137.54, -78.61, 0.006, 15.17, 17.10);
insert into SHOT values (3671, 3680, 3687, 1798, 1.640, 342.13, 36.40, 1.640, 342.39, 36.27, 0.007, 53.98, -27.37);
insert into SHOT values (3672, 3680, 3688, 1798, 2.280, 329.63, 58.30, 2.281, 330.02, 58.25, 0.008, 42.05, 1.02);
insert into SHOT values (3673, 3680, 3689, 1798, 3.240, 279.63, 41.90, 3.233, 279.81, 41.93, 0.011, 49.42, -20.75);
insert into SHOT values (3674, 3680, 3690, 1798, 3.380, 244.83, 67.90, 3.378, 244.85, 67.91, 0.002, 49.34, -54.03);
insert into SHOT values (3675, 3680, 3691, 1798, 5.090, 294.93, 74.20, 5.159, 296.57, 73.64, 0.095, 326.67, 33.60);
insert into SHOT values (3676, 3691, 3692, 1798, 0.470, 208.73, -5.50, 0.473, 209.29, -6.07, 0.007, 272.63, -44.11);
insert into SHOT values (3677, 3691, 3693, 1798, 16.130, 115.93, 6.00, 16.135, 115.94, 5.98, 0.009, 143.61, -45.10);
insert into SHOT values (3678, 3691, 3694, 1798, 1.420, 131.53, 12.00, 1.418, 131.50, 11.80, 0.005, 14.38, -79.44);
insert into SHOT values (3679, 3691, 3695, 1798, 1.440, 242.63, -1.70, 1.441, 242.72, -1.99, 0.008, 313.99, -71.67);
insert into SHOT values (3680, 3691, 3696, 1798, 3.190, 274.03, -7.80, 3.188, 274.00, -7.93, 0.008, 130.11, -63.78);
insert into SHOT values (3681, 3691, 3697, 1798, 4.830, 289.93, -6.00, 4.835, 289.94, -6.05, 0.007, 299.96, -46.54);
insert into SHOT values (3682, 3691, 3698, 1798, 8.440, 200.13, 69.80, 8.445, 200.81, 71.54, 0.258, 12.66, 20.21);
insert into SHOT values (3683, 3698, 3699, 1798, 1.860, 31.73, -8.30, 1.865, 31.71, -8.32, 0.005, 23.20, -16.61);
insert into SHOT values (3684, 3698, 3700, 1798, 1.020, 358.33, -13.10, 1.017, 358.26, -13.07, 0.003, 199.72, 20.17);
insert into SHOT values (3685, 3698, 3701, 1798, 0.550, 312.93, -9.10, 0.552, 312.77, -9.38, 0.004, 272.20, -51.66);
insert into SHOT values (3686, 3698, 3702, 1798, 0.260, 200.53, -10.10, 0.261, 200.56, -11.04, 0.004, 217.44, -85.26);
insert into SHOT values (3687, 3698, 3703, 1798, 0.840, 330.83, 79.30, 0.835, 333.43, 79.19, 0.009, 57.58, -37.15);
insert into SHOT values (3688, 3698, 3704, 1798, 2.920, 276.83, 13.20, 2.970, 278.16, 13.43, 0.084, 332.53, 16.01);
insert into SHOT values (3689, 3704, 3705, 1798, 1.380, 190.33, 1.60, 1.382, 190.01, 1.66, 0.008, 111.41, 10.44);
insert into SHOT values (3690, 3704, 3706, 1798, 2.010, 150.43, -2.90, 2.018, 150.26, -2.84, 0.010, 112.95, 9.38);
insert into SHOT values (3691, 3704, 3707, 1798, 1.670, 117.33, 4.60, 1.674, 117.49, 4.80, 0.008, 167.89, 46.20);
insert into SHOT values (3692, 3704, 3708, 1798, 4.350, 176.03, 69.20, 4.353, 175.91, 69.23, 0.005, 71.99, 46.96);
insert into SHOT values (3693, 3704, 3709, 1798, 0.950, 116.63, -80.10, 0.945, 118.07, -79.64, 0.010, 149.50, 36.63);
insert into SHOT values (3694, 3704, 3710, 1798, 0.420, 23.23, -4.30, 0.417, 24.10, -4.12, 0.007, 135.38, 12.33);
insert into SHOT values (3695, 3704, 3711, 1798, 2.130, 314.33, 17.00, 2.252, 315.00, 17.31, 0.125, 326.88, 22.29);
insert into SHOT values (3696, 3711, 3712, 1798, 0.520, 195.83, -3.60, 0.511, 195.95, -4.49, 0.012, 9.70, -37.96);
insert into SHOT values (3697, 3711, 3713, 1798, 1.680, 297.33, -9.20, 1.681, 297.65, -9.24, 0.009, 20.78, -8.70);
insert into SHOT values (3698, 3711, 3714, 1798, 1.220, 334.03, -78.30, 1.226, 336.50, -78.20, 0.012, 47.70, -25.41);
insert into SHOT values (3699, 3711, 3715, 1798, 0.850, 228.73, 66.60, 0.848, 228.65, 66.88, 0.005, 54.56, -1.14);
insert into SHOT values (3700, 3711, 3716, 1798, 0.690, 294.03, 22.80, 0.687, 294.15, 22.25, 0.008, 44.82, -79.69);
insert into SHOT values (3701, 3711, 3717, 1798, 3.040, 294.03, 23.00, 3.032, 294.09, 22.90, 0.010, 86.29, -53.56);
insert into SHOT values (3702, 3711, 3718, 1798, 1.160, 294.23, 23.00, 1.156, 294.40, 22.90, 0.005, 64.81, -38.45);
insert into SHOT values (3703, 3711, 3719, 1798, 0.410, 191.03, -8.30, 0.401, 190.18, -8.61, 0.011, 42.94, -4.15);
insert into SHOT values (3704, 3711, 3720, 1798, 1.220, 338.43, -86.50, 1.222, 344.05, -86.59, 0.008, 84.31, -17.06);
insert into SHOT values (3705, 3711, 3721, 1798, 2.540, 241.43, 78.30, 2.532, 241.93, 78.38, 0.010, 20.59, -46.99);
insert into SHOT values (3706, 3711, 3722, 1798, 6.440, 294.13, -10.70, 6.506, 295.52, -10.09, 0.182, 358.34, 17.86);
insert into SHOT values (3707, 3722, 3723, 1798, 2.130, 66.43, 3.30, 2.131, 66.45, 3.23, 0.003, 104.30, -70.34);
insert into SHOT values (3708, 3722, 3724, 1798, 3.920, 111.83, 3.10, 3.918, 111.91, 3.07, 0.006, 219.16, -19.65);
insert into SHOT values (3709, 3722, 3725, 1798, 3.180, 155.33, 3.90, 3.185, 155.45, 3.96, 0.009, 210.86, 24.83);
insert into SHOT values (3710, 3722, 3726, 1798, 1.900, 183.23, 8.10, 1.902, 183.35, 8.16, 0.005, 243.69, 27.51);
insert into SHOT values (3711, 3722, 3727, 1798, 0.900, 199.03, 12.10, 0.909, 199.05, 12.07, 0.009, 200.50, 8.83);
insert into SHOT values (3712, 3722, 3728, 1798, 0.630, 215.23, 24.20, 0.636, 215.88, 24.14, 0.009, 265.78, 11.60);
insert into SHOT values (3713, 3722, 3729, 1798, 2.230, 129.63, -45.90, 2.226, 129.76, -45.95, 0.005, 268.71, 15.31);
insert into SHOT values (3714, 3722, 3730, 1798, 8.660, 49.03, 82.60, 8.662, 49.01, 82.62, 0.003, 239.85, 40.00);
insert into SHOT values (3715, 3722, 3731, 1798, 9.120, 110.23, 70.40, 9.119, 110.27, 70.40, 0.003, 195.42, -36.95);
insert into SHOT values (3716, 3722, 3732, 1798, 6.400, 120.43, 67.90, 6.415, 119.47, 69.02, 0.132, 319.66, 27.12);
insert into SHOT values (3717, 3732, 3733, 1798, 2.070, 43.03, -0.30, 2.066, 43.04, -0.28, 0.004, 219.80, 11.79);
insert into SHOT values (3718, 3732, 3734, 1798, 2.460, 12.13, -2.40, 2.458, 12.23, -2.56, 0.008, 130.61, -57.06);
insert into SHOT values (3719, 3732, 3735, 1798, 2.630, 66.43, -2.40, 2.631, 66.46, -2.40, 0.002, 113.17, 4.70);
insert into SHOT values (3720, 3732, 3736, 1798, 7.770, 51.43, -75.80, 7.777, 51.39, -75.81, 0.008, 350.71, -76.90);
insert into SHOT values (3721, 3732, 3737, 1798, 1.580, 323.63, 81.00, 1.580, 323.13, 80.90, 0.004, 285.82, -8.71);
insert into SHOT values (3722, 3732, 3738, 1798, 0.970, 261.33, 0.40, 0.972, 261.12, 0.00, 0.008, 196.08, -59.58);
insert into SHOT values (3723, 3732, 3739, 1798, 0.970, 294.23, -3.90, 0.969, 294.44, -4.14, 0.005, 41.60, -47.09);
insert into SHOT values (3724, 3732, 3740, 1798, 1.410, 222.03, -6.30, 1.411, 222.11, -6.51, 0.006, 300.85, -70.13);
insert into SHOT values (3725, 3732, 3741, 1798, 1.030, 241.03, 3.40, 1.031, 240.95, 3.34, 0.002, 192.39, -27.55);
insert into SHOT values (3726, 3732, 3742, 1798, 3.990, 231.33, 39.30, 3.960, 232.37, 40.08, 0.083, 7.74, 15.94);
insert into SHOT values (3727, 3742, 3743, 1798, 2.050, 77.33, -9.80, 2.049, 77.41, -9.84, 0.003, 196.96, -18.86);
insert into SHOT values (3728, 3742, 3744, 1798, 2.290, 43.43, -3.70, 2.290, 43.40, -3.76, 0.003, 294.61, -61.71);
insert into SHOT values (3729, 3742, 3745, 1798, 2.560, 285.23, 15.60, 2.559, 285.28, 15.41, 0.009, 336.95, -74.31);
insert into SHOT values (3730, 3742, 3746, 1798, 1.320, 328.83, 9.40, 1.327, 328.74, 9.11, 0.010, 313.46, -34.00);
insert into SHOT values (3731, 3742, 3747, 1798, 1.490, 291.53, -71.40, 1.500, 291.80, -71.15, 0.012, 305.13, -38.95);
insert into SHOT values (3732, 3742, 3748, 1798, 7.320, 282.33, 72.50, 7.379, 283.49, 72.06, 0.093, 315.12, 24.66);
insert into SHOT values (3733, 3748, 3749, 1798, 0.320, 91.83, -1.40, 0.320, 91.79, -1.79, 0.002, 48.56, -81.00);
insert into SHOT values (3734, 3748, 3750, 1798, 0.570, 266.93, 25.30, 0.564, 267.75, 25.18, 0.010, 31.20, -22.08);
insert into SHOT values (3735, 3748, 3751, 1798, 1.470, 181.33, 29.40, 1.469, 181.34, 29.35, 0.002, 326.62, -76.04);
insert into SHOT values (3736, 3748, 3752, 1798, 2.100, 198.73, 74.10, 2.099, 198.43, 74.26, 0.007, 44.53, 2.89);
insert into SHOT values (3737, 3748, 3753, 1798, 0.960, 333.83, 3.30, 0.959, 333.97, 3.59, 0.005, 93.84, 60.66);
insert into SHOT values (3738, 3748, 3754, 1798, 1.460, 311.53, 6.80, 1.455, 311.63, 6.71, 0.006, 103.23, -28.06);
insert into SHOT values (3739, 3748, 3755, 1798, 2.930, 290.63, 19.00, 2.931, 290.73, 19.12, 0.008, 35.15, 52.58);
insert into SHOT values (3740, 3748, 3756, 1798, 0.580, 290.73, 18.80, 0.580, 291.41, 19.13, 0.007, 31.87, 24.95);
insert into SHOT values (3741, 3748, 3757, 1798, 2.950, 290.33, 19.00, 2.945, 290.39, 19.02, 0.006, 81.46, -4.39);
insert into SHOT values (3742, 3748, 3758, 1798, 0.350, 173.73, 4.40, 0.344, 173.29, 5.01, 0.008, 15.45, 23.79);
insert into SHOT values (3743, 3748, 3759, 1798, 0.350, 344.63, -1.90, 0.352, 345.17, -1.63, 0.004, 45.04, 22.78);
insert into SHOT values (3744, 3748, 3760, 1798, 1.390, 349.43, -78.60, 1.387, 349.51, -78.59, 0.003, 102.21, 81.26);
insert into SHOT values (3745, 3748, 3761, 1798, 1.230, 264.53, 79.20, 1.232, 265.03, 79.20, 0.003, 343.80, 41.18);
insert into SHOT values (3746, 3748, 3762, 1798, 4.170, 272.43, 38.20, 4.219, 273.81, 38.39, 0.094, 342.23, 25.89);
insert into SHOT values (3747, 3762, 3763, 1798, 0.740, 1.23, -2.80, 0.731, 1.57, -2.35, 0.012, 155.35, 31.99);
insert into SHOT values (3748, 3762, 3764, 1798, 2.360, 315.23, 4.50, 2.362, 315.17, 4.61, 0.006, 263.45, 56.91);
insert into SHOT values (3749, 3762, 3765, 1798, 3.150, 287.53, 6.90, 3.148, 287.51, 6.93, 0.003, 136.81, 29.23);
insert into SHOT values (3750, 3762, 3766, 1798, 2.510, 107.93, -9.80, 2.508, 108.14, -9.64, 0.012, 200.82, 38.58);
insert into SHOT values (3751, 3762, 3767, 1798, 14.660, 352.73, 82.30, 14.661, 352.66, 82.33, 0.009, 190.15, 14.28);
insert into SHOT values (3752, 3762, 3768, 1798, 6.390, 310.83, 33.00, 6.385, 310.83, 33.03, 0.006, 129.82, -2.21);
insert into SHOT values (3753, 3762, 3769, 1798, 8.140, 318.63, 50.00, 8.141, 318.57, 50.04, 0.008, 196.80, 31.96);
insert into SHOT values (3754, 3762, 3770, 1798, 5.380, 324.63, 40.50, 5.512, 325.14, 40.09, 0.142, 341.27, 23.15);
insert into SHOT values (3755, 3770, 3771, 1798, 1.170, 178.63, 0.20, 1.170, 178.53, 0.00, 0.005, 99.32, -62.77);
insert into SHOT values (3756, 3770, 3772, 1798, 2.130, 181.43, -86.80, 2.133, 180.00, -86.78, 0.005, 110.94, -46.22);
insert into SHOT values (3757, 3770, 3773, 1798, 9.060, 290.93, 82.70, 9.053, 290.97, 82.73, 0.008, 103.81, -50.63);
insert into SHOT values (3758, 3770, 3774, 1798, 6.230, 121.03, -1.70, 6.233, 121.01, -1.75, 0.007, 85.94, -52.20);
insert into SHOT values (3759, 3770, 3775, 1798, 7.960, 296.93, 75.30, 8.022, 298.12, 74.51, 0.134, 316.85, 13.19);
insert into SHOT values (3760, 3775, 3776, 1798, 0.420, 42.83, -2.50, 0.418, 42.09, -1.37, 0.010, 293.48, 55.39);
insert into SHOT values (3761, 3775, 3777, 1798, 3.700, 27.13, -87.80, 3.693, 24.78, -87.78, 0.009, 306.98, 50.59);
insert into SHOT values (3762, 3775, 3778, 1798, 1.260, 261.03, -31.30, 1.263, 260.97, -30.96, 0.008, 251.57, 33.67);
insert into SHOT values (3763, 3775, 3779, 1798, 4.600, 256.63, 76.60, 4.606, 256.48, 76.57, 0.007, 218.83, 49.08);
insert into SHOT values (3764, 3775, 3780, 1798, 3.100, 232.73, 69.00, 3.123, 234.40, 69.73, 0.056, 5.49, 39.91);
insert into SHOT values (3765, 3780, 3781, 1798, 0.410, 292.53, 4.00, 0.413, 292.83, 4.16, 0.004, 325.81, 19.51);
insert into SHOT values (3766, 3780, 3782, 1798, 0.720, 238.23, 80.40, 0.721, 241.39, 79.99, 0.009, 292.11, 0.56);
insert into SHOT values (3767, 3780, 3783, 1798, 1.620, 152.53, -61.00, 1.619, 152.45, -61.27, 0.008, 341.75, -23.35);
insert into SHOT values (3768, 3780, 3784, 1798, 5.020, 213.33, 23.00, 4.941, 214.36, 23.88, 0.137, 355.27, 16.36);
insert into SHOT values (3769, 3784, 3785, 1798, 1.300, 311.93, -2.10, 1.297, 312.18, -2.21, 0.007, 73.99, -19.36);
insert into SHOT values (3770, 3784, 3786, 1798, 1.650, 331.03, -0.20, 1.647, 330.95, -0.35, 0.006, 193.91, -49.11);
insert into SHOT values (3771, 3784, 3787, 1798, 1.880, 354.13, 1.00, 1.880, 354.20, 0.91, 0.004, 86.44, -52.32);
insert into SHOT values (3772, 3784, 3788, 1798, 1.170, 35.33, 1.90, 1.169, 35.59, 1.47, 0.010, 136.74, -58.17);
insert into SHOT values (3773, 3784, 3789, 1798, 0.520, 92.43, 1.10, 0.520, 92.20, 1.10, 0.002, 15.29, 0.46);
insert into SHOT values (3774, 3784, 3790, 1798, 1.670, 285.13, -22.00, 1.666, 285.03, -22.21, 0.008, 131.79, -34.92);
insert into SHOT values (3775, 3784, 3791, 1798, 4.200, 333.13, 76.50, 4.197, 333.43, 76.44, 0.007, 30.05, -32.51);
insert into SHOT values (3776, 3784, 3792, 1798, 3.730, 33.33, -34.70, 3.735, 33.43, -34.78, 0.008, 113.44, -50.83);
insert into SHOT values (3777, 3784, 3793, 1798, 7.310, 281.73, 69.50, 7.370, 283.03, 69.20, 0.092, 327.96, 27.65);
insert into SHOT values (3778, 3793, 3794, 1798, 0.760, 221.83, 0.00, 0.765, 221.82, 0.00, 0.005, 219.92, 0.00);
insert into SHOT values (3779, 3793, 3795, 1798, 2.880, 273.23, -0.50, 2.885, 273.18, -0.60, 0.007, 243.09, -42.78);
insert into SHOT values (3780, 3793, 3796, 1798, 2.430, 265.23, -50.00, 2.431, 265.24, -49.92, 0.004, 267.08, 23.42);
insert into SHOT values (3781, 3793, 3797, 1798, 3.390, 149.33, -5.40, 3.395, 149.41, -5.41, 0.007, 191.38, -7.69);
insert into SHOT values (3782, 3793, 3798, 1798, 1.780, 173.03, -5.90, 1.783, 173.20, -6.12, 0.009, 242.38, -52.45);
insert into SHOT values (3783, 3793, 3799, 1798, 4.960, 223.83, 85.00, 4.959, 224.06, 85.01, 0.002, 341.52, -30.09);
insert into SHOT values (3784, 3793, 3800, 1798, 3.140, 285.33, 26.10, 3.219, 286.49, 26.18, 0.098, 325.80, 23.22);
insert into SHOT values (3785, 3800, 3801, 1798, 1.110, 95.43, -5.30, 1.120, 95.66, -5.12, 0.011, 118.93, 12.85);
insert into SHOT values (3786, 3800, 3802, 1798, 0.670, 52.93, 7.70, 0.670, 52.96, 7.72, 0.000, 134.33, 37.80);
insert into SHOT values (3787, 3800, 3803, 1798, 1.410, 289.33, -2.50, 1.399, 289.21, -2.46, 0.011, 124.45, 7.65);
insert into SHOT values (3788, 3800, 3804, 1798, 0.160, 319.53, -2.80, 0.157, 320.19, -3.66, 0.005, 112.99, -28.40);
insert into SHOT values (3789, 3800, 3805, 1798, 0.770, 317.73, -4.30, 0.760, 317.68, -4.53, 0.011, 141.87, -12.26);
insert into SHOT values (3790, 3800, 3806, 1798, 3.220, 24.53, -86.90, 3.224, 28.07, -86.98, 0.012, 137.54, -22.45);
insert into SHOT values (3791, 3800, 3807, 1798, 3.220, 147.33, 87.30, 3.214, 145.30, 87.18, 0.011, 105.87, -37.25);
insert into SHOT values (3792, 3800, 3808, 1798, 7.370, 291.83, 83.50, 7.429, 294.09, 82.80, 0.113, 312.71, 24.74);
insert into SHOT values (3793, 3808, 3809, 1798, 0.340, 17.53, -41.70, 0.340, 16.26, -42.61, 0.008, 252.31, -29.36);
insert into SHOT values (3794, 3808, 3810, 1798, 0.760, 219.23, -38.00, 0.766, 218.96, -37.87, 0.007, 191.33, -18.61);
insert into SHOT values (3795, 3808, 3811, 1798, 12.120, 128.33, -47.20, 12.127, 128.34, -47.22, 0.008, 171.63, -70.06);
insert into SHOT values (3796, 3808, 3812, 1798, 1.840, 125.83, -58.70, 1.845, 126.03, -58.93, 0.009, 265.50, -57.28);
insert into SHOT values (3797, 3808, 3813, 1798, 4.600, 140.43, -70.90, 4.601, 140.68, -70.98, 0.009, 272.08, -20.18);
insert into SHOT values (3798, 3808, 3814, 1798, 4.990, 283.93, -39.10, 4.992, 283.89, -39.12, 0.004, 211.24, -46.26);
insert into SHOT values (3799, 3808, 3815, 1798, 4.990, 282.53, -40.80, 4.998, 282.53, -40.86, 0.010, 277.47, -74.49);
insert into SHOT values (3800, 3808, 3816, 1798, 0.810, 260.13, 4.50, 0.814, 260.07, 4.23, 0.006, 250.02, -36.92);
insert into SHOT values (3801, 3808, 3817, 1798, 2.200, 305.73, 26.30, 2.204, 305.54, 26.12, 0.010, 258.67, -27.39);
insert into SHOT values (3802, 3808, 3818, 1798, 4.520, 292.03, 20.80, 4.607, 293.11, 20.85, 0.119, 337.64, 17.11);
insert into SHOT values (3803, 3818, 3819, 1798, 0.500, 198.43, 7.20, 0.501, 198.80, 8.03, 0.008, 280.92, 66.34);
insert into SHOT values (3804, 3818, 3820, 1798, 3.810, 350.83, -83.70, 3.803, 350.31, -83.72, 0.008, 230.97, 58.04);
insert into SHOT values (3805, 3818, 3821, 1798, 2.420, 242.93, 85.10, 2.419, 240.95, 85.12, 0.007, 145.59, -9.12);
insert into SHOT values (3806, 3818, 3822, 1798, 2.870, 301.43, 12.40, 2.971, 302.32, 12.64, 0.111, 326.56, 17.68);
insert into SHOT values (3807, 3822, 3823, 1798, 0.440, 183.33, 2.90, 0.441, 182.60, 3.90, 0.010, 103.26, 53.65);
insert into SHOT values (3808, 3822, 3824, 1798, 2.520, 322.43, -87.70, 2.512, 323.13, -87.72, 0.008, 95.53, 78.18);
insert into SHOT values (3809, 3822, 3825, 1798, 4.500, 303.03, 85.70, 4.502, 302.74, 85.76, 0.006, 143.84, 28.76);
insert into SHOT values (3810, 3822, 3826, 1798, 2.320, 290.83, 3.60, 2.315, 290.79, 3.71, 0.007, 130.35, 39.13);
insert into SHOT values (3811, 3822, 3827, 1798, 3.110, 302.43, 38.60, 3.107, 302.38, 38.63, 0.004, 157.79, -4.02);
insert into SHOT values (3812, 3822, 3828, 1798, 3.860, 298.13, 47.00, 3.864, 298.12, 47.09, 0.007, 129.69, 74.27);
insert into SHOT values (3813, 3822, 3829, 1798, 4.730, 295.43, 52.40, 4.817, 296.48, 52.08, 0.106, 331.55, 29.78);
insert into SHOT values (3814, 3829, 3830, 1798, 0.350, 76.73, 10.40, 0.356, 76.76, 11.33, 0.008, 78.62, 53.54);
insert into SHOT values (3815, 3829, 3831, 1798, 0.460, 124.03, 6.90, 0.459, 123.34, 7.51, 0.007, 15.51, 39.29);
insert into SHOT values (3816, 3829, 3832, 1798, 3.740, 134.73, -77.30, 3.733, 134.51, -77.19, 0.010, 102.65, 54.62);
insert into SHOT values (3817, 3829, 3833, 1798, 1.080, 308.93, -18.30, 1.075, 309.45, -17.88, 0.013, 53.49, 43.82);
insert into SHOT values (3818, 3829, 3834, 1798, 1.060, 300.73, -49.40, 1.054, 300.68, -49.39, 0.006, 130.52, 51.25);
insert into SHOT values (3819, 3829, 3835, 1798, 2.370, 344.63, 35.50, 2.521, 344.82, 35.12, 0.152, 347.52, 29.06);
insert into SHOT values (3820, 3835, 3836, 1798, 0.400, 236.93, -3.00, 0.397, 236.31, -2.89, 0.005, 113.31, 10.24);
insert into SHOT values (3821, 3835, 3837, 1798, 1.280, 300.73, 75.50, 1.279, 300.65, 75.80, 0.007, 124.59, 6.61);
insert into SHOT values (3822, 3835, 3838, 1798, 0.960, 345.13, -85.70, 0.963, 351.87, -85.79, 0.009, 87.09, -17.68);
insert into SHOT values (3823, 3835, 3839, 1798, 3.750, 316.13, 23.40, 3.878, 316.94, 23.40, 0.137, 339.26, 21.75);
insert into SHOT values (3824, 3839, 3840, 1798, 0.300, 17.23, -0.30, 0.294, 17.82, 0.00, 0.007, 170.21, 13.34);
insert into SHOT values (3825, 3839, 3841, 1798, 0.670, 322.73, -65.90, 0.667, 321.01, -66.11, 0.009, 209.32, 10.24);
insert into SHOT values (3826, 3839, 3842, 1798, 0.520, 3.33, 76.70, 0.522, 5.19, 77.78, 0.011, 162.08, 21.73);
insert into SHOT values (3827, 3839, 3843, 1798, 3.150, 312.33, 25.40, 3.272, 313.08, 25.33, 0.128, 331.45, 22.47);
insert into SHOT values (3828, 3843, 3844, 1798, 0.440, 191.03, 3.20, 0.438, 190.54, 3.92, 0.007, 73.63, 52.06);
insert into SHOT values (3829, 3843, 3845, 1798, 0.820, 190.73, -74.40, 0.821, 190.30, -74.20, 0.004, 162.34, -3.37);
insert into SHOT values (3830, 3843, 3846, 1798, 0.890, 227.03, 69.20, 0.889, 226.27, 69.02, 0.005, 164.62, -22.74);
insert into SHOT values (3831, 3843, 3847, 1798, 3.510, 306.83, 17.00, 3.620, 307.60, 17.19, 0.120, 331.37, 21.45);
insert into SHOT values (3832, 3847, 3848, 1798, 0.370, 49.33, -10.30, 0.375, 49.40, -10.75, 0.006, 54.48, -38.90);
insert into SHOT values (3833, 3847, 3849, 1798, 0.460, 62.83, 67.80, 0.466, 63.43, 67.41, 0.007, 83.20, 37.17);
insert into SHOT values (3834, 3847, 3850, 1798, 0.830, 162.43, -85.90, 0.832, 158.20, -86.29, 0.007, 17.62, -17.11);
insert into SHOT values (3835, 3847, 3851, 1798, 2.970, 289.83, 23.20, 2.973, 289.89, 23.18, 0.004, 331.70, -0.10);
insert into SHOT values (3836, 3847, 3852, 1798, 2.320, 296.43, 24.50, 2.417, 297.61, 24.44, 0.107, 323.41, 20.77);
insert into SHOT values (3837, 3852, 3853, 1798, 0.930, 231.13, 4.80, 0.928, 231.15, 4.95, 0.003, 45.09, 44.78);
insert into SHOT values (3838, 3852, 3854, 1798, 0.380, 279.23, 1.10, 0.375, 279.21, 1.53, 0.006, 100.80, 27.95);
insert into SHOT values (3839, 3852, 3855, 1798, 0.660, 280.23, -60.00, 0.656, 280.62, -60.27, 0.005, 73.82, 17.68);
insert into SHOT values (3840, 3852, 3856, 1798, 11.960, 282.83, 68.10, 11.963, 282.82, 68.10, 0.003, 212.14, 73.63);
insert into SHOT values (3841, 3852, 3857, 1798, 4.430, 264.53, 56.20, 4.477, 265.83, 56.42, 0.075, 342.94, 40.36);
insert into SHOT values (3842, 3857, 3858, 1798, 2.150, 316.13, 7.60, 2.149, 316.33, 7.76, 0.010, 62.34, 36.14);
insert into SHOT values (3843, 3857, 3859, 1798, 1.430, 2.33, 3.20, 1.433, 2.40, 3.20, 0.004, 29.06, 2.57);
insert into SHOT values (3844, 3857, 3860, 1798, 2.220, 87.73, 5.10, 2.221, 87.67, 5.17, 0.004, 11.73, 46.05);
insert into SHOT values (3845, 3857, 3861, 1798, 3.410, 152.33, 4.60, 3.410, 152.30, 4.54, 0.004, 78.07, -63.57);
insert into SHOT values (3846, 3857, 3862, 1798, 4.340, 174.23, 3.80, 4.342, 174.17, 3.83, 0.006, 106.94, 25.25);
insert into SHOT values (3847, 3857, 3863, 1798, 3.120, 151.33, -2.90, 3.119, 151.21, -2.94, 0.007, 51.99, -18.17);
insert into SHOT values (3848, 3857, 3864, 1798, 2.290, 165.53, -5.00, 2.291, 165.54, -5.01, 0.001, 176.91, -21.33);
insert into SHOT values (3849, 3857, 3865, 1798, 2.170, 186.03, -1.10, 2.172, 185.82, -1.06, 0.009, 106.78, 11.22);
insert into SHOT values (3850, 3857, 3866, 1798, 1.780, 207.83, -2.70, 1.778, 207.86, -2.58, 0.005, 3.26, 58.68);
insert into SHOT values (3851, 3857, 3867, 1798, 3.090, 129.53, -50.70, 3.087, 129.39, -50.73, 0.006, 5.16, 11.42);
insert into SHOT values (3852, 3857, 3868, 1798, 15.840, 157.13, 83.20, 15.842, 157.12, 83.19, 0.003, 148.33, 32.74);
insert into SHOT values (3853, 3857, 3869, 1798, 6.530, 136.93, 50.80, 6.528, 136.87, 50.82, 0.005, 18.76, -4.13);
insert into SHOT values (3854, 3857, 3870, 1798, 11.740, 103.43, 74.70, 11.738, 103.41, 74.66, 0.008, 93.13, -29.56);
insert into SHOT values (3855, 3857, 3871, 1798, 9.900, 201.93, 73.30, 9.917, 202.60, 75.26, 0.340, 16.68, 18.44);
insert into SHOT values (3856, 3871, 3872, 1798, 2.060, 320.33, 4.30, 2.058, 320.34, 4.18, 0.005, 134.43, -68.30);
insert into SHOT values (3857, 3871, 3873, 1798, 2.460, 348.03, 2.40, 2.465, 348.05, 2.32, 0.006, 356.50, -28.33);
insert into SHOT values (3858, 3871, 3874, 1798, 4.080, 11.83, -6.60, 4.083, 11.81, -6.61, 0.003, 341.58, -17.62);
insert into SHOT values (3859, 3871, 3875, 1798, 4.720, 70.43, -0.60, 4.722, 70.45, -0.61, 0.003, 104.55, -11.05);
insert into SHOT values (3860, 3871, 3876, 1798, 6.690, 46.63, 59.80, 6.689, 46.68, 59.78, 0.004, 102.60, -28.28);
insert into SHOT values (3861, 3871, 3877, 1798, 8.410, 54.73, 88.00, 8.461, 50.71, 87.11, 0.143, 41.95, 18.46);
insert into SHOT values (3862, 3877, 3878, 1798, 1.890, 52.73, -8.00, 1.880, 52.64, -7.95, 0.010, 250.58, 16.86);
insert into SHOT values (3863, 3877, 3879, 1798, 0.980, 353.23, 4.00, 0.980, 352.95, 4.10, 0.005, 260.52, 18.63);
insert into SHOT values (3864, 3877, 3880, 1798, 0.910, 252.73, 18.90, 0.917, 253.24, 19.09, 0.011, 305.24, 28.53);
insert into SHOT values (3865, 3877, 3881, 1798, 1.310, 286.53, 13.50, 1.319, 286.31, 13.60, 0.010, 254.42, 24.49);
insert into SHOT values (3866, 3877, 3882, 1798, 1.230, 255.33, -34.40, 1.234, 255.28, -33.98, 0.010, 249.76, 29.37);
insert into SHOT values (3867, 3877, 3883, 1798, 2.720, 264.63, 47.00, 2.722, 264.75, 46.97, 0.005, 318.74, 8.69);
insert into SHOT values (3868, 3877, 3884, 1798, 3.290, 286.23, 54.60, 3.369, 287.51, 54.41, 0.091, 324.97, 39.79);
insert into SHOT values (3869, 3884, 3885, 1798, 1.180, 154.23, 20.30, 1.183, 154.36, 20.29, 0.004, 198.43, 9.93);
insert into SHOT values (3870, 3884, 3886, 1798, 0.320, 6.93, 27.00, 0.314, 6.12, 26.43, 0.008, 235.46, -44.57);
insert into SHOT values (3871, 3884, 3887, 1798, 0.800, 117.43, 2.30, 0.801, 117.53, 2.15, 0.003, 163.11, -49.24);
insert into SHOT values (3872, 3884, 3888, 1798, 1.470, 105.83, -78.80, 1.467, 106.50, -78.94, 0.006, 245.87, 21.29);
insert into SHOT values (3873, 3884, 3889, 1798, 0.850, 44.43, 88.00, 0.850, 45.00, 88.09, 0.002, 212.97, 20.17);
insert into SHOT values (3874, 3884, 3890, 1798, 1.330, 255.53, 81.70, 1.375, 267.14, 81.62, 0.060, 339.63, 47.33);
insert into SHOT values (3875, 3890, 3891, 1798, 0.500, 17.73, -3.50, 0.497, 18.80, -3.46, 0.010, 123.81, 3.12);
insert into SHOT values (3876, 3890, 3892, 1798, 0.570, 319.73, -6.80, 0.565, 320.06, -7.11, 0.007, 107.77, -22.28);
insert into SHOT values (3877, 3890, 3893, 1798, 0.840, 253.53, -5.00, 0.838, 253.30, -4.79, 0.005, 138.37, 40.73);
insert into SHOT values (3878, 3890, 3894, 1798, 1.200, 190.73, -2.20, 1.201, 190.56, -2.39, 0.005, 119.40, -46.09);
insert into SHOT values (3879, 3890, 3895, 1798, 2.270, 335.43, 28.20, 2.416, 335.96, 27.89, 0.148, 343.68, 22.85);
insert into SHOT values (3880, 3895, 3896, 1798, 0.770, 226.93, 6.80, 0.776, 226.58, 6.66, 0.008, 190.31, -8.30);
insert into SHOT values (3881, 3895, 3897, 1798, 0.480, 357.43, -85.00, 0.472, 0.00, -85.14, 0.009, 133.73, 72.40);
insert into SHOT values (3882, 3895, 3898, 1798, 0.700, 99.43, -25.00, 0.702, 99.90, -24.39, 0.009, 145.39, 38.52);
insert into SHOT values (3883, 3895, 3899, 1798, 0.250, 31.73, 71.70, 0.251, 33.69, 73.28, 0.007, 190.77, 21.01);
insert into SHOT values (3884, 3895, 3900, 1798, 2.770, 23.23, -20.30, 2.864, 22.67, -19.58, 0.104, 8.42, 0.56);
insert into SCRAPS values (1800, 1794, 'SP-Valombre-1', 1, 29.14879, 1.92885);
 insert into SCRAPS values (1836, 1794, 'SP-Valombre-3', 1, 25.67989, 2.29957);
 insert into SCRAPS values (1858, 1794, 'SP-Valombre-4', 1, 45.45636, 3.25212);
 insert into SCRAPS values (1876, 1794, 'SP-Valombre-5', 1, 54.24414, 3.75791);
 insert into SCRAPS values (1889, 1794, 'SP-Valombre-8', 1, 3.75375, 0.66043);
 insert into SCRAPS values (1903, 1794, 'SP-Valombre-9', 1, 6.64927, 0.63566);
 insert into SCRAPS values (1918, 1794, 'SP-Valombre-10', 1, 18.22649, 1.29314);
 insert into SCRAPS values (1933, 1794, 'SP-Valombre-11', 1, 8.60807, 0.54955);
 insert into SCRAPS values (1953, 1794, 'SP-Valombre-12', 1, 47.47284, 3.13823);
 insert into SCRAPS values (1968, 1794, 'SP-Valombre-6', 1, 11.63265, 0.44875);
 insert into SCRAPS values (1988, 1794, 'SP-Valombre-2', 1, 18.21080, 1.20014);
 insert into SCRAPS values (2020, 1794, 'SP-Valombre-7', 1, 3.59896, 0.81612);
 insert into SCRAPS values (2034, 1794, 'SC-Valombre-1', 2, 27.08849, 0.43319);
 insert into SCRAPS values (2114, 1794, 'SC-Valombre-2', 2, 98.60263, 0.83009);
 insert into MAPS values (2208, 1794, 'MP-Valombre-plan-tot', 'Valombre', 1, 520.000, -333.480);
 insert into MAPITEMS values (2208, 4, 1800);
 insert into MAPITEMS values (2208, 4, 1988);
 insert into MAPITEMS values (2208, 4, 1836);
 insert into MAPITEMS values (2208, 4, 1858);
 insert into MAPITEMS values (2208, 4, 1876);
 insert into MAPITEMS values (2208, 4, 1968);
 insert into MAPITEMS values (2208, 4, 2020);
 insert into MAPITEMS values (2208, 4, 1889);
 insert into MAPITEMS values (2208, 4, 1903);
 insert into MAPITEMS values (2208, 4, 1918);
 insert into MAPITEMS values (2208, 4, 1933);
 insert into MAPITEMS values (2208, 4, 1953);
 insert into MAPS values (2209, 1794, 'MC-Valombre-coupe-tot', 'Valombre', 2, 520.000, -333.480);
 insert into MAPITEMS values (2209, 4, 2034);
 insert into MAPITEMS values (2209, 4, 2114);
 insert into SURVEY values (2211, 53, 'Corneilles', 'Corneilles.Ded.Ded', 'Corneilles');
 insert into CENTRELINE values (2212, 2211, NULL, NULL, NULL, 0.00, 0.00, 0.00);
 insert into SURVEY values (2213, 2211, 'Corneilles', 'Corneilles.Corneilles.Ded.Ded', 'Corneilles');
 insert into CENTRELINE values (2214, 2213, NULL, NULL, NULL, 0.00, 0.00, 0.00);
 insert into CENTRELINE values (2215, 2213, NULL, '2022-04-17', NULL, 70.80, 0.00, 0.00);
 insert into TOPO values (2, 2215);
 insert into TOPO values (33, 2215);
 insert into SHOT values (3885, 3901, 3902, 2215, 1.550, 147.63, -85.40, 1.555, 145.01, -85.50, 0.008, 34.62, -39.46);
insert into SHOT values (3886, 3901, 3903, 2215, 2.770, 114.43, -73.60, 2.772, 114.26, -73.68, 0.005, 329.04, -33.89);
insert into SHOT values (3887, 3901, 3904, 2215, 2.910, 137.03, -79.60, 2.908, 136.55, -79.63, 0.005, 23.88, 24.64);
insert into SHOT values (3888, 3901, 3905, 2215, 0.230, 338.13, -18.70, 0.230, 338.20, -20.37, 0.007, 152.06, -68.50);
insert into SHOT values (3889, 3901, 3906, 2215, 0.430, 274.43, -8.50, 0.427, 274.09, -9.44, 0.008, 125.36, -52.67);
insert into SHOT values (3890, 3901, 3907, 2215, 0.510, 69.23, -14.60, 0.511, 68.63, -14.74, 0.005, 343.70, -15.56);
insert into SHOT values (3891, 3901, 3908, 2215, 0.920, 335.73, 40.60, 0.924, 335.62, 40.49, 0.004, 318.21, 16.65);
insert into SHOT values (3892, 3908, 3909, 2215, 0.230, 126.63, 17.30, 0.233, 125.84, 17.50, 0.004, 74.90, 22.32);
insert into SHOT values (3893, 3908, 3910, 2215, 2.100, 281.93, 62.90, 2.098, 282.14, 63.04, 0.006, 69.33, 4.94);
insert into SHOT values (3894, 3908, 3911, 2215, 0.900, 222.63, 8.50, 0.901, 222.27, 8.29, 0.007, 150.95, -27.45);
insert into SHOT values (3895, 3908, 3912, 2215, 0.660, 110.03, -60.20, 0.667, 109.54, -60.44, 0.008, 38.10, -67.76);
insert into SHOT values (3896, 3908, 3913, 2215, 1.880, 56.83, -2.50, 1.880, 56.73, -2.74, 0.009, 317.78, -68.24);
insert into SHOT values (3897, 3908, 3914, 2215, 1.490, 57.03, -2.50, 1.491, 57.06, -2.69, 0.005, 95.03, -76.95);
insert into SHOT values (3898, 3908, 3915, 2215, 1.490, 56.93, -2.50, 1.491, 57.06, -2.69, 0.006, 131.56, -55.53);
insert into SHOT values (3899, 3915, 3916, 2215, 0.380, 217.93, 44.50, 0.382, 218.99, 44.98, 0.006, 318.08, 35.70);
insert into SHOT values (3900, 3915, 3917, 2215, 0.560, 324.53, 61.30, 0.560, 323.97, 60.96, 0.004, 284.00, -16.46);
insert into SHOT values (3901, 3915, 3918, 2215, 0.170, 22.83, 13.30, 0.166, 21.80, 13.91, 0.005, 239.36, 10.38);
insert into SHOT values (3902, 3915, 3919, 2215, 3.480, 22.53, 13.50, 3.485, 22.55, 13.44, 0.006, 38.22, -23.13);
insert into SHOT values (3903, 3919, 3920, 2215, 12.060, 272.13, 77.80, 12.063, 272.02, 77.79, 0.006, 214.16, 22.64);
insert into SHOT values (3904, 3919, 3921, 2215, 2.900, 264.83, 1.20, 2.902, 264.86, 1.18, 0.003, 298.13, -14.87);
insert into SHOT values (3905, 3919, 3922, 2215, 2.150, 248.13, -1.50, 2.155, 248.20, -1.33, 0.008, 276.62, 48.98);
insert into SHOT values (3906, 3919, 3923, 2215, 4.070, 222.03, -4.40, 4.076, 222.01, -4.36, 0.007, 208.72, 19.06);
insert into SHOT values (3907, 3919, 3924, 2215, 2.270, 190.33, -6.60, 2.272, 190.46, -6.57, 0.006, 254.36, 8.75);
insert into SHOT values (3908, 3919, 3925, 2215, 1.960, 171.83, -4.70, 1.965, 172.08, -4.67, 0.010, 229.90, 3.44);
insert into SHOT values (3909, 3919, 3926, 2215, 2.330, 233.13, -64.30, 2.332, 233.02, -64.23, 0.004, 204.08, -6.84);
insert into SHOT values (3910, 3919, 3927, 2215, 5.320, 237.13, 46.20, 5.325, 237.17, 46.15, 0.007, 258.42, 1.80);
insert into SHOT values (3911, 3919, 3928, 2215, 4.750, 215.93, 69.00, 4.756, 215.93, 69.00, 0.006, 215.27, 70.16);
insert into SHOT values (3912, 3919, 3929, 2215, 6.320, 264.13, 60.10, 6.324, 264.00, 60.05, 0.010, 218.09, 7.01);
insert into SHOT values (3913, 3919, 3930, 2215, 15.240, 307.93, 83.90, 15.246, 307.72, 83.91, 0.009, 205.57, 46.07);
insert into SHOT values (3914, 3919, 3931, 2215, 4.140, 226.63, -7.40, 4.144, 226.68, -7.35, 0.006, 263.13, 29.70);
insert into SHOT values (3915, 3931, 3932, 2215, 1.190, 15.53, 1.10, 1.184, 15.68, 0.97, 0.007, 167.05, -23.60);
insert into SHOT values (3916, 3931, 3933, 2215, 11.220, 8.43, 71.90, 11.225, 8.41, 71.90, 0.006, 332.37, 68.01);
insert into SHOT values (3917, 3931, 3934, 2215, 3.870, 41.03, 0.70, 3.870, 41.02, 0.74, 0.003, 342.38, 73.07);
insert into SHOT values (3918, 3931, 3935, 2215, 3.910, 71.23, -2.20, 3.908, 71.33, -2.20, 0.007, 174.58, 0.76);
insert into SHOT values (3919, 3931, 3936, 2215, 0.800, 308.83, -10.20, 0.795, 308.77, -10.14, 0.005, 137.52, 18.51);
insert into SHOT values (3920, 3931, 3937, 2215, 1.130, 328.03, 4.00, 1.121, 328.16, 4.09, 0.009, 132.40, 7.21);
insert into SHOT values (3921, 3931, 3938, 2215, 0.890, 341.13, -59.10, 0.886, 340.77, -59.07, 0.005, 221.17, 48.08);
insert into SHOT values (3922, 3931, 3939, 2215, 6.560, 293.63, 70.30, 6.561, 293.54, 70.38, 0.010, 136.88, 24.46);
insert into SHOT values (3923, 3939, 3940, 2215, 0.290, 162.93, -2.60, 0.282, 163.50, -4.06, 0.011, 323.99, -38.59);
insert into SHOT values (3924, 3939, 3941, 2215, 0.510, 23.13, 1.60, 0.511, 23.05, 1.12, 0.004, 347.84, -74.16);
insert into SHOT values (3925, 3939, 3942, 2215, 0.440, 103.83, 3.60, 0.432, 103.39, 2.65, 0.011, 307.80, -43.27);
insert into SHOT values (3926, 3939, 3943, 2215, 0.410, 126.03, 72.90, 0.406, 127.87, 73.70, 0.008, 276.93, -13.95);
insert into SHOT values (3927, 3939, 3944, 2215, 2.100, 281.83, 56.30, 2.094, 281.89, 56.20, 0.007, 20.52, -80.24);
insert into SHOT values (3928, 3944, 3945, 2215, 0.210, 20.33, 3.70, 0.213, 19.29, 5.39, 0.008, 321.22, 55.22);
insert into SHOT values (3929, 3944, 3946, 2215, 0.620, 174.83, -11.80, 0.614, 175.24, -11.27, 0.009, 313.32, 46.44);
insert into SHOT values (3930, 3944, 3947, 2215, 0.750, 221.73, -88.70, 0.750, 243.43, -88.29, 0.009, 287.28, -1.22);
insert into SHOT values (3931, 3944, 3948, 2215, 0.350, 137.63, 72.10, 0.356, 138.81, 72.64, 0.007, 258.16, 69.82);
insert into SHOT values (3932, 3944, 3949, 2215, 2.040, 269.33, 49.80, 2.044, 269.57, 49.76, 0.007, 328.20, 16.25);
insert into SHOT values (3933, 3944, 3950, 2215, 2.170, 269.73, 50.00, 2.179, 270.00, 50.03, 0.011, 321.91, 42.54);
insert into SHOT values (3934, 3950, 3951, 2215, 1.670, 311.83, -86.70, 1.673, 310.60, -86.84, 0.005, 158.36, -32.05);
insert into SHOT values (3935, 3950, 3952, 2215, 0.240, 175.93, 0.30, 0.241, 175.24, 0.00, 0.003, 101.61, -22.56);
insert into SHOT values (3936, 3950, 3953, 2215, 3.590, 344.03, 88.30, 3.582, 343.30, 88.33, 0.009, 196.24, -73.52);
insert into SHOT values (3937, 3950, 3954, 2215, 1.880, 254.93, 32.30, 1.875, 254.65, 32.22, 0.009, 146.95, -29.39);
insert into SHOT values (3938, 3950, 3955, 2215, 5.220, 268.83, 68.10, 5.218, 268.82, 68.05, 0.005, 266.31, -44.05);
insert into SHOT values (3939, 3950, 3956, 2215, 4.680, 269.23, 68.10, 4.676, 269.01, 68.15, 0.009, 140.24, -15.01);
insert into SHOT values (3940, 3956, 3957, 2215, 0.560, 165.93, 11.30, 0.557, 166.22, 11.40, 0.004, 307.26, 3.51);
insert into SHOT values (3941, 3956, 3958, 2215, 0.490, 160.13, 7.40, 0.481, 160.43, 7.16, 0.009, 323.54, -19.69);
insert into SHOT values (3942, 3956, 3959, 2215, 2.410, 298.33, 82.10, 2.414, 298.07, 81.90, 0.009, 288.46, 17.91);
insert into SHOT values (3943, 3956, 3960, 2215, 3.640, 148.03, -88.70, 3.641, 150.26, -88.73, 0.004, 270.86, -14.11);
insert into SHOT values (3944, 3956, 3961, 2215, 2.900, 77.53, -40.20, 2.897, 77.47, -40.20, 0.004, 301.58, 29.53);
insert into SHOT values (3945, 3956, 3962, 2215, 1.110, 219.43, 9.50, 1.108, 219.81, 9.35, 0.008, 320.20, -23.66);
insert into SHOT values (3946, 3956, 3963, 2215, 1.240, 220.03, 43.40, 1.239, 220.05, 43.32, 0.002, 256.51, -74.77);
insert into SHOT values (3947, 3956, 3964, 2215, 1.100, 217.13, 47.30, 1.098, 217.33, 47.51, 0.005, 3.40, 18.53);
insert into SHOT values (3948, 3964, 3965, 2215, 0.420, 357.33, -13.50, 0.422, 357.21, -13.69, 0.003, 334.65, -40.75);
insert into SHOT values (3949, 3964, 3966, 2215, 0.990, 272.43, 1.20, 0.991, 272.31, 1.16, 0.002, 209.54, -18.08);
insert into SHOT values (3950, 3964, 3967, 2215, 1.080, 316.03, -4.10, 1.078, 315.75, -4.26, 0.006, 201.54, -26.11);
insert into SHOT values (3951, 3964, 3968, 2215, 2.170, 225.83, -71.80, 2.169, 226.19, -71.76, 0.005, 300.42, 17.82);
insert into SHOT values (3952, 3964, 3969, 2215, 3.080, 295.93, 57.20, 3.086, 295.80, 57.07, 0.010, 272.69, 6.33);
insert into SHOT values (3953, 3969, 3970, 2215, 0.430, 186.93, 3.90, 0.434, 186.63, 3.96, 0.005, 156.95, 9.53);
insert into SHOT values (3954, 3969, 3971, 2215, 2.250, 83.83, -86.00, 2.256, 86.42, -85.92, 0.010, 150.06, -34.65);
insert into SHOT values (3955, 3969, 3972, 2215, 1.430, 306.93, 87.60, 1.421, 306.87, 87.98, 0.013, 127.23, -41.51);
insert into SHOT values (3956, 3969, 3973, 2215, 1.080, 249.53, 12.70, 1.072, 249.32, 12.38, 0.010, 102.28, -45.88);
insert into SHOT values (3957, 3969, 3974, 2215, 3.650, 269.73, 66.40, 3.645, 269.61, 66.39, 0.006, 157.89, -54.73);
insert into SHOT values (3958, 3974, 3975, 2215, 6.570, 346.73, 1.50, 6.566, 346.79, 1.48, 0.008, 107.20, -13.92);
insert into SHOT values (3959, 3974, 3976, 2215, 6.350, 358.43, 0.70, 6.353, 358.47, 0.72, 0.006, 54.75, 26.05);
insert into SHOT values (3960, 3974, 3977, 2215, 4.970, 3.13, -2.80, 4.973, 3.12, -2.77, 0.004, 343.58, 38.68);
insert into SHOT values (3961, 3974, 3978, 2215, 2.670, 3.13, -3.10, 2.668, 3.23, -3.01, 0.007, 115.39, 41.64);
insert into SHOT values (3962, 3974, 3979, 2215, 4.040, 324.13, -41.60, 4.040, 324.15, -41.56, 0.003, 7.34, 50.11);
insert into SHOT values (3963, 3974, 3980, 2215, 3.110, 13.23, -69.60, 3.107, 13.27, -69.48, 0.007, 22.13, 44.22);
insert into SHOT values (3964, 3974, 3981, 2215, 8.150, 289.63, 41.30, 8.147, 289.68, 41.33, 0.008, 65.72, 7.34);
insert into SHOT values (3965, 3974, 3982, 2215, 12.440, 321.13, 43.10, 12.439, 321.12, 43.11, 0.002, 170.46, 2.25);
insert into SHOT values (3966, 3974, 3983, 2215, 7.130, 341.83, 47.70, 7.126, 341.90, 47.69, 0.007, 83.63, -28.87);
insert into SHOT values (3967, 3974, 3984, 2215, 14.470, 329.83, 54.00, 14.470, 329.85, 54.02, 0.007, 123.89, 32.71);
insert into SHOT values (3968, 3984, 3985, 2215, 2.050, 182.13, -5.50, 2.051, 182.25, -5.60, 0.006, 258.56, -39.48);
insert into SHOT values (3969, 3984, 3986, 2215, 5.000, 129.93, -2.60, 4.996, 129.88, -2.64, 0.007, 357.68, -28.33);
insert into SHOT values (3970, 3984, 3987, 2215, 3.390, 104.73, 0.60, 3.391, 104.69, 0.51, 0.006, 40.27, -66.01);
insert into SHOT values (3971, 3984, 3988, 2215, 0.170, 278.83, 76.60, 0.165, 284.04, 75.55, 0.007, 344.86, -52.68);
insert into SHOT values (3972, 3984, 3989, 2215, 0.190, 277.53, 76.50, 0.187, 281.31, 74.18, 0.009, 304.79, -32.91);
insert into SHOT values (3973, 3984, 3990, 2215, 0.180, 276.53, 76.50, 0.175, 284.04, 76.37, 0.007, 18.50, -42.39);
insert into SHOT values (3974, 3984, 3991, 2215, 3.630, 217.73, 65.50, 3.627, 217.71, 65.50, 0.003, 63.20, -67.60);
insert into SHOT values (3975, 3991, 3992, 2215, 2.220, 22.43, 2.40, 2.217, 22.28, 2.33, 0.007, 267.63, -25.24);
insert into SHOT values (3976, 3991, 3993, 2215, 2.840, 69.23, 1.00, 2.836, 69.14, 1.01, 0.006, 300.94, 4.26);
insert into SHOT values (3977, 3991, 3994, 2215, 4.730, 102.73, 5.80, 4.729, 102.65, 5.83, 0.007, 358.94, 16.20);
insert into SHOT values (3978, 3991, 3995, 2215, 4.890, 134.13, 5.60, 4.889, 134.17, 5.63, 0.004, 245.37, 39.16);
insert into SHOT values (3979, 3991, 3996, 2215, 15.980, 133.23, 79.90, 15.978, 133.26, 79.90, 0.003, 251.80, -50.45);
insert into SHOT values (3980, 3991, 3997, 2215, 5.320, 347.93, 58.60, 5.319, 347.92, 58.60, 0.001, 217.17, -55.48);
insert into SHOT values (3981, 3997, 3998, 2215, 1.410, 213.93, 3.10, 1.414, 214.03, 3.24, 0.006, 246.51, 39.75);
insert into SHOT values (3982, 3997, 3999, 2215, 4.310, 169.33, 5.00, 4.310, 169.40, 5.06, 0.007, 262.65, 40.72);
insert into SHOT values (3983, 3997, 4000, 2215, 7.330, 146.33, 5.30, 7.323, 146.35, 5.33, 0.008, 302.92, 20.63);
insert into SHOT values (3984, 3997, 4001, 2215, 5.120, 120.33, 8.30, 5.118, 120.36, 8.31, 0.004, 241.13, 14.77);
insert into SHOT values (3985, 3997, 4002, 2215, 16.080, 156.83, 83.90, 16.081, 156.89, 83.91, 0.003, 290.95, 22.69);
insert into SHOT values (3986, 3997, 4003, 2215, 2.220, 209.43, 51.30, 2.218, 209.34, 51.26, 0.003, 118.01, -48.29);
insert into SHOT values (3987, 4003, 4004, 2215, 1.300, 14.73, 2.80, 1.304, 14.68, 3.08, 0.008, 358.19, 56.97);
insert into SHOT values (3988, 4003, 4005, 2215, 5.290, 113.83, -1.40, 5.280, 113.80, -1.41, 0.010, 310.92, -4.29);
insert into SHOT values (3989, 4003, 4006, 2215, 2.430, 77.23, -1.00, 2.431, 77.16, -0.94, 0.004, 9.18, 39.07);
insert into SHOT values (3990, 4003, 4007, 2215, 11.790, 51.63, 81.60, 11.796, 51.60, 81.60, 0.007, 340.12, 81.83);
insert into CENTRELINE values (2216, 2213, NULL, '2022-04-17', NULL, 0.00, 105.96, 0.00);
 insert into TOPO values (2, 2216);
 insert into TOPO values (33, 2216);
 insert into SHOT values (3991, 4007, 4008, 2216, 8.850, 155.83, -20.20, 8.845, 155.81, -20.24, 0.009, 353.82, -28.58);
insert into SHOT_FLAG values(3991, 'srf');
insert into SHOT values (3992, 4007, 4009, 2216, 5.820, 69.13, -4.40, 5.751, 68.40, -4.59, 0.102, 294.86, -7.57);
insert into SHOT_FLAG values(3992, 'srf');
insert into SHOT values (3993, 4009, 4010, 2216, 2.820, 72.73, 7.50, 2.747, 72.03, 7.53, 0.081, 277.10, -5.74);
insert into SHOT_FLAG values(3993, 'srf');
insert into SHOT values (3994, 4010, 4011, 2216, 9.690, 75.93, -48.50, 9.651, 75.23, -49.42, 0.178, 283.85, -24.03);
insert into SHOT_FLAG values(3994, 'srf');
insert into SHOT values (3995, 4011, 4012, 2216, 15.080, 81.23, -64.20, 15.058, 80.66, -65.85, 0.438, 269.89, -21.87);
insert into SHOT_FLAG values(3995, 'srf');
insert into SHOT values (3996, 4012, 4013, 2216, 9.900, 329.13, -33.90, 9.982, 328.39, -33.37, 0.164, 287.00, 11.14);
insert into SHOT_FLAG values(3996, 'srf');
insert into SHOT values (3997, 4013, 4014, 2216, 10.690, 276.03, -25.70, 10.778, 276.48, -25.20, 0.149, 308.54, 17.93);
insert into SHOT_FLAG values(3997, 'srf');
insert into SHOT values (3998, 4014, 4015, 2216, 13.060, 278.03, -20.90, 13.148, 278.54, -20.48, 0.171, 321.83, 20.24);
insert into SHOT_FLAG values(3998, 'srf');
insert into SHOT values (3999, 4015, 4016, 2216, 9.690, 266.23, 7.70, 9.775, 266.87, 7.35, 0.149, 315.96, -18.89);
insert into SHOT_FLAG values(3999, 'srf');
insert into SHOT values (4000, 4016, 4017, 2216, 11.830, 270.93, 11.40, 11.921, 271.57, 10.93, 0.186, 321.51, -24.91);
insert into SHOT_FLAG values(4000, 'srf');
insert into SHOT values (4001, 4017, 4018, 2216, 14.290, 269.93, 14.20, 14.382, 270.74, 13.55, 0.271, 327.28, -30.03);
insert into SHOT_FLAG values(4001, 'srf');
insert into SHOT values (4002, 4018, 4019, 2216, 3.090, 156.03, 7.30, 3.020, 156.60, 7.23, 0.076, 312.52, -9.57);
insert into SHOT_FLAG values(4002, 'srf');
insert into SURVEY values (2218, 2211, 'vire-puits_escalade', 'vire-puits_escalade.Corneilles.Ded.Ded', 'vire-puits escalade');
 insert into CENTRELINE values (2219, 2218, NULL, NULL, NULL, 0.00, 0.00, 0.00);
 insert into CENTRELINE values (2220, 2218, NULL, '2022-07-10', NULL, 37.83, 0.00, 0.00);
 insert into TOPO values (2, 2220);
 insert into SHOT values (4003, 4020, 4021, 2220, 3.480, 187.27, 7.20, 3.475, 187.33, 7.11, 0.008, 325.68, -46.49);
insert into SHOT values (4004, 4020, 4022, 2220, 5.190, 203.17, -4.00, 5.192, 203.20, -4.09, 0.009, 267.84, -68.13);
insert into SHOT values (4005, 4020, 4023, 2220, 2.460, 246.27, -4.00, 2.465, 246.25, -4.19, 0.009, 236.84, -63.33);
insert into SHOT values (4006, 4020, 4024, 2220, 3.600, 113.27, -9.20, 3.595, 113.24, -9.28, 0.007, 308.59, -36.41);
insert into SHOT values (4007, 4020, 4025, 2220, 3.040, 79.47, -1.30, 3.043, 79.39, -1.32, 0.005, 24.39, -12.03);
insert into SHOT values (4008, 4020, 4026, 2220, 2.680, 30.87, 6.10, 2.678, 30.71, 6.00, 0.009, 290.01, -32.12);
insert into SHOT values (4009, 4020, 4027, 2220, 3.070, 4.37, 2.80, 3.072, 4.30, 2.80, 0.004, 306.52, 0.41);
insert into SHOT values (4010, 4020, 4028, 2220, 12.360, 268.97, 81.40, 12.359, 269.07, 81.39, 0.004, 328.49, -14.74);
insert into SHOT values (4011, 4020, 4029, 2220, 7.000, 323.17, 29.70, 7.001, 323.15, 29.62, 0.010, 304.56, -54.36);
insert into SHOT values (4012, 4020, 4030, 2220, 7.000, 323.27, 29.80, 6.969, 323.36, 30.05, 0.045, 130.45, 14.45);
insert into SHOT values (4013, 4030, 4031, 2220, 1.450, 38.17, 1.60, 1.447, 37.98, 1.58, 0.006, 274.33, -4.88);
insert into SHOT values (4014, 4030, 4032, 2220, 2.230, 85.87, -5.70, 2.227, 85.86, -5.67, 0.004, 271.06, 24.85);
insert into SHOT values (4015, 4030, 4033, 2220, 2.810, 121.27, -0.50, 2.809, 121.31, -0.41, 0.005, 228.07, 62.01);
insert into SHOT values (4016, 4030, 4034, 2220, 3.720, 164.77, -1.00, 3.722, 164.73, -0.92, 0.006, 114.81, 58.73);
insert into SHOT values (4017, 4030, 4035, 2220, 2.680, 198.27, 8.60, 2.683, 198.23, 8.57, 0.004, 171.12, -11.50);
insert into SHOT values (4018, 4030, 4036, 2220, 1.420, 294.07, 14.20, 1.423, 293.96, 14.24, 0.004, 245.67, 26.40);
insert into SHOT values (4019, 4030, 4037, 2220, 1.460, 230.77, 7.60, 1.463, 230.60, 7.86, 0.008, 168.59, 55.28);
insert into SHOT values (4020, 4030, 4038, 2220, 8.070, 162.27, 77.60, 8.068, 162.19, 77.60, 0.003, 75.24, -37.81);
insert into SHOT values (4021, 4030, 4039, 2220, 2.680, 218.97, 75.80, 2.683, 219.47, 75.74, 0.007, 279.98, 15.80);
insert into SHOT values (4022, 4030, 4040, 2220, 11.390, 124.67, -25.80, 11.382, 124.67, -25.78, 0.009, 304.15, 55.23);
insert into SHOT values (4023, 4030, 4041, 2220, 8.180, 141.27, -20.60, 8.174, 141.26, -20.55, 0.009, 342.21, 69.05);
insert into SHOT values (4024, 4030, 4042, 2220, 9.830, 164.67, -19.90, 9.832, 164.70, -19.86, 0.009, 214.93, 39.08);
insert into SHOT values (4025, 4030, 4043, 2220, 4.510, 311.87, 49.70, 4.496, 311.77, 50.12, 0.036, 140.24, 16.55);
insert into SHOT values (4026, 4043, 4044, 2220, 0.280, 40.87, -1.70, 0.277, 40.60, -2.07, 0.004, 242.12, -25.61);
insert into SHOT values (4027, 4043, 4045, 2220, 0.800, 226.37, 12.90, 0.803, 226.55, 12.22, 0.010, 251.26, -55.50);
insert into SHOT values (4028, 4043, 4046, 2220, 0.560, 268.07, -86.90, 0.561, 270.00, -86.93, 0.001, 14.64, -37.81);
insert into SHOT values (4029, 4043, 4047, 2220, 1.040, 264.97, 23.80, 1.042, 265.19, 23.78, 0.004, 328.80, 4.39);
insert into SHOT values (4030, 4043, 4048, 2220, 1.680, 313.27, 13.60, 1.680, 313.26, 13.42, 0.005, 310.29, -75.81);
insert into SHOT values (4031, 4043, 4049, 2220, 0.620, 2.77, -0.00, 0.621, 2.77, 0.00, 0.001, 5.84, 0.00);
insert into SHOT values (4032, 4043, 4050, 2220, 1.870, 147.77, 0.40, 1.870, 147.67, 0.31, 0.004, 56.12, -44.03);
insert into SHOT values (4033, 4043, 4051, 2220, 5.310, 101.57, -27.80, 5.310, 101.55, -27.84, 0.004, 316.13, -54.29);
insert into SHOT values (4034, 4043, 4052, 2220, 3.930, 99.37, -38.40, 3.936, 99.34, -38.49, 0.009, 42.36, -79.14);
insert into SHOT values (4035, 4043, 4053, 2220, 3.640, 292.47, 21.70, 3.612, 292.44, 21.78, 0.029, 116.12, -11.76);
insert into SHOT values (4036, 4053, 4054, 2220, 1.860, 177.47, 8.90, 1.864, 177.51, 8.95, 0.005, 196.29, 27.15);
insert into SHOT values (4037, 4053, 4055, 2220, 0.430, 41.37, 58.40, 0.430, 43.15, 59.34, 0.010, 173.13, 22.30);
insert into SHOT values (4038, 4053, 4056, 2220, 2.060, 201.77, 66.20, 2.068, 201.67, 66.05, 0.010, 192.25, 32.45);
insert into SHOT values (4039, 4053, 4057, 2220, 2.040, 204.77, 38.70, 2.044, 204.47, 38.78, 0.009, 122.06, 28.75);
insert into SHOT values (4040, 4053, 4058, 2220, 0.740, 206.17, -64.80, 0.743, 205.77, -64.33, 0.007, 188.33, -3.36);
insert into SHOT values (4041, 4053, 4059, 2220, 3.480, 261.27, 55.40, 3.472, 260.87, 55.74, 0.026, 113.24, 12.27);
insert into SHOT values (4042, 4059, 4060, 2220, 1.880, 42.27, -57.00, 1.877, 42.20, -57.35, 0.012, 228.30, -15.86);
insert into SHOT values (4043, 4059, 4061, 2220, 3.380, 84.97, -53.20, 3.378, 85.17, -53.34, 0.011, 222.06, -18.93);
insert into SHOT values (4044, 4059, 4062, 2220, 2.550, 323.87, -25.80, 2.550, 323.68, -25.80, 0.008, 236.00, -1.22);
insert into SHOT values (4045, 4059, 4063, 2220, 0.890, 218.67, -41.50, 0.892, 218.93, -41.43, 0.004, 277.33, -4.30);
insert into SHOT values (4046, 4059, 4064, 2220, 3.910, 269.07, 39.60, 3.914, 269.05, 39.50, 0.008, 263.16, -16.72);
insert into SHOT values (4047, 4059, 4065, 2220, 2.220, 266.07, 23.80, 2.225, 266.05, 23.86, 0.006, 259.45, 48.64);
insert into SHOT values (4048, 4059, 4066, 2220, 3.320, 254.77, 11.40, 3.322, 254.68, 11.46, 0.006, 178.25, 37.76);
insert into SHOT values (4049, 4059, 4067, 2220, 2.200, 288.07, 6.70, 2.201, 287.85, 6.79, 0.009, 199.88, 22.33);
insert into SHOT values (4050, 4059, 4068, 2220, 2.540, 306.87, 2.50, 2.496, 306.69, 2.53, 0.044, 137.09, -1.03);
insert into SHOT values (4051, 4068, 4069, 2220, 0.620, 60.97, 6.60, 0.613, 60.49, 6.56, 0.009, 277.35, -8.37);
insert into SHOT values (4052, 4068, 4070, 2220, 1.770, 18.67, -6.00, 1.771, 18.54, -5.83, 0.006, 303.97, 50.70);
insert into SHOT values (4053, 4068, 4071, 2220, 2.040, 340.67, -0.90, 2.047, 340.59, -0.84, 0.007, 318.23, 16.11);
insert into SHOT values (4054, 4068, 4072, 2220, 2.920, 169.17, 6.10, 2.917, 169.27, 6.10, 0.006, 286.75, -2.79);
insert into SHOT values (4055, 4068, 4073, 2220, 0.970, 331.07, 82.40, 0.970, 329.74, 81.77, 0.011, 314.23, -7.61);
insert into SHOT values (4056, 4068, 4074, 2220, 9.930, 24.27, -82.80, 9.929, 24.10, -82.77, 0.006, 344.56, 16.85);
insert into SHOT values (4057, 4068, 4075, 2220, 2.580, 285.37, 17.90, 2.551, 285.30, 18.04, 0.029, 111.17, -5.80);
insert into SHOT values (4058, 4075, 4076, 2220, 2.480, 206.67, 75.10, 2.484, 206.97, 75.08, 0.005, 267.90, 41.65);
insert into SHOT values (4059, 4075, 4077, 2220, 2.970, 160.17, 28.00, 2.975, 160.18, 28.07, 0.007, 175.14, 60.51);
insert into SHOT values (4060, 4075, 4078, 2220, 4.350, 128.67, 0.20, 4.346, 128.74, 0.26, 0.008, 251.21, 35.31);
insert into SHOT values (4061, 4075, 4079, 2220, 1.900, 115.27, -8.20, 1.898, 115.20, -8.18, 0.003, 346.15, 19.77);
insert into SHOT values (4062, 4075, 4080, 2220, 0.880, 74.97, 5.50, 0.876, 74.69, 5.90, 0.009, 295.09, 40.63);
insert into SHOT values (4063, 4075, 4081, 2220, 0.870, 357.57, 63.60, 0.872, 357.06, 63.40, 0.005, 314.52, 8.29);
insert into SHOT values (4064, 4075, 4082, 2220, 1.640, 32.97, -51.10, 1.620, 33.38, -51.07, 0.022, 181.63, 49.28);
insert into SHOT values (4065, 4082, 4083, 2220, 0.660, 35.47, 19.60, 0.662, 35.22, 19.41, 0.004, 348.08, -20.77);
insert into SHOT values (4066, 4082, 4084, 2220, 0.360, 210.37, -14.50, 0.356, 209.54, -14.63, 0.006, 83.39, 1.26);
insert into SHOT values (4067, 4082, 4085, 2220, 2.970, 192.17, -83.80, 2.977, 190.95, -83.91, 0.011, 64.95, -41.30);
insert into SHOT values (4068, 4082, 4086, 2220, 1.890, 286.57, -0.80, 1.889, 286.61, -0.91, 0.004, 49.77, -63.62);
insert into SHOT values (4069, 4082, 4087, 2220, 2.750, 130.17, -3.90, 2.753, 130.13, -3.96, 0.005, 95.44, -40.95);
insert into SHOT values (4070, 4082, 4088, 2220, 2.030, 293.07, -36.90, 2.029, 293.24, -36.96, 0.005, 42.01, -12.13);
insert into SHOT values (4071, 4082, 4089, 2220, 2.570, 302.77, -50.30, 2.572, 302.82, -50.33, 0.003, 15.47, -59.21);
insert into SHOT values (4072, 4082, 4090, 2220, 1.630, 301.27, 27.30, 1.595, 301.10, 27.64, 0.036, 127.80, -12.07);
insert into SHOT values (4073, 4090, 4091, 2220, 4.440, 168.07, -80.30, 4.443, 168.39, -80.34, 0.006, 292.34, -34.46);
insert into SHOT values (4074, 4090, 4092, 2220, 0.730, 193.77, 0.80, 0.720, 193.65, 0.80, 0.010, 22.43, -1.14);
insert into SHOT values (4075, 4090, 4093, 2220, 0.350, 215.77, 1.20, 0.344, 215.54, 1.66, 0.007, 49.03, 24.02);
insert into SHOT values (4076, 4090, 4094, 2220, 1.190, 214.47, -3.00, 1.189, 214.36, -2.89, 0.003, 95.46, 41.90);
insert into SHOT values (4077, 4090, 4095, 2220, 0.570, 257.77, -12.00, 0.574, 258.69, -12.08, 0.010, 327.85, -8.81);
insert into SHOT values (4078, 4090, 4096, 2220, 1.610, 231.67, 19.30, 1.605, 231.16, 19.28, 0.014, 122.28, -8.57);
insert into SHOT values (4079, 4096, 4097, 2220, 0.380, 25.77, -9.20, 0.381, 25.20, -9.07, 0.004, 305.49, 11.34);
insert into SHOT values (4080, 4096, 4098, 2220, 1.200, 333.07, -79.30, 1.201, 333.43, -79.27, 0.002, 33.90, -27.71);
insert into SHOT values (4081, 4096, 4099, 2220, 1.120, 13.57, 70.80, 1.122, 12.53, 70.82, 0.007, 286.91, 18.96);
insert into SHOT values (4082, 4096, 4100, 2220, 3.610, 260.67, 17.70, 3.616, 260.81, 17.71, 0.010, 320.36, 13.63);
insert into SHOT values (4083, 4096, 4101, 2220, 4.480, 260.77, 17.60, 4.460, 260.52, 17.75, 0.030, 120.67, 10.51);
insert into SHOT values (4084, 4101, 4102, 2220, 1.280, 272.57, -89.00, 1.280, 270.00, -89.10, 0.003, 113.36, -4.42);
insert into SHOT values (4085, 4101, 4103, 2220, 2.480, 167.27, -9.00, 2.481, 167.27, -9.04, 0.002, 172.51, -69.07);
insert into SHOT values (4086, 4101, 4104, 2220, 1.560, 199.07, 0.80, 1.556, 199.13, 0.74, 0.005, 354.01, -22.51);
insert into SHOT values (4087, 4101, 4105, 2220, 1.110, 171.87, 55.40, 1.113, 171.74, 55.75, 0.008, 11.76, 57.33);
insert into SHOT values (4088, 4101, 4106, 2220, 3.260, 243.77, 30.10, 3.260, 243.89, 30.20, 0.008, 359.11, 37.16);
insert into SHOT values (4089, 4101, 4107, 2220, 3.490, 248.77, 34.90, 3.491, 248.90, 34.95, 0.008, 343.36, 24.85);
insert into SHOT values (4090, 4101, 4108, 2220, 2.560, 255.17, 36.50, 2.563, 255.36, 36.64, 0.010, 354.10, 46.55);
insert into SHOT values (4091, 4101, 4109, 2220, 2.370, 56.57, 2.20, 2.376, 56.51, 2.17, 0.006, 35.06, -8.81);
insert into SHOT values (4092, 4101, 4110, 2220, 3.320, 81.57, 2.40, 3.319, 81.50, 2.42, 0.004, 340.87, 14.64);
insert into SHOT values (4093, 4101, 4111, 2220, 1.730, 101.07, 5.90, 1.731, 101.05, 5.97, 0.002, 74.86, 60.94);
insert into SHOT values (4094, 4101, 4112, 2220, 1.600, 236.87, 12.40, 1.598, 236.51, 12.66, 0.012, 124.30, 31.72);
insert into SHOT values (4095, 4112, 4113, 2220, 1.080, 290.57, 6.20, 1.076, 290.81, 6.40, 0.007, 61.77, 29.42);
insert into SHOT values (4096, 4112, 4114, 2220, 0.930, 333.37, 6.50, 0.931, 333.71, 6.17, 0.008, 46.37, -42.16);
insert into SHOT values (4097, 4112, 4115, 2220, 0.960, 8.07, 13.60, 0.964, 7.96, 13.19, 0.008, 351.36, -42.68);
insert into SHOT values (4098, 4112, 4116, 2220, 1.460, 60.47, -6.80, 1.461, 60.26, -6.68, 0.006, 345.78, 27.33);
insert into SHOT values (4099, 4112, 4117, 2220, 3.010, 91.37, -6.70, 3.011, 91.34, -6.67, 0.002, 47.32, 31.64);
insert into SHOT values (4100, 4112, 4118, 2220, 3.120, 289.17, 72.50, 3.113, 289.41, 72.56, 0.009, 72.34, -40.72);
insert into SURVEY values (2222, 2211, 'escalade_corneille-vire', 'escalade_corneille-vire.Corneilles.Ded.Ded', 'escalade corneille-vire');
 insert into CENTRELINE values (2223, 2222, NULL, NULL, NULL, 0.00, 0.00, 0.00);
 insert into CENTRELINE values (2224, 2222, NULL, '2022-07-10', NULL, 52.75, 0.00, 0.00);
 insert into TOPO values (1, 2224);
 insert into TOPO values (2, 2224);
 insert into SHOT values (4101, 4119, 4120, 2224, 0.950, 299.37, 2.00, 0.946, 299.82, 1.82, 0.009, 59.29, -20.08);
insert into SHOT values (4102, 4119, 4121, 2224, 0.880, 334.27, 3.30, 0.878, 334.31, 3.26, 0.002, 134.25, -17.98);
insert into SHOT values (4103, 4119, 4122, 2224, 1.010, 7.47, 4.70, 1.012, 7.41, 4.54, 0.003, 337.33, -52.80);
insert into SHOT values (4104, 4119, 4123, 2224, 0.880, 50.07, 3.90, 0.889, 50.03, 3.87, 0.009, 46.50, 0.90);
insert into SHOT values (4105, 4119, 4124, 2224, 1.430, 59.77, 2.00, 1.435, 59.86, 2.00, 0.005, 85.65, 1.02);
insert into SHOT values (4106, 4119, 4125, 2224, 3.090, 83.37, -0.70, 3.091, 83.31, -0.74, 0.004, 16.53, -34.98);
insert into SHOT values (4107, 4119, 4126, 2224, 5.010, 78.97, -1.20, 5.014, 78.96, -1.26, 0.006, 69.30, -52.21);
insert into SHOT values (4108, 4119, 4127, 2224, 1.620, 67.17, -12.90, 1.560, 66.31, -13.34, 0.065, 267.57, 1.46);
insert into SHOT values (4109, 4127, 4128, 2224, 0.440, 57.47, 2.50, 0.441, 57.03, 2.60, 0.004, 350.51, 12.48);
insert into SHOT values (4110, 4127, 4129, 2224, 2.390, 58.77, 0.20, 2.396, 58.83, 0.24, 0.007, 83.49, 14.40);
insert into SHOT values (4111, 4127, 4130, 2224, 3.440, 75.67, 1.50, 3.438, 75.68, 1.50, 0.002, 233.24, -1.26);
insert into SHOT values (4112, 4127, 4131, 2224, 1.630, 95.47, 4.50, 1.632, 95.29, 4.57, 0.006, 26.69, 21.44);
insert into SHOT values (4113, 4127, 4132, 2224, 2.920, 177.67, -2.40, 2.915, 177.64, -2.36, 0.006, 13.65, 23.79);
insert into SHOT values (4114, 4127, 4133, 2224, 2.190, 160.97, -5.30, 2.188, 160.98, -5.24, 0.003, 321.04, 51.47);
insert into SHOT values (4115, 4127, 4134, 2224, 1.760, 133.17, -5.70, 1.763, 133.15, -5.53, 0.006, 125.51, 55.76);
insert into SHOT values (4116, 4127, 4135, 2224, 1.300, 114.37, -88.00, 1.301, 116.57, -88.03, 0.002, 226.01, -23.22);
insert into SHOT values (4117, 4127, 4136, 2224, 1.040, 171.57, 63.30, 1.040, 171.35, 63.42, 0.003, 33.24, 18.46);
insert into SHOT values (4118, 4127, 4137, 2224, 3.130, 73.17, -9.10, 3.057, 72.65, -9.22, 0.078, 273.65, 3.68);
insert into SHOT values (4119, 4137, 4138, 2224, 0.250, 354.37, 2.00, 0.251, 355.43, 2.28, 0.005, 73.29, 15.10);
insert into SHOT values (4120, 4137, 4139, 2224, 1.670, 206.77, 88.30, 1.671, 206.57, 88.47, 0.005, 28.64, 8.66);
insert into SHOT values (4121, 4137, 4140, 2224, 0.400, 184.07, -4.70, 0.392, 184.40, -4.39, 0.008, 347.27, 19.48);
insert into SHOT values (4122, 4137, 4141, 2224, 1.470, 136.27, -83.80, 1.468, 135.00, -83.92, 0.005, 3.03, 16.54);
insert into SHOT values (4123, 4137, 4142, 2224, 1.460, 91.67, -35.90, 1.394, 91.02, -36.54, 0.069, 283.04, 22.25);
insert into SHOT values (4124, 4142, 4143, 2224, 0.490, 7.67, 1.20, 0.494, 6.98, 1.16, 0.007, 309.95, -2.15);
insert into SHOT values (4125, 4142, 4144, 2224, 1.140, 350.17, -71.30, 1.140, 350.54, -71.33, 0.002, 93.05, -4.25);
insert into SHOT values (4126, 4142, 4145, 2224, 0.460, 113.87, 80.90, 0.455, 116.57, 81.52, 0.008, 265.07, -32.71);
insert into SHOT values (4127, 4142, 4146, 2224, 1.130, 14.87, 76.20, 1.123, 15.07, 76.12, 0.007, 121.66, -82.35);
insert into SHOT values (4128, 4142, 4147, 2224, 0.900, 88.87, -11.00, 0.818, 87.85, -11.99, 0.084, 278.55, 1.18);
insert into SHOT values (4129, 4147, 4148, 2224, 0.360, 339.37, 2.80, 0.365, 339.08, 3.14, 0.005, 316.71, 26.69);
insert into SHOT values (4130, 4147, 4149, 2224, 1.580, 125.57, -82.60, 1.573, 126.87, -82.69, 0.009, 253.53, 49.85);
insert into SHOT values (4131, 4147, 4150, 2224, 4.550, 84.17, -73.80, 4.540, 84.11, -73.80, 0.010, 289.10, 72.18);
insert into SHOT values (4132, 4147, 4151, 2224, 1.270, 243.37, -68.30, 1.270, 243.43, -68.30, 0.001, 333.82, -0.17);
insert into SHOT values (4133, 4147, 4152, 2224, 2.440, 72.67, -8.70, 2.437, 72.62, -8.50, 0.009, 300.55, 72.98);
insert into SHOT values (4134, 4147, 4153, 2224, 0.910, 48.07, -3.10, 0.907, 47.68, -2.53, 0.011, 294.84, 54.43);
insert into SHOT values (4135, 4147, 4154, 2224, 1.880, 69.37, -24.50, 1.874, 69.44, -24.26, 0.010, 199.26, 72.65);
insert into SHOT values (4136, 4147, 4155, 2224, 2.520, 67.87, -43.10, 2.515, 67.91, -43.15, 0.006, 233.66, 18.64);
insert into SHOT values (4137, 4147, 4156, 2224, 3.420, 66.87, -53.00, 3.418, 66.80, -53.01, 0.003, 297.06, 23.64);
insert into SHOT values (4138, 4147, 4157, 2224, 1.480, 40.47, -28.20, 1.470, 40.31, -27.99, 0.012, 250.46, 53.59);
insert into SHOT values (4139, 4147, 4158, 2224, 2.000, 42.87, -45.00, 1.998, 42.71, -44.89, 0.006, 329.03, 46.18);
insert into SHOT values (4140, 4147, 4159, 2224, 2.860, 61.47, -58.40, 2.853, 61.21, -58.40, 0.010, 302.33, 37.34);
insert into SHOT values (4141, 4147, 4160, 2224, 1.100, 69.17, 12.00, 1.028, 67.77, 12.35, 0.076, 267.98, -6.56);
insert into SHOT values (4142, 4160, 4161, 2224, 4.580, 28.87, -87.60, 4.584, 29.36, -87.70, 0.009, 198.03, -25.64);
insert into SHOT values (4143, 4160, 4162, 2224, 4.240, 91.57, -69.90, 4.240, 91.57, -69.85, 0.004, 92.73, 27.15);
insert into SHOT values (4144, 4160, 4163, 2224, 4.330, 101.27, -56.90, 4.333, 101.21, -56.91, 0.003, 25.50, -50.57);
insert into SHOT values (4145, 4160, 4164, 2224, 0.970, 134.97, -54.80, 0.968, 135.73, -54.73, 0.008, 229.06, 19.53);
insert into SHOT values (4146, 4160, 4165, 2224, 0.630, 160.37, -29.70, 0.632, 160.91, -29.40, 0.006, 220.23, 19.63);
insert into SHOT values (4147, 4160, 4166, 2224, 0.780, 76.77, -48.70, 0.781, 77.59, -49.05, 0.009, 188.20, -26.85);
insert into SHOT values (4148, 4160, 4167, 2224, 0.870, 59.77, -22.00, 0.871, 60.26, -22.26, 0.008, 153.54, -30.71);
insert into SHOT values (4149, 4160, 4168, 2224, 0.830, 207.77, 52.40, 0.834, 208.07, 52.31, 0.005, 245.08, 28.11);
insert into SHOT values (4150, 4160, 4169, 2224, 0.400, 318.77, -11.60, 0.398, 318.12, -11.61, 0.005, 200.38, 4.95);
insert into SHOT values (4151, 4160, 4170, 2224, 2.560, 83.67, -71.50, 2.542, 82.60, -72.21, 0.040, 285.55, 11.25);
insert into SHOT values (4152, 4170, 4171, 2224, 0.360, 211.97, -1.70, 0.364, 211.50, -1.58, 0.005, 173.85, 8.14);
insert into SHOT values (4153, 4170, 4172, 2224, 2.090, 124.37, -88.40, 2.091, 128.66, -88.25, 0.007, 165.46, -6.38);
insert into SHOT values (4154, 4170, 4173, 2224, 2.580, 240.37, 74.70, 2.581, 240.05, 74.70, 0.004, 152.66, 20.73);
insert into SHOT values (4155, 4170, 4174, 2224, 1.170, 270.47, -5.60, 1.176, 270.49, -5.86, 0.008, 275.25, -45.91);
insert into SHOT values (4156, 4170, 4175, 2224, 0.910, 282.57, 0.20, 0.910, 282.05, 0.00, 0.009, 192.73, -21.19);
insert into SHOT values (4157, 4170, 4176, 2224, 3.230, 131.87, -5.20, 3.229, 131.97, -5.33, 0.010, 239.93, -48.88);
insert into SHOT values (4158, 4170, 4177, 2224, 4.050, 131.97, -22.80, 4.048, 132.07, -22.82, 0.007, 240.64, -4.65);
insert into SHOT values (4159, 4170, 4178, 2224, 2.680, 146.77, -18.80, 2.688, 146.87, -18.88, 0.010, 183.00, -38.58);
insert into SHOT values (4160, 4170, 4179, 2224, 1.430, 127.67, 19.20, 1.335, 128.23, 19.24, 0.096, 299.79, -18.40);
insert into SHOT values (4161, 4179, 4180, 2224, 0.610, 142.87, -13.10, 0.608, 142.55, -13.30, 0.004, 20.17, -24.11);
insert into SHOT values (4162, 4179, 4181, 2224, 2.160, 147.27, -48.00, 2.152, 147.19, -48.02, 0.008, 345.22, 40.89);
insert into SHOT values (4163, 4179, 4182, 2224, 3.380, 155.57, -68.50, 3.376, 155.71, -68.45, 0.006, 227.92, 56.09);
insert into SHOT values (4164, 4179, 4183, 2224, 0.800, 223.37, -32.40, 0.798, 223.19, -32.61, 0.004, 74.70, -18.69);
insert into SHOT values (4165, 4179, 4184, 2224, 2.020, 358.47, -85.30, 2.017, 0.00, -85.17, 0.007, 44.27, 26.82);
insert into SHOT values (4166, 4179, 4185, 2224, 1.480, 170.77, -20.90, 1.431, 171.81, -21.30, 0.055, 324.53, 8.26);
insert into SHOT values (4167, 4185, 4186, 2224, 0.850, 318.97, -2.70, 0.851, 318.81, -2.69, 0.003, 259.81, 0.88);
insert into SHOT values (4168, 4185, 4187, 2224, 15.230, 20.17, -83.00, 15.223, 20.19, -83.00, 0.007, 177.06, 70.57);
insert into SHOT values (4169, 4185, 4188, 2224, 0.130, 243.97, -6.40, 0.135, 243.43, -4.26, 0.007, 229.90, 41.24);
insert into SHOT values (4170, 4185, 4189, 2224, 1.160, 51.57, -8.50, 1.159, 51.73, -8.44, 0.004, 157.26, 23.19);
insert into SHOT values (4171, 4185, 4190, 2224, 15.680, 20.77, -80.60, 15.686, 19.83, -80.48, 0.053, 328.34, -0.59);
insert into SHOT values (4172, 4190, 4191, 2224, 3.450, 278.27, 39.70, 3.450, 278.22, 39.62, 0.005, 242.33, -46.49);
insert into SHOT values (4173, 4190, 4192, 2224, 5.670, 258.77, 38.30, 5.665, 258.72, 38.29, 0.007, 125.61, -37.25);
insert into SHOT values (4174, 4190, 4193, 2224, 3.060, 241.57, 42.60, 3.058, 241.61, 42.61, 0.003, 16.76, -25.61);
insert into SHOT values (4175, 4190, 4194, 2224, 1.180, 349.17, 50.90, 1.175, 349.14, 50.76, 0.006, 187.64, -80.67);
insert into SHOT values (4176, 4190, 4195, 2224, 0.830, 56.77, 7.60, 0.831, 56.89, 7.61, 0.002, 115.61, 6.32);
insert into SHOT values (4177, 4190, 4196, 2224, 0.630, 108.87, 4.20, 0.637, 109.29, 3.60, 0.011, 141.41, -35.11);
insert into SHOT values (4178, 4190, 4197, 2224, 2.140, 157.57, 65.50, 2.133, 157.48, 65.41, 0.007, 78.01, -79.37);
insert into SHOT values (4179, 4190, 4198, 2224, 8.340, 332.77, 87.10, 8.340, 332.82, 87.14, 0.006, 149.16, 6.45);
insert into SHOT values (4180, 4190, 4199, 2224, 12.300, 263.77, 67.70, 12.300, 263.73, 67.70, 0.003, 185.01, -1.41);
insert into SHOT values (4181, 4190, 4200, 2224, 11.080, 262.67, 74.40, 11.077, 262.66, 74.42, 0.006, 86.43, -19.26);
insert into SHOT values (4182, 4190, 4201, 2224, 5.880, 33.47, 62.80, 5.879, 33.45, 62.83, 0.003, 225.35, 4.37);
insert into SHOT values (4183, 4190, 4202, 2224, 7.490, 33.87, 78.30, 7.486, 34.00, 78.29, 0.006, 108.20, -49.22);
insert into SHOT values (4184, 4190, 4203, 2224, 9.660, 39.37, 82.70, 9.659, 39.39, 82.69, 0.002, 53.98, -43.36);
insert into SHOT values (4185, 4190, 4204, 2224, 2.340, 326.07, 68.80, 2.337, 326.12, 68.86, 0.004, 131.26, -27.41);
insert into SHOT values (4186, 4190, 4205, 2224, 3.010, 151.67, 70.50, 3.005, 151.66, 70.34, 0.010, 150.76, -48.82);
insert into SHOT values (4187, 4190, 4206, 2224, 4.910, 46.57, -53.50, 4.900, 45.84, -53.92, 0.053, 272.33, -14.40);
insert into SHOT values (4188, 4206, 4207, 2224, 3.950, 230.77, 86.50, 3.957, 231.71, 86.49, 0.008, 308.04, 60.99);
insert into SHOT values (4189, 4206, 4208, 2224, 1.180, 129.67, 24.30, 1.180, 129.33, 24.54, 0.008, 18.30, 32.87);
insert into SHOT values (4190, 4206, 4209, 2224, 1.130, 286.07, 14.10, 1.130, 286.45, 14.35, 0.009, 25.20, 32.53);
insert into SHOT values (4191, 4206, 4210, 2224, 1.720, 243.17, 26.60, 1.716, 243.27, 26.66, 0.005, 29.02, -1.73);
insert into SHOT values (4192, 4206, 4211, 2224, 3.040, 214.27, 29.70, 3.042, 214.35, 29.76, 0.005, 305.63, 44.01);
insert into SHOT values (4193, 4206, 4212, 2224, 1.500, 188.07, 32.60, 1.500, 188.19, 32.68, 0.003, 293.72, 32.25);
insert into SHOT values (4194, 4206, 4213, 2224, 2.830, 222.17, 67.10, 2.831, 222.41, 67.20, 0.007, 353.01, 25.92);
insert into SHOT values (4195, 4206, 4214, 2224, 1.440, 304.27, 38.40, 1.515, 304.09, 37.88, 0.076, 301.09, 27.95);
insert into SHOT values (4196, 4214, 4215, 2224, 0.470, 53.47, 3.30, 0.472, 53.62, 2.43, 0.008, 77.18, -66.60);
insert into SHOT values (4197, 4214, 4216, 2224, 1.820, 124.97, 87.10, 1.812, 122.01, 87.02, 0.009, 58.62, -55.25);
insert into SHOT values (4198, 4214, 4217, 2224, 2.150, 33.57, -79.20, 2.158, 32.91, -79.19, 0.010, 327.48, -57.68);
insert into SHOT values (4199, 4214, 4218, 2224, 3.250, 319.37, -57.10, 3.311, 318.99, -56.47, 0.072, 308.66, -25.83);
insert into SHOT values (4200, 4218, 4219, 2224, 0.360, 51.47, 1.20, 0.362, 50.60, 0.00, 0.010, 345.02, -51.56);
insert into SHOT values (4201, 4218, 4220, 2224, 1.270, 129.27, -84.30, 1.276, 128.66, -84.24, 0.007, 94.02, -69.48);
insert into SHOT values (4202, 4218, 4221, 2224, 2.470, 354.97, 86.60, 2.465, 356.19, 86.50, 0.008, 34.97, -48.64);
insert into SHOT values (4203, 4218, 4222, 2224, 1.290, 142.77, 19.10, 1.290, 142.66, 19.00, 0.003, 77.78, -40.25);
insert into SHOT values (4204, 4218, 4223, 2224, 1.160, 143.77, 34.00, 1.152, 143.49, 33.74, 0.010, 15.40, -55.65);
insert into SHOT values (4205, 4218, 4224, 2224, 4.760, 141.57, 42.50, 4.756, 141.60, 42.45, 0.006, 237.49, -73.16);
insert into SHOT values (4206, 4218, 4225, 2224, 5.180, 141.97, 52.00, 5.180, 141.87, 51.97, 0.006, 69.41, -19.14);
insert into SHOT values (4207, 4218, 4226, 2224, 2.720, 139.87, 26.60, 2.718, 139.83, 26.43, 0.008, 103.16, -73.07);
insert into SHOT values (4208, 4218, 4227, 2224, 1.670, 137.87, 14.60, 1.675, 137.75, 14.52, 0.006, 104.80, -8.99);
insert into SHOT values (4209, 4218, 4228, 2224, 2.280, 336.87, -39.00, 2.352, 336.23, -38.69, 0.076, 319.06, -27.70);
insert into SHOT values (4210, 4228, 4229, 2224, 0.500, 233.17, 17.10, 0.501, 232.65, 17.42, 0.005, 144.51, 34.69);
insert into SHOT values (4211, 4228, 4230, 2224, 0.260, 53.37, 4.00, 0.259, 54.46, 4.43, 0.005, 158.60, 20.02);
insert into SHOT values (4212, 4228, 4231, 2224, 33.350, 9.47, -84.70, 33.352, 9.55, -84.71, 0.010, 158.84, -15.63);
insert into SHOT values (4213, 4228, 4232, 2224, 1.690, 282.07, 82.70, 1.694, 280.78, 82.75, 0.006, 180.06, 37.10);
insert into SHOT values (4214, 4228, 4233, 2224, 2.530, 270.57, -70.90, 2.572, 271.32, -70.22, 0.053, 285.65, -33.76);
insert into SHOT values (4215, 4233, 4234, 2224, 1.160, 59.57, 1.00, 1.156, 59.89, 0.99, 0.007, 180.16, -1.87);
insert into SHOT values (4216, 4233, 4235, 2224, 1.540, 1.87, 39.40, 1.534, 1.94, 39.69, 0.010, 172.48, 14.89);
insert into SHOT values (4217, 4233, 4236, 2224, 5.710, 117.47, -77.70, 5.712, 117.82, -77.66, 0.009, 175.47, -6.79);
insert into SHOT values (4218, 4233, 4237, 2224, 34.440, 34.07, -84.00, 34.439, 34.13, -84.00, 0.004, 121.98, 18.11);
insert into SHOT values (4219, 4233, 4238, 2224, 8.190, 340.77, 8.70, 8.188, 340.74, 8.71, 0.005, 218.67, 13.24);
insert into SHOT values (4220, 4233, 4239, 2224, 6.050, 348.07, 5.80, 6.041, 348.09, 5.89, 0.013, 152.90, 40.58);
insert into SHOT values (4221, 4233, 4240, 2224, 2.340, 5.97, 13.20, 2.336, 6.06, 13.37, 0.009, 151.36, 40.41);
insert into SHOT values (4222, 4233, 4241, 2224, 1.480, 27.07, 5.10, 1.478, 27.09, 5.44, 0.009, 196.02, 71.65);
insert into SHOT values (4223, 4233, 4242, 2224, 10.640, 348.77, -47.30, 10.636, 348.72, -47.33, 0.009, 210.54, -3.40);
insert into SHOT values (4224, 4233, 4243, 2224, 8.780, 0.57, -50.30, 8.771, 0.61, -50.32, 0.011, 150.76, 29.83);
insert into SHOT values (4225, 4233, 4244, 2224, 3.350, 23.67, -55.20, 3.349, 23.75, -55.19, 0.003, 113.30, 17.08);
insert into SHOT values (4226, 4233, 4245, 2224, 8.640, 3.97, -50.80, 8.631, 4.00, -50.82, 0.010, 163.60, 34.69);
insert into SHOT values (4227, 4233, 4246, 2224, 13.990, 355.67, -66.40, 13.988, 355.70, -66.42, 0.006, 146.69, -0.84);
insert into SHOT values (4228, 4233, 4247, 2224, 4.230, 355.87, 17.90, 4.268, 355.06, 17.73, 0.069, 300.47, -0.10);
insert into SHOT values (4229, 4247, 4248, 2224, 4.310, 355.77, 18.00, 4.311, 355.80, 17.97, 0.004, 50.56, -29.06);
insert into SHOT values (4230, 4247, 4249, 2224, 1.230, 257.57, 3.10, 1.230, 257.77, 3.26, 0.006, 352.24, 37.88);
insert into SHOT values (4231, 4247, 4250, 2224, 2.660, 253.27, 71.50, 2.658, 253.50, 71.47, 0.004, 330.41, -36.26);
insert into SHOT values (4232, 4247, 4251, 2224, 2.070, 199.67, -13.60, 2.064, 199.52, -13.73, 0.009, 57.15, -21.02);
insert into SHOT values (4233, 4247, 4252, 2224, 1.150, 231.07, -7.40, 1.141, 231.10, -7.56, 0.010, 46.86, -10.95);
insert into SHOT values (4234, 4247, 4253, 2224, 0.240, 158.17, -73.70, 0.240, 153.43, -73.74, 0.006, 62.94, 3.64);
insert into SHOT values (4235, 4247, 4254, 2224, 34.210, 139.27, -82.20, 34.207, 139.28, -82.20, 0.004, 168.91, 61.24);
insert into SHOT values (4236, 4247, 4255, 2224, 3.370, 332.57, 15.80, 3.440, 332.12, 15.51, 0.076, 312.84, 1.81);
insert into SHOT values (4237, 4255, 4256, 2224, 1.380, 143.37, 64.70, 1.339, 144.58, 65.65, 0.048, 306.10, -34.99);
insert into SURVEY values (2226, 2211, 'escalade_bas_corneilles', 'escalade_bas_corneilles.Corneilles.Ded.Ded', 'escalade bas corneilles');
 insert into CENTRELINE values (2227, 2226, NULL, NULL, NULL, 0.00, 0.00, 0.00);
 insert into CENTRELINE values (2228, 2226, NULL, '2022-07-09', NULL, 19.76, 0.00, 0.00);
 insert into TOPO values (1, 2228);
 insert into TOPO values (2, 2228);
 insert into SHOT values (4238, 4257, 4258, 2228, 2.050, 248.87, 0.30, 2.058, 248.92, 0.28, 0.008, 263.60, -5.27);
insert into SHOT values (4239, 4257, 4259, 2228, 2.480, 213.97, 3.40, 2.490, 214.01, 3.45, 0.010, 225.28, 16.84);
insert into SHOT values (4240, 4257, 4260, 2228, 1.810, 185.87, 4.20, 1.815, 186.03, 4.42, 0.010, 231.92, 46.77);
insert into SHOT values (4241, 4257, 4261, 2228, 0.300, 147.97, 8.80, 0.296, 149.04, 9.73, 0.008, 280.37, 29.10);
insert into SHOT values (4242, 4257, 4262, 2228, 2.690, 245.77, -66.50, 2.684, 245.82, -66.41, 0.007, 278.30, 74.53);
insert into SHOT values (4243, 4257, 4263, 2228, 8.850, 274.77, 78.10, 8.850, 274.71, 78.09, 0.002, 220.72, 5.19);
insert into SHOT values (4244, 4263, 4264, 2228, 0.860, 3.67, -3.90, 0.853, 3.37, -3.36, 0.012, 217.88, 46.99);
insert into SHOT values (4245, 4263, 4265, 2228, 0.890, 298.97, -4.90, 0.893, 298.87, -4.49, 0.007, 277.56, 55.00);
insert into SHOT values (4246, 4263, 4266, 2228, 0.950, 341.27, 3.60, 0.954, 340.99, 3.61, 0.006, 290.99, 3.40);
insert into SHOT values (4247, 4263, 4267, 2228, 1.170, 273.77, -3.70, 1.174, 273.42, -3.42, 0.010, 216.55, 33.45);
insert into SHOT values (4248, 4263, 4268, 2228, 0.970, 233.27, -5.10, 0.975, 233.37, -4.71, 0.009, 249.40, 45.65);
insert into SHOT values (4249, 4263, 4269, 2228, 0.750, 202.07, -2.50, 0.755, 201.80, -2.28, 0.006, 165.10, 25.11);
insert into SHOT values (4250, 4263, 4270, 2228, 4.840, 345.97, 83.70, 4.839, 345.70, 83.76, 0.005, 192.93, -8.13);
insert into SHOT values (4251, 4263, 4271, 2228, 4.840, 346.07, 83.70, 4.839, 345.70, 83.76, 0.006, 201.01, -7.47);
insert into SHOT values (4252, 4271, 4272, 2228, 0.650, 35.77, 11.80, 0.653, 35.43, 12.37, 0.008, 333.22, 59.45);
insert into SHOT values (4253, 4271, 4273, 2228, 0.690, 356.57, 10.40, 0.693, 356.63, 10.80, 0.006, 14.26, 64.16);
insert into SHOT values (4254, 4271, 4274, 2228, 0.630, 331.47, 2.20, 0.636, 331.82, 2.70, 0.009, 5.89, 39.85);
insert into SHOT values (4255, 4271, 4275, 2228, 0.760, 302.27, -1.30, 0.760, 302.64, -0.75, 0.009, 29.47, 55.24);
insert into SHOT values (4256, 4271, 4276, 2228, 0.810, 271.57, -2.30, 0.811, 272.12, -2.12, 0.008, 353.09, 17.53);
insert into SHOT values (4257, 4271, 4277, 2228, 0.880, 292.47, -2.90, 0.879, 292.77, -2.61, 0.007, 27.62, 44.00);
insert into SHOT values (4258, 4271, 4278, 2228, 6.070, 19.57, 69.20, 6.075, 19.53, 69.23, 0.006, 241.09, 69.18);
insert into SHOT values (4259, 4278, 4279, 2228, 0.230, 114.97, -30.20, 0.231, 113.96, -31.35, 0.006, 356.94, -47.77);
insert into SHOT values (4260, 4278, 4280, 2228, 0.510, 311.47, -11.40, 0.512, 312.58, -11.26, 0.010, 27.33, 4.57);
insert into SHOT values (4261, 4278, 4281, 2228, 0.620, 24.37, -21.70, 0.626, 24.36, -21.57, 0.006, 23.99, -7.51);
insert into SHOT values (4262, 4278, 4282, 2228, 0.670, 63.07, 3.00, 0.676, 62.68, 2.54, 0.009, 26.75, -33.13);
insert into SHOT values (4263, 4278, 4283, 2228, 3.910, 328.67, 67.20, 3.908, 328.71, 67.09, 0.008, 340.38, -36.06);
insert into SHOT values (4264, 4278, 4284, 2228, 2.470, 309.87, 58.90, 2.467, 309.92, 58.80, 0.005, 341.37, -65.08);
insert into SHOT values (4265, 4278, 4285, 2228, 2.190, 295.77, 56.30, 2.187, 295.93, 56.34, 0.005, 67.36, -23.03);
insert into SHOT values (4266, 4278, 4286, 2228, 2.500, 345.57, 57.50, 2.505, 345.86, 57.37, 0.010, 27.78, 8.37);
insert into SHOT values (4267, 4278, 4287, 2228, 3.940, 338.27, 66.20, 3.937, 338.27, 66.13, 0.006, 337.88, -56.27);
insert into SHOT values (4268, 4278, 4288, 2228, 3.870, 311.47, 66.90, 3.872, 311.54, 66.84, 0.005, 334.03, 3.26);
insert into SCRAPS values (2230, 2211, 'SP-Corneilles-1', 1, 5.74576, 0.68194);
 insert into SCRAPS values (2247, 2211, 'SP-Corneilles-3', 1, 31.50867, 2.13180);
 insert into SCRAPS values (2262, 2211, 'SP-Corneilles-2', 1, 22.53273, 1.42026);
 insert into SCRAPS values (2282, 2211, 'SP-Corneilles-5', 1, 49.63303, 3.97241);
 insert into SCRAPS values (2302, 2211, 'SP-Corneilles-4', 1, 17.55323, 2.05667);
 insert into SCRAPS values (2321, 2211, 'SP-Corneilles-6', 1, 0.49757, 0.11281);
 insert into SCRAPS values (2329, 2211, 'SC-Corneilles-1', 2, 29.22124, 1.37932);
 insert into SCRAPS values (2363, 2211, 'SC-Corneilles-3', 2, 45.03651, 2.10668);
 insert into SCRAPS values (2398, 2211, 'SC-Corneilles-4', 2, 50.08014, 2.27351);
 insert into SCRAPS values (2420, 2211, 'SC-Corneilles-2', 2, 9.82315, 0.51951);
 insert into MAPS values (2429, 2211, 'MP-Corneilles-plan-tot', 'Corneilles', 1, 181.140, -83.240);
 insert into MAPITEMS values (2429, 4, 2321);
 insert into MAPITEMS values (2429, 4, 2302);
 insert into MAPITEMS values (2429, 4, 2282);
 insert into MAPITEMS values (2429, 4, 2247);
 insert into MAPITEMS values (2429, 4, 2230);
 insert into MAPITEMS values (2429, 4, 2262);
 insert into MAPS values (2430, 2211, 'MC-Corneilles-coupe-tot', 'Corneilles', 2, 181.140, -83.240);
 insert into MAPITEMS values (2430, 4, 2398);
 insert into MAPITEMS values (2430, 4, 2420);
 insert into MAPITEMS values (2430, 4, 2329);
 insert into MAPITEMS values (2430, 4, 2363);
 insert into SURVEY values (2432, 53, 'val_ref', 'val_ref.Ded.Ded', 'val_ref');
 insert into CENTRELINE values (2433, 2432, NULL, NULL, NULL, 0.00, 0.00, 0.00);
 insert into SURVEY values (2434, 2432, 'val_ref', 'val_ref.val_ref.Ded.Ded', 'val_ref');
 insert into CENTRELINE values (2435, 2434, NULL, NULL, NULL, 0.00, 0.00, 0.00);
 insert into CENTRELINE values (2436, 2434, NULL, '2022-04-17', NULL, 0.00, 74.97, 0.00);
 insert into TOPO values (2, 2436);
 insert into TOPO values (33, 2436);
 insert into SHOT values (4269, 4289, 4290, 2436, 7.620, 335.23, -19.30, 7.819, 335.02, -18.03, 0.264, 328.88, 21.89);
insert into SHOT_FLAG values(4269, 'srf');
insert into SHOT values (4270, 4290, 4291, 2436, 10.930, 328.33, -13.40, 11.134, 328.37, -12.08, 0.326, 330.00, 38.51);
insert into SHOT_FLAG values(4270, 'srf');
insert into SHOT values (4271, 4291, 4292, 2436, 11.610, 337.43, -4.10, 11.821, 336.95, -3.25, 0.290, 313.57, 33.50);
insert into SHOT_FLAG values(4271, 'srf');
insert into SHOT values (4272, 4292, 4293, 2436, 9.850, 340.73, 6.00, 10.065, 340.13, 6.22, 0.241, 314.28, 14.52);
insert into SHOT_FLAG values(4272, 'srf');
insert into SHOT values (4273, 4293, 4294, 2436, 10.260, 342.73, 14.00, 10.479, 342.03, 13.80, 0.254, 313.27, 4.04);
insert into SHOT_FLAG values(4273, 'srf');
insert into SHOT values (4274, 4294, 4295, 2436, 10.450, 347.13, 16.00, 10.663, 346.19, 15.67, 0.277, 309.84, -0.08);
insert into SHOT_FLAG values(4274, 'srf');
insert into SHOT values (4275, 4295, 4296, 2436, 14.250, 340.13, 15.50, 14.465, 339.37, 15.11, 0.299, 301.67, -7.32);
insert into SHOT_FLAG values(4275, 'srf');
insert into SURVEY values (2439, 53, 'SE-tot', 'SE-tot.Ded.Ded', 'Suite escalade');
 insert into CENTRELINE values (2440, 2439, NULL, NULL, NULL, 0.00, 0.00, 0.00);
 insert into SURVEY values (2441, 2439, 'Suite_escalade', 'Suite_escalade.SE-tot.Ded.Ded', 'Suite escalade');
 insert into CENTRELINE values (2442, 2441, NULL, NULL, NULL, 0.00, 0.00, 0.00);
 insert into CENTRELINE values (2443, 2441, NULL, '2022-08-23', NULL, 78.18, 0.00, 0.00);
 insert into PERSON values (45, 'Coline', 'Camus(Speleo Campus)');
insert into TOPO values (45, 2443);
 insert into TOPO values (2, 2443);
 insert into SHOT values (4276, 4297, 4298, 2443, 2.020, 121.19, 0.20, 2.019, 121.01, 0.00, 0.009, 17.79, -48.26);
insert into SHOT values (4277, 4297, 4299, 2443, 2.600, 288.59, -2.70, 2.599, 288.64, -2.87, 0.008, 36.82, -69.76);
insert into SHOT values (4278, 4297, 4300, 2443, 5.260, 255.39, 77.10, 5.251, 255.61, 77.16, 0.011, 45.12, -39.15);
insert into SHOT values (4279, 4297, 4301, 2443, 6.710, 98.79, -71.80, 6.715, 98.79, -71.82, 0.006, 275.97, -78.27);
insert into SHOT values (4280, 4297, 4302, 2443, 4.380, 214.89, 43.30, 4.373, 214.89, 43.31, 0.007, 33.45, -34.07);
insert into SHOT values (4281, 4297, 4303, 2443, 1.940, 130.19, 19.40, 1.940, 130.13, 19.27, 0.005, 70.07, -63.25);
insert into SHOT values (4282, 4297, 4304, 2443, 2.770, 157.09, 14.80, 2.765, 156.89, 14.67, 0.013, 47.10, -37.31);
insert into SHOT values (4283, 4297, 4305, 2443, 1.760, 201.49, 1.50, 1.752, 201.44, 1.31, 0.010, 31.83, -35.89);
insert into SHOT values (4284, 4297, 4306, 2443, 1.280, 268.59, -4.40, 1.274, 268.65, -4.50, 0.006, 75.69, -16.63);
insert into SHOT values (4285, 4297, 4307, 2443, 2.970, 302.79, -36.50, 2.970, 303.02, -36.58, 0.011, 44.79, -18.46);
insert into SHOT values (4286, 4297, 4308, 2443, 2.470, 286.29, -68.60, 2.469, 286.82, -68.66, 0.009, 34.99, -1.89);
insert into SHOT values (4287, 4297, 4309, 2443, 7.100, 189.19, -85.80, 7.099, 188.91, -85.83, 0.005, 42.20, 11.75);
insert into SHOT values (4288, 4297, 4310, 2443, 7.530, 137.69, -76.10, 7.530, 137.47, -76.13, 0.008, 16.44, -3.63);
insert into SHOT values (4289, 4297, 4311, 2443, 6.850, 140.49, -77.80, 6.853, 140.35, -77.86, 0.008, 351.25, -34.49);
insert into SHOT values (4290, 4297, 4312, 2443, 7.340, 262.99, 68.60, 7.337, 263.14, 68.58, 0.008, 345.29, -28.52);
insert into SHOT values (4291, 4297, 4313, 2443, 8.320, 223.39, 58.20, 8.325, 223.06, 58.26, 0.027, 122.51, 19.14);
insert into SHOT values (4292, 4313, 4314, 2443, 6.640, 231.39, -3.30, 6.642, 231.37, -3.28, 0.004, 185.73, 35.90);
insert into SHOT values (4293, 4313, 4315, 2443, 3.000, 251.49, -0.80, 2.995, 251.50, -0.77, 0.005, 60.67, 20.23);
insert into SHOT values (4294, 4313, 4316, 2443, 1.860, 279.89, -2.80, 1.860, 279.92, -2.77, 0.001, 10.55, 39.25);
insert into SHOT values (4295, 4313, 4317, 2443, 1.210, 81.89, -2.50, 1.213, 81.94, -2.36, 0.004, 100.74, 40.01);
insert into SHOT values (4296, 4313, 4318, 2443, 2.130, 49.59, 1.20, 2.136, 49.75, 1.07, 0.010, 93.88, -28.09);
insert into SHOT values (4297, 4313, 4319, 2443, 1.850, 22.79, -3.80, 1.850, 22.95, -3.72, 0.006, 110.20, 25.70);
insert into SHOT values (4298, 4313, 4320, 2443, 1.360, 50.99, -84.30, 1.357, 50.71, -83.99, 0.008, 45.45, 24.82);
insert into SHOT values (4299, 4313, 4321, 2443, 11.500, 57.09, 85.50, 11.496, 57.19, 85.49, 0.005, 96.23, -60.62);
insert into SHOT values (4300, 4313, 4322, 2443, 3.120, 246.59, -2.40, 3.096, 246.17, -2.41, 0.033, 110.27, 1.15);
insert into SHOT values (4301, 4322, 4323, 2443, 3.740, 196.19, -8.30, 3.738, 196.33, -8.31, 0.009, 296.29, -0.66);
insert into SHOT values (4302, 4322, 4324, 2443, 6.840, 206.19, -60.60, 6.832, 206.34, -60.56, 0.013, 290.94, 45.87);
insert into SHOT values (4303, 4322, 4325, 2443, 9.770, 216.69, -69.80, 9.761, 216.80, -69.79, 0.011, 319.65, 52.40);
insert into SHOT values (4304, 4322, 4326, 2443, 4.790, 207.09, -73.90, 4.788, 207.34, -73.89, 0.006, 297.14, 20.16);
insert into SHOT values (4305, 4322, 4327, 2443, 2.510, 198.69, -81.70, 2.506, 199.44, -81.73, 0.006, 309.57, 36.15);
insert into SHOT values (4306, 4322, 4328, 2443, 5.630, 51.39, -74.20, 5.622, 51.11, -74.22, 0.011, 293.22, 40.68);
insert into SHOT values (4307, 4322, 4329, 2443, 1.580, 103.29, -4.40, 1.576, 103.24, -4.37, 0.004, 302.66, 17.85);
insert into SHOT values (4308, 4322, 4330, 2443, 1.670, 151.59, -3.00, 1.662, 151.58, -2.76, 0.011, 332.41, 43.93);
insert into SHOT values (4309, 4322, 4331, 2443, 3.070, 177.29, -3.00, 3.067, 177.38, -2.99, 0.006, 294.54, 6.75);
insert into SHOT values (4310, 4322, 4332, 2443, 7.660, 186.89, 59.50, 7.660, 186.94, 59.49, 0.004, 265.55, -1.17);
insert into SHOT values (4311, 4322, 4333, 2443, 8.070, 159.49, 78.80, 8.072, 159.70, 78.88, 0.013, 310.98, 16.69);
insert into SHOT values (4312, 4322, 4334, 2443, 7.460, 55.69, 74.60, 7.467, 55.51, 74.64, 0.011, 297.27, 48.04);
insert into SHOT values (4313, 4322, 4335, 2443, 2.230, 47.49, 10.80, 2.227, 47.41, 10.87, 0.005, 266.67, 24.68);
insert into SHOT values (4314, 4322, 4336, 2443, 2.560, 35.99, -13.70, 2.564, 35.86, -13.54, 0.010, 349.16, 39.59);
insert into SHOT values (4315, 4322, 4337, 2443, 8.480, 117.09, 81.70, 8.499, 117.16, 81.25, 0.069, 118.48, 7.35);
insert into SHOT values (4316, 4337, 4338, 2443, 0.950, 15.39, 12.90, 0.945, 15.09, 12.83, 0.007, 243.55, -18.17);
insert into SHOT values (4317, 4337, 4339, 2443, 1.060, 39.59, 15.00, 1.058, 39.45, 14.78, 0.005, 290.71, -58.87);
insert into SHOT values (4318, 4337, 4340, 2443, 0.460, 322.69, -1.40, 0.464, 322.88, -1.23, 0.005, 343.76, 15.60);
insert into SHOT values (4319, 4337, 4341, 2443, 0.580, 261.99, -1.30, 0.586, 262.15, -0.98, 0.007, 278.21, 28.28);
insert into SHOT values (4320, 4337, 4342, 2443, 1.630, 238.79, -0.40, 1.633, 239.04, -0.35, 0.008, 308.10, 10.27);
insert into SHOT values (4321, 4337, 4343, 2443, 0.720, 33.49, -25.50, 0.719, 33.69, -25.53, 0.002, 144.05, -0.74);
insert into SHOT values (4322, 4337, 4344, 2443, 5.460, 42.09, 77.30, 5.463, 41.95, 77.35, 0.006, 259.61, 37.82);
insert into SHOT values (4323, 4337, 4345, 2443, 5.790, 23.69, 81.30, 5.786, 23.63, 81.32, 0.004, 222.18, -51.08);
insert into SHOT values (4324, 4337, 4346, 2443, 5.280, 304.69, 81.30, 5.285, 304.32, 81.70, 0.038, 132.52, 16.52);
insert into SHOT values (4325, 4346, 4347, 2443, 0.320, 164.89, -5.10, 0.312, 165.07, -5.52, 0.008, 338.05, -10.59);
insert into SHOT values (4326, 4346, 4348, 2443, 0.620, 104.59, -4.70, 0.620, 104.04, -4.62, 0.006, 19.61, 7.66);
insert into SHOT values (4327, 4346, 4349, 2443, 1.920, 83.59, -14.60, 1.916, 83.49, -14.82, 0.009, 290.99, -41.44);
insert into SHOT values (4328, 4346, 4350, 2443, 0.370, 184.29, 0.80, 0.371, 184.64, 0.00, 0.006, 245.50, -63.44);
insert into SHOT values (4329, 4346, 4351, 2443, 0.770, 221.19, -82.40, 0.766, 225.00, -82.58, 0.008, 336.12, 24.02);
insert into SHOT values (4330, 4346, 4352, 2443, 5.170, 112.49, -85.60, 5.175, 112.07, -85.58, 0.007, 64.24, -53.28);
insert into SHOT values (4331, 4346, 4353, 2443, 0.870, 99.79, 85.90, 0.872, 99.46, 86.00, 0.003, 293.81, 57.50);
insert into SHOT values (4332, 4346, 4354, 2443, 0.950, 95.69, 34.40, 0.951, 95.13, 34.59, 0.008, 359.99, 23.18);
insert into SHOT values (4333, 4346, 4355, 2443, 3.140, 250.59, 23.60, 3.130, 250.43, 23.74, 0.015, 104.61, 11.53);
insert into SHOT values (4334, 4355, 4356, 2443, 1.920, 348.19, 7.00, 1.914, 348.16, 6.90, 0.007, 178.32, -36.84);
insert into SHOT values (4335, 4355, 4357, 2443, 1.500, 43.69, -2.10, 1.501, 43.92, -2.29, 0.008, 130.60, -39.52);
insert into SHOT values (4336, 4355, 4358, 2443, 2.010, 329.19, 23.50, 2.005, 329.25, 23.52, 0.005, 126.13, -15.85);
insert into SHOT values (4337, 4355, 4359, 2443, 4.330, 50.39, 82.10, 4.331, 50.44, 82.08, 0.002, 70.72, 33.98);
insert into SHOT values (4338, 4355, 4360, 2443, 1.570, 6.99, -80.10, 1.574, 8.43, -80.01, 0.008, 73.85, -24.36);
insert into SHOT values (4339, 4355, 4361, 2443, 0.460, 130.79, 5.70, 0.463, 130.60, 4.96, 0.007, 106.19, -57.86);
insert into SHOT values (4340, 4355, 4362, 2443, 1.720, 89.49, -1.20, 1.720, 89.67, -1.33, 0.007, 175.29, -36.18);
insert into SHOT values (4341, 4355, 4363, 2443, 4.510, 228.39, 31.40, 4.507, 228.27, 31.43, 0.009, 113.59, 1.61);
insert into SHOT values (4342, 4355, 4364, 2443, 7.040, 239.69, 35.80, 7.034, 239.66, 35.86, 0.010, 77.81, 11.40);
insert into SHOT values (4343, 4355, 4365, 2443, 1.980, 251.69, 40.10, 1.972, 251.44, 40.10, 0.010, 117.62, -31.25);
insert into SHOT values (4344, 4355, 4366, 2443, 2.120, 268.79, 45.20, 2.114, 268.85, 45.19, 0.006, 64.76, -48.04);
insert into SHOT values (4345, 4355, 4367, 2443, 12.130, 278.89, 41.90, 12.110, 278.56, 42.42, 0.124, 128.90, 33.90);
insert into SHOT values (4346, 4367, 4368, 2443, 8.690, 86.59, -39.80, 8.691, 86.56, -39.86, 0.009, 298.27, -55.33);
insert into SHOT values (4347, 4367, 4369, 2443, 9.310, 100.69, -40.50, 9.315, 100.66, -40.51, 0.006, 51.23, -39.89);
insert into SHOT values (4348, 4367, 4370, 2443, 10.600, 114.99, -39.30, 10.606, 114.94, -39.32, 0.009, 45.98, -41.63);
insert into SHOT values (4349, 4367, 4371, 2443, 7.750, 135.79, -37.20, 7.753, 135.72, -37.22, 0.008, 49.27, -32.13);
insert into SHOT values (4350, 4367, 4372, 2443, 3.920, 171.29, -27.00, 3.918, 171.27, -27.02, 0.003, 19.31, -7.90);
insert into SHOT values (4351, 4367, 4373, 2443, 1.570, 193.99, -13.00, 1.567, 194.04, -13.28, 0.008, 356.42, -57.09);
insert into SHOT values (4352, 4367, 4374, 2443, 2.940, 188.89, 61.00, 2.940, 188.87, 60.96, 0.002, 174.34, -37.88);
insert into SHOT values (4353, 4367, 4375, 2443, 2.170, 63.29, -68.70, 2.177, 62.78, -68.81, 0.011, 323.92, -49.64);
insert into SHOT values (4354, 4367, 4376, 2443, 3.070, 106.99, -61.80, 3.075, 106.81, -61.82, 0.006, 33.81, -43.75);
insert into SHOT values (4355, 4367, 4377, 2443, 5.610, 103.09, -48.40, 5.614, 103.03, -48.42, 0.006, 32.35, -51.03);
insert into SHOT values (4356, 4367, 4378, 2443, 6.610, 121.69, -45.80, 6.610, 121.69, -45.82, 0.002, 292.78, -39.94);
insert into SHOT values (4357, 4367, 4379, 2443, 3.170, 152.49, -51.30, 3.177, 152.40, -51.31, 0.008, 116.12, -51.05);
insert into SHOT values (4358, 4367, 4380, 2443, 2.060, 239.39, -34.00, 2.065, 239.38, -34.18, 0.008, 216.62, -87.39);
insert into SHOT values (4359, 4367, 4381, 2443, 1.730, 294.09, -41.50, 1.731, 294.19, -41.64, 0.005, 67.14, -49.55);
insert into SHOT values (4360, 4367, 4382, 2443, 3.930, 291.39, 18.20, 3.900, 291.23, 18.38, 0.034, 129.09, 4.26);
insert into SHOT values (4361, 4382, 4383, 2443, 0.710, 58.39, 11.70, 0.719, 58.34, 11.23, 0.010, 54.97, -22.34);
insert into SHOT values (4362, 4382, 4384, 2443, 0.280, 196.59, -0.60, 0.282, 196.50, -2.03, 0.007, 182.63, -76.73);
insert into SHOT values (4363, 4382, 4385, 2443, 0.570, 152.49, -81.70, 0.576, 150.26, -81.95, 0.007, 33.74, -59.05);
insert into SHOT values (4364, 4382, 4386, 2443, 2.230, 12.89, 85.60, 2.227, 13.24, 85.50, 0.005, 29.78, -42.69);
insert into SHOT values (4365, 4382, 4387, 2443, 5.950, 324.29, 8.00, 5.954, 324.32, 7.92, 0.010, 354.58, -53.48);
insert into SHOT values (4366, 4382, 4388, 2443, 5.950, 319.59, 8.10, 5.913, 319.64, 8.17, 0.038, 130.87, 2.45);
insert into SHOT values (4367, 4388, 4389, 2443, 3.700, 187.49, 3.50, 3.698, 187.47, 3.57, 0.005, 35.66, 64.18);
insert into SHOT values (4368, 4388, 4390, 2443, 4.650, 216.49, 12.20, 4.655, 216.42, 12.28, 0.010, 156.15, 49.02);
insert into SHOT values (4369, 4388, 4391, 2443, 2.550, 266.39, -1.60, 2.546, 266.40, -1.58, 0.004, 80.38, 16.73);
insert into SHOT values (4370, 4388, 4392, 2443, 1.760, 89.59, -14.00, 1.761, 89.66, -13.80, 0.007, 135.12, 60.33);
insert into SHOT values (4371, 4388, 4393, 2443, 2.750, 113.79, -12.10, 2.750, 113.90, -11.96, 0.008, 185.20, 49.44);
insert into SHOT values (4372, 4388, 4394, 2443, 3.600, 141.19, -5.10, 3.598, 141.12, -5.10, 0.005, 32.04, 0.24);
insert into SHOT values (4373, 4388, 4395, 2443, 4.310, 177.19, 42.80, 4.312, 177.10, 42.80, 0.005, 106.81, 17.93);
insert into SHOT values (4374, 4388, 4396, 2443, 5.680, 202.29, 44.90, 5.677, 202.23, 44.94, 0.006, 63.97, 5.75);
insert into SHOT values (4375, 4388, 4397, 2443, 6.080, 224.49, 51.70, 6.087, 224.46, 51.74, 0.009, 161.36, 78.49);
insert into SHOT values (4376, 4388, 4398, 2443, 5.320, 198.99, 68.00, 5.328, 198.71, 68.00, 0.012, 123.36, 36.37);
insert into SHOT values (4377, 4388, 4399, 2443, 8.780, 240.59, 72.80, 8.783, 240.47, 72.80, 0.006, 161.55, 27.15);
insert into SHOT values (4378, 4388, 4400, 2443, 10.540, 269.99, 66.50, 10.543, 270.00, 66.52, 0.005, 70.19, 54.45);
insert into SHOT values (4379, 4388, 4401, 2443, 10.800, 273.49, 60.50, 10.791, 273.18, 61.02, 0.103, 110.70, 23.04);
insert into SHOT values (4380, 4401, 4402, 2443, 0.390, 17.79, -4.70, 0.390, 17.97, -4.41, 0.002, 94.98, 56.93);
insert into SHOT values (4381, 4401, 4403, 2443, 0.290, 6.49, 80.20, 0.294, 0.00, 80.22, 0.007, 279.72, 36.80);
insert into SHOT values (4382, 4401, 4404, 2443, 2.070, 343.89, -67.00, 2.067, 343.57, -66.83, 0.008, 298.24, 41.01);
insert into SHOT values (4383, 4401, 4405, 2443, 14.060, 309.39, 35.30, 14.068, 309.42, 35.30, 0.010, 352.08, 31.29);
insert into SHOT values (4384, 4401, 4406, 2443, 17.810, 309.49, 35.20, 17.814, 309.51, 35.21, 0.007, 19.13, 32.07);
insert into SHOT values (4385, 4401, 4407, 2443, 14.050, 309.49, 35.20, 14.034, 309.44, 35.80, 0.149, 134.96, 48.04);
insert into SHOT values (4386, 4407, 4408, 2443, 2.980, 179.79, -20.90, 3.003, 179.39, -20.67, 0.033, 143.07, 5.39);
insert into SURVEY values (2445, 2439, 'p110kriska', 'p110kriska.SE-tot.Ded.Ded', 'p110kriska');
 insert into CENTRELINE values (2446, 2445, NULL, NULL, NULL, 0.00, 0.00, 0.00);
 insert into CENTRELINE values (2447, 2445, NULL, '2022-11-13', NULL, 100.93, 0.00, 0.00);
 insert into PERSON values (46, 'Noemie', 'Briot (GUCEM)');
insert into TOPO values (46, 2447);
 insert into TOPO values (2, 2447);
 insert into SHOT values (4387, 4409, 4410, 2447, 11.340, 35.72, 82.40, 11.350, 35.80, 82.38, 0.011, 61.08, 62.77);
insert into SHOT values (4388, 4409, 4411, 2447, 0.550, 62.22, 3.90, 0.552, 62.97, 4.16, 0.008, 141.80, 19.58);
insert into SHOT values (4389, 4409, 4412, 2447, 0.970, 355.42, -4.80, 0.966, 355.83, -4.75, 0.008, 116.21, 8.35);
insert into SHOT values (4390, 4409, 4413, 2447, 4.320, 32.02, -66.00, 4.316, 32.25, -65.91, 0.011, 88.20, 38.16);
insert into SHOT values (4391, 4409, 4414, 2447, 0.320, 229.82, -12.70, 0.313, 228.99, -12.93, 0.009, 80.67, 2.33);
insert into SHOT values (4392, 4409, 4415, 2447, 3.510, 60.22, -71.50, 3.502, 60.45, -71.43, 0.010, 133.23, 62.15);
insert into SHOT values (4393, 4415, 4416, 2447, 1.080, 22.22, -10.70, 1.077, 22.20, -10.70, 0.003, 209.59, 10.69);
insert into SHOT values (4394, 4415, 4417, 2447, 0.250, 229.12, -13.70, 0.248, 228.37, -13.99, 0.004, 105.97, -11.76);
insert into SHOT values (4395, 4415, 4418, 2447, 0.980, 12.22, -58.90, 0.984, 12.41, -58.64, 0.006, 28.24, -8.16);
insert into SHOT values (4396, 4415, 4419, 2447, 3.850, 217.92, 76.20, 3.850, 217.87, 76.29, 0.006, 44.88, 10.26);
insert into SHOT values (4397, 4415, 4420, 2447, 3.270, 81.82, -39.80, 3.277, 81.77, -39.85, 0.008, 50.80, -58.44);
insert into SHOT values (4398, 4415, 4421, 2447, 2.150, 72.12, -50.20, 2.156, 72.22, -50.35, 0.009, 175.05, -73.11);
insert into SHOT values (4399, 4415, 4422, 2447, 1.230, 54.32, -54.70, 1.238, 54.09, -54.66, 0.009, 25.74, -45.38);
insert into SHOT values (4400, 4415, 4423, 2447, 3.770, 307.02, 37.00, 3.767, 307.02, 37.06, 0.005, 127.17, 13.43);
insert into SHOT values (4401, 4415, 4424, 2447, 3.950, 306.72, 37.10, 3.921, 306.65, 37.37, 0.035, 133.33, -4.41);
insert into SHOT values (4402, 4424, 4425, 2447, 1.020, 26.72, -69.90, 1.024, 26.57, -69.56, 0.008, 18.98, -16.22);
insert into SHOT values (4403, 4424, 4426, 2447, 0.220, 225.42, -31.50, 0.220, 225.00, -33.13, 0.006, 65.36, -51.78);
insert into SHOT values (4404, 4424, 4427, 2447, 1.170, 310.02, -6.20, 1.171, 310.12, -6.37, 0.004, 20.30, -59.82);
insert into SHOT values (4405, 4424, 4428, 2447, 5.790, 315.62, -12.40, 5.748, 315.72, -12.36, 0.043, 122.02, 17.90);
insert into SHOT values (4406, 4428, 4429, 2447, 3.240, 144.32, 2.50, 3.236, 144.44, 2.48, 0.008, 265.56, -9.58);
insert into SHOT values (4407, 4428, 4430, 2447, 1.350, 214.42, 6.50, 1.354, 214.40, 6.36, 0.005, 206.34, -35.44);
insert into SHOT values (4408, 4428, 4431, 2447, 2.700, 158.72, -1.00, 2.701, 158.95, -1.06, 0.011, 245.31, -15.18);
insert into SHOT values (4409, 4428, 4432, 2447, 2.190, 99.72, -0.50, 2.182, 99.76, -0.53, 0.009, 268.85, -5.99);
insert into SHOT values (4410, 4428, 4433, 2447, 1.210, 72.82, -2.30, 1.206, 72.62, -2.38, 0.006, 299.96, -13.76);
insert into SHOT values (4411, 4428, 4434, 2447, 23.510, 288.92, 87.00, 23.522, 288.43, 88.15, 0.473, 109.71, 3.91);
insert into SHOT values (4412, 4434, 4435, 2447, 0.770, 281.72, -3.10, 0.766, 281.31, -3.74, 0.011, 155.47, -50.74);
insert into SHOT values (4413, 4434, 4436, 2447, 3.270, 350.02, 1.00, 3.269, 350.13, 0.88, 0.010, 90.48, -47.52);
insert into SHOT values (4414, 4434, 4437, 2447, 3.150, 17.72, -3.50, 3.147, 17.80, -3.64, 0.010, 149.43, -53.47);
insert into SHOT values (4415, 4434, 4438, 2447, 1.020, 30.42, -3.10, 1.024, 30.58, -3.36, 0.007, 67.91, -46.51);
insert into SHOT values (4416, 4434, 4439, 2447, 0.180, 129.72, -84.70, 0.181, 135.00, -85.51, 0.003, 282.65, -15.07);
insert into SHOT values (4417, 4434, 4440, 2447, 0.160, 109.72, -85.40, 0.161, 135.00, -84.95, 0.006, 200.14, -4.88);
insert into SHOT values (4418, 4434, 4441, 2447, 0.390, 141.32, -85.50, 0.392, 146.31, -84.72, 0.006, 171.83, -11.02);
insert into SHOT values (4419, 4434, 4442, 2447, 0.180, 140.82, -84.20, 0.181, 153.43, -82.92, 0.006, 194.19, -8.61);
insert into SHOT values (4420, 4434, 4443, 2447, 0.140, 134.12, -83.20, 0.141, 135.00, -84.23, 0.003, 309.04, -21.93);
insert into SHOT values (4421, 4434, 4444, 2447, 0.610, 125.72, -82.60, 0.616, 125.54, -81.97, 0.009, 123.59, -34.25);
insert into SHOT values (4422, 4434, 4445, 2447, 0.130, 145.02, -82.30, 0.132, 153.43, -80.24, 0.006, 179.85, -11.57);
insert into SHOT values (4423, 4434, 4446, 2447, 1.990, 266.22, 62.10, 1.987, 265.65, 62.33, 0.013, 133.38, 5.92);
insert into SHOT values (4424, 4446, 4447, 2447, 1.150, 154.42, -0.20, 1.154, 154.32, -0.50, 0.007, 127.57, -53.48);
insert into SHOT values (4425, 4446, 4448, 2447, 1.180, 100.02, 0.40, 1.189, 100.18, 0.00, 0.012, 120.01, -41.59);
insert into SHOT values (4426, 4446, 4449, 2447, 3.280, 35.32, -4.10, 3.286, 35.44, -4.19, 0.010, 85.48, -33.00);
insert into SHOT values (4427, 4446, 4450, 2447, 4.140, 4.12, -8.80, 4.141, 4.21, -8.89, 0.009, 96.60, -48.31);
insert into SHOT values (4428, 4446, 4451, 2447, 3.170, 84.82, 73.30, 3.189, 85.70, 73.00, 0.029, 118.17, 27.93);
insert into SHOT values (4429, 4451, 4452, 2447, 1.930, 21.02, 4.50, 1.934, 20.97, 4.45, 0.004, 356.77, -19.52);
insert into SHOT values (4430, 4451, 4453, 2447, 2.830, 345.92, -3.30, 2.840, 345.91, -3.43, 0.012, 343.68, -35.51);
insert into SHOT values (4431, 4451, 4454, 2447, 2.580, 323.02, -5.20, 2.589, 323.04, -5.32, 0.011, 328.56, -35.45);
insert into SHOT values (4432, 4451, 4455, 2447, 1.060, 279.92, -12.00, 1.061, 280.01, -12.52, 0.010, 44.83, -78.92);
insert into SHOT values (4433, 4451, 4456, 2447, 1.100, 239.12, -5.80, 1.101, 239.22, -6.26, 0.009, 335.65, -78.54);
insert into SHOT values (4434, 4451, 4457, 2447, 1.250, 197.72, -2.50, 1.241, 197.85, -2.77, 0.011, 0.89, -29.84);
insert into SHOT values (4435, 4451, 4458, 2447, 4.420, 247.22, 63.00, 4.418, 247.03, 63.10, 0.011, 107.12, 9.36);
insert into SHOT values (4436, 4458, 4459, 2447, 0.260, 5.92, -7.20, 0.263, 6.58, -6.54, 0.005, 44.63, 28.24);
insert into SHOT values (4437, 4458, 4460, 2447, 2.850, 34.52, -3.50, 2.845, 34.53, -3.43, 0.006, 210.13, 42.67);
insert into SHOT values (4438, 4458, 4461, 2447, 2.590, 68.02, -4.10, 2.595, 67.99, -3.98, 0.007, 53.73, 43.77);
insert into SHOT values (4439, 4458, 4462, 2447, 2.430, 92.82, -3.40, 2.427, 92.84, -3.31, 0.005, 258.85, 55.45);
insert into SHOT values (4440, 4458, 4463, 2447, 1.800, 186.42, -7.50, 1.796, 186.45, -7.36, 0.006, 353.75, 55.34);
insert into SHOT values (4441, 4458, 4464, 2447, 2.300, 139.82, 3.30, 2.296, 139.78, 3.25, 0.005, 342.37, -27.43);
insert into SHOT values (4442, 4458, 4465, 2447, 1.450, 213.82, 7.40, 1.446, 213.91, 7.55, 0.006, 4.77, 35.26);
insert into SHOT values (4443, 4458, 4466, 2447, 1.450, 213.82, 7.60, 1.459, 213.14, 7.88, 0.021, 147.91, 23.58);
insert into SHOT values (4444, 4466, 4467, 2447, 6.890, 289.02, 77.70, 6.889, 288.82, 78.05, 0.043, 116.07, 11.02);
insert into SHOT values (4445, 4467, 4468, 2447, 0.560, 161.02, -4.70, 0.565, 160.28, -5.07, 0.010, 104.62, -25.09);
insert into SHOT values (4446, 4467, 4469, 2447, 0.490, 37.62, -3.30, 0.493, 37.57, -3.49, 0.003, 28.37, -31.86);
insert into SHOT values (4447, 4467, 4470, 2447, 1.530, 115.12, -6.90, 1.532, 114.88, -6.75, 0.008, 44.42, 29.21);
insert into SHOT values (4448, 4467, 4471, 2447, 5.610, 251.52, 70.00, 5.608, 251.18, 70.29, 0.031, 93.64, 15.57);
insert into SHOT values (4449, 4471, 4472, 2447, 0.860, 100.72, 10.30, 0.860, 100.91, 10.72, 0.007, 207.99, 64.94);
insert into SHOT values (4450, 4471, 4473, 2447, 1.050, 120.72, 16.20, 1.046, 121.16, 16.10, 0.009, 234.35, -19.38);
insert into SHOT values (4451, 4471, 4474, 2447, 1.280, 142.72, 22.30, 1.276, 142.94, 22.59, 0.009, 287.80, 29.33);
insert into SHOT values (4452, 4471, 4475, 2447, 2.820, 154.32, 21.70, 2.816, 154.41, 21.68, 0.006, 284.83, -26.01);
insert into SHOT values (4453, 4471, 4476, 2447, 1.930, 182.02, 27.80, 1.933, 182.01, 27.74, 0.004, 176.18, -1.89);
insert into SHOT values (4454, 4471, 4477, 2447, 1.380, 255.32, 32.20, 1.384, 255.13, 32.33, 0.006, 184.99, 48.23);
insert into SHOT values (4455, 4471, 4478, 2447, 1.350, 314.22, 22.30, 1.352, 314.03, 22.17, 0.006, 256.95, -24.26);
insert into SHOT values (4456, 4471, 4479, 2447, 1.420, 11.52, 7.10, 1.420, 11.47, 7.28, 0.005, 244.25, 69.93);
insert into SHOT values (4457, 4471, 4480, 2447, 1.930, 43.02, 1.80, 1.926, 42.89, 1.79, 0.006, 267.24, -5.76);
insert into SHOT values (4458, 4471, 4481, 2447, 9.130, 174.32, 77.70, 9.144, 174.29, 77.30, 0.065, 173.30, -0.38);
insert into SHOT values (4459, 4481, 4482, 2447, 1.810, 148.22, 3.10, 1.809, 147.89, 3.17, 0.011, 51.94, 11.48);
insert into SHOT values (4460, 4481, 4483, 2447, 1.590, 92.02, 1.30, 1.591, 91.80, 1.44, 0.007, 12.92, 32.10);
insert into SHOT values (4461, 4481, 4484, 2447, 2.550, 1.02, -3.50, 2.555, 1.12, -3.37, 0.009, 41.55, 39.44);
insert into SHOT values (4462, 4481, 4485, 2447, 1.420, 47.12, -6.60, 1.424, 47.29, -6.45, 0.007, 88.27, 26.98);
insert into SHOT values (4463, 4481, 4486, 2447, 1.480, 49.52, 3.50, 1.486, 49.65, 3.86, 0.012, 80.54, 56.41);
insert into SHOT values (4464, 4481, 4487, 2447, 2.380, 171.12, 38.60, 2.414, 170.84, 38.71, 0.036, 149.79, 44.33);
insert into SHOT values (4465, 4487, 4488, 2447, 17.150, 308.42, 79.60, 17.152, 308.50, 80.57, 0.289, 127.65, 10.30);
insert into SHOT values (4466, 4488, 4489, 2447, 0.940, 267.22, -6.10, 0.947, 266.96, -6.06, 0.008, 233.74, -0.80);
insert into SHOT values (4467, 4488, 4490, 2447, 1.670, 226.62, -2.60, 1.671, 226.46, -2.74, 0.007, 148.55, -40.60);
insert into SHOT values (4468, 4488, 4491, 2447, 2.410, 178.12, 11.50, 2.410, 178.06, 11.49, 0.003, 82.41, -10.18);
insert into SHOT values (4469, 4488, 4492, 2447, 5.020, 144.22, -2.20, 5.019, 144.25, -2.17, 0.004, 263.64, 44.71);
insert into SHOT values (4470, 4488, 4493, 2447, 5.360, 134.52, 2.80, 5.359, 134.62, 2.78, 0.009, 228.81, -11.19);
insert into SHOT values (4471, 4488, 4494, 2447, 22.860, 190.42, 87.70, 22.859, 190.58, 87.68, 0.009, 207.57, -10.30);
insert into SHOT values (4472, 4488, 4495, 2447, 3.730, 225.12, 54.60, 3.740, 224.63, 54.65, 0.021, 144.18, 26.73);
insert into SHOT values (4473, 4495, 4496, 2447, 2.910, 74.92, 4.80, 2.909, 75.00, 4.73, 0.006, 179.60, -39.13);
insert into SHOT values (4474, 4495, 4497, 2447, 6.470, 118.62, -6.60, 6.470, 118.64, -6.66, 0.007, 235.46, -72.12);
insert into SHOT values (4475, 4495, 4498, 2447, 6.080, 78.42, 29.80, 6.072, 78.39, 29.83, 0.009, 277.55, -10.38);
insert into SHOT values (4476, 4495, 4499, 2447, 1.690, 81.72, 78.30, 1.685, 81.63, 78.23, 0.005, 52.42, -77.49);
insert into SHOT values (4477, 4495, 4500, 2447, 11.130, 266.42, 81.80, 11.125, 266.40, 81.77, 0.008, 260.45, -47.39);
insert into SHOT values (4478, 4495, 4501, 2447, 14.860, 267.02, 74.10, 14.860, 267.05, 74.08, 0.005, 288.09, -17.46);
insert into SHOT values (4479, 4495, 4502, 2447, 0.990, 270.82, -6.40, 0.996, 270.58, -6.34, 0.008, 236.67, 2.70);
insert into SHOT values (4480, 4495, 4503, 2447, 2.660, 274.22, 19.30, 2.666, 274.10, 19.27, 0.008, 232.41, 5.97);
insert into SHOT values (4481, 4495, 4504, 2447, 1.720, 17.72, 59.80, 1.712, 17.59, 59.83, 0.008, 219.21, -50.85);
insert into SHOT values (4482, 4495, 4505, 2447, 6.040, 265.82, 74.10, 6.043, 265.41, 74.40, 0.034, 107.33, 19.24);
insert into SHOT values (4483, 4505, 4506, 2447, 0.490, 27.62, 1.00, 0.492, 26.57, 0.00, 0.013, 309.60, -42.66);
insert into SHOT values (4484, 4505, 4507, 2447, 1.920, 340.52, -1.90, 1.921, 340.53, -2.09, 0.006, 349.77, -82.06);
insert into SHOT values (4485, 4505, 4508, 2447, 2.810, 313.52, 4.80, 2.810, 313.55, 4.69, 0.005, 12.96, -71.17);
insert into SHOT values (4486, 4505, 4509, 2447, 1.690, 304.72, 2.10, 1.690, 304.63, 2.03, 0.003, 223.60, -35.13);
insert into SHOT values (4487, 4505, 4510, 2447, 2.680, 103.52, -17.70, 2.678, 103.38, -17.83, 0.009, 341.40, -35.12);
insert into SHOT values (4488, 4505, 4511, 2447, 1.790, 82.32, -9.20, 1.790, 82.19, -9.32, 0.006, 343.94, -42.91);
insert into SHOT values (4489, 4505, 4512, 2447, 2.210, 9.82, 71.50, 2.211, 10.01, 71.80, 0.012, 178.07, 20.97);
insert into SURVEY values (2449, 2439, 'jonction_p110', 'jonction_p110.SE-tot.Ded.Ded', 'jonction p110');
 insert into CENTRELINE values (2450, 2449, NULL, NULL, NULL, 0.00, 0.00, 0.00);
 insert into CENTRELINE values (2451, 2449, NULL, '2022-11-20', NULL, 16.63, 0.00, 0.00);
 insert into TOPO values (2, 2451);
 insert into SHOT values (4490, 4513, 4514, 2451, 1.240, 302.03, -17.90, 1.204, 302.16, -17.90, 0.036, 117.38, 18.00);
insert into SHOT values (4491, 4514, 4515, 2451, 2.320, 218.03, 1.10, 2.325, 217.66, 1.23, 0.017, 145.20, 19.32);
insert into SHOT values (4492, 4515, 4516, 2451, 4.350, 299.03, -3.20, 4.348, 298.93, -3.16, 0.008, 197.27, 20.17);
insert into SHOT values (4493, 4515, 4517, 2451, 3.860, 319.63, -2.80, 3.856, 319.53, -2.82, 0.008, 199.72, -10.73);
insert into SHOT values (4494, 4515, 4518, 2451, 3.010, 337.83, -1.00, 3.005, 337.70, -0.95, 0.008, 210.66, 17.38);
insert into SHOT values (4495, 4515, 4519, 2451, 2.490, 3.33, -5.60, 2.486, 3.24, -5.54, 0.006, 223.65, 28.69);
insert into SHOT values (4496, 4515, 4520, 2451, 5.900, 331.43, 72.60, 5.900, 331.55, 72.61, 0.004, 81.79, -0.26);
insert into SHOT values (4497, 4515, 4521, 2451, 1.320, 319.53, -57.80, 1.322, 319.04, -57.93, 0.007, 214.00, -26.31);
insert into SHOT values (4498, 4515, 4522, 2451, 2.650, 307.33, -29.90, 2.650, 307.22, -29.87, 0.004, 227.42, 12.85);
insert into SHOT values (4499, 4515, 4523, 2451, 3.260, 330.63, 1.30, 3.220, 330.81, 1.42, 0.042, 136.45, 8.26);
insert into SHOT values (4500, 4523, 4524, 2451, 6.890, 231.73, 73.50, 6.903, 231.43, 73.53, 0.017, 141.54, 53.82);
insert into SHOT values (4501, 4524, 4525, 2451, 0.550, 258.73, 12.30, 0.524, 257.59, 12.13, 0.028, 100.37, -14.63);
insert into SHOT values (4502, 4525, 4526, 2451, 0.220, 21.83, 15.70, 0.224, 21.80, 15.56, 0.004, 20.38, 7.37);
insert into SHOT values (4503, 4525, 4527, 2451, 0.390, 256.63, 85.90, 0.391, 251.57, 85.36, 0.005, 218.97, 12.33);
insert into SHOT values (4504, 4525, 4528, 2451, 0.430, 102.83, 22.40, 0.435, 102.99, 23.01, 0.007, 126.48, 64.41);
insert into SHOT values (4505, 4525, 4529, 2451, 0.830, 87.23, -48.10, 0.822, 86.88, -47.92, 0.009, 310.97, 58.13);
insert into SHOT values (4506, 4525, 4530, 2451, 0.870, 311.23, -40.40, 0.870, 311.35, -40.06, 0.005, 333.33, 45.71);
insert into SHOT values (4507, 4525, 4531, 2451, 0.370, 333.43, 0.40, 0.371, 332.74, 1.54, 0.009, 258.60, 58.35);
insert into SHOT values (4508, 4525, 4532, 2451, 1.340, 299.93, -15.40, 1.337, 299.74, -15.18, 0.007, 184.53, 52.37);
insert into SHOT values (4509, 4525, 4533, 2451, 1.280, 300.73, 17.50, 1.243, 300.47, 17.80, 0.038, 128.91, -7.40);
insert into SHOT values (4510, 4533, 4534, 2451, 1.090, 223.63, 39.10, 1.100, 223.09, 39.51, 0.015, 154.81, 55.92);
insert into SCRAPS values (2453, 2439, 'SC-SE-1', 2, 49.02322, 1.43995);
 insert into SCRAPS values (2482, 2439, 'SC-SE-2', 2, 20.54109, 0.57378);
 insert into SCRAPS values (2506, 2439, 'SC-SE-3', 2, 94.05285, 7.25397);
 insert into SCRAPS values (2522, 2439, 'SP-SE-1', 1, 5.95598, 0.54737);
 insert into SCRAPS values (2535, 2439, 'SP-SE-3', 1, 71.12729, 2.98539);
 insert into SCRAPS values (2567, 2439, 'SP-SE-4', 1, 85.83626, 9.29578);
 insert into SCRAPS values (2582, 2439, 'SP-SE-2', 1, 92.61172, 1.46530);
 insert into MAPS values (2602, 2439, 'MP-SE-plan-tot', 'SE', 1, 195.740, -141.620);
 insert into MAPITEMS values (2602, 4, 2582);
 insert into MAPITEMS values (2602, 4, 2522);
 insert into MAPITEMS values (2602, 4, 2535);
 insert into MAPITEMS values (2602, 4, 2567);
 insert into MAPS values (2603, 2439, 'MC-SE-elevation-tot', 'SE', 2, 195.740, -141.620);
 insert into MAPITEMS values (2603, 4, 2453);
 insert into MAPITEMS values (2603, 4, 2482);
 insert into MAPITEMS values (2603, 4, 2506);
 insert into SURVEY values (2605, 53, 'Vire', 'Vire.Ded.Ded', 'Vire');
 insert into CENTRELINE values (2606, 2605, NULL, NULL, NULL, 0.00, 0.00, 0.00);
 insert into SURVEY values (2607, 2605, 'Vire', 'Vire.Vire.Ded.Ded', 'Vire');
 insert into CENTRELINE values (2608, 2607, NULL, NULL, NULL, 0.00, 0.00, 0.00);
 insert into CENTRELINE values (2609, 2607, NULL, '2022-08-23', NULL, 69.76, 0.00, 0.00);
 insert into TOPO values (45, 2609);
 insert into TOPO values (2, 2609);
 insert into SHOT values (4511, 4535, 4536, 2609, 0.980, 296.29, 0.10, 0.984, 296.57, 0.00, 0.006, 347.42, -15.54);
insert into SHOT values (4512, 4535, 4537, 2609, 0.950, 0.49, -4.00, 0.953, 0.60, -4.21, 0.005, 39.83, -50.66);
insert into SHOT values (4513, 4535, 4538, 2609, 0.740, 41.59, -4.40, 0.739, 41.70, -4.66, 0.004, 171.56, -59.81);
insert into SHOT values (4514, 4535, 4539, 2609, 1.190, 35.59, -71.80, 1.190, 36.25, -71.78, 0.004, 121.39, 6.13);
insert into SHOT values (4515, 4535, 4540, 2609, 3.740, 299.49, 73.70, 3.718, 299.74, 74.92, 0.082, 116.45, 0.23);
insert into SHOT values (4516, 4540, 4541, 2609, 0.720, 126.09, -2.50, 0.723, 126.55, -2.38, 0.007, 191.63, 12.29);
insert into SHOT values (4517, 4540, 4542, 2609, 0.810, 169.09, 3.50, 0.815, 169.38, 3.52, 0.007, 206.61, 4.59);
insert into SHOT values (4518, 4540, 4543, 2609, 1.390, 136.19, 82.10, 1.393, 137.12, 82.12, 0.004, 226.62, 45.68);
insert into SHOT values (4519, 4540, 4544, 2609, 2.000, 190.09, 59.70, 2.045, 188.29, 59.40, 0.056, 143.83, 36.27);
insert into SHOT values (4520, 4544, 4545, 2609, 1.520, 53.09, -85.70, 1.524, 52.13, -85.71, 0.005, 324.10, -65.91);
insert into SHOT values (4521, 4544, 4546, 2609, 1.550, 337.19, 85.40, 1.544, 340.02, 85.65, 0.011, 119.21, -28.06);
insert into SHOT values (4522, 4544, 4547, 2609, 0.760, 15.69, 39.50, 0.755, 15.95, 39.49, 0.006, 162.52, -35.37);
insert into SHOT values (4523, 4544, 4548, 2609, 0.170, 247.99, 7.30, 0.163, 248.20, 7.06, 0.007, 63.14, -12.72);
insert into SHOT values (4524, 4544, 4549, 2609, 1.930, 316.69, 0.60, 1.924, 316.68, 0.60, 0.006, 137.19, -2.10);
insert into SHOT values (4525, 4544, 4550, 2609, 1.200, 339.89, 4.10, 1.196, 339.89, 4.32, 0.006, 157.75, 44.71);
insert into SHOT values (4526, 4544, 4551, 2609, 0.850, 303.09, -9.30, 0.849, 303.31, -9.49, 0.004, 53.45, -36.99);
insert into SHOT values (4527, 4544, 4552, 2609, 1.260, 303.39, -32.40, 1.261, 303.09, -32.62, 0.007, 197.46, -40.55);
insert into SHOT values (4528, 4544, 4553, 2609, 3.920, 309.59, 63.70, 3.874, 309.81, 64.95, 0.097, 125.87, -2.50);
insert into SHOT values (4529, 4553, 4554, 2609, 0.720, 123.59, -2.10, 0.716, 123.02, -2.40, 0.009, 4.30, -24.19);
insert into SHOT values (4530, 4553, 4555, 2609, 5.350, 104.59, -71.50, 5.345, 104.36, -71.54, 0.009, 339.11, 23.71);
insert into SHOT values (4531, 4553, 4556, 2609, 3.750, 34.89, -88.20, 3.752, 34.99, -88.14, 0.005, 37.91, -23.38);
insert into SHOT values (4532, 4553, 4557, 2609, 3.510, 67.59, -78.30, 3.514, 67.01, -78.23, 0.009, 13.02, -18.35);
insert into SHOT values (4533, 4553, 4558, 2609, 2.300, 153.49, -76.90, 2.298, 153.43, -77.07, 0.007, 337.24, 1.18);
insert into SHOT values (4534, 4553, 4559, 2609, 2.200, 286.39, -62.70, 2.197, 286.65, -62.56, 0.008, 339.90, 41.07);
insert into SHOT values (4535, 4553, 4560, 2609, 0.600, 212.29, -11.60, 0.597, 213.15, -11.59, 0.009, 318.62, 4.04);
insert into SHOT values (4536, 4553, 4561, 2609, 1.450, 299.19, -0.30, 1.455, 299.21, -0.39, 0.006, 305.38, -25.53);
insert into SHOT values (4537, 4553, 4562, 2609, 1.020, 145.89, 88.60, 1.020, 153.43, 88.74, 0.004, 279.04, 4.32);
insert into SHOT values (4538, 4553, 4563, 2609, 2.020, 171.49, 50.60, 2.095, 170.12, 50.23, 0.082, 142.29, 36.76);
insert into SHOT values (4539, 4563, 4564, 2609, 0.880, 53.19, -13.30, 0.881, 52.59, -13.78, 0.012, 320.56, -40.50);
insert into SHOT values (4540, 4563, 4565, 2609, 0.690, 2.79, -14.10, 0.692, 2.56, -14.22, 0.004, 301.98, -32.58);
insert into SHOT values (4541, 4563, 4566, 2609, 1.380, 111.19, 11.00, 1.377, 111.25, 10.89, 0.005, 262.04, -46.78);
insert into SHOT values (4542, 4563, 4567, 2609, 0.470, 165.09, -75.20, 0.474, 164.74, -76.08, 0.008, 351.50, -42.60);
insert into SHOT values (4543, 4563, 4568, 2609, 1.110, 74.59, 60.80, 1.102, 73.91, 60.59, 0.011, 341.37, -54.39);
insert into SHOT values (4544, 4563, 4569, 2609, 1.500, 154.49, 32.30, 1.602, 153.43, 31.63, 0.106, 139.86, 21.22);
insert into SHOT values (4545, 4569, 4570, 2609, 0.650, 264.79, -3.10, 0.653, 264.73, -2.63, 0.006, 254.35, 53.75);
insert into SHOT values (4546, 4569, 4571, 2609, 0.510, 182.09, -73.80, 0.510, 184.09, -74.02, 0.005, 294.44, -2.71);
insert into SHOT values (4547, 4569, 4572, 2609, 0.740, 81.69, -39.70, 0.735, 81.87, -39.72, 0.005, 235.40, 33.27);
insert into SHOT values (4548, 4569, 4573, 2609, 1.960, 350.69, -5.10, 1.964, 350.59, -4.97, 0.007, 310.84, 38.37);
insert into SHOT values (4549, 4569, 4574, 2609, 0.890, 322.19, -5.10, 0.894, 321.84, -5.14, 0.007, 267.16, -7.73);
insert into SHOT values (4550, 4569, 4575, 2609, 1.580, 296.79, -15.40, 1.582, 296.90, -15.40, 0.004, 357.00, -6.82);
insert into SHOT values (4551, 4569, 4576, 2609, 1.070, 318.59, -11.00, 1.074, 318.46, -10.73, 0.007, 293.79, 36.21);
insert into SHOT values (4552, 4569, 4577, 2609, 0.530, 274.79, -16.40, 0.533, 274.48, -16.34, 0.004, 234.02, -4.98);
insert into SHOT values (4553, 4569, 4578, 2609, 0.470, 241.59, 71.80, 0.474, 241.70, 71.83, 0.004, 260.50, 75.65);
insert into SHOT values (4554, 4569, 4579, 2609, 0.750, 263.19, 4.90, 0.759, 263.16, 5.29, 0.010, 260.50, 36.14);
insert into SHOT values (4555, 4569, 4580, 2609, 0.580, 249.99, 69.50, 0.570, 240.64, 71.22, 0.037, 123.58, -5.05);
insert into SHOT values (4556, 4580, 4581, 2609, 3.710, 144.49, 38.70, 3.824, 144.08, 38.30, 0.118, 133.16, 25.19);
insert into SHOT values (4557, 4581, 4582, 2609, 7.470, 253.69, 21.30, 7.459, 253.70, 21.30, 0.011, 62.39, -17.99);
insert into SHOT values (4558, 4581, 4583, 2609, 4.080, 349.09, 9.50, 4.078, 349.11, 9.46, 0.004, 123.85, -56.27);
insert into SHOT values (4559, 4581, 4584, 2609, 1.570, 48.99, 3.40, 1.576, 49.12, 3.27, 0.008, 78.49, -22.28);
insert into SHOT values (4560, 4581, 4585, 2609, 14.100, 249.19, 80.90, 14.097, 249.20, 80.92, 0.006, 61.89, -26.44);
insert into SHOT values (4561, 4581, 4586, 2609, 6.580, 281.19, 57.60, 6.571, 281.31, 57.63, 0.012, 55.52, -28.12);
insert into SHOT values (4562, 4581, 4587, 2609, 8.540, 281.99, 34.30, 8.539, 282.03, 34.29, 0.006, 12.35, -26.73);
insert into SHOT values (4563, 4581, 4588, 2609, 8.970, 247.49, 31.10, 8.964, 247.48, 31.10, 0.006, 79.46, -31.28);
insert into SHOT values (4564, 4581, 4589, 2609, 3.060, 352.99, 28.30, 3.064, 353.19, 28.25, 0.011, 56.73, -3.78);
insert into SHOT values (4565, 4581, 4590, 2609, 1.840, 292.59, -36.60, 1.840, 292.74, -36.72, 0.006, 55.68, -32.04);
insert into SHOT values (4566, 4581, 4591, 2609, 15.400, 248.39, 74.40, 15.397, 248.46, 74.41, 0.006, 1.84, -26.30);
insert into SHOT values (4567, 4581, 4592, 2609, 9.320, 250.49, 30.80, 9.313, 250.50, 30.81, 0.007, 54.07, -17.71);
insert into SHOT values (4568, 4581, 4593, 2609, 8.500, 282.69, 27.70, 8.499, 282.74, 27.69, 0.008, 16.33, -8.72);
insert into SHOT values (4569, 4581, 4594, 2609, 5.350, 323.39, 25.60, 5.350, 323.51, 25.58, 0.011, 46.33, -8.97);
insert into SHOT values (4570, 4581, 4595, 2609, 13.260, 311.99, 37.40, 13.259, 312.00, 37.38, 0.005, 359.00, -48.97);
insert into SHOT values (4571, 4595, 4596, 2609, 1.800, 186.29, -3.40, 1.803, 186.06, -3.50, 0.008, 120.50, -22.54);
insert into SHOT values (4572, 4595, 4597, 2609, 1.660, 184.49, 41.00, 1.661, 184.12, 41.02, 0.008, 97.27, 6.67);
insert into SHOT values (4573, 4595, 4598, 2609, 0.590, 138.19, 64.80, 0.588, 138.18, 64.31, 0.005, 137.75, -45.81);
insert into SHOT values (4574, 4595, 4599, 2609, 2.470, 52.49, -50.70, 2.472, 52.77, -50.58, 0.010, 106.45, 8.34);
insert into SHOT values (4575, 4595, 4600, 2609, 6.700, 78.39, -42.70, 6.702, 78.42, -42.64, 0.008, 100.35, 27.68);
insert into SHOT values (4576, 4595, 4601, 2609, 3.100, 276.19, 47.70, 3.095, 276.07, 47.73, 0.007, 139.02, -24.09);
insert into SHOT values (4577, 4595, 4602, 2609, 4.600, 270.59, 49.00, 4.594, 270.57, 49.06, 0.008, 96.47, -12.10);
insert into SHOT values (4578, 4581, 4603, 2609, 3.650, 240.99, 16.50, 3.586, 239.92, 16.86, 0.093, 104.01, 2.05);
insert into SHOT values (4579, 4603, 4604, 2609, 1.730, 159.49, -1.30, 1.732, 159.37, -1.32, 0.004, 91.77, -10.88);
insert into SHOT values (4580, 4603, 4605, 2609, 3.110, 213.69, 4.40, 3.109, 213.69, 4.24, 0.009, 319.57, -88.54);
insert into SHOT values (4581, 4603, 4606, 2609, 2.650, 256.49, 10.50, 2.646, 256.44, 10.45, 0.005, 107.78, -38.62);
insert into SHOT values (4582, 4603, 4607, 2609, 4.600, 293.09, 18.30, 4.595, 293.22, 18.26, 0.012, 45.41, -22.24);
insert into SHOT values (4583, 4603, 4608, 2609, 5.450, 330.29, 20.40, 5.452, 330.32, 20.40, 0.004, 29.47, 4.04);
insert into SHOT values (4584, 4603, 4609, 2609, 1.520, 100.29, 0.20, 1.524, 100.20, 0.00, 0.007, 72.30, -48.71);
insert into SHOT values (4585, 4603, 4610, 2609, 4.640, 55.49, -1.00, 4.647, 55.52, -1.11, 0.012, 79.46, -50.65);
insert into SHOT values (4586, 4603, 4611, 2609, 4.820, 32.89, 0.90, 4.824, 32.90, 0.83, 0.007, 47.81, -52.90);
insert into SHOT values (4587, 4603, 4612, 2609, 15.950, 356.39, 86.10, 15.947, 356.33, 86.07, 0.008, 347.50, -22.25);
insert into SHOT values (4588, 4603, 4613, 2609, 10.000, 59.49, 74.40, 10.000, 59.44, 74.37, 0.006, 35.32, -16.19);
insert into SHOT values (4589, 4603, 4614, 2609, 5.720, 60.59, 59.60, 5.716, 60.60, 59.60, 0.004, 222.28, -59.88);
insert into SHOT values (4590, 4603, 4615, 2609, 8.350, 282.09, 56.60, 8.348, 282.19, 56.61, 0.009, 31.43, -6.30);
insert into SHOT values (4591, 4603, 4616, 2609, 6.450, 332.39, 51.50, 6.445, 332.41, 51.45, 0.008, 27.00, -72.88);
insert into SHOT values (4592, 4603, 4617, 2609, 5.280, 9.29, 54.20, 5.279, 9.31, 54.17, 0.003, 40.27, -44.14);
insert into SHOT values (4593, 4603, 4618, 2609, 11.060, 261.09, 81.60, 11.064, 260.10, 83.36, 0.341, 84.84, 8.20);
insert into SHOT values (4594, 4618, 4619, 2609, 2.180, 207.09, -0.80, 2.183, 207.27, -0.79, 0.008, 275.46, 3.33);
insert into SHOT values (4595, 4618, 4620, 2609, 1.360, 143.29, 1.40, 1.358, 143.38, 1.27, 0.004, 267.81, -49.13);
insert into SHOT values (4596, 4618, 4621, 2609, 0.680, 72.89, -3.30, 0.672, 72.65, -3.41, 0.009, 271.48, -5.55);
insert into SHOT values (4597, 4618, 4622, 2609, 1.080, 38.29, 2.40, 1.069, 38.16, 2.68, 0.012, 230.85, 23.37);
insert into SHOT values (4598, 4618, 4623, 2609, 5.820, 166.29, 82.50, 5.853, 165.15, 81.56, 0.102, 156.55, 11.16);
insert into SHOT values (4599, 4623, 4624, 2609, 1.150, 297.79, 6.20, 1.148, 297.69, 6.50, 0.007, 153.98, 60.38);
insert into SHOT values (4600, 4623, 4625, 2609, 0.780, 239.39, -3.70, 0.782, 239.16, -3.67, 0.004, 181.84, 5.30);
insert into SHOT values (4601, 4623, 4626, 2609, 0.480, 172.89, -6.20, 0.476, 172.72, -6.02, 0.004, 14.41, 26.85);
insert into SHOT values (4602, 4623, 4627, 2609, 0.370, 24.89, -19.60, 0.373, 25.11, -18.75, 0.007, 41.11, 39.20);
insert into SHOT values (4603, 4623, 4628, 2609, 0.560, 309.39, 5.70, 0.558, 309.14, 6.18, 0.006, 169.32, 50.19);
insert into SHOT values (4604, 4623, 4629, 2609, 0.360, 107.19, -8.10, 0.370, 107.45, -7.76, 0.011, 116.26, 3.91);
insert into SHOT values (4605, 4623, 4630, 2609, 2.390, 201.49, 50.60, 2.390, 201.31, 50.71, 0.007, 74.33, 28.38);
insert into SHOT values (4606, 4623, 4631, 2609, 3.460, 201.49, 50.70, 3.462, 201.41, 50.73, 0.004, 106.50, 41.80);
insert into SHOT values (4607, 4623, 4632, 2609, 3.330, 201.39, 50.70, 3.328, 201.19, 50.83, 0.010, 66.66, 17.42);
insert into SHOT values (4608, 4623, 4633, 2609, 2.390, 201.49, 50.70, 2.390, 201.31, 50.71, 0.005, 107.63, 6.36);
insert into SHOT values (4609, 4623, 4634, 2609, 1.640, 10.69, -27.30, 1.639, 11.08, -27.23, 0.010, 101.90, 12.35);
insert into SHOT values (4610, 4623, 4635, 2609, 0.990, 337.79, -37.30, 0.988, 338.33, -37.37, 0.008, 83.13, -0.53);
insert into SHOT values (4611, 4623, 4636, 2609, 1.030, 165.69, -77.80, 1.033, 164.05, -77.80, 0.007, 81.66, -27.55);
insert into SHOT values (4612, 4623, 4637, 2609, 0.410, 76.69, 12.90, 0.410, 77.01, 12.67, 0.003, 151.83, -33.60);
insert into SHOT values (4613, 4623, 4638, 2609, 0.800, 10.19, 3.30, 0.806, 10.75, 3.56, 0.010, 65.91, 22.38);
insert into SHOT values (4614, 4623, 4639, 2609, 1.320, 319.69, -12.80, 1.317, 319.74, -12.72, 0.004, 118.38, 37.69);
insert into SHOT values (4615, 4623, 4640, 2609, 1.130, 316.09, -41.50, 1.127, 316.44, -41.70, 0.007, 87.34, -10.05);
insert into SHOT values (4616, 4623, 4641, 2609, 0.900, 135.59, -27.10, 0.904, 135.00, -26.96, 0.010, 76.14, -0.06);
insert into SHOT values (4617, 4623, 4642, 2609, 3.060, 304.29, 74.80, 3.049, 304.99, 76.10, 0.071, 116.94, 5.71);
insert into SHOT values (4618, 4642, 4643, 2609, 1.140, 119.09, -67.90, 1.142, 119.58, -68.13, 0.006, 252.64, -36.72);
insert into SHOT values (4619, 4642, 4644, 2609, 1.390, 164.39, -70.50, 1.400, 165.07, -70.57, 0.011, 237.34, -59.19);
insert into SHOT values (4620, 4642, 4645, 2609, 1.380, 147.39, -53.30, 1.384, 147.85, -53.32, 0.008, 220.27, -26.99);
insert into SHOT values (4621, 4642, 4646, 2609, 2.610, 138.29, -66.10, 2.613, 138.46, -66.17, 0.005, 259.66, -45.91);
insert into SHOT values (4622, 4642, 4647, 2609, 2.260, 151.89, -69.90, 2.268, 152.45, -69.93, 0.011, 230.32, -44.51);
insert into SHOT values (4623, 4642, 4648, 2609, 0.890, 241.19, 41.30, 0.852, 238.57, 42.01, 0.050, 99.59, -20.52);
insert into SHOT values (4624, 4648, 4649, 2609, 3.530, 336.49, 44.20, 3.529, 336.47, 44.19, 0.001, 210.56, -57.00);
insert into SHOT values (4625, 4648, 4650, 2609, 1.860, 256.99, 59.10, 1.855, 256.69, 58.99, 0.008, 172.41, -50.49);
insert into SHOT values (4626, 4648, 4651, 2609, 1.280, 181.69, 35.10, 1.279, 181.64, 34.80, 0.007, 165.81, -61.05);
insert into SHOT values (4627, 4648, 4652, 2609, 0.990, 124.19, 20.40, 0.989, 124.03, 20.10, 0.006, 60.34, -61.31);
insert into SHOT values (4628, 4648, 4653, 2609, 0.810, 51.69, 26.20, 0.811, 51.71, 26.37, 0.002, 203.35, 75.13);
insert into SHOT values (4629, 4648, 4654, 2609, 1.030, 13.89, 31.80, 1.029, 13.88, 31.66, 0.003, 335.63, -85.59);
insert into SHOT values (4630, 4648, 4655, 2609, 4.420, 244.39, 82.10, 4.421, 243.43, 82.15, 0.011, 133.37, 10.28);
insert into SHOT values (4631, 4648, 4656, 2609, 0.990, 206.19, -65.60, 0.990, 205.94, -65.43, 0.003, 171.00, 27.42);
insert into SHOT values (4632, 4648, 4657, 2609, 3.590, 335.29, 43.70, 3.518, 335.07, 44.37, 0.084, 162.09, -13.93);
insert into SHOT values (4633, 4657, 4658, 2609, 0.750, 218.89, -2.80, 0.755, 218.54, -3.04, 0.008, 177.77, -25.96);
insert into SHOT values (4634, 4657, 4659, 2609, 0.470, 269.09, -5.20, 0.463, 268.75, -6.20, 0.011, 107.57, -41.40);
insert into SHOT values (4635, 4657, 4660, 2609, 0.580, 160.39, -15.40, 0.585, 160.28, -15.86, 0.007, 144.92, -56.24);
insert into SHOT values (4636, 4657, 4661, 2609, 3.190, 224.99, 31.20, 3.189, 225.00, 31.15, 0.003, 263.76, -67.23);
insert into SHOT values (4637, 4657, 4662, 2609, 3.090, 301.39, 39.00, 3.024, 300.63, 39.42, 0.077, 146.59, -18.71);
insert into SHOT values (4638, 4662, 4663, 2609, 2.660, 128.59, 33.70, 2.731, 129.13, 33.32, 0.076, 146.10, 18.51);
insert into SHOT values (4639, 4663, 4664, 2609, 0.610, 196.39, 25.40, 0.696, 195.57, 24.61, 0.087, 190.14, 18.93);
insert into SCRAPS values (2611, 2605, 'SP-Vire-1', 1, 41.49287, 7.14390);
 insert into SCRAPS values (2631, 2605, 'SP-Vire-2', 1, 2.46003, 0.56655);
 insert into SCRAPS values (2652, 2605, 'SP-Vire-3', 1, 47.52371, 5.95725);
 insert into SCRAPS values (2665, 2605, 'SC-Vire-1', 2, 43.72743, 3.34057);
 insert into SCRAPS values (2687, 2605, 'SC-Vire-2', 2, 59.63001, 2.03663);
 insert into MAPS values (2715, 2605, 'MP-Vire-plan-tot', 'Vire', 1, 69.760, -41.740);
 insert into MAPITEMS values (2715, 4, 2611);
 insert into MAPITEMS values (2715, 4, 2631);
 insert into MAPITEMS values (2715, 4, 2652);
 insert into MAPS values (2716, 2605, 'MC-Vire-coupe-tot', 'Vire', 2, 69.760, -41.740);
 insert into MAPITEMS values (2716, 4, 2665);
 insert into MAPITEMS values (2716, 4, 2687);
 insert into SURVEY values (2719, 53, 'Aura', 'Aura.Ded.Ded', 'Aura');
 insert into CENTRELINE values (2720, 2719, NULL, NULL, NULL, 0.00, 0.00, 0.00);
 insert into SURVEY values (2721, 2719, 'aura', 'aura.Aura.Ded.Ded', 'aura');
 insert into CENTRELINE values (2722, 2721, NULL, NULL, NULL, 0.00, 0.00, 0.00);
 insert into CENTRELINE values (2723, 2721, NULL, '2021-07-17', NULL, 55.93, 0.00, 0.00);
 insert into TOPO values (10, 2723);
 insert into TOPO values (2, 2723);
 insert into SHOT values (4640, 4665, 4666, 2723, 9.740, 310.41, 64.20, 9.731, 311.25, 65.02, 0.152, 105.36, 19.59);
insert into SHOT values (4641, 4666, 4667, 2723, 1.770, 130.31, -64.50, 1.771, 130.19, -64.61, 0.004, 339.55, -37.77);
insert into SHOT values (4642, 4666, 4668, 2723, 1.490, 30.91, -23.10, 1.490, 30.68, -22.92, 0.007, 315.75, 38.79);
insert into SHOT values (4643, 4666, 4669, 2723, 1.020, 215.61, 10.50, 1.020, 216.07, 10.74, 0.009, 311.65, 26.89);
insert into SHOT values (4644, 4666, 4670, 2723, 0.830, 304.11, 11.50, 0.838, 304.08, 11.70, 0.009, 300.87, 30.60);
insert into SHOT values (4645, 4666, 4671, 2723, 1.420, 352.31, 1.40, 1.423, 352.33, 1.61, 0.006, 0.40, 58.91);
insert into SHOT values (4646, 4666, 4672, 2723, 6.190, 278.61, 31.90, 6.130, 279.13, 32.57, 0.106, 70.75, 15.91);
insert into SHOT values (4647, 4672, 4673, 2723, 2.580, 113.31, 1.40, 2.581, 113.29, 1.33, 0.003, 67.83, -66.07);
insert into SHOT values (4648, 4672, 4674, 2723, 2.860, 65.61, 2.20, 2.857, 65.59, 2.21, 0.003, 264.42, 4.31);
insert into SHOT values (4649, 4672, 4675, 2723, 1.530, 329.31, 2.40, 1.526, 329.23, 2.25, 0.006, 176.51, -41.94);
insert into SHOT values (4650, 4672, 4676, 2723, 1.120, 18.71, -82.70, 1.119, 21.04, -82.85, 0.007, 137.74, 8.10);
insert into SHOT values (4651, 4672, 4677, 2723, 4.830, 318.91, 63.40, 4.831, 318.94, 63.42, 0.002, 86.02, 39.78);
insert into SHOT values (4652, 4672, 4678, 2723, 5.270, 29.41, 85.50, 5.302, 31.37, 84.80, 0.073, 43.33, 20.98);
insert into SHOT values (4653, 4678, 4679, 2723, 2.380, 142.91, 10.60, 2.381, 142.98, 10.40, 0.009, 192.74, -62.51);
insert into SHOT values (4654, 4678, 4680, 2723, 2.210, 105.71, 15.00, 2.215, 105.72, 14.91, 0.006, 112.56, -20.11);
insert into SHOT values (4655, 4678, 4681, 2723, 1.650, 210.31, 3.20, 1.647, 210.31, 3.13, 0.003, 30.80, -38.49);
insert into SHOT values (4656, 4678, 4682, 2723, 6.060, 169.01, 79.80, 6.072, 167.41, 79.99, 0.038, 47.26, 24.54);
insert into SHOT values (4657, 4682, 4683, 2723, 1.450, 222.81, 9.50, 1.449, 222.73, 9.53, 0.002, 114.01, 18.93);
insert into SHOT values (4658, 4682, 4684, 2723, 1.470, 257.01, 13.30, 1.466, 257.04, 13.41, 0.005, 67.58, 23.15);
insert into SHOT values (4659, 4682, 4685, 2723, 1.520, 272.11, 8.20, 1.517, 271.91, 8.34, 0.007, 147.11, 26.81);
insert into SHOT values (4660, 4682, 4686, 2723, 5.130, 279.11, 3.40, 5.124, 279.11, 3.47, 0.009, 95.12, 41.81);
insert into SHOT values (4661, 4682, 4687, 2723, 3.420, 287.41, 6.70, 3.417, 287.31, 6.72, 0.006, 170.01, 8.97);
insert into SHOT values (4662, 4682, 4688, 2723, 1.370, 307.71, 4.00, 1.366, 307.54, 4.20, 0.007, 168.22, 36.38);
insert into SHOT values (4663, 4682, 4689, 2723, 3.750, 248.11, 75.40, 3.749, 248.09, 75.52, 0.008, 70.89, 8.27);
insert into SHOT values (4664, 4682, 4690, 2723, 2.410, 225.11, 51.50, 2.412, 225.00, 51.58, 0.005, 112.04, 52.04);
insert into SHOT values (4665, 4682, 4691, 2723, 2.710, 164.51, 16.30, 2.714, 164.42, 16.26, 0.006, 123.38, -5.55);
insert into SHOT values (4666, 4682, 4692, 2723, 7.170, 54.51, -82.40, 7.173, 54.46, -82.42, 0.004, 254.71, -54.16);
insert into SHOT values (4667, 4682, 4693, 2723, 3.820, 283.41, 29.30, 3.754, 283.87, 29.88, 0.081, 84.64, 0.40);
insert into SHOT values (4668, 4693, 4694, 2723, 0.730, 193.11, 13.90, 0.728, 193.06, 13.50, 0.005, 77.03, -82.38);
insert into SHOT values (4669, 4693, 4695, 2723, 0.710, 189.01, 2.50, 0.709, 188.93, 2.42, 0.002, 61.28, -38.92);
insert into SHOT values (4670, 4693, 4696, 2723, 1.320, 142.91, 1.70, 1.321, 142.70, 1.74, 0.005, 60.05, 9.72);
insert into SHOT values (4671, 4693, 4697, 2723, 2.990, 110.51, 1.10, 2.991, 110.56, 1.15, 0.004, 179.97, 43.79);
insert into SHOT values (4672, 4693, 4698, 2723, 1.590, 91.51, -1.20, 1.591, 91.44, -1.08, 0.004, 26.32, 58.42);
insert into SHOT values (4673, 4693, 4699, 2723, 0.750, 47.61, 8.00, 0.750, 47.73, 7.66, 0.005, 116.33, -69.29);
insert into SHOT values (4674, 4693, 4700, 2723, 1.930, 232.81, 0.70, 1.928, 233.01, 0.59, 0.008, 338.01, -26.72);
insert into SHOT values (4675, 4693, 4701, 2723, 1.090, 218.51, 11.50, 1.083, 218.49, 11.72, 0.008, 40.76, 19.25);
insert into SHOT values (4676, 4693, 4702, 2723, 2.330, 267.91, 8.10, 2.325, 268.01, 8.16, 0.007, 50.96, 14.20);
insert into SHOT values (4677, 4693, 4703, 2723, 3.090, 240.71, -77.80, 3.090, 240.69, -77.79, 0.001, 224.62, 16.72);
insert into SHOT values (4678, 4693, 4704, 2723, 9.010, 11.61, 89.00, 9.011, 10.62, 88.96, 0.006, 344.65, 12.50);
insert into SHOT values (4679, 4693, 4705, 2723, 7.490, 96.41, 76.20, 7.487, 96.41, 76.16, 0.006, 97.76, -39.61);
insert into SHOT values (4680, 4693, 4706, 2723, 9.540, 271.41, 76.90, 9.540, 271.77, 78.26, 0.227, 88.22, 12.28);
insert into SHOT values (4681, 4706, 4707, 2723, 0.190, 58.61, -6.50, 0.198, 59.53, -5.79, 0.009, 79.35, 9.50);
insert into SHOT values (4682, 4706, 4708, 2723, 0.240, 212.81, -9.90, 0.237, 210.96, -9.73, 0.008, 99.01, 8.76);
insert into SHOT values (4683, 4706, 4709, 2723, 0.380, 130.01, -22.50, 0.375, 129.17, -21.90, 0.008, 10.83, 43.04);
insert into SHOT values (4684, 4706, 4710, 2723, 7.070, 133.91, -67.90, 7.069, 133.78, -67.90, 0.006, 38.17, 5.41);
insert into SHOT values (4685, 4706, 4711, 2723, 3.170, 193.61, -85.60, 3.169, 192.26, -85.74, 0.010, 48.55, 3.91);
insert into SHOT values (4686, 4706, 4712, 2723, 0.340, 253.51, -84.30, 0.341, 251.57, -84.69, 0.003, 99.86, -34.84);
insert into SHOT values (4687, 4706, 4713, 2723, 1.300, 320.61, 0.40, 1.301, 320.93, 0.44, 0.007, 42.99, 7.18);
insert into SHOT values (4688, 4706, 4714, 2723, 2.350, 310.61, -2.50, 2.297, 311.47, -2.25, 0.064, 97.39, 11.24);
insert into SHOT values (4689, 4714, 4715, 2723, 0.750, 55.61, 4.00, 0.756, 55.26, 3.79, 0.008, 19.51, -16.47);
insert into SHOT values (4690, 4714, 4716, 2723, 2.820, 158.11, 86.00, 2.817, 156.04, 85.99, 0.008, 69.20, -23.75);
insert into SHOT values (4691, 4714, 4717, 2723, 2.450, 148.41, -80.00, 2.457, 147.43, -79.99, 0.010, 71.48, -43.87);
insert into SHOT values (4692, 4714, 4718, 2723, 5.190, 176.31, -83.00, 5.189, 176.37, -83.01, 0.002, 328.26, 43.24);
insert into SHOT values (4693, 4714, 4719, 2723, 0.720, 355.51, 1.20, 0.722, 356.03, 0.79, 0.008, 69.64, -36.71);
insert into SHOT values (4694, 4714, 4720, 2723, 2.090, 303.31, -51.30, 2.040, 304.70, -51.67, 0.061, 87.34, 30.80);
insert into SHOT values (4695, 4720, 4721, 2723, 0.550, 211.91, -3.30, 0.553, 211.68, -3.11, 0.004, 176.76, 23.15);
insert into SHOT values (4696, 4720, 4722, 2723, 0.790, 266.91, 73.50, 0.791, 264.81, 73.79, 0.009, 152.87, 15.93);
insert into SHOT values (4697, 4720, 4723, 2723, 0.660, 225.51, -83.40, 0.655, 219.81, -83.15, 0.010, 148.97, 35.19);
insert into SHOT values (4698, 4720, 4724, 2723, 0.430, 151.51, -0.00, 0.434, 151.07, 0.00, 0.005, 113.15, 0.00);
insert into SHOT values (4699, 4720, 4725, 2723, 0.540, 162.61, 1.70, 0.544, 162.90, 2.11, 0.006, 195.30, 37.99);
insert into SHOT values (4700, 4720, 4726, 2723, 0.650, 343.61, -84.60, 0.653, 341.57, -84.44, 0.004, 295.68, -43.53);
insert into SHOT values (4701, 4720, 4727, 2723, 1.430, 145.41, 67.20, 1.434, 145.18, 67.00, 0.007, 125.33, 14.72);
insert into SHOT values (4702, 4720, 4728, 2723, 2.820, 325.91, -50.10, 2.782, 326.94, -50.28, 0.050, 100.32, 27.66);
insert into SHOT values (4703, 4728, 4729, 2723, 1.830, 198.51, 73.80, 1.832, 199.50, 73.86, 0.009, 297.60, 16.56);
insert into SHOT values (4704, 4728, 4730, 2723, 1.510, 273.71, 63.70, 1.508, 274.27, 63.54, 0.008, 340.68, -27.35);
insert into SHOT values (4705, 4728, 4731, 2723, 2.330, 359.91, 58.60, 2.334, 359.53, 58.49, 0.010, 306.96, 6.95);
insert into SHOT values (4706, 4728, 4732, 2723, 1.830, 334.71, 24.20, 1.833, 334.51, 24.15, 0.007, 276.92, -1.32);
insert into SHOT values (4707, 4728, 4733, 2723, 1.310, 137.81, 35.50, 1.306, 138.05, 35.58, 0.006, 271.40, -6.54);
insert into SHOT values (4708, 4728, 4734, 2723, 2.780, 292.91, 75.90, 2.787, 294.59, 76.54, 0.037, 79.31, 21.77);
insert into SHOT values (4709, 4734, 4735, 2723, 0.270, 17.41, 4.50, 0.273, 17.10, 4.20, 0.003, 350.56, -20.29);
insert into SHOT values (4710, 4734, 4736, 2723, 1.160, 325.41, 2.70, 1.166, 325.49, 2.46, 0.008, 340.65, -35.52);
insert into SHOT values (4711, 4734, 4737, 2723, 0.960, 142.41, -3.20, 0.958, 142.65, -3.59, 0.008, 263.81, -53.43);
insert into SHOT values (4712, 4734, 4738, 2723, 3.750, 179.31, 83.00, 3.747, 180.00, 83.10, 0.009, 321.63, -12.96);
insert into SHOT values (4713, 4734, 4739, 2723, 1.700, 314.11, 55.80, 1.699, 314.16, 55.51, 0.009, 321.80, -43.85);
insert into SHOT values (4714, 4734, 4740, 2723, 3.460, 141.41, -69.70, 3.465, 141.41, -69.69, 0.005, 145.45, -66.36);
insert into SHOT values (4715, 4734, 4741, 2723, 2.720, 125.21, -83.70, 2.726, 125.31, -83.81, 0.008, 298.25, -55.59);
insert into SHOT values (4716, 4734, 4742, 2723, 5.270, 324.41, 80.90, 5.283, 326.50, 81.12, 0.039, 86.38, 24.90);
insert into SHOT values (4717, 4742, 4743, 2723, 0.620, 108.91, -9.90, 0.623, 109.03, -10.16, 0.005, 133.66, -48.39);
insert into SHOT values (4718, 4742, 4744, 2723, 1.280, 158.51, -4.80, 1.284, 158.45, -4.91, 0.005, 139.93, -34.82);
insert into SHOT values (4719, 4742, 4745, 2723, 2.390, 164.61, -52.40, 2.390, 164.54, -52.26, 0.006, 144.14, 35.49);
insert into SHOT values (4720, 4742, 4746, 2723, 6.830, 197.61, -83.60, 6.833, 197.49, -83.57, 0.005, 176.07, -30.56);
insert into SHOT values (4721, 4742, 4747, 2723, 1.440, 138.91, 66.00, 1.445, 139.82, 65.95, 0.011, 210.05, 24.37);
insert into SURVEY values (2725, 2719, 'gps_aura', 'gps_aura.Aura.Ded.Ded', 'gps aura');
 insert into CENTRELINE values (2726, 2725, NULL, NULL, NULL, 0.00, 0.00, 0.00);
 insert into CENTRELINE values (2727, 2725, NULL, '2022-09-10', NULL, 3.04, 0.00, 0.00);
 insert into TOPO values (2, 2727);
 insert into SHOT values (4722, 4748, 4749, 2727, 1.350, 324.49, 15.50, 1.368, 323.30, 14.83, 0.036, 271.65, -17.35);
insert into SHOT values (4723, 4749, 4750, 2727, 1.690, 214.09, -4.20, 1.772, 214.86, -4.21, 0.085, 230.25, -4.20);
insert into SCRAPS values (2729, 2719, 'SP-aura-1', 1, 18.23252, 0.96351);
 insert into SCRAPS values (2746, 2719, 'SP-aura-2', 1, 9.72009, 1.87678);
 insert into SCRAPS values (2756, 2719, 'SP-aura-3', 1, 28.55210, 8.24430);
 insert into SCRAPS values (2765, 2719, 'SC-aura-1', 2, 76.98085, 1.39949);
 insert into MAPS values (2791, 2719, 'MP-Aura-plan-tot', 'Aura', 1, 55.930, -38.690);
 insert into MAPITEMS values (2791, 4, 2729);
 insert into MAPITEMS values (2791, 4, 2746);
 insert into MAPITEMS values (2791, 4, 2756);
 insert into MAPS values (2792, 2719, 'MC-Aura-coupe-tot', 'Aura', 2, 55.930, -38.690);
 insert into MAPITEMS values (2792, 4, 2765);
 insert into SURVEY values (2794, 53, 'jonction', 'jonction.Ded.Ded', 'jonction');
 insert into CENTRELINE values (2795, 2794, NULL, NULL, NULL, 0.00, 0.00, 0.00);
 insert into SURVEY values (2796, 2794, 'jonction', 'jonction.jonction.Ded.Ded', 'jonction');
 insert into CENTRELINE values (2797, 2796, NULL, NULL, NULL, 0.00, 0.00, 0.00);
 insert into CENTRELINE values (2798, 2796, NULL, '2021-07-17', NULL, 0.00, 12.37, 0.00);
 insert into TOPO values (10, 2798);
 insert into TOPO values (2, 2798);
 insert into SHOT values (4724, 4751, 4752, 2798, 4.890, 173.51, 25.00, 4.882, 172.59, 25.22, 0.074, 71.22, 10.44);
insert into SHOT_FLAG values(4724, 'srf');
insert into SHOT values (4725, 4752, 4753, 2798, 5.330, 178.71, -14.00, 5.289, 177.77, -13.89, 0.095, 64.16, 11.86);
insert into SHOT_FLAG values(4725, 'srf');
insert into SHOT values (4726, 4753, 4754, 2798, 2.150, 316.61, -36.00, 2.104, 317.86, -36.12, 0.060, 94.11, 23.31);
insert into SHOT_FLAG values(4726, 'srf');
insert into SCRAPS values (2800, 2794, 'SP-jonction', 1, 6.94011, 1.37299);
 insert into SCRAPS values (2807, 2794, 'SC-jonction', 4, 0.94822, 0.34076);
 insert into SURVEY values (2816, 53, 'Puits1', 'Puits1.Ded.Ded', 'Puits1');
 insert into CENTRELINE values (2817, 2816, NULL, NULL, NULL, 0.00, 0.00, 0.00);
 insert into SURVEY values (2818, 2816, 'Puits1', 'Puits1.Puits1.Ded.Ded', 'Puits1');
 insert into CENTRELINE values (2819, 2818, NULL, NULL, NULL, 0.00, 0.00, 0.00);
 insert into CENTRELINE values (2820, 2818, NULL, '2021-07-17', NULL, 17.02, 0.00, 0.00);
 insert into TOPO values (10, 2820);
 insert into TOPO values (2, 2820);
 insert into SHOT values (4727, 4755, 4756, 2820, 2.880, 324.11, 32.90, 2.880, 324.08, 32.80, 0.005, 294.17, -59.40);
insert into SHOT values (4728, 4756, 4757, 2820, 0.330, 81.11, 2.20, 0.334, 81.38, 3.43, 0.009, 103.05, 59.50);
insert into SHOT values (4729, 4756, 4758, 2820, 0.180, 259.41, -1.70, 0.184, 257.47, 0.00, 0.009, 204.42, 35.07);
insert into SHOT values (4730, 4756, 4759, 2820, 0.710, 67.21, -68.20, 0.700, 67.38, -68.20, 0.010, 235.16, 67.85);
insert into SHOT values (4731, 4756, 4760, 2820, 0.760, 74.51, -39.20, 0.760, 75.26, -39.16, 0.008, 161.55, 2.54);
insert into SHOT values (4732, 4756, 4761, 2820, 1.000, 15.71, -20.70, 0.997, 15.52, -20.54, 0.005, 261.05, 46.58);
insert into SHOT values (4733, 4756, 4762, 2820, 0.500, 207.11, 24.10, 0.506, 207.12, 24.51, 0.007, 208.62, 54.02);
insert into SHOT values (4734, 4756, 4763, 2820, 1.120, 355.11, -0.50, 1.115, 354.85, -0.51, 0.007, 217.32, -1.75);
insert into SHOT values (4735, 4756, 4764, 2820, 1.590, 328.21, -3.30, 1.593, 328.11, -3.24, 0.004, 282.24, 21.94);
insert into SHOT values (4736, 4756, 4765, 2820, 2.310, 344.51, -5.90, 2.304, 344.57, -5.73, 0.009, 138.62, 52.60);
insert into SHOT values (4737, 4765, 4766, 2820, 0.310, 236.21, -3.90, 0.311, 236.82, -3.68, 0.004, 304.22, 16.81);
insert into SHOT values (4738, 4765, 4767, 2820, 1.200, 232.81, 68.00, 1.198, 233.13, 67.93, 0.004, 312.41, -45.48);
insert into SHOT values (4739, 4765, 4768, 2820, 1.020, 214.31, -81.40, 1.021, 216.87, -81.55, 0.007, 326.06, -11.50);
insert into SHOT values (4740, 4765, 4769, 2820, 0.390, 272.11, -56.20, 0.397, 272.60, -56.28, 0.007, 302.36, -57.44);
insert into SHOT values (4741, 4765, 4770, 2820, 0.480, 232.21, 52.40, 0.479, 231.95, 52.45, 0.002, 110.19, -11.06);
insert into SHOT values (4742, 4765, 4771, 2820, 0.330, 356.41, 65.00, 0.331, 355.91, 64.93, 0.002, 302.72, 31.50);
insert into SHOT values (4743, 4765, 4772, 2820, 0.930, 65.41, -67.40, 0.930, 64.89, -67.66, 0.005, 284.27, -15.40);
insert into SHOT values (4744, 4765, 4773, 2820, 2.800, 340.11, -39.70, 2.806, 339.97, -39.64, 0.008, 301.21, -10.08);
insert into SHOT values (4745, 4773, 4774, 2820, 4.200, 272.71, 83.10, 4.200, 272.29, 83.16, 0.006, 133.70, 4.32);
insert into SHOT values (4746, 4773, 4775, 2820, 1.390, 175.11, 7.30, 1.397, 175.03, 7.40, 0.008, 159.04, 26.65);
insert into SHOT values (4747, 4773, 4776, 2820, 1.050, 56.11, -0.80, 1.046, 56.31, -1.10, 0.008, 195.39, -43.30);
insert into SHOT values (4748, 4773, 4777, 2820, 1.800, 219.61, 22.10, 1.803, 219.41, 22.16, 0.007, 147.71, 24.82);
insert into SHOT values (4749, 4773, 4778, 2820, 1.630, 328.31, 43.60, 1.624, 328.20, 43.59, 0.006, 178.20, -42.97);
insert into SHOT values (4750, 4773, 4779, 2820, 3.700, 334.41, 79.60, 3.700, 334.20, 79.63, 0.003, 211.74, 15.62);
insert into SHOT values (4751, 4773, 4780, 2820, 3.300, 152.21, 69.40, 3.302, 152.33, 69.38, 0.003, 205.71, 17.53);
insert into SHOT values (4752, 4773, 4781, 2820, 2.680, 138.91, 53.50, 2.677, 138.81, 53.44, 0.005, 57.55, -58.80);
insert into SHOT values (4753, 4773, 4782, 2820, 1.640, 14.01, 55.30, 1.639, 14.34, 55.47, 0.007, 145.53, 13.33);
insert into SHOT values (4754, 4773, 4783, 2820, 2.020, 73.41, 71.70, 2.023, 73.56, 71.67, 0.003, 117.63, 41.73);
insert into SHOT values (4755, 4773, 4784, 2820, 2.110, 117.71, 68.70, 2.106, 117.90, 68.57, 0.007, 158.54, -56.39);
insert into SHOT values (4756, 4773, 4785, 2820, 3.160, 340.11, 37.90, 3.154, 340.25, 37.97, 0.010, 119.24, -6.73);
insert into SHOT values (4757, 4773, 4786, 2820, 2.860, 340.41, 37.80, 2.869, 341.40, 38.09, 0.043, 73.77, 23.46);
insert into SHOT values (4758, 4786, 4787, 2820, 0.670, 208.81, 12.60, 0.669, 209.31, 12.09, 0.008, 300.88, -47.01);
insert into SHOT values (4759, 4786, 4788, 2820, 0.440, 297.21, 29.90, 0.438, 297.90, 28.63, 0.011, 352.19, -58.79);
insert into SHOT values (4760, 4786, 4789, 2820, 0.340, 81.71, 12.70, 0.341, 81.38, 11.84, 0.006, 39.56, -59.43);
insert into SHOT values (4761, 4786, 4790, 2820, 1.010, 151.71, 0.40, 1.002, 151.39, 0.00, 0.012, 7.92, -36.84);
insert into SHOT values (4762, 4786, 4791, 2820, 1.050, 109.31, -73.80, 1.052, 107.82, -73.76, 0.008, 27.27, -12.37);
insert into SHOT values (4763, 4786, 4792, 2820, 1.210, 47.01, 82.60, 1.200, 45.00, 82.55, 0.011, 313.07, -61.17);
insert into SHOT values (4764, 4786, 4793, 2820, 1.570, 234.71, 70.40, 1.561, 235.10, 70.37, 0.010, 358.20, -64.64);
insert into SHOT values (4765, 4786, 4794, 2820, 3.300, 321.51, 42.60, 3.290, 322.42, 42.90, 0.043, 78.20, 8.38);
insert into SHOT values (4766, 4794, 4795, 2820, 0.660, 174.71, 1.20, 0.653, 174.73, 0.88, 0.008, 352.99, -28.31);
insert into SHOT values (4767, 4794, 4796, 2820, 1.760, 125.21, -10.50, 1.754, 125.07, -10.84, 0.013, 332.81, -46.89);
insert into SHOT values (4768, 4794, 4797, 2820, 4.010, 202.71, -49.20, 4.009, 202.74, -49.32, 0.009, 11.66, -31.47);
insert into SHOT values (4769, 4794, 4798, 2820, 4.300, 145.81, -38.40, 4.299, 145.79, -38.56, 0.012, 332.87, -47.44);
insert into SHOT values (4770, 4794, 4799, 2820, 0.920, 200.11, 2.10, 0.918, 200.41, 1.87, 0.006, 310.38, -35.71);
insert into SHOT values (4771, 4794, 4800, 2820, 2.870, 193.51, 48.70, 2.840, 192.76, 49.20, 0.046, 45.55, -7.68);
insert into SCRAPS values (2822, 2816, 'SP-Puits1-1', 1, 38.60836, 3.13371);
 insert into SCRAPS values (2834, 2816, 'SC-Puits1-1', 2, 44.96614, 10.24664);
 insert into MAPS values (2844, 2816, 'MP-Puits1-plan-tot', 'Puits1', 1, 17.020, -6.160);
 insert into MAPITEMS values (2844, 4, 2822);
 insert into MAPS values (2845, 2816, 'MC-Puits1-coupe-tot', 'Puits1', 2, 17.020, -6.160);
 insert into MAPITEMS values (2845, 4, 2834);
 insert into SURVEY values (2847, 53, 'William', 'William.Ded.Ded', 'William');
 insert into CENTRELINE values (2848, 2847, NULL, NULL, NULL, 0.00, 0.00, 0.00);
 insert into SURVEY values (2849, 2847, 'William', 'William.William.Ded.Ded', 'William');
 insert into CENTRELINE values (2850, 2849, NULL, NULL, NULL, 0.00, 0.00, 0.00);
 insert into CENTRELINE values (2851, 2849, NULL, '2021-07-17', NULL, 55.40, 0.00, 0.00);
 insert into TOPO values (10, 2851);
 insert into TOPO values (2, 2851);
 insert into SHOT values (4772, 4801, 4802, 2851, 2.670, 168.51, -13.50, 2.675, 168.47, -13.40, 0.007, 154.94, 27.16);
insert into SHOT values (4773, 4801, 4803, 2851, 0.850, 104.61, -31.00, 0.852, 104.98, -30.33, 0.011, 141.59, 44.28);
insert into SHOT values (4774, 4801, 4804, 2851, 2.270, 343.71, 17.40, 2.272, 343.66, 17.42, 0.003, 290.49, 25.53);
insert into SHOT values (4775, 4801, 4805, 2851, 0.600, 184.21, 81.50, 0.607, 180.00, 81.47, 0.009, 103.43, 44.57);
insert into SHOT values (4776, 4801, 4806, 2851, 4.070, 298.31, 34.90, 4.070, 298.25, 34.92, 0.003, 201.75, 23.68);
insert into SHOT values (4777, 4806, 4807, 2851, 1.280, 25.11, 4.00, 1.283, 24.96, 4.02, 0.004, 334.43, 9.68);
insert into SHOT values (4778, 4806, 4808, 2851, 1.420, 123.91, -6.80, 1.422, 124.03, -6.87, 0.004, 183.76, -28.55);
insert into SHOT values (4779, 4806, 4809, 2851, 1.930, 264.11, -74.80, 1.927, 264.29, -74.88, 0.005, 59.80, 32.62);
insert into SHOT values (4780, 4806, 4810, 2851, 0.570, 110.71, 75.00, 0.570, 109.65, 74.87, 0.003, 42.79, -11.08);
insert into SHOT values (4781, 4806, 4811, 2851, 2.530, 207.21, -2.90, 2.530, 207.07, -2.95, 0.006, 118.06, -18.53);
insert into SHOT values (4782, 4806, 4812, 2851, 3.810, 180.11, -24.40, 3.809, 180.00, -24.34, 0.008, 92.65, 31.10);
insert into SHOT values (4783, 4806, 4813, 2851, 3.860, 157.61, -30.80, 3.862, 157.53, -30.67, 0.010, 122.59, 38.28);
insert into SHOT values (4784, 4806, 4814, 2851, 3.570, 97.01, -30.10, 3.574, 97.06, -30.06, 0.006, 125.54, 4.09);
insert into SHOT values (4785, 4806, 4815, 2851, 3.840, 283.01, 43.10, 3.843, 282.99, 43.19, 0.007, 119.77, 70.83);
insert into SHOT values (4786, 4806, 4816, 2851, 3.580, 259.71, 33.30, 3.580, 259.59, 33.39, 0.008, 143.04, 33.80);
insert into SHOT values (4787, 4816, 4817, 2851, 0.340, 111.21, 73.30, 0.334, 108.43, 73.49, 0.008, 348.51, -46.07);
insert into SHOT values (4788, 4816, 4818, 2851, 0.360, 290.41, -40.00, 0.361, 291.04, -39.54, 0.004, 338.24, 18.76);
insert into SHOT values (4789, 4816, 4819, 2851, 1.610, 289.51, 21.80, 1.612, 289.53, 21.85, 0.002, 311.05, 59.14);
insert into SHOT values (4790, 4816, 4820, 2851, 6.520, 120.81, -31.00, 6.520, 120.79, -31.02, 0.003, 356.83, -40.41);
insert into SHOT values (4791, 4816, 4821, 2851, 4.870, 354.61, 4.60, 4.877, 354.57, 4.59, 0.008, 332.13, -4.01);
insert into SHOT values (4792, 4816, 4822, 2851, 3.860, 239.71, 22.50, 3.854, 239.84, 22.42, 0.011, 355.16, -38.91);
insert into SHOT values (4793, 4822, 4823, 2851, 0.630, 134.31, -3.90, 0.631, 134.36, -3.64, 0.003, 167.41, 70.97);
insert into SHOT values (4794, 4822, 4824, 2851, 2.410, 115.11, 75.00, 2.412, 115.74, 75.06, 0.007, 222.11, 16.43);
insert into SHOT values (4795, 4822, 4825, 2851, 4.380, 315.11, 85.80, 4.382, 313.73, 85.83, 0.008, 206.38, 12.28);
insert into SHOT values (4796, 4822, 4826, 2851, 2.010, 198.01, 5.80, 2.019, 197.98, 5.97, 0.011, 192.39, 39.18);
insert into SHOT values (4797, 4822, 4827, 2851, 1.540, 51.21, 7.60, 1.537, 51.40, 7.85, 0.009, 177.84, 44.91);
insert into SHOT values (4798, 4822, 4828, 2851, 10.670, 53.21, -16.70, 10.664, 53.20, -16.67, 0.008, 257.42, 54.73);
insert into SHOT values (4799, 4828, 4829, 2851, 3.120, 319.21, 15.30, 3.116, 319.32, 15.26, 0.007, 75.08, -27.40);
insert into SHOT values (4800, 4828, 4830, 2851, 7.390, 317.21, 65.10, 7.385, 317.22, 65.12, 0.006, 130.78, -31.63);
insert into SHOT values (4801, 4828, 4831, 2851, 5.520, 241.91, 10.40, 5.522, 241.88, 10.43, 0.005, 185.57, 46.43);
insert into SHOT values (4802, 4828, 4832, 2851, 7.580, 259.51, 57.40, 7.573, 259.41, 57.40, 0.010, 138.35, -34.52);
insert into SHOT values (4803, 4828, 4833, 2851, 1.620, 159.91, 56.50, 1.620, 159.74, 56.45, 0.003, 95.66, -17.48);
insert into SHOT values (4804, 4828, 4834, 2851, 0.790, 134.81, 22.00, 0.791, 135.00, 21.52, 0.007, 175.14, -57.25);
insert into SHOT values (4805, 4828, 4835, 2851, 18.040, 30.01, 85.70, 18.041, 30.17, 85.70, 0.004, 110.34, 11.67);
insert into SHOT values (4806, 4828, 4836, 2851, 2.860, 43.91, 24.20, 2.860, 43.91, 24.15, 0.003, 58.37, -65.92);
insert into SHOT values (4807, 4828, 4837, 2851, 4.590, 5.11, 10.20, 4.591, 5.21, 10.16, 0.008, 86.51, -19.73);
insert into SHOT values (4808, 4828, 4838, 2851, 17.380, 67.31, 86.00, 17.367, 67.11, 88.39, 0.724, 247.44, 1.77);
insert into SHOT values (4809, 4838, 4839, 2851, 2.470, 250.11, 0.10, 2.471, 249.88, 0.00, 0.011, 164.70, -23.50);
insert into SHOT values (4810, 4838, 4840, 2851, 1.560, 174.81, -5.60, 1.564, 174.84, -5.51, 0.004, 187.65, 30.07);
insert into SHOT values (4811, 4838, 4841, 2851, 2.360, 218.91, -4.70, 2.369, 218.81, -4.60, 0.011, 195.83, 18.48);
insert into SHOT values (4812, 4838, 4842, 2851, 1.290, 108.91, -5.20, 1.296, 109.00, -5.31, 0.007, 128.72, -27.48);
insert into SHOT values (4813, 4838, 4843, 2851, 3.580, 72.71, -0.40, 3.581, 72.78, -0.48, 0.007, 155.30, -47.73);
insert into SHOT values (4814, 4838, 4844, 2851, 9.170, 83.81, 64.60, 9.166, 83.87, 64.60, 0.006, 185.11, -39.75);
insert into SHOT values (4815, 4838, 4845, 2851, 6.960, 30.21, 79.70, 6.962, 30.49, 79.73, 0.007, 144.75, 17.85);
insert into SHOT values (4816, 4838, 4846, 2851, 5.220, 301.11, 17.00, 5.213, 301.04, 17.07, 0.011, 155.73, 21.07);
insert into SHOT values (4817, 4838, 4847, 2851, 6.770, 39.21, 78.40, 6.736, 38.80, 79.35, 0.118, 223.51, -5.72);
insert into SHOT values (4818, 4847, 4848, 2851, 4.340, 225.31, -6.40, 4.341, 225.38, -6.48, 0.008, 309.88, -50.31);
insert into SHOT values (4819, 4847, 4849, 2851, 1.910, 251.91, 0.50, 1.913, 252.04, 0.30, 0.009, 304.82, -50.53);
insert into SHOT values (4820, 4847, 4850, 2851, 2.740, 314.61, 9.20, 2.742, 314.55, 9.02, 0.009, 277.79, -61.24);
insert into SHOT values (4821, 4847, 4851, 2851, 3.280, 86.21, -10.30, 3.281, 86.09, -10.36, 0.007, 359.34, -28.35);
insert into SHOT values (4822, 4847, 4852, 2851, 2.900, 255.81, 50.30, 2.949, 255.82, 49.42, 0.067, 256.14, 7.54);
insert into SHOT values (4823, 4852, 4853, 2851, 1.450, 17.81, 13.80, 1.448, 17.79, 13.58, 0.006, 223.07, -80.99);
insert into SHOT values (4824, 4852, 4854, 2851, 0.620, 342.81, 4.80, 0.619, 343.03, 4.63, 0.003, 94.78, -35.57);
insert into SHOT values (4825, 4852, 4855, 2851, 1.100, 355.51, 2.20, 1.104, 355.32, 2.08, 0.006, 317.04, -21.26);
insert into SHOT values (4826, 4852, 4856, 2851, 1.240, 63.81, -1.30, 1.239, 63.64, -1.39, 0.004, 319.75, -26.84);
insert into SHOT values (4827, 4852, 4857, 2851, 1.280, 92.31, -1.10, 1.281, 92.24, -1.34, 0.006, 39.88, -69.90);
insert into SHOT values (4828, 4852, 4858, 2851, 4.100, 0.81, 71.30, 4.070, 359.56, 71.52, 0.044, 229.47, -32.13);
insert into SHOT values (4829, 4858, 4859, 2851, 0.950, 257.41, -6.90, 0.951, 257.14, -7.25, 0.007, 174.36, -53.12);
insert into SHOT values (4830, 4858, 4860, 2851, 1.070, 278.31, -4.70, 1.064, 278.13, -4.85, 0.007, 128.04, -19.36);
insert into SHOT values (4831, 4858, 4861, 2851, 0.530, 340.71, 2.50, 0.528, 341.22, 2.17, 0.006, 87.23, -32.22);
insert into SHOT values (4832, 4858, 4862, 2851, 2.070, 191.41, 80.10, 2.054, 194.04, 79.59, 0.030, 240.41, -40.37);
insert into SHOT values (4833, 4862, 4863, 2851, 1.620, 45.21, -6.70, 1.616, 45.25, -6.75, 0.004, 206.80, -13.97);
insert into SHOT values (4834, 4862, 4864, 2851, 1.150, 71.01, -4.90, 1.145, 71.09, -4.51, 0.009, 229.75, 61.43);
insert into SHOT values (4835, 4862, 4865, 2851, 1.370, 1.81, 0.40, 1.361, 1.68, 0.42, 0.010, 199.06, 2.54);
insert into SHOT values (4836, 4862, 4866, 2851, 1.560, 102.71, -72.70, 1.560, 103.74, -72.73, 0.008, 197.72, -3.93);
insert into SHOT values (4837, 4862, 4867, 2851, 1.060, 84.41, 28.30, 1.056, 84.41, 28.89, 0.012, 263.85, 39.95);
insert into SCRAPS values (2853, 2847, 'SP-William-1', 1, 54.82368, 8.86375);
 insert into SCRAPS values (2870, 2847, 'SP-William-2', 1, 19.69332, 1.75485);
 insert into SCRAPS values (2879, 2847, 'SC-William-1', 2, 29.82040, 2.19507);
 insert into MAPS values (2900, 2847, 'MP-William-plan-tot', 'William', 1, 55.400, -34.810);
 insert into MAPITEMS values (2900, 4, 2853);
 insert into MAPITEMS values (2900, 4, 2870);
 insert into MAPS values (2901, 2847, 'MC-William-coupe-tot', 'William', 2, 55.400, -34.810);
 insert into MAPITEMS values (2901, 4, 2879);
 insert into MAPS values (2903, 53, 'MP-Ded-tot', 'Synthese topographie du Reseau Ded', 1, 2718.181, -692.900);
 insert into MAPITEMS values (2903, 4, 1769);
 insert into MAPITEMS values (2903, 4, 2208);
 insert into MAPITEMS values (2903, 4, 2791);
 insert into MAPITEMS values (2903, 4, 2429);
 insert into MAPITEMS values (2903, 4, 324);
 insert into MAPITEMS values (2903, 4, 2844);
 insert into MAPITEMS values (2903, 4, 2900);
 insert into MAPITEMS values (2903, 4, 2715);
 insert into MAPITEMS values (2903, 4, 2602);
 insert into MAPS values (2904, 53, 'MC-Ded-tot', 'Synthese topographie du Reseau Ded', 2, 2718.181, -692.900);
 insert into MAPITEMS values (2904, 4, 1770);
 insert into MAPITEMS values (2904, 4, 2209);
 insert into MAPITEMS values (2904, 4, 2792);
 insert into MAPITEMS values (2904, 4, 2430);
 insert into MAPITEMS values (2904, 4, 325);
 insert into MAPITEMS values (2904, 4, 2845);
 insert into MAPITEMS values (2904, 4, 2901);
 insert into MAPITEMS values (2904, 4, 2716);
 insert into MAPITEMS values (2904, 4, 2603);
 insert into SURVEY values (2923, 51, 'enclos', 'enclos.Ded', 'Resurgence de la Porte de l''Enclos');
 insert into CENTRELINE values (2924, 2923, NULL, NULL, NULL, 0.00, 0.00, 0.00);
 insert into SURVEY values (2925, 2923, 'enclos', 'enclos.enclos.Ded', 'Enclos');
 insert into CENTRELINE values (2926, 2925, NULL, NULL, NULL, 0.00, 0.00, 0.00);
 insert into CENTRELINE values (2927, 2925, NULL, '2022-03-12', NULL, 98.05, 0.00, 0.00);
 insert into PERSON values (47, 'Noemie', 'Briot(GUCEM)');
insert into TOPO values (47, 2927);
 insert into TOPO values (2, 2927);
 insert into TOPO values (33, 2927);
 insert into SHOT values (4838, 4868, 4869, 2927, 2.240, 176.91, 1.80, 2.244, 176.93, 1.79, 0.004, 187.32, -4.69);
insert into SHOT values (4839, 4868, 4870, 2927, 0.210, 213.01, -82.90, 0.211, 206.57, -83.92, 0.005, 66.91, -19.68);
insert into SHOT values (4840, 4868, 4871, 2927, 0.380, 261.81, -12.50, 0.382, 262.30, -12.09, 0.005, 315.42, 29.50);
insert into SHOT values (4841, 4868, 4872, 2927, 0.310, 107.01, -4.80, 0.315, 106.70, -5.47, 0.006, 85.21, -41.29);
insert into SHOT values (4842, 4868, 4873, 2927, 5.000, 183.71, 2.90, 4.997, 183.68, 2.87, 0.005, 47.54, -32.74);
insert into SHOT values (4843, 4868, 4874, 2927, 1.250, 12.81, -8.90, 1.247, 13.13, -8.77, 0.008, 124.44, 24.54);
insert into SHOT values (4844, 4868, 4875, 2927, 0.400, 321.41, -48.20, 0.404, 321.01, -47.99, 0.004, 293.28, -24.11);
insert into SHOT values (4845, 4868, 4876, 2927, 1.130, 1.21, -20.30, 1.130, 1.08, -20.20, 0.003, 279.84, 39.44);
insert into SHOT values (4846, 4876, 4877, 2927, 0.170, 220.01, 87.80, 0.170, 180.00, 86.63, 0.007, 140.01, 1.10);
insert into SHOT values (4847, 4876, 4878, 2927, 0.190, 355.51, -79.00, 0.194, 0.00, -78.11, 0.006, 36.32, -36.10);
insert into SHOT values (4848, 4876, 4879, 2927, 0.600, 129.51, 26.30, 0.600, 128.99, 25.69, 0.008, 66.01, -46.71);
insert into SHOT values (4849, 4876, 4880, 2927, 1.200, 298.91, -26.50, 1.202, 298.95, -26.69, 0.005, 4.41, -80.33);
insert into SHOT values (4850, 4880, 4881, 2927, 0.230, 140.21, -54.30, 0.225, 138.01, -53.22, 0.009, 52.68, 52.67);
insert into SHOT values (4851, 4880, 4882, 2927, 0.330, 189.51, 63.40, 0.336, 187.59, 63.23, 0.008, 134.01, 38.72);
insert into SHOT values (4852, 4880, 4883, 2927, 0.580, 220.01, 0.30, 0.583, 219.43, 0.00, 0.007, 153.27, -25.11);
insert into SHOT values (4853, 4880, 4884, 2927, 0.350, 37.31, -7.00, 0.344, 37.87, -6.67, 0.007, 185.26, 22.79);
insert into SHOT values (4854, 4880, 4885, 2927, 0.900, 357.41, -19.20, 0.899, 357.98, -18.83, 0.010, 83.67, 35.41);
insert into SHOT values (4855, 4885, 4886, 2927, 0.530, 238.01, -50.20, 0.533, 238.17, -50.22, 0.004, 262.73, -51.07);
insert into SHOT values (4856, 4885, 4887, 2927, 0.390, 237.11, 1.00, 0.391, 237.53, 0.00, 0.007, 304.16, -65.65);
insert into SHOT values (4857, 4885, 4888, 2927, 1.170, 221.21, -4.20, 1.173, 221.19, -4.40, 0.005, 208.42, -59.69);
insert into SHOT values (4858, 4885, 4889, 2927, 0.850, 219.21, -13.10, 0.855, 219.63, -13.53, 0.010, 282.29, -47.37);
insert into SHOT values (4859, 4885, 4890, 2927, 0.650, 311.51, -52.40, 0.654, 310.91, -52.64, 0.007, 226.64, -50.26);
insert into SHOT values (4860, 4890, 4891, 2927, 0.450, 147.91, 82.80, 0.454, 149.04, 82.62, 0.004, 178.96, 58.02);
insert into SHOT values (4861, 4890, 4892, 2927, 0.440, 75.91, 40.60, 0.439, 75.96, 41.32, 0.006, 251.98, 40.79);
insert into SHOT values (4862, 4890, 4893, 2927, 0.760, 207.51, 22.80, 0.764, 208.02, 23.13, 0.009, 282.26, 40.19);
insert into SHOT values (4863, 4890, 4894, 2927, 0.820, 332.61, 7.10, 0.820, 332.18, 7.00, 0.006, 246.20, -12.26);
insert into SHOT values (4864, 4894, 4895, 2927, 0.300, 254.51, -80.60, 0.293, 255.96, -81.91, 0.010, 66.87, 37.26);
insert into SHOT values (4865, 4894, 4896, 2927, 0.480, 269.21, -49.10, 0.475, 270.00, -49.27, 0.007, 44.54, 24.90);
insert into SHOT values (4866, 4894, 4897, 2927, 0.670, 90.21, 21.50, 0.678, 90.00, 21.64, 0.008, 70.70, 32.34);
insert into SHOT values (4867, 4894, 4898, 2927, 1.250, 22.11, -13.80, 1.256, 22.15, -13.81, 0.006, 29.44, -16.54);
insert into SHOT values (4868, 4894, 4899, 2927, 1.020, 22.91, -13.60, 1.028, 22.97, -13.51, 0.008, 30.44, -1.12);
insert into SHOT values (4869, 4899, 4900, 2927, 0.490, 42.71, -18.20, 0.490, 43.26, -17.81, 0.006, 115.43, 32.92);
insert into SHOT values (4870, 4899, 4901, 2927, 0.500, 41.91, -17.30, 0.497, 42.44, -17.55, 0.006, 168.08, -13.76);
insert into SHOT values (4871, 4901, 4902, 2927, 0.310, 359.91, 69.40, 0.310, 0.00, 69.23, 0.001, 10.08, -10.71);
insert into SHOT values (4872, 4901, 4903, 2927, 0.200, 5.21, -42.10, 0.199, 3.81, -40.85, 0.006, 302.49, 44.69);
insert into SHOT values (4873, 4901, 4904, 2927, 0.640, 305.71, 7.90, 0.645, 305.43, 8.03, 0.006, 269.55, 21.06);
insert into SHOT values (4874, 4901, 4905, 2927, 2.100, 10.81, 6.20, 2.099, 10.77, 6.29, 0.004, 248.86, 60.73);
insert into SHOT values (4875, 4901, 4906, 2927, 2.070, 11.71, 8.10, 2.073, 11.53, 8.32, 0.011, 298.82, 50.37);
insert into SHOT values (4876, 4906, 4907, 2927, 1.270, 306.11, -45.00, 1.269, 306.36, -45.19, 0.006, 82.52, -19.68);
insert into SHOT values (4877, 4906, 4908, 2927, 1.250, 313.51, -43.50, 1.251, 313.65, -44.08, 0.013, 119.59, -47.69);
insert into SHOT values (4878, 4906, 4909, 2927, 0.840, 295.51, -14.70, 0.839, 295.62, -15.20, 0.008, 89.34, -64.43);
insert into SHOT values (4879, 4906, 4910, 2927, 0.140, 294.41, 49.40, 0.134, 296.57, 48.19, 0.007, 51.65, -59.05);
insert into SHOT values (4880, 4906, 4911, 2927, 1.760, 330.41, -15.90, 1.758, 330.55, -16.19, 0.010, 108.83, -52.26);
insert into SHOT values (4881, 4911, 4912, 2927, 0.450, 78.41, -6.00, 0.451, 78.44, -5.09, 0.007, 85.95, 77.28);
insert into SHOT values (4882, 4911, 4913, 2927, 0.200, 333.81, 84.30, 0.201, 333.43, 83.62, 0.003, 330.43, 21.58);
insert into SHOT values (4883, 4911, 4914, 2927, 0.350, 98.11, -82.10, 0.344, 101.31, -81.47, 0.008, 143.50, 59.12);
insert into SHOT values (4884, 4911, 4915, 2927, 1.890, 5.51, -9.50, 1.894, 5.53, -9.42, 0.005, 11.28, 22.72);
insert into SHOT values (4885, 4915, 4916, 2927, 0.240, 202.61, -87.40, 0.240, 225.00, -86.63, 0.006, 270.49, -2.43);
insert into SHOT values (4886, 4915, 4917, 2927, 0.240, 312.71, 55.40, 0.241, 311.99, 56.07, 0.003, 176.85, 44.99);
insert into SHOT values (4887, 4915, 4918, 2927, 0.710, 233.91, -1.60, 0.716, 234.09, -1.60, 0.007, 253.05, -1.49);
insert into SHOT values (4888, 4915, 4919, 2927, 2.110, 308.91, -16.90, 2.103, 308.75, -16.86, 0.009, 173.81, 22.43);
insert into SHOT values (4889, 4919, 4920, 2927, 0.300, 95.21, -68.90, 0.297, 95.71, -70.26, 0.008, 268.58, -0.86);
insert into SHOT values (4890, 4919, 4921, 2927, 0.520, 352.61, -22.00, 0.523, 352.87, -22.46, 0.006, 46.79, -62.36);
insert into SHOT values (4891, 4919, 4922, 2927, 0.730, 210.31, -13.70, 0.731, 210.55, -14.26, 0.008, 318.09, -66.83);
insert into SHOT values (4892, 4919, 4923, 2927, 1.880, 266.21, -31.30, 1.887, 266.45, -31.28, 0.010, 310.52, -19.42);
insert into SHOT values (4893, 4923, 4924, 2927, 0.280, 99.31, -74.00, 0.282, 97.13, -73.37, 0.005, 57.03, -10.48);
insert into SHOT values (4894, 4923, 4925, 2927, 0.260, 11.61, 51.40, 0.259, 14.04, 50.49, 0.008, 81.39, -23.27);
insert into SHOT values (4895, 4923, 4926, 2927, 0.800, 31.71, 7.40, 0.797, 32.08, 7.21, 0.006, 148.71, -27.99);
insert into SHOT values (4896, 4923, 4927, 2927, 3.770, 338.81, -11.30, 3.762, 338.86, -11.35, 0.009, 139.07, -7.85);
insert into SHOT values (4897, 4927, 4928, 2927, 0.780, 84.51, 13.40, 0.775, 83.91, 13.42, 0.009, 324.63, -4.78);
insert into SHOT values (4898, 4927, 4929, 2927, 0.610, 111.31, 46.90, 0.614, 111.04, 47.12, 0.005, 48.88, 63.75);
insert into SHOT values (4899, 4927, 4930, 2927, 0.340, 89.81, -52.10, 0.342, 87.27, -52.09, 0.010, 7.00, -10.33);
insert into SHOT values (4900, 4927, 4931, 2927, 1.290, 24.91, 13.20, 1.292, 24.93, 13.42, 0.006, 44.99, 76.09);
insert into SHOT values (4901, 4931, 4932, 2927, 2.790, 218.81, -21.00, 2.795, 218.93, -20.97, 0.007, 266.57, -1.18);
insert into SHOT values (4902, 4931, 4933, 2927, 2.370, 245.51, -24.40, 2.373, 245.69, -24.39, 0.007, 308.31, -7.26);
insert into SHOT values (4903, 4931, 4934, 2927, 2.200, 261.41, -23.40, 2.206, 261.47, -23.52, 0.007, 292.22, -58.42);
insert into SHOT values (4904, 4931, 4935, 2927, 0.440, 310.21, -78.60, 0.440, 310.60, -77.90, 0.005, 317.03, 14.08);
insert into SHOT values (4905, 4931, 4936, 2927, 0.420, 224.31, 64.90, 0.419, 227.29, 65.03, 0.009, 323.49, -2.09);
insert into SHOT values (4906, 4931, 4937, 2927, 0.420, 255.61, -32.90, 0.418, 256.76, -33.36, 0.008, 11.73, -13.49);
insert into SHOT values (4907, 4931, 4938, 2927, 4.090, 351.51, 5.10, 4.090, 351.53, 5.05, 0.004, 56.62, -67.88);
insert into SHOT values (4908, 4938, 4939, 2927, 0.350, 351.51, 5.00, 0.356, 350.27, 4.83, 0.010, 301.08, -2.90);
insert into SHOT values (4909, 4938, 4940, 2927, 0.520, 345.01, -82.40, 0.515, 344.05, -81.88, 0.007, 328.15, 52.30);
insert into SHOT values (4910, 4938, 4941, 2927, 1.580, 269.41, -18.30, 1.581, 269.62, -18.43, 0.007, 0.15, -35.98);
insert into SHOT values (4911, 4938, 4942, 2927, 2.170, 356.61, -5.40, 2.173, 356.56, -5.28, 0.006, 325.09, 45.44);
insert into SHOT values (4912, 4938, 4943, 2927, 0.400, 79.31, -1.60, 0.398, 78.41, -1.44, 0.007, 333.57, 10.14);
insert into SHOT values (4913, 4938, 4944, 2927, 3.790, 321.71, -21.60, 3.795, 321.67, -21.49, 0.009, 301.47, 33.74);
insert into SHOT values (4914, 4944, 4945, 2927, 0.480, 88.61, -83.20, 0.484, 90.00, -82.87, 0.005, 113.37, -44.24);
insert into SHOT values (4915, 4944, 4946, 2927, 0.810, 33.51, 2.00, 0.807, 33.89, 1.42, 0.010, 148.29, -54.96);
insert into SHOT values (4916, 4944, 4947, 2927, 0.860, 219.71, -14.70, 0.860, 219.63, -14.83, 0.002, 93.71, -49.49);
insert into SHOT values (4917, 4944, 4948, 2927, 3.340, 317.91, -16.50, 3.339, 318.04, -16.53, 0.007, 62.55, -10.80);
insert into SHOT values (4918, 4948, 4949, 2927, 0.270, 288.31, 79.10, 0.265, 281.31, 78.90, 0.008, 194.21, -39.45);
insert into SHOT values (4919, 4948, 4950, 2927, 0.990, 40.81, 20.00, 0.983, 40.60, 20.24, 0.009, 243.04, 8.83);
insert into SHOT values (4920, 4948, 4951, 2927, 2.490, 263.51, -14.30, 2.495, 263.35, -14.39, 0.009, 199.31, -32.34);
insert into SHOT values (4921, 4948, 4952, 2927, 2.890, 311.11, -9.00, 2.903, 310.75, -9.32, 0.027, 250.41, -40.94);
insert into SHOT values (4922, 4948, 4953, 2927, 9.550, 336.71, -4.20, 9.550, 337.15, -3.90, 0.088, 64.23, 34.28);
insert into SHOT values (4923, 4952, 4954, 2927, 0.350, 0.31, -82.90, 0.344, 0.00, -81.63, 0.010, 357.99, 47.33);
insert into SHOT values (4924, 4952, 4955, 2927, 2.220, 58.31, 18.10, 2.216, 58.20, 18.14, 0.006, 285.91, 2.94);
insert into SHOT values (4925, 4952, 4956, 2927, 2.180, 260.01, -20.70, 2.181, 260.12, -20.68, 0.004, 335.92, 8.19);
insert into SHOT values (4926, 4952, 4957, 2927, 2.160, 271.91, -15.20, 2.199, 271.89, -15.29, 0.039, 270.64, -20.42);
insert into SHOT values (4927, 4957, 4958, 2927, 0.530, 1.31, 25.80, 0.523, 1.22, 26.07, 0.007, 187.57, -5.41);
insert into SHOT values (4928, 4957, 4959, 2927, 0.570, 23.21, -19.80, 0.566, 23.20, -19.62, 0.004, 205.66, 43.90);
insert into SHOT values (4929, 4957, 4960, 2927, 1.220, 41.21, 7.80, 1.217, 40.96, 8.03, 0.008, 276.54, 34.60);
insert into SHOT values (4930, 4957, 4961, 2927, 1.230, 31.01, 7.80, 1.228, 31.21, 7.96, 0.006, 154.33, 32.07);
insert into SHOT values (4931, 4957, 4962, 2927, 0.530, 46.71, 9.80, 0.524, 47.35, 9.88, 0.008, 181.23, -1.49);
insert into SHOT values (4932, 4957, 4953, 2927, 6.900, 5.31, 3.50, 6.877, 4.93, 3.33, 0.055, 249.83, -22.66);
insert into SHOT values (4933, 4953, 4963, 2927, 1.010, 267.11, -61.20, 1.011, 267.61, -61.64, 0.009, 52.89, -33.44);
insert into SHOT values (4934, 4953, 4964, 2927, 3.250, 257.01, -16.10, 3.247, 257.03, -16.09, 0.003, 57.27, 21.89);
insert into SHOT values (4935, 4953, 4965, 2927, 0.510, 276.91, 38.10, 0.501, 277.31, 38.25, 0.010, 78.63, -28.63);
insert into SHOT values (4936, 4953, 4966, 2927, 0.760, 76.81, 31.70, 0.761, 76.61, 31.70, 0.003, 9.88, 14.24);
insert into SHOT values (4937, 4953, 4967, 2927, 0.780, 292.41, 2.00, 0.780, 292.62, 1.47, 0.008, 12.92, -68.45);
insert into SHOT values (4938, 4967, 4968, 2927, 0.820, 179.01, -83.80, 0.815, 173.66, -83.62, 0.010, 99.73, 31.18);
insert into SHOT values (4939, 4967, 4969, 2927, 4.040, 290.41, -7.90, 4.037, 290.34, -7.83, 0.008, 176.42, 42.56);
insert into SHOT values (4940, 4967, 4970, 2927, 0.820, 21.31, -12.30, 0.816, 22.07, -12.02, 0.012, 125.96, 23.32);
insert into SHOT values (4941, 4967, 4971, 2927, 0.820, 88.11, 9.40, 0.822, 88.59, 9.80, 0.009, 167.68, 41.80);
insert into SHOT values (4942, 4967, 4972, 2927, 3.830, 177.41, -4.90, 3.828, 177.30, -4.80, 0.011, 74.79, 41.57);
insert into SHOT values (4943, 4967, 4973, 2927, 2.480, 218.51, -9.30, 2.481, 218.37, -9.28, 0.006, 141.41, 6.94);
insert into SHOT values (4944, 4967, 4974, 2927, 5.340, 230.71, -10.10, 5.340, 230.71, -10.03, 0.007, 221.06, 77.25);
insert into SHOT values (4945, 4967, 4975, 2927, 4.750, 2.11, 6.70, 4.747, 2.19, 6.78, 0.009, 125.78, 37.99);
insert into SHOT values (4946, 4975, 4976, 2927, 0.430, 230.61, -74.00, 0.426, 232.13, -74.46, 0.006, 17.12, 31.52);
insert into SHOT values (4947, 4975, 4977, 2927, 0.190, 246.61, 78.40, 0.185, 255.96, 77.10, 0.009, 316.31, -40.59);
insert into SHOT values (4948, 4975, 4978, 2927, 0.870, 259.31, -7.70, 0.873, 259.34, -7.90, 0.004, 267.49, -50.78);
insert into SHOT values (4949, 4975, 4979, 2927, 0.190, 70.21, 25.60, 0.189, 69.44, 25.09, 0.003, 328.31, -41.80);
insert into SHOT values (4950, 4975, 4980, 2927, 0.870, 270.81, 8.80, 0.870, 270.67, 8.60, 0.004, 188.47, -54.28);
insert into SHOT values (4951, 4975, 4981, 2927, 7.060, 1.61, 0.70, 7.063, 1.62, 0.65, 0.007, 20.67, -60.39);
insert into SHOT values (4952, 4981, 4982, 2927, 1.560, 170.21, -29.40, 1.558, 170.26, -29.20, 0.006, 236.13, 78.05);
insert into SHOT values (4953, 4981, 4983, 2927, 2.820, 145.81, -10.10, 2.822, 145.85, -10.00, 0.006, 179.66, 53.01);
insert into SHOT values (4954, 4981, 4984, 2927, 3.420, 159.01, -8.60, 3.422, 159.05, -8.57, 0.003, 201.76, 25.29);
insert into SHOT values (4955, 4981, 4985, 2927, 0.350, 63.31, -24.50, 0.343, 63.43, -24.09, 0.008, 236.34, 43.19);
insert into SHOT values (4956, 4981, 4986, 2927, 5.930, 289.21, -7.90, 5.932, 289.18, -7.85, 0.007, 229.37, 48.04);
insert into SHOT values (4957, 4981, 4987, 2927, 2.420, 296.71, -28.20, 2.423, 296.68, -28.07, 0.006, 284.61, 35.32);
insert into SHOT values (4958, 4981, 4988, 2927, 5.040, 256.41, -11.40, 5.046, 256.44, -11.31, 0.010, 274.63, 38.74);
insert into SHOT values (4959, 4981, 4989, 2927, 9.700, 316.21, -9.00, 9.695, 316.18, -8.96, 0.010, 184.19, 49.06);
insert into SHOT values (4960, 4981, 4990, 2927, 3.290, 329.51, 0.30, 3.286, 329.45, 0.35, 0.006, 189.75, 28.16);
insert into SHOT values (4961, 4990, 4991, 2927, 1.460, 111.01, -84.90, 1.456, 108.43, -85.01, 0.008, 349.99, 32.44);
insert into SHOT values (4962, 4990, 4992, 2927, 5.030, 288.81, -8.90, 5.038, 288.87, -8.91, 0.010, 320.82, -10.67);
insert into SHOT values (4963, 4990, 4993, 2927, 1.260, 108.91, -22.50, 1.256, 108.59, -22.47, 0.008, 350.39, 16.37);
insert into SHOT values (4964, 4990, 4994, 2927, 3.070, 355.21, 1.50, 3.072, 355.14, 1.49, 0.004, 294.21, -4.85);
insert into SHOT values (4965, 4994, 4995, 2927, 2.550, 14.51, 22.80, 2.555, 14.51, 22.80, 0.005, 11.82, 22.85);
insert into SHOT values (4966, 4994, 4996, 2927, 2.850, 56.51, 2.50, 2.854, 56.59, 2.61, 0.008, 100.36, 46.41);
insert into SHOT values (4967, 4994, 4997, 2927, 10.570, 337.81, -3.90, 10.574, 337.84, -3.90, 0.006, 23.21, -10.61);
insert into SHOT values (4968, 4994, 4998, 2927, 12.310, 19.11, -4.30, 12.311, 19.11, -4.29, 0.003, 23.95, 63.65);
insert into SHOT values (4969, 4998, 4999, 2927, 5.470, 142.71, 66.50, 5.475, 142.82, 66.49, 0.006, 196.27, 37.29);
insert into SHOT values (4970, 4998, 5000, 2927, 7.280, 123.11, 11.20, 7.277, 123.11, 11.17, 0.005, 309.95, -63.45);
insert into SHOT values (4971, 4998, 5001, 2927, 10.980, 116.41, -15.10, 10.987, 116.42, -15.09, 0.007, 126.62, 2.71);
insert into SHOT values (4972, 4998, 5002, 2927, 4.530, 290.21, 29.10, 4.526, 290.27, 29.09, 0.006, 61.63, -31.70);
insert into SHOT values (4973, 4998, 5003, 2927, 4.160, 290.31, 16.10, 4.161, 290.34, 16.04, 0.005, 325.19, -50.17);
insert into SHOT values (4974, 4998, 5004, 2927, 13.080, 22.91, -2.10, 13.081, 22.92, -2.10, 0.001, 79.49, -37.74);
insert into SCRAPS values (2929, 2923, 'SP-Enclos-1', 1, 1.74403, 0.03859);
 insert into MAPS values (2978, 2923, 'MP-Enclos-tot', NULL, 1, 98.050, -7.830);
 insert into MAPITEMS values (2978, 4, 2929);
 insert into SURVEY values (2980, 51, 'TQP', 'TQP.Ded', 'Trou qui pique');
 insert into CENTRELINE values (2981, 2980, NULL, NULL, NULL, 0.00, 0.00, 0.00);
 insert into SURVEY values (2982, 2980, 'Trou_qui_Pique', 'Trou_qui_Pique.TQP.Ded', 'Trou qui Pique');
 insert into CENTRELINE values (2983, 2982, NULL, NULL, NULL, 0.00, 0.00, 0.00);
 insert into CENTRELINE values (2984, 2982, NULL, '2023-06-12', NULL, 208.61, 0.00, 0.00);
 insert into PERSON values (48, 'Thibaud', 'Galai (GSM) ');
insert into TOPO values (48, 2984);
 insert into PERSON values (49, NULL, 'Mathilde');
insert into TOPO values (49, 2984);
 insert into PERSON values (50, 'Benoit', 'Urruty (GUCEM)');
insert into TOPO values (50, 2984);
 insert into EXPLO values (48, 2984);
 insert into PERSON values (51, 'Martin', 'Gerbaux');
insert into EXPLO values (51, 2984);
 insert into EXPLO values (49, 2984);
 insert into PERSON values (52, 'Loic', 'Maurice (GSM) ');
insert into EXPLO values (52, 2984);
 insert into PERSON values (53, 'Fabien', 'Mullet (GUCEM)');
insert into EXPLO values (53, 2984);
 insert into PERSON values (54, 'Fabien', 'Simon (GUCEM)');
insert into EXPLO values (54, 2984);
 insert into EXPLO values (50, 2984);
 insert into SHOT values (4975, 5005, 5006, 2984, 1.260, 72.22, 0.10, 1.259, 72.43, 0.00, 0.005, 177.52, -24.44);
insert into SHOT values (4976, 5005, 5007, 2984, 0.910, 87.32, -6.10, 0.906, 87.46, -6.33, 0.006, 238.46, -36.11);
insert into SHOT values (4977, 5005, 5008, 2984, 0.150, 174.62, 0.50, 0.150, 176.19, 0.00, 0.004, 260.69, -17.60);
insert into SHOT values (4978, 5005, 5009, 2984, 1.020, 44.92, -11.00, 1.022, 45.00, -10.72, 0.006, 72.30, 55.42);
insert into SHOT values (4979, 5005, 5010, 2984, 0.250, 84.32, -56.80, 0.253, 85.91, -56.24, 0.005, 133.24, -8.86);
insert into SHOT values (4980, 5010, 5011, 2984, 0.810, 196.22, 2.70, 0.805, 196.63, 2.85, 0.008, 329.65, 12.97);
insert into SHOT values (4981, 5010, 5012, 2984, 2.670, 145.02, 1.30, 2.664, 144.94, 1.29, 0.007, 356.47, -4.68);
insert into SHOT values (4982, 5010, 5013, 2984, 2.210, 96.12, 2.70, 2.204, 96.00, 2.60, 0.008, 316.28, -29.67);
insert into SHOT values (4983, 5010, 5014, 2984, 2.870, 59.32, 8.80, 2.872, 59.28, 8.81, 0.003, 17.78, 18.26);
insert into SHOT values (4984, 5010, 5015, 2984, 1.080, 167.42, 65.70, 1.083, 168.18, 66.07, 0.010, 298.84, 36.11);
insert into SHOT values (4985, 5010, 5016, 2984, 11.550, 338.42, -86.70, 11.549, 338.04, -86.68, 0.006, 287.93, 8.46);
insert into SHOT values (4986, 5016, 5017, 2984, 2.960, 114.12, 4.70, 2.955, 114.04, 4.66, 0.006, 334.47, -23.13);
insert into SHOT values (4987, 5016, 5018, 2984, 0.130, 297.12, 2.80, 0.126, 298.61, 4.56, 0.007, 81.66, 32.94);
insert into SHOT values (4988, 5016, 5019, 2984, 2.410, 200.32, 2.30, 2.410, 200.17, 2.38, 0.007, 106.02, 27.41);
insert into SHOT values (4989, 5016, 5020, 2984, 2.710, 154.82, 0.10, 2.706, 154.86, 0.00, 0.006, 307.28, -49.97);
insert into SHOT values (4990, 5016, 5021, 2984, 16.760, 133.92, -82.30, 16.762, 133.92, -82.29, 0.004, 135.74, -18.29);
insert into SHOT values (4991, 5016, 5022, 2984, 15.790, 138.72, -82.50, 15.785, 138.74, -82.49, 0.005, 172.16, 75.59);
insert into SHOT values (4992, 5022, 5023, 2984, 1.940, 320.82, 9.40, 1.944, 320.92, 9.17, 0.009, 353.37, -46.54);
insert into SHOT values (4993, 5022, 5024, 2984, 4.220, 28.82, 1.30, 4.221, 28.75, 1.22, 0.008, 314.89, -49.04);
insert into SHOT values (4994, 5022, 5025, 2984, 2.660, 45.22, 0.10, 2.666, 45.15, 0.00, 0.008, 17.93, -35.41);
insert into SHOT values (4995, 5022, 5026, 2984, 2.200, 348.12, 1.90, 2.198, 348.18, 1.83, 0.004, 120.86, -42.18);
insert into SHOT values (4996, 5022, 5027, 2984, 23.290, 40.72, -73.60, 23.299, 40.69, -73.59, 0.010, 5.34, -51.82);
insert into SHOT values (4997, 5027, 5028, 2984, 0.160, 42.52, -0.60, 0.163, 42.51, 0.00, 0.003, 42.17, 30.92);
insert into SHOT values (4998, 5027, 5029, 2984, 4.120, 239.62, 8.90, 4.120, 239.59, 8.94, 0.003, 132.48, 54.63);
insert into SHOT values (4999, 5027, 5030, 2984, 2.370, 270.92, 6.30, 2.365, 270.73, 6.31, 0.009, 144.93, -0.43);
insert into SHOT values (5000, 5027, 5031, 2984, 6.730, 290.32, 6.50, 6.729, 290.31, 6.49, 0.003, 155.43, -45.59);
insert into SHOT values (5001, 5027, 5032, 2984, 4.870, 307.12, 3.20, 4.870, 307.06, 3.18, 0.005, 212.66, -20.59);
insert into SHOT values (5002, 5027, 5033, 2984, 8.320, 337.02, -19.20, 8.316, 336.99, -19.17, 0.007, 209.97, 56.97);
insert into SHOT values (5003, 5027, 5034, 2984, 12.150, 282.22, 61.60, 12.153, 282.18, 61.60, 0.004, 215.66, 33.18);
insert into SHOT values (5004, 5027, 5035, 2984, 1.020, 290.42, -77.90, 1.012, 289.29, -77.92, 0.009, 175.26, 57.91);
insert into SHOT values (5005, 5027, 5036, 2984, 4.900, 134.02, -33.50, 4.899, 134.01, -33.45, 0.005, 116.02, 68.90);
insert into SHOT values (5006, 5036, 5037, 2984, 3.940, 180.32, -6.60, 3.946, 180.29, -6.55, 0.007, 165.39, 24.10);
insert into SHOT values (5007, 5036, 5038, 2984, 5.100, 166.02, -8.90, 5.101, 165.99, -8.91, 0.003, 106.51, -20.95);
insert into SHOT values (5008, 5036, 5039, 2984, 5.010, 149.62, -12.90, 5.008, 149.60, -12.92, 0.003, 359.14, -28.14);
insert into SHOT values (5009, 5036, 5040, 2984, 0.570, 283.42, 84.60, 0.572, 281.31, 84.89, 0.004, 138.32, 37.68);
insert into SHOT values (5010, 5036, 5041, 2984, 0.570, 38.62, -77.50, 0.573, 41.63, -77.86, 0.008, 154.84, -26.43);
insert into SHOT values (5011, 5036, 5042, 2984, 2.040, 1.62, 2.30, 2.042, 1.68, 2.24, 0.004, 45.59, -28.05);
insert into SHOT values (5012, 5036, 5043, 2984, 1.520, 34.12, 1.90, 1.521, 34.00, 1.88, 0.003, 317.92, -7.33);
insert into SHOT values (5013, 5036, 5044, 2984, 1.900, 74.92, 1.50, 1.895, 75.01, 1.51, 0.006, 222.51, 2.61);
insert into SHOT values (5014, 5036, 5045, 2984, 2.830, 100.82, 8.10, 2.829, 100.91, 8.13, 0.005, 205.27, 15.00);
insert into SHOT values (5015, 5045, 5046, 2984, 7.830, 242.52, 80.00, 7.828, 242.30, 80.03, 0.007, 112.07, -8.85);
insert into SHOT values (5016, 5045, 5047, 2984, 2.810, 151.62, 16.50, 2.807, 151.63, 16.35, 0.008, 296.11, -83.78);
insert into SHOT values (5017, 5045, 5048, 2984, 1.490, 224.72, 2.20, 1.493, 224.73, 1.92, 0.008, 230.52, -66.52);
insert into SHOT values (5018, 5045, 5049, 2984, 1.470, 261.42, -4.40, 1.471, 261.37, -4.68, 0.007, 211.07, -78.63);
insert into SHOT values (5019, 5045, 5050, 2984, 1.330, 351.62, -81.70, 1.334, 351.03, -81.71, 0.004, 271.65, -62.94);
insert into SHOT values (5020, 5045, 5051, 2984, 0.140, 43.92, 7.30, 0.142, 45.00, 4.04, 0.009, 90.50, -64.70);
insert into SHOT values (5021, 5027, 5052, 2984, 5.800, 159.02, -12.80, 5.800, 158.97, -12.75, 0.007, 80.38, 46.73);
insert into SHOT values (5022, 5052, 5053, 2984, 10.500, 2.02, 85.60, 10.501, 1.43, 85.63, 0.010, 238.81, 5.54);
insert into SHOT values (5023, 5052, 5054, 2984, 0.340, 123.82, -72.30, 0.345, 126.87, -73.14, 0.009, 247.22, -43.69);
insert into SHOT values (5024, 5052, 5055, 2984, 0.130, 69.82, 2.40, 0.126, 71.57, 0.00, 0.008, 201.64, -46.42);
insert into SHOT values (5025, 5052, 5056, 2984, 4.810, 347.02, 6.60, 4.805, 346.92, 6.57, 0.009, 227.38, -17.91);
insert into SHOT values (5026, 5052, 5057, 2984, 1.770, 300.82, 1.30, 1.767, 300.63, 1.30, 0.007, 182.55, -1.38);
insert into SHOT values (5027, 5052, 5058, 2984, 1.790, 171.72, 12.30, 1.789, 171.78, 12.26, 0.002, 288.63, -32.46);
insert into SHOT values (5028, 5052, 5059, 2984, 1.080, 156.72, 13.10, 1.080, 157.09, 12.84, 0.008, 236.94, -34.67);
insert into SHOT values (5029, 5052, 5060, 2984, 2.580, 165.42, 0.90, 2.583, 165.43, 0.89, 0.004, 172.49, -8.62);
insert into SHOT values (5030, 5060, 5061, 2984, 1.090, 14.42, -82.10, 1.089, 12.09, -82.45, 0.009, 235.07, -2.22);
insert into SHOT values (5031, 5060, 5062, 2984, 1.170, 353.72, 10.60, 1.166, 353.49, 10.37, 0.007, 232.87, -45.25);
insert into SHOT values (5032, 5060, 5063, 2984, 2.210, 340.32, 2.40, 2.213, 340.17, 2.33, 0.007, 278.74, -21.88);
insert into SHOT values (5033, 5060, 5064, 2984, 0.130, 264.12, 15.20, 0.134, 265.60, 12.96, 0.007, 298.77, -34.50);
insert into SHOT values (5034, 5060, 5065, 2984, 1.520, 216.82, -13.60, 1.521, 217.02, -13.69, 0.006, 300.30, -25.50);
insert into SHOT values (5035, 5060, 5066, 2984, 1.510, 192.42, -18.40, 1.512, 192.49, -18.51, 0.004, 249.81, -58.64);
insert into SHOT values (5036, 5060, 5067, 2984, 1.520, 195.22, -15.50, 1.519, 195.46, -15.66, 0.008, 301.19, -30.28);
insert into SHOT values (5037, 5067, 5068, 2984, 1.450, 8.32, 13.20, 1.444, 8.59, 13.21, 0.009, 139.65, -7.04);
insert into SHOT values (5038, 5067, 5069, 2984, 2.130, 19.72, 18.50, 2.130, 19.69, 18.62, 0.005, 223.85, 63.18);
insert into SHOT values (5039, 5067, 5070, 2984, 1.210, 55.62, -88.50, 1.210, 71.57, -88.50, 0.009, 153.92, -2.70);
insert into SHOT values (5040, 5067, 5071, 2984, 0.150, 72.22, -10.10, 0.147, 74.05, -7.82, 0.008, 186.92, 50.81);
insert into SHOT values (5041, 5067, 5072, 2984, 1.080, 169.62, 5.30, 1.083, 169.32, 5.30, 0.007, 109.85, 2.09);
insert into SHOT values (5042, 5067, 5073, 2984, 1.060, 184.92, -6.40, 1.061, 184.90, -6.50, 0.002, 150.11, -73.23);
insert into SHOT values (5043, 5067, 5074, 2984, 2.100, 175.72, -13.60, 2.103, 175.79, -13.47, 0.006, 208.23, 36.13);
insert into SHOT values (5044, 5067, 5075, 2984, 3.020, 175.92, -14.70, 3.025, 175.89, -14.55, 0.009, 162.51, 44.01);
insert into SHOT values (5045, 5075, 5076, 2984, 6.360, 202.52, 72.80, 6.353, 202.60, 72.84, 0.009, 1.63, -37.19);
insert into SHOT values (5046, 5075, 5077, 2984, 6.160, 183.32, 35.50, 6.151, 183.32, 35.48, 0.010, 0.94, -47.41);
insert into SHOT values (5047, 5075, 5078, 2984, 4.070, 191.52, 0.30, 4.071, 191.48, 0.28, 0.003, 127.97, -22.03);
insert into SHOT values (5048, 5075, 5079, 2984, 1.190, 239.82, 4.40, 1.190, 240.20, 4.34, 0.008, 326.21, -9.35);
insert into SHOT values (5049, 5075, 5080, 2984, 8.400, 48.12, -83.50, 8.405, 47.97, -83.47, 0.007, 21.67, -35.77);
insert into SHOT values (5050, 5075, 5081, 2984, 0.150, 87.22, -9.40, 0.153, 86.19, -11.29, 0.007, 37.89, -57.06);
insert into SHOT values (5051, 5075, 5082, 2984, 0.710, 302.72, 19.50, 0.704, 302.74, 19.06, 0.008, 119.17, -63.12);
insert into SHOT values (5052, 5075, 5083, 2984, 8.060, 101.12, -72.00, 8.063, 101.13, -72.04, 0.006, 272.99, -48.61);
insert into SHOT values (5053, 5083, 5084, 2984, 19.500, 206.72, 76.50, 19.497, 206.68, 76.52, 0.009, 46.50, -7.66);
insert into SHOT values (5054, 5083, 5085, 2984, 14.240, 154.62, 32.90, 14.238, 154.59, 32.88, 0.007, 67.70, -43.71);
insert into SHOT values (5055, 5083, 5086, 2984, 5.810, 116.72, 29.50, 5.811, 116.67, 29.49, 0.005, 42.24, -12.10);
insert into SHOT values (5056, 5083, 5087, 2984, 5.440, 78.52, 42.30, 5.444, 78.55, 42.24, 0.007, 98.60, -9.59);
insert into SHOT values (5057, 5083, 5088, 2984, 4.710, 212.22, 2.60, 4.710, 212.24, 2.56, 0.004, 295.16, -64.19);
insert into SHOT values (5058, 5083, 5089, 2984, 3.640, 256.42, 4.70, 3.634, 256.42, 4.74, 0.007, 72.06, 14.79);
insert into SHOT values (5059, 5083, 5090, 2984, 6.080, 271.02, 2.30, 6.076, 271.04, 2.26, 0.006, 61.58, -40.32);
insert into SHOT values (5060, 5083, 5091, 2984, 4.560, 326.42, 7.80, 4.566, 326.45, 7.80, 0.006, 351.40, 10.11);
insert into SHOT values (5061, 5083, 5092, 2984, 4.880, 232.02, -25.30, 4.874, 232.01, -25.39, 0.010, 54.65, -26.30);
insert into SHOT values (5062, 5083, 5093, 2984, 8.740, 176.92, 14.50, 8.741, 176.88, 14.51, 0.005, 97.59, 19.07);
insert into SHOT values (5063, 5093, 5094, 2984, 10.230, 162.72, 85.00, 10.229, 162.99, 85.01, 0.005, 285.34, -11.92);
insert into SHOT values (5064, 5093, 5095, 2984, 0.130, 237.42, -2.50, 0.131, 237.53, -4.39, 0.004, 264.18, -82.52);
insert into SHOT values (5065, 5093, 5096, 2984, 1.300, 334.12, -2.00, 1.302, 334.03, -2.20, 0.006, 291.64, -56.61);
insert into SHOT values (5066, 5093, 5097, 2984, 9.120, 4.92, -0.80, 9.124, 4.90, -0.82, 0.005, 341.15, -29.60);
insert into SHOT values (5067, 5093, 5098, 2984, 5.730, 34.72, 2.50, 5.734, 34.69, 2.50, 0.005, 357.37, 0.77);
insert into SHOT values (5068, 5093, 5099, 2984, 1.970, 94.82, 3.70, 1.971, 94.67, 3.78, 0.006, 11.70, 29.06);
insert into SHOT values (5069, 5093, 5100, 2984, 0.930, 67.42, -80.50, 0.933, 66.80, -80.60, 0.003, 301.42, -53.74);
insert into SHOT values (5070, 5093, 5101, 2984, 5.050, 134.92, 77.60, 5.047, 134.63, 77.62, 0.006, 20.17, -19.95);
insert into SHOT values (5071, 5101, 5102, 2984, 5.470, 294.12, 80.10, 5.471, 293.84, 80.11, 0.005, 200.97, 17.66);
insert into SHOT values (5072, 5101, 5103, 2984, 2.620, 149.12, 5.70, 2.618, 149.30, 5.70, 0.009, 252.36, -1.45);
insert into SHOT values (5073, 5101, 5104, 2984, 0.730, 177.92, 4.90, 0.733, 178.43, 4.70, 0.008, 243.96, -18.17);
insert into SHOT values (5074, 5101, 5105, 2984, 0.520, 219.92, -12.60, 0.523, 220.24, -12.15, 0.006, 259.95, 37.75);
insert into SHOT values (5075, 5101, 5106, 2984, 0.140, 47.22, 0.10, 0.135, 48.01, 0.00, 0.006, 208.36, -2.42);
insert into SHOT values (5076, 5101, 5107, 2984, 5.410, 101.62, -87.90, 5.413, 101.89, -87.94, 0.006, 268.87, -40.98);
insert into SHOT values (5077, 5101, 5108, 2984, 2.200, 316.22, -4.20, 2.198, 316.11, -4.17, 0.005, 204.31, 14.22);
insert into SHOT values (5078, 5101, 5109, 2984, 3.080, 188.52, 14.00, 3.087, 188.64, 14.06, 0.010, 239.12, 29.42);
insert into SHOT values (5079, 5101, 5110, 2984, 3.080, 149.72, -5.10, 3.077, 149.84, -5.03, 0.008, 263.29, 28.17);
insert into SHOT values (5080, 5110, 5111, 2984, 1.840, 214.62, 76.60, 1.840, 214.44, 76.66, 0.002, 67.44, 2.18);
insert into SHOT values (5081, 5110, 5112, 2984, 1.700, 130.42, 17.80, 1.706, 130.26, 17.75, 0.008, 94.40, 2.37);
insert into SHOT values (5082, 5110, 5113, 2984, 2.100, 112.82, 15.20, 2.103, 112.90, 15.16, 0.005, 153.89, -7.36);
insert into SHOT values (5083, 5110, 5114, 2984, 0.780, 58.82, -81.50, 0.779, 59.04, -81.39, 0.002, 77.46, 45.65);
insert into SHOT values (5084, 5110, 5115, 2984, 1.070, 312.32, 13.10, 1.068, 312.27, 12.99, 0.003, 159.17, -55.74);
insert into SHOT values (5085, 5110, 5116, 2984, 0.140, 40.72, -0.50, 0.135, 41.99, 0.00, 0.006, 192.20, 11.06);
insert into SHOT values (5086, 5110, 5117, 2984, 2.750, 121.52, 0.00, 2.756, 121.50, 0.00, 0.006, 113.54, 0.00);
insert into SHOT values (5087, 5117, 5118, 2984, 3.600, 266.22, 67.70, 3.602, 266.24, 67.59, 0.007, 271.19, -6.21);
insert into SHOT values (5088, 5117, 5119, 2984, 0.140, 66.12, 61.30, 0.137, 63.43, 60.79, 0.004, 332.06, -41.67);
insert into SHOT values (5089, 5117, 5120, 2984, 0.270, 258.92, -8.70, 0.268, 259.11, -8.59, 0.002, 55.66, 19.92);
insert into SHOT values (5090, 5117, 5121, 2984, 1.120, 76.62, -82.50, 1.119, 77.91, -82.65, 0.004, 210.03, 5.39);
insert into SHOT values (5091, 5117, 5122, 2984, 3.330, 299.82, 3.90, 3.326, 299.81, 3.79, 0.007, 127.45, -64.15);
insert into SHOT values (5092, 5117, 5123, 2984, 1.460, 315.52, 13.00, 1.466, 315.57, 13.01, 0.006, 327.78, 14.72);
insert into SHOT values (5093, 5117, 5124, 2984, 1.120, 183.82, -12.10, 1.119, 184.20, -12.39, 0.009, 290.71, -34.51);
insert into SHOT values (5094, 5117, 5125, 2984, 1.110, 186.22, -12.10, 1.113, 186.34, -12.45, 0.008, 247.18, -69.85);
insert into SHOT values (5095, 5117, 5126, 2984, 1.100, 186.02, -9.90, 1.103, 186.34, -9.92, 0.007, 249.92, -7.32);
insert into SHOT values (5096, 5117, 5127, 2984, 1.170, 186.12, -10.80, 1.167, 186.01, -10.86, 0.004, 41.89, -11.75);
insert into SHOT values (5097, 5127, 5128, 2984, 1.690, 300.02, 68.70, 1.689, 299.86, 68.37, 0.010, 288.97, -27.06);
insert into SHOT values (5098, 5127, 5129, 2984, 0.350, 325.02, -8.90, 0.349, 324.46, -9.89, 0.007, 207.83, -57.41);
insert into SHOT values (5099, 5127, 5130, 2984, 0.150, 144.52, 13.50, 0.147, 146.31, 11.75, 0.007, 255.20, -46.12);
insert into SHOT values (5100, 5127, 5131, 2984, 1.250, 4.32, -84.10, 1.257, 4.40, -84.05, 0.007, 9.97, -73.97);
insert into SHOT values (5101, 5127, 5132, 2984, 0.830, 22.12, 7.00, 0.827, 22.19, 6.95, 0.003, 182.79, -19.78);
insert into SHOT values (5102, 5127, 5133, 2984, 0.580, 0.12, -5.50, 0.583, 0.00, -5.91, 0.005, 336.31, -56.51);
insert into SHOT values (5103, 5127, 5134, 2984, 0.910, 242.22, -8.50, 0.914, 242.30, -8.81, 0.007, 262.76, -55.44);
insert into SHOT values (5104, 5134, 5135, 2984, 1.080, 50.32, 77.00, 1.087, 51.71, 77.14, 0.010, 149.43, 52.18);
insert into SHOT values (5105, 5134, 5136, 2984, 1.790, 153.52, 4.30, 1.794, 153.43, 4.47, 0.007, 120.37, 51.24);
insert into SHOT values (5106, 5134, 5137, 2984, 1.080, 132.42, 11.40, 1.084, 132.71, 11.71, 0.009, 195.12, 46.90);
insert into SHOT values (5107, 5134, 5138, 2984, 0.150, 283.72, -4.00, 0.153, 281.31, -3.74, 0.007, 220.21, 3.70);
insert into SHOT values (5108, 5134, 5139, 2984, 1.070, 98.02, -74.80, 1.068, 98.13, -74.64, 0.003, 111.74, 47.32);
insert into SHOT values (5109, 5134, 5140, 2984, 0.550, 81.92, 8.40, 0.550, 82.61, 8.36, 0.007, 168.65, -2.98);
insert into SHOT values (5110, 5134, 5141, 2984, 1.420, 53.02, 7.60, 1.419, 52.80, 7.70, 0.006, 306.82, 22.04);
insert into SHOT values (5111, 5134, 5142, 2984, 1.700, 41.92, 0.60, 1.693, 41.89, 0.68, 0.008, 228.67, 16.38);
insert into SHOT values (5112, 5134, 5143, 2984, 1.740, 158.52, 0.00, 1.742, 158.44, 0.00, 0.003, 107.97, 0.00);
insert into SHOT values (5113, 5143, 5144, 2984, 3.660, 298.42, 80.10, 3.665, 298.18, 80.02, 0.008, 274.80, 34.37);
insert into SHOT values (5114, 5143, 5145, 2984, 1.850, 243.12, 9.40, 1.855, 243.01, 9.62, 0.009, 204.01, 56.75);
insert into SHOT values (5115, 5143, 5146, 2984, 0.850, 234.42, 8.30, 0.856, 234.62, 8.73, 0.009, 264.51, 50.61);
insert into SHOT values (5116, 5143, 5147, 2984, 0.390, 306.12, 6.70, 0.397, 305.71, 7.23, 0.009, 283.41, 31.64);
insert into SHOT values (5117, 5143, 5148, 2984, 0.140, 139.72, 10.10, 0.145, 140.71, 11.92, 0.007, 169.70, 47.83);
insert into SHOT values (5118, 5143, 5149, 2984, 1.750, 66.62, -87.40, 1.752, 66.80, -87.51, 0.004, 242.26, -29.10);
insert into SHOT values (5119, 5143, 5150, 2984, 2.080, 238.72, -8.80, 2.084, 238.70, -8.83, 0.005, 231.90, -22.84);
insert into SHOT values (5120, 5150, 5151, 2984, 1.870, 73.22, 84.40, 1.878, 73.61, 84.59, 0.010, 240.23, 58.72);
insert into SHOT values (5121, 5150, 5152, 2984, 0.620, 190.12, 19.30, 0.616, 189.95, 19.94, 0.008, 24.65, 37.31);
insert into SHOT values (5122, 5150, 5153, 2984, 0.480, 153.52, -3.40, 0.479, 153.97, -2.39, 0.009, 252.96, 65.58);
insert into SHOT values (5123, 5150, 5154, 2984, 0.320, 101.92, -0.90, 0.316, 100.95, 0.00, 0.008, 333.19, 36.48);
insert into SHOT values (5124, 5150, 5155, 2984, 1.750, 220.02, -78.30, 1.746, 220.43, -78.28, 0.004, 314.61, 55.04);
insert into SHOT values (5125, 5150, 5156, 2984, 0.140, 288.92, -2.80, 0.139, 291.04, 0.00, 0.009, 26.04, 52.78);
insert into SHOT values (5126, 5150, 5157, 2984, 0.550, 65.52, 20.40, 0.556, 64.92, 21.08, 0.010, 7.61, 52.26);
insert into SHOT values (5127, 5150, 5158, 2984, 1.670, 173.12, 1.70, 1.673, 173.13, 1.71, 0.003, 181.41, 9.38);
insert into SHOT values (5128, 5158, 5159, 2984, 2.200, 271.62, 79.00, 2.201, 272.73, 78.98, 0.008, 357.28, 2.94);
insert into SHOT values (5129, 5158, 5160, 2984, 0.230, 290.52, -9.30, 0.227, 290.85, -7.60, 0.008, 80.10, 69.93);
insert into SHOT values (5130, 5158, 5161, 2984, 0.140, 134.02, 14.40, 0.140, 131.99, 16.56, 0.007, 30.45, 46.61);
insert into SHOT values (5131, 5158, 5162, 2984, 0.590, 234.52, -5.00, 0.590, 234.69, -4.86, 0.002, 309.95, 37.86);
insert into SHOT values (5132, 5158, 5163, 2984, 1.080, 264.52, -6.70, 1.081, 264.66, -6.37, 0.007, 317.60, 60.56);
insert into SHOT values (5133, 5158, 5164, 2984, 2.000, 50.62, -80.60, 1.997, 49.97, -80.59, 0.005, 317.88, 40.45);
insert into SHOT values (5134, 5158, 5165, 2984, 2.260, 254.32, -11.70, 2.256, 254.52, -11.51, 0.012, 4.50, 45.10);
insert into SHOT values (5135, 5165, 5166, 2984, 1.210, 192.22, 77.70, 1.210, 192.99, 77.26, 0.010, 214.06, -12.87);
insert into SHOT values (5136, 5165, 5167, 2984, 0.820, 200.02, 7.50, 0.825, 199.98, 6.96, 0.009, 195.73, -47.86);
insert into SHOT values (5137, 5165, 5168, 2984, 0.670, 216.52, 3.50, 0.673, 216.53, 3.41, 0.003, 219.10, -15.45);
insert into SHOT values (5138, 5165, 5169, 2984, 2.350, 47.92, -87.10, 2.353, 48.37, -87.07, 0.004, 79.83, -59.27);
insert into SHOT values (5139, 5165, 5170, 2984, 0.220, 148.52, -1.10, 0.220, 149.93, -2.61, 0.008, 243.59, -46.70);
insert into SHOT values (5140, 5165, 5171, 2984, 0.140, 315.52, 2.60, 0.141, 315.00, 0.00, 0.007, 276.27, -72.40);
insert into SHOT values (5141, 5165, 5172, 2984, 1.040, 76.82, 7.10, 1.033, 77.05, 6.67, 0.011, 221.90, -49.79);
insert into SHOT values (5142, 5165, 5173, 2984, 1.400, 211.32, 1.80, 1.405, 211.31, 1.63, 0.007, 210.58, -36.92);
insert into SHOT values (5143, 5173, 5174, 2984, 4.550, 47.82, 85.30, 4.546, 48.24, 85.26, 0.006, 95.38, -51.35);
insert into SHOT values (5144, 5173, 5175, 2984, 0.830, 48.32, 10.20, 0.828, 48.48, 10.43, 0.004, 181.24, 42.97);
insert into SHOT values (5145, 5173, 5176, 2984, 0.500, 25.22, 6.40, 0.500, 25.02, 6.89, 0.005, 285.41, 67.65);
insert into SHOT values (5146, 5173, 5177, 2984, 0.230, 330.32, 1.00, 0.228, 331.19, 0.00, 0.006, 86.86, -45.92);
insert into SHOT values (5147, 5173, 5178, 2984, 0.160, 148.82, 15.60, 0.158, 148.39, 14.68, 0.004, 6.40, -58.55);
insert into SHOT values (5148, 5173, 5179, 2984, 2.570, 43.92, -77.50, 2.571, 44.27, -77.45, 0.004, 99.46, -12.24);
insert into SHOT values (5149, 5173, 5180, 2984, 0.920, 260.72, -12.60, 0.913, 260.96, -12.65, 0.008, 51.48, 5.08);
insert into SHOT values (5150, 5173, 5181, 2984, 1.180, 268.62, -27.30, 1.181, 268.91, -27.21, 0.006, 341.91, 12.17);
insert into SHOT values (5151, 5181, 5182, 2984, 0.140, 213.02, 16.40, 0.145, 210.26, 16.06, 0.008, 156.71, 3.36);
insert into SHOT values (5152, 5181, 5183, 2984, 0.420, 30.92, -7.10, 0.416, 32.15, -6.90, 0.010, 142.21, 11.30);
insert into SHOT values (5153, 5181, 5184, 2984, 0.680, 325.42, 8.60, 0.676, 325.36, 8.51, 0.004, 155.27, -23.32);
insert into SHOT values (5154, 5181, 5185, 2984, 2.640, 18.92, 86.60, 2.634, 19.65, 86.76, 0.010, 185.33, -33.30);
insert into SHOT values (5155, 5181, 5186, 2984, 2.210, 310.22, -78.90, 2.210, 310.16, -79.08, 0.007, 133.93, -11.17);
insert into SHOT values (5156, 5181, 5187, 2984, 1.070, 110.52, 5.60, 1.074, 110.81, 5.34, 0.009, 158.66, -31.22);
insert into SHOT values (5157, 5181, 5188, 2984, 0.510, 82.72, 4.00, 0.514, 83.29, 3.34, 0.009, 130.09, -38.58);
insert into SHOT values (5158, 5181, 5189, 2984, 1.380, 300.12, -26.30, 1.379, 300.09, -26.26, 0.002, 168.95, 62.03);
insert into SHOT values (5159, 5189, 5190, 2984, 3.450, 183.22, 67.40, 3.448, 183.01, 67.28, 0.009, 145.02, -33.56);
insert into SHOT values (5160, 5189, 5191, 2984, 1.180, 184.62, -1.10, 1.184, 184.36, -1.45, 0.010, 129.24, -48.97);
insert into SHOT values (5161, 5189, 5192, 2984, 0.710, 168.92, 2.00, 0.714, 168.69, 1.60, 0.007, 135.60, -42.95);
insert into SHOT values (5162, 5189, 5193, 2984, 0.640, 148.92, -1.40, 0.642, 149.04, -1.79, 0.005, 189.01, -64.47);
insert into SHOT values (5163, 5189, 5194, 2984, 0.140, 309.22, -15.10, 0.134, 308.66, -17.35, 0.008, 139.14, -26.06);
insert into SHOT values (5164, 5189, 5195, 2984, 1.590, 61.32, -86.80, 1.593, 63.43, -86.78, 0.004, 140.61, -36.38);
insert into SHOT values (5165, 5189, 5196, 2984, 1.460, 105.02, 11.70, 1.458, 105.01, 11.47, 0.006, 296.32, -81.17);
insert into SHOT values (5166, 5189, 5197, 2984, 1.420, 135.92, 9.40, 1.426, 135.86, 9.28, 0.007, 124.44, -16.48);
insert into SHOT values (5167, 5189, 5198, 2984, 2.230, 183.42, -11.20, 2.238, 183.40, -11.34, 0.009, 176.79, -47.12);
insert into SHOT values (5168, 5198, 5199, 2984, 2.980, 330.02, 79.80, 2.987, 330.52, 79.81, 0.009, 51.99, 56.32);
insert into SHOT values (5169, 5198, 5200, 2984, 2.350, 216.92, -3.30, 2.346, 217.02, -3.18, 0.008, 351.90, 42.29);
insert into SHOT values (5170, 5198, 5201, 2984, 0.610, 296.22, -5.10, 0.606, 296.57, -4.73, 0.007, 72.61, 38.42);
insert into SHOT values (5171, 5198, 5202, 2984, 0.150, 134.82, 23.30, 0.147, 131.99, 24.04, 0.007, 17.74, 5.12);
insert into SHOT values (5172, 5198, 5203, 2984, 2.690, 222.02, -83.50, 2.687, 222.27, -83.65, 0.008, 31.51, 20.30);
insert into SHOT values (5173, 5198, 5204, 2984, 0.970, 19.52, 11.90, 0.976, 19.57, 11.83, 0.006, 28.42, -0.17);
insert into SHOT values (5174, 5198, 5205, 2984, 2.610, 218.82, -8.60, 2.605, 218.69, -8.61, 0.008, 84.45, 2.15);
insert into SHOT values (5175, 5198, 5206, 2984, 2.400, 219.02, -8.70, 2.395, 219.00, -8.65, 0.006, 47.13, 32.24);
insert into SHOT values (5176, 5206, 5207, 2984, 1.470, 294.12, -5.20, 1.474, 294.12, -5.06, 0.005, 295.73, 37.25);
insert into SHOT values (5177, 5206, 5208, 2984, 1.960, 258.52, -3.70, 1.964, 258.52, -3.80, 0.005, 259.52, -46.86);
insert into SHOT values (5178, 5206, 5209, 2984, 0.160, 183.72, 29.10, 0.162, 184.09, 29.68, 0.002, 242.41, 64.16);
insert into SHOT values (5179, 5206, 5210, 2984, 0.610, 345.52, -8.20, 0.606, 345.50, -8.54, 0.006, 167.63, -32.61);
insert into SHOT values (5180, 5206, 5211, 2984, 1.260, 55.32, -3.00, 1.258, 55.05, -2.73, 0.009, 310.38, 44.01);
insert into SHOT values (5181, 5206, 5212, 2984, 1.280, 33.72, -4.20, 1.279, 33.81, -4.04, 0.004, 142.65, 58.29);
insert into SHOT values (5182, 5206, 5213, 2984, 3.260, 130.52, -89.40, 3.260, 123.69, -89.37, 0.005, 61.71, -2.23);
insert into SHOT values (5183, 5206, 5214, 2984, 1.670, 272.72, 8.90, 1.672, 272.78, 8.94, 0.003, 312.71, 31.48);
insert into SHOT values (5184, 5214, 5215, 2984, 0.150, 300.52, 26.60, 0.148, 302.47, 28.23, 0.007, 71.14, 25.83);
insert into SHOT values (5185, 5214, 5216, 2984, 4.010, 148.82, -87.20, 4.015, 149.53, -87.18, 0.006, 210.57, -59.62);
insert into SHOT values (5186, 5214, 5217, 2984, 5.610, 70.42, 82.40, 5.609, 70.35, 82.39, 0.002, 36.32, -23.89);
insert into SHOT values (5187, 5214, 5218, 2984, 0.690, 122.92, -6.20, 0.692, 122.54, -5.81, 0.007, 56.40, 42.16);
insert into SHOT values (5188, 5214, 5219, 2984, 0.830, 207.72, -0.40, 0.832, 207.18, -0.69, 0.009, 131.10, -27.77);
insert into SHOT values (5189, 5214, 5220, 2984, 1.170, 180.82, -0.90, 1.170, 180.98, -0.98, 0.004, 265.49, -25.89);
insert into SHOT values (5190, 5214, 5221, 2984, 1.540, 65.32, -2.40, 1.541, 65.43, -2.23, 0.006, 142.74, 54.45);
insert into SHOT values (5191, 5214, 5222, 2984, 1.280, 182.42, 10.60, 1.284, 182.27, 10.78, 0.006, 134.21, 46.92);
insert into SHOT values (5192, 5222, 5223, 2984, 0.150, 166.52, 24.90, 0.146, 167.01, 24.21, 0.004, 323.22, -47.62);
insert into SHOT values (5193, 5222, 5224, 2984, 6.700, 270.62, 85.50, 6.691, 271.08, 85.46, 0.011, 314.94, -56.65);
insert into SHOT values (5194, 5222, 5225, 2984, 0.330, 330.12, 3.20, 0.336, 329.62, 1.70, 0.011, 306.53, -49.22);
insert into SHOT values (5195, 5222, 5226, 2984, 1.400, 251.42, 19.40, 1.397, 251.43, 19.23, 0.005, 63.35, -69.72);
insert into SHOT values (5196, 5222, 5227, 2984, 1.640, 276.02, -85.90, 1.644, 274.76, -85.80, 0.006, 235.96, -45.73);
insert into SHOT values (5197, 5222, 5228, 2984, 3.420, 255.12, 16.20, 3.424, 255.20, 16.11, 0.008, 300.84, -30.77);
insert into SHOT values (5198, 5228, 5229, 2984, 0.720, 119.22, 2.50, 0.721, 119.05, 2.38, 0.003, 63.30, -29.79);
insert into SHOT values (5199, 5228, 5230, 2984, 0.730, 47.12, -3.50, 0.731, 47.78, -3.92, 0.010, 133.79, -32.75);
insert into SHOT values (5200, 5228, 5231, 2984, 0.190, 287.02, 24.70, 0.186, 287.35, 25.51, 0.005, 95.81, 6.79);
insert into SHOT values (5201, 5228, 5232, 2984, 4.550, 139.52, -87.50, 4.554, 139.09, -87.50, 0.005, 50.30, -70.99);
insert into SHOT values (5202, 5228, 5233, 2984, 1.380, 166.62, 0.80, 1.388, 166.66, 0.83, 0.008, 175.48, 5.48);
insert into SHOT values (5203, 5228, 5234, 2984, 1.530, 144.32, 0.90, 1.540, 144.25, 0.74, 0.011, 134.11, -20.74);
insert into SHOT values (5204, 5228, 5235, 2984, 2.210, 153.72, 33.60, 2.210, 153.57, 33.51, 0.006, 84.79, -31.41);
insert into SHOT values (5205, 5235, 5236, 2984, 0.150, 72.22, 10.70, 0.149, 74.05, 11.64, 0.005, 183.98, 23.15);
insert into SHOT values (5206, 5235, 5237, 2984, 3.470, 236.32, 82.50, 3.470, 236.66, 82.47, 0.003, 291.01, -5.37);
insert into SHOT values (5207, 5235, 5238, 2984, 1.040, 206.72, -3.50, 1.044, 206.81, -3.30, 0.006, 230.23, 38.98);
insert into SHOT values (5208, 5235, 5239, 2984, 1.630, 231.62, -2.50, 1.632, 231.72, -2.46, 0.004, 288.06, 16.60);
insert into SHOT values (5209, 5235, 5240, 2984, 0.940, 335.22, -2.90, 0.937, 335.35, -3.06, 0.005, 123.38, -29.97);
insert into SHOT values (5210, 5235, 5241, 2984, 0.680, 296.02, -4.00, 0.677, 295.43, -4.23, 0.008, 182.99, -18.77);
insert into SHOT values (5211, 5235, 5242, 2984, 4.570, 129.12, -87.40, 4.565, 129.09, -87.41, 0.005, 313.12, 77.68);
insert into SHOT values (5212, 5235, 5243, 2984, 1.740, 215.82, 6.80, 1.739, 215.81, 6.94, 0.004, 45.82, 69.51);
insert into SHOT values (5213, 5243, 5244, 2984, 0.150, 200.22, 16.30, 0.154, 199.65, 15.06, 0.005, 182.91, -23.18);
insert into SHOT values (5214, 5243, 5245, 2984, 5.570, 191.32, 82.80, 5.565, 191.47, 82.73, 0.009, 208.87, -44.24);
insert into SHOT values (5215, 5243, 5246, 2984, 1.320, 197.82, 10.90, 1.327, 197.88, 10.86, 0.007, 209.71, 3.28);
insert into SHOT values (5216, 5243, 5247, 2984, 0.450, 105.32, 9.60, 0.452, 105.59, 8.91, 0.006, 143.63, -55.44);
insert into SHOT values (5217, 5243, 5248, 2984, 1.750, 25.32, 1.10, 1.749, 25.39, 0.98, 0.004, 132.16, -55.81);
insert into SHOT values (5218, 5243, 5249, 2984, 0.560, 333.52, 2.60, 0.559, 333.43, 2.05, 0.005, 216.37, -80.62);
insert into SHOT values (5219, 5243, 5250, 2984, 3.820, 241.52, 4.80, 3.826, 241.49, 4.80, 0.006, 222.23, 3.23);
insert into SHOT values (5220, 5243, 5251, 2984, 13.330, 295.02, -87.00, 13.328, 294.72, -87.02, 0.006, 156.40, 17.56);
insert into SHOT values (5221, 5243, 5252, 2984, 12.340, 288.02, -87.10, 12.346, 287.57, -87.08, 0.009, 243.83, -39.60);
insert into SHOT values (5222, 5243, 5253, 2984, 10.880, 219.42, -84.20, 10.886, 219.47, -84.19, 0.006, 252.71, -70.97);
insert into SHOT values (5223, 5253, 5254, 2984, 0.160, 189.52, 4.80, 0.164, 190.62, 7.00, 0.008, 232.88, 55.37);
insert into SHOT values (5224, 5253, 5255, 2984, 8.310, 358.92, 85.80, 8.312, 359.05, 85.86, 0.009, 169.93, 15.02);
insert into SHOT values (5225, 5253, 5256, 2984, 2.480, 258.92, 5.10, 2.477, 258.78, 5.10, 0.007, 141.30, -3.99);
insert into SHOT values (5226, 5253, 5257, 2984, 5.050, 285.52, -0.30, 5.054, 285.49, -0.23, 0.008, 257.38, 56.77);
insert into SHOT values (5227, 5253, 5258, 2984, 2.040, 304.02, -3.30, 2.042, 304.00, -3.09, 0.008, 289.15, 74.91);
insert into SHOT values (5228, 5253, 5259, 2984, 1.370, 340.62, -6.90, 1.366, 340.63, -6.73, 0.006, 154.88, 54.30);
insert into SHOT values (5229, 5253, 5260, 2984, 1.870, 331.42, -84.20, 1.869, 330.64, -84.36, 0.006, 176.02, 4.10);
insert into SHOT values (5230, 5253, 5261, 2984, 3.890, 27.72, 15.70, 3.887, 27.73, 15.83, 0.009, 198.32, 53.42);
insert into SHOT values (5231, 5253, 5262, 2984, 1.780, 54.42, 9.10, 1.780, 54.50, 9.38, 0.009, 167.50, 71.75);
insert into SHOT values (5232, 5253, 5263, 2984, 4.620, 279.82, -28.80, 4.618, 279.81, -28.73, 0.006, 252.21, 82.28);
insert into SHOT values (5233, 5263, 5264, 2984, 0.160, 213.02, 29.50, 0.160, 210.26, 29.94, 0.007, 118.80, 10.24);
insert into SHOT values (5234, 5263, 5265, 2984, 2.570, 322.82, 8.80, 2.564, 322.86, 8.75, 0.007, 124.64, -27.80);
insert into SHOT values (5235, 5263, 5266, 2984, 1.450, 304.32, 12.60, 1.445, 304.03, 12.38, 0.010, 189.02, -38.73);
insert into SHOT values (5236, 5263, 5267, 2984, 12.120, 276.32, 87.70, 12.120, 275.95, 87.72, 0.005, 135.56, -2.75);
insert into SHOT values (5237, 5263, 5268, 2984, 5.480, 88.12, 16.30, 5.483, 88.15, 16.31, 0.005, 132.90, 24.63);
insert into SHOT values (5238, 5263, 5269, 2984, 1.090, 28.42, 1.40, 1.083, 28.69, 1.06, 0.011, 170.18, -37.93);
insert into SHOT values (5239, 5263, 5270, 2984, 2.050, 173.82, -88.60, 2.051, 168.69, -88.58, 0.005, 92.55, -7.56);
insert into SHOT values (5240, 5263, 5271, 2984, 2.970, 310.22, 18.80, 2.970, 310.09, 18.86, 0.007, 209.84, 24.97);
insert into SHOT values (5241, 5271, 5272, 2984, 0.150, 4.42, 26.80, 0.153, 4.09, 23.15, 0.010, 357.28, -49.50);
insert into SHOT values (5242, 5271, 5273, 2984, 8.970, 186.32, 80.90, 8.963, 186.07, 80.90, 0.009, 89.38, -49.43);
insert into SHOT values (5243, 5271, 5274, 2984, 0.590, 166.92, 0.10, 0.587, 166.20, 0.00, 0.008, 53.97, -7.37);
insert into SHOT values (5244, 5271, 5275, 2984, 6.100, 257.72, -81.20, 6.102, 257.60, -81.22, 0.003, 128.24, -37.51);
insert into SHOT values (5245, 5271, 5276, 2984, 1.800, 250.32, 16.20, 1.792, 250.30, 16.20, 0.008, 73.60, -15.56);
insert into SHOT values (5246, 5271, 5277, 2984, 1.130, 204.42, 10.60, 1.124, 204.02, 10.25, 0.012, 81.40, -40.42);
insert into SHOT values (5247, 5271, 5278, 2984, 2.330, 108.12, -9.10, 2.332, 107.96, -9.13, 0.007, 32.07, -13.20);
insert into SHOT values (5248, 5271, 5279, 2984, 1.450, 133.92, -8.00, 1.451, 133.59, -8.32, 0.012, 43.57, -44.99);
insert into SHOT values (5249, 5271, 5280, 2984, 4.090, 214.02, 16.20, 4.081, 213.97, 16.22, 0.009, 52.66, -6.75);
insert into SHOT values (5250, 5280, 5281, 2984, 0.150, 185.52, 9.20, 0.153, 187.59, 7.53, 0.007, 245.60, -32.17);
insert into SHOT values (5251, 5280, 5282, 2984, 13.610, 277.62, 81.50, 13.610, 277.41, 81.48, 0.009, 222.45, -3.22);
insert into SHOT values (5252, 5280, 5283, 2984, 2.490, 36.42, 4.60, 2.482, 36.45, 4.62, 0.008, 205.09, 2.16);
insert into SHOT values (5253, 5280, 5284, 2984, 1.750, 18.82, 8.60, 1.743, 18.96, 8.58, 0.008, 166.33, -11.79);
insert into SHOT values (5254, 5280, 5285, 2984, 0.880, 345.82, -4.70, 0.882, 345.49, -5.21, 0.009, 266.58, -57.10);
insert into SHOT values (5255, 5280, 5286, 2984, 2.880, 306.92, -1.10, 2.887, 306.83, -1.19, 0.009, 273.31, -31.01);
insert into SHOT values (5256, 5280, 5287, 2984, 1.990, 272.72, -3.80, 1.997, 272.59, -4.02, 0.011, 238.17, -46.22);
insert into SHOT values (5257, 5280, 5288, 2984, 6.520, 330.32, -78.20, 6.526, 330.15, -78.28, 0.011, 178.13, -42.99);
insert into SHOT values (5258, 5288, 5289, 2984, 0.160, 35.22, 14.00, 0.163, 34.70, 14.20, 0.003, 8.52, 21.99);
insert into SHOT values (5259, 5288, 5290, 2984, 2.120, 110.42, 12.80, 2.113, 110.46, 12.85, 0.008, 278.85, 2.41);
insert into SHOT values (5260, 5288, 5291, 2984, 3.720, 50.72, 6.90, 3.723, 50.71, 6.94, 0.004, 41.33, 53.74);
insert into SHOT values (5261, 5288, 5292, 2984, 18.970, 220.22, 85.60, 18.976, 220.26, 85.60, 0.006, 346.88, 76.98);
insert into SHOT values (5262, 5288, 5293, 2984, 1.140, 170.32, -6.00, 1.132, 170.29, -5.58, 0.012, 354.68, 50.20);
insert into SHOT values (5263, 5288, 5294, 2984, 1.590, 272.72, 6.80, 1.593, 272.90, 6.85, 0.006, 330.26, 16.24);
insert into SHOT values (5264, 5288, 5295, 2984, 3.430, 244.42, 9.90, 3.428, 244.57, 9.91, 0.009, 345.49, 1.72);
insert into SHOT values (5265, 5288, 5296, 2984, 1.820, 218.62, 9.30, 1.818, 218.66, 9.50, 0.007, 15.60, 59.38);
insert into SHOT values (5266, 5288, 5297, 2984, 7.040, 239.72, -69.70, 7.037, 239.76, -69.69, 0.003, 332.54, 55.48);
insert into SHOT values (5267, 5297, 5298, 2984, 0.150, 125.42, -4.90, 0.145, 123.69, -3.97, 0.007, 344.78, 22.32);
insert into SHOT values (5268, 5297, 5299, 2984, 7.870, 314.12, 86.70, 7.873, 314.12, 86.65, 0.007, 314.27, 24.65);
insert into SHOT values (5269, 5297, 5300, 2984, 2.570, 57.42, 5.20, 2.565, 57.31, 5.14, 0.007, 284.25, -23.30);
insert into SHOT values (5270, 5297, 5301, 2984, 1.440, 339.22, 3.50, 1.446, 339.30, 3.57, 0.007, 0.16, 18.58);
insert into SHOT values (5271, 5297, 5302, 2984, 5.020, 258.92, -7.10, 5.020, 259.01, -7.09, 0.008, 349.56, 3.52);
insert into SHOT values (5272, 5297, 5303, 2984, 18.130, 284.62, 1.00, 18.131, 284.63, 1.01, 0.007, 5.95, 32.14);
insert into SHOT values (5273, 5297, 5304, 2984, 5.950, 309.62, 1.80, 5.954, 309.68, 1.83, 0.009, 8.72, 21.25);
insert into SHOT values (5274, 5297, 5305, 2984, 13.460, 262.52, -2.30, 13.465, 262.53, -2.30, 0.006, 287.15, 1.76);
insert into SHOT values (5275, 5297, 5306, 2984, 11.200, 294.52, 4.30, 11.201, 294.55, 4.30, 0.006, 15.51, 2.34);
insert into SHOT values (5276, 5297, 5307, 2984, 12.330, 335.12, -84.70, 12.333, 335.22, -84.67, 0.007, 353.59, -21.63);
insert into SHOT values (5277, 5297, 5308, 2984, 17.340, 288.62, -32.30, 17.337, 288.62, -32.28, 0.006, 357.80, 78.95);
insert into SHOT values (5278, 5308, 5309, 2984, 0.160, 75.82, -82.30, 0.162, 63.43, -82.04, 0.005, 350.62, -16.69);
insert into SHOT values (5279, 5308, 5310, 2984, 23.270, 231.02, 88.50, 23.268, 231.63, 88.49, 0.008, 296.26, -15.61);
insert into SHOT values (5280, 5308, 5311, 2984, 10.850, 141.02, 10.30, 10.848, 141.05, 10.30, 0.006, 251.34, -0.04);
insert into SHOT values (5281, 5308, 5312, 2984, 14.580, 99.52, 6.70, 14.578, 99.50, 6.70, 0.004, 343.99, -14.18);
insert into SHOT values (5282, 5308, 5313, 2984, 12.240, 8.12, 2.90, 12.237, 8.09, 2.90, 0.006, 252.25, 6.87);
insert into SHOT values (5283, 5308, 5314, 2984, 8.210, 221.72, 6.00, 8.210, 221.77, 5.94, 0.012, 305.70, -45.01);
insert into SHOT values (5284, 5308, 5315, 2984, 13.130, 282.12, 7.40, 13.129, 282.10, 7.40, 0.003, 168.90, -19.58);
insert into SHOT values (5285, 5308, 5316, 2984, 14.080, 305.52, 6.80, 14.078, 305.51, 6.77, 0.007, 185.70, -74.07);
insert into SHOT values (5286, 5308, 5317, 2984, 14.460, 16.32, -33.20, 14.460, 16.32, -33.21, 0.003, 162.36, -42.77);
insert into SHOT values (5287, 5308, 5318, 2984, 8.880, 300.82, -26.50, 8.887, 300.79, -26.53, 0.009, 256.93, -56.58);
insert into SHOT values (5288, 5308, 5319, 2984, 10.220, 132.72, -16.60, 10.213, 132.72, -16.61, 0.007, 304.03, -2.13);
insert into SHOT values (5289, 5308, 5320, 2984, 11.660, 328.12, -11.00, 11.664, 328.10, -11.02, 0.007, 284.57, -48.76);
insert into SHOT values (5290, 5320, 5321, 2984, 0.160, 138.02, -55.70, 0.159, 139.40, -54.66, 0.004, 185.99, 36.00);
insert into SHOT values (5291, 5320, 5322, 2984, 0.850, 252.52, -86.10, 0.852, 248.20, -86.37, 0.006, 117.10, -18.82);
insert into SHOT values (5292, 5320, 5323, 2984, 7.560, 158.32, 74.30, 7.562, 158.20, 74.30, 0.005, 76.69, 25.75);
insert into SHOT values (5293, 5320, 5324, 2984, 9.400, 225.12, 13.80, 9.400, 225.13, 13.79, 0.003, 312.75, -39.55);
insert into SHOT values (5294, 5320, 5325, 2984, 1.250, 346.42, 3.10, 1.246, 346.52, 3.22, 0.005, 135.94, 27.92);
insert into SHOT values (5295, 5320, 5326, 2984, 13.870, 81.52, 0.20, 13.872, 81.50, 0.21, 0.005, 25.93, 20.53);
insert into SHOT values (5296, 5320, 5327, 2984, 21.500, 134.62, 4.40, 21.503, 134.62, 4.40, 0.004, 167.59, 7.81);
insert into SHOT values (5297, 5320, 5328, 2984, 19.160, 166.52, 10.50, 19.159, 166.52, 10.50, 0.003, 267.64, -31.18);
insert into SHOT values (5298, 5320, 5329, 2984, 10.730, 244.12, 51.90, 10.723, 244.09, 51.91, 0.008, 87.59, -29.95);
insert into SHOT values (5299, 5329, 5330, 2984, 8.680, 266.82, -84.90, 8.674, 267.03, -84.90, 0.006, 8.21, 62.92);
insert into SHOT values (5300, 5329, 5331, 2984, 0.140, 263.32, -7.50, 0.142, 261.87, -4.04, 0.009, 209.11, 61.99);
insert into SHOT values (5301, 5329, 5332, 2984, 1.050, 339.02, 8.60, 1.054, 338.61, 8.73, 0.009, 274.56, 19.92);
insert into SHOT values (5302, 5329, 5333, 2984, 0.350, 250.52, -0.90, 0.351, 250.02, 0.00, 0.006, 181.45, 59.20);
insert into SHOT values (5303, 5329, 5334, 2984, 0.510, 154.22, -0.60, 0.510, 154.44, 0.00, 0.006, 246.34, 69.54);
insert into SHOT values (5304, 5329, 5335, 2984, 1.320, 338.72, 72.80, 1.329, 337.38, 72.93, 0.013, 245.94, 44.77);
insert into SHOT values (5305, 5329, 5336, 2984, 4.360, 176.42, 79.40, 4.364, 176.42, 79.42, 0.004, 344.01, 83.80);
insert into SHOT values (5306, 5329, 5337, 2984, 2.990, 308.92, 34.20, 2.997, 308.77, 34.32, 0.012, 239.32, 53.93);
insert into SHOT values (5307, 5329, 5338, 2984, 0.530, 208.02, 14.80, 0.533, 209.05, 15.21, 0.011, 284.28, 25.66);
insert into SHOT values (5308, 5329, 5339, 2984, 4.810, 276.92, 35.60, 4.816, 276.89, 35.55, 0.008, 262.63, -0.09);
insert into SHOT values (5309, 5339, 5340, 2984, 0.180, 349.32, 14.40, 0.180, 349.99, 16.15, 0.006, 119.68, 62.97);
insert into SHOT values (5310, 5339, 5341, 2984, 34.720, 116.12, 85.30, 34.727, 116.03, 85.29, 0.009, 67.39, 48.29);
insert into SHOT values (5311, 5339, 5342, 2984, 2.930, 147.42, 0.60, 2.932, 147.39, 0.78, 0.010, 120.68, 74.70);
insert into SHOT values (5312, 5339, 5343, 2984, 4.050, 80.72, 0.30, 4.053, 80.77, 0.42, 0.010, 137.17, 62.57);
insert into SHOT values (5313, 5339, 5344, 2984, 4.140, 118.42, -2.30, 4.142, 118.42, -2.21, 0.007, 129.95, 69.63);
insert into SHOT values (5314, 5339, 5345, 2984, 2.160, 332.92, -85.20, 2.157, 333.43, -85.24, 0.003, 111.97, 44.46);
insert into SHOT values (5315, 5339, 5346, 2984, 1.670, 235.72, 7.00, 1.669, 235.83, 7.23, 0.007, 353.30, 60.21);
insert into SHOT values (5316, 5339, 5347, 2984, 3.270, 179.92, -3.00, 3.264, 179.82, -2.99, 0.008, 43.49, 8.52);
insert into SCRAPS values (2986, 2980, 'SP-TQP-1', 1, 2.57015, 0.04936);
 insert into SURVEY values (3103, 51, '3morts', '3morts.Ded', 'Puits des 3 cadavres');
 insert into CENTRELINE values (3104, 3103, NULL, NULL, NULL, 0.00, 0.00, 0.00);
 insert into SURVEY values (3105, 3103, 'puits_des_3_morts', 'puits_des_3_morts.3morts.Ded', 'Puits des 3 cadavres');
 insert into CENTRELINE values (3106, 3105, NULL, NULL, NULL, 0.00, 0.00, 0.00);
 insert into CENTRELINE values (3107, 3105, NULL, '2022-11-14', NULL, 24.93, 0.00, 0.00);
 insert into TOPO values (53, 3107);
 insert into TOPO values (54, 3107);
 insert into TOPO values (50, 3107);
 insert into SHOT values (5317, 5348, 5349, 3107, 3.410, 92.92, -5.70, 3.412, 93.04, -5.72, 0.007, 169.63, -10.55);
insert into SHOT values (5318, 5348, 5350, 3107, 1.990, 123.52, -2.40, 1.993, 123.53, -2.30, 0.005, 128.23, 46.73);
insert into SHOT values (5319, 5348, 5351, 3107, 1.710, 185.82, -0.00, 1.708, 185.71, 0.00, 0.004, 71.38, 0.00);
insert into SHOT values (5320, 5348, 5352, 3107, 4.310, 230.52, -5.10, 4.307, 230.49, -5.06, 0.005, 100.74, 40.28);
insert into SHOT values (5321, 5348, 5353, 3107, 3.550, 266.92, -0.40, 3.545, 266.93, -0.32, 0.007, 83.47, 44.74);
insert into SHOT values (5322, 5348, 5354, 3107, 1.320, 323.82, 0.00, 1.316, 323.65, 0.00, 0.006, 188.57, 0.00);
insert into SHOT values (5323, 5348, 5355, 3107, 1.310, 282.62, -80.60, 1.308, 280.78, -80.59, 0.007, 190.19, 19.34);
insert into SHOT values (5324, 5348, 5356, 3107, 5.710, 241.62, -34.80, 5.707, 241.57, -34.83, 0.006, 106.34, -12.38);
insert into SHOT values (5325, 5348, 5357, 3107, 4.230, 108.92, -48.60, 4.231, 108.95, -48.53, 0.006, 126.39, 31.95);
insert into SHOT values (5326, 5348, 5358, 3107, 4.380, 256.72, -30.60, 4.382, 256.66, -30.59, 0.004, 189.76, -5.37);
insert into SHOT values (5327, 5348, 5359, 3107, 12.910, 115.82, 80.90, 12.913, 115.81, 80.89, 0.003, 106.09, 49.13);
insert into SHOT values (5328, 5359, 5360, 3107, 2.980, 322.82, -3.60, 2.982, 322.78, -3.65, 0.004, 276.14, -45.65);
insert into SHOT values (5329, 5359, 5361, 3107, 3.940, 285.92, -6.40, 3.944, 285.84, -6.41, 0.006, 228.82, -7.28);
insert into SHOT values (5330, 5359, 5362, 3107, 5.040, 262.62, -7.90, 5.039, 262.63, -7.87, 0.003, 40.92, 64.58);
insert into SHOT values (5331, 5359, 5363, 3107, 1.110, 253.22, -1.30, 1.107, 253.20, -1.03, 0.006, 82.76, 64.25);
insert into SHOT values (5332, 5359, 5364, 3107, 0.470, 229.42, 1.30, 0.475, 229.27, 1.21, 0.005, 215.52, -7.06);
insert into SHOT values (5333, 5359, 5365, 3107, 7.050, 4.42, 86.80, 7.051, 4.40, 86.82, 0.003, 188.40, 22.51);
insert into SHOT values (5334, 5365, 5366, 3107, 4.970, 74.72, 33.60, 4.967, 74.72, 33.62, 0.003, 257.72, -5.95);
insert into SHOT values (5335, 5365, 5367, 3107, 0.990, 85.22, 2.60, 0.994, 85.38, 2.31, 0.007, 117.91, -44.24);
insert into SHOT values (5336, 5365, 5368, 3107, 2.030, 114.42, 1.80, 2.033, 114.42, 1.69, 0.005, 112.64, -53.59);
insert into SHOT values (5337, 5365, 5369, 3107, 2.370, 132.62, -4.90, 2.372, 132.60, -4.84, 0.004, 111.40, 42.60);
insert into SHOT values (5338, 5365, 5370, 3107, 0.940, 212.52, -5.80, 0.939, 212.33, -5.50, 0.006, 117.80, 57.69);
insert into SHOT values (5339, 5365, 5371, 3107, 1.390, 189.72, -4.00, 1.393, 189.53, -4.12, 0.006, 128.32, -29.70);
insert into SCRAPS values (3109, 3103, 'SP-3morts-1', 1, 0.00500, 0.00138);
 insert into SCRAPS values (3119, 3103, 'SC-3morts-1', 4, 0.00157, 0.00018);
 insert into MAPS values (3135, 3103, 'MP-3morts-plan-tot', 'Puits des 3 cadavres', 1, 24.930, -22.540);
 insert into MAPITEMS values (3135, 4, 3109);
 insert into MAPS values (3136, 3103, 'MC-3morts-coupe-tot', 'Puits des 3 cadavres', 4, 24.930, -22.540);
 insert into MAPITEMS values (3136, 4, 3119);
 insert into SURVEY values (3138, 51, 'Grotte_Canaple', 'Grotte_Canaple.Ded', 'Gouffre de Canaple');
 insert into CENTRELINE values (3139, 3138, NULL, NULL, NULL, 0.00, 0.00, 0.00);
 insert into SURVEY values (3140, 3138, 'canaple', 'canaple.Grotte_Canaple.Ded', 'canaple');
 insert into CENTRELINE values (3141, 3140, NULL, NULL, NULL, 0.00, 0.00, 0.00);
 insert into CENTRELINE values (3142, 3140, NULL, '2023-09-23', NULL, 75.89, 0.00, 0.00);
 insert into TOPO values (35, 3142);
 insert into SHOT values (5340, 5372, 5373, 3142, 0.680, 57.96, 51.60, 0.681, 57.43, 51.13, 0.007, 18.18, -24.99);
insert into SHOT values (5341, 5372, 5374, 3142, 1.680, 115.16, -6.90, 1.676, 114.87, -6.85, 0.009, 2.70, 11.32);
insert into SHOT values (5342, 5372, 5375, 3142, 1.700, 254.76, -70.80, 1.701, 255.20, -71.20, 0.013, 53.61, -21.30);
insert into SHOT values (5343, 5372, 5376, 3142, 1.720, 253.46, -67.20, 1.720, 254.05, -67.60, 0.014, 42.63, -18.39);
insert into SHOT values (5344, 5372, 5377, 3142, 0.900, 31.36, -27.80, 0.903, 31.70, -27.72, 0.006, 88.04, -2.55);
insert into SHOT values (5345, 5372, 5378, 3142, 0.590, 333.26, -0.10, 0.590, 333.87, 0.00, 0.006, 60.45, 9.34);
insert into SHOT values (5346, 5372, 5379, 3142, 1.280, 84.26, 6.70, 1.285, 84.16, 6.70, 0.006, 60.42, 6.42);
insert into SHOT values (5347, 5372, 5380, 3142, 0.670, 9.86, 8.10, 0.677, 10.30, 7.64, 0.010, 44.57, -25.81);
insert into SHOT values (5348, 5372, 5381, 3142, 0.800, 57.76, 41.80, 0.802, 57.89, 41.36, 0.007, 71.41, -28.82);
insert into SHOT values (5349, 5372, 5382, 3142, 0.910, 36.46, 23.80, 0.914, 36.73, 23.87, 0.006, 85.92, 28.08);
insert into SHOT values (5350, 5372, 5383, 3142, 1.090, 67.26, 9.90, 1.092, 67.01, 10.02, 0.006, 356.34, 27.54);
insert into SHOT values (5351, 5372, 5384, 3142, 1.740, 115.26, 0.10, 1.745, 115.10, 0.00, 0.008, 68.22, -23.76);
insert into SHOT values (5352, 5372, 5385, 3142, 2.000, 226.56, -70.00, 1.999, 226.19, -70.14, 0.007, 87.22, -5.24);
insert into SHOT values (5353, 5372, 5386, 3142, 1.830, 85.36, -15.90, 1.836, 85.13, -15.80, 0.010, 36.92, 7.96);
insert into SHOT values (5354, 5386, 5387, 3142, 1.010, 316.26, 21.00, 1.007, 316.29, 20.94, 0.003, 123.73, -40.57);
insert into SHOT values (5355, 5386, 5388, 3142, 0.210, 238.66, -60.90, 0.219, 236.31, -60.35, 0.010, 201.91, -41.25);
insert into SHOT values (5356, 5386, 5389, 3142, 0.720, 148.16, -80.50, 0.720, 149.04, -80.67, 0.003, 289.56, 2.52);
insert into SHOT values (5357, 5386, 5390, 3142, 0.890, 23.96, -1.90, 0.887, 23.96, -1.94, 0.003, 203.84, -8.98);
insert into SHOT values (5358, 5386, 5391, 3142, 1.250, 354.16, 12.40, 1.247, 353.87, 12.51, 0.008, 232.25, 12.12);
insert into SHOT values (5359, 5386, 5392, 3142, 0.490, 180.86, -14.60, 0.497, 181.19, -15.15, 0.009, 206.00, -44.77);
insert into SHOT values (5360, 5386, 5393, 3142, 1.100, 207.36, 3.60, 1.107, 207.49, 3.63, 0.007, 227.36, 7.19);
insert into SHOT values (5361, 5386, 5394, 3142, 0.490, 138.36, -30.50, 0.493, 138.81, -30.45, 0.005, 186.61, -16.20);
insert into SHOT values (5362, 5386, 5395, 3142, 1.190, 100.36, -34.20, 1.193, 100.51, -34.18, 0.004, 148.41, -17.82);
insert into SHOT values (5363, 5386, 5396, 3142, 1.440, 108.36, -49.80, 1.440, 108.82, -49.80, 0.008, 196.52, -1.02);
insert into SHOT values (5364, 5386, 5397, 3142, 1.570, 117.86, -27.00, 1.578, 118.02, -27.14, 0.010, 152.24, -45.73);
insert into SHOT values (5365, 5386, 5398, 3142, 3.160, 121.16, -27.60, 3.166, 121.14, -27.67, 0.007, 103.80, -57.70);
insert into SHOT values (5366, 5398, 5399, 3142, 0.190, 69.86, 85.30, 0.190, 90.00, 86.99, 0.007, 220.74, 5.16);
insert into SHOT values (5367, 5398, 5400, 3142, 0.680, 326.56, 31.80, 0.680, 326.31, 31.97, 0.003, 214.20, 31.32);
insert into SHOT values (5368, 5398, 5401, 3142, 0.800, 208.46, 1.40, 0.810, 208.78, 1.41, 0.011, 232.05, 2.32);
insert into SHOT values (5369, 5398, 5402, 3142, 0.200, 243.66, -67.70, 0.197, 240.26, -65.87, 0.008, 197.43, 37.23);
insert into SHOT values (5370, 5398, 5403, 3142, 0.870, 328.56, 31.40, 0.872, 328.24, 31.83, 0.008, 216.85, 56.34);
insert into SHOT values (5371, 5398, 5404, 3142, 1.000, 292.46, 20.70, 1.008, 292.48, 20.92, 0.009, 295.14, 46.91);
insert into SHOT values (5372, 5398, 5405, 3142, 0.290, 316.46, 21.30, 0.290, 315.00, 22.26, 0.008, 213.51, 33.50);
insert into SHOT values (5373, 5398, 5406, 3142, 0.590, 164.76, -23.80, 0.586, 164.93, -23.13, 0.008, 294.24, 75.69);
insert into SHOT values (5374, 5398, 5407, 3142, 1.220, 163.86, 4.60, 1.220, 164.25, 4.70, 0.008, 257.00, 14.71);
insert into SHOT values (5375, 5398, 5408, 3142, 1.030, 138.96, 12.80, 1.026, 139.46, 12.95, 0.010, 255.73, 10.49);
insert into SHOT values (5376, 5398, 5409, 3142, 1.780, 143.06, 16.00, 1.777, 143.33, 16.01, 0.009, 253.89, -4.22);
insert into SHOT values (5377, 5398, 5410, 3142, 1.320, 154.26, 10.60, 1.321, 154.42, 10.91, 0.008, 250.03, 63.03);
insert into SHOT values (5378, 5410, 5411, 3142, 0.360, 34.46, -4.90, 0.354, 34.59, -4.87, 0.007, 207.34, 6.63);
insert into SHOT values (5379, 5410, 5412, 3142, 0.770, 40.06, -76.40, 0.772, 40.60, -76.19, 0.004, 67.64, -22.98);
insert into SHOT values (5380, 5410, 5413, 3142, 0.470, 283.06, -11.50, 0.472, 282.53, -12.24, 0.008, 198.29, -55.62);
insert into SHOT values (5381, 5410, 5414, 3142, 0.680, 355.66, 3.90, 0.683, 355.79, 3.36, 0.007, 20.50, -59.00);
insert into SHOT values (5382, 5410, 5415, 3142, 0.910, 328.46, 56.00, 0.906, 327.88, 55.90, 0.007, 225.97, -39.70);
insert into SHOT values (5383, 5410, 5416, 3142, 0.580, 103.86, 26.40, 0.574, 104.57, 25.82, 0.011, 218.38, -48.18);
insert into SHOT values (5384, 5410, 5417, 3142, 0.780, 83.46, 5.80, 0.778, 83.33, 5.16, 0.009, 329.69, -77.83);
insert into SHOT values (5385, 5410, 5418, 3142, 0.780, 121.56, -12.20, 0.782, 121.61, -12.56, 0.005, 157.60, -78.73);
insert into SHOT values (5386, 5410, 5419, 3142, 1.480, 78.06, 31.30, 1.477, 78.16, 30.96, 0.009, 119.95, -70.34);
insert into SHOT values (5387, 5419, 5420, 3142, 0.650, 67.06, -13.30, 0.647, 66.68, -12.50, 0.010, 323.69, 65.71);
insert into SHOT values (5388, 5419, 5421, 3142, 0.620, 108.66, 58.40, 0.617, 108.43, 59.18, 0.009, 296.91, 12.45);
insert into SHOT values (5389, 5419, 5422, 3142, 0.730, 128.96, -17.00, 0.728, 129.17, -16.78, 0.005, 249.94, 48.83);
insert into SHOT values (5390, 5419, 5423, 3142, 0.740, 321.76, 1.10, 0.741, 321.58, 1.55, 0.006, 241.59, 67.82);
insert into SHOT values (5391, 5419, 5424, 3142, 1.090, 114.26, -80.00, 1.086, 115.20, -80.04, 0.005, 229.00, 45.42);
insert into SHOT values (5392, 5419, 5425, 3142, 0.480, 226.76, -16.90, 0.478, 227.64, -15.78, 0.012, 310.44, 53.28);
insert into SHOT values (5393, 5419, 5426, 3142, 0.950, 93.96, -37.70, 0.949, 93.81, -37.65, 0.002, 3.96, 26.09);
insert into SHOT values (5394, 5419, 5427, 3142, 0.680, 64.46, -36.60, 0.677, 63.90, -36.25, 0.008, 330.98, 45.61);
insert into SHOT values (5395, 5419, 5428, 3142, 0.670, 84.86, -25.30, 0.665, 84.29, -24.91, 0.009, 330.15, 43.66);
insert into SHOT values (5396, 5419, 5429, 3142, 1.040, 78.16, -51.30, 1.034, 78.34, -51.54, 0.007, 242.13, 12.78);
insert into SHOT values (5397, 5419, 5430, 3142, 0.580, 254.56, -28.60, 0.574, 255.14, -28.04, 0.009, 8.77, 53.67);
insert into SHOT values (5398, 5419, 5431, 3142, 0.720, 284.06, -28.80, 0.723, 283.60, -28.06, 0.011, 247.49, 38.51);
insert into SHOT values (5399, 5419, 5432, 3142, 1.090, 274.96, -34.50, 1.090, 275.08, -34.02, 0.009, 294.41, 52.98);
insert into SHOT values (5400, 5419, 5433, 3142, 1.040, 273.96, -10.80, 1.040, 273.93, -10.53, 0.005, 235.78, 77.92);
insert into SHOT values (5401, 5419, 5434, 3142, 1.740, 84.96, -38.00, 1.735, 84.96, -38.09, 0.006, 266.01, 12.06);
insert into SHOT values (5402, 5434, 5435, 3142, 0.570, 145.36, 87.50, 0.571, 135.00, 87.16, 0.006, 85.55, 5.27);
insert into SHOT values (5403, 5434, 5436, 3142, 0.750, 153.76, 47.60, 0.754, 152.93, 47.94, 0.010, 60.58, 39.89);
insert into SHOT values (5404, 5434, 5437, 3142, 0.800, 327.36, 49.70, 0.803, 327.53, 49.47, 0.004, 347.67, -1.76);
insert into SHOT values (5405, 5434, 5438, 3142, 1.450, 114.96, 18.20, 1.453, 114.89, 18.46, 0.007, 42.73, 75.90);
insert into SHOT values (5406, 5434, 5439, 3142, 0.720, 63.46, 10.80, 0.720, 63.07, 11.21, 0.007, 325.74, 46.36);
insert into SHOT values (5407, 5434, 5440, 3142, 1.190, 37.36, 6.40, 1.192, 37.45, 6.74, 0.008, 88.47, 72.27);
insert into SHOT values (5408, 5434, 5441, 3142, 1.940, 351.76, 24.70, 1.945, 351.87, 24.62, 0.006, 24.09, -6.07);
insert into SHOT values (5409, 5434, 5442, 3142, 1.520, 348.16, 31.80, 1.523, 348.43, 31.68, 0.008, 41.64, -7.35);
insert into SHOT values (5410, 5434, 5443, 3142, 0.630, 242.16, 43.90, 0.631, 242.30, 44.24, 0.004, 35.50, 52.38);
insert into SHOT values (5411, 5434, 5444, 3142, 1.060, 289.56, 33.60, 1.062, 289.87, 33.76, 0.006, 23.83, 35.41);
insert into SHOT values (5412, 5434, 5445, 3142, 1.200, 313.16, 29.80, 1.201, 313.05, 29.98, 0.004, 190.69, 56.87);
insert into SHOT values (5413, 5434, 5446, 3142, 2.500, 15.26, 26.30, 2.499, 15.28, 26.37, 0.003, 179.06, 46.90);
insert into SHOT values (5414, 5434, 5447, 3142, 1.330, 37.16, 21.80, 1.339, 37.15, 21.93, 0.009, 34.49, 40.43);
insert into SHOT values (5415, 5434, 5448, 3142, 2.420, 21.46, 27.30, 2.420, 21.55, 27.30, 0.003, 112.86, 1.13);
insert into SHOT values (5416, 5448, 5449, 3142, 0.910, 130.06, 3.20, 0.903, 130.05, 3.17, 0.007, 311.61, -6.32);
insert into SHOT values (5417, 5448, 5450, 3142, 2.750, 136.06, -13.70, 2.744, 136.06, -13.70, 0.006, 315.25, 13.33);
insert into SHOT values (5418, 5448, 5451, 3142, 2.350, 164.46, -9.90, 2.349, 164.46, -9.80, 0.004, 341.24, 84.01);
insert into SHOT values (5419, 5448, 5452, 3142, 1.700, 175.36, -6.00, 1.694, 175.24, -5.76, 0.010, 32.59, 51.55);
insert into SHOT values (5420, 5448, 5453, 3142, 0.430, 221.36, 10.70, 0.425, 222.09, 10.84, 0.007, 353.67, 1.31);
insert into SHOT values (5421, 5448, 5454, 3142, 0.990, 202.86, 12.30, 0.990, 203.12, 12.24, 0.004, 287.06, -11.58);
insert into SHOT values (5422, 5448, 5455, 3142, 0.990, 148.86, -31.50, 0.986, 148.57, -31.15, 0.008, 54.55, 59.37);
insert into SHOT values (5423, 5448, 5456, 3142, 1.020, 165.36, 39.50, 1.020, 165.26, 39.59, 0.002, 36.12, 32.69);
insert into SHOT values (5424, 5448, 5457, 3142, 2.020, 187.96, 81.70, 2.021, 187.85, 81.67, 0.002, 162.09, 42.29);
insert into SHOT values (5425, 5448, 5458, 3142, 0.620, 208.06, 61.90, 0.624, 208.30, 61.77, 0.005, 228.70, 41.44);
insert into SHOT values (5426, 5448, 5459, 3142, 1.030, 149.76, 60.60, 1.028, 149.83, 61.07, 0.009, 325.88, 17.79);
insert into SHOT values (5427, 5448, 5460, 3142, 3.660, 79.16, -2.30, 3.658, 79.12, -2.19, 0.007, 322.33, 66.60);
insert into SHOT values (5428, 5448, 5461, 3142, 3.620, 79.26, -1.30, 3.615, 79.16, -1.27, 0.008, 315.04, 14.79);
insert into SHOT values (5429, 5448, 5462, 3142, 0.650, 350.96, 36.50, 0.655, 351.25, 36.55, 0.006, 27.59, 36.85);
insert into SHOT values (5430, 5448, 5463, 3142, 1.930, 167.46, 68.70, 1.930, 167.56, 68.85, 0.005, 333.27, 20.63);
insert into SHOT values (5431, 5463, 5464, 3142, 0.500, 67.46, -13.70, 0.499, 68.20, -13.91, 0.007, 167.92, -14.01);
insert into SHOT values (5432, 5463, 5465, 3142, 0.930, 337.76, -2.00, 0.929, 337.85, -1.85, 0.003, 99.81, 54.17);
insert into SHOT values (5433, 5463, 5466, 3142, 1.350, 286.76, -0.00, 1.348, 286.82, 0.00, 0.003, 75.90, 0.00);
insert into SHOT values (5434, 5463, 5467, 3142, 3.850, 263.26, 8.70, 3.851, 263.21, 8.66, 0.004, 189.52, -33.69);
insert into SHOT values (5435, 5463, 5468, 3142, 2.940, 235.16, 2.90, 2.942, 235.12, 2.92, 0.003, 180.51, 25.34);
insert into SHOT values (5436, 5463, 5469, 3142, 2.930, 230.36, 0.70, 2.934, 230.39, 0.78, 0.006, 255.37, 46.93);
insert into SHOT values (5437, 5463, 5470, 3142, 0.510, 75.46, -37.90, 0.508, 75.62, -37.59, 0.003, 156.07, 71.25);
insert into SHOT values (5438, 5463, 5471, 3142, 1.580, 183.26, -22.60, 1.584, 183.14, -22.65, 0.006, 140.88, -30.59);
insert into SHOT values (5439, 5463, 5472, 3142, 8.520, 217.06, -5.40, 8.520, 217.05, -5.39, 0.003, 123.59, 36.34);
insert into SHOT values (5440, 5463, 5473, 3142, 7.140, 224.16, -2.90, 7.145, 224.15, -2.89, 0.005, 203.89, 14.01);
insert into SHOT values (5441, 5463, 5474, 3142, 0.700, 220.36, -83.40, 0.694, 219.81, -83.54, 0.006, 58.20, 65.21);
insert into SHOT values (5442, 5463, 5475, 3142, 1.320, 233.16, -39.60, 1.317, 233.02, -39.64, 0.004, 92.96, 19.25);
insert into SHOT values (5443, 5463, 5476, 3142, 2.420, 251.56, -10.80, 2.414, 251.57, -10.74, 0.006, 70.25, 32.53);
insert into SHOT values (5444, 5463, 5477, 3142, 3.660, 245.66, 6.20, 3.656, 245.62, 6.28, 0.007, 95.14, 41.95);
insert into SHOT values (5445, 5477, 5478, 3142, 6.520, 136.56, -26.40, 6.517, 136.60, -26.42, 0.006, 275.96, -10.16);
insert into SHOT values (5446, 5477, 5479, 3142, 7.180, 169.26, -20.40, 7.180, 169.29, -20.46, 0.008, 295.56, -59.48);
insert into SHOT values (5447, 5477, 5480, 3142, 8.840, 185.06, -17.10, 8.844, 185.09, -17.10, 0.006, 230.16, -6.67);
insert into SHOT values (5448, 5477, 5481, 3142, 7.750, 200.66, -8.60, 7.752, 200.70, -8.61, 0.006, 269.73, -10.20);
insert into SHOT values (5449, 5477, 5482, 3142, 6.510, 218.66, 2.30, 6.515, 218.70, 2.29, 0.006, 262.79, -11.18);
insert into SHOT values (5450, 5477, 5483, 3142, 2.770, 240.06, 23.00, 2.768, 240.12, 22.96, 0.003, 350.26, -42.43);
insert into SHOT values (5451, 5477, 5484, 3142, 2.050, 243.86, 19.00, 2.050, 243.70, 18.78, 0.010, 179.12, -50.52);
insert into SHOT values (5452, 5477, 5485, 3142, 1.970, 218.36, -7.40, 1.974, 218.57, -7.57, 0.010, 283.57, -38.94);
insert into SHOT values (5453, 5477, 5486, 3142, 1.760, 312.96, 30.00, 1.764, 312.88, 29.93, 0.005, 285.08, -0.00);
insert into SHOT values (5454, 5477, 5487, 3142, 2.630, 310.06, 39.60, 2.629, 309.81, 39.43, 0.012, 244.83, -32.69);
insert into SHOT values (5455, 5477, 5488, 3142, 0.440, 209.66, 80.00, 0.437, 209.74, 79.38, 0.005, 211.25, -38.16);
insert into SHOT values (5456, 5477, 5489, 3142, 0.850, 112.66, -17.60, 0.843, 112.73, -17.96, 0.009, 285.82, -20.56);
insert into SHOT values (5457, 5477, 5490, 3142, 4.150, 126.66, -20.40, 4.150, 126.63, -20.45, 0.004, 354.98, -53.47);
insert into SHOT values (5458, 5477, 5491, 3142, 3.950, 246.86, 21.80, 3.953, 246.92, 21.67, 0.010, 278.64, -42.34);
insert into SHOT values (5459, 5491, 5492, 3142, 0.540, 49.76, 67.40, 0.541, 50.91, 67.59, 0.005, 158.61, 18.63);
insert into SHOT values (5460, 5491, 5493, 3142, 3.210, 38.76, 16.50, 3.214, 38.81, 16.63, 0.009, 88.71, 70.02);
insert into SHOT values (5461, 5491, 5494, 3142, 5.570, 93.66, -31.90, 5.569, 93.64, -31.87, 0.004, 23.48, 56.91);
insert into SHOT values (5462, 5491, 5495, 3142, 6.270, 123.16, -32.70, 6.270, 123.18, -32.62, 0.009, 141.11, 56.03);
insert into SHOT values (5463, 5491, 5496, 3142, 0.410, 91.36, -9.80, 0.416, 91.40, -9.69, 0.006, 93.72, -2.01);
insert into SHOT values (5464, 5491, 5497, 3142, 0.790, 85.36, -49.60, 0.788, 85.52, -49.55, 0.002, 193.57, 48.26);
insert into SHOT values (5465, 5491, 5498, 3142, 1.480, 201.16, -4.50, 1.482, 201.01, -4.26, 0.008, 146.94, 51.63);
insert into SHOT values (5466, 5491, 5499, 3142, 0.940, 217.66, 5.40, 0.938, 217.61, 5.50, 0.003, 65.22, 37.90);
insert into SHOT values (5467, 5491, 5500, 3142, 0.710, 297.86, 32.20, 0.710, 297.85, 32.37, 0.002, 124.12, 50.04);
insert into SHOT values (5468, 5491, 5501, 3142, 1.120, 330.26, 35.20, 1.118, 330.33, 35.56, 0.008, 139.64, 35.63);
insert into SHOT values (5469, 5491, 5502, 3142, 2.000, 231.56, -6.70, 1.998, 231.34, -6.61, 0.008, 131.33, 23.16);
insert into SHOT values (5470, 5491, 5503, 3142, 1.430, 229.46, -0.20, 1.425, 229.27, 0.00, 0.008, 94.86, 36.35);
insert into SHOT values (5471, 5491, 5504, 3142, 3.150, 232.26, -2.40, 3.153, 232.22, -2.36, 0.004, 196.53, 26.12);
insert into SHOT values (5472, 5504, 5505, 3142, 0.450, 86.56, -81.80, 0.446, 81.87, -80.87, 0.010, 43.96, 32.29);
insert into SHOT values (5473, 5504, 5506, 3142, 0.920, 155.76, -20.80, 0.917, 155.22, -20.43, 0.011, 58.63, 39.53);
insert into SHOT values (5474, 5504, 5507, 3142, 0.370, 159.96, 64.40, 0.376, 158.20, 64.58, 0.008, 87.87, 50.43);
insert into SHOT values (5475, 5504, 5508, 3142, 0.430, 330.06, 35.70, 0.426, 330.46, 35.94, 0.005, 121.35, -10.46);
insert into SHOT values (5476, 5504, 5509, 3142, 0.320, 320.66, 4.10, 0.321, 321.34, 3.57, 0.005, 36.55, -36.39);
insert into SHOT values (5477, 5504, 5510, 3142, 1.480, 241.46, -11.50, 1.474, 241.48, -11.35, 0.007, 54.95, 45.46);
insert into SHOT values (5478, 5504, 5511, 3142, 1.820, 269.76, 10.60, 1.812, 269.68, 10.81, 0.011, 106.06, 29.28);
insert into SHOT values (5479, 5504, 5512, 3142, 0.940, 260.76, -12.30, 0.934, 260.54, -12.36, 0.007, 111.47, 2.03);
insert into SHOT values (5480, 5504, 5513, 3142, 3.660, 265.86, 4.60, 3.652, 265.90, 4.71, 0.011, 69.53, 34.87);
insert into SHOT values (5481, 5513, 5514, 3142, 0.230, 122.96, 53.10, 0.226, 126.03, 52.92, 0.009, 230.34, -27.26);
insert into SHOT values (5482, 5513, 5515, 3142, 2.720, 77.26, -0.90, 2.718, 77.24, -1.05, 0.008, 276.99, -69.29);
insert into SHOT values (5483, 5513, 5516, 3142, 1.440, 86.86, 1.70, 1.433, 86.80, 1.60, 0.008, 279.52, -20.41);
insert into SHOT values (5484, 5513, 5517, 3142, 2.600, 83.46, -10.80, 2.593, 83.46, -10.89, 0.008, 263.81, -20.83);
insert into SHOT values (5485, 5513, 5518, 3142, 1.970, 94.96, -6.50, 1.971, 94.98, -6.70, 0.007, 180.07, -84.29);
insert into SHOT values (5486, 5513, 5519, 3142, 0.440, 315.86, 60.30, 0.439, 313.15, 60.01, 0.011, 231.75, -11.91);
insert into SHOT values (5487, 5513, 5520, 3142, 1.750, 151.76, -21.50, 1.758, 151.87, -21.71, 0.010, 183.84, -57.20);
insert into SHOT values (5488, 5513, 5521, 3142, 0.440, 178.46, 12.50, 0.439, 178.67, 11.82, 0.005, 249.08, -72.63);
insert into SHOT values (5489, 5513, 5522, 3142, 1.340, 227.66, 22.50, 1.346, 227.60, 22.26, 0.008, 218.24, -19.49);
insert into SHOT values (5490, 5522, 5523, 3142, 2.730, 166.16, -30.70, 2.733, 166.20, -30.81, 0.006, 243.03, -75.41);
insert into SHOT values (5491, 5522, 5524, 3142, 1.790, 183.26, -22.20, 1.787, 183.12, -22.37, 0.007, 42.96, -30.12);
insert into SHOT values (5492, 5522, 5525, 3142, 3.670, 207.16, -13.70, 3.669, 207.21, -13.72, 0.003, 316.10, -13.74);
insert into SHOT values (5493, 5522, 5526, 3142, 1.530, 253.56, 7.00, 1.533, 253.59, 6.74, 0.007, 265.51, -61.65);
insert into SHOT values (5494, 5522, 5527, 3142, 1.930, 316.16, 26.20, 1.930, 316.17, 26.13, 0.002, 327.56, -62.74);
insert into SHOT values (5495, 5522, 5528, 3142, 0.500, 248.46, -83.50, 0.503, 248.20, -83.85, 0.004, 73.61, -49.33);
insert into SHOT values (5496, 5522, 5529, 3142, 0.850, 51.26, -84.30, 0.855, 49.40, -83.81, 0.009, 30.05, -26.89);
insert into SHOT values (5497, 5522, 5530, 3142, 1.250, 72.86, -51.10, 1.249, 72.26, -50.93, 0.009, 359.34, 17.87);
insert into SHOT values (5498, 5522, 5531, 3142, 4.160, 358.96, 21.40, 4.168, 358.97, 21.39, 0.008, 1.24, 15.84);
insert into SHOT values (5499, 5522, 5532, 3142, 3.920, 18.66, 13.50, 3.927, 18.62, 13.40, 0.010, 2.06, -30.34);
insert into SHOT values (5500, 5522, 5533, 3142, 2.020, 32.86, 8.20, 2.024, 32.98, 8.24, 0.005, 83.44, 20.14);
insert into SHOT values (5501, 5522, 5534, 3142, 3.000, 320.86, 23.80, 2.999, 320.92, 23.80, 0.003, 68.63, -13.13);
insert into SHOT values (5502, 5522, 5535, 3142, 3.840, 334.76, 21.60, 3.838, 334.80, 21.55, 0.004, 78.63, -56.70);
insert into SHOT values (5503, 5522, 5536, 3142, 3.150, 358.26, 28.60, 3.156, 358.35, 28.59, 0.007, 34.58, 17.24);
insert into SHOT values (5504, 5522, 5537, 3142, 1.540, 358.86, 8.30, 1.546, 358.88, 8.18, 0.007, 2.35, -19.73);
insert into SHOT values (5505, 5522, 5538, 3142, 1.760, 216.66, -7.80, 1.753, 216.80, -7.87, 0.009, 7.56, -7.36);
insert into SHOT values (5506, 5538, 5539, 3142, 2.980, 174.56, -35.90, 2.987, 174.55, -35.86, 0.008, 169.89, -20.32);
insert into SHOT values (5507, 5538, 5540, 3142, 2.870, 191.26, -30.20, 2.875, 191.36, -30.05, 0.010, 217.38, 21.78);
insert into SHOT values (5508, 5538, 5541, 3142, 2.500, 220.76, -13.60, 2.510, 220.68, -13.60, 0.010, 200.02, -11.95);
insert into SHOT values (5509, 5538, 5542, 3142, 2.190, 246.06, -5.20, 2.189, 245.90, -5.24, 0.006, 146.24, -13.95);
insert into SHOT values (5510, 5538, 5543, 3142, 3.320, 263.36, 1.50, 3.324, 263.26, 1.55, 0.008, 208.05, 23.24);
insert into SHOT values (5511, 5538, 5544, 3142, 0.330, 163.56, 83.50, 0.333, 165.96, 82.88, 0.005, 187.80, 26.75);
insert into SHOT values (5512, 5538, 5545, 3142, 1.440, 196.76, -11.00, 1.448, 196.78, -11.15, 0.009, 199.73, -37.09);
insert into SHOT values (5513, 5522, 5546, 3142, 2.820, 355.36, 12.90, 2.820, 355.41, 12.91, 0.002, 85.60, 10.82);
insert into SHOT values (5514, 5546, 5547, 3142, 2.910, 11.76, 37.10, 2.912, 11.65, 36.93, 0.010, 338.08, -32.51);
insert into SHOT values (5515, 5546, 5548, 3142, 0.610, 55.36, 48.40, 0.604, 55.12, 48.21, 0.007, 266.53, -62.39);
insert into SHOT values (5516, 5546, 5549, 3142, 2.250, 106.46, -0.60, 2.250, 106.26, -0.76, 0.010, 17.25, -39.08);
insert into SHOT values (5517, 5546, 5550, 3142, 1.690, 144.06, -5.90, 1.686, 144.22, -6.13, 0.009, 279.14, -43.12);
insert into SHOT values (5518, 5546, 5551, 3142, 2.320, 176.96, -11.40, 2.319, 176.97, -11.44, 0.002, 332.92, -51.04);
insert into SHOT values (5519, 5546, 5552, 3142, 1.740, 255.96, 17.00, 1.745, 256.13, 17.00, 0.007, 302.31, 10.65);
insert into SHOT values (5520, 5546, 5553, 3142, 2.480, 232.96, 5.60, 2.476, 233.08, 5.56, 0.007, 1.53, -16.70);
insert into SHOT values (5521, 5546, 5554, 3142, 1.310, 256.26, 37.60, 1.311, 256.63, 37.62, 0.007, 344.54, 6.03);
insert into SHOT values (5522, 5546, 5555, 3142, 1.780, 303.26, 43.60, 1.784, 303.32, 43.58, 0.004, 324.40, 33.80);
insert into SHOT values (5523, 5546, 5556, 3142, 0.570, 310.46, -15.20, 0.573, 310.60, -15.17, 0.003, 333.83, -9.25);
insert into SHOT values (5524, 5546, 5557, 3142, 0.290, 232.96, -58.70, 0.292, 233.13, -59.04, 0.002, 19.32, -70.21);
insert into SHOT values (5525, 5546, 5558, 3142, 4.920, 299.96, 32.00, 4.928, 300.00, 31.98, 0.009, 319.90, 19.05);
insert into SHOT values (5526, 5546, 5559, 3142, 2.560, 88.26, 5.80, 2.555, 88.20, 5.84, 0.006, 295.72, 11.53);
insert into SHOT values (5527, 5558, 5560, 3142, 1.050, 106.86, -19.70, 1.057, 106.98, -19.92, 0.008, 129.43, -49.74);
insert into SHOT values (5528, 5558, 5561, 3142, 2.040, 88.66, -24.60, 2.045, 88.77, -24.55, 0.007, 120.30, -6.84);
insert into SHOT values (5529, 5558, 5562, 3142, 1.150, 128.26, -35.30, 1.155, 128.09, -35.47, 0.006, 68.39, -58.96);
insert into SHOT values (5530, 5558, 5563, 3142, 1.070, 98.16, -45.20, 1.073, 98.34, -45.07, 0.005, 128.80, -9.14);
insert into SHOT values (5531, 5558, 5564, 3142, 0.960, 53.56, 84.40, 0.955, 57.99, 84.33, 0.009, 140.59, -36.58);
insert into SHOT values (5532, 5558, 5565, 3142, 3.660, 203.06, -18.50, 3.669, 203.03, -18.60, 0.011, 183.21, -52.98);
insert into SHOT values (5533, 5558, 5566, 3142, 2.170, 234.26, -9.10, 2.171, 234.31, -9.28, 0.007, 332.30, -76.01);
insert into SHOT values (5534, 5558, 5567, 3142, 1.880, 255.66, 8.00, 1.876, 255.66, 7.97, 0.004, 74.45, -23.11);
insert into SHOT values (5535, 5558, 5568, 3142, 1.760, 285.96, 43.70, 1.754, 286.01, 43.63, 0.007, 88.58, -60.53);
insert into SHOT values (5536, 5558, 5569, 3142, 3.750, 290.56, 33.80, 3.739, 290.53, 33.80, 0.011, 120.26, -34.53);
insert into SHOT values (5537, 5558, 5570, 3142, 4.530, 321.96, 40.50, 4.526, 321.96, 40.51, 0.004, 139.94, -26.97);
insert into SHOT values (5538, 5558, 5571, 3142, 6.230, 337.26, 36.90, 6.224, 337.30, 36.93, 0.007, 130.64, -4.75);
insert into SHOT values (5539, 5558, 5572, 3142, 1.910, 6.06, 39.90, 1.902, 6.30, 39.91, 0.010, 143.45, -30.35);
insert into SHOT values (5540, 5558, 5573, 3142, 1.760, 111.16, 32.20, 1.757, 111.23, 31.95, 0.008, 154.27, -71.63);
insert into SHOT values (5541, 5558, 5574, 3142, 2.690, 356.86, 36.60, 2.682, 357.07, 36.62, 0.011, 127.66, -20.33);
insert into SHOT values (5542, 5574, 5575, 3142, 2.410, 69.66, -14.60, 2.404, 69.62, -14.70, 0.007, 265.24, -20.25);
insert into SHOT values (5543, 5574, 5576, 3142, 1.930, 39.66, -3.90, 1.930, 39.31, -3.86, 0.012, 310.53, 6.13);
insert into SHOT values (5544, 5574, 5577, 3142, 2.990, 351.26, 23.90, 2.997, 351.19, 23.81, 0.009, 329.79, -8.33);
insert into SHOT values (5545, 5574, 5578, 3142, 0.360, 80.46, 80.60, 0.354, 78.69, 81.71, 0.010, 271.85, -32.89);
insert into SHOT values (5546, 5574, 5579, 3142, 4.610, 320.96, 29.80, 4.612, 320.98, 29.77, 0.003, 351.62, -20.53);
insert into SHOT values (5547, 5574, 5580, 3142, 3.190, 282.86, 19.40, 3.196, 282.84, 19.37, 0.007, 271.82, 3.51);
insert into SHOT values (5548, 5574, 5581, 3142, 0.690, 6.26, -18.50, 0.690, 6.15, -18.60, 0.002, 252.27, -36.32);
insert into SHOT values (5549, 5574, 5582, 3142, 4.530, 318.16, 25.90, 4.534, 318.18, 25.89, 0.005, 334.87, 16.30);
insert into SHOT values (5550, 5582, 5583, 3142, 1.940, 59.66, -13.20, 1.940, 59.77, -13.42, 0.008, 181.44, -60.23);
insert into SHOT values (5551, 5582, 5584, 3142, 0.620, 20.76, 4.40, 0.622, 20.77, 4.61, 0.003, 23.70, 48.51);
insert into SHOT values (5552, 5582, 5585, 3142, 0.310, 233.36, 17.30, 0.313, 233.13, 16.70, 0.005, 216.56, -27.49);
insert into SHOT values (5553, 5582, 5586, 3142, 2.300, 297.96, 3.10, 2.303, 298.01, 2.99, 0.006, 334.78, -51.62);
insert into SHOT values (5554, 5582, 5587, 3142, 3.570, 328.26, 10.30, 3.574, 328.25, 10.32, 0.004, 320.13, 24.87);
insert into SHOT values (5555, 5582, 5588, 3142, 1.950, 96.66, -14.90, 1.948, 96.71, -14.87, 0.003, 231.05, 32.66);
insert into SHOT values (5556, 5582, 5589, 3142, 0.630, 178.76, -10.70, 0.632, 179.08, -10.95, 0.005, 251.97, -40.49);
insert into SHOT values (5557, 5582, 5590, 3142, 3.250, 317.66, 3.30, 3.254, 317.62, 3.17, 0.009, 288.97, -54.67);
insert into SHOT values (5558, 5590, 5591, 3142, 1.110, 53.76, 30.90, 1.110, 53.97, 30.91, 0.004, 149.56, -0.50);
insert into SHOT values (5559, 5590, 5592, 3142, 0.780, 103.26, 68.90, 0.781, 104.53, 69.09, 0.007, 210.65, 19.48);
insert into SHOT values (5560, 5590, 5593, 3142, 0.510, 224.86, 38.50, 0.509, 225.00, 38.94, 0.004, 28.03, 37.40);
insert into SHOT values (5561, 5590, 5594, 3142, 1.730, 266.96, 40.30, 1.733, 266.96, 40.27, 0.003, 268.25, 23.36);
insert into SHOT values (5562, 5590, 5595, 3142, 2.840, 311.56, 39.60, 2.847, 311.48, 39.74, 0.010, 236.58, 71.82);
insert into SHOT values (5563, 5590, 5596, 3142, 1.940, 355.76, 47.00, 1.941, 355.67, 47.01, 0.003, 283.65, 27.13);
insert into SHOT values (5564, 5590, 5597, 3142, 0.520, 252.66, -32.60, 0.521, 252.80, -32.49, 0.002, 286.72, 4.81);
insert into SHOT values (5565, 5590, 5598, 3142, 6.380, 291.66, 36.30, 6.383, 291.68, 36.31, 0.004, 326.74, 51.12);
insert into SHOT values (5566, 5590, 5599, 3142, 2.360, 10.86, 49.40, 2.367, 10.87, 49.50, 0.008, 18.98, 77.59);
insert into SHOT values (5567, 5599, 5600, 3142, 0.980, 225.46, 87.60, 0.981, 225.00, 87.52, 0.002, 211.60, 31.04);
insert into SHOT values (5568, 5599, 5601, 3142, 2.910, 62.66, 17.40, 2.910, 62.79, 17.39, 0.006, 147.78, -1.93);
insert into SHOT values (5569, 5599, 5602, 3142, 4.620, 11.66, 17.00, 4.613, 11.64, 17.02, 0.008, 203.94, -5.71);
insert into SHOT values (5570, 5599, 5603, 3142, 1.250, 329.26, 28.10, 1.243, 329.22, 28.33, 0.009, 155.19, 8.23);
insert into SHOT values (5571, 5599, 5604, 3142, 4.910, 352.56, 23.20, 4.903, 352.61, 23.18, 0.008, 139.78, -33.11);
insert into SHOT values (5572, 5599, 5605, 3142, 1.980, 359.76, 43.40, 1.981, 0.00, 43.36, 0.006, 76.86, -4.04);
insert into SHOT values (5573, 5599, 5606, 3142, 4.230, 39.06, -0.70, 4.230, 39.15, -0.81, 0.010, 132.29, -53.14);
insert into SHOT values (5574, 5599, 5607, 3142, 1.840, 155.66, 0.60, 1.844, 155.66, 0.62, 0.004, 154.22, 10.34);
insert into SHOT values (5575, 5599, 5608, 3142, 0.560, 240.36, 13.20, 0.555, 240.12, 12.48, 0.009, 95.70, -63.70);
insert into SHOT values (5576, 5599, 5609, 3142, 2.980, 4.76, 6.80, 2.981, 4.84, 6.74, 0.005, 74.85, -32.27);
insert into SHOT values (5577, 5599, 5610, 3142, 3.950, 4.56, 6.70, 3.949, 4.53, 6.69, 0.002, 253.68, -21.86);
insert into SHOT values (5578, 5610, 5611, 3142, 1.470, 270.36, 27.20, 1.463, 270.44, 27.27, 0.008, 76.81, -14.25);
insert into SHOT values (5579, 5610, 5612, 3142, 1.430, 316.26, 28.40, 1.431, 316.29, 28.37, 0.001, 343.69, -6.75);
insert into SHOT values (5580, 5610, 5613, 3142, 1.030, 358.56, 18.80, 1.025, 358.82, 18.78, 0.007, 136.70, -16.53);
insert into SHOT values (5581, 5610, 5614, 3142, 1.650, 66.26, 8.60, 1.652, 66.57, 8.35, 0.012, 135.72, -35.55);
insert into SHOT values (5582, 5610, 5615, 3142, 3.550, 103.66, -1.10, 3.551, 103.68, -1.13, 0.003, 147.01, -42.99);
insert into SHOT values (5583, 5610, 5616, 3142, 5.930, 140.16, 0.10, 5.936, 140.19, 0.10, 0.007, 170.21, -2.99);
insert into SHOT values (5584, 5610, 5617, 3142, 3.610, 177.56, 7.30, 3.613, 177.44, 7.31, 0.008, 108.04, 9.12);
insert into SHOT values (5585, 5610, 5618, 3142, 1.770, 113.06, 33.70, 1.774, 113.10, 33.54, 0.006, 121.63, -19.01);
insert into SHOT values (5586, 5610, 5619, 3142, 1.700, 25.76, 47.90, 1.696, 26.11, 47.96, 0.008, 144.27, -9.71);
insert into SHOT values (5587, 5610, 5620, 3142, 2.180, 301.86, 54.80, 2.174, 301.91, 54.95, 0.008, 114.66, -9.75);
insert into SHOT values (5588, 5610, 5621, 3142, 1.830, 220.76, 42.10, 1.823, 220.51, 42.00, 0.010, 103.35, -45.65);
insert into SHOT values (5589, 5610, 5622, 3142, 2.360, 173.96, 53.30, 2.363, 173.93, 53.12, 0.008, 167.52, -16.06);
insert into SHOT values (5590, 5610, 5623, 3142, 3.520, 149.86, 74.40, 3.521, 149.66, 74.34, 0.005, 106.09, -3.86);
insert into SHOT values (5591, 5610, 5624, 3142, 0.430, 202.06, -68.90, 0.431, 201.80, -68.01, 0.007, 195.85, 9.77);
insert into SHOT values (5592, 5625, 5610, 3142, 5.410, 334.16, -60.80, 5.410, 334.21, -60.75, 0.005, 3.64, 28.92);
insert into SHOT values (5593, 5625, 5626, 3142, 0.310, 300.26, -9.60, 0.309, 301.61, -9.30, 0.007, 33.90, 13.30);
insert into SHOT values (5594, 5625, 5627, 3142, 0.300, 7.66, -14.20, 0.301, 7.85, -13.45, 0.004, 34.75, 59.15);
insert into SHOT values (5595, 5625, 5628, 3142, 2.740, 295.66, -58.40, 2.734, 295.67, -58.44, 0.006, 113.15, 39.87);
insert into SHOT values (5596, 5625, 5629, 3142, 0.910, 138.06, -4.90, 0.910, 137.68, -5.05, 0.006, 42.30, -20.69);
insert into SHOT values (5597, 5625, 5630, 3142, 0.760, 81.36, -62.40, 0.758, 81.87, -62.18, 0.005, 146.77, 45.56);
insert into SCRAPS values (3144, 3138, 'SP-canaple-1', 1, 2.57400, 0.13370);
 insert into SCRAPS values (3191, 3138, 'SP-canaple-2', 1, 2.78931, 0.33171);
 insert into SCRAPS values (3236, 3138, 'SC-canaple-1', 4, 0.00762, 0.00040);
 insert into MAPS values (3283, 3138, 'MP-Grotte_Canaple-plan-tot', 'Grotte_Canaple', 1, 75.890, -19.430);
 insert into MAPITEMS values (3283, 4, 3191);
 insert into MAPITEMS values (3283, 4, 3144);
 insert into MAPS values (3284, 3138, 'MC-Grotte_Canaple-coupe-tot', 'Grotte_Canaple', 4, 75.890, -19.430);
 insert into MAPITEMS values (3284, 4, 3236);
 insert into STATION values (1, 'FT.0', 57, 246848.15, 5024244.29, 1397.16);
insert into STATION values (2, '.', 57, 246846.50, 5024246.69, 1396.89);
insert into STATION values (3, '.', 57, 246849.02, 5024246.66, 1397.07);
insert into STATION values (4, '.', 57, 246850.12, 5024245.49, 1397.15);
insert into STATION values (5, '.', 57, 246851.63, 5024244.23, 1397.54);
insert into STATION values (6, '.', 57, 246847.57, 5024244.70, 1393.40);
insert into STATION values (7, '.', 57, 246846.26, 5024246.58, 1396.01);
insert into STATION values (8, '.', 57, 246846.23, 5024246.59, 1399.58);
insert into STATION values (9, '.', 57, 246849.22, 5024246.05, 1401.70);
insert into STATION values (10, '.', 57, 246851.22, 5024242.46, 1401.94);
insert into STATION values (11, '.', 57, 246849.34, 5024243.36, 1405.53);
insert into STATION values (12, 'FT.1', 57, 246849.47, 5024245.61, 1398.35);
insert into STATION values (13, 'FT.2', 57, 246846.52, 5024242.54, 1405.99);
insert into STATION values (14, '.', 57, 246845.38, 5024242.57, 1406.06);
insert into STATION values (15, '.', 57, 246846.59, 5024240.86, 1405.96);
insert into STATION values (16, '.', 57, 246845.40, 5024247.95, 1406.23);
insert into STATION values (17, '.', 57, 246848.28, 5024244.55, 1406.36);
insert into STATION values (18, '.', 57, 246848.57, 5024242.00, 1406.04);
insert into STATION values (19, '.', 57, 246849.18, 5024243.57, 1405.74);
insert into STATION values (20, '.', 57, 246845.24, 5024247.26, 1412.56);
insert into STATION values (21, '.', 57, 246846.28, 5024243.31, 1410.61);
insert into STATION values (22, 'FT.3', 57, 246844.33, 5024242.91, 1414.74);
insert into STATION values (23, '.', 57, 246844.74, 5024242.75, 1414.75);
insert into STATION values (24, '.', 57, 246844.84, 5024243.03, 1414.71);
insert into STATION values (25, '.', 57, 246844.52, 5024243.24, 1414.75);
insert into STATION values (26, '.', 57, 246844.51, 5024242.82, 1415.07);
insert into STATION values (27, '.', 57, 246844.74, 5024242.26, 1413.85);
insert into STATION values (28, '.', 57, 246844.09, 5024241.96, 1413.84);
insert into STATION values (29, '.', 57, 246842.91, 5024242.63, 1412.99);
insert into STATION values (30, '.', 57, 246844.11, 5024244.37, 1412.60);
insert into STATION values (31, '.', 57, 246844.72, 5024243.23, 1407.11);
insert into STATION values (32, '.', 57, 246843.18, 5024243.27, 1408.09);
insert into STATION values (33, '.', 57, 246842.65, 5024242.87, 1409.51);
insert into STATION values (34, '.', 57, 246842.57, 5024244.17, 1409.61);
insert into STATION values (35, '.', 57, 246843.89, 5024242.44, 1411.70);
insert into STATION values (36, 'FT.4', 57, 246844.44, 5024240.55, 1415.76);
insert into STATION values (37, '.', 57, 246845.49, 5024240.22, 1415.81);
insert into STATION values (38, '.', 57, 246845.50, 5024241.25, 1415.76);
insert into STATION values (39, '.', 57, 246844.55, 5024241.54, 1415.75);
insert into STATION values (40, '.', 57, 246844.07, 5024241.65, 1415.67);
insert into STATION values (41, '.', 57, 246843.97, 5024240.82, 1415.83);
insert into STATION values (42, '.', 57, 246844.53, 5024240.61, 1414.83);
insert into STATION values (43, '.', 57, 246845.06, 5024241.29, 1417.85);
insert into STATION values (44, '.', 57, 246844.90, 5024240.74, 1418.58);
insert into STATION values (45, '.', 57, 246844.13, 5024242.12, 1418.96);
insert into STATION values (46, '.', 57, 246844.89, 5024241.54, 1417.86);
insert into STATION values (47, 'FT.5', 57, 246844.40, 5024241.57, 1420.14);
insert into STATION values (48, '.', 57, 246846.26, 5024241.70, 1420.15);
insert into STATION values (49, '.', 57, 246847.01, 5024239.76, 1420.63);
insert into STATION values (50, '.', 57, 246845.71, 5024239.38, 1420.78);
insert into STATION values (51, '.', 57, 246844.52, 5024239.24, 1420.50);
insert into STATION values (52, '.', 57, 246845.27, 5024241.17, 1422.05);
insert into STATION values (53, '.', 57, 246844.32, 5024241.47, 1422.85);
insert into STATION values (54, '.', 57, 246844.14, 5024240.67, 1421.57);
insert into STATION values (55, '.', 57, 246845.43, 5024238.85, 1422.70);
insert into STATION values (56, '.', 57, 246844.71, 5024239.07, 1420.35);
insert into STATION values (57, 'FT.6', 57, 246845.16, 5024238.32, 1422.96);
insert into STATION values (58, '.', 57, 246844.22, 5024238.04, 1423.08);
insert into STATION values (59, '.', 57, 246844.26, 5024239.02, 1423.09);
insert into STATION values (60, '.', 57, 246843.95, 5024237.84, 1422.96);
insert into STATION values (61, '.', 57, 246844.70, 5024240.12, 1422.60);
insert into STATION values (62, '.', 57, 246845.42, 5024240.22, 1422.84);
insert into STATION values (63, '.', 57, 246846.27, 5024240.19, 1422.87);
insert into STATION values (64, '.', 57, 246844.53, 5024238.91, 1426.32);
insert into STATION values (65, 'FT.7', 57, 246842.41, 5024236.48, 1425.36);
insert into STATION values (66, '.', 57, 246840.67, 5024235.95, 1425.67);
insert into STATION values (67, '.', 57, 246841.16, 5024237.25, 1425.59);
insert into STATION values (68, '.', 57, 246842.15, 5024238.71, 1425.26);
insert into STATION values (69, '.', 57, 246843.55, 5024239.32, 1425.21);
insert into STATION values (70, '.', 57, 246842.58, 5024236.57, 1423.77);
insert into STATION values (71, '.', 57, 246843.65, 5024237.51, 1423.45);
insert into STATION values (72, '.', 57, 246840.44, 5024236.77, 1429.43);
insert into STATION values (73, '.', 57, 246840.76, 5024238.27, 1429.41);
insert into STATION values (74, '.', 57, 246842.14, 5024239.51, 1429.37);
insert into STATION values (75, '.', 57, 246842.79, 5024239.75, 1429.69);
insert into STATION values (76, '.', 57, 246842.52, 5024238.15, 1430.36);
insert into STATION values (77, '.', 57, 246841.88, 5024237.50, 1431.30);
insert into STATION values (78, '.', 57, 246840.14, 5024238.85, 1435.97);
insert into STATION values (79, 'FT.8', 57, 246841.13, 5024238.84, 1435.06);
insert into STATION values (80, '.', 57, 246839.60, 5024237.34, 1435.30);
insert into STATION values (81, '.', 57, 246839.75, 5024238.70, 1435.13);
insert into STATION values (82, '.', 57, 246839.93, 5024239.80, 1435.12);
insert into STATION values (83, '.', 57, 246840.40, 5024240.50, 1435.24);
insert into STATION values (84, '.', 57, 246840.51, 5024242.58, 1435.58);
insert into STATION values (85, '.', 57, 246842.41, 5024241.64, 1435.56);
insert into STATION values (86, '.', 57, 246843.04, 5024241.07, 1435.43);
insert into STATION values (87, '.', 57, 246840.21, 5024238.22, 1433.05);
insert into STATION values (88, '.', 57, 246840.48, 5024238.73, 1433.15);
insert into STATION values (89, '.', 57, 246841.02, 5024239.36, 1433.43);
insert into STATION values (90, 'FT.9', 57, 246841.60, 5024242.33, 1435.54);
insert into STATION values (91, '.', 57, 246841.52, 5024242.31, 1434.05);
insert into STATION values (92, '.', 57, 246841.67, 5024240.48, 1433.96);
insert into STATION values (93, '.', 57, 246842.56, 5024240.68, 1434.42);
insert into STATION values (94, '.', 57, 246840.41, 5024237.84, 1435.49);
insert into STATION values (95, '.', 57, 246840.30, 5024241.46, 1435.52);
insert into STATION values (96, '.', 57, 246840.51, 5024242.69, 1435.45);
insert into STATION values (97, '.', 57, 246842.90, 5024240.56, 1435.81);
insert into STATION values (98, '.', 57, 246841.97, 5024239.69, 1435.75);
insert into STATION values (99, 'FT.10', 57, 246838.54, 5024242.08, 1444.42);
insert into STATION values (100, '.', 57, 246838.91, 5024243.33, 1444.58);
insert into STATION values (101, '.', 57, 246841.08, 5024243.52, 1444.88);
insert into STATION values (102, '.', 57, 246840.59, 5024240.93, 1444.57);
insert into STATION values (103, '.', 57, 246839.03, 5024240.18, 1445.01);
insert into STATION values (104, '.', 57, 246838.60, 5024240.29, 1444.46);
insert into STATION values (105, '.', 57, 246838.27, 5024241.82, 1444.36);
insert into STATION values (106, '.', 57, 246838.74, 5024242.05, 1448.14);
insert into STATION values (107, '.', 57, 246839.99, 5024242.12, 1447.44);
insert into STATION values (108, '.', 57, 246840.51, 5024241.89, 1446.18);
insert into STATION values (109, 'FT.11', 57, 246834.91, 5024241.85, 1456.59);
insert into STATION values (110, '.', 57, 246834.24, 5024241.76, 1456.63);
insert into STATION values (111, '.', 57, 246834.25, 5024242.24, 1456.62);
insert into STATION values (112, '.', 57, 246831.73, 5024246.67, 1456.86);
insert into STATION values (113, '.', 57, 246834.94, 5024242.93, 1456.69);
insert into STATION values (114, '.', 57, 246834.81, 5024242.17, 1455.47);
insert into STATION values (115, '.', 57, 246834.80, 5024242.52, 1455.64);
insert into STATION values (116, '.', 57, 246834.55, 5024242.11, 1457.68);
insert into STATION values (117, '.', 57, 246833.47, 5024243.10, 1460.09);
insert into STATION values (118, 'FT.12', 57, 246832.76, 5024247.54, 1458.29);
insert into STATION values (119, '.', 57, 246836.93, 5024250.65, 1458.36);
insert into STATION values (120, '.', 57, 246836.26, 5024248.01, 1458.63);
insert into STATION values (121, '.', 57, 246835.08, 5024246.11, 1458.20);
insert into STATION values (122, '.', 57, 246834.06, 5024246.56, 1452.04);
insert into STATION values (123, '.', 57, 246832.92, 5024246.09, 1458.67);
insert into STATION values (124, '.', 57, 246834.81, 5024245.34, 1458.70);
insert into STATION values (125, '.', 57, 246837.99, 5024249.15, 1453.76);
insert into STATION values (126, '.', 57, 246832.89, 5024245.91, 1454.65);
insert into STATION values (127, 'FT.13', 57, 246830.05, 5024245.75, 1468.02);
insert into STATION values (128, '.', 57, 246829.51, 5024245.95, 1467.98);
insert into STATION values (129, '.', 57, 246830.23, 5024246.94, 1467.86);
insert into STATION values (130, '.', 57, 246829.23, 5024243.48, 1467.85);
insert into STATION values (131, '.', 57, 246827.99, 5024243.38, 1467.83);
insert into STATION values (132, '.', 57, 246828.00, 5024244.15, 1467.80);
insert into STATION values (133, '.', 57, 246826.33, 5024244.15, 1469.96);
insert into STATION values (134, '.', 57, 246830.62, 5024244.69, 1461.51);
insert into STATION values (135, '.', 57, 246828.63, 5024244.35, 1463.97);
insert into STATION values (136, '.', 57, 246830.25, 5024246.16, 1464.36);
insert into STATION values (137, '.', 57, 246832.98, 5024246.17, 1463.10);
insert into STATION values (138, 'FT.14', 57, 246831.17, 5024247.99, 1468.02);
insert into STATION values (139, '.', 57, 246831.40, 5024247.78, 1468.04);
insert into STATION values (140, '.', 57, 246830.97, 5024248.13, 1468.01);
insert into STATION values (141, '.', 57, 246832.05, 5024248.75, 1468.74);
insert into STATION values (142, '.', 57, 246830.82, 5024248.30, 1469.28);
insert into STATION values (143, '.', 57, 246830.99, 5024248.04, 1469.88);
insert into STATION values (144, '.', 57, 246831.56, 5024248.43, 1469.76);
insert into STATION values (145, 'FT.15', 57, 246831.02, 5024248.40, 1470.22);
insert into STATION values (146, '.', 57, 246830.69, 5024248.78, 1470.09);
insert into STATION values (147, '.', 57, 246830.60, 5024248.42, 1470.13);
insert into STATION values (148, '.', 57, 246830.51, 5024249.05, 1470.98);
insert into STATION values (149, '.', 57, 246831.01, 5024249.05, 1470.67);
insert into STATION values (150, '.', 57, 246830.85, 5024248.93, 1470.42);
insert into STATION values (151, '.', 57, 246831.50, 5024248.18, 1468.23);
insert into STATION values (152, '.', 57, 246829.65, 5024247.18, 1470.47);
insert into STATION values (153, 'FT.16', 57, 246830.09, 5024250.52, 1471.59);
insert into STATION values (154, '.', 57, 246829.55, 5024249.39, 1471.63);
insert into STATION values (155, '.', 57, 246828.95, 5024250.30, 1471.95);
insert into STATION values (156, '.', 57, 246827.91, 5024251.89, 1472.28);
insert into STATION values (157, '.', 57, 246828.87, 5024252.94, 1472.25);
insert into STATION values (158, '.', 57, 246830.21, 5024252.29, 1471.77);
insert into STATION values (159, '.', 57, 246830.86, 5024252.28, 1471.77);
insert into STATION values (160, '.', 57, 246832.07, 5024252.20, 1471.67);
insert into STATION values (161, '.', 57, 246832.22, 5024251.41, 1471.83);
insert into STATION values (162, '.', 57, 246831.29, 5024250.03, 1471.66);
insert into STATION values (163, '.', 57, 246830.78, 5024249.58, 1471.57);
insert into STATION values (164, '.', 57, 246831.02, 5024250.98, 1470.52);
insert into STATION values (165, '.', 57, 246829.20, 5024251.81, 1477.61);
insert into STATION values (166, '.', 57, 246828.10, 5024253.26, 1473.08);
insert into STATION values (167, '.', 57, 246827.71, 5024254.06, 1474.20);
insert into STATION values (168, 'FT.17', 57, 246827.98, 5024253.76, 1474.85);
insert into STATION values (169, '.', 57, 246829.31, 5024254.62, 1474.72);
insert into STATION values (170, '.', 57, 246827.82, 5024253.70, 1473.64);
insert into STATION values (171, '.', 57, 246827.47, 5024252.44, 1475.14);
insert into STATION values (172, '.', 57, 246826.44, 5024256.67, 1475.75);
insert into STATION values (173, '.', 57, 246828.11, 5024255.72, 1475.11);
insert into STATION values (174, 'FT.18', 57, 246827.81, 5024255.04, 1476.26);
insert into STATION values (175, '.', 57, 246827.74, 5024256.70, 1476.21);
insert into STATION values (176, '.', 57, 246826.07, 5024256.06, 1476.11);
insert into STATION values (177, '.', 57, 246826.82, 5024254.61, 1476.09);
insert into STATION values (178, '.', 57, 246827.66, 5024255.01, 1474.54);
insert into STATION values (179, '.', 57, 246828.94, 5024255.59, 1475.08);
insert into STATION values (180, 'FT.19', 57, 246826.55, 5024256.76, 1486.47);
insert into STATION values (181, '.', 57, 246826.57, 5024257.37, 1486.45);
insert into STATION values (182, '.', 57, 246826.84, 5024256.99, 1486.47);
insert into STATION values (183, '.', 57, 246826.08, 5024256.38, 1486.46);
insert into STATION values (184, '.', 57, 246826.54, 5024255.99, 1486.63);
insert into STATION values (185, '.', 57, 246827.17, 5024256.46, 1486.51);
insert into STATION values (186, '.', 57, 246826.90, 5024256.20, 1486.49);
insert into STATION values (187, '.', 57, 246827.53, 5024255.78, 1484.25);
insert into STATION values (188, '.', 57, 246829.89, 5024250.64, 1471.33);
insert into STATION values (189, 'FT.20', 57, 246827.55, 5024255.63, 1488.30);
insert into STATION values (190, '.', 57, 246826.99, 5024255.22, 1488.29);
insert into STATION values (191, '.', 57, 246827.03, 5024255.59, 1488.32);
insert into STATION values (192, '.', 57, 246826.88, 5024255.78, 1488.29);
insert into STATION values (193, '.', 57, 246827.54, 5024255.73, 1486.73);
insert into STATION values (194, '.', 57, 246826.53, 5024257.55, 1488.10);
insert into STATION values (195, '.', 57, 246827.34, 5024255.73, 1489.40);
insert into STATION values (196, 'FT.21', 57, 246826.17, 5024255.96, 1490.73);
insert into STATION values (197, '.', 57, 246825.57, 5024256.42, 1490.78);
insert into STATION values (198, '.', 57, 246825.84, 5024256.99, 1490.67);
insert into STATION values (199, '.', 57, 246826.56, 5024256.59, 1490.64);
insert into STATION values (200, '.', 57, 246826.83, 5024255.61, 1490.62);
insert into STATION values (201, '.', 57, 246826.18, 5024255.99, 1490.93);
insert into STATION values (202, '.', 57, 246826.22, 5024255.90, 1489.40);
insert into STATION values (203, '.', 57, 246826.32, 5024254.67, 1490.35);
insert into STATION values (204, '.', 57, 246826.15, 5024254.57, 1489.61);
insert into STATION values (205, '.', 57, 246825.76, 5024254.16, 1487.70);
insert into STATION values (206, 'FT.22', 57, 246826.08, 5024253.19, 1490.41);
insert into STATION values (207, '.', 57, 246825.56, 5024255.08, 1490.41);
insert into STATION values (208, '.', 57, 246826.70, 5024254.37, 1490.29);
insert into STATION values (209, '.', 57, 246827.11, 5024253.48, 1490.27);
insert into STATION values (210, '.', 57, 246823.80, 5024255.26, 1490.08);
insert into STATION values (211, '.', 57, 246824.38, 5024254.75, 1488.75);
insert into STATION values (212, '.', 57, 246825.40, 5024254.50, 1487.88);
insert into STATION values (213, '.', 57, 246825.57, 5024254.25, 1495.85);
insert into STATION values (214, '.', 57, 246823.05, 5024254.33, 1496.12);
insert into STATION values (215, '.', 57, 246822.79, 5024254.47, 1492.88);
insert into STATION values (216, '.', 57, 246823.07, 5024254.78, 1491.82);
insert into STATION values (217, '.', 57, 246823.47, 5024255.03, 1490.48);
insert into STATION values (218, '.', 57, 246823.95, 5024255.31, 1490.21);
insert into STATION values (219, '.', 57, 246819.96, 5024258.45, 1493.88);
insert into STATION values (220, 'FT.23', 57, 246823.25, 5024254.37, 1498.89);
insert into STATION values (221, '.', 57, 246823.48, 5024253.64, 1498.77);
insert into STATION values (222, '.', 57, 246821.68, 5024252.31, 1498.93);
insert into STATION values (223, '.', 57, 246822.79, 5024254.20, 1498.90);
insert into STATION values (224, '.', 57, 246822.96, 5024255.27, 1498.79);
insert into STATION values (225, '.', 57, 246821.69, 5024255.65, 1498.66);
insert into STATION values (226, '.', 57, 246821.07, 5024254.73, 1498.63);
insert into STATION values (227, '.', 57, 246822.95, 5024254.86, 1488.58);
insert into STATION values (228, '.', 57, 246822.66, 5024254.68, 1497.45);
insert into STATION values (229, '.', 57, 246820.85, 5024254.77, 1500.15);
insert into STATION values (230, 'FT.24', 57, 246821.66, 5024255.49, 1499.41);
insert into STATION values (231, '.', 57, 246821.05, 5024254.68, 1499.36);
insert into STATION values (232, '.', 57, 246821.59, 5024254.22, 1499.18);
insert into STATION values (233, '.', 57, 246822.19, 5024253.98, 1499.16);
insert into STATION values (234, '.', 57, 246822.27, 5024255.77, 1499.43);
insert into STATION values (235, '.', 57, 246822.39, 5024255.13, 1499.47);
insert into STATION values (236, 'FT.25', 57, 246821.25, 5024255.24, 1506.01);
insert into STATION values (237, '.', 57, 246822.27, 5024256.31, 1486.24);
insert into STATION values (238, '.', 57, 246821.36, 5024255.25, 1506.05);
insert into STATION values (239, '.', 57, 246821.63, 5024253.91, 1505.89);
insert into STATION values (240, '.', 57, 246821.03, 5024255.08, 1506.06);
insert into STATION values (241, '.', 57, 246820.81, 5024255.77, 1505.76);
insert into STATION values (242, '.', 57, 246820.82, 5024258.50, 1493.88);
insert into STATION values (243, '.', 57, 246821.25, 5024255.38, 1505.26);
insert into STATION values (244, '.', 57, 246820.96, 5024258.37, 1494.11);
insert into STATION values (245, 'FT.26', 57, 246821.54, 5024252.93, 1507.68);
insert into STATION values (246, '.', 57, 246821.82, 5024253.26, 1507.61);
insert into STATION values (247, '.', 57, 246821.97, 5024253.24, 1506.38);
insert into STATION values (248, '.', 57, 246822.15, 5024252.81, 1507.57);
insert into STATION values (249, '.', 57, 246821.75, 5024253.13, 1509.34);
insert into STATION values (250, '.', 57, 246821.45, 5024252.98, 1506.65);
insert into STATION values (251, '.', 57, 246821.21, 5024254.12, 1507.22);
insert into STATION values (252, '.', 57, 246822.08, 5024253.10, 1507.63);
insert into STATION values (253, '.', 57, 246822.09, 5024253.09, 1507.63);
insert into STATION values (254, '.', 57, 246822.11, 5024253.06, 1507.64);
insert into STATION values (255, '.', 57, 246822.12, 5024253.08, 1507.64);
insert into STATION values (256, 'FT.27', 57, 246822.11, 5024253.05, 1507.64);
insert into STATION values (257, '.', 57, 246821.90, 5024252.81, 1507.54);
insert into STATION values (258, '.', 57, 246821.76, 5024252.72, 1506.75);
insert into STATION values (259, '.', 57, 246822.42, 5024253.34, 1506.49);
insert into STATION values (260, '.', 57, 246822.41, 5024252.44, 1507.12);
insert into STATION values (261, '.', 57, 246822.24, 5024252.18, 1507.75);
insert into STATION values (262, '.', 57, 246822.39, 5024251.63, 1507.29);
insert into STATION values (263, 'FT.28', 57, 246822.37, 5024251.56, 1507.27);
insert into STATION values (264, '.', 57, 246822.60, 5024250.12, 1506.92);
insert into STATION values (265, '.', 57, 246822.69, 5024251.71, 1507.20);
insert into STATION values (266, '.', 57, 246822.65, 5024251.66, 1505.77);
insert into STATION values (267, '.', 57, 246822.68, 5024251.75, 1507.90);
insert into STATION values (268, 'FT.29', 57, 246823.26, 5024250.47, 1506.83);
insert into STATION values (269, '.', 57, 246823.28, 5024250.48, 1505.63);
insert into STATION values (270, '.', 57, 246822.92, 5024250.04, 1506.82);
insert into STATION values (271, '.', 57, 246823.38, 5024250.08, 1506.78);
insert into STATION values (272, '.', 57, 246822.91, 5024250.54, 1506.80);
insert into STATION values (273, '.', 57, 246822.77, 5024250.18, 1509.90);
insert into STATION values (274, 'FT.30', 57, 246822.83, 5024249.54, 1509.61);
insert into STATION values (275, '.', 57, 246822.57, 5024249.61, 1509.61);
insert into STATION values (276, '.', 57, 246822.48, 5024249.56, 1512.43);
insert into STATION values (277, '.', 57, 246822.44, 5024249.57, 1507.85);
insert into STATION values (278, '.', 57, 246823.06, 5024249.62, 1510.34);
insert into STATION values (279, '.', 57, 246822.89, 5024249.88, 1510.62);
insert into STATION values (280, 'FT.31', 57, 246822.60, 5024248.43, 1511.30);
insert into STATION values (281, '.', 57, 246822.99, 5024248.28, 1511.32);
insert into STATION values (282, '.', 57, 246823.07, 5024248.23, 1510.68);
insert into STATION values (283, '.', 57, 246823.25, 5024248.05, 1512.21);
insert into STATION values (284, '.', 57, 246821.27, 5024247.38, 1511.48);
insert into STATION values (285, '.', 57, 246822.78, 5024249.82, 1511.08);
insert into STATION values (286, 'FT.32', 57, 246823.00, 5024248.30, 1511.56);
insert into STATION values (287, 'FT.33', 57, 246821.23, 5024247.32, 1516.21);
insert into STATION values (288, '.', 57, 246821.57, 5024247.45, 1516.28);
insert into STATION values (289, '.', 57, 246821.56, 5024248.05, 1516.09);
insert into STATION values (290, '.', 57, 246820.94, 5024247.67, 1516.14);
insert into STATION values (291, '.', 57, 246822.14, 5024247.81, 1512.97);
insert into STATION values (292, '.', 57, 246822.49, 5024247.20, 1512.48);
insert into STATION values (293, '.', 57, 246821.20, 5024247.57, 1515.09);
insert into STATION values (294, '.', 57, 246819.95, 5024247.27, 1515.03);
insert into STATION values (295, 'FT.34', 57, 246819.96, 5024246.87, 1515.55);
insert into STATION values (296, '.', 57, 246820.32, 5024246.54, 1515.46);
insert into STATION values (297, '.', 57, 246819.65, 5024246.56, 1513.57);
insert into STATION values (298, '.', 57, 246819.77, 5024246.21, 1515.46);
insert into STATION values (299, '.', 57, 246820.78, 5024247.37, 1515.35);
insert into STATION values (300, '.', 57, 246820.01, 5024246.54, 1516.58);
insert into STATION values (301, 'FT.35', 57, 246819.99, 5024245.15, 1514.32);
insert into STATION values (302, '.', 57, 246819.84, 5024245.39, 1514.30);
insert into STATION values (303, '.', 57, 246819.69, 5024245.30, 1513.12);
insert into STATION values (304, '.', 57, 246819.88, 5024245.02, 1515.29);
insert into STATION values (305, '.', 57, 246820.22, 5024245.36, 1514.50);
insert into STATION values (306, 'FT.36', 57, 246818.55, 5024244.91, 1514.33);
insert into STATION values (307, '.', 57, 246818.67, 5024245.02, 1512.81);
insert into STATION values (308, '.', 57, 246818.66, 5024245.25, 1514.32);
insert into STATION values (309, '.', 57, 246818.77, 5024244.61, 1514.26);
insert into STATION values (310, '.', 57, 246819.34, 5024244.88, 1514.22);
insert into STATION values (311, '.', 57, 246820.11, 5024245.11, 1514.27);
insert into STATION values (312, '.', 57, 246819.11, 5024244.63, 1517.72);
insert into STATION values (313, 'FT.37', 57, 246818.61, 5024244.13, 1516.21);
insert into STATION values (314, '.', 57, 246818.30, 5024244.49, 1516.24);
insert into STATION values (315, '.', 57, 246818.83, 5024244.96, 1516.18);
insert into STATION values (316, '.', 57, 246819.49, 5024245.06, 1516.17);
insert into STATION values (317, '.', 57, 246818.63, 5024244.50, 1519.17);
insert into STATION values (318, '.', 57, 246817.74, 5024243.67, 1516.35);
insert into STATION values (319, '.', 57, 246817.45, 5024244.07, 1516.28);
insert into STATION values (320, '.', 57, 246817.41, 5024244.43, 1517.72);
insert into STATION values (321, '.', 57, 246815.01, 5024243.39, 1525.00);
insert into STATION values (322, '.', 57, 246815.49, 5024243.62, 1519.12);
insert into STATION values (323, 'FT.38', 57, 246815.50, 5024243.91, 1517.14);
insert into STATION values (324, '.', 57, 246816.92, 5024243.40, 1516.70);
insert into STATION values (325, '.', 57, 246817.62, 5024244.08, 1516.90);
insert into STATION values (326, '.', 57, 246817.06, 5024244.79, 1516.87);
insert into STATION values (327, '.', 57, 246816.49, 5024245.99, 1516.84);
insert into STATION values (328, '.', 57, 246815.25, 5024246.59, 1516.96);
insert into STATION values (329, '.', 57, 246814.20, 5024246.76, 1517.16);
insert into STATION values (330, '.', 57, 246815.74, 5024245.61, 1521.14);
insert into STATION values (331, '.', 57, 246812.99, 5024247.68, 1524.96);
insert into STATION values (332, '.', 57, 246817.10, 5024244.46, 1520.77);
insert into STATION values (333, 'FT.39', 57, 246814.38, 5024243.78, 1527.61);
insert into STATION values (334, '.', 57, 246815.07, 5024243.87, 1527.61);
insert into STATION values (335, '.', 57, 246815.33, 5024243.36, 1527.65);
insert into STATION values (336, '.', 57, 246816.25, 5024240.98, 1527.74);
insert into STATION values (337, '.', 57, 246814.98, 5024244.96, 1527.47);
insert into STATION values (338, '.', 57, 246813.91, 5024245.54, 1527.82);
insert into STATION values (339, '.', 57, 246814.28, 5024245.77, 1515.93);
insert into STATION values (340, '.', 57, 246812.23, 5024246.75, 1520.06);
insert into STATION values (341, '.', 57, 246811.01, 5024248.30, 1522.28);
insert into STATION values (342, '.', 57, 246811.33, 5024248.40, 1525.66);
insert into STATION values (343, '.', 57, 246814.52, 5024243.75, 1528.82);
insert into STATION values (344, 'FT.40', 57, 246814.75, 5024243.08, 1529.47);
insert into STATION values (345, '.', 57, 246814.53, 5024242.85, 1529.44);
insert into STATION values (346, '.', 57, 246815.09, 5024241.52, 1528.71);
insert into STATION values (347, '.', 57, 246814.76, 5024242.58, 1529.90);
insert into STATION values (348, '.', 57, 246814.74, 5024242.52, 1530.32);
insert into STATION values (349, '.', 57, 246815.18, 5024242.83, 1530.55);
insert into STATION values (350, '.', 57, 246814.86, 5024242.57, 1530.38);
insert into STATION values (351, 'FT.41', 57, 246814.84, 5024242.57, 1530.38);
insert into STATION values (352, '.', 57, 246815.05, 5024242.60, 1530.40);
insert into STATION values (353, '.', 57, 246815.28, 5024242.02, 1530.31);
insert into STATION values (354, '.', 57, 246815.17, 5024241.86, 1530.26);
insert into STATION values (355, '.', 57, 246814.75, 5024242.37, 1529.57);
insert into STATION values (356, '.', 57, 246815.02, 5024242.25, 1531.20);
insert into STATION values (357, '.', 57, 246814.78, 5024243.10, 1530.03);
insert into STATION values (358, 'FT.42', 57, 246816.10, 5024240.83, 1532.82);
insert into STATION values (359, '.', 57, 246816.33, 5024240.97, 1532.82);
insert into STATION values (360, '.', 57, 246816.44, 5024240.99, 1531.64);
insert into STATION values (361, '.', 57, 246816.20, 5024240.98, 1533.25);
insert into STATION values (362, '.', 57, 246816.73, 5024240.47, 1532.71);
insert into STATION values (363, '.', 57, 246816.24, 5024241.20, 1532.62);
insert into STATION values (364, '.', 57, 246817.22, 5024239.17, 1532.98);
insert into STATION values (365, 'FT.43', 57, 246817.52, 5024238.71, 1533.02);
insert into STATION values (366, '.', 57, 246817.24, 5024238.90, 1533.00);
insert into STATION values (367, '.', 57, 246817.29, 5024238.84, 1532.40);
insert into STATION values (368, '.', 57, 246817.30, 5024238.85, 1533.46);
insert into STATION values (369, '.', 57, 246817.15, 5024238.60, 1532.99);
insert into STATION values (370, '.', 57, 246817.73, 5024239.09, 1532.97);
insert into STATION values (371, 'FT.44', 57, 246817.08, 5024238.54, 1533.06);
insert into STATION values (372, '.', 57, 246817.43, 5024238.43, 1533.05);
insert into STATION values (373, '.', 57, 246817.15, 5024238.18, 1532.99);
insert into STATION values (374, '.', 57, 246817.42, 5024238.32, 1533.81);
insert into STATION values (375, 'FT.45', 57, 246818.46, 5024236.10, 1533.34);
insert into STATION values (376, '.', 57, 246817.89, 5024236.09, 1533.33);
insert into STATION values (377, '.', 57, 246816.53, 5024237.74, 1533.66);
insert into STATION values (378, '.', 57, 246817.50, 5024238.32, 1533.77);
insert into STATION values (379, '.', 57, 246818.90, 5024236.79, 1533.37);
insert into STATION values (380, '.', 57, 246818.86, 5024236.58, 1530.43);
insert into STATION values (381, '.', 57, 246817.95, 5024236.75, 1538.44);
insert into STATION values (382, 'FT.46', 57, 246819.71, 5024236.32, 1533.56);
insert into STATION values (383, '.', 57, 246819.21, 5024235.86, 1533.41);
insert into STATION values (384, '.', 57, 246820.08, 5024235.03, 1533.49);
insert into STATION values (385, '.', 57, 246819.60, 5024235.71, 1530.67);
insert into STATION values (386, '.', 57, 246819.68, 5024236.01, 1534.17);
insert into STATION values (387, 'FT.47', 57, 246818.26, 5024232.76, 1535.92);
insert into STATION values (388, '.', 57, 246818.98, 5024235.53, 1530.79);
insert into STATION values (389, '.', 57, 246818.75, 5024233.76, 1532.45);
insert into STATION values (390, '.', 57, 246818.46, 5024232.98, 1534.17);
insert into STATION values (391, '.', 57, 246819.14, 5024232.17, 1534.07);
insert into STATION values (392, '.', 57, 246819.51, 5024231.85, 1535.08);
insert into STATION values (393, '.', 57, 246819.59, 5024231.84, 1535.59);
insert into STATION values (394, '.', 57, 246821.47, 5024230.46, 1535.98);
insert into STATION values (395, '.', 57, 246819.15, 5024236.02, 1535.77);
insert into STATION values (396, '.', 57, 246819.28, 5024234.35, 1535.86);
insert into STATION values (397, '.', 57, 246819.21, 5024233.45, 1535.88);
insert into STATION values (398, '.', 57, 246819.06, 5024232.95, 1535.91);
insert into STATION values (399, '.', 57, 246819.28, 5024232.56, 1535.88);
insert into STATION values (400, '.', 57, 246818.67, 5024233.59, 1540.08);
insert into STATION values (401, 'FT.48', 57, 246821.15, 5024230.71, 1535.41);
insert into STATION values (402, '.', 57, 246821.50, 5024232.19, 1535.33);
insert into STATION values (403, '.', 57, 246820.79, 5024232.91, 1535.30);
insert into STATION values (404, '.', 57, 246820.26, 5024232.13, 1535.22);
insert into STATION values (405, '.', 57, 246819.63, 5024231.40, 1535.10);
insert into STATION values (406, '.', 57, 246818.17, 5024230.30, 1535.71);
insert into STATION values (407, '.', 57, 246818.96, 5024229.77, 1535.73);
insert into STATION values (408, '.', 57, 246819.92, 5024229.72, 1535.54);
insert into STATION values (409, '.', 57, 246820.74, 5024229.79, 1535.63);
insert into STATION values (410, '.', 57, 246820.06, 5024229.91, 1535.49);
insert into STATION values (411, '.', 57, 246820.27, 5024229.84, 1548.70);
insert into STATION values (412, '.', 57, 246820.85, 5024232.18, 1533.19);
insert into STATION values (413, '.', 57, 246821.05, 5024230.72, 1533.81);
insert into STATION values (414, '.', 57, 246818.37, 5024233.20, 1536.54);
insert into STATION values (415, '.', 57, 246818.67, 5024232.94, 1537.99);
insert into STATION values (416, '.', 57, 246818.24, 5024233.39, 1540.64);
insert into STATION values (417, '.', 57, 246820.84, 5024231.08, 1540.67);
insert into STATION values (418, '.', 57, 246819.39, 5024230.89, 1547.27);
insert into STATION values (419, '.', 57, 246818.42, 5024231.23, 1546.08);
insert into STATION values (420, '.', 57, 246817.81, 5024230.52, 1544.56);
insert into STATION values (421, '.', 57, 246818.66, 5024229.48, 1543.60);
insert into STATION values (422, '.', 57, 246819.75, 5024229.24, 1544.55);
insert into STATION values (423, '.', 57, 246820.54, 5024229.59, 1551.29);
insert into STATION values (424, '.', 57, 246818.94, 5024229.96, 1550.51);
insert into STATION values (425, '.', 57, 246817.96, 5024230.11, 1547.61);
insert into STATION values (426, '.', 57, 246817.44, 5024230.73, 1547.70);
insert into STATION values (427, 'FT.49', 57, 246817.72, 5024230.47, 1549.05);
insert into STATION values (428, '.', 57, 246817.67, 5024230.93, 1549.06);
insert into STATION values (429, '.', 57, 246818.10, 5024230.98, 1549.09);
insert into STATION values (430, '.', 57, 246818.29, 5024229.94, 1549.02);
insert into STATION values (431, '.', 57, 246819.85, 5024229.39, 1548.77);
insert into STATION values (432, '.', 57, 246817.99, 5024230.40, 1549.02);
insert into STATION values (433, '.', 57, 246818.83, 5024230.69, 1548.96);
insert into STATION values (434, 'FT.50', 57, 246818.39, 5024230.14, 1554.51);
insert into STATION values (435, '.', 57, 246818.14, 5024229.82, 1554.44);
insert into STATION values (436, '.', 57, 246818.41, 5024230.01, 1552.70);
insert into STATION values (437, '.', 57, 246816.70, 5024231.13, 1554.02);
insert into STATION values (438, '.', 57, 246818.37, 5024230.29, 1554.52);
insert into STATION values (439, '.', 57, 246818.96, 5024229.91, 1534.96);
insert into STATION values (440, '.', 57, 246818.26, 5024230.02, 1556.75);
insert into STATION values (441, 'FT.51', 57, 246820.75, 5024229.52, 1554.44);
insert into STATION values (442, '.', 57, 246819.83, 5024230.67, 1554.47);
insert into STATION values (443, '.', 57, 246820.21, 5024228.94, 1554.24);
insert into STATION values (444, '.', 57, 246820.50, 5024229.38, 1553.77);
insert into STATION values (445, '.', 57, 246819.80, 5024228.91, 1554.18);
insert into STATION values (446, '.', 57, 246820.07, 5024229.28, 1555.44);
insert into STATION values (447, '.', 57, 246818.81, 5024229.04, 1555.19);
insert into STATION values (448, '.', 57, 246817.32, 5024229.92, 1556.64);
insert into STATION values (449, 'FT.52', 57, 246821.55, 5024227.98, 1554.55);
insert into STATION values (450, '.', 57, 246821.84, 5024228.24, 1554.58);
insert into STATION values (451, '.', 57, 246821.62, 5024228.10, 1554.16);
insert into STATION values (452, '.', 57, 246821.92, 5024228.00, 1555.42);
insert into STATION values (453, 'FT.53', 57, 246822.64, 5024227.19, 1554.38);
insert into STATION values (454, '.', 57, 246822.45, 5024226.96, 1554.35);
insert into STATION values (455, '.', 57, 246822.60, 5024227.34, 1553.59);
insert into STATION values (456, '.', 57, 246822.47, 5024226.93, 1555.11);
insert into STATION values (457, 'FT.54', 57, 246824.01, 5024225.57, 1552.13);
insert into STATION values (458, '.', 57, 246823.86, 5024226.73, 1551.97);
insert into STATION values (459, '.', 57, 246823.24, 5024226.96, 1551.94);
insert into STATION values (460, '.', 57, 246823.11, 5024225.68, 1551.95);
insert into STATION values (461, '.', 57, 246822.87, 5024225.92, 1551.90);
insert into STATION values (462, '.', 57, 246823.87, 5024226.49, 1551.01);
insert into STATION values (463, '.', 57, 246824.28, 5024226.13, 1554.37);
insert into STATION values (464, 'FT.55', 57, 246824.55, 5024226.85, 1552.29);
insert into STATION values (465, '.', 57, 246823.13, 5024225.51, 1551.97);
insert into STATION values (466, '.', 57, 246824.43, 5024225.80, 1552.13);
insert into STATION values (467, '.', 57, 246825.24, 5024225.56, 1552.07);
insert into STATION values (468, '.', 57, 246824.67, 5024226.38, 1550.57);
insert into STATION values (469, '.', 57, 246826.03, 5024226.62, 1551.80);
insert into STATION values (470, '.', 57, 246825.71, 5024225.42, 1551.87);
insert into STATION values (471, 'FT.56', 57, 246826.60, 5024225.06, 1551.01);
insert into STATION values (472, '.', 57, 246826.35, 5024224.76, 1550.92);
insert into STATION values (473, '.', 57, 246826.53, 5024225.14, 1549.44);
insert into STATION values (474, '.', 57, 246826.08, 5024225.72, 1549.83);
insert into STATION values (475, '.', 57, 246828.69, 5024224.26, 1545.59);
insert into STATION values (476, '.', 57, 246830.82, 5024223.47, 1545.28);
insert into STATION values (477, '.', 57, 246831.29, 5024222.64, 1549.34);
insert into STATION values (478, '.', 57, 246827.14, 5024225.52, 1549.89);
insert into STATION values (479, '.', 57, 246826.60, 5024224.71, 1551.73);
insert into STATION values (480, 'FT.57', 57, 246831.42, 5024223.18, 1546.68);
insert into STATION values (481, '.', 57, 246829.33, 5024222.57, 1547.65);
insert into STATION values (482, '.', 57, 246827.29, 5024224.24, 1547.95);
insert into STATION values (483, '.', 57, 246828.97, 5024225.33, 1547.28);
insert into STATION values (484, '.', 57, 246830.31, 5024225.74, 1547.31);
insert into STATION values (485, '.', 57, 246831.67, 5024224.90, 1546.71);
insert into STATION values (486, '.', 57, 246831.56, 5024223.27, 1545.53);
insert into STATION values (487, '.', 57, 246827.52, 5024224.75, 1559.64);
insert into STATION values (488, '.', 57, 246830.76, 5024223.17, 1550.93);
insert into STATION values (489, '.', 57, 246826.81, 5024224.20, 1552.86);
insert into STATION values (490, 'FT.58', 57, 246830.53, 5024219.88, 1548.33);
insert into STATION values (491, '.', 57, 246830.02, 5024221.09, 1548.10);
insert into STATION values (492, '.', 57, 246831.35, 5024221.65, 1547.99);
insert into STATION values (493, '.', 57, 246831.85, 5024219.48, 1548.09);
insert into STATION values (494, '.', 57, 246831.91, 5024220.23, 1548.18);
insert into STATION values (495, '.', 57, 246830.95, 5024218.70, 1548.07);
insert into STATION values (496, '.', 57, 246831.11, 5024220.25, 1551.35);
insert into STATION values (497, '.', 57, 246830.92, 5024221.16, 1550.35);
insert into STATION values (498, 'FT.59', 57, 246831.36, 5024220.05, 1549.47);
insert into STATION values (499, '.', 57, 246831.88, 5024221.29, 1545.36);
insert into STATION values (500, '.', 57, 246832.00, 5024220.13, 1545.80);
insert into STATION values (501, '.', 57, 246831.41, 5024221.42, 1549.65);
insert into STATION values (502, '.', 57, 246830.44, 5024221.16, 1549.54);
insert into STATION values (503, '.', 57, 246831.25, 5024220.19, 1552.05);
insert into STATION values (504, '.', 57, 246830.24, 5024217.08, 1558.23);
insert into STATION values (505, '.', 57, 246830.89, 5024219.12, 1554.80);
insert into STATION values (506, '.', 57, 246830.62, 5024218.27, 1550.20);
insert into STATION values (507, '.', 57, 246830.43, 5024218.25, 1551.13);
insert into STATION values (508, 'FT.60', 57, 246829.32, 5024215.84, 1559.93);
insert into STATION values (509, '.', 57, 246829.05, 5024216.58, 1554.17);
insert into STATION values (510, '.', 57, 246830.23, 5024215.65, 1559.63);
insert into STATION values (511, '.', 57, 246829.67, 5024216.98, 1560.22);
insert into STATION values (512, '.', 57, 246829.83, 5024215.85, 1563.00);
insert into STATION values (513, '.', 57, 246830.52, 5024211.31, 1573.60);
insert into STATION values (514, 'FT.61', 57, 246830.39, 5024212.90, 1569.14);
insert into STATION values (515, '.', 57, 246830.49, 5024211.70, 1569.25);
insert into STATION values (516, '.', 57, 246830.00, 5024209.93, 1569.37);
insert into STATION values (517, '.', 57, 246829.35, 5024211.46, 1569.13);
insert into STATION values (518, '.', 57, 246828.85, 5024212.07, 1569.11);
insert into STATION values (519, '.', 57, 246827.21, 5024212.67, 1569.10);
insert into STATION values (520, '.', 57, 246826.49, 5024213.87, 1569.00);
insert into STATION values (521, '.', 57, 246827.70, 5024214.79, 1569.25);
insert into STATION values (522, '.', 57, 246829.20, 5024214.96, 1569.27);
insert into STATION values (523, '.', 57, 246830.58, 5024213.92, 1569.01);
insert into STATION values (524, '.', 57, 246829.54, 5024213.50, 1561.98);
insert into STATION values (525, '.', 57, 246829.93, 5024212.67, 1560.69);
insert into STATION values (526, '.', 57, 246828.02, 5024213.50, 1561.16);
insert into STATION values (527, '.', 57, 246827.44, 5024215.08, 1561.24);
insert into STATION values (528, '.', 57, 246826.98, 5024215.01, 1560.59);
insert into STATION values (529, '.', 57, 246827.08, 5024215.56, 1559.57);
insert into STATION values (530, '.', 57, 246828.95, 5024215.68, 1561.08);
insert into STATION values (531, '.', 57, 246829.57, 5024218.12, 1553.28);
insert into STATION values (532, '.', 57, 246827.76, 5024213.48, 1574.82);
insert into STATION values (533, '.', 57, 246829.10, 5024214.69, 1575.72);
insert into STATION values (534, '.', 57, 246830.51, 5024213.19, 1571.89);
insert into STATION values (535, '.', 57, 246828.49, 5024211.57, 1573.37);
insert into STATION values (536, '.', 57, 246827.95, 5024212.00, 1573.59);
insert into STATION values (537, 'FT.63', 57, 246830.15, 5024212.85, 1579.48);
insert into STATION values (538, '.', 57, 246830.75, 5024213.79, 1579.77);
insert into STATION values (539, '.', 57, 246829.86, 5024214.03, 1579.47);
insert into STATION values (540, '.', 57, 246829.55, 5024211.71, 1579.44);
insert into STATION values (541, '.', 57, 246828.64, 5024212.14, 1579.32);
insert into STATION values (542, '.', 57, 246827.75, 5024212.83, 1579.52);
insert into STATION values (543, '.', 57, 246827.18, 5024213.61, 1579.58);
insert into STATION values (544, '.', 57, 246827.51, 5024212.26, 1577.19);
insert into STATION values (545, '.', 57, 246827.28, 5024213.83, 1576.71);
insert into STATION values (546, 'FT.64', 57, 246832.14, 5024213.45, 1582.17);
insert into STATION values (547, '.', 57, 246833.25, 5024212.40, 1582.36);
insert into STATION values (548, '.', 57, 246831.99, 5024212.30, 1582.08);
insert into STATION values (549, '.', 57, 246831.17, 5024212.28, 1582.03);
insert into STATION values (550, '.', 57, 246830.77, 5024213.77, 1581.89);
insert into STATION values (551, '.', 57, 246827.17, 5024212.15, 1581.14);
insert into STATION values (552, '.', 57, 246829.33, 5024213.15, 1581.52);
insert into STATION values (553, '.', 57, 246829.93, 5024212.46, 1581.66);
insert into STATION values (554, '.', 57, 246831.84, 5024213.99, 1579.81);
insert into STATION values (555, 'FT.65', 57, 246832.33, 5024212.07, 1588.28);
insert into STATION values (556, '.', 57, 246829.30, 5024211.71, 1588.27);
insert into STATION values (557, '.', 57, 246828.58, 5024213.00, 1588.39);
insert into STATION values (558, '.', 57, 246830.00, 5024213.22, 1588.30);
insert into STATION values (559, '.', 57, 246831.31, 5024213.22, 1588.44);
insert into STATION values (560, '.', 57, 246831.97, 5024213.74, 1588.38);
insert into STATION values (561, '.', 57, 246833.16, 5024212.35, 1588.24);
insert into STATION values (562, 'FT.66', 57, 246833.06, 5024212.37, 1588.85);
insert into STATION values (563, 'FT.67', 57, 246833.41, 5024212.37, 1589.12);
insert into STATION values (564, 'frb.0', 61, 246831.42, 5024223.18, 1546.68);
insert into STATION values (565, '.', 61, 246831.05, 5024223.12, 1550.57);
insert into STATION values (566, '.', 61, 246826.81, 5024224.46, 1551.47);
insert into STATION values (567, '.', 61, 246827.45, 5024224.67, 1547.48);
insert into STATION values (568, '.', 61, 246829.74, 5024225.30, 1546.53);
insert into STATION values (569, '.', 61, 246830.30, 5024222.56, 1546.44);
insert into STATION values (570, '.', 61, 246829.94, 5024224.56, 1545.43);
insert into STATION values (571, '.', 61, 246830.31, 5024225.99, 1546.86);
insert into STATION values (572, '.', 61, 246830.70, 5024225.56, 1548.45);
insert into STATION values (573, '.', 61, 246828.13, 5024225.78, 1558.39);
insert into STATION values (574, 'frb.1', 61, 246830.65, 5024220.89, 1545.67);
insert into STATION values (575, '.', 61, 246829.72, 5024220.20, 1546.33);
insert into STATION values (576, '.', 61, 246831.65, 5024218.76, 1546.69);
insert into STATION values (577, '.', 61, 246832.27, 5024220.12, 1546.11);
insert into STATION values (578, '.', 61, 246832.99, 5024221.24, 1545.68);
insert into STATION values (579, '.', 61, 246831.34, 5024220.67, 1550.78);
insert into STATION values (580, '.', 61, 246830.25, 5024220.38, 1549.62);
insert into STATION values (581, 'frb.2', 61, 246831.92, 5024219.50, 1548.07);
insert into STATION values (582, '.', 61, 246829.80, 5024220.93, 1549.08);
insert into STATION values (583, '.', 61, 246830.90, 5024221.77, 1548.78);
insert into STATION values (584, '.', 61, 246831.74, 5024221.24, 1549.14);
insert into STATION values (585, '.', 61, 246830.95, 5024220.91, 1550.71);
insert into STATION values (586, '.', 61, 246829.81, 5024218.27, 1548.94);
insert into STATION values (587, '.', 61, 246830.52, 5024219.48, 1548.55);
insert into STATION values (588, '.', 61, 246830.51, 5024218.25, 1548.67);
insert into STATION values (589, '.', 61, 246831.42, 5024218.77, 1548.28);
insert into STATION values (590, 'frb.3', 61, 246829.75, 5024217.80, 1551.05);
insert into STATION values (591, '.', 61, 246830.15, 5024217.64, 1551.04);
insert into STATION values (592, '.', 61, 246830.41, 5024217.92, 1550.93);
insert into STATION values (593, '.', 61, 246830.02, 5024218.46, 1551.10);
insert into STATION values (594, '.', 61, 246830.47, 5024218.64, 1551.07);
insert into STATION values (595, '.', 61, 246831.44, 5024219.37, 1551.08);
insert into STATION values (596, '.', 61, 246831.22, 5024218.47, 1551.08);
insert into STATION values (597, '.', 61, 246829.81, 5024217.39, 1559.30);
insert into STATION values (598, '.', 61, 246830.69, 5024218.90, 1555.43);
insert into STATION values (599, '.', 61, 246831.21, 5024219.37, 1553.55);
insert into STATION values (600, '.', 61, 246830.99, 5024218.49, 1546.37);
insert into STATION values (601, '.', 61, 246830.47, 5024216.66, 1552.09);
insert into STATION values (602, '.', 61, 246830.69, 5024216.05, 1552.76);
insert into STATION values (603, '.', 61, 246829.94, 5024214.94, 1553.31);
insert into STATION values (604, '.', 61, 246829.56, 5024215.29, 1553.09);
insert into STATION values (605, '.', 61, 246828.70, 5024215.28, 1553.30);
insert into STATION values (606, '.', 61, 246829.54, 5024216.24, 1552.06);
insert into STATION values (607, '.', 61, 246829.63, 5024216.90, 1551.46);
insert into STATION values (608, '.', 61, 246829.69, 5024217.50, 1551.05);
insert into STATION values (609, 'frb.4', 61, 246829.84, 5024215.91, 1554.87);
insert into STATION values (610, '.', 61, 246829.05, 5024216.56, 1554.74);
insert into STATION values (611, '.', 61, 246829.55, 5024217.61, 1554.63);
insert into STATION values (612, '.', 61, 246830.09, 5024218.11, 1554.60);
insert into STATION values (613, '.', 61, 246830.71, 5024218.70, 1554.56);
insert into STATION values (614, '.', 61, 246831.31, 5024218.85, 1554.58);
insert into STATION values (615, '.', 61, 246830.70, 5024217.24, 1554.73);
insert into STATION values (616, '.', 61, 246829.42, 5024215.18, 1554.74);
insert into STATION values (617, '.', 61, 246829.29, 5024215.41, 1554.81);
insert into STATION values (618, '.', 61, 246828.43, 5024215.28, 1554.78);
insert into STATION values (619, '.', 61, 246830.04, 5024216.03, 1552.36);
insert into STATION values (620, '.', 61, 246829.79, 5024218.39, 1548.42);
insert into STATION values (621, '.', 61, 246829.72, 5024216.87, 1560.61);
insert into STATION values (622, '.', 61, 246827.88, 5024212.47, 1586.20);
insert into STATION values (623, 'frb.5', 61, 246827.73, 5024215.79, 1555.32);
insert into STATION values (624, '.', 61, 246827.94, 5024216.61, 1555.40);
insert into STATION values (625, '.', 61, 246828.44, 5024216.15, 1555.38);
insert into STATION values (626, '.', 61, 246826.97, 5024216.18, 1555.30);
insert into STATION values (627, '.', 61, 246827.69, 5024216.11, 1554.80);
insert into STATION values (628, '.', 61, 246827.83, 5024215.38, 1565.80);
insert into STATION values (629, 'frb.6', 61, 246829.32, 5024215.84, 1559.93);
insert into STATION values (630, '.', 61, 246829.56, 5024217.21, 1559.96);
insert into STATION values (631, '.', 61, 246829.66, 5024216.20, 1559.86);
insert into STATION values (632, '.', 61, 246829.99, 5024215.77, 1559.85);
insert into STATION values (633, '.', 61, 246830.95, 5024214.38, 1560.02);
insert into STATION values (634, '.', 61, 246830.28, 5024211.50, 1560.28);
insert into STATION values (635, '.', 61, 246828.39, 5024213.57, 1559.86);
insert into STATION values (636, '.', 61, 246827.14, 5024214.54, 1559.93);
insert into STATION values (637, '.', 61, 246827.19, 5024216.28, 1560.29);
insert into STATION values (638, '.', 61, 246828.85, 5024215.97, 1552.76);
insert into STATION values (639, '.', 61, 246827.02, 5024216.29, 1555.26);
insert into STATION values (640, '.', 61, 246827.24, 5024215.43, 1557.05);
insert into STATION values (641, '.', 61, 246829.08, 5024215.34, 1558.00);
insert into STATION values (642, 'frb.7', 61, 246829.84, 5024212.05, 1563.38);
insert into STATION values (643, '.', 61, 246826.84, 5024214.08, 1563.40);
insert into STATION values (644, '.', 61, 246827.33, 5024216.05, 1563.12);
insert into STATION values (645, '.', 61, 246827.92, 5024216.40, 1563.03);
insert into STATION values (646, '.', 61, 246829.21, 5024215.81, 1563.42);
insert into STATION values (647, '.', 61, 246830.56, 5024210.56, 1564.80);
insert into STATION values (648, '.', 61, 246828.96, 5024211.31, 1564.74);
insert into STATION values (649, '.', 61, 246828.90, 5024211.92, 1564.24);
insert into STATION values (650, '.', 61, 246831.13, 5024212.35, 1564.43);
insert into STATION values (651, '.', 61, 246830.93, 5024211.38, 1564.33);
insert into STATION values (652, 'frb.8', 61, 246829.89, 5024214.24, 1568.73);
insert into STATION values (653, '.', 61, 246830.30, 5024213.11, 1568.77);
insert into STATION values (654, '.', 61, 246830.01, 5024209.88, 1568.61);
insert into STATION values (655, '.', 61, 246828.93, 5024212.03, 1568.60);
insert into STATION values (656, '.', 61, 246827.72, 5024212.17, 1568.72);
insert into STATION values (657, '.', 61, 246828.58, 5024214.86, 1568.58);
insert into STATION values (658, '.', 61, 246826.58, 5024214.34, 1568.50);
insert into STATION values (659, '.', 61, 246826.45, 5024213.39, 1568.51);
insert into STATION values (660, '.', 61, 246830.47, 5024208.88, 1572.74);
insert into STATION values (661, '.', 61, 246830.34, 5024209.97, 1570.08);
insert into STATION values (662, '.', 61, 246830.14, 5024209.92, 1568.19);
insert into STATION values (663, '.', 61, 246830.19, 5024210.35, 1567.24);
insert into STATION values (664, '.', 61, 246829.82, 5024210.72, 1565.61);
insert into STATION values (665, '.', 61, 246827.92, 5024212.13, 1583.42);
insert into STATION values (666, '.', 61, 246826.73, 5024212.98, 1582.57);
insert into STATION values (667, '.', 61, 246827.06, 5024212.59, 1577.50);
insert into STATION values (668, '.', 61, 246827.36, 5024212.41, 1574.50);
insert into STATION values (669, 'frb.9', 61, 246830.16, 5024212.81, 1569.15);
insert into STATION values (670, 'frb.10', 61, 246830.26, 5024213.29, 1571.85);
insert into STATION values (671, '.', 61, 246829.10, 5024211.52, 1571.66);
insert into STATION values (672, '.', 61, 246830.17, 5024212.34, 1571.70);
insert into STATION values (673, '.', 61, 246829.89, 5024212.14, 1571.67);
insert into STATION values (674, '.', 61, 246828.27, 5024211.91, 1571.45);
insert into STATION values (675, '.', 61, 246827.94, 5024214.09, 1571.85);
insert into STATION values (676, '.', 61, 246826.45, 5024213.46, 1571.77);
insert into STATION values (677, 'frb.11', 61, 246829.38, 5024213.57, 1578.10);
insert into STATION values (678, '.', 61, 246827.43, 5024214.41, 1578.19);
insert into STATION values (679, '.', 61, 246826.76, 5024213.70, 1578.24);
insert into STATION values (680, '.', 61, 246826.99, 5024212.31, 1578.11);
insert into STATION values (681, '.', 61, 246828.52, 5024211.73, 1577.92);
insert into STATION values (682, '.', 61, 246829.37, 5024211.91, 1578.03);
insert into STATION values (683, '.', 61, 246826.82, 5024211.83, 1582.05);
insert into STATION values (684, '.', 61, 246827.72, 5024212.21, 1583.41);
insert into STATION values (685, 'frb.12', 61, 246830.12, 5024212.50, 1578.18);
insert into STATION values (686, '.', 61, 246830.77, 5024213.05, 1578.28);
insert into STATION values (687, '.', 61, 246830.36, 5024213.68, 1578.32);
insert into STATION values (688, '.', 61, 246829.71, 5024213.64, 1578.42);
insert into STATION values (689, '.', 61, 246829.56, 5024213.34, 1581.00);
insert into STATION values (690, '.', 61, 246829.55, 5024213.66, 1583.35);
insert into STATION values (691, '.', 61, 246830.54, 5024213.50, 1580.93);
insert into STATION values (692, '.', 61, 246830.82, 5024212.76, 1579.56);
insert into STATION values (693, '.', 61, 246831.79, 5024214.16, 1580.30);
insert into STATION values (694, '.', 61, 246832.09, 5024213.84, 1580.18);
insert into STATION values (695, 'frb.13', 61, 246831.57, 5024213.91, 1582.31);
insert into STATION values (696, 'frb.14', 61, 246832.14, 5024213.45, 1582.17);
insert into STATION values (697, '.', 61, 246833.03, 5024212.54, 1582.18);
insert into STATION values (698, '.', 61, 246832.57, 5024212.24, 1582.15);
insert into STATION values (699, '.', 61, 246832.02, 5024212.04, 1582.11);
insert into STATION values (700, '.', 61, 246831.35, 5024212.12, 1582.03);
insert into STATION values (701, '.', 61, 246830.38, 5024212.22, 1582.12);
insert into STATION values (702, '.', 61, 246830.83, 5024213.23, 1582.13);
insert into STATION values (703, '.', 61, 246830.85, 5024213.83, 1582.03);
insert into STATION values (704, 'frb.15', 61, 246833.35, 5024212.73, 1586.05);
insert into STATION values (705, '.', 61, 246832.34, 5024211.96, 1586.13);
insert into STATION values (706, '.', 61, 246831.35, 5024212.02, 1586.17);
insert into STATION values (707, '.', 61, 246829.19, 5024212.88, 1586.29);
insert into STATION values (708, '.', 61, 246830.36, 5024213.74, 1586.18);
insert into STATION values (709, '.', 61, 246831.86, 5024213.82, 1586.11);
insert into STATION values (710, '.', 61, 246833.09, 5024213.50, 1586.03);
insert into STATION values (711, 'frb.16', 61, 246832.89, 5024211.86, 1589.91);
insert into STATION values (712, 'frb.17', 61, 246833.41, 5024212.37, 1589.12);
insert into STATION_FLAG values(712, 'ent');
insert into STATION values (713, 'frb.18', 61, 246836.47, 5024212.88, 1587.11);
insert into STATION_FLAG values(713, 'fix');
insert into STATION values (714, '0', 331, 246862.30, 5024226.19, 1568.32);
insert into STATION_FLAG values(714, 'ent');
insert into STATION values (715, '.', 331, 246862.62, 5024226.92, 1568.29);
insert into STATION values (716, '.', 331, 246861.97, 5024225.37, 1568.39);
insert into STATION values (717, '.', 331, 246862.29, 5024225.59, 1567.05);
insert into STATION values (718, '.', 331, 246862.74, 5024226.71, 1567.06);
insert into STATION values (719, '.', 331, 246862.60, 5024226.84, 1568.34);
insert into STATION values (720, '.', 331, 246862.58, 5024226.64, 1569.19);
insert into STATION values (721, '.', 331, 246862.08, 5024225.48, 1569.53);
insert into STATION values (722, '.', 331, 246862.09, 5024225.52, 1568.18);
insert into STATION values (723, '.', 331, 246862.30, 5024225.65, 1567.45);
insert into STATION values (724, '.', 331, 246863.60, 5024225.98, 1566.65);
insert into STATION values (725, '.', 331, 246862.56, 5024226.84, 1566.29);
insert into STATION values (726, '.', 331, 246861.14, 5024226.29, 1568.00);
insert into STATION values (727, '1', 331, 246863.46, 5024227.68, 1543.03);
insert into STATION values (728, '.', 331, 246863.26, 5024228.38, 1542.95);
insert into STATION values (729, '.', 331, 246864.28, 5024226.37, 1542.99);
insert into STATION values (730, '.', 331, 246863.81, 5024227.00, 1544.55);
insert into STATION values (731, '.', 331, 246861.24, 5024226.98, 1545.00);
insert into STATION values (732, '.', 331, 246865.55, 5024229.27, 1545.40);
insert into STATION values (733, '.', 331, 246864.52, 5024228.68, 1550.31);
insert into STATION values (734, '.', 331, 246866.13, 5024228.79, 1539.33);
insert into STATION values (735, '.', 331, 246866.02, 5024228.76, 1539.28);
insert into STATION values (736, '2', 331, 246867.98, 5024229.02, 1540.20);
insert into STATION values (737, '.', 331, 246865.64, 5024227.95, 1540.26);
insert into STATION values (738, '.', 331, 246867.66, 5024228.10, 1539.99);
insert into STATION values (739, '.', 331, 246865.99, 5024229.61, 1541.16);
insert into STATION values (740, '.', 331, 246866.40, 5024229.08, 1538.84);
insert into STATION values (741, '.', 331, 246867.35, 5024227.63, 1537.95);
insert into STATION values (742, '3', 331, 246870.63, 5024228.29, 1535.95);
insert into STATION values (743, '.', 331, 246870.91, 5024228.25, 1536.17);
insert into STATION values (744, '.', 331, 246869.89, 5024226.13, 1536.87);
insert into STATION values (745, '.', 331, 246870.57, 5024228.93, 1536.18);
insert into STATION values (746, '.', 331, 246868.44, 5024228.37, 1535.56);
insert into STATION values (747, '.', 331, 246870.16, 5024228.22, 1537.35);
insert into STATION values (748, '.', 331, 246868.69, 5024227.47, 1535.62);
insert into STATION values (749, '.', 331, 246868.37, 5024228.11, 1535.59);
insert into STATION values (750, '4', 331, 246868.00, 5024227.42, 1534.52);
insert into STATION values (751, '.', 331, 246868.28, 5024227.94, 1534.55);
insert into STATION values (752, '.', 331, 246868.27, 5024227.16, 1535.04);
insert into STATION values (753, '.', 331, 246867.52, 5024227.56, 1534.60);
insert into STATION values (754, '5', 331, 246868.93, 5024228.20, 1530.39);
insert into STATION values (755, '.', 331, 246870.41, 5024227.88, 1530.26);
insert into STATION values (756, '.', 331, 246866.96, 5024228.29, 1531.47);
insert into STATION values (757, '.', 331, 246869.23, 5024227.33, 1532.13);
insert into STATION values (758, '.', 331, 246868.89, 5024227.17, 1530.30);
insert into STATION values (759, '6', 331, 246870.03, 5024227.12, 1529.66);
insert into STATION values (760, '.', 331, 246870.23, 5024227.36, 1529.64);
insert into STATION values (761, '.', 331, 246870.40, 5024227.58, 1528.69);
insert into STATION values (762, '.', 331, 246870.06, 5024226.88, 1530.22);
insert into STATION values (763, '.', 331, 246869.97, 5024226.99, 1529.63);
insert into STATION values (764, '7', 331, 246872.65, 5024226.60, 1528.27);
insert into STATION values (765, '.', 331, 246872.54, 5024226.59, 1527.05);
insert into STATION values (766, '.', 331, 246872.21, 5024226.61, 1530.02);
insert into STATION values (767, '.', 331, 246872.09, 5024225.72, 1528.19);
insert into STATION values (768, '.', 331, 246873.04, 5024224.90, 1529.22);
insert into STATION values (769, '.', 331, 246872.19, 5024225.90, 1526.89);
insert into STATION values (770, '8', 331, 246873.73, 5024225.27, 1526.84);
insert into STATION values (771, '.', 331, 246873.91, 5024225.63, 1526.89);
insert into STATION values (772, '.', 331, 246873.98, 5024225.36, 1527.55);
insert into STATION values (773, '.', 331, 246873.74, 5024225.52, 1526.21);
insert into STATION values (774, '9', 331, 246875.38, 5024225.01, 1526.54);
insert into STATION values (775, '.', 331, 246875.04, 5024224.57, 1526.54);
insert into STATION values (776, '.', 331, 246875.19, 5024224.66, 1527.70);
insert into STATION values (777, '.', 331, 246875.26, 5024225.13, 1525.68);
insert into STATION values (778, '.', 331, 246875.81, 5024223.89, 1525.97);
insert into STATION values (779, '.', 331, 246876.57, 5024224.38, 1526.14);
insert into STATION values (780, '10', 331, 246878.23, 5024223.56, 1524.86);
insert into STATION values (781, '.', 331, 246878.31, 5024223.87, 1524.89);
insert into STATION values (782, '.', 331, 246878.21, 5024223.69, 1525.99);
insert into STATION values (783, '.', 331, 246878.22, 5024223.63, 1524.17);
insert into STATION values (784, '11', 331, 246880.02, 5024223.66, 1524.50);
insert into STATION values (785, '.', 331, 246879.82, 5024223.44, 1524.41);
insert into STATION values (786, '.', 331, 246879.59, 5024223.34, 1525.85);
insert into STATION values (787, '.', 331, 246879.88, 5024223.77, 1525.13);
insert into STATION values (788, '12', 331, 246881.86, 5024222.47, 1523.35);
insert into STATION values (789, '.', 331, 246881.91, 5024222.38, 1523.48);
insert into STATION values (790, '.', 331, 246881.60, 5024222.31, 1523.16);
insert into STATION values (791, '.', 331, 246882.50, 5024223.23, 1523.18);
insert into STATION values (792, '.', 331, 246881.61, 5024222.14, 1522.11);
insert into STATION values (793, '.', 331, 246881.52, 5024222.88, 1523.10);
insert into STATION values (794, '13', 331, 246882.59, 5024221.82, 1517.93);
insert into STATION values (795, '.', 331, 246882.03, 5024221.50, 1517.86);
insert into STATION values (796, '.', 331, 246882.96, 5024220.68, 1517.63);
insert into STATION values (797, '.', 331, 246881.45, 5024222.47, 1520.00);
insert into STATION values (798, '.', 331, 246882.28, 5024224.16, 1518.30);
insert into STATION values (799, '.', 331, 246881.66, 5024223.60, 1519.47);
insert into STATION values (800, '.', 331, 246882.17, 5024224.00, 1517.94);
insert into STATION values (801, '.', 331, 246883.02, 5024220.76, 1517.96);
insert into STATION values (802, '.', 331, 246881.88, 5024221.60, 1517.98);
insert into STATION values (803, '14', 331, 246883.66, 5024222.34, 1504.86);
insert into STATION values (804, '.', 331, 246884.31, 5024223.08, 1505.57);
insert into STATION values (805, '.', 331, 246883.22, 5024222.65, 1505.11);
insert into STATION values (806, '.', 331, 246881.86, 5024221.40, 1505.11);
insert into STATION values (807, '.', 331, 246887.62, 5024215.69, 1505.17);
insert into STATION values (808, '.', 331, 246885.36, 5024221.64, 1505.73);
insert into STATION values (809, '.', 331, 246882.53, 5024220.37, 1505.03);
insert into STATION values (810, '.', 331, 246883.44, 5024218.61, 1505.41);
insert into STATION values (811, '.', 331, 246884.89, 5024217.04, 1504.80);
insert into STATION values (812, '15', 331, 246886.86, 5024219.26, 1481.80);
insert into STATION values (813, '.', 331, 246886.70, 5024218.66, 1481.87);
insert into STATION values (814, '.', 331, 246886.52, 5024219.58, 1481.87);
insert into STATION values (815, '.', 331, 246888.50, 5024220.43, 1482.00);
insert into STATION values (816, '.', 331, 246889.22, 5024217.97, 1481.90);
insert into STATION values (817, '.', 331, 246888.10, 5024218.41, 1483.75);
insert into STATION values (818, '.', 331, 246887.66, 5024219.08, 1485.65);
insert into STATION values (819, '.', 331, 246888.98, 5024217.31, 1483.30);
insert into STATION values (820, '.', 331, 246887.63, 5024217.19, 1481.84);
insert into STATION values (821, '16', 331, 246886.28, 5024222.81, 1486.33);
insert into STATION values (822, '.', 331, 246885.99, 5024222.43, 1486.17);
insert into STATION values (823, '.', 331, 246885.89, 5024222.48, 1486.80);
insert into STATION values (824, '.', 331, 246886.17, 5024222.98, 1485.53);
insert into STATION values (825, '.', 331, 246886.44, 5024222.83, 1486.35);
insert into STATION values (826, '.', 331, 246884.74, 5024224.63, 1486.70);
insert into STATION values (827, '17', 331, 246884.77, 5024223.19, 1487.07);
insert into STATION values (828, '.', 331, 246884.91, 5024223.22, 1487.22);
insert into STATION values (829, '.', 331, 246884.82, 5024222.58, 1487.25);
insert into STATION values (830, '.', 331, 246884.64, 5024223.65, 1487.09);
insert into STATION values (831, '.', 331, 246884.64, 5024223.23, 1487.04);
insert into STATION values (832, '18', 331, 246881.98, 5024225.25, 1489.62);
insert into STATION values (833, '.', 331, 246881.97, 5024225.24, 1489.94);
insert into STATION values (834, '.', 331, 246882.94, 5024225.80, 1489.65);
insert into STATION values (835, '.', 331, 246882.23, 5024225.06, 1489.65);
insert into STATION values (836, '.', 331, 246882.05, 5024225.24, 1489.34);
insert into STATION values (837, '.', 331, 246881.82, 5024225.25, 1489.61);
insert into STATION values (838, '19', 331, 246880.74, 5024227.27, 1489.82);
insert into STATION values (839, '.', 331, 246880.35, 5024226.75, 1489.94);
insert into STATION values (840, '.', 331, 246880.60, 5024226.88, 1491.05);
insert into STATION values (841, '.', 331, 246880.61, 5024227.25, 1488.82);
insert into STATION values (842, '20', 331, 246879.72, 5024227.91, 1489.77);
insert into STATION values (843, '.', 331, 246880.30, 5024228.80, 1489.78);
insert into STATION values (844, '.', 331, 246879.61, 5024228.15, 1492.23);
insert into STATION values (845, '.', 331, 246879.47, 5024227.14, 1490.08);
insert into STATION values (846, '.', 331, 246880.28, 5024226.68, 1489.65);
insert into STATION values (847, '21', 331, 246877.31, 5024231.04, 1472.26);
insert into STATION values (848, '.', 331, 246877.02, 5024233.24, 1472.41);
insert into STATION values (849, '.', 331, 246879.24, 5024232.76, 1472.31);
insert into STATION values (850, '.', 331, 246879.23, 5024230.41, 1472.33);
insert into STATION values (851, '.', 331, 246878.56, 5024229.18, 1472.41);
insert into STATION values (852, '.', 331, 246878.39, 5024232.23, 1475.60);
insert into STATION values (853, '22', 331, 246880.23, 5024234.22, 1454.94);
insert into STATION values (854, '.', 331, 246881.46, 5024235.08, 1455.09);
insert into STATION values (855, '.', 331, 246882.39, 5024233.96, 1455.07);
insert into STATION values (856, '.', 331, 246881.71, 5024233.07, 1455.04);
insert into STATION values (857, '.', 331, 246879.23, 5024233.15, 1455.09);
insert into STATION values (858, '.', 331, 246879.08, 5024234.25, 1454.86);
insert into STATION values (859, '23', 331, 246881.88, 5024232.91, 1452.08);
insert into STATION values (860, '.', 331, 246880.14, 5024232.57, 1451.76);
insert into STATION values (861, '.', 331, 246880.69, 5024233.74, 1452.01);
insert into STATION values (862, '.', 331, 246882.35, 5024234.16, 1452.24);
insert into STATION values (863, '.', 331, 246883.13, 5024232.78, 1452.06);
insert into STATION values (864, '24', 331, 246882.13, 5024231.95, 1432.28);
insert into STATION values (865, '.', 331, 246881.34, 5024231.03, 1431.90);
insert into STATION values (866, '.', 331, 246882.36, 5024230.67, 1432.12);
insert into STATION values (867, '.', 331, 246880.69, 5024232.15, 1431.94);
insert into STATION values (868, '25', 331, 246880.88, 5024232.02, 1428.80);
insert into STATION values (869, '.', 331, 246880.48, 5024232.64, 1428.82);
insert into STATION values (870, '.', 331, 246881.49, 5024232.57, 1428.81);
insert into STATION values (871, '.', 331, 246882.48, 5024231.83, 1428.88);
insert into STATION values (872, '.', 331, 246883.60, 5024229.68, 1428.89);
insert into STATION values (873, '.', 331, 246881.74, 5024230.58, 1429.01);
insert into STATION values (874, '26', 331, 246884.90, 5024236.20, 1416.35);
insert into STATION values (875, '.', 331, 246884.42, 5024234.07, 1416.39);
insert into STATION values (876, '.', 331, 246880.02, 5024235.35, 1416.28);
insert into STATION values (877, '.', 331, 246878.91, 5024237.59, 1416.27);
insert into STATION values (878, '.', 331, 246884.18, 5024236.73, 1416.34);
insert into STATION values (879, '.', 331, 246885.02, 5024236.66, 1416.32);
insert into STATION values (880, '.', 331, 246885.79, 5024235.95, 1416.37);
insert into STATION values (881, '.', 331, 246896.18, 5024229.18, 1420.47);
insert into STATION values (882, '.', 331, 246889.95, 5024233.59, 1418.20);
insert into STATION values (883, '27', 331, 246886.61, 5024235.88, 1398.28);
insert into STATION values (884, '.', 331, 246887.33, 5024237.20, 1398.64);
insert into STATION values (885, '.', 331, 246884.11, 5024236.27, 1400.34);
insert into STATION values (886, '.', 331, 246885.67, 5024235.99, 1398.62);
insert into STATION values (887, '.', 331, 246886.87, 5024234.89, 1398.70);
insert into STATION values (888, '.', 331, 246889.02, 5024235.92, 1398.59);
insert into STATION values (889, '.', 331, 246889.63, 5024234.27, 1398.37);
insert into STATION values (890, '28', 331, 246890.75, 5024234.06, 1394.99);
insert into STATION values (891, '.', 331, 246890.89, 5024234.27, 1394.95);
insert into STATION values (892, '.', 331, 246890.74, 5024234.10, 1393.82);
insert into STATION values (893, '.', 331, 246889.63, 5024232.76, 1394.87);
insert into STATION values (894, '.', 331, 246889.94, 5024233.37, 1394.25);
insert into STATION values (895, '29', 331, 246892.34, 5024232.55, 1392.16);
insert into STATION values (896, '.', 331, 246892.70, 5024232.94, 1392.35);
insert into STATION values (897, '.', 331, 246891.85, 5024231.80, 1392.33);
insert into STATION values (898, '.', 331, 246892.41, 5024232.47, 1392.39);
insert into STATION values (899, '.', 331, 246891.96, 5024232.87, 1391.97);
insert into STATION values (900, '.', 331, 246892.78, 5024233.07, 1389.37);
insert into STATION values (901, '30', 331, 246894.16, 5024231.99, 1389.52);
insert into STATION values (902, '.', 331, 246894.61, 5024232.49, 1389.48);
insert into STATION values (903, '.', 331, 246894.01, 5024231.24, 1389.64);
insert into STATION values (904, '.', 331, 246892.85, 5024232.67, 1389.47);
insert into STATION values (905, '.', 331, 246894.91, 5024231.78, 1389.48);
insert into STATION values (906, '31', 331, 246894.99, 5024232.37, 1386.12);
insert into STATION values (907, '.', 331, 246895.12, 5024232.54, 1386.13);
insert into STATION values (908, '.', 331, 246894.77, 5024231.98, 1386.16);
insert into STATION values (909, '.', 331, 246894.12, 5024232.68, 1386.18);
insert into STATION values (910, '.', 331, 246896.07, 5024231.25, 1385.79);
insert into STATION values (911, '32', 331, 246895.92, 5024231.66, 1381.55);
insert into STATION values (912, '.', 331, 246898.01, 5024230.96, 1381.42);
insert into STATION values (913, '.', 331, 246898.10, 5024232.80, 1381.45);
insert into STATION values (914, '.', 331, 246894.66, 5024232.36, 1381.85);
insert into STATION values (915, '.', 331, 246897.80, 5024232.58, 1369.82);
insert into STATION values (916, '.', 331, 246898.13, 5024232.85, 1363.94);
insert into STATION values (917, '33', 331, 246897.97, 5024233.48, 1382.99);
insert into STATION values (918, '.', 331, 246896.38, 5024230.99, 1382.93);
insert into STATION values (919, '.', 331, 246897.92, 5024231.50, 1382.86);
insert into STATION values (920, '.', 331, 246898.64, 5024231.91, 1383.00);
insert into STATION values (921, '.', 331, 246898.12, 5024233.44, 1382.09);
insert into STATION values (922, '.', 331, 246896.62, 5024231.07, 1398.71);
insert into STATION values (923, '.', 331, 246897.66, 5024230.41, 1399.51);
insert into STATION values (924, '.', 331, 246900.47, 5024234.92, 1383.37);
insert into STATION values (925, '.', 331, 246899.38, 5024233.43, 1383.18);
insert into STATION values (926, '.', 331, 246898.61, 5024234.51, 1383.10);
insert into STATION values (927, '34', 331, 246900.73, 5024230.07, 1387.13);
insert into STATION values (928, '.', 331, 246901.08, 5024230.34, 1387.20);
insert into STATION values (929, '.', 331, 246900.33, 5024229.99, 1387.13);
insert into STATION values (930, '.', 331, 246900.33, 5024230.26, 1384.78);
insert into STATION values (931, '.', 331, 246900.57, 5024230.17, 1392.92);
insert into STATION values (932, '35', 331, 246903.93, 5024226.98, 1389.91);
insert into STATION values (933, '.', 331, 246902.70, 5024229.09, 1390.25);
insert into STATION values (934, '.', 331, 246904.29, 5024223.90, 1390.14);
insert into STATION values (935, '.', 331, 246902.36, 5024225.67, 1390.17);
insert into STATION values (936, '.', 331, 246901.21, 5024226.76, 1390.37);
insert into STATION values (937, '.', 331, 246900.06, 5024228.92, 1389.90);
insert into STATION values (938, '36', 331, 246903.96, 5024226.40, 1376.64);
insert into STATION values (939, '.', 331, 246906.21, 5024227.34, 1376.89);
insert into STATION values (940, '.', 331, 246906.52, 5024223.77, 1376.76);
insert into STATION values (941, '.', 331, 246908.02, 5024222.85, 1375.94);
insert into STATION values (942, '37', 331, 246906.53, 5024225.27, 1374.24);
insert into STATION values (943, '.', 331, 246905.80, 5024224.46, 1374.24);
insert into STATION values (944, '.', 331, 246908.20, 5024223.47, 1373.94);
insert into STATION values (945, '.', 331, 246907.89, 5024226.00, 1374.33);
insert into STATION values (946, '.', 331, 246905.53, 5024225.91, 1374.17);
insert into STATION values (947, '38', 331, 246910.80, 5024223.70, 1369.94);
insert into STATION values (948, '.', 331, 246910.82, 5024224.46, 1369.83);
insert into STATION values (949, '.', 331, 246911.30, 5024223.80, 1369.74);
insert into STATION values (950, '.', 331, 246908.51, 5024225.36, 1370.41);
insert into STATION values (951, '.', 331, 246908.64, 5024223.94, 1370.02);
insert into STATION values (952, '39', 331, 246912.17, 5024224.08, 1368.22);
insert into STATION values (953, '.', 331, 246912.21, 5024223.83, 1368.21);
insert into STATION values (954, '.', 331, 246912.11, 5024224.40, 1366.28);
insert into STATION values (955, '40', 331, 246912.25, 5024224.18, 1368.65);
insert into STATION values (956, '.', 331, 246912.53, 5024224.28, 1368.84);
insert into STATION values (957, '.', 331, 246912.34, 5024223.84, 1368.54);
insert into STATION values (958, '.', 331, 246912.10, 5024224.29, 1368.67);
insert into STATION values (959, '41', 331, 246912.98, 5024224.69, 1366.16);
insert into STATION values (960, '.', 331, 246912.94, 5024224.29, 1366.13);
insert into STATION values (961, '.', 331, 246913.02, 5024224.92, 1366.18);
insert into STATION values (962, '.', 331, 246913.18, 5024224.69, 1367.65);
insert into STATION values (963, '.', 331, 246912.98, 5024224.59, 1364.67);
insert into STATION values (964, '42', 331, 246914.07, 5024224.25, 1367.17);
insert into STATION values (965, '.', 331, 246913.93, 5024224.12, 1367.14);
insert into STATION values (966, '.', 331, 246913.79, 5024224.06, 1367.68);
insert into STATION values (967, '.', 331, 246914.10, 5024224.19, 1366.31);
insert into STATION values (968, '43', 331, 246915.22, 5024223.15, 1366.17);
insert into STATION values (969, '.', 331, 246915.39, 5024223.56, 1366.20);
insert into STATION values (970, '.', 331, 246915.49, 5024223.32, 1366.62);
insert into STATION values (971, '.', 331, 246915.40, 5024223.37, 1360.98);
insert into STATION values (972, '44', 331, 246918.16, 5024222.68, 1362.65);
insert into STATION values (973, '.', 331, 246920.35, 5024222.79, 1358.72);
insert into STATION values (974, '.', 331, 246918.31, 5024222.68, 1362.39);
insert into STATION values (975, '.', 331, 246917.75, 5024221.94, 1362.71);
insert into STATION values (976, '.', 331, 246918.37, 5024222.35, 1364.10);
insert into STATION values (977, '.', 331, 246917.93, 5024222.52, 1361.00);
insert into STATION values (978, '.', 331, 246918.32, 5024222.87, 1362.68);
insert into STATION values (979, '45', 331, 246920.23, 5024221.66, 1360.79);
insert into STATION values (980, '.', 331, 246920.33, 5024222.01, 1360.84);
insert into STATION values (981, '.', 331, 246920.33, 5024221.68, 1361.48);
insert into STATION values (982, '.', 331, 246920.13, 5024221.72, 1358.49);
insert into STATION values (983, '46', 331, 246921.15, 5024221.18, 1358.82);
insert into STATION values (984, '.', 331, 246920.83, 5024220.94, 1358.83);
insert into STATION values (985, '.', 331, 246920.65, 5024222.15, 1358.87);
insert into STATION values (986, '.', 331, 246922.62, 5024218.93, 1358.12);
insert into STATION values (987, '47', 331, 246921.16, 5024221.28, 1356.24);
insert into STATION values (988, '.', 331, 246921.20, 5024221.29, 1353.60);
insert into STATION values (989, '.', 331, 246921.04, 5024221.16, 1356.23);
insert into STATION values (990, '.', 331, 246921.37, 5024221.52, 1356.22);
insert into STATION values (991, '.', 331, 246922.24, 5024220.21, 1356.06);
insert into STATION values (992, '.', 331, 246925.17, 5024216.92, 1355.88);
insert into STATION values (993, '.', 331, 246921.42, 5024221.03, 1356.21);
insert into STATION values (994, '48', 331, 246925.30, 5024217.24, 1356.18);
insert into STATION values (995, '.', 331, 246921.23, 5024221.31, 1354.13);
insert into STATION values (996, '.', 331, 246925.84, 5024217.74, 1355.97);
insert into STATION values (997, '.', 331, 246925.63, 5024217.69, 1353.52);
insert into STATION values (998, '.', 331, 246925.16, 5024217.13, 1356.18);
insert into STATION values (999, '49', 331, 246929.63, 5024218.02, 1351.77);
insert into STATION values (1000, '.', 331, 246928.90, 5024218.18, 1349.81);
insert into STATION values (1001, '.', 331, 246929.64, 5024218.98, 1351.75);
insert into STATION values (1002, '.', 331, 246929.77, 5024218.03, 1352.11);
insert into STATION values (1003, '.', 331, 246929.62, 5024217.75, 1351.76);
insert into STATION values (1004, '50', 331, 246931.69, 5024218.17, 1349.60);
insert into STATION values (1005, '.', 331, 246931.65, 5024217.94, 1349.63);
insert into STATION values (1006, '.', 331, 246931.71, 5024218.45, 1349.55);
insert into STATION values (1007, '.', 331, 246931.80, 5024218.12, 1349.92);
insert into STATION values (1008, '.', 331, 246931.76, 5024217.98, 1348.58);
insert into STATION values (1009, '51', 331, 246934.13, 5024218.84, 1347.94);
insert into STATION values (1010, '.', 331, 246934.06, 5024218.93, 1347.89);
insert into STATION values (1011, '.', 331, 246933.92, 5024219.03, 1347.90);
insert into STATION values (1012, '.', 331, 246934.14, 5024218.91, 1348.18);
insert into STATION values (1013, '.', 331, 246933.86, 5024218.73, 1347.49);
insert into STATION values (1014, '.', 331, 246935.74, 5024219.94, 1346.85);
insert into STATION values (1015, '52', 331, 246935.82, 5024220.08, 1347.03);
insert into STATION values (1016, '.', 331, 246935.06, 5024219.79, 1346.95);
insert into STATION values (1017, '.', 331, 246934.02, 5024220.18, 1351.69);
insert into STATION values (1018, '.', 331, 246935.77, 5024220.06, 1347.44);
insert into STATION values (1019, '.', 331, 246935.89, 5024219.64, 1345.15);
insert into STATION values (1020, 'gk.0', 335, 246863.52, 5024222.85, 1569.85);
insert into STATION_FLAG values(1020, 'fix');
insert into STATION values (1021, 'gk.1', 335, 246864.59, 5024224.10, 1569.00);
insert into STATION values (1022, 'gk.2', 335, 246862.30, 5024226.19, 1568.32);
insert into STATION values (1023, 'gk.3', 335, 246862.37, 5024226.18, 1568.25);
insert into STATION values (1024, 'bivouac', 638, 247026.90, 5024172.68, 1068.76);
insert into STATION values (1025, '.', 638, 247026.49, 5024172.23, 1068.81);
insert into STATION values (1026, '.', 638, 247028.12, 5024172.26, 1069.11);
insert into STATION values (1027, '.', 638, 247028.23, 5024174.27, 1068.88);
insert into STATION values (1028, '.', 638, 247029.58, 5024173.42, 1068.99);
insert into STATION values (1029, '.', 638, 247027.10, 5024172.27, 1067.85);
insert into STATION values (1030, '.', 638, 247026.80, 5024173.08, 1072.83);
insert into STATION values (1031, 'bivouad', 638, 247028.71, 5024170.63, 1073.98);
insert into STATION values (1032, '.', 638, 247028.29, 5024170.55, 1073.92);
insert into STATION values (1033, '.', 638, 247028.52, 5024170.64, 1074.16);
insert into STATION values (1034, '.', 638, 247028.49, 5024170.64, 1072.50);
insert into STATION values (1035, 'bivouae', 638, 247028.33, 5024169.68, 1074.02);
insert into STATION values (1036, '.', 638, 247028.70, 5024169.77, 1074.07);
insert into STATION values (1037, '.', 638, 247028.35, 5024169.66, 1074.59);
insert into STATION values (1038, '.', 638, 247029.12, 5024169.50, 1072.75);
insert into STATION values (1039, '.', 638, 247028.42, 5024169.62, 1073.54);
insert into STATION values (1040, 'bivouaf', 638, 247028.71, 5024167.82, 1074.55);
insert into STATION values (1041, '.', 638, 247028.31, 5024168.26, 1074.54);
insert into STATION values (1042, '.', 638, 247029.02, 5024167.97, 1072.83);
insert into STATION values (1043, '.', 638, 247028.26, 5024168.18, 1075.46);
insert into STATION values (1044, '.', 638, 247028.37, 5024167.48, 1074.53);
insert into STATION values (1045, '.', 638, 247028.59, 5024167.83, 1074.57);
insert into STATION values (1046, 'bivouag', 638, 247023.24, 5024168.69, 1075.64);
insert into STATION values (1047, '.', 638, 247023.66, 5024171.27, 1075.92);
insert into STATION values (1048, '.', 638, 247022.33, 5024169.89, 1075.88);
insert into STATION values (1049, '.', 638, 247022.86, 5024169.46, 1080.05);
insert into STATION values (1050, '.', 638, 247023.24, 5024168.71, 1074.76);
insert into STATION values (1051, '.', 638, 247023.85, 5024167.23, 1075.70);
insert into STATION values (1052, '.', 638, 247024.76, 5024169.23, 1075.67);
insert into STATION values (1053, 'bivouah', 638, 247024.69, 5024170.89, 1075.01);
insert into STATION values (1054, '.', 638, 247022.98, 5024169.10, 1075.08);
insert into STATION values (1055, '.', 638, 247024.77, 5024170.21, 1075.02);
insert into STATION values (1056, '.', 638, 247023.11, 5024169.41, 1078.06);
insert into STATION values (1057, '.', 638, 247024.56, 5024170.74, 1073.63);
insert into STATION values (1058, '.', 638, 247022.97, 5024170.67, 1078.25);
insert into STATION values (1059, 'bivouai', 638, 247027.07, 5024169.91, 1066.93);
insert into STATION values (1060, '.', 638, 247027.82, 5024170.01, 1067.12);
insert into STATION values (1061, '.', 638, 247026.58, 5024170.97, 1067.12);
insert into STATION values (1062, 'bivouaj', 638, 247027.74, 5024171.17, 1067.17);
insert into STATION values (1063, '.', 638, 247027.96, 5024170.49, 1067.01);
insert into STATION values (1064, '.', 638, 247027.41, 5024171.08, 1067.18);
insert into STATION values (1065, '.', 638, 247027.37, 5024170.02, 1069.46);
insert into STATION values (1066, '.', 638, 247027.94, 5024171.18, 1065.63);
insert into STATION values (1067, 'bivouak', 638, 247028.57, 5024170.70, 1066.45);
insert into STATION values (1068, '.', 638, 247032.07, 5024168.71, 1053.37);
insert into STATION values (1069, '.', 638, 247030.08, 5024170.24, 1059.87);
insert into STATION values (1070, 'bivy1', 704, 247026.90, 5024172.68, 1068.76);
insert into STATION values (1071, 'bivy2', 704, 247026.30, 5024172.03, 1076.36);
insert into STATION values (1072, '.', 704, 247025.95, 5024171.85, 1076.15);
insert into STATION values (1073, '.', 704, 247026.47, 5024172.29, 1076.24);
insert into STATION values (1074, '.', 704, 247026.83, 5024171.80, 1075.70);
insert into STATION values (1075, 'bivy3', 704, 247025.30, 5024173.45, 1076.70);
insert into STATION values (1076, '.', 704, 247024.35, 5024172.59, 1076.66);
insert into STATION values (1077, '.', 704, 247025.27, 5024173.40, 1077.05);
insert into STATION values (1078, '.', 704, 247025.18, 5024173.44, 1076.35);
insert into STATION values (1079, 'bivy4', 704, 247024.17, 5024172.56, 1077.05);
insert into STATION values (1080, '.', 704, 247023.78, 5024173.09, 1076.98);
insert into STATION values (1081, '.', 704, 247024.80, 5024172.23, 1077.14);
insert into STATION values (1082, '.', 704, 247024.63, 5024173.15, 1077.00);
insert into STATION values (1083, '.', 704, 247024.10, 5024172.79, 1078.31);
insert into STATION values (1084, 'bivy5', 704, 247023.27, 5024173.47, 1078.68);
insert into STATION values (1085, '.', 704, 247022.92, 5024173.06, 1078.55);
insert into STATION values (1086, '.', 704, 247023.26, 5024173.53, 1077.95);
insert into STATION values (1087, '.', 704, 247023.14, 5024173.00, 1079.02);
insert into STATION values (1088, 'bivy6', 704, 247019.51, 5024173.91, 1081.06);
insert into STATION values (1089, '.', 704, 247019.81, 5024174.73, 1081.07);
insert into STATION values (1090, '.', 704, 247020.88, 5024173.42, 1081.28);
insert into STATION values (1091, '.', 704, 247019.45, 5024173.28, 1081.28);
insert into STATION values (1092, 'bivy7', 704, 247018.52, 5024174.51, 1084.65);
insert into STATION values (1093, '.', 704, 247019.34, 5024173.05, 1084.66);
insert into STATION values (1094, '.', 704, 247018.19, 5024173.85, 1084.61);
insert into STATION values (1095, '.', 704, 247018.94, 5024174.76, 1084.68);
insert into STATION values (1096, 'bivy8', 704, 247018.13, 5024173.38, 1087.77);
insert into STATION values (1097, '.', 704, 247017.92, 5024173.39, 1087.74);
insert into STATION values (1098, '.', 704, 247017.99, 5024173.01, 1087.65);
insert into STATION values (1099, 'bivy9', 704, 247017.82, 5024174.55, 1087.77);
insert into STATION values (1100, '.', 704, 247017.50, 5024174.18, 1088.00);
insert into STATION values (1101, '.', 704, 247017.80, 5024174.62, 1087.22);
insert into STATION values (1102, 'bivy10', 704, 247015.87, 5024175.01, 1088.20);
insert into STATION values (1103, '.', 704, 247015.96, 5024174.93, 1089.45);
insert into STATION values (1104, '.', 704, 247016.13, 5024174.41, 1088.29);
insert into STATION values (1105, '.', 704, 247016.15, 5024175.12, 1088.23);
insert into STATION values (1106, '.', 704, 247016.64, 5024175.27, 1088.21);
insert into STATION values (1107, '.', 704, 247016.28, 5024175.29, 1088.73);
insert into STATION values (1108, '.', 704, 247016.66, 5024179.58, 1088.49);
insert into STATION values (1109, 'bivy11', 704, 247016.54, 5024179.05, 1088.44);
insert into STATION values (1110, '.', 704, 247017.34, 5024177.07, 1087.01);
insert into STATION values (1111, 'bivy12', 704, 247017.52, 5024177.08, 1087.13);
insert into STATION values (1112, '.', 704, 247019.10, 5024175.49, 1087.42);
insert into STATION values (1113, '.', 704, 247019.19, 5024178.62, 1087.31);
insert into STATION values (1114, '.', 704, 247016.97, 5024176.27, 1087.18);
insert into STATION values (1115, '.', 704, 247016.66, 5024179.18, 1087.03);
insert into STATION values (1116, 'bivy13', 704, 247014.92, 5024179.55, 1095.74);
insert into STATION values (1117, '.', 704, 247017.29, 5024176.05, 1095.38);
insert into STATION values (1118, '.', 704, 247019.00, 5024178.21, 1096.06);
insert into STATION values (1119, '.', 704, 247017.97, 5024181.39, 1095.78);
insert into STATION values (1120, '.', 704, 247017.87, 5024176.52, 1095.71);
insert into STATION values (1121, '.', 704, 247013.97, 5024179.64, 1095.98);
insert into STATION values (1122, 'bivy14', 704, 247011.91, 5024178.62, 1106.13);
insert into STATION values (1123, '.', 704, 247013.23, 5024178.20, 1106.25);
insert into STATION values (1124, '.', 704, 247015.22, 5024180.68, 1106.39);
insert into STATION values (1125, '.', 704, 247011.20, 5024179.81, 1106.12);
insert into STATION values (1126, '.', 704, 247012.58, 5024181.52, 1106.26);
insert into STATION values (1127, 'bivy15', 704, 247011.06, 5024180.37, 1109.37);
insert into STATION values (1128, '.', 704, 247010.58, 5024179.58, 1109.36);
insert into STATION values (1129, '.', 704, 247011.20, 5024179.90, 1109.36);
insert into STATION values (1130, '.', 704, 247013.43, 5024180.85, 1109.50);
insert into STATION values (1131, '.', 704, 247011.77, 5024179.92, 1109.36);
insert into STATION values (1132, 'bivy16', 704, 247008.90, 5024182.23, 1116.49);
insert into STATION values (1133, '.', 704, 247008.69, 5024181.42, 1116.47);
insert into STATION values (1134, '.', 704, 247008.88, 5024181.03, 1116.49);
insert into STATION values (1135, '.', 704, 247010.11, 5024180.29, 1116.51);
insert into STATION values (1136, '.', 704, 247008.07, 5024182.32, 1116.53);
insert into STATION values (1137, '.', 704, 247008.73, 5024182.08, 1119.67);
insert into STATION values (1138, '.', 704, 247008.39, 5024181.91, 1112.75);
insert into STATION values (1139, 'bivy17', 704, 247006.96, 5024183.94, 1119.91);
insert into STATION values (1140, '.', 704, 247001.94, 5024183.40, 1119.80);
insert into STATION values (1141, '.', 704, 247005.23, 5024182.35, 1119.58);
insert into STATION values (1142, '.', 704, 247003.00, 5024184.95, 1119.40);
insert into STATION values (1143, 'bivy18', 704, 247000.42, 5024186.24, 1128.75);
insert into STATION values (1144, '.', 704, 247002.44, 5024188.08, 1128.96);
insert into STATION values (1145, '.', 704, 247005.28, 5024184.32, 1128.87);
insert into STATION values (1146, '.', 704, 247005.46, 5024182.17, 1128.58);
insert into STATION values (1147, '.', 704, 247001.70, 5024183.69, 1128.82);
insert into STATION values (1148, '.', 704, 247002.96, 5024187.25, 1133.32);
insert into STATION values (1149, '.', 704, 247005.01, 5024183.63, 1135.65);
insert into STATION values (1150, '.', 704, 246998.60, 5024182.96, 1134.82);
insert into STATION values (1151, '.', 704, 247004.15, 5024186.46, 1125.83);
insert into STATION values (1152, 'bivy19', 704, 246998.09, 5024188.27, 1141.86);
insert into STATION values (1153, '.', 704, 246998.64, 5024188.49, 1141.85);
insert into STATION values (1154, '.', 704, 246999.40, 5024188.77, 1142.45);
insert into STATION values (1155, '.', 704, 246999.49, 5024189.15, 1148.48);
insert into STATION values (1156, '.', 704, 246999.17, 5024188.58, 1143.95);
insert into STATION values (1157, '.', 704, 246996.98, 5024192.62, 1142.29);
insert into STATION values (1158, '.', 704, 246998.30, 5024186.20, 1141.87);
insert into STATION values (1159, 'bivy20', 704, 246997.32, 5024193.40, 1142.05);
insert into STATION values (1160, '.', 704, 246999.36, 5024193.04, 1142.03);
insert into STATION values (1161, '.', 704, 246998.66, 5024196.77, 1141.72);
insert into STATION values (1162, '.', 704, 246999.73, 5024195.83, 1141.84);
insert into STATION values (1163, '.', 704, 246996.06, 5024190.55, 1141.49);
insert into STATION values (1164, '.', 704, 246998.10, 5024191.08, 1142.35);
insert into STATION values (1165, '.', 704, 246997.08, 5024190.65, 1142.08);
insert into STATION values (1166, '.', 704, 246997.97, 5024193.73, 1139.62);
insert into STATION values (1167, 'bivy21', 704, 246998.09, 5024196.44, 1151.80);
insert into STATION values (1168, '.', 704, 246997.62, 5024193.71, 1151.83);
insert into STATION values (1169, '.', 704, 246997.67, 5024196.27, 1151.93);
insert into STATION values (1170, '.', 704, 246997.64, 5024197.49, 1152.06);
insert into STATION values (1171, '.', 704, 246997.49, 5024200.81, 1152.19);
insert into STATION values (1172, '.', 704, 246998.27, 5024198.40, 1152.00);
insert into STATION values (1173, '.', 704, 246998.62, 5024196.64, 1155.53);
insert into STATION values (1174, '.', 704, 246998.52, 5024197.75, 1155.45);
insert into STATION values (1175, 'bivy22', 704, 246998.15, 5024198.93, 1154.56);
insert into STATION values (1176, '.', 704, 246999.11, 5024196.89, 1154.53);
insert into STATION values (1177, '.', 704, 246997.91, 5024198.86, 1157.51);
insert into STATION values (1178, '.', 704, 246998.96, 5024199.30, 1154.59);
insert into STATION values (1179, '.', 704, 246999.00, 5024198.71, 1155.77);
insert into STATION values (1180, 'bivy23', 704, 246997.54, 5024202.31, 1157.00);
insert into STATION values (1181, '.', 704, 246996.97, 5024203.70, 1157.09);
insert into STATION values (1182, '.', 704, 246996.82, 5024201.58, 1156.67);
insert into STATION values (1183, '.', 704, 246996.30, 5024202.34, 1157.22);
insert into STATION values (1184, '.', 704, 246995.71, 5024203.08, 1156.77);
insert into STATION values (1185, '.', 704, 246996.42, 5024202.70, 1155.54);
insert into STATION values (1186, '.', 704, 246996.84, 5024202.33, 1159.53);
insert into STATION values (1187, 'bivy24', 704, 246994.29, 5024203.12, 1160.50);
insert into STATION values (1188, '.', 704, 246993.33, 5024204.25, 1160.56);
insert into STATION values (1189, '.', 704, 246994.10, 5024204.38, 1160.62);
insert into STATION values (1190, '.', 704, 246995.51, 5024203.82, 1160.51);
insert into STATION values (1191, '.', 704, 246994.19, 5024204.21, 1162.15);
insert into STATION values (1192, '.', 704, 246993.83, 5024203.14, 1159.09);
insert into STATION values (1193, 'bivy25', 704, 246990.76, 5024206.40, 1163.12);
insert into STATION values (1194, '.', 704, 246991.56, 5024206.99, 1163.51);
insert into STATION values (1195, '.', 704, 246990.85, 5024206.31, 1167.42);
insert into STATION values (1196, '.', 704, 246991.09, 5024207.11, 1160.45);
insert into STATION values (1197, '.', 704, 246993.80, 5024205.89, 1165.17);
insert into STATION values (1198, 'bivy26', 704, 246988.45, 5024211.65, 1164.66);
insert into STATION values (1199, '.', 704, 246988.83, 5024211.68, 1164.93);
insert into STATION values (1200, '.', 704, 246987.91, 5024211.13, 1164.67);
insert into STATION values (1201, '.', 704, 246988.96, 5024211.37, 1171.35);
insert into STATION values (1202, '.', 704, 246985.53, 5024212.77, 1165.13);
insert into STATION values (1203, '.', 704, 246990.21, 5024203.98, 1165.71);
insert into STATION values (1204, '.', 704, 246989.30, 5024210.13, 1164.78);
insert into STATION values (1205, '.', 704, 246988.23, 5024210.16, 1164.70);
insert into STATION values (1206, 'bivy27', 704, 246986.75, 5024213.82, 1172.53);
insert into STATION values (1207, '.', 704, 246985.93, 5024211.91, 1172.65);
insert into STATION values (1208, '.', 704, 246982.97, 5024212.69, 1172.91);
insert into STATION values (1209, '.', 704, 246984.23, 5024211.41, 1172.86);
insert into STATION values (1210, '.', 704, 246989.33, 5024212.10, 1172.74);
insert into STATION values (1211, '.', 704, 246991.40, 5024212.67, 1172.52);
insert into STATION values (1212, '.', 704, 246987.31, 5024211.66, 1175.86);
insert into STATION values (1213, '.', 704, 246987.19, 5024212.60, 1179.08);
insert into STATION values (1214, '.', 704, 246986.29, 5024212.57, 1170.44);
insert into STATION values (1215, 'bivy28', 704, 246985.25, 5024213.04, 1182.59);
insert into STATION values (1216, '.', 704, 246985.23, 5024213.41, 1183.38);
insert into STATION values (1217, '.', 704, 246985.95, 5024212.86, 1182.18);
insert into STATION values (1218, '.', 704, 246984.51, 5024211.92, 1170.78);
insert into STATION values (1219, '.', 704, 246985.10, 5024214.17, 1182.60);
insert into STATION values (1220, 'bivy29', 704, 246982.45, 5024215.24, 1183.36);
insert into STATION values (1221, '.', 704, 246984.75, 5024215.43, 1184.01);
insert into STATION values (1222, '.', 704, 246984.68, 5024216.12, 1183.41);
insert into STATION values (1223, '.', 704, 246983.83, 5024214.00, 1183.58);
insert into STATION values (1224, '.', 704, 246981.30, 5024214.28, 1183.65);
insert into STATION values (1225, '.', 704, 246979.63, 5024218.40, 1183.69);
insert into STATION values (1226, '.', 704, 246979.83, 5024217.02, 1183.30);
insert into STATION values (1227, '.', 704, 246981.21, 5024221.08, 1183.46);
insert into STATION values (1228, '.', 704, 246981.91, 5024215.52, 1197.99);
insert into STATION values (1229, '.', 704, 246981.51, 5024218.68, 1181.36);
insert into STATION values (1230, '.', 704, 246984.23, 5024219.72, 1196.91);
insert into STATION values (1231, 'bivy30', 704, 246983.78, 5024219.58, 1196.93);
insert into STATION values (1232, '.', 704, 246983.49, 5024218.41, 1197.04);
insert into STATION values (1233, '.', 704, 246980.99, 5024216.79, 1197.37);
insert into STATION values (1234, '.', 704, 246979.60, 5024217.83, 1197.36);
insert into STATION values (1235, '.', 704, 246980.56, 5024221.32, 1196.88);
insert into STATION values (1236, '.', 704, 246975.82, 5024219.74, 1196.62);
insert into STATION values (1237, '.', 704, 246978.93, 5024217.91, 1196.62);
insert into STATION values (1238, '.', 704, 246979.57, 5024220.47, 1205.36);
insert into STATION values (1239, '.', 704, 246980.13, 5024218.78, 1182.80);
insert into STATION values (1240, '.', 704, 246984.82, 5024220.98, 1207.85);
insert into STATION values (1241, '.', 704, 246985.14, 5024221.02, 1206.21);
insert into STATION values (1242, '.', 704, 246987.26, 5024221.69, 1197.52);
insert into STATION values (1243, '.', 704, 246983.35, 5024222.24, 1196.86);
insert into STATION values (1244, '.', 704, 246979.61, 5024217.65, 1196.91);
insert into STATION values (1245, '.', 704, 246979.67, 5024220.24, 1196.80);
insert into STATION values (1246, 'bivy31', 704, 246982.48, 5024219.81, 1215.28);
insert into STATION values (1247, '.', 704, 246983.48, 5024222.53, 1215.21);
insert into STATION values (1248, '.', 704, 246987.80, 5024218.88, 1215.50);
insert into STATION values (1249, '.', 704, 246987.61, 5024222.18, 1214.63);
insert into STATION values (1250, '.', 704, 246985.74, 5024222.24, 1214.34);
insert into STATION values (1251, '.', 704, 246980.52, 5024222.67, 1215.43);
insert into STATION values (1252, '.', 704, 246982.71, 5024222.49, 1215.23);
insert into STATION values (1253, '.', 704, 246983.86, 5024222.48, 1220.33);
insert into STATION values (1254, '.', 704, 246982.86, 5024221.08, 1209.58);
insert into STATION values (1255, 'bivy32', 704, 246980.98, 5024221.55, 1240.60);
insert into STATION values (1256, '.', 704, 246979.59, 5024220.56, 1240.58);
insert into STATION values (1257, '.', 704, 246981.40, 5024219.08, 1240.51);
insert into STATION values (1258, '.', 704, 246983.99, 5024217.92, 1240.62);
insert into STATION values (1259, '.', 704, 246983.85, 5024220.51, 1241.52);
insert into STATION values (1260, '.', 704, 246983.72, 5024221.74, 1242.63);
insert into STATION values (1261, '.', 704, 246982.73, 5024221.18, 1246.20);
insert into STATION values (1262, '.', 704, 246984.46, 5024217.39, 1238.06);
insert into STATION values (1263, '.', 704, 246978.18, 5024221.56, 1235.27);
insert into STATION values (1264, '.', 704, 246980.12, 5024222.83, 1237.32);
insert into STATION values (1265, '.', 704, 246980.32, 5024220.20, 1239.24);
insert into STATION values (1266, 'bivy33', 704, 246979.91, 5024221.19, 1247.28);
insert into STATION values (1267, '.', 704, 246980.70, 5024221.90, 1247.26);
insert into STATION values (1268, '.', 704, 246982.57, 5024220.64, 1247.23);
insert into STATION values (1269, '.', 704, 246980.39, 5024220.40, 1247.23);
insert into STATION values (1270, '.', 704, 246980.44, 5024220.49, 1249.63);
insert into STATION values (1271, '.', 704, 246979.95, 5024221.65, 1248.44);
insert into STATION values (1272, '.', 704, 246979.37, 5024221.45, 1247.24);
insert into STATION values (1273, '.', 704, 246979.90, 5024222.01, 1247.32);
insert into STATION values (1274, 'bivy34', 704, 246977.70, 5024222.70, 1246.24);
insert into STATION values (1275, '.', 704, 246977.62, 5024221.97, 1246.25);
insert into STATION values (1276, '.', 704, 246977.51, 5024222.31, 1247.54);
insert into STATION values (1277, '.', 704, 246977.92, 5024222.28, 1242.56);
insert into STATION values (1278, '.', 704, 246975.74, 5024222.44, 1245.95);
insert into STATION values (1279, '.', 704, 246978.75, 5024222.27, 1246.10);
insert into STATION values (1280, 'bivy35', 704, 246973.77, 5024221.07, 1247.91);
insert into STATION values (1281, '.', 704, 246973.84, 5024220.81, 1247.92);
insert into STATION values (1282, '.', 704, 246973.61, 5024221.30, 1247.97);
insert into STATION values (1283, '.', 704, 246974.22, 5024221.35, 1250.17);
insert into STATION values (1284, '.', 704, 246973.61, 5024220.89, 1246.93);
insert into STATION values (1285, '.', 704, 246971.28, 5024221.70, 1250.61);
insert into STATION values (1286, 'bivy36', 704, 246972.19, 5024221.79, 1250.02);
insert into STATION values (1287, '.', 704, 246972.32, 5024220.94, 1250.09);
insert into STATION values (1288, '.', 704, 246973.10, 5024221.15, 1250.14);
insert into STATION values (1289, '.', 704, 246973.17, 5024221.72, 1250.22);
insert into STATION values (1290, '.', 704, 246970.48, 5024221.37, 1250.18);
insert into STATION values (1291, '.', 704, 246972.41, 5024221.23, 1247.69);
insert into STATION values (1292, '.', 704, 246971.58, 5024221.74, 1258.72);
insert into STATION values (1293, 'bivy37', 704, 246968.71, 5024220.31, 1257.44);
insert into STATION values (1294, '.', 704, 246972.94, 5024221.01, 1257.04);
insert into STATION values (1295, '.', 704, 246968.64, 5024220.87, 1261.28);
insert into STATION values (1296, '.', 704, 246968.72, 5024219.92, 1257.48);
insert into STATION values (1297, '.', 704, 246968.92, 5024220.95, 1257.36);
insert into STATION values (1298, '.', 704, 246967.71, 5024220.62, 1257.45);
insert into STATION values (1299, '.', 704, 246965.37, 5024221.79, 1257.47);
insert into STATION values (1300, '.', 704, 246967.93, 5024220.89, 1257.50);
insert into STATION values (1301, '.', 704, 246967.52, 5024220.69, 1255.36);
insert into STATION values (1302, 'bivy38', 704, 246965.06, 5024220.64, 1264.75);
insert into STATION values (1303, '.', 704, 246964.95, 5024224.00, 1264.59);
insert into STATION values (1304, '.', 704, 246966.54, 5024222.90, 1263.18);
insert into STATION values (1305, '.', 704, 246965.28, 5024221.85, 1265.93);
insert into STATION values (1306, '.', 704, 246964.95, 5024219.92, 1264.90);
insert into STATION values (1307, '.', 704, 246965.61, 5024220.30, 1264.68);
insert into STATION values (1308, '.', 704, 246967.41, 5024219.54, 1262.99);
insert into STATION values (1309, '.', 704, 246964.87, 5024220.84, 1266.13);
insert into STATION values (1310, '.', 704, 246964.44, 5024221.35, 1264.74);
insert into STATION values (1311, 'bivy39', 704, 246963.28, 5024218.79, 1266.37);
insert into STATION values (1312, '.', 704, 246963.35, 5024219.38, 1266.31);
insert into STATION values (1313, '.', 704, 246963.33, 5024218.93, 1266.56);
insert into STATION values (1314, '.', 704, 246963.47, 5024219.15, 1264.57);
insert into STATION values (1315, '.', 704, 246963.24, 5024219.33, 1265.88);
insert into STATION values (1316, 'bivy40', 704, 246960.70, 5024217.62, 1267.10);
insert into STATION values (1317, '.', 704, 246960.61, 5024218.17, 1267.22);
insert into STATION values (1318, '.', 704, 246963.18, 5024218.09, 1267.19);
insert into STATION values (1319, '.', 704, 246960.52, 5024217.48, 1267.17);
insert into STATION values (1320, '.', 704, 246960.27, 5024215.50, 1267.57);
insert into STATION values (1321, '.', 704, 246960.48, 5024218.19, 1267.22);
insert into STATION values (1322, '.', 704, 246963.71, 5024216.82, 1267.39);
insert into STATION values (1323, '.', 704, 246961.62, 5024216.43, 1267.54);
insert into STATION values (1324, '.', 704, 246962.69, 5024217.63, 1274.13);
insert into STATION values (1325, '.', 704, 246959.30, 5024217.79, 1272.56);
insert into STATION values (1326, '.', 704, 246963.77, 5024218.13, 1264.81);
insert into STATION values (1327, 'bivy41', 704, 246961.61, 5024220.36, 1285.62);
insert into STATION values (1328, '.', 704, 246960.31, 5024220.56, 1285.60);
insert into STATION values (1329, '.', 704, 246961.40, 5024218.25, 1286.30);
insert into STATION values (1330, '.', 704, 246962.02, 5024219.68, 1285.92);
insert into STATION values (1331, '.', 704, 246962.76, 5024218.09, 1283.17);
insert into STATION values (1332, '.', 704, 246960.94, 5024217.94, 1282.89);
insert into STATION values (1333, '.', 704, 246961.14, 5024218.67, 1287.70);
insert into STATION values (1334, '.', 704, 246959.82, 5024220.20, 1290.42);
insert into STATION values (1335, 'bivy42', 704, 246959.92, 5024221.33, 1291.56);
insert into STATION values (1336, '.', 704, 246961.20, 5024220.58, 1291.53);
insert into STATION values (1337, '.', 704, 246958.21, 5024222.51, 1292.05);
insert into STATION values (1338, '.', 704, 246959.78, 5024223.02, 1291.82);
insert into STATION values (1339, '.', 704, 246959.25, 5024222.53, 1290.85);
insert into STATION values (1340, '.', 704, 246960.77, 5024222.33, 1291.78);
insert into STATION values (1341, '.', 704, 246961.46, 5024221.04, 1291.82);
insert into STATION values (1342, '.', 704, 246961.30, 5024219.56, 1289.99);
insert into STATION values (1343, '.', 704, 246959.54, 5024221.90, 1290.17);
insert into STATION values (1344, 'bivy43', 704, 246957.02, 5024223.94, 1304.26);
insert into STATION values (1345, '.', 704, 246956.27, 5024223.55, 1304.38);
insert into STATION values (1346, '.', 704, 246956.61, 5024224.86, 1310.47);
insert into STATION values (1347, '.', 704, 246955.71, 5024226.86, 1305.82);
insert into STATION values (1348, '.', 704, 246955.10, 5024226.23, 1305.94);
insert into STATION values (1349, '.', 704, 246957.26, 5024223.14, 1305.22);
insert into STATION values (1350, '.', 704, 246957.14, 5024222.85, 1303.96);
insert into STATION values (1351, 'bivy44', 704, 246954.61, 5024226.78, 1304.74);
insert into STATION values (1352, '.', 704, 246954.96, 5024227.14, 1304.70);
insert into STATION values (1353, '.', 704, 246955.18, 5024227.14, 1309.19);
insert into STATION values (1354, '.', 704, 246957.00, 5024224.18, 1305.93);
insert into STATION values (1355, '.', 704, 246954.58, 5024227.09, 1302.93);
insert into STATION values (1356, '.', 704, 246955.97, 5024225.16, 1303.57);
insert into STATION values (1357, '.', 704, 246951.15, 5024229.69, 1304.68);
insert into STATION values (1358, '.', 704, 246953.20, 5024229.54, 1304.60);
insert into STATION values (1359, '.', 704, 246953.95, 5024228.76, 1304.58);
insert into STATION values (1360, '.', 704, 246954.53, 5024227.46, 1304.71);
insert into STATION values (1361, '.', 704, 246952.15, 5024227.33, 1294.72);
insert into STATION values (1362, '.', 704, 246953.46, 5024229.03, 1301.56);
insert into STATION values (1363, '.', 704, 246953.18, 5024229.46, 1305.06);
insert into STATION values (1364, '.', 704, 246950.48, 5024228.82, 1300.75);
insert into STATION values (1365, '.', 704, 246950.44, 5024229.12, 1300.53);
insert into STATION values (1366, 'bivy45', 704, 246952.74, 5024228.99, 1307.51);
insert into STATION values (1367, '.', 704, 246952.24, 5024228.68, 1307.52);
insert into STATION values (1368, '.', 704, 246953.90, 5024226.92, 1307.97);
insert into STATION values (1369, '.', 704, 246953.36, 5024228.94, 1307.55);
insert into STATION values (1370, '.', 704, 246951.21, 5024230.08, 1307.62);
insert into STATION values (1371, '.', 704, 246950.22, 5024229.21, 1307.50);
insert into STATION values (1372, '.', 704, 246953.05, 5024227.35, 1294.66);
insert into STATION values (1373, '.', 704, 246953.66, 5024229.06, 1302.29);
insert into STATION values (1374, '.', 704, 246953.69, 5024227.62, 1310.42);
insert into STATION values (1375, 'bivy46', 704, 246951.85, 5024230.55, 1312.67);
insert into STATION values (1376, '.', 704, 246951.55, 5024230.14, 1312.65);
insert into STATION values (1377, '.', 704, 246951.86, 5024230.14, 1313.42);
insert into STATION values (1378, '.', 704, 246951.27, 5024230.67, 1312.88);
insert into STATION values (1379, '.', 704, 246952.36, 5024229.73, 1312.76);
insert into STATION values (1380, '.', 704, 246951.54, 5024230.44, 1310.79);
insert into STATION values (1381, 'bivy47', 704, 246950.79, 5024230.50, 1313.40);
insert into STATION values (1382, '.', 704, 246951.10, 5024230.25, 1313.32);
insert into STATION values (1383, '.', 704, 246951.14, 5024230.17, 1313.04);
insert into STATION values (1384, '.', 704, 246950.81, 5024230.32, 1312.78);
insert into STATION values (1385, '.', 704, 246950.82, 5024230.43, 1313.68);
insert into STATION values (1386, 'bivy48', 704, 246949.44, 5024228.32, 1313.65);
insert into STATION values (1387, '.', 704, 246948.82, 5024227.66, 1314.06);
insert into STATION values (1388, '.', 704, 246949.22, 5024228.50, 1314.87);
insert into STATION values (1389, '.', 704, 246949.69, 5024228.28, 1313.85);
insert into STATION values (1390, '.', 704, 246948.05, 5024228.98, 1313.78);
insert into STATION values (1391, '.', 704, 246948.56, 5024228.04, 1313.80);
insert into STATION values (1392, '.', 704, 246948.16, 5024228.96, 1315.07);
insert into STATION values (1393, '.', 704, 246947.53, 5024227.62, 1315.66);
insert into STATION values (1394, '.', 704, 246947.76, 5024228.20, 1316.61);
insert into STATION values (1395, '.', 704, 246945.00, 5024228.69, 1314.37);
insert into STATION values (1396, 'bivy49', 704, 246942.10, 5024228.24, 1317.30);
insert into STATION values (1397, '.', 704, 246946.59, 5024227.75, 1317.52);
insert into STATION values (1398, '.', 704, 246946.37, 5024224.87, 1317.83);
insert into STATION values (1399, '.', 704, 246944.46, 5024224.72, 1317.66);
insert into STATION values (1400, '.', 704, 246943.97, 5024229.10, 1317.35);
insert into STATION values (1401, '.', 704, 246942.06, 5024229.62, 1317.44);
insert into STATION values (1402, '.', 704, 246944.70, 5024228.05, 1314.34);
insert into STATION values (1403, '.', 704, 246944.88, 5024227.32, 1322.12);
insert into STATION values (1404, '.', 704, 246944.71, 5024224.34, 1322.00);
insert into STATION values (1405, '.', 704, 246943.95, 5024229.32, 1320.80);
insert into STATION values (1406, 'bivy50', 704, 246945.99, 5024226.70, 1316.90);
insert into STATION values (1407, '.', 704, 246942.67, 5024226.59, 1316.71);
insert into STATION values (1408, '.', 704, 246941.90, 5024229.35, 1317.39);
insert into STATION values (1409, '.', 704, 246945.33, 5024228.63, 1317.98);
insert into STATION values (1410, '.', 704, 246945.51, 5024224.18, 1316.41);
insert into STATION values (1411, '.', 704, 246945.52, 5024226.60, 1318.92);
insert into STATION values (1412, 'bivy51', 704, 246942.04, 5024226.06, 1333.30);
insert into STATION values (1413, '.', 704, 246942.12, 5024223.93, 1333.11);
insert into STATION values (1414, '.', 704, 246945.15, 5024223.07, 1332.96);
insert into STATION values (1415, '.', 704, 246942.31, 5024226.00, 1333.30);
insert into STATION values (1416, '.', 704, 246945.03, 5024225.11, 1333.51);
insert into STATION values (1417, '.', 704, 246939.94, 5024225.90, 1333.57);
insert into STATION values (1418, '.', 704, 246945.22, 5024225.31, 1329.61);
insert into STATION values (1419, '.', 704, 246942.22, 5024223.60, 1332.05);
insert into STATION values (1420, '.', 704, 246941.72, 5024223.62, 1335.34);
insert into STATION values (1421, '.', 704, 246944.30, 5024224.45, 1335.80);
insert into STATION values (1422, '.', 704, 246939.13, 5024224.78, 1337.60);
insert into STATION values (1423, 'bivy52', 704, 246939.80, 5024224.86, 1343.99);
insert into STATION values (1424, '.', 704, 246939.74, 5024224.77, 1344.08);
insert into STATION values (1425, '.', 704, 246939.75, 5024225.43, 1344.05);
insert into STATION values (1426, '.', 704, 246939.67, 5024224.50, 1349.54);
insert into STATION values (1427, '.', 704, 246940.17, 5024223.64, 1353.99);
insert into STATION values (1428, '.', 704, 246937.90, 5024226.09, 1343.92);
insert into STATION values (1429, '.', 704, 246939.67, 5024224.60, 1344.06);
insert into STATION values (1430, '.', 704, 246939.89, 5024223.44, 1347.00);
insert into STATION values (1431, '.', 704, 246938.83, 5024224.34, 1339.77);
insert into STATION values (1432, '.', 704, 246938.11, 5024225.10, 1341.00);
insert into STATION values (1433, 'bivy53', 704, 246935.75, 5024226.48, 1346.05);
insert into STATION values (1434, '.', 704, 246935.94, 5024225.91, 1346.15);
insert into STATION values (1435, '.', 704, 246936.02, 5024225.61, 1346.73);
insert into STATION values (1436, '.', 704, 246936.35, 5024225.80, 1350.37);
insert into STATION values (1437, '.', 704, 246936.31, 5024226.37, 1346.06);
insert into STATION values (1438, '.', 704, 246936.41, 5024226.47, 1344.04);
insert into STATION values (1439, '.', 704, 246934.31, 5024225.78, 1355.26);
insert into STATION values (1440, 'bivy54', 704, 246932.56, 5024223.71, 1347.96);
insert into STATION values (1441, '.', 704, 246932.91, 5024220.80, 1347.95);
insert into STATION values (1442, '.', 704, 246931.18, 5024223.23, 1348.72);
insert into STATION values (1443, '.', 704, 246931.88, 5024225.79, 1348.72);
insert into STATION values (1444, '.', 704, 246934.32, 5024223.99, 1348.05);
insert into STATION values (1445, '.', 704, 246933.56, 5024218.09, 1373.10);
insert into STATION values (1446, '.', 704, 246933.35, 5024222.49, 1347.44);
insert into STATION values (1447, '.', 704, 246932.36, 5024225.21, 1347.08);
insert into STATION values (1448, 'bivy55', 704, 246934.42, 5024220.18, 1347.89);
insert into STATION values (1449, '.', 704, 246935.64, 5024220.67, 1347.91);
insert into STATION values (1450, '.', 704, 246935.10, 5024221.45, 1347.72);
insert into STATION values (1451, '.', 704, 246934.29, 5024220.60, 1347.94);
insert into STATION values (1452, '.', 704, 246933.51, 5024222.97, 1347.67);
insert into STATION values (1453, '.', 704, 246934.98, 5024220.39, 1356.66);
insert into STATION values (1454, 'bivy56', 704, 246935.82, 5024220.08, 1347.03);
insert into STATION values (1455, '.', 704, 246935.79, 5024219.41, 1347.01);
insert into STATION values (1456, '.', 704, 246935.99, 5024220.53, 1346.97);
insert into STATION values (1457, '.', 704, 246935.88, 5024219.49, 1345.36);
insert into STATION values (1458, '.', 704, 246935.91, 5024219.86, 1347.33);
insert into STATION values (1459, '0', 1003, 247026.90, 5024172.68, 1068.76);
insert into STATION values (1460, '1', 1003, 247029.76, 5024172.89, 1068.87);
insert into STATION values (1461, '.', 1003, 247029.70, 5024172.38, 1068.88);
insert into STATION values (1462, '.', 1003, 247029.76, 5024172.68, 1069.16);
insert into STATION values (1463, '.', 1003, 247029.31, 5024173.01, 1065.79);
insert into STATION values (1464, '.', 1003, 247030.05, 5024173.43, 1068.20);
insert into STATION values (1465, '2', 1003, 247032.47, 5024170.90, 1065.06);
insert into STATION values (1466, '.', 1003, 247031.90, 5024170.29, 1065.07);
insert into STATION values (1467, '.', 1003, 247032.49, 5024170.54, 1065.99);
insert into STATION values (1468, '.', 1003, 247032.43, 5024170.58, 1061.89);
insert into STATION values (1469, '.', 1003, 247034.00, 5024169.70, 1064.48);
insert into STATION values (1470, '.', 1003, 247031.69, 5024171.42, 1064.78);
insert into STATION values (1471, '3', 1003, 247033.82, 5024169.81, 1060.94);
insert into STATION values (1472, '.', 1003, 247033.20, 5024169.59, 1061.00);
insert into STATION values (1473, '.', 1003, 247033.24, 5024169.33, 1064.10);
insert into STATION values (1474, '.', 1003, 247033.22, 5024169.51, 1057.46);
insert into STATION values (1475, '.', 1003, 247032.97, 5024170.73, 1060.48);
insert into STATION values (1476, '.', 1003, 247035.19, 5024168.13, 1060.48);
insert into STATION values (1477, '4', 1003, 247035.13, 5024168.29, 1057.20);
insert into STATION values (1478, '.', 1003, 247035.65, 5024168.80, 1057.22);
insert into STATION values (1479, '.', 1003, 247035.04, 5024168.99, 1062.57);
insert into STATION values (1480, '.', 1003, 247036.42, 5024166.80, 1049.43);
insert into STATION values (1481, '.', 1003, 247037.30, 5024167.38, 1056.98);
insert into STATION values (1482, '5', 1003, 247039.77, 5024167.18, 1046.64);
insert into STATION values (1483, '.', 1003, 247041.14, 5024168.21, 1046.74);
insert into STATION values (1484, '.', 1003, 247039.84, 5024167.26, 1045.11);
insert into STATION values (1485, '.', 1003, 247041.04, 5024167.13, 1047.15);
insert into STATION values (1486, '.', 1003, 247040.25, 5024167.01, 1047.71);
insert into STATION values (1487, '.', 1003, 247038.51, 5024167.87, 1046.60);
insert into STATION values (1488, '6', 1003, 247042.74, 5024166.68, 1043.98);
insert into STATION values (1489, '.', 1003, 247042.96, 5024167.17, 1043.91);
insert into STATION values (1490, '.', 1003, 247043.03, 5024166.83, 1044.89);
insert into STATION values (1491, '.', 1003, 247043.69, 5024164.50, 1033.15);
insert into STATION values (1492, '.', 1003, 247048.53, 5024166.31, 1025.47);
insert into STATION values (1493, '.', 1003, 247048.82, 5024165.60, 1020.09);
insert into STATION values (1494, '7', 1003, 247045.06, 5024166.78, 1043.34);
insert into STATION values (1495, '.', 1003, 247044.98, 5024166.55, 1043.31);
insert into STATION values (1496, '.', 1003, 247045.78, 5024166.83, 1043.34);
insert into STATION values (1497, '.', 1003, 247044.82, 5024166.80, 1042.13);
insert into STATION values (1498, '.', 1003, 247044.91, 5024166.86, 1043.86);
insert into STATION values (1499, '8', 1003, 247047.08, 5024163.54, 1036.94);
insert into STATION values (1500, '.', 1003, 247049.79, 5024163.96, 1015.26);
insert into STATION values (1501, '.', 1003, 247047.86, 5024164.71, 1037.08);
insert into STATION values (1502, '.', 1003, 247047.62, 5024164.54, 1041.33);
insert into STATION values (1503, '.', 1003, 247047.32, 5024163.72, 1034.43);
insert into STATION values (1504, '.', 1003, 247046.22, 5024165.43, 1037.10);
insert into STATION values (1505, '.', 1003, 247048.51, 5024162.12, 1036.79);
insert into STATION values (1506, '9', 1003, 247050.64, 5024160.80, 1031.53);
insert into STATION values (1507, '.', 1003, 247051.63, 5024161.27, 1031.48);
insert into STATION values (1508, '.', 1003, 247050.09, 5024160.62, 1031.66);
insert into STATION values (1509, '.', 1003, 247050.81, 5024160.29, 1026.46);
insert into STATION values (1510, '.', 1003, 247050.00, 5024159.80, 1021.40);
insert into STATION values (1511, '.', 1003, 247049.07, 5024163.99, 1031.66);
insert into STATION values (1512, '.', 1003, 247051.43, 5024160.30, 1031.24);
insert into STATION values (1513, '10', 1003, 247053.56, 5024157.68, 1021.55);
insert into STATION values (1514, '.', 1003, 247053.57, 5024157.48, 1025.11);
insert into STATION values (1515, '.', 1003, 247053.78, 5024158.69, 1021.88);
insert into STATION values (1516, '.', 1003, 247055.38, 5024157.64, 1021.55);
insert into STATION values (1517, '.', 1003, 247053.99, 5024156.37, 1021.50);
insert into STATION values (1518, '.', 1003, 247052.52, 5024156.36, 1021.82);
insert into STATION values (1519, '11', 1003, 247056.45, 5024157.98, 1020.05);
insert into STATION values (1520, '.', 1003, 247056.02, 5024157.38, 1020.04);
insert into STATION values (1521, '.', 1003, 247056.49, 5024157.97, 1020.25);
insert into STATION values (1522, '.', 1003, 247056.41, 5024157.97, 1019.91);
insert into STATION values (1523, '12', 1003, 247057.53, 5024156.94, 1020.00);
insert into STATION values (1524, '.', 1003, 247057.55, 5024157.41, 1019.99);
insert into STATION values (1525, '.', 1003, 247057.64, 5024156.91, 1020.50);
insert into STATION values (1526, '.', 1003, 247057.57, 5024157.04, 1019.64);
insert into STATION values (1527, '13', 1003, 247059.55, 5024157.23, 1019.75);
insert into STATION values (1528, '.', 1003, 247059.50, 5024156.75, 1019.75);
insert into STATION values (1529, '.', 1003, 247059.55, 5024157.37, 1019.78);
insert into STATION values (1530, '.', 1003, 247059.50, 5024157.35, 1019.77);
insert into STATION values (1531, '.', 1003, 247059.70, 5024157.19, 1020.45);
insert into STATION values (1532, '.', 1003, 247059.81, 5024157.00, 1018.20);
insert into STATION values (1533, '14', 1003, 247062.30, 5024156.00, 1018.16);
insert into STATION values (1534, '.', 1003, 247062.43, 5024156.28, 1018.17);
insert into STATION values (1535, '.', 1003, 247062.10, 5024155.63, 1018.17);
insert into STATION values (1536, '.', 1003, 247062.34, 5024155.87, 1018.61);
insert into STATION values (1537, '.', 1003, 247062.18, 5024155.68, 1015.64);
insert into STATION values (1538, '15', 1003, 247064.17, 5024154.65, 1016.46);
insert into STATION values (1539, '.', 1003, 247063.88, 5024155.37, 1016.47);
insert into STATION values (1540, '.', 1003, 247063.82, 5024154.99, 1018.32);
insert into STATION values (1541, '.', 1003, 247064.33, 5024154.77, 1014.87);
insert into STATION values (1542, '16', 1003, 247067.17, 5024156.47, 1013.78);
insert into STATION values (1543, '.', 1003, 247066.95, 5024156.89, 1013.82);
insert into STATION values (1544, '.', 1003, 247067.28, 5024156.01, 1013.63);
insert into STATION values (1545, '.', 1003, 247068.27, 5024156.76, 1013.34);
insert into STATION values (1546, '.', 1003, 247067.19, 5024156.50, 1010.06);
insert into STATION values (1547, '.', 1003, 247065.71, 5024155.65, 1013.17);
insert into STATION values (1548, '.', 1003, 247064.88, 5024154.60, 1013.12);
insert into STATION values (1549, '17', 1003, 247073.42, 5024155.54, 1003.51);
insert into STATION values (1550, '.', 1003, 247070.61, 5024152.88, 1003.91);
insert into STATION values (1551, '.', 1003, 247070.71, 5024155.78, 1004.90);
insert into STATION values (1552, '.', 1003, 247073.16, 5024156.75, 1003.55);
insert into STATION values (1553, '.', 1003, 247074.48, 5024155.41, 1003.94);
insert into STATION values (1554, '.', 1003, 247072.45, 5024155.79, 1001.72);
insert into STATION values (1555, '18', 1003, 247073.52, 5024158.01, 1000.67);
insert into STATION values (1556, '.', 1003, 247073.61, 5024157.86, 999.25);
insert into STATION values (1557, '.', 1003, 247073.61, 5024157.63, 1002.96);
insert into STATION values (1558, '.', 1003, 247072.35, 5024158.22, 1000.90);
insert into STATION values (1559, '.', 1003, 247073.85, 5024156.00, 1000.24);
insert into STATION values (1560, '.', 1003, 247072.71, 5024157.06, 1000.67);
insert into STATION values (1561, '19', 1003, 247075.76, 5024156.61, 999.46);
insert into STATION values (1562, '.', 1003, 247075.60, 5024157.22, 999.59);
insert into STATION values (1563, '.', 1003, 247075.61, 5024156.08, 999.45);
insert into STATION values (1564, '.', 1003, 247075.93, 5024156.75, 998.55);
insert into STATION values (1565, '.', 1003, 247075.85, 5024156.83, 1000.15);
insert into STATION values (1566, '20', 1003, 247076.98, 5024156.65, 999.40);
insert into STATION values (1567, '.', 1003, 247077.39, 5024156.87, 999.40);
insert into STATION values (1568, '.', 1003, 247077.01, 5024156.69, 998.37);
insert into STATION values (1569, '.', 1003, 247077.06, 5024156.68, 999.71);
insert into STATION values (1570, '.', 1003, 247076.43, 5024157.17, 999.49);
insert into STATION values (1571, '21', 1003, 247076.63, 5024159.70, 999.94);
insert into STATION values (1572, '.', 1003, 247076.22, 5024159.47, 999.94);
insert into STATION values (1573, '.', 1003, 247077.27, 5024159.90, 999.89);
insert into STATION values (1574, '.', 1003, 247077.14, 5024159.03, 999.83);
insert into STATION values (1575, '.', 1003, 247077.22, 5024159.28, 997.65);
insert into STATION values (1576, '.', 1003, 247076.81, 5024159.41, 1000.89);
insert into STATION values (1577, '.', 1003, 247077.10, 5024158.67, 998.63);
insert into STATION values (1578, '.', 1003, 247077.86, 5024159.26, 998.42);
insert into STATION values (1579, '22', 1003, 247078.41, 5024159.41, 999.27);
insert into STATION values (1580, '.', 1003, 247078.24, 5024159.90, 999.30);
insert into STATION values (1581, '.', 1003, 247078.35, 5024159.44, 999.58);
insert into STATION values (1582, '.', 1003, 247078.59, 5024159.59, 996.90);
insert into STATION values (1583, '23', 1003, 247080.26, 5024161.53, 998.44);
insert into STATION values (1584, '.', 1003, 247080.14, 5024160.65, 998.43);
insert into STATION values (1585, '.', 1003, 247080.21, 5024161.52, 997.36);
insert into STATION values (1586, '.', 1003, 247080.26, 5024161.64, 998.86);
insert into STATION values (1587, '.', 1003, 247080.92, 5024160.30, 997.62);
insert into STATION values (1588, '.', 1003, 247079.80, 5024160.34, 998.20);
insert into STATION values (1589, '.', 1003, 247080.29, 5024161.51, 997.88);
insert into STATION values (1590, '24', 1003, 247082.08, 5024160.33, 996.28);
insert into STATION values (1591, '.', 1003, 247082.07, 5024161.07, 996.40);
insert into STATION values (1592, '.', 1003, 247082.30, 5024161.06, 997.27);
insert into STATION values (1593, '.', 1003, 247082.17, 5024160.36, 994.90);
insert into STATION values (1594, '.', 1003, 247082.53, 5024160.52, 997.41);
insert into STATION values (1595, '.', 1003, 247080.84, 5024160.41, 996.16);
insert into STATION values (1596, '.', 1003, 247083.37, 5024161.07, 995.91);
insert into STATION values (1597, '.', 1003, 247083.47, 5024160.87, 996.99);
insert into STATION values (1598, '25', 1003, 247084.52, 5024160.74, 995.32);
insert into STATION values (1599, '.', 1003, 247084.10, 5024161.17, 995.34);
insert into STATION values (1600, '.', 1003, 247084.40, 5024160.68, 994.91);
insert into STATION values (1601, '.', 1003, 247084.42, 5024160.81, 995.59);
insert into STATION values (1602, '.', 1003, 247084.60, 5024161.04, 993.30);
insert into STATION values (1603, '.', 1003, 247085.32, 5024161.77, 995.08);
insert into STATION values (1604, '.', 1003, 247083.99, 5024160.18, 995.35);
insert into STATION values (1605, '26', 1003, 247085.44, 5024161.70, 995.03);
insert into STATION values (1606, '.', 1003, 247085.36, 5024162.32, 995.27);
insert into STATION values (1607, '.', 1003, 247085.88, 5024161.08, 995.05);
insert into STATION values (1608, '.', 1003, 247085.53, 5024161.78, 992.89);
insert into STATION values (1609, '.', 1003, 247085.72, 5024161.72, 995.73);
insert into STATION values (1610, '.', 1003, 247084.88, 5024161.66, 995.05);
insert into STATION values (1611, '.', 1003, 247081.89, 5024160.15, 998.07);
insert into STATION values (1612, '.', 1003, 247086.93, 5024162.02, 994.94);
insert into STATION values (1613, '.', 1003, 247086.60, 5024161.45, 993.81);
insert into STATION values (1614, '27', 1003, 247088.08, 5024162.16, 993.97);
insert into STATION values (1615, '.', 1003, 247087.65, 5024161.59, 993.93);
insert into STATION values (1616, '.', 1003, 247088.00, 5024161.85, 992.42);
insert into STATION values (1617, '.', 1003, 247088.14, 5024161.81, 994.74);
insert into STATION values (1618, '.', 1003, 247088.19, 5024162.45, 993.98);
insert into STATION values (1619, '28', 1003, 247094.32, 5024161.33, 992.00);
insert into STATION values (1620, '.', 1003, 247094.89, 5024159.76, 986.50);
insert into STATION values (1621, '.', 1003, 247094.34, 5024162.18, 992.00);
insert into STATION values (1622, '.', 1003, 247094.57, 5024161.40, 992.78);
insert into STATION values (1623, '.', 1003, 247094.53, 5024161.74, 990.80);
insert into STATION values (1624, '.', 1003, 247094.69, 5024161.60, 991.30);
insert into STATION values (1625, '.', 1003, 247094.90, 5024161.52, 992.50);
insert into STATION values (1626, '29', 1003, 247097.17, 5024162.62, 990.86);
insert into STATION values (1627, '.', 1003, 247096.75, 5024163.08, 990.89);
insert into STATION values (1628, '.', 1003, 247096.96, 5024162.61, 989.72);
insert into STATION values (1629, '.', 1003, 247097.08, 5024162.68, 991.19);
insert into STATION values (1630, '.', 1003, 247097.33, 5024162.31, 990.80);
insert into STATION values (1631, '.', 1003, 247096.54, 5024164.33, 990.23);
insert into STATION values (1632, '.', 1003, 247097.14, 5024164.02, 989.94);
insert into STATION values (1633, '.', 1003, 247097.99, 5024163.00, 990.38);
insert into STATION values (1634, '30', 1003, 247098.65, 5024163.49, 990.07);
insert into STATION values (1635, '.', 1003, 247098.22, 5024163.36, 990.09);
insert into STATION values (1636, '.', 1003, 247098.44, 5024163.44, 990.74);
insert into STATION values (1637, '.', 1003, 247098.66, 5024163.50, 989.40);
insert into STATION values (1638, '31', 1003, 247099.13, 5024164.21, 989.71);
insert into STATION values (1639, '.', 1003, 247099.25, 5024163.69, 989.71);
insert into STATION values (1640, '.', 1003, 247099.14, 5024164.29, 990.05);
insert into STATION values (1641, '.', 1003, 247099.28, 5024164.14, 989.08);
insert into STATION values (1642, '.', 1003, 247100.24, 5024162.66, 987.85);
insert into STATION values (1643, '.', 1003, 247100.11, 5024163.62, 989.47);
insert into STATION values (1644, '.', 1003, 247098.50, 5024163.68, 989.92);
insert into STATION values (1645, '32', 1003, 247100.16, 5024161.28, 986.83);
insert into STATION values (1646, '.', 1003, 247100.36, 5024162.17, 986.80);
insert into STATION values (1647, '.', 1003, 247100.48, 5024161.46, 987.16);
insert into STATION values (1648, '.', 1003, 247100.11, 5024161.59, 986.13);
insert into STATION values (1649, '.', 1003, 247099.04, 5024161.22, 986.96);
insert into STATION values (1650, '.', 1003, 247100.76, 5024161.42, 986.78);
insert into STATION values (1651, '.', 1003, 247100.40, 5024161.26, 987.31);
insert into STATION values (1652, '33', 1003, 247102.66, 5024161.12, 984.53);
insert into STATION values (1653, '.', 1003, 247102.71, 5024161.21, 985.15);
insert into STATION values (1654, '.', 1003, 247102.23, 5024161.95, 984.59);
insert into STATION values (1655, '.', 1003, 247103.07, 5024161.87, 984.28);
insert into STATION values (1656, '.', 1003, 247102.07, 5024160.66, 984.70);
insert into STATION values (1657, '.', 1003, 247102.15, 5024161.17, 984.45);
insert into STATION values (1658, '.', 1003, 247102.56, 5024161.71, 983.22);
insert into STATION values (1659, '34', 1003, 247104.34, 5024159.00, 979.49);
insert into STATION values (1660, '.', 1003, 247103.38, 5024160.30, 979.82);
insert into STATION values (1661, '.', 1003, 247105.49, 5024160.22, 979.75);
insert into STATION values (1662, '.', 1003, 247104.99, 5024158.39, 979.65);
insert into STATION values (1663, '.', 1003, 247103.59, 5024158.78, 979.44);
insert into STATION values (1664, '.', 1003, 247104.41, 5024158.87, 981.22);
insert into STATION values (1665, '35', 1003, 247105.05, 5024159.80, 979.89);
insert into STATION values (1666, '.', 1003, 247106.40, 5024159.81, 979.60);
insert into STATION values (1667, '.', 1003, 247104.73, 5024160.15, 979.81);
insert into STATION values (1668, '.', 1003, 247104.90, 5024159.49, 979.46);
insert into STATION values (1669, '36', 1003, 247106.23, 5024161.07, 977.69);
insert into STATION values (1670, '.', 1003, 247105.96, 5024162.38, 977.46);
insert into STATION values (1671, '.', 1003, 247106.43, 5024160.50, 977.58);
insert into STATION values (1672, '.', 1003, 247106.41, 5024161.10, 978.68);
insert into STATION values (1673, '.', 1003, 247105.30, 5024160.24, 977.91);
insert into STATION values (1674, '37', 1003, 247108.00, 5024162.17, 976.20);
insert into STATION values (1675, '.', 1003, 247108.42, 5024161.97, 976.37);
insert into STATION values (1676, '.', 1003, 247107.70, 5024162.65, 976.26);
insert into STATION values (1677, '.', 1003, 247107.95, 5024162.22, 976.91);
insert into STATION values (1678, '.', 1003, 247108.00, 5024162.47, 977.19);
insert into STATION values (1679, '.', 1003, 247106.75, 5024160.55, 976.70);
insert into STATION values (1680, '.', 1003, 247109.21, 5024163.72, 976.49);
insert into STATION values (1681, 'boyau.0', 1181, 247097.17, 5024162.62, 990.86);
insert into STATION values (1682, 'boyau.1', 1181, 247096.47, 5024164.20, 990.12);
insert into STATION values (1683, '.', 1181, 247095.75, 5024164.35, 991.59);
insert into STATION values (1684, '.', 1181, 247096.74, 5024163.97, 990.50);
insert into STATION values (1685, '.', 1181, 247096.27, 5024163.92, 990.20);
insert into STATION values (1686, '.', 1181, 247096.72, 5024164.38, 990.17);
insert into STATION values (1687, '.', 1181, 247096.76, 5024163.73, 989.56);
insert into STATION values (1688, '.', 1181, 247096.86, 5024163.41, 990.22);
insert into STATION values (1689, '.', 1181, 247097.72, 5024162.41, 990.46);
insert into STATION values (1690, '.', 1181, 247097.33, 5024163.84, 989.75);
insert into STATION values (1691, 'boyau.2', 1181, 247095.56, 5024164.27, 991.62);
insert into STATION values (1692, '.', 1181, 247095.59, 5024164.04, 991.56);
insert into STATION values (1693, '.', 1181, 247095.78, 5024164.38, 991.61);
insert into STATION values (1694, '.', 1181, 247095.52, 5024164.38, 991.33);
insert into STATION values (1695, '.', 1181, 247095.72, 5024163.94, 991.55);
insert into STATION values (1696, '.', 1181, 247095.34, 5024164.08, 991.56);
insert into STATION values (1697, '.', 1181, 247095.16, 5024164.71, 991.38);
insert into STATION values (1698, 'boyau.3', 1181, 247094.84, 5024164.81, 991.50);
insert into STATION values (1699, '.', 1181, 247095.25, 5024164.87, 991.56);
insert into STATION values (1700, '.', 1181, 247094.93, 5024164.77, 991.97);
insert into STATION values (1701, '.', 1181, 247094.99, 5024164.73, 991.37);
insert into STATION values (1702, '.', 1181, 247094.71, 5024165.29, 991.53);
insert into STATION values (1703, '.', 1181, 247095.02, 5024164.92, 990.86);
insert into STATION values (1704, 'boyau.4', 1181, 247095.98, 5024165.40, 990.62);
insert into STATION values (1705, '.', 1181, 247095.57, 5024166.13, 990.19);
insert into STATION values (1706, '.', 1181, 247096.11, 5024165.27, 991.18);
insert into STATION values (1707, '.', 1181, 247096.18, 5024165.69, 989.57);
insert into STATION values (1708, 'boyau.5', 1181, 247097.69, 5024167.32, 987.73);
insert into STATION values (1709, '.', 1181, 247097.89, 5024167.70, 987.87);
insert into STATION values (1710, '.', 1181, 247097.84, 5024167.35, 988.17);
insert into STATION values (1711, '.', 1181, 247097.85, 5024167.01, 987.91);
insert into STATION values (1712, 'boyau.6', 1181, 247100.55, 5024166.68, 987.50);
insert into STATION values (1713, '.', 1181, 247100.35, 5024167.06, 987.56);
insert into STATION values (1714, '.', 1181, 247100.56, 5024166.92, 987.68);
insert into STATION values (1715, '.', 1181, 247100.42, 5024166.77, 987.23);
insert into STATION values (1716, 'boyau.7', 1181, 247101.86, 5024167.80, 985.81);
insert into STATION values (1717, '.', 1181, 247102.00, 5024167.32, 985.87);
insert into STATION values (1718, '.', 1181, 247101.80, 5024167.63, 986.76);
insert into STATION values (1719, '.', 1181, 247101.90, 5024168.00, 985.90);
insert into STATION values (1720, '.', 1181, 247101.15, 5024167.62, 986.26);
insert into STATION values (1721, '.', 1181, 247102.62, 5024167.28, 985.85);
insert into STATION values (1722, '.', 1181, 247102.43, 5024168.06, 985.76);
insert into STATION values (1723, 'boyau.8', 1181, 247101.75, 5024167.88, 984.51);
insert into STATION values (1724, '.', 1181, 247101.21, 5024168.23, 984.62);
insert into STATION values (1725, '.', 1181, 247101.77, 5024168.35, 984.62);
insert into STATION values (1726, '.', 1181, 247102.23, 5024167.82, 984.59);
insert into STATION values (1727, '.', 1181, 247101.79, 5024167.95, 985.51);
insert into STATION values (1728, '.', 1181, 247101.74, 5024167.80, 984.24);
insert into STATION values (1729, 'boyau.9', 1181, 247102.09, 5024168.86, 983.98);
insert into STATION values (1730, '.', 1181, 247101.74, 5024168.61, 984.22);
insert into STATION values (1731, '.', 1181, 247102.07, 5024168.99, 984.45);
insert into STATION values (1732, '.', 1181, 247102.30, 5024169.12, 984.09);
insert into STATION values (1733, '.', 1181, 247102.57, 5024168.73, 984.32);
insert into STATION values (1734, '.', 1181, 247100.87, 5024169.05, 983.94);
insert into STATION values (1735, '0', 1229, 247169.60, 5024181.40, 925.30);
insert into STATION values (1736, '.', 1229, 247169.35, 5024180.73, 927.39);
insert into STATION values (1737, '.', 1229, 247170.18, 5024181.78, 923.65);
insert into STATION values (1738, '.', 1229, 247169.25, 5024180.74, 925.18);
insert into STATION values (1739, '.', 1229, 247173.49, 5024178.64, 923.63);
insert into STATION values (1740, '.', 1229, 247171.30, 5024181.28, 923.66);
insert into STATION values (1741, '1', 1229, 247167.04, 5024181.90, 928.10);
insert into STATION values (1742, '.', 1229, 247167.13, 5024181.94, 929.50);
insert into STATION values (1743, '.', 1229, 247167.52, 5024182.23, 928.12);
insert into STATION values (1744, '2', 1229, 247162.27, 5024184.25, 929.73);
insert into STATION values (1745, '.', 1229, 247162.22, 5024184.53, 929.86);
insert into STATION values (1746, '.', 1229, 247163.59, 5024184.02, 926.41);
insert into STATION values (1747, '.', 1229, 247162.15, 5024183.91, 930.62);
insert into STATION values (1748, '3', 1229, 247159.62, 5024183.25, 932.11);
insert into STATION values (1749, '.', 1229, 247160.05, 5024182.66, 931.84);
insert into STATION values (1750, '.', 1229, 247159.49, 5024183.45, 930.64);
insert into STATION values (1751, '.', 1229, 247160.49, 5024181.06, 936.01);
insert into STATION values (1752, '4', 1229, 247159.37, 5024181.71, 932.82);
insert into STATION values (1753, '.', 1229, 247158.95, 5024182.45, 932.79);
insert into STATION values (1754, '.', 1229, 247159.07, 5024182.19, 931.38);
insert into STATION values (1755, '.', 1229, 247158.71, 5024181.97, 935.17);
insert into STATION values (1756, '5', 1229, 247156.08, 5024182.34, 934.40);
insert into STATION values (1757, '.', 1229, 247155.68, 5024181.59, 933.46);
insert into STATION values (1758, '.', 1229, 247155.83, 5024181.03, 935.19);
insert into STATION values (1759, '.', 1229, 247155.32, 5024180.43, 938.22);
insert into STATION values (1760, '.', 1229, 247153.07, 5024182.75, 934.67);
insert into STATION values (1761, '.', 1229, 247147.64, 5024181.94, 941.56);
insert into STATION values (1762, '6', 1229, 247151.51, 5024179.91, 937.86);
insert into STATION values (1763, '.', 1229, 247151.12, 5024180.20, 937.83);
insert into STATION values (1764, '.', 1229, 247151.24, 5024179.98, 936.91);
insert into STATION values (1765, '.', 1229, 247151.51, 5024179.85, 938.52);
insert into STATION values (1766, '7', 1229, 247147.14, 5024177.52, 940.45);
insert into STATION values (1767, '.', 1229, 247146.81, 5024178.00, 940.46);
insert into STATION values (1768, '.', 1229, 247147.06, 5024177.60, 939.89);
insert into STATION values (1769, '.', 1229, 247147.10, 5024177.53, 941.19);
insert into STATION values (1770, '8', 1229, 247142.99, 5024176.53, 943.10);
insert into STATION values (1771, '.', 1229, 247143.26, 5024175.92, 943.15);
insert into STATION values (1772, '.', 1229, 247143.35, 5024176.50, 942.09);
insert into STATION values (1773, '.', 1229, 247142.91, 5024176.24, 944.61);
insert into STATION values (1774, '9', 1229, 247141.07, 5024175.31, 946.52);
insert into STATION values (1775, '.', 1229, 247140.72, 5024175.10, 945.16);
insert into STATION values (1776, '.', 1229, 247141.13, 5024175.58, 946.53);
insert into STATION values (1777, '.', 1229, 247141.05, 5024175.04, 946.27);
insert into STATION values (1778, '10', 1229, 247136.75, 5024174.68, 948.83);
insert into STATION values (1779, '.', 1229, 247136.75, 5024175.37, 948.85);
insert into STATION values (1780, '.', 1229, 247136.96, 5024174.98, 947.78);
insert into STATION values (1781, '.', 1229, 247136.60, 5024174.69, 949.89);
insert into STATION values (1782, '11', 1229, 247133.97, 5024174.37, 951.67);
insert into STATION values (1783, '.', 1229, 247134.17, 5024173.30, 951.76);
insert into STATION values (1784, '.', 1229, 247133.60, 5024173.70, 950.35);
insert into STATION values (1785, '.', 1229, 247134.12, 5024174.07, 952.67);
insert into STATION values (1786, '12', 1229, 247132.12, 5024173.14, 952.84);
insert into STATION values (1787, '.', 1229, 247132.50, 5024172.93, 952.75);
insert into STATION values (1788, '.', 1229, 247132.28, 5024172.88, 952.26);
insert into STATION values (1789, '13', 1229, 247131.59, 5024172.15, 952.20);
insert into STATION values (1790, '.', 1229, 247132.28, 5024173.12, 952.99);
insert into STATION values (1791, '.', 1229, 247131.98, 5024173.03, 953.17);
insert into STATION values (1792, '.', 1229, 247131.77, 5024173.06, 953.01);
insert into STATION values (1793, '14', 1229, 247129.89, 5024169.02, 951.51);
insert into STATION values (1794, '.', 1229, 247131.36, 5024172.33, 952.19);
insert into STATION values (1795, '.', 1229, 247132.00, 5024171.96, 952.19);
insert into STATION values (1796, '15', 1229, 247129.74, 5024169.14, 952.94);
insert into STATION values (1797, '16', 1229, 247128.26, 5024169.77, 953.23);
insert into STATION values (1798, '.', 1229, 247128.35, 5024170.14, 953.24);
insert into STATION values (1799, '.', 1229, 247128.32, 5024169.34, 953.21);
insert into STATION values (1800, '.', 1229, 247128.28, 5024169.97, 954.55);
insert into STATION values (1801, '.', 1229, 247128.29, 5024169.89, 952.37);
insert into STATION values (1802, '17', 1229, 247129.34, 5024169.14, 954.64);
insert into STATION values (1803, '.', 1229, 247129.41, 5024169.68, 954.73);
insert into STATION values (1804, '.', 1229, 247129.12, 5024169.09, 954.72);
insert into STATION values (1805, '.', 1229, 247129.22, 5024169.26, 955.15);
insert into STATION values (1806, '.', 1229, 247128.86, 5024169.32, 952.60);
insert into STATION values (1807, '18', 1229, 247129.70, 5024167.88, 955.33);
insert into STATION values (1808, '.', 1229, 247130.42, 5024168.09, 955.23);
insert into STATION values (1809, '.', 1229, 247129.92, 5024168.11, 956.23);
insert into STATION values (1810, '.', 1229, 247129.29, 5024167.90, 955.37);
insert into STATION values (1811, '.', 1229, 247129.62, 5024168.90, 955.35);
insert into STATION values (1812, '19', 1229, 247129.90, 5024168.99, 956.20);
insert into STATION values (1813, '.', 1229, 247129.85, 5024168.50, 956.18);
insert into STATION values (1814, '.', 1229, 247129.66, 5024168.88, 955.77);
insert into STATION values (1815, '.', 1229, 247129.77, 5024168.64, 956.49);
insert into STATION values (1816, '20', 1229, 247129.25, 5024169.13, 956.07);
insert into STATION values (1817, '.', 1229, 247129.03, 5024169.03, 956.60);
insert into STATION values (1818, '.', 1229, 247129.08, 5024168.72, 956.10);
insert into STATION values (1819, '.', 1229, 247129.26, 5024169.44, 956.18);
insert into STATION values (1820, '.', 1229, 247128.01, 5024170.51, 956.81);
insert into STATION values (1821, '21', 1229, 247128.30, 5024170.19, 956.63);
insert into STATION values (1822, '.', 1229, 247128.37, 5024169.53, 956.82);
insert into STATION values (1823, '.', 1229, 247128.17, 5024169.94, 957.35);
insert into STATION values (1824, '.', 1229, 247128.02, 5024171.20, 956.99);
insert into STATION values (1825, '.', 1229, 247128.32, 5024170.03, 955.93);
insert into STATION values (1826, '22', 1229, 247127.12, 5024168.71, 957.99);
insert into STATION values (1827, '.', 1229, 247127.32, 5024169.14, 957.89);
insert into STATION values (1828, '.', 1229, 247127.14, 5024168.82, 957.17);
insert into STATION values (1829, '.', 1229, 247127.09, 5024168.77, 958.46);
insert into STATION values (1830, '23', 1229, 247125.70, 5024169.56, 958.91);
insert into STATION values (1831, '.', 1229, 247125.82, 5024169.16, 958.90);
insert into STATION values (1832, '.', 1229, 247125.52, 5024169.50, 957.97);
insert into STATION values (1833, '.', 1229, 247125.47, 5024169.52, 959.07);
insert into STATION values (1834, '.', 1229, 247123.71, 5024167.60, 960.04);
insert into STATION values (1835, '24', 1229, 247123.39, 5024167.31, 960.21);
insert into STATION values (1836, '.', 1229, 247123.94, 5024166.84, 960.30);
insert into STATION values (1837, '.', 1229, 247123.69, 5024167.09, 959.71);
insert into STATION values (1838, '.', 1229, 247123.50, 5024167.23, 960.62);
insert into STATION values (1839, '.', 1229, 247123.73, 5024166.40, 960.75);
insert into STATION values (1840, '.', 1229, 247123.28, 5024166.53, 960.10);
insert into STATION values (1841, '.', 1229, 247123.35, 5024166.62, 961.02);
insert into STATION values (1842, '25', 1229, 247122.79, 5024166.58, 960.69);
insert into STATION values (1843, '26', 1229, 247120.68, 5024166.84, 961.78);
insert into STATION values (1844, '.', 1229, 247121.01, 5024166.41, 961.75);
insert into STATION values (1845, '.', 1229, 247120.71, 5024166.99, 960.80);
insert into STATION values (1846, '.', 1229, 247120.71, 5024166.83, 962.19);
insert into STATION values (1847, '.', 1229, 247120.08, 5024166.13, 961.62);
insert into STATION values (1848, '27', 1229, 247120.96, 5024165.51, 962.42);
insert into STATION values (1849, '.', 1229, 247120.69, 5024165.70, 962.48);
insert into STATION values (1850, '.', 1229, 247120.90, 5024165.61, 961.85);
insert into STATION values (1851, '.', 1229, 247120.73, 5024165.53, 962.94);
insert into STATION values (1852, '28', 1229, 247124.22, 5024166.35, 962.59);
insert into STATION values (1853, '.', 1229, 247124.17, 5024166.00, 962.51);
insert into STATION values (1854, '.', 1229, 247124.23, 5024166.31, 961.64);
insert into STATION values (1855, '.', 1229, 247124.10, 5024166.67, 962.49);
insert into STATION values (1856, '29', 1229, 247123.78, 5024166.57, 961.70);
insert into STATION values (1857, '.', 1229, 247123.61, 5024166.33, 961.82);
insert into STATION values (1858, '.', 1229, 247123.94, 5024166.89, 961.79);
insert into STATION values (1859, '.', 1229, 247123.65, 5024166.56, 962.36);
insert into STATION values (1860, '30', 1229, 247122.22, 5024168.01, 962.58);
insert into STATION values (1861, '.', 1229, 247123.14, 5024167.65, 962.62);
insert into STATION values (1862, '.', 1229, 247122.40, 5024167.97, 961.93);
insert into STATION values (1863, '.', 1229, 247122.14, 5024168.19, 963.03);
insert into STATION values (1864, '31', 1229, 247122.19, 5024168.83, 963.44);
insert into STATION values (1865, '32', 1229, 247122.78, 5024169.08, 962.52);
insert into STATION values (1866, '33', 1229, 247124.47, 5024168.18, 962.10);
insert into STATION values (1867, '.', 1229, 247124.18, 5024168.63, 961.99);
insert into STATION values (1868, '.', 1229, 247124.07, 5024167.97, 961.96);
insert into STATION values (1869, '.', 1229, 247124.02, 5024168.05, 962.87);
insert into STATION values (1870, '34', 1229, 247124.67, 5024167.72, 958.48);
insert into STATION values (1871, '.', 1229, 247125.24, 5024167.30, 958.40);
insert into STATION values (1872, '.', 1229, 247125.03, 5024168.01, 958.37);
insert into STATION values (1873, '.', 1229, 247125.25, 5024167.57, 958.37);
insert into STATION values (1874, '35', 1229, 247124.87, 5024168.49, 957.48);
insert into STATION values (1875, '.', 1229, 247124.26, 5024168.57, 957.46);
insert into STATION values (1876, '.', 1229, 247124.89, 5024168.02, 957.31);
insert into STATION values (1877, '36', 1229, 247122.71, 5024167.21, 957.40);
insert into STATION values (1878, '.', 1229, 247122.40, 5024167.69, 957.59);
insert into STATION values (1879, '.', 1229, 247123.04, 5024166.97, 957.68);
insert into STATION values (1880, '.', 1229, 247122.49, 5024167.26, 958.34);
insert into STATION values (1881, '37', 1229, 247120.63, 5024166.70, 958.83);
insert into STATION values (1882, '.', 1229, 247120.82, 5024166.43, 958.91);
insert into STATION values (1883, '.', 1229, 247120.46, 5024166.95, 958.84);
insert into STATION values (1884, '.', 1229, 247120.65, 5024166.77, 960.08);
insert into STATION values (1885, '.', 1229, 247120.94, 5024166.68, 957.26);
insert into STATION values (1886, '38', 1229, 247119.98, 5024166.37, 960.49);
insert into STATION values (1887, '.', 1229, 247120.24, 5024166.73, 960.45);
insert into STATION values (1888, '.', 1229, 247119.94, 5024166.59, 959.82);
insert into STATION values (1889, '.', 1229, 247119.98, 5024166.51, 960.65);
insert into STATION values (1890, '39', 1229, 247118.30, 5024167.18, 960.90);
insert into STATION values (1891, '.', 1229, 247118.68, 5024166.78, 960.92);
insert into STATION values (1892, '.', 1229, 247118.10, 5024167.27, 960.87);
insert into STATION values (1893, '.', 1229, 247118.30, 5024167.17, 960.03);
insert into STATION values (1894, '.', 1229, 247118.24, 5024167.02, 961.57);
insert into STATION values (1895, '40', 1229, 247117.69, 5024165.49, 961.83);
insert into STATION values (1896, '.', 1229, 247117.40, 5024165.81, 961.85);
insert into STATION values (1897, '.', 1229, 247117.64, 5024165.44, 962.68);
insert into STATION values (1898, '.', 1229, 247117.44, 5024165.51, 961.27);
insert into STATION values (1899, '.', 1229, 247117.96, 5024165.35, 961.96);
insert into STATION values (1900, '41', 1229, 247114.67, 5024163.64, 963.98);
insert into STATION values (1901, '.', 1229, 247114.79, 5024163.41, 963.95);
insert into STATION values (1902, '.', 1229, 247113.88, 5024164.45, 963.76);
insert into STATION values (1903, '.', 1229, 247114.62, 5024163.70, 963.25);
insert into STATION values (1904, '.', 1229, 247113.80, 5024163.93, 967.30);
insert into STATION values (1905, '42', 1229, 247113.07, 5024165.96, 968.06);
insert into STATION values (1906, '.', 1229, 247113.02, 5024164.80, 968.13);
insert into STATION values (1907, '.', 1229, 247113.62, 5024166.08, 968.28);
insert into STATION values (1908, '.', 1229, 247113.67, 5024165.03, 968.12);
insert into STATION values (1909, '43', 1229, 247111.80, 5024165.69, 972.22);
insert into STATION values (1910, '.', 1229, 247108.33, 5024164.23, 973.53);
insert into STATION values (1911, '.', 1229, 247110.96, 5024166.45, 972.69);
insert into STATION values (1912, '.', 1229, 247112.06, 5024167.62, 972.43);
insert into STATION values (1913, '.', 1229, 247111.77, 5024164.81, 972.21);
insert into STATION values (1914, '.', 1229, 247113.03, 5024165.19, 968.07);
insert into STATION values (1915, '44', 1229, 247108.67, 5024164.28, 975.82);
insert into STATION values (1916, '45', 1229, 247109.30, 5024163.29, 976.65);
insert into STATION values (1917, '46', 1229, 247108.00, 5024162.17, 976.20);
insert into STATION values (1918, '.', 1229, 247108.68, 5024163.37, 976.63);
insert into STATION values (1919, '.', 1229, 247109.12, 5024163.10, 975.96);
insert into STATION values (1920, '.', 1229, 247109.14, 5024163.30, 976.91);
insert into STATION values (1921, '.', 1229, 247108.67, 5024163.72, 976.84);
insert into STATION values (1922, '.', 1229, 247108.73, 5024162.83, 978.21);
insert into STATION values (1923, '.', 1229, 247109.85, 5024163.05, 976.65);
insert into STATION values (1924, '0', 1398, 246977.47, 5024213.36, 1203.41);
insert into STATION values (1925, '.', 1398, 246979.25, 5024211.92, 1203.42);
insert into STATION values (1926, '.', 1398, 246978.30, 5024214.15, 1203.31);
insert into STATION values (1927, '.', 1398, 246976.60, 5024212.40, 1203.55);
insert into STATION values (1928, '.', 1398, 246975.91, 5024219.18, 1202.61);
insert into STATION values (1929, '.', 1398, 246978.78, 5024218.39, 1202.69);
insert into STATION values (1930, '.', 1398, 246974.73, 5024216.25, 1202.36);
insert into STATION values (1931, '.', 1398, 246977.63, 5024213.67, 1201.39);
insert into STATION values (1932, '1', 1398, 246978.37, 5024218.36, 1216.51);
insert into STATION values (1933, '.', 1398, 246974.12, 5024217.10, 1216.43);
insert into STATION values (1934, '.', 1398, 246975.66, 5024220.45, 1216.20);
insert into STATION values (1935, '.', 1398, 246977.42, 5024220.15, 1216.48);
insert into STATION values (1936, '.', 1398, 246979.22, 5024217.03, 1216.54);
insert into STATION values (1937, '.', 1398, 246975.98, 5024214.75, 1216.59);
insert into STATION values (1938, '2', 1398, 246979.16, 5024218.49, 1226.20);
insert into STATION values (1939, '.', 1398, 246975.37, 5024217.02, 1225.81);
insert into STATION values (1940, '.', 1398, 246975.35, 5024218.98, 1225.85);
insert into STATION values (1941, '.', 1398, 246977.82, 5024221.22, 1225.75);
insert into STATION values (1942, '.', 1398, 246981.43, 5024221.63, 1225.91);
insert into STATION values (1943, '.', 1398, 246976.86, 5024220.17, 1225.87);
insert into STATION values (1944, '3', 1398, 246979.86, 5024219.05, 1226.80);
insert into STATION values (1945, '4', 1398, 246978.95, 5024220.11, 1243.43);
insert into STATION values (1946, '.', 1398, 246979.25, 5024220.10, 1243.42);
insert into STATION values (1947, '.', 1398, 246981.40, 5024223.10, 1243.26);
insert into STATION values (1948, '.', 1398, 246975.74, 5024221.91, 1243.29);
insert into STATION values (1949, '.', 1398, 246978.61, 5024222.44, 1243.13);
insert into STATION values (1950, '5', 1398, 246979.60, 5024220.11, 1245.22);
insert into STATION values (1951, '6', 1398, 246979.51, 5024220.36, 1246.97);
insert into STATION values (1952, '.', 1398, 246980.13, 5024218.93, 1246.82);
insert into STATION values (1953, '.', 1398, 246981.99, 5024219.44, 1246.78);
insert into STATION values (1954, '.', 1398, 246980.70, 5024220.99, 1246.99);
insert into STATION values (1955, '7', 1398, 246979.20, 5024219.36, 1249.05);
insert into STATION values (1956, '.', 1398, 246979.02, 5024219.38, 1252.19);
insert into STATION values (1957, '.', 1398, 246981.29, 5024219.90, 1249.04);
insert into STATION values (1958, '.', 1398, 246979.58, 5024220.50, 1248.92);
insert into STATION values (1959, '.', 1398, 246978.31, 5024220.41, 1250.05);
insert into STATION values (1960, '.', 1398, 246978.75, 5024219.91, 1249.57);
insert into STATION values (1961, '.', 1398, 246978.34, 5024220.41, 1250.05);
insert into STATION values (1962, '.', 1398, 246979.39, 5024219.80, 1248.91);
insert into STATION values (1963, '.', 1398, 246979.40, 5024219.21, 1247.22);
insert into STATION values (1964, '.', 1398, 246976.84, 5024220.38, 1245.03);
insert into STATION values (1965, '8', 1398, 246977.55, 5024220.72, 1247.62);
insert into STATION values (1966, '.', 1398, 246977.54, 5024219.88, 1247.55);
insert into STATION values (1967, '.', 1398, 246977.89, 5024220.12, 1244.46);
insert into STATION values (1968, '.', 1398, 246977.32, 5024220.60, 1248.74);
insert into STATION values (1969, '9', 1398, 246975.24, 5024219.82, 1248.07);
insert into STATION values (1970, '.', 1398, 246975.23, 5024219.44, 1246.84);
insert into STATION values (1971, '.', 1398, 246975.34, 5024219.57, 1248.02);
insert into STATION values (1972, '.', 1398, 246974.60, 5024219.71, 1253.32);
insert into STATION values (1973, '.', 1398, 246975.11, 5024220.04, 1248.00);
insert into STATION values (1974, '10', 1398, 246973.57, 5024219.29, 1249.25);
insert into STATION values (1975, '.', 1398, 246972.84, 5024220.38, 1249.66);
insert into STATION values (1976, '.', 1398, 246973.64, 5024219.03, 1249.31);
insert into STATION values (1977, '.', 1398, 246973.11, 5024219.34, 1250.89);
insert into STATION values (1978, '11', 1398, 246972.11, 5024220.32, 1251.31);
insert into STATION values (1979, '.', 1398, 246972.06, 5024219.48, 1251.25);
insert into STATION values (1980, '.', 1398, 246970.55, 5024219.66, 1251.27);
insert into STATION values (1981, '.', 1398, 246972.80, 5024219.95, 1251.18);
insert into STATION values (1982, '.', 1398, 246971.72, 5024220.06, 1249.00);
insert into STATION values (1983, '.', 1398, 246971.82, 5024220.76, 1251.35);
insert into STATION values (1984, '12', 1398, 246968.51, 5024219.38, 1258.74);
insert into STATION values (1985, '.', 1398, 246968.38, 5024218.97, 1258.75);
insert into STATION values (1986, '.', 1398, 246968.45, 5024220.01, 1258.82);
insert into STATION values (1987, '.', 1398, 246967.25, 5024222.56, 1221.09);
insert into STATION values (1988, '.', 1398, 246967.93, 5024219.36, 1262.82);
insert into STATION values (1989, '.', 1398, 246971.73, 5024219.56, 1258.54);
insert into STATION values (1990, '.', 1398, 246969.56, 5024220.20, 1258.68);
insert into STATION values (1991, '.', 1398, 246965.03, 5024220.82, 1258.67);
insert into STATION values (1992, '.', 1398, 246964.92, 5024220.76, 1260.28);
insert into STATION values (1993, '13', 1398, 246964.93, 5024219.97, 1266.22);
insert into STATION values (1994, '.', 1398, 246964.47, 5024222.75, 1266.19);
insert into STATION values (1995, '.', 1398, 246965.75, 5024223.18, 1265.95);
insert into STATION values (1996, '.', 1398, 246965.76, 5024220.78, 1266.00);
insert into STATION values (1997, '.', 1398, 246965.16, 5024219.69, 1265.85);
insert into STATION values (1998, '.', 1398, 246966.76, 5024220.47, 1258.38);
insert into STATION values (1999, '.', 1398, 246963.20, 5024218.76, 1266.85);
insert into STATION values (2000, '14', 1398, 246962.09, 5024217.98, 1267.25);
insert into STATION values (2001, '.', 1398, 246965.77, 5024217.59, 1265.97);
insert into STATION values (2002, '.', 1398, 246964.87, 5024220.70, 1266.26);
insert into STATION values (2003, '.', 1398, 246965.44, 5024219.97, 1264.43);
insert into STATION values (2004, '.', 1398, 246965.00, 5024219.93, 1266.88);
insert into STATION values (2005, '15', 1398, 246960.65, 5024216.03, 1268.58);
insert into STATION values (2006, '.', 1398, 246962.11, 5024217.47, 1267.49);
insert into STATION values (2007, '.', 1398, 246961.68, 5024219.31, 1267.25);
insert into STATION values (2008, '.', 1398, 246964.50, 5024218.79, 1267.71);
insert into STATION values (2009, '.', 1398, 246958.10, 5024215.29, 1267.20);
insert into STATION values (2010, '.', 1398, 246957.23, 5024216.78, 1267.65);
insert into STATION values (2011, '.', 1398, 246960.40, 5024218.62, 1267.47);
insert into STATION values (2012, '.', 1398, 246963.76, 5024220.65, 1287.10);
insert into STATION values (2013, '16', 1398, 246959.48, 5024215.61, 1268.21);
insert into STATION values (2014, '.', 1398, 246958.40, 5024214.00, 1260.87);
insert into STATION values (2015, '.', 1398, 246960.28, 5024212.43, 1260.18);
insert into STATION values (2016, '17', 1398, 246960.77, 5024217.56, 1272.44);
insert into STATION values (2017, '.', 1398, 246958.36, 5024215.92, 1271.95);
insert into STATION values (2018, '.', 1398, 246960.86, 5024216.02, 1272.31);
insert into STATION values (2019, '.', 1398, 246962.22, 5024217.02, 1272.45);
insert into STATION values (2020, '.', 1398, 246963.21, 5024217.87, 1272.42);
insert into STATION values (2021, '18', 1398, 246961.75, 5024219.12, 1280.76);
insert into STATION values (2022, '.', 1398, 246960.02, 5024217.53, 1280.51);
insert into STATION values (2023, '.', 1398, 246961.80, 5024216.83, 1280.55);
insert into STATION values (2024, '.', 1398, 246962.74, 5024217.11, 1280.92);
insert into STATION values (2025, '19', 1398, 246960.30, 5024219.11, 1286.95);
insert into STATION values (2026, '.', 1398, 246962.07, 5024219.35, 1287.32);
insert into STATION values (2027, '.', 1398, 246962.05, 5024217.59, 1286.91);
insert into STATION values (2028, '.', 1398, 246960.32, 5024218.01, 1286.89);
insert into STATION values (2029, '20', 1398, 246961.09, 5024219.61, 1292.88);
insert into STATION values (2030, '.', 1398, 246959.42, 5024222.08, 1293.18);
insert into STATION values (2031, '.', 1398, 246957.87, 5024220.78, 1293.04);
insert into STATION values (2032, '.', 1398, 246959.72, 5024219.22, 1292.69);
insert into STATION values (2033, '.', 1398, 246952.87, 5024224.26, 1304.02);
insert into STATION values (2034, '.', 1398, 246957.13, 5024221.83, 1298.27);
insert into STATION values (2035, '21', 1398, 246957.19, 5024221.80, 1298.17);
insert into STATION values (2036, '.', 1398, 246957.22, 5024221.76, 1298.12);
insert into STATION values (2037, '.', 1398, 246962.88, 5024220.25, 1292.89);
insert into STATION values (2038, '.', 1398, 246964.43, 5024218.88, 1292.45);
insert into STATION values (2039, '.', 1398, 246963.26, 5024218.11, 1292.62);
insert into STATION values (2040, '.', 1398, 246960.68, 5024219.40, 1292.71);
insert into STATION values (2041, '22', 1398, 246957.59, 5024222.75, 1306.35);
insert into STATION values (2042, '.', 1398, 246957.64, 5024222.88, 1307.31);
insert into STATION values (2043, '.', 1398, 246957.38, 5024222.02, 1298.23);
insert into STATION values (2044, '.', 1398, 246957.15, 5024221.52, 1298.20);
insert into STATION values (2045, '23', 1398, 246954.42, 5024225.79, 1306.09);
insert into STATION values (2046, '.', 1398, 246954.00, 5024224.83, 1297.91);
insert into STATION values (2047, '.', 1398, 246954.65, 5024226.09, 1306.08);
insert into STATION values (2048, '.', 1398, 246954.30, 5024225.69, 1306.13);
insert into STATION values (2049, '.', 1398, 246952.71, 5024225.42, 1297.10);
insert into STATION values (2050, '.', 1398, 246954.88, 5024225.88, 1309.85);
insert into STATION values (2051, '24', 1398, 246952.85, 5024228.21, 1309.60);
insert into STATION values (2052, '.', 1398, 246954.17, 5024226.59, 1309.99);
insert into STATION values (2053, '.', 1398, 246951.28, 5024229.12, 1309.70);
insert into STATION values (2054, '.', 1398, 246952.44, 5024227.98, 1309.66);
insert into STATION values (2055, '.', 1398, 246953.33, 5024228.40, 1309.74);
insert into STATION values (2056, '.', 1398, 246950.83, 5024226.65, 1296.71);
insert into STATION values (2057, '25', 1398, 246952.78, 5024229.04, 1312.66);
insert into STATION values (2058, '.', 1398, 246951.86, 5024229.43, 1314.34);
insert into STATION values (2059, '.', 1398, 246951.89, 5024229.41, 1314.29);
insert into STATION values (2060, '.', 1398, 246951.84, 5024229.43, 1314.37);
insert into STATION values (2061, '.', 1398, 246951.88, 5024229.41, 1314.30);
insert into STATION values (2062, '.', 1398, 246952.23, 5024228.64, 1312.64);
insert into STATION values (2063, '.', 1398, 246952.41, 5024229.18, 1310.90);
insert into STATION values (2064, '.', 1398, 246952.20, 5024228.68, 1313.93);
insert into STATION values (2065, '26', 1398, 246951.36, 5024228.95, 1313.32);
insert into STATION values (2066, '.', 1398, 246951.70, 5024228.77, 1313.25);
insert into STATION values (2067, '.', 1398, 246951.41, 5024228.95, 1312.82);
insert into STATION values (2068, '.', 1398, 246951.49, 5024229.43, 1313.90);
insert into STATION values (2069, '27', 1398, 246949.71, 5024227.10, 1313.52);
insert into STATION values (2070, '.', 1398, 246949.58, 5024226.95, 1313.54);
insert into STATION values (2071, '.', 1398, 246949.66, 5024227.56, 1313.50);
insert into STATION values (2072, '.', 1398, 246949.40, 5024227.70, 1312.18);
insert into STATION values (2073, '.', 1398, 246949.67, 5024227.03, 1314.55);
insert into STATION values (2074, '28', 1398, 246943.79, 5024227.08, 1315.45);
insert into STATION values (2075, '.', 1398, 246941.46, 5024228.01, 1316.68);
insert into STATION values (2076, '.', 1398, 246944.04, 5024228.43, 1316.14);
insert into STATION values (2077, '.', 1398, 246945.42, 5024227.83, 1315.94);
insert into STATION values (2078, '.', 1398, 246943.00, 5024225.27, 1316.43);
insert into STATION values (2079, '.', 1398, 246945.17, 5024223.25, 1316.47);
insert into STATION values (2080, '.', 1398, 246946.45, 5024224.14, 1316.26);
insert into STATION values (2081, '.', 1398, 246947.51, 5024226.73, 1316.06);
insert into STATION values (2082, '29', 1398, 246946.21, 5024225.66, 1317.21);
insert into STATION values (2083, '30', 1398, 246942.81, 5024225.15, 1320.93);
insert into STATION values (2084, '.', 1398, 246943.49, 5024227.47, 1320.92);
insert into STATION values (2085, '.', 1398, 246945.41, 5024226.27, 1320.64);
insert into STATION values (2086, '.', 1398, 246945.98, 5024224.52, 1320.62);
insert into STATION values (2087, '.', 1398, 246945.40, 5024222.94, 1320.16);
insert into STATION values (2088, '31', 1398, 246942.66, 5024225.44, 1332.60);
insert into STATION values (2089, '32', 1398, 246941.20, 5024223.83, 1332.96);
insert into STATION values (2090, '.', 1398, 246939.77, 5024222.22, 1333.30);
insert into STATION values (2091, '.', 1398, 246939.95, 5024226.92, 1333.06);
insert into STATION values (2092, '.', 1398, 246942.35, 5024225.45, 1333.01);
insert into STATION values (2093, '.', 1398, 246944.63, 5024225.64, 1333.11);
insert into STATION values (2094, '.', 1398, 246945.10, 5024223.50, 1333.03);
insert into STATION values (2095, '33', 1398, 246940.40, 5024225.19, 1341.56);
insert into STATION values (2096, '.', 1398, 246943.47, 5024225.17, 1341.59);
insert into STATION values (2097, '.', 1398, 246945.02, 5024222.73, 1341.07);
insert into STATION values (2098, '.', 1398, 246941.09, 5024223.60, 1341.46);
insert into STATION values (2099, '.', 1398, 246939.58, 5024224.33, 1341.42);
insert into STATION values (2100, '34', 1398, 246939.82, 5024224.60, 1344.12);
insert into STATION values (2101, '.', 1398, 246939.89, 5024225.17, 1344.18);
insert into STATION values (2102, '.', 1398, 246939.81, 5024222.99, 1350.12);
insert into STATION values (2103, '.', 1398, 246939.57, 5024224.57, 1344.19);
insert into STATION values (2104, '.', 1398, 246937.54, 5024226.00, 1343.57);
insert into STATION values (2105, '.', 1398, 246938.28, 5024225.14, 1341.40);
insert into STATION values (2106, '35', 1398, 246935.77, 5024226.45, 1346.13);
insert into STATION values (2107, '.', 1398, 246935.82, 5024225.90, 1346.05);
insert into STATION values (2108, '.', 1398, 246935.80, 5024226.43, 1344.83);
insert into STATION values (2109, '.', 1398, 246932.25, 5024224.27, 1363.65);
insert into STATION values (2110, '36', 1398, 246932.56, 5024223.71, 1347.96);
insert into STATION values (2111, 'es.2', 1405, 246931.86, 5024210.75, 1376.61);
insert into STATION values (2112, '.', 1405, 246929.15, 5024209.05, 1386.88);
insert into STATION values (2113, '.', 1405, 246928.43, 5024208.77, 1386.67);
insert into STATION values (2114, '.', 1405, 246927.46, 5024208.26, 1388.25);
insert into STATION values (2115, '.', 1405, 246928.15, 5024208.61, 1393.31);
insert into STATION values (2116, '.', 1405, 246931.93, 5024208.41, 1385.04);
insert into STATION values (2117, '.', 1405, 246931.92, 5024209.64, 1376.71);
insert into STATION values (2118, '.', 1405, 246933.01, 5024209.05, 1376.64);
insert into STATION values (2119, '.', 1405, 246934.36, 5024208.90, 1376.47);
insert into STATION values (2120, '.', 1405, 246935.45, 5024209.13, 1376.61);
insert into STATION values (2121, '.', 1405, 246935.45, 5024210.05, 1376.54);
insert into STATION values (2122, '.', 1405, 246935.07, 5024207.45, 1384.80);
insert into STATION values (2123, '.', 1405, 246934.91, 5024207.71, 1380.30);
insert into STATION values (2124, '.', 1405, 246934.65, 5024207.73, 1377.73);
insert into STATION values (2125, '.', 1405, 246934.05, 5024209.42, 1376.71);
insert into STATION values (2126, '.', 1405, 246934.13, 5024209.51, 1376.73);
insert into STATION values (2127, 'es.3', 1405, 246934.15, 5024209.56, 1376.73);
insert into STATION values (2128, '.', 1405, 246932.99, 5024210.28, 1376.51);
insert into STATION values (2129, '.', 1405, 246931.64, 5024211.64, 1376.20);
insert into STATION values (2130, '.', 1405, 246932.83, 5024211.84, 1376.34);
insert into STATION values (2131, '.', 1405, 246933.66, 5024211.75, 1376.48);
insert into STATION values (2132, '.', 1405, 246934.51, 5024211.59, 1377.12);
insert into STATION values (2133, '.', 1405, 246936.48, 5024210.05, 1376.90);
insert into STATION values (2134, '.', 1405, 246936.22, 5024211.86, 1376.93);
insert into STATION values (2135, 'es.4', 1405, 246934.70, 5024214.79, 1376.82);
insert into STATION values (2136, '.', 1405, 246933.75, 5024213.61, 1376.66);
insert into STATION values (2137, '.', 1405, 246934.10, 5024212.97, 1372.44);
insert into STATION values (2138, '.', 1405, 246934.94, 5024213.57, 1375.80);
insert into STATION values (2139, '.', 1405, 246935.29, 5024213.58, 1376.53);
insert into STATION values (2140, '.', 1405, 246935.31, 5024215.35, 1375.26);
insert into STATION values (2141, 'es.5', 1405, 246933.69, 5024216.15, 1374.34);
insert into STATION values (2142, '.', 1405, 246933.33, 5024215.76, 1374.34);
insert into STATION values (2143, '.', 1405, 246933.44, 5024215.85, 1374.97);
insert into STATION values (2144, '.', 1405, 246933.57, 5024215.89, 1372.84);
insert into STATION values (2145, '.', 1405, 246933.40, 5024216.09, 1376.26);
insert into STATION values (2146, '.', 1405, 246932.83, 5024216.81, 1374.68);
insert into STATION values (2147, 'es.6', 1405, 246932.83, 5024216.89, 1374.20);
insert into STATION values (2148, 'es.7', 1405, 246934.24, 5024221.95, 1358.44);
insert into STATION values (2149, 'es.1', 1405, 246931.34, 5024224.32, 1350.04);
insert into STATION values (2150, 'es.0', 1405, 246932.56, 5024223.71, 1347.96);
insert into STATION values (2151, '0', 1445, 246917.73, 5024212.91, 1407.64);
insert into STATION values (2152, '.', 1445, 246918.21, 5024212.70, 1423.35);
insert into STATION values (2153, '.', 1445, 246918.69, 5024213.18, 1408.09);
insert into STATION values (2154, '.', 1445, 246919.77, 5024213.09, 1407.88);
insert into STATION values (2155, '.', 1445, 246920.77, 5024212.03, 1407.77);
insert into STATION values (2156, '.', 1445, 246920.29, 5024211.74, 1407.47);
insert into STATION values (2157, '.', 1445, 246918.10, 5024213.07, 1406.59);
insert into STATION values (2158, '.', 1445, 246919.65, 5024210.87, 1407.96);
insert into STATION values (2159, '.', 1445, 246920.27, 5024211.75, 1407.64);
insert into STATION values (2160, '.', 1445, 246921.07, 5024211.58, 1422.48);
insert into STATION values (2161, '.', 1445, 246918.50, 5024210.97, 1416.20);
insert into STATION values (2162, '.', 1445, 246917.90, 5024212.07, 1412.89);
insert into STATION values (2163, '.', 1445, 246920.79, 5024210.84, 1420.26);
insert into STATION values (2164, '.', 1445, 246919.14, 5024210.74, 1422.29);
insert into STATION values (2165, '.', 1445, 246920.74, 5024210.76, 1410.35);
insert into STATION values (2166, '.', 1445, 246921.32, 5024212.24, 1412.19);
insert into STATION values (2167, '.', 1445, 246923.19, 5024210.79, 1414.57);
insert into STATION values (2168, '.', 1445, 246923.21, 5024211.48, 1414.99);
insert into STATION values (2169, '.', 1445, 246922.67, 5024210.26, 1414.52);
insert into STATION values (2170, '1', 1445, 246918.68, 5024210.39, 1407.67);
insert into STATION values (2171, '.', 1445, 246919.72, 5024207.90, 1407.71);
insert into STATION values (2172, '.', 1445, 246917.77, 5024210.10, 1407.12);
insert into STATION values (2173, '.', 1445, 246916.71, 5024210.29, 1406.38);
insert into STATION values (2174, '.', 1445, 246917.42, 5024211.14, 1406.80);
insert into STATION values (2175, '.', 1445, 246918.06, 5024211.30, 1406.13);
insert into STATION values (2176, '.', 1445, 246921.39, 5024211.23, 1407.75);
insert into STATION values (2177, '.', 1445, 246921.45, 5024211.88, 1407.71);
insert into STATION values (2178, '.', 1445, 246921.24, 5024212.45, 1407.72);
insert into STATION values (2179, '.', 1445, 246920.08, 5024211.23, 1406.73);
insert into STATION values (2180, '.', 1445, 246917.39, 5024213.07, 1416.57);
insert into STATION values (2181, '.', 1445, 246917.68, 5024213.56, 1412.57);
insert into STATION values (2182, '.', 1445, 246923.04, 5024215.52, 1414.39);
insert into STATION values (2183, '.', 1445, 246921.62, 5024216.17, 1417.64);
insert into STATION values (2184, '2', 1445, 246916.76, 5024210.48, 1406.30);
insert into STATION values (2185, '.', 1445, 246917.08, 5024210.34, 1406.27);
insert into STATION values (2186, '.', 1445, 246916.62, 5024210.60, 1406.31);
insert into STATION values (2187, '.', 1445, 246917.01, 5024211.02, 1407.54);
insert into STATION values (2188, '.', 1445, 246917.95, 5024211.17, 1406.93);
insert into STATION values (2189, '.', 1445, 246916.09, 5024210.89, 1406.71);
insert into STATION values (2190, '.', 1445, 246916.79, 5024210.44, 1405.50);
insert into STATION values (2191, '.', 1445, 246916.77, 5024210.67, 1405.87);
insert into STATION values (2192, '3', 1445, 246917.39, 5024209.53, 1403.79);
insert into STATION values (2193, '.', 1445, 246917.63, 5024209.33, 1403.84);
insert into STATION values (2194, '.', 1445, 246917.30, 5024209.57, 1403.66);
insert into STATION values (2195, '.', 1445, 246917.26, 5024210.34, 1403.63);
insert into STATION values (2196, '.', 1445, 246917.01, 5024208.11, 1403.91);
insert into STATION values (2197, '.', 1445, 246915.91, 5024204.87, 1404.67);
insert into STATION values (2198, '.', 1445, 246916.38, 5024208.13, 1403.97);
insert into STATION values (2199, '.', 1445, 246917.34, 5024209.50, 1404.83);
insert into STATION values (2200, '.', 1445, 246917.08, 5024209.46, 1404.83);
insert into STATION values (2201, '.', 1445, 246918.29, 5024209.76, 1403.83);
insert into STATION values (2202, '.', 1445, 246916.59, 5024209.97, 1403.80);
insert into STATION values (2203, '.', 1445, 246916.47, 5024209.94, 1404.75);
insert into STATION values (2204, '.', 1445, 246919.49, 5024210.40, 1403.56);
insert into STATION values (2205, '4', 1445, 246914.36, 5024208.26, 1404.12);
insert into STATION values (2206, '.', 1445, 246915.00, 5024207.91, 1404.10);
insert into STATION values (2207, '.', 1445, 246912.88, 5024207.77, 1404.09);
insert into STATION values (2208, '.', 1445, 246912.42, 5024207.23, 1404.04);
insert into STATION values (2209, '.', 1445, 246913.12, 5024207.29, 1404.04);
insert into STATION values (2210, '.', 1445, 246912.62, 5024207.60, 1401.97);
insert into STATION values (2211, '.', 1445, 246913.80, 5024207.89, 1402.29);
insert into STATION values (2212, '.', 1445, 246913.41, 5024209.98, 1413.01);
insert into STATION values (2213, '.', 1445, 246912.47, 5024208.84, 1406.83);
insert into STATION values (2214, '.', 1445, 246914.28, 5024208.29, 1405.95);
insert into STATION values (2215, '.', 1445, 246913.69, 5024208.14, 1407.90);
insert into STATION values (2216, '.', 1445, 246913.96, 5024208.89, 1410.51);
insert into STATION values (2217, '.', 1445, 246913.69, 5024208.83, 1404.33);
insert into STATION values (2218, '.', 1445, 246913.43, 5024208.15, 1404.21);
insert into STATION values (2219, '.', 1445, 246911.81, 5024211.14, 1404.13);
insert into STATION values (2220, '.', 1445, 246915.28, 5024209.13, 1402.32);
insert into STATION values (2221, '.', 1445, 246917.22, 5024210.12, 1401.38);
insert into STATION values (2222, '.', 1445, 246917.34, 5024209.21, 1403.27);
insert into STATION values (2223, '5', 1445, 246915.75, 5024208.76, 1403.56);
insert into STATION values (2224, '.', 1445, 246917.43, 5024208.69, 1402.73);
insert into STATION values (2225, '.', 1445, 246918.01, 5024208.95, 1398.30);
insert into STATION values (2226, '.', 1445, 246915.75, 5024208.68, 1399.63);
insert into STATION values (2227, '.', 1445, 246915.74, 5024208.66, 1402.20);
insert into STATION values (2228, '.', 1445, 246915.58, 5024208.84, 1402.13);
insert into STATION values (2229, '.', 1445, 246917.12, 5024208.50, 1400.89);
insert into STATION values (2230, '.', 1445, 246916.96, 5024209.20, 1401.16);
insert into STATION values (2231, '.', 1445, 246915.90, 5024208.65, 1405.37);
insert into STATION values (2232, '.', 1445, 246915.79, 5024209.24, 1405.02);
insert into STATION values (2233, '.', 1445, 246915.83, 5024208.85, 1407.33);
insert into STATION values (2234, '.', 1445, 246915.32, 5024208.72, 1403.57);
insert into STATION values (2235, '.', 1445, 246910.79, 5024206.82, 1402.88);
insert into STATION values (2236, '.', 1445, 246915.32, 5024208.54, 1403.53);
insert into STATION values (2237, '6', 1445, 246916.07, 5024208.72, 1399.78);
insert into STATION values (2238, '.', 1445, 246916.19, 5024207.90, 1399.87);
insert into STATION values (2239, '.', 1445, 246915.59, 5024205.67, 1399.32);
insert into STATION values (2240, '.', 1445, 246915.84, 5024206.93, 1399.56);
insert into STATION values (2241, '.', 1445, 246915.72, 5024207.43, 1399.60);
insert into STATION values (2242, '.', 1445, 246915.61, 5024208.07, 1399.74);
insert into STATION values (2243, '.', 1445, 246915.78, 5024208.90, 1399.15);
insert into STATION values (2244, '.', 1445, 246916.33, 5024209.35, 1405.65);
insert into STATION values (2245, '.', 1445, 246917.04, 5024208.96, 1400.22);
insert into STATION values (2246, '.', 1445, 246917.72, 5024209.21, 1400.14);
insert into STATION values (2247, '.', 1445, 246917.10, 5024209.18, 1400.01);
insert into STATION values (2248, '.', 1445, 246917.14, 5024209.14, 1399.99);
insert into STATION values (2249, '.', 1445, 246915.04, 5024209.13, 1400.07);
insert into STATION values (2250, '.', 1445, 246915.26, 5024209.21, 1400.08);
insert into STATION values (2251, '0-0', 1445, 246921.37, 5024212.37, 1410.46);
insert into STATION values (2252, '.', 1445, 246920.03, 5024210.74, 1410.81);
insert into STATION values (2253, '.', 1445, 246917.80, 5024209.27, 1410.56);
insert into STATION values (2254, '.', 1445, 246917.15, 5024209.74, 1410.40);
insert into STATION values (2255, '.', 1445, 246917.12, 5024210.44, 1408.10);
insert into STATION values (2256, '.', 1445, 246917.52, 5024210.45, 1406.52);
insert into STATION values (2257, '.', 1445, 246920.70, 5024212.04, 1409.59);
insert into STATION values (2258, '.', 1445, 246925.83, 5024210.97, 1389.56);
insert into STATION values (2259, '.', 1445, 246921.04, 5024211.84, 1410.76);
insert into STATION values (2260, '.', 1445, 246920.94, 5024211.49, 1410.84);
insert into STATION values (2261, '.', 1445, 246921.27, 5024212.65, 1413.47);
insert into STATION values (2262, '.', 1445, 246922.55, 5024210.71, 1413.78);
insert into STATION values (2263, '.', 1445, 246923.34, 5024212.02, 1416.31);
insert into STATION values (2264, '0-1', 1445, 246922.23, 5024213.04, 1412.75);
insert into STATION values (2265, '.', 1445, 246921.99, 5024214.88, 1413.12);
insert into STATION values (2266, '.', 1445, 246922.06, 5024210.58, 1413.16);
insert into STATION values (2267, '.', 1445, 246921.21, 5024210.93, 1413.08);
insert into STATION values (2268, '.', 1445, 246920.79, 5024211.14, 1412.95);
insert into STATION values (2269, '.', 1445, 246917.72, 5024209.43, 1413.01);
insert into STATION values (2270, '.', 1445, 246921.05, 5024210.87, 1415.70);
insert into STATION values (2271, '.', 1445, 246921.70, 5024211.47, 1418.19);
insert into STATION values (2272, '.', 1445, 246921.15, 5024211.80, 1411.84);
insert into STATION values (2273, '.', 1445, 246921.06, 5024211.19, 1411.92);
insert into STATION values (2274, '.', 1445, 246921.86, 5024216.58, 1407.90);
insert into STATION values (2275, '.', 1445, 246921.50, 5024210.98, 1412.89);
insert into STATION values (2276, '0-2', 1445, 246921.46, 5024210.99, 1412.86);
insert into STATION values (2277, '.', 1445, 246921.44, 5024211.00, 1412.85);
insert into STATION values (2278, '.', 1445, 246920.16, 5024214.53, 1412.83);
insert into STATION values (2279, '.', 1445, 246919.36, 5024214.50, 1413.88);
insert into STATION values (2280, '.', 1445, 246920.33, 5024213.72, 1413.34);
insert into STATION values (2281, '.', 1445, 246918.65, 5024214.71, 1407.70);
insert into STATION values (2282, '.', 1445, 246920.46, 5024213.22, 1410.59);
insert into STATION values (2283, '.', 1445, 246922.37, 5024214.22, 1414.79);
insert into STATION values (2284, '.', 1445, 246922.20, 5024213.16, 1412.47);
insert into STATION values (2285, '.', 1445, 246922.28, 5024212.68, 1415.18);
insert into STATION values (2286, '00-0', 1445, 246925.45, 5024209.89, 1389.75);
insert into STATION values (2287, '.', 1445, 246927.89, 5024208.58, 1390.21);
insert into STATION values (2288, '.', 1445, 246927.31, 5024208.33, 1389.95);
insert into STATION values (2289, '.', 1445, 246927.91, 5024207.37, 1389.94);
insert into STATION values (2290, '.', 1445, 246928.15, 5024206.75, 1389.93);
insert into STATION values (2291, '.', 1445, 246926.37, 5024208.22, 1389.94);
insert into STATION values (2292, '.', 1445, 246925.68, 5024208.09, 1389.97);
insert into STATION values (2293, '.', 1445, 246927.58, 5024210.03, 1390.47);
insert into STATION values (2294, '.', 1445, 246926.26, 5024210.55, 1390.11);
insert into STATION values (2295, '.', 1445, 246927.05, 5024211.00, 1390.61);
insert into STATION values (2296, '.', 1445, 246925.47, 5024209.99, 1389.42);
insert into STATION values (2297, '.', 1445, 246924.20, 5024209.11, 1411.30);
insert into STATION values (2298, '.', 1445, 246926.86, 5024210.02, 1398.38);
insert into STATION values (2299, '.', 1445, 246927.42, 5024209.49, 1393.64);
insert into STATION values (2300, '.', 1445, 246928.95, 5024214.21, 1399.78);
insert into STATION values (2301, '.', 1445, 246927.79, 5024213.46, 1402.58);
insert into STATION values (2302, '.', 1445, 246925.58, 5024210.93, 1394.63);
insert into STATION values (2303, '.', 1445, 246923.70, 5024210.61, 1396.14);
insert into STATION values (2304, '.', 1445, 246928.74, 5024207.19, 1389.79);
insert into STATION values (2305, '.', 1445, 246928.00, 5024207.52, 1389.85);
insert into STATION values (2306, '.', 1445, 246927.15, 5024209.93, 1389.16);
insert into STATION values (2307, '.', 1445, 246927.33, 5024209.64, 1388.94);
insert into STATION values (2308, '.', 1445, 246930.59, 5024209.79, 1387.67);
insert into STATION values (2309, '.', 1445, 246931.00, 5024209.67, 1387.79);
insert into STATION values (2310, '00-1', 1445, 246927.40, 5024209.78, 1389.17);
insert into STATION values (2311, '.', 1445, 246927.34, 5024209.61, 1387.45);
insert into STATION values (2312, '.', 1445, 246928.52, 5024208.47, 1388.18);
insert into STATION values (2313, '.', 1445, 246928.10, 5024208.44, 1388.53);
insert into STATION values (2314, '.', 1445, 246927.14, 5024209.38, 1388.97);
insert into STATION values (2315, '.', 1445, 246927.55, 5024209.77, 1388.96);
insert into STATION values (2316, '.', 1445, 246928.16, 5024209.52, 1388.65);
insert into STATION values (2317, '.', 1445, 246927.45, 5024210.69, 1387.89);
insert into STATION values (2318, '.', 1445, 246927.45, 5024209.43, 1396.41);
insert into STATION values (2319, '.', 1445, 246925.59, 5024211.74, 1391.46);
insert into STATION values (2320, '.', 1445, 246928.49, 5024212.37, 1393.49);
insert into STATION values (2321, '.', 1445, 246927.90, 5024217.24, 1401.27);
insert into STATION values (2322, '.', 1445, 246926.79, 5024214.39, 1397.10);
insert into STATION values (2323, '.', 1445, 246925.35, 5024209.31, 1392.74);
insert into STATION values (2324, '.', 1445, 246924.17, 5024210.25, 1393.56);
insert into STATION values (2325, '00-2', 1445, 246926.48, 5024208.54, 1388.50);
insert into STATION values (2326, '.', 1445, 246926.41, 5024208.48, 1387.45);
insert into STATION values (2327, '.', 1445, 246925.92, 5024208.33, 1387.82);
insert into STATION values (2328, '.', 1445, 246926.87, 5024208.99, 1387.59);
insert into STATION values (2329, '.', 1445, 246926.94, 5024208.83, 1388.47);
insert into STATION values (2330, '.', 1445, 246927.32, 5024207.78, 1388.79);
insert into STATION values (2331, '.', 1445, 246927.74, 5024207.82, 1388.94);
insert into STATION values (2332, '.', 1445, 246928.13, 5024207.32, 1389.49);
insert into STATION values (2333, '.', 1445, 246926.53, 5024208.45, 1389.41);
insert into STATION values (2334, '.', 1445, 246927.63, 5024209.01, 1385.56);
insert into STATION values (2335, '.', 1445, 246927.35, 5024208.27, 1385.54);
insert into STATION values (2336, '.', 1445, 246929.61, 5024208.04, 1387.07);
insert into STATION values (2337, '.', 1445, 246929.43, 5024208.50, 1388.99);
insert into STATION values (2338, '00-3', 1445, 246928.00, 5024207.37, 1389.83);
insert into STATION values (2339, '.', 1445, 246928.85, 5024207.55, 1388.99);
insert into STATION values (2340, '.', 1445, 246928.14, 5024207.09, 1388.22);
insert into STATION values (2341, '.', 1445, 246929.65, 5024208.00, 1389.38);
insert into STATION values (2342, '.', 1445, 246930.04, 5024207.94, 1389.73);
insert into STATION values (2343, '.', 1445, 246928.99, 5024207.48, 1389.69);
insert into STATION values (2344, '.', 1445, 246927.19, 5024206.86, 1389.71);
insert into STATION values (2345, '.', 1445, 246926.92, 5024206.39, 1389.78);
insert into STATION values (2346, '.', 1445, 246927.63, 5024207.17, 1391.96);
insert into STATION values (2347, '.', 1445, 246927.79, 5024207.78, 1386.08);
insert into STATION values (2348, '00-4', 1445, 246929.03, 5024207.69, 1387.12);
insert into STATION values (2349, '.', 1445, 246929.26, 5024207.39, 1387.24);
insert into STATION values (2350, '.', 1445, 246931.16, 5024207.98, 1387.07);
insert into STATION values (2351, '.', 1445, 246929.75, 5024207.65, 1387.11);
insert into STATION values (2352, '.', 1445, 246929.10, 5024206.53, 1387.02);
insert into STATION values (2353, '.', 1445, 246929.39, 5024207.73, 1387.16);
insert into STATION values (2354, '.', 1445, 246928.53, 5024208.08, 1384.18);
insert into STATION values (2355, '.', 1445, 246928.87, 5024208.79, 1380.69);
insert into STATION values (2356, '.', 1445, 246929.68, 5024208.20, 1384.05);
insert into STATION values (2357, '.', 1445, 246928.99, 5024207.90, 1392.63);
insert into STATION values (2358, '.', 1445, 246929.28, 5024207.74, 1389.04);
insert into STATION values (2359, '.', 1445, 246928.81, 5024208.10, 1389.01);
insert into STATION values (2360, '.', 1445, 246929.91, 5024208.78, 1383.57);
insert into STATION values (2361, '00-5', 1445, 246931.86, 5024210.75, 1376.61);
insert into STATION values (2362, '.', 1445, 246930.10, 5024210.52, 1376.30);
insert into STATION values (2363, '.', 1445, 246930.73, 5024209.97, 1376.47);
insert into STATION values (2364, '.', 1445, 246934.39, 5024208.55, 1376.73);
insert into STATION values (2365, '.', 1445, 246933.27, 5024208.86, 1376.32);
insert into STATION values (2366, '.', 1445, 246931.61, 5024207.74, 1381.10);
insert into STATION values (2367, '.', 1445, 246930.49, 5024209.08, 1382.51);
insert into STATION values (2368, '.', 1445, 246930.08, 5024210.27, 1382.86);
insert into STATION values (2369, '00-6', 1445, 246931.28, 5024210.68, 1376.36);
insert into STATION values (2370, '15-0', 1532, 246901.31, 5024203.03, 1447.87);
insert into STATION values (2371, '.', 1532, 246902.47, 5024204.04, 1446.35);
insert into STATION values (2372, '.', 1532, 246903.71, 5024204.69, 1445.65);
insert into STATION values (2373, '.', 1532, 246902.17, 5024203.57, 1447.03);
insert into STATION values (2374, '.', 1532, 246901.98, 5024203.65, 1447.99);
insert into STATION values (2375, '.', 1532, 246901.05, 5024204.83, 1447.91);
insert into STATION values (2376, '.', 1532, 246901.17, 5024202.99, 1447.86);
insert into STATION values (2377, '.', 1532, 246899.91, 5024204.99, 1448.26);
insert into STATION values (2378, '.', 1532, 246902.03, 5024202.38, 1448.08);
insert into STATION values (2379, '.', 1532, 246901.47, 5024202.72, 1450.64);
insert into STATION values (2380, '.', 1532, 246902.50, 5024203.06, 1447.92);
insert into STATION values (2381, '.', 1532, 246901.72, 5024204.51, 1447.67);
insert into STATION values (2382, '.', 1532, 246900.87, 5024204.87, 1447.92);
insert into STATION values (2383, '.', 1532, 246899.70, 5024204.00, 1447.64);
insert into STATION values (2384, '.', 1532, 246897.51, 5024206.24, 1447.50);
insert into STATION values (2385, '15-1', 1532, 246898.88, 5024205.65, 1451.93);
insert into STATION values (2386, '.', 1532, 246899.01, 5024205.84, 1451.91);
insert into STATION values (2387, '.', 1532, 246899.57, 5024205.29, 1451.82);
insert into STATION values (2388, '.', 1532, 246899.26, 5024205.08, 1451.75);
insert into STATION values (2389, '.', 1532, 246899.76, 5024204.94, 1450.58);
insert into STATION values (2390, '.', 1532, 246899.42, 5024204.90, 1450.71);
insert into STATION values (2391, '.', 1532, 246898.97, 5024205.60, 1450.83);
insert into STATION values (2392, '.', 1532, 246899.00, 5024205.27, 1451.86);
insert into STATION values (2393, '.', 1532, 246897.90, 5024204.84, 1451.30);
insert into STATION values (2394, '.', 1532, 246897.63, 5024204.85, 1451.64);
insert into STATION values (2395, '.', 1532, 246898.66, 5024205.68, 1453.84);
insert into STATION values (2396, '.', 1532, 246898.81, 5024205.43, 1452.86);
insert into STATION values (2397, '.', 1532, 246898.84, 5024205.76, 1452.63);
insert into STATION values (2398, '15-2', 1532, 246897.76, 5024205.42, 1454.61);
insert into STATION values (2399, '.', 1532, 246895.77, 5024205.14, 1454.36);
insert into STATION values (2400, '.', 1532, 246897.75, 5024205.29, 1454.59);
insert into STATION values (2401, '.', 1532, 246894.87, 5024205.18, 1454.38);
insert into STATION values (2402, '.', 1532, 246896.16, 5024206.24, 1454.50);
insert into STATION values (2403, '.', 1532, 246897.38, 5024206.99, 1454.53);
insert into STATION values (2404, '.', 1532, 246898.14, 5024206.33, 1454.74);
insert into STATION values (2405, '.', 1532, 246898.36, 5024205.60, 1454.66);
insert into STATION values (2406, '.', 1532, 246895.93, 5024206.58, 1452.79);
insert into STATION values (2407, '.', 1532, 246897.42, 5024205.87, 1452.92);
insert into STATION values (2408, '.', 1532, 246896.72, 5024206.16, 1465.85);
insert into STATION values (2409, '.', 1532, 246896.43, 5024206.10, 1461.54);
insert into STATION values (2410, '.', 1532, 246893.65, 5024205.71, 1468.34);
insert into STATION values (2411, '15-3', 1532, 246895.82, 5024204.65, 1454.10);
insert into STATION values (2412, '.', 1532, 246894.96, 5024205.02, 1454.06);
insert into STATION values (2413, '.', 1532, 246895.56, 5024205.49, 1454.03);
insert into STATION values (2414, '.', 1532, 246897.00, 5024205.51, 1454.03);
insert into STATION values (2415, '.', 1532, 246898.61, 5024204.22, 1454.03);
insert into STATION values (2416, '.', 1532, 246898.24, 5024205.44, 1454.17);
insert into STATION values (2417, '.', 1532, 246897.17, 5024204.34, 1454.10);
insert into STATION values (2418, '.', 1532, 246895.77, 5024204.50, 1454.13);
insert into STATION values (2419, '.', 1532, 246897.64, 5024204.30, 1454.53);
insert into STATION values (2420, '.', 1532, 246896.85, 5024204.25, 1454.22);
insert into STATION values (2421, '15-4', 1532, 246895.71, 5024206.01, 1460.64);
insert into STATION values (2422, '.', 1532, 246894.31, 5024206.40, 1460.56);
insert into STATION values (2423, '.', 1532, 246893.72, 5024205.80, 1460.57);
insert into STATION values (2424, '.', 1532, 246893.44, 5024204.97, 1460.39);
insert into STATION values (2425, '.', 1532, 246894.48, 5024204.78, 1460.45);
insert into STATION values (2426, '.', 1532, 246896.30, 5024205.68, 1460.79);
insert into STATION values (2427, '.', 1532, 246899.50, 5024202.91, 1460.44);
insert into STATION values (2428, '.', 1532, 246899.95, 5024201.96, 1460.35);
insert into STATION values (2429, '.', 1532, 246897.60, 5024203.62, 1460.59);
insert into STATION values (2430, '.', 1532, 246896.33, 5024204.95, 1460.57);
insert into STATION values (2431, '.', 1532, 246895.65, 5024204.89, 1460.56);
insert into STATION values (2432, '.', 1532, 246895.04, 5024204.86, 1460.65);
insert into STATION values (2433, '.', 1532, 246895.38, 5024204.86, 1455.24);
insert into STATION values (2434, '.', 1532, 246895.58, 5024205.03, 1452.67);
insert into STATION values (2435, '.', 1532, 246894.89, 5024204.83, 1463.78);
insert into STATION values (2436, '.', 1532, 246894.29, 5024206.23, 1466.97);
insert into STATION values (2437, '.', 1532, 246895.67, 5024205.32, 1465.21);
insert into STATION values (2438, '.', 1532, 246895.03, 5024205.79, 1469.76);
insert into STATION values (2439, '.', 1532, 246894.72, 5024205.88, 1472.51);
insert into STATION values (2440, '.', 1532, 246895.54, 5024204.92, 1461.14);
insert into STATION values (2441, '15-5', 1532, 246895.54, 5024204.91, 1461.10);
insert into STATION values (2442, '15-6', 1532, 246896.55, 5024206.33, 1470.33);
insert into STATION values (2443, '.', 1532, 246897.28, 5024206.73, 1470.54);
insert into STATION values (2444, '.', 1532, 246896.77, 5024207.61, 1471.11);
insert into STATION values (2445, '.', 1532, 246895.92, 5024207.20, 1471.10);
insert into STATION values (2446, '.', 1532, 246895.46, 5024208.92, 1472.68);
insert into STATION values (2447, '.', 1532, 246897.34, 5024204.58, 1469.95);
insert into STATION values (2448, '.', 1532, 246896.57, 5024205.49, 1470.22);
insert into STATION values (2449, '.', 1532, 246895.78, 5024205.71, 1470.16);
insert into STATION values (2450, '.', 1532, 246895.67, 5024206.20, 1470.14);
insert into STATION values (2451, '.', 1532, 246894.16, 5024205.24, 1469.91);
insert into STATION values (2452, '.', 1532, 246895.13, 5024205.36, 1456.94);
insert into STATION values (2453, '.', 1532, 246895.59, 5024206.41, 1467.45);
insert into STATION values (2454, '.', 1532, 246894.98, 5024204.84, 1464.34);
insert into STATION values (2455, '.', 1532, 246893.79, 5024205.11, 1467.38);
insert into STATION values (2456, '.', 1532, 246896.23, 5024206.66, 1472.03);
insert into STATION values (2457, '15-7', 1532, 246896.54, 5024208.50, 1471.60);
insert into STATION values (2458, '.', 1532, 246896.73, 5024209.71, 1471.25);
insert into STATION values (2459, '.', 1532, 246895.38, 5024209.53, 1471.95);
insert into STATION values (2460, '.', 1532, 246893.56, 5024210.06, 1473.78);
insert into STATION values (2461, '.', 1532, 246894.71, 5024208.38, 1472.82);
insert into STATION values (2462, '.', 1532, 246896.71, 5024208.63, 1470.00);
insert into STATION values (2463, '.', 1532, 246896.62, 5024208.83, 1471.07);
insert into STATION values (2464, '.', 1532, 246895.46, 5024207.59, 1470.26);
insert into STATION values (2465, '.', 1532, 246895.36, 5024208.68, 1471.39);
insert into STATION values (2466, '.', 1532, 246895.30, 5024209.26, 1472.70);
insert into STATION values (2467, '.', 1532, 246893.12, 5024209.48, 1474.45);
insert into STATION values (2468, '.', 1532, 246893.49, 5024210.26, 1473.08);
insert into STATION values (2469, '15-8', 1532, 246894.84, 5024209.89, 1473.02);
insert into STATION values (2470, '.', 1532, 246894.42, 5024208.35, 1473.18);
insert into STATION values (2471, '.', 1532, 246895.00, 5024210.07, 1473.16);
insert into STATION values (2472, '.', 1532, 246894.42, 5024209.59, 1469.64);
insert into STATION values (2473, '.', 1532, 246893.73, 5024210.16, 1473.75);
insert into STATION values (2474, '.', 1532, 246890.75, 5024210.04, 1472.74);
insert into STATION values (2475, '.', 1532, 246897.66, 5024208.32, 1470.54);
insert into STATION values (2476, '15-9', 1532, 246892.39, 5024209.71, 1475.82);
insert into STATION values (2477, '.', 1532, 246892.11, 5024210.03, 1471.40);
insert into STATION values (2478, '.', 1532, 246892.35, 5024209.99, 1474.57);
insert into STATION values (2479, '.', 1532, 246892.33, 5024209.74, 1474.54);
insert into STATION values (2480, '.', 1532, 246892.92, 5024211.23, 1474.91);
insert into STATION values (2481, '.', 1532, 246892.48, 5024210.18, 1475.42);
insert into STATION values (2482, '.', 1532, 246892.38, 5024210.34, 1475.10);
insert into STATION values (2483, '.', 1532, 246892.30, 5024208.86, 1475.88);
insert into STATION values (2484, '.', 1532, 246892.28, 5024209.65, 1475.55);
insert into STATION values (2485, '.', 1532, 246891.89, 5024209.73, 1474.70);
insert into STATION values (2486, '.', 1532, 246891.96, 5024209.69, 1474.68);
insert into STATION values (2487, '.', 1532, 246894.22, 5024209.36, 1472.64);
insert into STATION values (2488, '.', 1532, 246897.27, 5024209.00, 1470.56);
insert into STATION values (2489, '.', 1532, 246890.82, 5024210.42, 1477.43);
insert into STATION values (2490, '.', 1532, 246890.22, 5024210.70, 1476.11);
insert into STATION values (2491, '15-10', 1532, 246890.43, 5024210.67, 1476.28);
insert into STATION values (2492, '.', 1532, 246890.45, 5024210.16, 1473.73);
insert into STATION values (2493, '.', 1532, 246890.45, 5024209.96, 1475.53);
insert into STATION values (2494, '.', 1532, 246890.56, 5024209.75, 1476.32);
insert into STATION values (2495, '.', 1532, 246890.42, 5024210.54, 1477.97);
insert into STATION values (2496, '.', 1532, 246890.31, 5024209.95, 1477.04);
insert into STATION values (2497, '.', 1532, 246889.71, 5024209.94, 1476.55);
insert into STATION values (2498, '.', 1532, 246889.15, 5024209.77, 1475.32);
insert into STATION values (2499, '.', 1532, 246889.71, 5024209.64, 1477.50);
insert into STATION values (2500, '.', 1532, 246891.33, 5024210.54, 1476.83);
insert into STATION values (2501, '.', 1532, 246892.27, 5024210.48, 1475.79);
insert into STATION values (2502, '.', 1532, 246891.91, 5024210.43, 1474.91);
insert into STATION values (2503, '15-11', 1532, 246889.60, 5024209.21, 1476.47);
insert into STATION values (2504, '.', 1532, 246889.65, 5024209.75, 1476.46);
insert into STATION values (2505, '.', 1532, 246889.94, 5024209.52, 1476.46);
insert into STATION values (2506, '.', 1532, 246889.65, 5024209.96, 1474.93);
insert into STATION values (2507, '.', 1532, 246890.21, 5024209.69, 1475.03);
insert into STATION values (2508, '.', 1532, 246889.66, 5024209.31, 1477.12);
insert into STATION values (2509, '.', 1532, 246889.94, 5024209.16, 1477.38);
insert into STATION values (2510, '.', 1532, 246889.72, 5024209.20, 1478.21);
insert into STATION values (2511, '.', 1532, 246889.45, 5024209.06, 1475.40);
insert into STATION values (2512, '.', 1532, 246890.05, 5024208.99, 1475.25);
insert into STATION values (2513, '.', 1532, 246889.85, 5024208.99, 1474.58);
insert into STATION values (2514, '.', 1532, 246890.46, 5024207.85, 1476.68);
insert into STATION values (2515, '.', 1532, 246890.69, 5024208.06, 1476.70);
insert into STATION values (2516, '.', 1532, 246890.19, 5024208.88, 1476.57);
insert into STATION values (2517, '.', 1532, 246890.05, 5024208.17, 1475.74);
insert into STATION values (2518, '.', 1532, 246890.42, 5024208.33, 1475.38);
insert into STATION values (2519, '.', 1532, 246890.30, 5024208.30, 1476.25);
insert into STATION values (2520, '.', 1532, 246890.63, 5024207.85, 1476.41);
insert into STATION values (2521, '.', 1532, 246890.44, 5024208.03, 1477.23);
insert into STATION values (2522, '.', 1532, 246890.04, 5024208.80, 1477.57);
insert into STATION values (2523, '.', 1532, 246892.65, 5024210.82, 1475.74);
insert into STATION values (2524, '.', 1532, 246892.48, 5024210.88, 1475.48);
insert into STATION values (2525, '.', 1532, 246892.15, 5024210.70, 1475.99);
insert into STATION values (2526, '15-12', 1532, 246892.05, 5024211.98, 1475.90);
insert into STATION values (2527, '.', 1532, 246892.04, 5024211.45, 1476.23);
insert into STATION values (2528, '.', 1532, 246891.89, 5024211.31, 1476.07);
insert into STATION values (2529, '.', 1532, 246891.86, 5024211.70, 1475.69);
insert into STATION values (2530, '.', 1532, 246892.18, 5024212.04, 1475.99);
insert into STATION values (2531, '.', 1532, 246891.00, 5024213.77, 1476.98);
insert into STATION values (2532, '.', 1532, 246890.91, 5024213.15, 1476.72);
insert into STATION values (2533, '.', 1532, 246891.25, 5024212.52, 1476.32);
insert into STATION values (2534, '.', 1532, 246891.50, 5024211.96, 1475.86);
insert into STATION values (2535, '.', 1532, 246892.05, 5024211.87, 1474.22);
insert into STATION values (2536, '.', 1532, 246892.05, 5024212.10, 1475.50);
insert into STATION values (2537, '.', 1532, 246891.86, 5024211.89, 1475.22);
insert into STATION values (2538, '15-13', 1532, 246888.35, 5024213.31, 1477.20);
insert into STATION values (2539, '.', 1532, 246888.31, 5024212.87, 1477.22);
insert into STATION values (2540, '.', 1532, 246887.38, 5024212.69, 1477.09);
insert into STATION values (2541, '.', 1532, 246886.80, 5024212.96, 1477.04);
insert into STATION values (2542, '.', 1532, 246887.48, 5024213.17, 1477.10);
insert into STATION values (2543, '.', 1532, 246888.37, 5024213.46, 1477.20);
insert into STATION values (2544, '.', 1532, 246889.38, 5024213.41, 1477.04);
insert into STATION values (2545, '.', 1532, 246891.86, 5024212.40, 1476.29);
insert into STATION values (2546, '.', 1532, 246889.93, 5024212.56, 1476.67);
insert into STATION values (2547, '.', 1532, 246890.71, 5024212.65, 1475.04);
insert into STATION values (2548, '.', 1532, 246890.53, 5024212.42, 1477.49);
insert into STATION values (2549, '.', 1532, 246888.96, 5024212.75, 1479.60);
insert into STATION values (2550, '.', 1532, 246887.26, 5024212.84, 1481.46);
insert into STATION values (2551, '.', 1532, 246887.42, 5024213.06, 1478.96);
insert into STATION values (2552, '.', 1532, 246886.99, 5024212.71, 1479.55);
insert into STATION values (2553, '15-13-1', 1532, 246886.78, 5024212.47, 1481.74);
insert into STATION values (2554, '.', 1532, 246886.44, 5024211.91, 1481.53);
insert into STATION values (2555, '.', 1532, 246886.85, 5024212.34, 1481.81);
insert into STATION values (2556, '.', 1532, 246886.55, 5024211.89, 1481.03);
insert into STATION values (2557, '.', 1532, 246886.76, 5024212.49, 1480.32);
insert into STATION values (2558, '.', 1532, 246887.15, 5024212.95, 1477.67);
insert into STATION values (2559, '.', 1532, 246888.36, 5024213.36, 1475.45);
insert into STATION values (2560, '.', 1532, 246887.27, 5024213.05, 1478.92);
insert into STATION values (2561, '.', 1532, 246886.97, 5024212.98, 1480.30);
insert into STATION values (2562, '.', 1532, 246886.49, 5024213.14, 1478.21);
insert into STATION values (2563, '.', 1532, 246885.77, 5024212.87, 1479.85);
insert into STATION values (2564, '.', 1532, 246888.94, 5024213.32, 1476.67);
insert into STATION values (2565, '.', 1532, 246890.29, 5024212.97, 1476.23);
insert into STATION values (2566, '.', 1532, 246888.32, 5024213.18, 1479.22);
insert into STATION values (2567, '.', 1532, 246888.15, 5024212.63, 1479.46);
insert into STATION values (2568, '.', 1532, 246887.27, 5024213.84, 1480.79);
insert into STATION values (2569, '.', 1532, 246889.14, 5024214.95, 1478.96);
insert into STATION values (2570, '.', 1532, 246889.74, 5024214.41, 1478.14);
insert into STATION values (2571, '.', 1532, 246886.18, 5024213.01, 1481.67);
insert into STATION values (2572, '.', 1532, 246885.68, 5024212.72, 1481.76);
insert into STATION values (2573, '.', 1532, 246882.82, 5024213.92, 1481.46);
insert into STATION values (2574, '.', 1532, 246884.85, 5024213.45, 1481.55);
insert into STATION values (2575, '.', 1532, 246882.69, 5024214.51, 1486.20);
insert into STATION values (2576, '15-13-2', 1532, 246883.10, 5024214.02, 1486.26);
insert into STATION values (2577, '.', 1532, 246883.71, 5024213.55, 1480.39);
insert into STATION values (2578, '.', 1532, 246883.36, 5024213.53, 1483.45);
insert into STATION values (2579, '.', 1532, 246883.69, 5024213.88, 1483.82);
insert into STATION values (2580, '.', 1532, 246882.58, 5024212.12, 1486.03);
insert into STATION values (2581, '.', 1532, 246882.70, 5024213.39, 1485.89);
insert into STATION values (2582, '.', 1532, 246883.98, 5024215.10, 1485.08);
insert into STATION values (2583, '.', 1532, 246883.58, 5024214.45, 1484.67);
insert into STATION values (2584, '.', 1532, 246888.35, 5024213.27, 1479.59);
insert into STATION values (2585, '.', 1532, 246887.59, 5024211.87, 1480.43);
insert into STATION values (2586, '.', 1532, 246884.71, 5024213.21, 1484.51);
insert into STATION values (2587, '.', 1532, 246883.45, 5024213.89, 1486.07);
insert into STATION values (2588, '.', 1532, 246882.62, 5024214.54, 1487.69);
insert into STATION values (2589, '.', 1532, 246882.15, 5024214.99, 1488.20);
insert into STATION values (2590, '.', 1532, 246882.59, 5024214.31, 1486.42);
insert into STATION values (2591, '.', 1532, 246882.54, 5024214.81, 1486.65);
insert into STATION values (2592, '.', 1532, 246881.70, 5024215.08, 1487.88);
insert into STATION values (2593, '.', 1532, 246882.48, 5024214.96, 1487.10);
insert into STATION values (2594, '.', 1532, 246882.40, 5024214.23, 1483.04);
insert into STATION values (2595, '.', 1532, 246881.87, 5024214.97, 1483.00);
insert into STATION values (2596, '.', 1532, 246884.01, 5024213.26, 1479.91);
insert into STATION values (2597, '.', 1532, 246883.17, 5024214.00, 1480.20);
insert into STATION values (2598, '15-13-3', 1532, 246882.20, 5024215.51, 1487.60);
insert into STATION values (2599, '.', 1532, 246881.71, 5024215.02, 1487.54);
insert into STATION values (2600, '.', 1532, 246882.39, 5024215.14, 1487.57);
insert into STATION values (2601, '.', 1532, 246882.31, 5024216.08, 1487.61);
insert into STATION values (2602, '.', 1532, 246882.03, 5024215.80, 1487.70);
insert into STATION values (2603, '.', 1532, 246882.23, 5024215.41, 1484.11);
insert into STATION values (2604, '.', 1532, 246882.35, 5024217.06, 1486.09);
insert into STATION values (2605, '.', 1532, 246882.01, 5024218.20, 1487.21);
insert into STATION values (2606, '.', 1532, 246880.33, 5024218.71, 1487.06);
insert into STATION values (2607, '.', 1532, 246882.53, 5024215.54, 1487.63);
insert into STATION values (2608, '.', 1532, 246881.63, 5024215.40, 1488.82);
insert into STATION values (2609, '15-13-4', 1532, 246881.72, 5024217.25, 1486.68);
insert into STATION values (2610, '.', 1532, 246881.72, 5024217.45, 1486.04);
insert into STATION values (2611, '.', 1532, 246881.75, 5024218.00, 1486.82);
insert into STATION values (2612, '.', 1532, 246882.46, 5024217.56, 1486.84);
insert into STATION values (2613, '.', 1532, 246882.60, 5024216.80, 1486.83);
insert into STATION values (2614, '.', 1532, 246880.92, 5024218.38, 1486.97);
insert into STATION values (2615, '.', 1532, 246879.99, 5024218.14, 1486.72);
insert into STATION values (2616, '.', 1532, 246880.11, 5024216.94, 1486.79);
insert into STATION values (2617, '.', 1532, 246880.98, 5024216.16, 1486.77);
insert into STATION values (2618, '.', 1532, 246881.49, 5024216.01, 1486.78);
insert into STATION values (2619, '.', 1532, 246879.68, 5024217.59, 1486.85);
insert into STATION values (2620, '.', 1532, 246880.23, 5024218.97, 1499.08);
insert into STATION values (2621, '.', 1532, 246880.58, 5024216.77, 1490.80);
insert into STATION values (2622, '.', 1532, 246881.74, 5024217.26, 1490.19);
insert into STATION values (2623, '.', 1532, 246880.69, 5024218.42, 1490.10);
insert into STATION values (2624, '15-13-5', 1532, 246879.52, 5024218.45, 1489.36);
insert into STATION values (2625, '.', 1532, 246879.45, 5024218.06, 1487.64);
insert into STATION values (2626, '.', 1532, 246879.68, 5024218.40, 1486.93);
insert into STATION values (2627, '.', 1532, 246879.92, 5024218.62, 1487.83);
insert into STATION values (2628, '.', 1532, 246879.49, 5024218.44, 1489.79);
insert into STATION values (2629, '.', 1532, 246879.66, 5024218.59, 1490.29);
insert into STATION values (2630, '.', 1532, 246879.84, 5024218.78, 1489.59);
insert into STATION values (2631, '.', 1532, 246881.14, 5024216.83, 1490.02);
insert into STATION values (2632, '.', 1532, 246882.62, 5024215.25, 1487.20);
insert into STATION values (2633, '.', 1532, 246880.94, 5024216.78, 1485.94);
insert into STATION values (2634, '.', 1532, 246879.20, 5024219.15, 1490.94);
insert into STATION values (2635, '.', 1532, 246878.58, 5024219.69, 1490.17);
insert into STATION values (2636, '.', 1532, 246878.96, 5024219.35, 1489.17);
insert into STATION values (2637, '.', 1532, 246879.01, 5024219.19, 1488.09);
insert into STATION values (2638, '.', 1532, 246878.59, 5024219.36, 1490.44);
insert into STATION values (2639, '.', 1532, 246879.25, 5024220.03, 1490.04);
insert into STATION values (2640, '.', 1532, 246882.22, 5024217.24, 1488.84);
insert into STATION values (2641, '.', 1532, 246881.12, 5024215.94, 1489.01);
insert into STATION values (2642, '.', 1532, 246879.42, 5024218.35, 1489.40);
insert into STATION values (2643, '15-13-6', 1532, 246877.58, 5024221.34, 1493.29);
insert into STATION values (2644, '.', 1532, 246876.67, 5024222.34, 1494.05);
insert into STATION values (2645, '.', 1532, 246876.43, 5024223.28, 1494.68);
insert into STATION values (2646, '.', 1532, 246877.28, 5024222.56, 1493.98);
insert into STATION values (2647, '.', 1532, 246876.65, 5024222.72, 1493.17);
insert into STATION values (2648, '.', 1532, 246876.97, 5024222.28, 1492.59);
insert into STATION values (2649, '.', 1532, 246877.74, 5024222.59, 1492.92);
insert into STATION values (2650, '.', 1532, 246877.11, 5024221.69, 1492.98);
insert into STATION values (2651, '.', 1532, 246877.86, 5024221.69, 1493.66);
insert into STATION values (2652, '.', 1532, 246877.63, 5024221.31, 1493.59);
insert into STATION values (2653, '.', 1532, 246877.97, 5024220.62, 1492.17);
insert into STATION values (2654, '.', 1532, 246879.37, 5024219.43, 1490.33);
insert into STATION values (2655, '.', 1532, 246878.73, 5024220.59, 1492.42);
insert into STATION values (2656, '.', 1532, 246879.84, 5024219.33, 1492.99);
insert into STATION values (2657, '.', 1532, 246880.79, 5024217.35, 1492.55);
insert into STATION values (2658, '.', 1532, 246877.64, 5024221.60, 1491.99);
insert into STATION values (2659, '.', 1532, 246878.80, 5024221.63, 1490.34);
insert into STATION values (2660, '.', 1532, 246880.06, 5024221.52, 1490.45);
insert into STATION values (2661, '.', 1532, 246877.80, 5024221.37, 1493.08);
insert into STATION values (2662, '.', 1532, 246881.83, 5024221.51, 1490.10);
insert into STATION values (2663, '15-13-7', 1532, 246879.39, 5024219.90, 1493.20);
insert into STATION values (2664, '.', 1532, 246878.90, 5024220.38, 1493.19);
insert into STATION values (2665, '.', 1532, 246878.56, 5024220.29, 1493.23);
insert into STATION values (2666, '.', 1532, 246876.37, 5024222.22, 1493.05);
insert into STATION values (2667, '.', 1532, 246879.03, 5024219.56, 1492.07);
insert into STATION values (2668, '.', 1532, 246879.37, 5024219.83, 1492.16);
insert into STATION values (2669, '.', 1532, 246879.02, 5024219.51, 1488.54);
insert into STATION values (2670, '.', 1532, 246879.08, 5024219.40, 1495.85);
insert into STATION values (2671, '.', 1532, 246879.58, 5024219.11, 1498.26);
insert into STATION values (2672, '.', 1532, 246879.45, 5024219.70, 1494.89);
insert into STATION values (2673, '.', 1532, 246879.39, 5024218.68, 1493.41);
insert into STATION values (2674, '.', 1532, 246879.97, 5024219.09, 1493.38);
insert into STATION values (2675, '.', 1532, 246880.45, 5024217.95, 1493.49);
insert into STATION values (2676, '15-13-8', 1532, 246880.29, 5024218.23, 1494.15);
insert into STATION values (2677, '.', 1532, 246880.71, 5024219.11, 1494.33);
insert into STATION values (2678, '.', 1532, 246881.64, 5024219.57, 1494.65);
insert into STATION values (2679, '.', 1532, 246884.86, 5024221.06, 1495.41);
insert into STATION values (2680, '.', 1532, 246885.73, 5024220.51, 1495.17);
insert into STATION values (2681, '.', 1532, 246882.73, 5024219.04, 1494.47);
insert into STATION values (2682, '.', 1532, 246881.81, 5024218.34, 1494.18);
insert into STATION values (2683, '.', 1532, 246881.66, 5024217.99, 1494.08);
insert into STATION values (2684, '.', 1532, 246880.21, 5024218.09, 1494.27);
insert into STATION values (2685, '.', 1532, 246882.22, 5024218.87, 1487.50);
insert into STATION values (2686, '.', 1532, 246881.54, 5024219.71, 1503.26);
insert into STATION values (2687, '.', 1532, 246880.69, 5024218.64, 1500.23);
insert into STATION values (2688, '.', 1532, 246880.72, 5024219.20, 1496.81);
insert into STATION values (2689, '.', 1532, 246880.95, 5024219.51, 1495.88);
insert into STATION values (2690, '.', 1532, 246881.31, 5024218.67, 1492.03);
insert into STATION values (2691, '.', 1532, 246880.07, 5024216.91, 1490.72);
insert into STATION values (2692, '15-13-9', 1532, 246882.27, 5024219.15, 1493.70);
insert into STATION values (2693, '15-14', 1532, 246888.89, 5024214.70, 1479.47);
insert into STATION values (2694, '.', 1532, 246890.19, 5024214.34, 1477.84);
insert into STATION values (2695, '.', 1532, 246890.44, 5024213.87, 1477.53);
insert into STATION values (2696, '.', 1532, 246892.55, 5024211.09, 1474.67);
insert into STATION values (2697, '.', 1532, 246888.72, 5024213.55, 1478.78);
insert into STATION values (2698, '.', 1532, 246889.06, 5024214.74, 1478.62);
insert into STATION values (2699, '.', 1532, 246888.90, 5024214.79, 1479.64);
insert into STATION values (2700, '.', 1532, 246889.06, 5024214.94, 1479.53);
insert into STATION values (2701, '.', 1532, 246888.55, 5024214.72, 1479.43);
insert into STATION values (2702, '.', 1532, 246888.62, 5024215.24, 1479.48);
insert into STATION values (2703, '.', 1532, 246888.59, 5024215.23, 1479.18);
insert into STATION values (2704, '.', 1532, 246887.56, 5024220.23, 1482.96);
insert into STATION values (2705, '.', 1532, 246888.52, 5024214.51, 1479.41);
insert into STATION values (2706, '.', 1532, 246888.17, 5024213.87, 1479.42);
insert into STATION values (2707, '.', 1532, 246888.30, 5024213.32, 1479.42);
insert into STATION values (2708, '15-15', 1532, 246888.20, 5024215.49, 1479.82);
insert into STATION values (2709, '.', 1532, 246883.77, 5024220.84, 1498.41);
insert into STATION values (2710, '.', 1532, 246887.91, 5024215.84, 1482.73);
insert into STATION values (2711, '.', 1532, 246888.61, 5024215.02, 1480.78);
insert into STATION values (2712, '.', 1532, 246887.62, 5024215.86, 1480.28);
insert into STATION values (2713, '.', 1532, 246886.86, 5024216.76, 1481.06);
insert into STATION values (2714, '.', 1532, 246888.50, 5024217.60, 1481.04);
insert into STATION values (2715, '.', 1532, 246888.06, 5024220.20, 1482.68);
insert into STATION values (2716, '.', 1532, 246886.58, 5024219.03, 1482.07);
insert into STATION values (2717, '.', 1532, 246886.91, 5024220.37, 1482.43);
insert into STATION values (2718, '.', 1532, 246889.41, 5024216.49, 1480.36);
insert into STATION values (2719, '.', 1532, 246889.15, 5024215.61, 1480.39);
insert into STATION values (2720, '.', 1532, 246888.25, 5024215.55, 1479.64);
insert into STATION values (2721, '.', 1532, 246886.64, 5024219.86, 1482.13);
insert into STATION values (2722, '15-16', 1532, 246886.86, 5024219.26, 1481.80);
insert into STATION values (2723, '.', 1532, 246886.78, 5024219.82, 1481.91);
insert into STATION values (2724, '.', 1532, 246887.41, 5024219.81, 1481.87);
insert into STATION values (2725, '.', 1532, 246887.13, 5024219.38, 1481.24);
insert into STATION values (2726, '.', 1532, 246882.54, 5024220.27, 1499.21);
insert into STATION values (2727, '.', 1532, 246886.34, 5024216.83, 1483.12);
insert into STATION values (2728, '.', 1532, 246886.25, 5024217.43, 1481.82);
insert into STATION values (2729, '.', 1532, 246888.03, 5024215.32, 1481.69);
insert into STATION values (2730, '.', 1532, 246887.04, 5024216.51, 1485.48);
insert into STATION values (2731, '.', 1532, 246887.75, 5024218.85, 1484.38);
insert into STATION values (2732, '.', 1532, 246885.41, 5024217.84, 1488.21);
insert into STATION values (2733, '15-16-0', 1532, 246889.00, 5024215.76, 1480.60);
insert into STATION values (2734, '.', 1532, 246889.30, 5024216.19, 1480.58);
insert into STATION values (2735, '.', 1532, 246889.16, 5024215.92, 1479.86);
insert into STATION values (2736, '.', 1532, 246889.31, 5024216.20, 1479.87);
insert into STATION values (2737, '.', 1532, 246888.87, 5024215.34, 1479.71);
insert into STATION values (2738, '.', 1532, 246889.30, 5024215.88, 1480.76);
insert into STATION values (2739, '.', 1532, 246889.03, 5024215.73, 1480.94);
insert into STATION values (2740, '.', 1532, 246889.94, 5024215.59, 1480.72);
insert into STATION values (2741, '.', 1532, 246889.64, 5024214.83, 1480.56);
insert into STATION values (2742, '15-16-1', 1532, 246889.92, 5024214.95, 1480.67);
insert into STATION values (2743, '.', 1532, 246890.81, 5024214.80, 1480.69);
insert into STATION values (2744, '.', 1532, 246890.73, 5024214.39, 1480.72);
insert into STATION values (2745, '.', 1532, 246890.88, 5024213.62, 1480.67);
insert into STATION values (2746, '.', 1532, 246890.08, 5024214.18, 1480.71);
insert into STATION values (2747, '.', 1532, 246889.70, 5024214.65, 1480.72);
insert into STATION values (2748, '.', 1532, 246890.21, 5024215.49, 1480.78);
insert into STATION values (2749, '.', 1532, 246889.52, 5024215.96, 1480.83);
insert into STATION values (2750, '.', 1532, 246889.15, 5024215.32, 1480.73);
insert into STATION values (2751, '.', 1532, 246889.54, 5024215.13, 1479.63);
insert into STATION values (2752, '.', 1532, 246888.84, 5024215.86, 1495.87);
insert into STATION values (2753, '.', 1532, 246890.01, 5024216.47, 1488.18);
insert into STATION values (2754, '.', 1532, 246889.19, 5024215.37, 1486.77);
insert into STATION values (2755, '.', 1532, 246889.71, 5024214.95, 1482.11);
insert into STATION values (2756, '.', 1532, 246890.10, 5024215.41, 1481.84);
insert into STATION values (2757, '.', 1532, 246890.20, 5024214.83, 1483.05);
insert into STATION values (2758, '.', 1532, 246888.65, 5024216.72, 1484.35);
insert into STATION values (2759, '.', 1532, 246888.39, 5024216.43, 1486.30);
insert into STATION values (2760, '.', 1532, 246889.14, 5024216.35, 1490.82);
insert into STATION values (2761, '.', 1532, 246892.36, 5024212.43, 1476.76);
insert into STATION values (2762, '.', 1532, 246891.80, 5024213.70, 1478.62);
insert into STATION values (2763, '.', 1532, 246891.14, 5024213.35, 1478.72);
insert into STATION values (2764, 'jp.0', 1665, 246884.90, 5024236.20, 1416.35);
insert into STATION values (2765, '.', 1665, 246883.39, 5024234.64, 1416.01);
insert into STATION values (2766, '.', 1665, 246882.94, 5024234.52, 1418.24);
insert into STATION values (2767, '.', 1665, 246882.16, 5024234.16, 1421.63);
insert into STATION values (2768, '.', 1665, 246884.72, 5024233.38, 1416.75);
insert into STATION values (2769, '.', 1665, 246884.73, 5024233.43, 1416.88);
insert into STATION values (2770, '.', 1665, 246884.44, 5024233.19, 1418.87);
insert into STATION values (2771, '.', 1665, 246883.71, 5024230.08, 1428.81);
insert into STATION values (2772, '.', 1665, 246882.82, 5024233.92, 1425.48);
insert into STATION values (2773, '.', 1665, 246884.35, 5024235.64, 1419.44);
insert into STATION values (2774, '.', 1665, 246885.31, 5024236.70, 1416.60);
insert into STATION values (2775, '.', 1665, 246886.22, 5024235.64, 1417.01);
insert into STATION values (2776, '.', 1665, 246885.82, 5024235.56, 1418.08);
insert into STATION values (2777, '.', 1665, 246885.07, 5024236.09, 1416.44);
insert into STATION values (2778, '.', 1665, 246887.44, 5024234.59, 1417.53);
insert into STATION values (2779, '.', 1665, 246888.38, 5024234.20, 1417.11);
insert into STATION values (2780, '.', 1665, 246887.09, 5024235.34, 1415.89);
insert into STATION values (2781, '.', 1665, 246886.12, 5024234.92, 1415.76);
insert into STATION values (2782, '.', 1665, 246885.99, 5024234.33, 1416.37);
insert into STATION values (2783, 'jp.1', 1665, 246886.33, 5024234.11, 1417.02);
insert into STATION values (2784, '.', 1665, 246886.36, 5024233.55, 1420.80);
insert into STATION values (2785, '.', 1665, 246886.45, 5024234.30, 1419.55);
insert into STATION values (2786, '.', 1665, 246886.54, 5024234.55, 1419.12);
insert into STATION values (2787, '.', 1665, 246886.57, 5024234.68, 1418.36);
insert into STATION values (2788, '.', 1665, 246886.76, 5024234.94, 1418.04);
insert into STATION values (2789, '.', 1665, 246886.79, 5024235.00, 1417.53);
insert into STATION values (2790, '.', 1665, 246886.92, 5024235.05, 1417.05);
insert into STATION values (2791, '.', 1665, 246887.03, 5024235.07, 1416.61);
insert into STATION values (2792, '.', 1665, 246887.21, 5024235.07, 1416.00);
insert into STATION values (2793, '.', 1665, 246886.77, 5024234.55, 1416.31);
insert into STATION values (2794, '.', 1665, 246887.83, 5024234.19, 1418.01);
insert into STATION values (2795, '.', 1665, 246888.02, 5024234.31, 1417.25);
insert into STATION values (2796, '.', 1665, 246888.38, 5024234.52, 1416.49);
insert into STATION values (2797, '.', 1665, 246888.41, 5024234.66, 1415.85);
insert into STATION values (2798, '.', 1665, 246888.22, 5024233.69, 1418.65);
insert into STATION values (2799, '.', 1665, 246888.05, 5024233.39, 1419.14);
insert into STATION values (2800, '.', 1665, 246887.73, 5024233.14, 1419.90);
insert into STATION values (2801, '.', 1665, 246887.20, 5024232.94, 1420.52);
insert into STATION values (2802, '.', 1665, 246886.18, 5024233.05, 1421.21);
insert into STATION values (2803, '.', 1665, 246883.25, 5024232.53, 1422.67);
insert into STATION values (2804, '.', 1665, 246882.86, 5024233.31, 1421.13);
insert into STATION values (2805, '.', 1665, 246883.36, 5024233.67, 1419.46);
insert into STATION values (2806, '.', 1665, 246883.42, 5024233.94, 1418.32);
insert into STATION values (2807, '.', 1665, 246883.50, 5024234.07, 1417.66);
insert into STATION values (2808, '.', 1665, 246883.49, 5024234.30, 1416.78);
insert into STATION values (2809, '.', 1665, 246883.27, 5024234.98, 1414.95);
insert into STATION values (2810, '.', 1665, 246883.56, 5024236.90, 1416.50);
insert into STATION values (2811, '.', 1665, 246886.28, 5024233.95, 1417.07);
insert into STATION values (2812, '.', 1665, 246889.03, 5024233.79, 1416.88);
insert into STATION values (2813, '.', 1665, 246889.22, 5024234.04, 1416.18);
insert into STATION values (2814, '.', 1665, 246889.58, 5024234.21, 1415.16);
insert into STATION values (2815, 'jp.2', 1665, 246889.89, 5024233.99, 1415.59);
insert into STATION values (2816, '.', 1665, 246890.15, 5024233.23, 1416.57);
insert into STATION values (2817, '.', 1665, 246890.02, 5024233.10, 1416.05);
insert into STATION values (2818, '.', 1665, 246889.93, 5024233.27, 1415.70);
insert into STATION values (2819, '.', 1665, 246889.91, 5024233.31, 1415.36);
insert into STATION values (2820, '.', 1665, 246889.85, 5024233.37, 1414.94);
insert into STATION values (2821, '.', 1665, 246889.92, 5024233.32, 1414.93);
insert into STATION values (2822, '.', 1665, 246889.95, 5024233.52, 1414.69);
insert into STATION values (2823, '.', 1665, 246889.88, 5024233.71, 1414.37);
insert into STATION values (2824, '.', 1665, 246889.84, 5024233.92, 1414.76);
insert into STATION values (2825, '.', 1665, 246890.66, 5024233.13, 1415.29);
insert into STATION values (2826, '.', 1665, 246890.90, 5024233.17, 1414.33);
insert into STATION values (2827, '.', 1665, 246891.26, 5024233.18, 1413.27);
insert into STATION values (2828, '.', 1665, 246891.90, 5024233.57, 1412.34);
insert into STATION values (2829, '.', 1665, 246890.02, 5024233.98, 1415.37);
insert into STATION values (2830, '.', 1665, 246894.00, 5024231.80, 1415.32);
insert into STATION values (2831, '.', 1665, 246891.94, 5024232.57, 1416.12);
insert into STATION values (2832, '.', 1665, 246891.86, 5024232.30, 1416.75);
insert into STATION values (2833, '.', 1665, 246891.87, 5024231.92, 1417.48);
insert into STATION values (2834, '.', 1665, 246891.78, 5024231.75, 1418.00);
insert into STATION values (2835, '.', 1665, 246894.16, 5024232.07, 1414.24);
insert into STATION values (2836, '.', 1665, 246895.01, 5024232.30, 1413.10);
insert into STATION values (2837, '.', 1665, 246892.05, 5024233.47, 1414.51);
insert into STATION values (2838, '.', 1665, 246895.73, 5024233.15, 1410.32);
insert into STATION values (2839, '.', 1665, 246895.83, 5024233.69, 1409.53);
insert into STATION values (2840, '.', 1665, 246891.98, 5024233.70, 1413.02);
insert into STATION values (2841, '.', 1665, 246892.29, 5024234.02, 1412.28);
insert into STATION values (2842, 'jp.3', 1665, 246893.04, 5024233.31, 1413.37);
insert into STATION values (2843, '.', 1665, 246890.56, 5024233.95, 1413.97);
insert into STATION values (2844, '.', 1665, 246889.87, 5024233.99, 1415.21);
insert into STATION values (2845, '.', 1665, 246891.91, 5024233.20, 1413.71);
insert into STATION values (2846, '.', 1665, 246892.28, 5024233.09, 1413.96);
insert into STATION values (2847, '.', 1665, 246892.32, 5024233.43, 1413.24);
insert into STATION values (2848, '.', 1665, 246891.98, 5024234.31, 1412.66);
insert into STATION values (2849, '.', 1665, 246892.68, 5024233.89, 1412.63);
insert into STATION values (2850, '.', 1665, 246892.98, 5024233.54, 1412.21);
insert into STATION values (2851, '.', 1665, 246892.70, 5024233.02, 1413.26);
insert into STATION values (2852, '.', 1665, 246892.66, 5024232.98, 1413.62);
insert into STATION values (2853, '.', 1665, 246892.28, 5024232.65, 1414.63);
insert into STATION values (2854, '.', 1665, 246892.49, 5024232.63, 1415.01);
insert into STATION values (2855, '.', 1665, 246890.80, 5024232.30, 1417.91);
insert into STATION values (2856, '.', 1665, 246892.76, 5024232.63, 1415.19);
insert into STATION values (2857, '.', 1665, 246892.75, 5024232.12, 1415.10);
insert into STATION values (2858, '.', 1665, 246892.98, 5024232.26, 1414.56);
insert into STATION values (2859, '.', 1665, 246893.24, 5024232.10, 1414.07);
insert into STATION values (2860, '.', 1665, 246893.31, 5024232.16, 1413.66);
insert into STATION values (2861, '.', 1665, 246893.34, 5024231.96, 1413.31);
insert into STATION values (2862, '.', 1665, 246893.30, 5024231.81, 1412.76);
insert into STATION values (2863, '.', 1665, 246893.18, 5024231.71, 1412.49);
insert into STATION values (2864, '.', 1665, 246893.19, 5024232.57, 1412.67);
insert into STATION values (2865, '.', 1665, 246893.41, 5024232.40, 1412.82);
insert into STATION values (2866, '.', 1665, 246894.28, 5024231.46, 1411.43);
insert into STATION values (2867, '.', 1665, 246894.10, 5024232.02, 1411.37);
insert into STATION values (2868, '.', 1665, 246894.36, 5024232.15, 1411.90);
insert into STATION values (2869, '.', 1665, 246894.47, 5024232.04, 1412.51);
insert into STATION values (2870, '.', 1665, 246894.23, 5024231.81, 1412.48);
insert into STATION values (2871, '.', 1665, 246894.31, 5024231.16, 1412.24);
insert into STATION values (2872, '.', 1665, 246894.19, 5024230.98, 1413.25);
insert into STATION values (2873, '.', 1665, 246894.47, 5024230.83, 1413.88);
insert into STATION values (2874, '.', 1665, 246895.10, 5024230.42, 1414.04);
insert into STATION values (2875, '.', 1665, 246894.99, 5024230.21, 1413.24);
insert into STATION values (2876, '.', 1665, 246895.09, 5024230.03, 1412.64);
insert into STATION values (2877, '.', 1665, 246894.59, 5024230.78, 1412.63);
insert into STATION values (2878, '.', 1665, 246895.34, 5024230.53, 1412.87);
insert into STATION values (2879, '.', 1665, 246895.17, 5024230.75, 1413.34);
insert into STATION values (2880, '.', 1665, 246895.30, 5024230.42, 1413.70);
insert into STATION values (2881, '.', 1665, 246894.53, 5024231.45, 1413.69);
insert into STATION values (2882, '.', 1665, 246894.78, 5024231.56, 1413.37);
insert into STATION values (2883, '.', 1665, 246895.14, 5024229.84, 1416.68);
insert into STATION values (2884, '.', 1665, 246894.03, 5024232.01, 1415.08);
insert into STATION values (2885, '.', 1665, 246894.05, 5024232.03, 1414.85);
insert into STATION values (2886, '.', 1665, 246894.28, 5024232.27, 1414.20);
insert into STATION values (2887, '.', 1665, 246894.55, 5024232.43, 1413.66);
insert into STATION values (2888, '.', 1665, 246895.08, 5024232.52, 1412.91);
insert into STATION values (2889, '.', 1665, 246895.63, 5024232.59, 1411.98);
insert into STATION values (2890, '.', 1665, 246895.50, 5024232.89, 1411.52);
insert into STATION values (2891, '.', 1665, 246895.09, 5024232.67, 1411.81);
insert into STATION values (2892, '.', 1665, 246894.71, 5024233.43, 1411.85);
insert into STATION values (2893, '.', 1665, 246896.06, 5024233.50, 1409.65);
insert into STATION values (2894, '.', 1665, 246895.24, 5024233.19, 1409.57);
insert into STATION values (2895, '.', 1665, 246894.35, 5024233.47, 1409.81);
insert into STATION values (2896, '.', 1665, 246893.88, 5024234.09, 1409.92);
insert into STATION values (2897, '.', 1665, 246893.10, 5024233.77, 1411.81);
insert into STATION values (2898, '.', 1665, 246894.31, 5024235.20, 1409.28);
insert into STATION values (2899, '.', 1665, 246895.45, 5024235.24, 1407.83);
insert into STATION values (2900, '.', 1665, 246893.31, 5024235.29, 1410.49);
insert into STATION values (2901, '.', 1665, 246893.01, 5024235.13, 1410.96);
insert into STATION values (2902, '.', 1665, 246894.75, 5024233.37, 1411.87);
insert into STATION values (2903, '.', 1665, 246895.29, 5024233.19, 1411.18);
insert into STATION values (2904, '.', 1665, 246894.86, 5024232.97, 1411.26);
insert into STATION values (2905, '.', 1665, 246894.64, 5024232.60, 1411.01);
insert into STATION values (2906, '.', 1665, 246894.50, 5024232.30, 1410.43);
insert into STATION values (2907, '.', 1665, 246894.31, 5024232.32, 1409.88);
insert into STATION values (2908, '.', 1665, 246893.78, 5024232.70, 1410.38);
insert into STATION values (2909, '.', 1665, 246892.97, 5024233.67, 1412.20);
insert into STATION values (2910, '.', 1665, 246892.93, 5024234.21, 1411.82);
insert into STATION values (2911, 'jp.4', 1665, 246894.91, 5024234.57, 1408.85);
insert into STATION values (2912, '.', 1665, 246893.87, 5024235.52, 1409.74);
insert into STATION values (2913, '.', 1665, 246894.05, 5024234.84, 1409.48);
insert into STATION values (2914, '.', 1665, 246893.32, 5024234.57, 1409.50);
insert into STATION values (2915, '.', 1665, 246893.51, 5024234.54, 1408.59);
insert into STATION values (2916, '.', 1665, 246893.56, 5024234.93, 1408.52);
insert into STATION values (2917, '.', 1665, 246894.54, 5024234.89, 1408.86);
insert into STATION values (2918, '.', 1665, 246894.71, 5024235.39, 1408.86);
insert into STATION values (2919, '.', 1665, 246895.19, 5024235.19, 1408.93);
insert into STATION values (2920, '.', 1665, 246895.41, 5024234.97, 1408.93);
insert into STATION values (2921, '.', 1665, 246895.55, 5024235.21, 1408.40);
insert into STATION values (2922, '.', 1665, 246894.92, 5024235.67, 1407.77);
insert into STATION values (2923, '.', 1665, 246894.71, 5024234.94, 1408.25);
insert into STATION values (2924, '.', 1665, 246893.94, 5024234.52, 1407.70);
insert into STATION values (2925, '.', 1665, 246894.34, 5024234.45, 1407.60);
insert into STATION values (2926, '.', 1665, 246894.52, 5024234.49, 1407.54);
insert into STATION values (2927, '.', 1665, 246894.57, 5024234.64, 1404.76);
insert into STATION values (2928, '.', 1665, 246894.48, 5024234.50, 1406.46);
insert into STATION values (2929, '.', 1665, 246894.90, 5024234.99, 1406.16);
insert into STATION values (2930, '.', 1665, 246894.97, 5024234.72, 1405.70);
insert into STATION values (2931, '.', 1665, 246895.04, 5024234.52, 1406.02);
insert into STATION values (2932, '.', 1665, 246895.00, 5024234.45, 1408.39);
insert into STATION values (2933, '.', 1665, 246895.43, 5024233.67, 1409.12);
insert into STATION values (2934, '.', 1665, 246895.39, 5024233.71, 1409.52);
insert into STATION values (2935, '.', 1665, 246895.43, 5024233.37, 1410.66);
insert into STATION values (2936, '.', 1665, 246895.11, 5024232.39, 1412.86);
insert into STATION values (2937, '.', 1665, 246894.29, 5024232.31, 1413.97);
insert into STATION values (2938, '.', 1665, 246893.27, 5024231.30, 1416.41);
insert into STATION values (2939, '.', 1665, 246893.00, 5024232.60, 1414.95);
insert into STATION values (2940, '.', 1665, 246894.44, 5024233.59, 1412.04);
insert into STATION values (2941, '.', 1665, 246894.89, 5024234.06, 1410.88);
insert into STATION values (2942, '.', 1665, 246895.27, 5024234.31, 1410.12);
insert into STATION values (2943, '.', 1665, 246895.66, 5024234.00, 1410.03);
insert into STATION values (2944, '.', 1665, 246895.60, 5024234.02, 1410.00);
insert into STATION values (2945, '.', 1665, 246895.76, 5024233.99, 1409.50);
insert into STATION values (2946, '.', 1665, 246896.00, 5024233.54, 1409.62);
insert into STATION values (2947, '.', 1665, 246896.09, 5024233.60, 1409.24);
insert into STATION values (2948, '.', 1665, 246896.08, 5024233.72, 1409.00);
insert into STATION values (2949, '.', 1665, 246896.21, 5024233.76, 1408.65);
insert into STATION values (2950, '.', 1665, 246896.92, 5024233.24, 1407.97);
insert into STATION values (2951, '.', 1665, 246896.90, 5024233.36, 1407.75);
insert into STATION values (2952, '.', 1665, 246898.78, 5024232.41, 1406.75);
insert into STATION values (2953, '.', 1665, 246896.58, 5024233.70, 1407.74);
insert into STATION values (2954, '.', 1665, 246896.08, 5024233.83, 1407.87);
insert into STATION values (2955, '.', 1665, 246896.50, 5024234.09, 1408.14);
insert into STATION values (2956, '.', 1665, 246896.55, 5024234.08, 1407.49);
insert into STATION values (2957, '.', 1665, 246895.71, 5024234.80, 1408.58);
insert into STATION values (2958, '.', 1665, 246896.28, 5024234.74, 1407.81);
insert into STATION values (2959, '.', 1665, 246897.26, 5024234.77, 1406.28);
insert into STATION values (2960, '.', 1665, 246896.17, 5024234.69, 1407.19);
insert into STATION values (2961, '.', 1665, 246896.13, 5024235.00, 1407.28);
insert into STATION values (2962, '.', 1665, 246895.99, 5024235.21, 1406.75);
insert into STATION values (2963, '.', 1665, 246895.54, 5024234.96, 1408.74);
insert into STATION values (2964, '.', 1665, 246895.45, 5024234.85, 1409.02);
insert into STATION values (2965, '.', 1665, 246895.67, 5024234.68, 1408.88);
insert into STATION values (2966, '.', 1665, 246895.75, 5024235.07, 1408.12);
insert into STATION values (2967, '.', 1665, 246895.66, 5024235.50, 1407.27);
insert into STATION values (2968, '.', 1665, 246895.34, 5024235.85, 1406.66);
insert into STATION values (2969, 'jp.5', 1665, 246894.98, 5024234.83, 1405.83);
insert into STATION values (2970, '.', 1665, 246894.90, 5024234.57, 1410.36);
insert into STATION values (2971, '.', 1665, 246895.01, 5024234.47, 1407.14);
insert into STATION values (2972, '.', 1665, 246894.86, 5024234.46, 1406.38);
insert into STATION values (2973, '.', 1665, 246894.98, 5024235.02, 1406.89);
insert into STATION values (2974, '.', 1665, 246895.04, 5024235.03, 1407.83);
insert into STATION values (2975, '.', 1665, 246895.15, 5024235.18, 1409.04);
insert into STATION values (2976, '.', 1665, 246895.12, 5024234.87, 1409.60);
insert into STATION values (2977, '.', 1665, 246894.63, 5024234.41, 1408.67);
insert into STATION values (2978, '.', 1665, 246894.28, 5024234.43, 1409.32);
insert into STATION values (2979, '.', 1665, 246895.28, 5024234.48, 1407.09);
insert into STATION values (2980, '.', 1665, 246895.10, 5024234.53, 1406.44);
insert into STATION values (2981, '.', 1665, 246894.81, 5024234.45, 1406.38);
insert into STATION values (2982, '.', 1665, 246894.49, 5024234.50, 1406.58);
insert into STATION values (2983, '.', 1665, 246894.79, 5024234.92, 1406.45);
insert into STATION values (2984, '.', 1665, 246895.18, 5024235.20, 1406.33);
insert into STATION values (2985, '.', 1665, 246895.53, 5024235.04, 1406.18);
insert into STATION values (2986, '.', 1665, 246895.59, 5024234.83, 1406.19);
insert into STATION values (2987, '.', 1665, 246895.67, 5024234.67, 1406.14);
insert into STATION values (2988, '.', 1665, 246895.15, 5024234.70, 1405.95);
insert into STATION values (2989, '.', 1665, 246894.94, 5024234.34, 1405.84);
insert into STATION values (2990, '.', 1665, 246894.50, 5024233.94, 1405.77);
insert into STATION values (2991, '.', 1665, 246894.61, 5024234.42, 1405.82);
insert into STATION values (2992, '.', 1665, 246894.08, 5024233.75, 1405.27);
insert into STATION values (2993, '.', 1665, 246894.63, 5024233.98, 1405.38);
insert into STATION values (2994, '.', 1665, 246895.00, 5024233.86, 1405.33);
insert into STATION values (2995, '.', 1665, 246895.21, 5024233.84, 1405.04);
insert into STATION values (2996, '.', 1665, 246894.90, 5024233.94, 1404.90);
insert into STATION values (2997, '.', 1665, 246894.26, 5024233.70, 1404.35);
insert into STATION values (2998, '.', 1665, 246894.23, 5024233.62, 1403.71);
insert into STATION values (2999, '.', 1665, 246894.57, 5024233.55, 1403.49);
insert into STATION values (3000, '.', 1665, 246895.05, 5024233.83, 1403.97);
insert into STATION values (3001, '.', 1665, 246894.49, 5024233.89, 1403.80);
insert into STATION values (3002, '.', 1665, 246894.66, 5024233.91, 1403.51);
insert into STATION values (3003, '.', 1665, 246894.79, 5024233.69, 1402.97);
insert into STATION values (3004, '.', 1665, 246894.79, 5024234.65, 1404.52);
insert into STATION values (3005, '.', 1665, 246895.59, 5024235.17, 1405.66);
insert into STATION values (3006, '.', 1665, 246895.78, 5024235.22, 1405.27);
insert into STATION values (3007, '.', 1665, 246895.58, 5024235.26, 1404.76);
insert into STATION values (3008, '.', 1665, 246895.40, 5024235.07, 1404.24);
insert into STATION values (3009, '.', 1665, 246895.94, 5024235.07, 1404.14);
insert into STATION values (3010, '.', 1665, 246896.17, 5024234.93, 1403.67);
insert into STATION values (3011, '.', 1665, 246896.50, 5024233.66, 1404.14);
insert into STATION values (3012, '.', 1665, 246895.84, 5024234.14, 1405.20);
insert into STATION values (3013, '.', 1665, 246897.88, 5024232.65, 1402.14);
insert into STATION values (3014, '.', 1665, 246898.65, 5024232.39, 1400.75);
insert into STATION values (3015, '.', 1665, 246899.30, 5024232.24, 1399.28);
insert into STATION values (3016, '.', 1665, 246897.12, 5024233.03, 1402.29);
insert into STATION values (3017, '.', 1665, 246898.25, 5024233.41, 1401.86);
insert into STATION values (3018, '.', 1665, 246896.51, 5024233.40, 1401.37);
insert into STATION values (3019, '.', 1665, 246897.25, 5024233.33, 1400.51);
insert into STATION values (3020, '.', 1665, 246895.84, 5024234.07, 1400.38);
insert into STATION values (3021, '.', 1665, 246895.01, 5024234.00, 1402.05);
insert into STATION values (3022, '.', 1665, 246896.15, 5024234.34, 1403.29);
insert into STATION values (3023, '.', 1665, 246896.01, 5024234.41, 1402.75);
insert into STATION values (3024, '.', 1665, 246895.38, 5024234.72, 1404.30);
insert into STATION values (3025, '.', 1665, 246896.51, 5024234.79, 1404.70);
insert into STATION values (3026, '.', 1665, 246896.64, 5024234.78, 1403.96);
insert into STATION values (3027, '.', 1665, 246896.37, 5024234.95, 1403.80);
insert into STATION values (3028, 'jp.6', 1665, 246896.65, 5024234.02, 1403.38);
insert into STATION values (3029, '.', 1665, 246896.41, 5024233.11, 1403.29);
insert into STATION values (3030, '.', 1665, 246897.06, 5024233.77, 1403.64);
insert into STATION values (3031, '.', 1665, 246896.96, 5024234.39, 1403.47);
insert into STATION values (3032, '.', 1665, 246896.95, 5024234.45, 1402.74);
insert into STATION values (3033, '.', 1665, 246896.65, 5024234.09, 1403.24);
insert into STATION values (3034, '.', 1665, 246896.07, 5024233.45, 1402.29);
insert into STATION values (3035, '.', 1665, 246896.58, 5024234.16, 1399.73);
insert into STATION values (3036, '.', 1665, 246897.61, 5024232.67, 1401.10);
insert into STATION values (3037, '.', 1665, 246898.79, 5024232.99, 1400.69);
insert into STATION values (3038, '.', 1665, 246899.27, 5024232.06, 1399.25);
insert into STATION values (3039, '.', 1665, 246896.04, 5024234.10, 1404.84);
insert into STATION values (3040, '.', 1665, 246895.37, 5024233.75, 1404.43);
insert into STATION values (3041, '.', 1665, 246895.28, 5024234.61, 1405.06);
insert into STATION values (3042, '.', 1665, 246896.04, 5024235.19, 1404.80);
insert into STATION values (3043, '.', 1665, 246895.26, 5024235.19, 1405.43);
insert into STATION values (3044, '.', 1665, 246894.41, 5024234.50, 1406.21);
insert into STATION values (3045, 'jp.7', 1665, 246903.93, 5024226.98, 1389.91);
insert into STATION values (3046, '0', 1705, 246903.24, 5024222.21, 1431.36);
insert into STATION values (3047, '.', 1705, 246903.16, 5024221.88, 1431.38);
insert into STATION values (3048, '.', 1705, 246903.48, 5024222.09, 1431.39);
insert into STATION values (3049, '.', 1705, 246903.32, 5024222.05, 1430.73);
insert into STATION values (3050, '.', 1705, 246903.05, 5024222.31, 1432.14);
insert into STATION values (3051, '.', 1705, 246902.52, 5024222.68, 1431.71);
insert into STATION values (3052, '.', 1705, 246902.07, 5024221.32, 1432.34);
insert into STATION values (3053, '.', 1705, 246902.93, 5024221.67, 1433.11);
insert into STATION values (3054, '.', 1705, 246902.98, 5024222.08, 1431.95);
insert into STATION values (3055, '.', 1705, 246902.35, 5024221.77, 1433.07);
insert into STATION values (3056, '1', 1705, 246904.02, 5024221.05, 1430.40);
insert into STATION values (3057, '2', 1705, 246902.35, 5024221.69, 1433.77);
insert into STATION values (3058, '.', 1705, 246901.85, 5024221.36, 1433.72);
insert into STATION values (3059, '.', 1705, 246902.66, 5024222.01, 1433.65);
insert into STATION values (3060, '.', 1705, 246901.95, 5024221.57, 1434.39);
insert into STATION values (3061, '.', 1705, 246902.30, 5024221.80, 1431.53);
insert into STATION values (3062, '.', 1705, 246902.19, 5024221.58, 1432.97);
insert into STATION values (3063, '.', 1705, 246902.53, 5024221.04, 1434.14);
insert into STATION values (3064, '.', 1705, 246902.00, 5024221.91, 1433.65);
insert into STATION values (3065, '.', 1705, 246902.13, 5024221.69, 1435.84);
insert into STATION values (3066, '.', 1705, 246901.70, 5024221.30, 1434.94);
insert into STATION values (3067, '.', 1705, 246901.92, 5024221.43, 1434.55);
insert into STATION values (3068, '3', 1705, 246901.91, 5024221.44, 1434.55);
insert into STATION values (3069, '.', 1705, 246902.36, 5024220.82, 1434.59);
insert into STATION values (3070, '.', 1705, 246901.85, 5024221.10, 1434.54);
insert into STATION values (3071, '.', 1705, 246901.52, 5024221.28, 1434.50);
insert into STATION values (3072, '.', 1705, 246902.54, 5024221.41, 1434.51);
insert into STATION values (3073, '.', 1705, 246902.27, 5024222.18, 1434.57);
insert into STATION values (3074, '.', 1705, 246901.45, 5024221.50, 1434.50);
insert into STATION values (3075, '.', 1705, 246901.80, 5024221.54, 1434.56);
insert into STATION values (3076, '.', 1705, 246901.38, 5024221.11, 1436.09);
insert into STATION values (3077, '4', 1705, 246901.27, 5024221.04, 1436.43);
insert into STATION values (3078, '.', 1705, 246900.22, 5024221.06, 1436.67);
insert into STATION values (3079, '.', 1705, 246899.98, 5024221.83, 1436.70);
insert into STATION values (3080, '.', 1705, 246900.64, 5024222.36, 1436.67);
insert into STATION values (3081, '.', 1705, 246901.27, 5024222.04, 1436.62);
insert into STATION values (3082, '.', 1705, 246901.74, 5024221.37, 1436.49);
insert into STATION values (3083, '.', 1705, 246901.15, 5024221.37, 1438.61);
insert into STATION values (3084, '.', 1705, 246899.26, 5024221.42, 1440.35);
insert into STATION values (3085, '.', 1705, 246898.68, 5024221.98, 1447.74);
insert into STATION values (3086, '.', 1705, 246901.73, 5024221.54, 1434.79);
insert into STATION values (3087, '.', 1705, 246901.38, 5024221.16, 1435.47);
insert into STATION values (3088, '5', 1705, 246899.21, 5024221.90, 1438.93);
insert into STATION values (3089, '.', 1705, 246900.77, 5024220.67, 1438.78);
insert into STATION values (3090, '.', 1705, 246901.04, 5024221.40, 1438.77);
insert into STATION values (3091, '.', 1705, 246900.89, 5024222.14, 1438.95);
insert into STATION values (3092, '.', 1705, 246900.29, 5024222.90, 1439.16);
insert into STATION values (3093, '.', 1705, 246898.28, 5024224.06, 1439.11);
insert into STATION values (3094, '.', 1705, 246898.96, 5024225.04, 1439.08);
insert into STATION values (3095, '.', 1705, 246899.62, 5024225.30, 1438.89);
insert into STATION values (3096, '.', 1705, 246899.85, 5024223.19, 1439.02);
insert into STATION values (3097, '.', 1705, 246900.11, 5024224.91, 1439.19);
insert into STATION values (3098, '.', 1705, 246899.31, 5024221.34, 1443.81);
insert into STATION values (3099, '.', 1705, 246899.47, 5024222.71, 1445.47);
insert into STATION values (3100, '.', 1705, 246899.93, 5024220.74, 1467.95);
insert into STATION values (3101, '.', 1705, 246899.21, 5024221.80, 1442.18);
insert into STATION values (3102, '6', 1705, 246899.91, 5024220.95, 1469.89);
insert into STATION values (3103, '7', 1705, 246899.94, 5024223.17, 1439.02);
insert into STATION values (3104, '.', 1705, 246898.17, 5024223.21, 1438.82);
insert into STATION values (3105, '.', 1705, 246898.34, 5024224.25, 1438.90);
insert into STATION values (3106, '.', 1705, 246899.09, 5024225.00, 1438.81);
insert into STATION values (3107, '.', 1705, 246900.29, 5024225.25, 1439.04);
insert into STATION values (3108, '.', 1705, 246900.66, 5024224.31, 1438.91);
insert into STATION values (3109, '.', 1705, 246897.79, 5024223.19, 1457.04);
insert into STATION values (3110, '.', 1705, 246899.29, 5024224.75, 1436.89);
insert into STATION values (3111, '.', 1705, 246901.03, 5024225.49, 1435.85);
insert into STATION values (3112, '.', 1705, 246900.31, 5024225.61, 1435.79);
insert into STATION values (3113, '.', 1705, 246901.40, 5024225.09, 1435.56);
insert into STATION values (3114, '8', 1705, 246899.59, 5024224.54, 1434.17);
insert into STATION values (3115, '.', 1705, 246900.58, 5024223.72, 1434.18);
insert into STATION values (3116, '.', 1705, 246901.74, 5024224.22, 1434.00);
insert into STATION values (3117, '.', 1705, 246900.85, 5024225.85, 1434.20);
insert into STATION values (3118, '.', 1705, 246901.54, 5024225.15, 1434.20);
insert into STATION values (3119, '.', 1705, 246899.31, 5024224.26, 1434.14);
insert into STATION values (3120, '.', 1705, 246901.10, 5024225.09, 1429.22);
insert into STATION values (3121, '.', 1705, 246899.81, 5024224.46, 1428.48);
insert into STATION values (3122, '.', 1705, 246901.19, 5024223.99, 1430.76);
insert into STATION values (3123, '.', 1705, 246900.08, 5024223.90, 1432.09);
insert into STATION values (3124, '.', 1705, 246900.77, 5024225.29, 1438.07);
insert into STATION values (3125, '.', 1705, 246900.75, 5024223.93, 1438.43);
insert into STATION values (3126, '.', 1705, 246899.96, 5024223.63, 1436.10);
insert into STATION values (3127, '9', 1705, 246899.49, 5024224.26, 1430.23);
insert into STATION values (3128, '.', 1705, 246901.43, 5024223.80, 1429.97);
insert into STATION values (3129, '.', 1705, 246901.03, 5024224.70, 1430.17);
insert into STATION values (3130, '.', 1705, 246900.58, 5024225.50, 1430.26);
insert into STATION values (3131, '.', 1705, 246901.03, 5024224.78, 1430.10);
insert into STATION values (3132, '10', 1705, 246899.72, 5024224.91, 1430.05);
insert into STATION values (3133, '.', 1705, 246899.20, 5024226.85, 1430.01);
insert into STATION values (3134, '.', 1705, 246898.76, 5024228.80, 1429.98);
insert into STATION values (3135, '.', 1705, 246899.60, 5024227.38, 1430.00);
insert into STATION values (3136, '.', 1705, 246900.28, 5024225.86, 1430.09);
insert into STATION values (3137, '11', 1705, 246899.89, 5024224.64, 1422.55);
insert into STATION values (3138, '.', 1705, 246896.49, 5024228.34, 1421.91);
insert into STATION values (3139, '.', 1705, 246897.07, 5024229.81, 1421.85);
insert into STATION values (3140, '.', 1705, 246899.45, 5024227.71, 1422.01);
insert into STATION values (3141, '.', 1705, 246900.40, 5024225.48, 1422.59);
insert into STATION values (3142, '.', 1705, 246900.98, 5024223.10, 1422.44);
insert into STATION values (3143, '.', 1705, 246901.93, 5024223.25, 1422.67);
insert into STATION values (3144, '.', 1705, 246901.23, 5024224.64, 1423.01);
insert into STATION values (3145, '12', 1705, 246902.41, 5024224.67, 1416.34);
insert into STATION values (3146, '.', 1705, 246902.50, 5024223.67, 1416.39);
insert into STATION values (3147, '.', 1705, 246901.48, 5024223.71, 1416.35);
insert into STATION values (3148, '.', 1705, 246900.53, 5024224.62, 1416.28);
insert into STATION values (3149, '.', 1705, 246899.55, 5024225.62, 1416.37);
insert into STATION values (3150, '.', 1705, 246896.85, 5024227.58, 1415.08);
insert into STATION values (3151, '.', 1705, 246896.73, 5024228.83, 1415.60);
insert into STATION values (3152, '.', 1705, 246901.47, 5024225.48, 1416.23);
insert into STATION values (3153, '.', 1705, 246901.97, 5024225.07, 1415.47);
insert into STATION values (3154, '13', 1705, 246901.45, 5024225.13, 1412.45);
insert into STATION values (3155, '.', 1705, 246901.01, 5024224.98, 1412.53);
insert into STATION values (3156, '.', 1705, 246901.85, 5024225.53, 1412.36);
insert into STATION values (3157, '.', 1705, 246903.41, 5024223.51, 1415.34);
insert into STATION values (3158, '.', 1705, 246901.91, 5024225.44, 1411.78);
insert into STATION values (3159, '.', 1705, 246901.33, 5024226.94, 1411.01);
insert into STATION values (3160, '14', 1705, 246901.28, 5024226.99, 1411.00);
insert into STATION values (3161, '.', 1705, 246900.31, 5024229.58, 1410.79);
insert into STATION values (3162, '.', 1705, 246899.61, 5024228.44, 1410.74);
insert into STATION values (3163, '.', 1705, 246899.54, 5024227.29, 1410.88);
insert into STATION values (3164, '.', 1705, 246900.56, 5024226.44, 1410.97);
insert into STATION values (3165, '.', 1705, 246901.29, 5024226.13, 1410.91);
insert into STATION values (3166, '.', 1705, 246897.13, 5024229.79, 1420.15);
insert into STATION values (3167, '.', 1705, 246898.89, 5024228.76, 1412.45);
insert into STATION values (3168, '.', 1705, 246896.94, 5024229.03, 1419.30);
insert into STATION values (3169, '.', 1705, 246897.36, 5024228.79, 1423.05);
insert into STATION values (3170, '.', 1705, 246900.35, 5024229.67, 1404.66);
insert into STATION values (3171, '.', 1705, 246900.42, 5024227.45, 1404.76);
insert into STATION values (3172, '.', 1705, 246902.44, 5024229.22, 1403.11);
insert into STATION values (3173, '.', 1705, 246902.73, 5024227.28, 1404.03);
insert into STATION values (3174, '15', 1705, 246902.17, 5024228.25, 1388.85);
insert into STATION values (3175, '16', 1705, 246903.93, 5024226.98, 1389.91);
insert into STATION values (3176, '0', 1796, 246982.45, 5024215.24, 1183.36);
insert into STATION values (3177, '.', 1796, 246981.06, 5024214.64, 1183.56);
insert into STATION values (3178, '.', 1796, 246979.76, 5024216.62, 1183.30);
insert into STATION values (3179, '.', 1796, 246979.92, 5024219.58, 1183.21);
insert into STATION values (3180, '.', 1796, 246982.86, 5024220.94, 1183.22);
insert into STATION values (3181, '.', 1796, 246984.77, 5024216.91, 1183.37);
insert into STATION values (3182, '.', 1796, 246984.85, 5024215.57, 1183.45);
insert into STATION values (3183, '.', 1796, 246985.27, 5024213.63, 1183.36);
insert into STATION values (3184, '.', 1796, 246982.24, 5024215.63, 1181.47);
insert into STATION values (3185, '.', 1796, 246982.41, 5024214.84, 1193.26);
insert into STATION values (3186, '.', 1796, 246983.50, 5024220.32, 1215.06);
insert into STATION values (3187, '.', 1796, 246983.93, 5024222.12, 1196.27);
insert into STATION values (3188, '.', 1796, 246983.66, 5024221.03, 1190.39);
insert into STATION values (3189, '1', 1796, 246978.87, 5024218.28, 1192.46);
insert into STATION values (3190, '.', 1796, 246981.65, 5024213.64, 1192.47);
insert into STATION values (3191, '.', 1796, 246982.22, 5024216.51, 1192.45);
insert into STATION values (3192, '.', 1796, 246982.54, 5024218.31, 1192.62);
insert into STATION values (3193, '.', 1796, 246979.84, 5024219.68, 1192.44);
insert into STATION values (3194, '.', 1796, 246981.09, 5024219.15, 1192.70);
insert into STATION values (3195, '.', 1796, 246981.13, 5024219.51, 1214.64);
insert into STATION values (3196, '2', 1796, 246974.56, 5024220.39, 1198.14);
insert into STATION values (3197, '.', 1796, 246971.76, 5024221.38, 1198.23);
insert into STATION values (3198, '.', 1796, 246972.97, 5024219.45, 1198.11);
insert into STATION values (3199, '.', 1796, 246974.06, 5024219.33, 1198.14);
insert into STATION values (3200, '.', 1796, 246974.29, 5024217.44, 1198.21);
insert into STATION values (3201, '.', 1796, 246975.32, 5024218.07, 1198.07);
insert into STATION values (3202, '.', 1796, 246980.90, 5024215.34, 1198.56);
insert into STATION values (3203, '.', 1796, 246975.89, 5024213.30, 1198.36);
insert into STATION values (3204, '.', 1796, 246974.03, 5024220.10, 1196.56);
insert into STATION values (3205, '.', 1796, 246974.46, 5024220.69, 1203.58);
insert into STATION values (3206, '3', 1796, 246973.10, 5024221.86, 1203.87);
insert into STATION values (3207, '.', 1796, 246973.57, 5024221.39, 1203.92);
insert into STATION values (3208, '.', 1796, 246972.81, 5024221.35, 1203.91);
insert into STATION values (3209, '.', 1796, 246973.06, 5024222.33, 1203.90);
insert into STATION values (3210, '.', 1796, 246967.95, 5024222.12, 1204.34);
insert into STATION values (3211, '.', 1796, 246970.68, 5024222.63, 1204.13);
insert into STATION values (3212, '.', 1796, 246969.63, 5024222.80, 1205.84);
insert into STATION values (3213, '4', 1796, 246969.72, 5024222.94, 1205.14);
insert into STATION values (3214, '.', 1796, 246973.34, 5024221.88, 1197.01);
insert into STATION values (3215, '.', 1796, 246972.22, 5024221.40, 1213.27);
insert into STATION values (3216, '.', 1796, 246966.25, 5024218.39, 1204.27);
insert into STATION values (3217, '.', 1796, 246966.98, 5024217.25, 1204.40);
insert into STATION values (3218, '.', 1796, 246969.23, 5024219.05, 1204.91);
insert into STATION values (3219, '.', 1796, 246971.12, 5024220.04, 1204.58);
insert into STATION values (3220, '.', 1796, 246971.99, 5024221.22, 1204.89);
insert into STATION values (3221, '5', 1796, 246968.58, 5024221.25, 1216.28);
insert into STATION values (3222, '.', 1796, 246967.17, 5024221.08, 1216.34);
insert into STATION values (3223, '.', 1796, 246967.99, 5024221.90, 1216.34);
insert into STATION values (3224, '.', 1796, 246968.91, 5024222.41, 1216.14);
insert into STATION values (3225, '.', 1796, 246968.00, 5024222.23, 1216.27);
insert into STATION values (3226, '.', 1796, 246968.62, 5024221.82, 1203.80);
insert into STATION values (3227, '.', 1796, 246968.56, 5024221.41, 1218.13);
insert into STATION values (3228, '6', 1796, 246968.50, 5024221.90, 1217.93);
insert into STATION values (3229, '7', 1796, 246964.75, 5024220.89, 1218.88);
insert into STATION values (3230, '.', 1796, 246965.29, 5024221.64, 1218.93);
insert into STATION values (3231, '.', 1796, 246967.01, 5024221.59, 1218.46);
insert into STATION values (3232, '.', 1796, 246965.53, 5024221.49, 1217.35);
insert into STATION values (3233, '.', 1796, 246965.08, 5024221.11, 1221.19);
insert into STATION values (3234, '.', 1796, 246963.54, 5024222.07, 1227.68);
insert into STATION values (3235, '.', 1796, 246962.39, 5024219.32, 1218.90);
insert into STATION values (3236, '.', 1796, 246959.77, 5024218.98, 1219.07);
insert into STATION values (3237, '.', 1796, 246951.68, 5024220.06, 1218.84);
insert into STATION values (3238, '.', 1796, 246961.03, 5024221.71, 1218.91);
insert into STATION values (3239, '.', 1796, 246956.51, 5024221.55, 1218.90);
insert into STATION values (3240, '8', 1796, 246961.55, 5024221.01, 1218.87);
insert into STATION values (3241, '.', 1796, 246961.55, 5024218.79, 1218.85);
insert into STATION values (3242, '.', 1796, 246962.41, 5024219.03, 1218.99);
insert into STATION values (3243, '.', 1796, 246964.33, 5024220.13, 1218.94);
insert into STATION values (3244, '.', 1796, 246957.90, 5024217.95, 1218.77);
insert into STATION values (3245, '.', 1796, 246953.64, 5024219.23, 1218.03);
insert into STATION values (3246, '.', 1796, 246953.08, 5024222.05, 1217.71);
insert into STATION values (3247, '.', 1796, 246958.95, 5024221.74, 1218.61);
insert into STATION values (3248, '.', 1796, 246953.40, 5024221.69, 1214.16);
insert into STATION values (3249, '.', 1796, 246957.57, 5024221.33, 1214.54);
insert into STATION values (3250, '.', 1796, 246961.45, 5024220.74, 1218.19);
insert into STATION values (3251, '.', 1796, 246961.29, 5024219.83, 1230.58);
insert into STATION values (3252, '.', 1796, 246961.58, 5024221.79, 1218.90);
insert into STATION values (3253, '.', 1796, 246963.14, 5024221.58, 1219.30);
insert into STATION values (3254, '9', 1796, 246953.75, 5024218.92, 1226.75);
insert into STATION values (3255, '.', 1796, 246951.79, 5024218.48, 1226.93);
insert into STATION values (3256, '.', 1796, 246953.11, 5024217.85, 1226.54);
insert into STATION values (3257, '.', 1796, 246954.19, 5024217.98, 1226.60);
insert into STATION values (3258, '.', 1796, 246957.76, 5024216.73, 1226.50);
insert into STATION values (3259, '.', 1796, 246963.78, 5024219.48, 1226.93);
insert into STATION values (3260, '.', 1796, 246954.10, 5024218.03, 1226.72);
insert into STATION values (3261, '10', 1796, 246950.51, 5024219.18, 1229.08);
insert into STATION values (3262, '.', 1796, 246950.40, 5024219.52, 1229.09);
insert into STATION values (3263, '.', 1796, 246950.24, 5024218.81, 1229.15);
insert into STATION values (3264, '.', 1796, 246950.10, 5024219.34, 1227.47);
insert into STATION values (3265, '.', 1796, 246949.85, 5024219.20, 1229.27);
insert into STATION values (3266, '.', 1796, 246949.47, 5024218.39, 1234.75);
insert into STATION values (3267, '11', 1796, 246949.87, 5024218.37, 1231.99);
insert into STATION values (3268, '.', 1796, 246949.89, 5024217.58, 1232.22);
insert into STATION values (3269, '.', 1796, 246949.20, 5024218.98, 1232.06);
insert into STATION values (3270, '.', 1796, 246945.63, 5024218.55, 1232.63);
insert into STATION values (3271, '.', 1796, 246944.90, 5024217.43, 1233.32);
insert into STATION values (3272, '.', 1796, 246954.79, 5024218.62, 1233.21);
insert into STATION values (3273, '.', 1796, 246953.15, 5024216.82, 1233.04);
insert into STATION values (3274, '.', 1796, 246948.42, 5024217.45, 1238.34);
insert into STATION values (3275, '12', 1796, 246945.66, 5024217.76, 1237.42);
insert into STATION values (3276, '.', 1796, 246943.77, 5024217.27, 1237.33);
insert into STATION values (3277, '.', 1796, 246944.36, 5024216.55, 1237.40);
insert into STATION values (3278, '.', 1796, 246945.28, 5024216.10, 1237.40);
insert into STATION values (3279, '.', 1796, 246945.96, 5024216.24, 1237.33);
insert into STATION values (3280, '.', 1796, 246948.26, 5024215.71, 1237.59);
insert into STATION values (3281, '.', 1796, 246948.93, 5024217.35, 1237.61);
insert into STATION values (3282, '13', 1796, 246942.94, 5024215.15, 1243.61);
insert into STATION values (3283, '.', 1796, 246944.67, 5024215.72, 1243.54);
insert into STATION values (3284, '.', 1796, 246943.47, 5024216.16, 1243.57);
insert into STATION values (3285, '.', 1796, 246941.51, 5024217.53, 1243.52);
insert into STATION values (3286, '.', 1796, 246937.32, 5024216.94, 1242.89);
insert into STATION values (3287, '.', 1796, 246943.18, 5024215.41, 1239.12);
insert into STATION values (3288, '.', 1796, 246941.50, 5024215.66, 1249.04);
insert into STATION values (3289, '14', 1796, 246935.82, 5024216.49, 1245.52);
insert into STATION values (3290, '.', 1796, 246930.34, 5024213.60, 1244.67);
insert into STATION values (3291, '.', 1796, 246934.57, 5024214.43, 1245.47);
insert into STATION values (3292, '.', 1796, 246936.56, 5024214.51, 1245.60);
insert into STATION values (3293, '.', 1796, 246938.55, 5024214.85, 1245.43);
insert into STATION values (3294, '.', 1796, 246935.44, 5024216.14, 1243.21);
insert into STATION values (3295, '.', 1796, 246935.22, 5024215.12, 1251.22);
insert into STATION values (3296, '15', 1796, 246933.52, 5024213.61, 1243.20);
insert into STATION values (3297, '.', 1796, 246933.72, 5024212.84, 1243.21);
insert into STATION values (3298, '.', 1796, 246933.18, 5024214.51, 1243.03);
insert into STATION values (3299, '.', 1796, 246929.60, 5024213.64, 1242.50);
insert into STATION values (3300, '.', 1796, 246935.75, 5024213.35, 1242.86);
insert into STATION values (3301, '.', 1796, 246942.82, 5024214.32, 1244.51);
insert into STATION values (3302, '.', 1796, 246934.48, 5024213.49, 1248.52);
insert into STATION values (3303, '.', 1796, 246931.23, 5024213.21, 1238.34);
insert into STATION values (3304, '16', 1796, 246931.05, 5024212.79, 1249.52);
insert into STATION values (3305, '.', 1796, 246930.97, 5024213.24, 1249.46);
insert into STATION values (3306, '.', 1796, 246932.67, 5024213.50, 1239.57);
insert into STATION values (3307, '.', 1796, 246931.38, 5024213.59, 1255.25);
insert into STATION values (3308, '.', 1796, 246925.98, 5024213.58, 1249.64);
insert into STATION values (3309, '17', 1796, 246927.46, 5024214.21, 1247.92);
insert into STATION values (3310, '.', 1796, 246925.15, 5024212.67, 1248.10);
insert into STATION values (3311, '.', 1796, 246925.62, 5024210.90, 1248.00);
insert into STATION values (3312, '.', 1796, 246927.41, 5024212.23, 1248.01);
insert into STATION values (3313, '.', 1796, 246928.69, 5024212.38, 1247.97);
insert into STATION values (3314, '.', 1796, 246927.22, 5024214.62, 1248.06);
insert into STATION values (3315, '.', 1796, 246928.97, 5024213.17, 1248.47);
insert into STATION values (3316, '.', 1796, 246935.15, 5024211.04, 1252.49);
insert into STATION values (3317, '.', 1796, 246927.41, 5024214.09, 1257.45);
insert into STATION values (3318, '.', 1796, 246927.99, 5024212.58, 1246.01);
insert into STATION values (3319, '18', 1796, 246927.20, 5024212.71, 1256.95);
insert into STATION values (3320, '.', 1796, 246927.58, 5024213.52, 1256.99);
insert into STATION values (3321, '.', 1796, 246927.99, 5024213.07, 1257.05);
insert into STATION values (3322, '.', 1796, 246929.74, 5024209.17, 1257.22);
insert into STATION values (3323, '.', 1796, 246927.60, 5024208.49, 1256.99);
insert into STATION values (3324, '.', 1796, 246927.22, 5024212.71, 1257.17);
insert into STATION values (3325, '.', 1796, 246927.27, 5024212.58, 1255.23);
insert into STATION values (3326, '.', 1796, 246926.59, 5024212.35, 1256.88);
insert into STATION values (3327, '.', 1796, 246926.47, 5024210.66, 1257.09);
insert into STATION values (3328, '19', 1796, 246928.44, 5024209.13, 1256.56);
insert into STATION values (3329, '.', 1796, 246929.97, 5024210.52, 1256.81);
insert into STATION values (3330, '.', 1796, 246929.83, 5024209.17, 1256.88);
insert into STATION values (3331, '.', 1796, 246928.36, 5024208.36, 1256.58);
insert into STATION values (3332, '.', 1796, 246923.38, 5024209.57, 1256.16);
insert into STATION values (3333, '.', 1796, 246921.53, 5024211.36, 1255.99);
insert into STATION values (3334, '.', 1796, 246925.77, 5024211.13, 1256.20);
insert into STATION values (3335, '.', 1796, 246927.19, 5024210.56, 1256.37);
insert into STATION values (3336, '.', 1796, 246928.03, 5024208.47, 1266.40);
insert into STATION values (3337, '.', 1796, 246928.71, 5024209.72, 1255.34);
insert into STATION values (3338, '20', 1796, 246923.70, 5024210.59, 1263.50);
insert into STATION values (3339, '.', 1796, 246923.74, 5024210.89, 1263.50);
insert into STATION values (3340, '.', 1796, 246923.69, 5024210.42, 1263.50);
insert into STATION values (3341, '.', 1796, 246917.38, 5024214.26, 1263.70);
insert into STATION values (3342, '.', 1796, 246928.06, 5024209.37, 1263.86);
insert into STATION values (3343, '.', 1796, 246920.30, 5024208.43, 1277.90);
insert into STATION values (3344, '.', 1796, 246923.21, 5024212.34, 1250.73);
insert into STATION values (3345, '21', 1796, 246921.36, 5024212.79, 1264.17);
insert into STATION values (3346, '.', 1796, 246920.53, 5024211.74, 1264.07);
insert into STATION values (3347, '.', 1796, 246918.36, 5024212.42, 1263.96);
insert into STATION values (3348, '.', 1796, 246916.93, 5024214.29, 1264.03);
insert into STATION values (3349, '.', 1796, 246921.66, 5024210.20, 1263.95);
insert into STATION values (3350, '.', 1796, 246922.40, 5024209.58, 1264.71);
insert into STATION values (3351, '22', 1796, 246917.62, 5024213.01, 1264.61);
insert into STATION values (3352, '.', 1796, 246915.93, 5024213.79, 1264.67);
insert into STATION values (3353, '.', 1796, 246917.67, 5024214.49, 1264.97);
insert into STATION values (3354, '.', 1796, 246920.28, 5024213.94, 1265.10);
insert into STATION values (3355, '.', 1796, 246910.07, 5024210.01, 1302.22);
insert into STATION values (3356, '.', 1796, 246922.03, 5024208.82, 1279.08);
insert into STATION values (3357, '.', 1796, 246922.40, 5024208.34, 1278.50);
insert into STATION values (3358, '.', 1796, 246918.01, 5024212.97, 1262.98);
insert into STATION values (3359, '23', 1796, 246915.39, 5024216.91, 1266.76);
insert into STATION values (3360, '.', 1796, 246915.38, 5024216.88, 1265.62);
insert into STATION values (3361, '.', 1796, 246914.81, 5024217.35, 1271.24);
insert into STATION values (3362, '.', 1796, 246914.08, 5024216.14, 1266.62);
insert into STATION values (3363, '.', 1796, 246915.60, 5024218.41, 1266.84);
insert into STATION values (3364, '.', 1796, 246913.53, 5024212.07, 1267.00);
insert into STATION values (3365, '.', 1796, 246911.69, 5024219.27, 1266.44);
insert into STATION values (3366, '.', 1796, 246913.62, 5024219.13, 1266.34);
insert into STATION values (3367, '24', 1796, 246913.65, 5024219.56, 1270.47);
insert into STATION values (3368, '.', 1796, 246912.07, 5024219.90, 1270.29);
insert into STATION values (3369, '.', 1796, 246911.62, 5024219.35, 1270.35);
insert into STATION values (3370, '.', 1796, 246912.58, 5024218.89, 1270.47);
insert into STATION values (3371, '.', 1796, 246913.45, 5024218.92, 1270.45);
insert into STATION values (3372, '.', 1796, 246915.72, 5024219.20, 1270.32);
insert into STATION values (3373, '.', 1796, 246916.62, 5024217.81, 1270.29);
insert into STATION values (3374, '.', 1796, 246915.83, 5024216.29, 1270.30);
insert into STATION values (3375, '.', 1796, 246913.46, 5024219.63, 1264.95);
insert into STATION values (3376, '.', 1796, 246913.15, 5024219.00, 1276.06);
insert into STATION values (3377, '25', 1796, 246913.20, 5024219.92, 1275.99);
insert into STATION values (3378, '.', 1796, 246913.11, 5024219.39, 1275.92);
insert into STATION values (3379, '.', 1796, 246914.40, 5024219.58, 1275.70);
insert into STATION values (3380, '.', 1796, 246910.96, 5024219.35, 1275.83);
insert into STATION values (3381, '.', 1796, 246913.16, 5024219.14, 1265.04);
insert into STATION values (3382, '.', 1796, 246913.44, 5024219.90, 1276.61);
insert into STATION values (3383, '26', 1796, 246910.49, 5024219.46, 1277.37);
insert into STATION values (3384, '.', 1796, 246910.38, 5024219.77, 1277.44);
insert into STATION values (3385, '.', 1796, 246910.81, 5024219.23, 1277.49);
insert into STATION values (3386, '.', 1796, 246908.80, 5024219.73, 1277.50);
insert into STATION values (3387, '.', 1796, 246911.53, 5024219.72, 1277.36);
insert into STATION values (3388, '.', 1796, 246910.01, 5024219.83, 1275.15);
insert into STATION values (3389, '.', 1796, 246910.24, 5024219.45, 1277.85);
insert into STATION values (3390, '27', 1796, 246908.94, 5024219.82, 1277.34);
insert into STATION values (3391, '.', 1796, 246909.04, 5024218.91, 1277.37);
insert into STATION values (3392, '.', 1796, 246908.88, 5024219.85, 1278.10);
insert into STATION values (3393, '.', 1796, 246909.49, 5024220.49, 1277.42);
insert into STATION values (3394, '.', 1796, 246908.63, 5024219.18, 1275.88);
insert into STATION values (3395, '.', 1796, 246907.34, 5024218.48, 1277.30);
insert into STATION values (3396, '28', 1796, 246906.16, 5024218.48, 1277.69);
insert into STATION values (3397, '.', 1796, 246905.99, 5024219.00, 1277.71);
insert into STATION values (3398, '.', 1796, 246906.16, 5024218.48, 1277.52);
insert into STATION values (3399, '.', 1796, 246905.40, 5024218.72, 1281.97);
insert into STATION values (3400, '.', 1796, 246901.45, 5024218.94, 1277.82);
insert into STATION values (3401, '.', 1796, 246909.37, 5024218.80, 1278.03);
insert into STATION values (3402, '29', 1796, 246900.02, 5024220.14, 1279.03);
insert into STATION values (3403, '.', 1796, 246899.88, 5024221.61, 1279.14);
insert into STATION values (3404, '.', 1796, 246900.90, 5024218.52, 1279.43);
insert into STATION values (3405, '.', 1796, 246902.07, 5024218.42, 1279.04);
insert into STATION values (3406, '.', 1796, 246903.00, 5024219.60, 1278.93);
insert into STATION values (3407, '.', 1796, 246901.70, 5024221.00, 1279.12);
insert into STATION values (3408, '.', 1796, 246900.95, 5024220.01, 1276.84);
insert into STATION values (3409, '.', 1796, 246903.06, 5024219.27, 1302.74);
insert into STATION values (3410, '30', 1796, 246901.68, 5024220.17, 1298.41);
insert into STATION values (3411, '.', 1796, 246901.60, 5024220.27, 1298.31);
insert into STATION values (3412, '.', 1796, 246901.56, 5024220.12, 1298.27);
insert into STATION values (3413, '.', 1796, 246902.17, 5024219.49, 1277.76);
insert into STATION values (3414, '.', 1796, 246901.52, 5024219.59, 1298.40);
insert into STATION values (3415, '.', 1796, 246898.31, 5024222.92, 1298.32);
insert into STATION values (3416, '.', 1796, 246906.84, 5024216.63, 1298.17);
insert into STATION values (3417, '.', 1796, 246901.12, 5024219.21, 1302.51);
insert into STATION values (3418, '31', 1796, 246898.08, 5024223.24, 1299.90);
insert into STATION values (3419, '.', 1796, 246897.66, 5024222.93, 1299.99);
insert into STATION values (3420, '.', 1796, 246893.97, 5024222.17, 1298.94);
insert into STATION values (3421, '.', 1796, 246896.30, 5024222.24, 1296.50);
insert into STATION values (3422, '.', 1796, 246898.04, 5024223.15, 1299.21);
insert into STATION values (3423, '.', 1796, 246899.08, 5024220.81, 1297.82);
insert into STATION values (3424, '.', 1796, 246901.31, 5024220.78, 1299.87);
insert into STATION values (3425, '.', 1796, 246898.04, 5024223.13, 1300.73);
insert into STATION values (3426, '32', 1796, 246897.27, 5024223.13, 1302.96);
insert into STATION values (3427, '.', 1796, 246897.19, 5024223.62, 1303.02);
insert into STATION values (3428, '.', 1796, 246898.32, 5024223.03, 1303.11);
insert into STATION values (3429, '.', 1796, 246896.67, 5024222.31, 1302.75);
insert into STATION values (3430, '.', 1796, 246897.11, 5024222.89, 1301.76);
insert into STATION values (3431, '.', 1796, 246897.04, 5024222.96, 1303.72);
insert into STATION values (3432, '.', 1796, 246895.76, 5024222.72, 1303.25);
insert into STATION values (3433, '33', 1796, 246895.75, 5024222.78, 1303.28);
insert into STATION values (3434, '.', 1796, 246895.56, 5024223.16, 1303.26);
insert into STATION values (3435, '.', 1796, 246895.64, 5024222.79, 1304.65);
insert into STATION values (3436, '.', 1796, 246895.37, 5024223.07, 1301.89);
insert into STATION values (3437, '.', 1796, 246894.65, 5024222.46, 1303.21);
insert into STATION values (3438, '.', 1796, 246893.47, 5024223.11, 1303.57);
insert into STATION values (3439, '34', 1796, 246891.54, 5024222.98, 1303.43);
insert into STATION values (3440, '.', 1796, 246891.41, 5024224.97, 1303.49);
insert into STATION values (3441, '.', 1796, 246885.23, 5024224.93, 1302.84);
insert into STATION values (3442, '.', 1796, 246890.17, 5024224.72, 1303.33);
insert into STATION values (3443, '.', 1796, 246892.62, 5024222.80, 1303.61);
insert into STATION values (3444, '.', 1796, 246892.67, 5024223.84, 1303.67);
insert into STATION values (3445, '.', 1796, 246891.56, 5024223.02, 1302.56);
insert into STATION values (3446, '.', 1796, 246889.76, 5024223.88, 1311.12);
insert into STATION values (3447, '35', 1796, 246890.03, 5024224.34, 1308.84);
insert into STATION values (3448, '.', 1796, 246890.19, 5024223.12, 1308.83);
insert into STATION values (3449, '.', 1796, 246888.76, 5024222.46, 1308.67);
insert into STATION values (3450, '.', 1796, 246890.27, 5024223.08, 1302.71);
insert into STATION values (3451, '.', 1796, 246892.80, 5024222.84, 1308.53);
insert into STATION values (3452, '.', 1796, 246890.59, 5024223.60, 1308.77);
insert into STATION values (3453, '.', 1796, 246889.66, 5024223.90, 1313.90);
insert into STATION values (3454, '36', 1796, 246886.91, 5024222.99, 1308.94);
insert into STATION values (3455, '.', 1796, 246886.85, 5024223.59, 1308.92);
insert into STATION values (3456, '.', 1796, 246884.10, 5024224.13, 1308.33);
insert into STATION values (3457, '.', 1796, 246881.58, 5024223.84, 1307.45);
insert into STATION values (3458, '.', 1796, 246883.87, 5024223.20, 1308.12);
insert into STATION values (3459, '.', 1796, 246886.97, 5024223.87, 1309.04);
insert into STATION values (3460, '.', 1796, 246886.43, 5024223.51, 1311.12);
insert into STATION values (3461, '.', 1796, 246886.37, 5024222.89, 1307.54);
insert into STATION values (3462, '37', 1796, 246882.65, 5024224.56, 1308.50);
insert into STATION values (3463, '.', 1796, 246881.88, 5024223.68, 1309.76);
insert into STATION values (3464, '.', 1796, 246880.11, 5024223.73, 1308.72);
insert into STATION values (3465, '.', 1796, 246881.04, 5024225.41, 1308.77);
insert into STATION values (3466, '.', 1796, 246883.11, 5024222.47, 1305.05);
insert into STATION values (3467, '.', 1796, 246883.31, 5024223.15, 1308.45);
insert into STATION values (3468, '.', 1796, 246886.01, 5024223.69, 1309.41);
insert into STATION values (3469, '.', 1796, 246881.46, 5024225.09, 1319.00);
insert into STATION values (3470, '38', 1796, 246879.73, 5024224.42, 1317.96);
insert into STATION values (3471, '.', 1796, 246879.66, 5024224.78, 1317.94);
insert into STATION values (3472, '.', 1796, 246878.50, 5024224.89, 1317.84);
insert into STATION values (3473, '.', 1796, 246887.03, 5024223.27, 1317.83);
insert into STATION values (3474, '.', 1796, 246882.38, 5024224.28, 1317.73);
insert into STATION values (3475, '39', 1796, 246879.48, 5024224.81, 1318.17);
insert into STATION values (3476, '40', 1796, 246875.59, 5024226.64, 1320.98);
insert into STATION values (3477, '.', 1796, 246876.80, 5024226.78, 1320.93);
insert into STATION values (3478, '.', 1796, 246879.58, 5024225.82, 1320.88);
insert into STATION values (3479, '.', 1796, 246879.67, 5024224.26, 1321.02);
insert into STATION values (3480, '.', 1796, 246877.53, 5024223.87, 1320.99);
insert into STATION values (3481, '.', 1796, 246875.90, 5024225.07, 1320.90);
insert into STATION values (3482, '.', 1796, 246875.29, 5024225.83, 1320.85);
insert into STATION values (3483, '.', 1796, 246876.88, 5024226.47, 1317.93);
insert into STATION values (3484, '.', 1796, 246875.84, 5024226.89, 1319.46);
insert into STATION values (3485, '.', 1796, 246877.76, 5024224.53, 1323.74);
insert into STATION values (3486, '.', 1796, 246877.05, 5024225.22, 1323.11);
insert into STATION values (3487, '41', 1796, 246873.15, 5024227.26, 1318.96);
insert into STATION values (3488, '.', 1796, 246872.87, 5024226.48, 1318.87);
insert into STATION values (3489, '.', 1796, 246872.38, 5024227.24, 1319.00);
insert into STATION values (3490, '.', 1796, 246872.95, 5024226.55, 1318.76);
insert into STATION values (3491, '.', 1796, 246873.74, 5024226.23, 1318.69);
insert into STATION values (3492, '.', 1796, 246873.80, 5024227.48, 1318.96);
insert into STATION values (3493, '.', 1796, 246873.15, 5024227.11, 1317.60);
insert into STATION values (3494, '.', 1796, 246872.42, 5024226.33, 1324.14);
insert into STATION values (3495, '.', 1796, 246873.35, 5024226.03, 1324.65);
insert into STATION values (3496, '42', 1796, 246872.33, 5024226.81, 1321.28);
insert into STATION values (3497, '.', 1796, 246872.21, 5024227.09, 1321.21);
insert into STATION values (3498, '.', 1796, 246872.20, 5024226.93, 1319.63);
insert into STATION values (3499, '.', 1796, 246871.51, 5024227.01, 1324.38);
insert into STATION values (3500, '.', 1796, 246868.11, 5024228.01, 1320.79);
insert into STATION values (3501, '.', 1796, 246873.80, 5024226.32, 1321.49);
insert into STATION values (3502, '43', 1796, 246868.47, 5024227.18, 1322.14);
insert into STATION values (3503, '.', 1796, 246868.02, 5024228.19, 1322.04);
insert into STATION values (3504, '.', 1796, 246868.77, 5024228.44, 1322.08);
insert into STATION values (3505, '.', 1796, 246869.41, 5024227.96, 1322.24);
insert into STATION values (3506, '.', 1796, 246872.30, 5024227.32, 1322.66);
insert into STATION values (3507, '.', 1796, 246868.71, 5024227.32, 1320.65);
insert into STATION values (3508, '.', 1796, 246869.13, 5024228.45, 1330.15);
insert into STATION values (3509, '44', 1796, 246866.73, 5024230.20, 1326.31);
insert into STATION values (3510, '.', 1796, 246862.92, 5024230.84, 1325.90);
insert into STATION values (3511, '.', 1796, 246865.01, 5024228.21, 1325.96);
insert into STATION values (3512, '.', 1796, 246866.47, 5024227.37, 1326.01);
insert into STATION values (3513, '.', 1796, 246868.23, 5024227.09, 1326.07);
insert into STATION values (3514, '.', 1796, 246866.48, 5024229.93, 1324.87);
insert into STATION values (3515, '.', 1796, 246865.98, 5024229.85, 1332.81);
insert into STATION values (3516, '45', 1796, 246863.48, 5024229.47, 1331.48);
insert into STATION values (3517, '.', 1796, 246863.86, 5024229.20, 1324.85);
insert into STATION values (3518, '.', 1796, 246866.57, 5024227.89, 1330.33);
insert into STATION values (3519, '.', 1796, 246864.14, 5024229.68, 1331.41);
insert into STATION values (3520, '.', 1796, 246863.77, 5024230.13, 1331.60);
insert into STATION values (3521, '.', 1796, 246863.15, 5024230.86, 1331.50);
insert into STATION values (3522, '.', 1796, 246863.86, 5024229.58, 1334.80);
insert into STATION values (3523, '46', 1796, 246862.83, 5024233.31, 1334.94);
insert into STATION values (3524, '.', 1796, 246862.97, 5024232.41, 1335.53);
insert into STATION values (3525, '.', 1796, 246864.98, 5024231.31, 1334.89);
insert into STATION values (3526, '.', 1796, 246866.41, 5024232.31, 1334.76);
insert into STATION values (3527, '.', 1796, 246866.43, 5024233.55, 1334.52);
insert into STATION values (3528, '.', 1796, 246863.90, 5024232.52, 1333.08);
insert into STATION values (3529, '.', 1796, 246862.06, 5024238.63, 1380.64);
insert into STATION values (3530, '.', 1796, 246862.98, 5024237.78, 1390.51);
insert into STATION values (3531, '47', 1796, 246861.79, 5024234.07, 1345.48);
insert into STATION values (3532, '.', 1796, 246862.69, 5024238.37, 1345.60);
insert into STATION values (3533, '.', 1796, 246864.44, 5024238.03, 1345.75);
insert into STATION values (3534, '.', 1796, 246866.15, 5024234.90, 1345.74);
insert into STATION values (3535, '.', 1796, 246865.41, 5024231.64, 1346.28);
insert into STATION values (3536, '.', 1796, 246863.25, 5024233.08, 1333.42);
insert into STATION values (3537, '.', 1796, 246860.87, 5024240.32, 1374.25);
insert into STATION values (3538, '48', 1796, 246860.04, 5024239.00, 1355.09);
insert into STATION values (3539, '.', 1796, 246857.26, 5024240.51, 1354.94);
insert into STATION values (3540, '.', 1796, 246857.56, 5024237.93, 1355.06);
insert into STATION values (3541, '.', 1796, 246859.45, 5024236.97, 1354.86);
insert into STATION values (3542, '.', 1796, 246858.43, 5024235.09, 1354.59);
insert into STATION values (3543, '.', 1796, 246860.87, 5024232.66, 1354.19);
insert into STATION values (3544, '.', 1796, 246863.21, 5024236.87, 1354.53);
insert into STATION values (3545, '.', 1796, 246862.82, 5024238.39, 1354.63);
insert into STATION values (3546, '.', 1796, 246861.15, 5024232.10, 1333.70);
insert into STATION values (3547, '.', 1796, 246862.67, 5024232.13, 1339.52);
insert into STATION values (3548, '.', 1796, 246862.63, 5024232.61, 1346.54);
insert into STATION values (3549, '.', 1796, 246861.72, 5024232.04, 1359.46);
insert into STATION values (3550, '.', 1796, 246861.93, 5024232.13, 1368.44);
insert into STATION values (3551, '.', 1796, 246862.41, 5024231.74, 1379.75);
insert into STATION values (3552, '49', 1796, 246860.16, 5024238.83, 1366.42);
insert into STATION values (3553, '.', 1796, 246863.93, 5024238.17, 1366.29);
insert into STATION values (3554, '.', 1796, 246860.82, 5024239.30, 1366.41);
insert into STATION values (3555, '.', 1796, 246859.69, 5024239.73, 1366.53);
insert into STATION values (3556, '.', 1796, 246858.20, 5024239.95, 1366.74);
insert into STATION values (3557, '.', 1796, 246852.81, 5024242.17, 1367.60);
insert into STATION values (3558, '.', 1796, 246863.54, 5024233.73, 1366.78);
insert into STATION values (3559, '.', 1796, 246860.53, 5024239.77, 1366.77);
insert into STATION values (3560, '.', 1796, 246862.55, 5024238.51, 1390.22);
insert into STATION values (3561, '50', 1796, 246860.16, 5024240.42, 1378.10);
insert into STATION values (3562, '.', 1796, 246857.93, 5024239.43, 1378.65);
insert into STATION values (3563, '.', 1796, 246858.62, 5024237.56, 1378.22);
insert into STATION values (3564, '.', 1796, 246861.62, 5024237.81, 1378.70);
insert into STATION values (3565, '.', 1796, 246859.66, 5024236.03, 1378.80);
insert into STATION values (3566, '.', 1796, 246858.83, 5024237.23, 1378.58);
insert into STATION values (3567, '.', 1796, 246859.40, 5024239.40, 1382.68);
insert into STATION values (3568, '51', 1796, 246858.23, 5024240.85, 1379.43);
insert into STATION values (3569, '.', 1796, 246858.75, 5024241.22, 1379.53);
insert into STATION values (3570, '.', 1796, 246859.25, 5024240.80, 1379.47);
insert into STATION values (3571, '.', 1796, 246857.78, 5024241.92, 1379.50);
insert into STATION values (3572, '.', 1796, 246855.84, 5024242.19, 1379.54);
insert into STATION values (3573, '52', 1796, 246856.51, 5024242.43, 1382.62);
insert into STATION values (3574, '.', 1796, 246855.29, 5024244.95, 1383.11);
insert into STATION values (3575, '.', 1796, 246856.64, 5024243.12, 1382.73);
insert into STATION values (3576, '.', 1796, 246856.94, 5024242.77, 1382.68);
insert into STATION values (3577, '.', 1796, 246857.98, 5024241.78, 1382.77);
insert into STATION values (3578, '.', 1796, 246857.67, 5024239.76, 1382.76);
insert into STATION values (3579, '.', 1796, 246855.97, 5024241.10, 1382.85);
insert into STATION values (3580, '.', 1796, 246854.48, 5024241.31, 1382.48);
insert into STATION values (3581, '53', 1796, 246854.86, 5024242.77, 1387.23);
insert into STATION values (3582, '.', 1796, 246856.49, 5024240.42, 1387.64);
insert into STATION values (3583, '.', 1796, 246859.89, 5024241.34, 1376.14);
insert into STATION values (3584, '.', 1796, 246855.35, 5024242.80, 1387.30);
insert into STATION values (3585, '.', 1796, 246855.21, 5024243.38, 1387.36);
insert into STATION values (3586, '.', 1796, 246858.48, 5024239.28, 1387.53);
insert into STATION values (3587, '.', 1796, 246854.97, 5024242.68, 1388.24);
insert into STATION values (3588, '.', 1796, 246855.01, 5024242.78, 1382.73);
insert into STATION values (3589, '.', 1796, 246854.13, 5024246.52, 1387.80);
insert into STATION values (3590, '54', 1796, 246854.62, 5024244.69, 1388.64);
insert into STATION values (3591, '.', 1796, 246853.90, 5024244.32, 1388.73);
insert into STATION values (3592, '.', 1796, 246854.28, 5024244.03, 1388.62);
insert into STATION values (3593, '.', 1796, 246853.83, 5024244.68, 1388.74);
insert into STATION values (3594, '.', 1796, 246854.40, 5024244.70, 1387.27);
insert into STATION values (3595, '.', 1796, 246853.87, 5024249.29, 1389.29);
insert into STATION values (3596, '55', 1796, 246852.91, 5024243.89, 1393.23);
insert into STATION values (3597, '.', 1796, 246853.33, 5024244.05, 1393.26);
insert into STATION values (3598, '.', 1796, 246853.13, 5024243.74, 1393.25);
insert into STATION values (3599, '.', 1796, 246852.30, 5024244.53, 1393.47);
insert into STATION values (3600, '56', 1796, 246852.69, 5024243.24, 1398.33);
insert into STATION values (3601, '.', 1796, 246852.50, 5024242.76, 1398.33);
insert into STATION values (3602, '.', 1796, 246853.13, 5024242.62, 1398.12);
insert into STATION values (3603, '.', 1796, 246851.96, 5024243.92, 1398.12);
insert into STATION values (3604, '.', 1796, 246852.72, 5024243.18, 1398.51);
insert into STATION values (3605, '57', 1796, 246848.15, 5024244.29, 1397.16);
insert into STATION values (3606, '.', 1796, 246846.81, 5024246.34, 1396.76);
insert into STATION values (3607, '.', 1796, 246848.46, 5024246.82, 1397.01);
insert into STATION values (3608, '.', 1796, 246849.98, 5024245.62, 1397.33);
insert into STATION values (3609, '.', 1796, 246851.26, 5024243.78, 1397.52);
insert into STATION values (3610, '.', 1796, 246848.98, 5024243.21, 1397.51);
insert into STATION values (3611, '.', 1796, 246847.78, 5024244.67, 1393.36);
insert into STATION values (3612, '.', 1796, 246846.51, 5024244.81, 1410.45);
insert into STATION values (3613, '58', 1796, 246845.70, 5024246.58, 1393.77);
insert into STATION values (3614, '.', 1796, 246845.46, 5024246.08, 1393.83);
insert into STATION values (3615, '.', 1796, 246845.81, 5024245.83, 1393.89);
insert into STATION values (3616, '.', 1796, 246844.23, 5024246.36, 1393.81);
insert into STATION values (3617, '.', 1796, 246844.80, 5024247.07, 1400.46);
insert into STATION values (3618, '.', 1796, 246845.74, 5024246.29, 1390.86);
insert into STATION values (3619, '59', 1796, 246838.81, 5024249.62, 1390.44);
insert into STATION values (3620, '.', 1796, 246838.79, 5024249.10, 1390.53);
insert into STATION values (3621, '.', 1796, 246837.26, 5024248.73, 1396.79);
insert into STATION values (3622, '.', 1796, 246838.55, 5024249.42, 1386.00);
insert into STATION values (3623, '60', 1796, 246835.62, 5024251.16, 1389.54);
insert into STATION values (3624, '.', 1796, 246835.60, 5024251.90, 1389.57);
insert into STATION values (3625, '.', 1796, 246833.82, 5024252.68, 1389.22);
insert into STATION values (3626, '.', 1796, 246831.30, 5024252.62, 1388.45);
insert into STATION values (3627, '.', 1796, 246835.25, 5024251.39, 1387.06);
insert into STATION values (3628, '.', 1796, 246834.95, 5024251.56, 1396.48);
insert into STATION values (3629, '61', 1796, 246835.76, 5024252.07, 1389.81);
insert into STATION values (3630, '.', 1796, 246831.27, 5024253.97, 1389.81);
insert into STATION values (3631, '.', 1796, 246834.33, 5024252.14, 1389.81);
insert into STATION values (3632, '.', 1796, 246835.54, 5024251.30, 1389.66);
insert into STATION values (3633, '.', 1796, 246836.07, 5024251.32, 1389.64);
insert into STATION values (3634, '62', 1796, 246835.02, 5024252.47, 1395.10);
insert into STATION values (3635, '.', 1796, 246835.79, 5024252.37, 1395.15);
insert into STATION values (3636, '.', 1796, 246835.44, 5024253.33, 1395.21);
insert into STATION values (3637, '.', 1796, 246832.75, 5024253.63, 1395.63);
insert into STATION values (3638, '.', 1796, 246834.07, 5024253.65, 1395.34);
insert into STATION values (3639, '63', 1796, 246835.86, 5024254.10, 1400.85);
insert into STATION values (3640, '.', 1796, 246835.28, 5024253.77, 1400.87);
insert into STATION values (3641, '.', 1796, 246834.55, 5024254.10, 1400.86);
insert into STATION values (3642, '.', 1796, 246832.78, 5024255.10, 1401.07);
insert into STATION values (3643, '.', 1796, 246835.96, 5024254.85, 1401.04);
insert into STATION values (3644, '.', 1796, 246836.35, 5024255.69, 1405.26);
insert into STATION values (3645, '.', 1796, 246835.50, 5024254.85, 1414.06);
insert into STATION values (3646, '.', 1796, 246836.67, 5024252.54, 1401.15);
insert into STATION values (3647, '64', 1796, 246832.05, 5024256.09, 1402.54);
insert into STATION values (3648, '.', 1796, 246830.85, 5024256.58, 1402.56);
insert into STATION values (3649, '.', 1796, 246831.41, 5024256.96, 1402.77);
insert into STATION values (3650, '.', 1796, 246832.17, 5024257.21, 1402.68);
insert into STATION values (3651, '.', 1796, 246832.91, 5024256.71, 1402.56);
insert into STATION values (3652, '.', 1796, 246833.02, 5024256.64, 1413.30);
insert into STATION values (3653, '.', 1796, 246831.84, 5024256.36, 1401.27);
insert into STATION values (3654, '65', 1796, 246831.72, 5024256.47, 1409.05);
insert into STATION values (3655, '.', 1796, 246831.58, 5024256.24, 1409.04);
insert into STATION values (3656, '.', 1796, 246837.82, 5024254.61, 1411.15);
insert into STATION values (3657, '.', 1796, 246831.76, 5024256.37, 1409.65);
insert into STATION values (3658, '.', 1796, 246828.41, 5024256.79, 1409.20);
insert into STATION values (3659, '66', 1796, 246829.58, 5024256.98, 1409.81);
insert into STATION values (3660, '.', 1796, 246829.15, 5024258.34, 1409.88);
insert into STATION values (3661, '.', 1796, 246826.47, 5024258.03, 1410.12);
insert into STATION values (3662, '.', 1796, 246829.29, 5024260.12, 1420.06);
insert into STATION values (3663, '.', 1796, 246829.23, 5024257.11, 1408.36);
insert into STATION values (3664, '67', 1796, 246826.01, 5024258.91, 1410.61);
insert into STATION values (3665, '.', 1796, 246826.72, 5024260.30, 1410.73);
insert into STATION values (3666, '.', 1796, 246826.32, 5024260.86, 1412.20);
insert into STATION values (3667, '.', 1796, 246825.71, 5024260.84, 1419.07);
insert into STATION values (3668, '.', 1796, 246825.40, 5024260.60, 1413.73);
insert into STATION values (3669, '.', 1796, 246821.68, 5024260.78, 1410.70);
insert into STATION values (3670, '.', 1796, 246823.93, 5024261.25, 1410.47);
insert into STATION values (3671, '.', 1796, 246825.68, 5024259.51, 1409.34);
insert into STATION values (3672, '.', 1796, 246826.26, 5024258.85, 1409.37);
insert into STATION values (3673, '.', 1796, 246825.79, 5024259.75, 1409.21);
insert into STATION values (3674, '.', 1796, 246829.27, 5024256.86, 1410.58);
insert into STATION values (3675, '.', 1796, 246827.75, 5024258.75, 1410.65);
insert into STATION values (3676, '.', 1796, 246829.52, 5024260.24, 1414.61);
insert into STATION values (3677, '.', 1796, 246827.97, 5024261.32, 1417.86);
insert into STATION values (3678, '.', 1796, 246828.82, 5024257.66, 1405.62);
insert into STATION values (3679, '.', 1796, 246827.87, 5024258.41, 1405.77);
insert into STATION values (3680, '68', 1796, 246821.60, 5024260.35, 1414.04);
insert into STATION values (3681, '.', 1796, 246821.51, 5024259.82, 1414.02);
insert into STATION values (3682, '.', 1796, 246819.88, 5024261.41, 1413.97);
insert into STATION values (3683, '.', 1796, 246822.09, 5024261.49, 1414.06);
insert into STATION values (3684, '.', 1796, 246821.97, 5024260.51, 1414.12);
insert into STATION values (3685, '.', 1796, 246824.02, 5024258.87, 1413.92);
insert into STATION values (3686, '.', 1796, 246823.75, 5024258.00, 1398.23);
insert into STATION values (3687, '.', 1796, 246821.20, 5024261.61, 1415.01);
insert into STATION values (3688, '.', 1796, 246821.00, 5024261.39, 1415.98);
insert into STATION values (3689, '.', 1796, 246819.23, 5024260.76, 1416.20);
insert into STATION values (3690, '.', 1796, 246820.45, 5024259.81, 1417.17);
insert into STATION values (3691, '69', 1796, 246820.30, 5024261.00, 1418.99);
insert into STATION values (3692, '.', 1796, 246820.07, 5024260.59, 1418.94);
insert into STATION values (3693, '.', 1796, 246834.73, 5024253.98, 1420.67);
insert into STATION values (3694, '.', 1796, 246821.34, 5024260.08, 1419.28);
insert into STATION values (3695, '.', 1796, 246819.02, 5024260.34, 1418.94);
insert into STATION values (3696, '.', 1796, 246817.15, 5024261.22, 1418.55);
insert into STATION values (3697, '.', 1796, 246815.78, 5024262.64, 1418.48);
insert into STATION values (3698, '71', 1796, 246819.35, 5024258.50, 1427.00);
insert into STATION values (3699, '.', 1796, 246820.32, 5024260.07, 1426.73);
insert into STATION values (3700, '.', 1796, 246819.32, 5024259.49, 1426.77);
insert into STATION values (3701, '.', 1796, 246818.95, 5024258.87, 1426.91);
insert into STATION values (3702, '.', 1796, 246819.26, 5024258.26, 1426.95);
insert into STATION values (3703, '.', 1796, 246819.28, 5024258.64, 1427.82);
insert into STATION values (3704, '72', 1796, 246816.49, 5024258.91, 1427.69);
insert into STATION values (3705, '.', 1796, 246816.25, 5024257.55, 1427.73);
insert into STATION values (3706, '.', 1796, 246817.49, 5024257.16, 1427.59);
insert into STATION values (3707, '.', 1796, 246817.97, 5024258.14, 1427.83);
insert into STATION values (3708, '.', 1796, 246816.60, 5024257.37, 1431.76);
insert into STATION values (3709, '.', 1796, 246816.64, 5024258.83, 1426.76);
insert into STATION values (3710, '.', 1796, 246816.66, 5024259.29, 1427.66);
insert into STATION values (3711, '73', 1796, 246814.97, 5024260.43, 1428.36);
insert into STATION values (3712, '.', 1796, 246814.83, 5024259.94, 1428.32);
insert into STATION values (3713, '.', 1796, 246813.50, 5024261.20, 1428.09);
insert into STATION values (3714, '.', 1796, 246814.87, 5024260.66, 1427.16);
insert into STATION values (3715, '.', 1796, 246814.72, 5024260.21, 1429.14);
insert into STATION values (3716, '.', 1796, 246814.39, 5024260.69, 1428.62);
insert into STATION values (3717, '.', 1796, 246812.42, 5024261.57, 1429.54);
insert into STATION values (3718, '.', 1796, 246814.00, 5024260.87, 1428.81);
insert into STATION values (3719, '.', 1796, 246814.90, 5024260.04, 1428.30);
insert into STATION values (3720, '.', 1796, 246814.95, 5024260.50, 1427.14);
insert into STATION values (3721, '.', 1796, 246814.52, 5024260.19, 1430.84);
insert into STATION values (3722, '74', 1796, 246809.19, 5024263.19, 1427.22);
insert into STATION values (3723, '.', 1796, 246811.14, 5024264.04, 1427.34);
insert into STATION values (3724, '.', 1796, 246812.82, 5024261.73, 1427.43);
insert into STATION values (3725, '.', 1796, 246810.51, 5024260.30, 1427.44);
insert into STATION values (3726, '.', 1796, 246809.08, 5024261.31, 1427.49);
insert into STATION values (3727, '.', 1796, 246808.90, 5024262.35, 1427.41);
insert into STATION values (3728, '.', 1796, 246808.85, 5024262.72, 1427.48);
insert into STATION values (3729, '.', 1796, 246810.38, 5024262.20, 1425.62);
insert into STATION values (3730, '.', 1796, 246810.03, 5024263.92, 1435.81);
insert into STATION values (3731, '.', 1796, 246812.06, 5024262.13, 1435.81);
insert into STATION values (3732, '75', 1796, 246811.19, 5024262.06, 1433.21);
insert into STATION values (3733, '.', 1796, 246812.60, 5024263.57, 1433.20);
insert into STATION values (3734, '.', 1796, 246811.71, 5024264.46, 1433.10);
insert into STATION values (3735, '.', 1796, 246813.60, 5024263.11, 1433.10);
insert into STATION values (3736, '.', 1796, 246812.68, 5024263.25, 1425.67);
insert into STATION values (3737, '.', 1796, 246811.04, 5024262.26, 1434.77);
insert into STATION values (3738, '.', 1796, 246810.23, 5024261.91, 1433.21);
insert into STATION values (3739, '.', 1796, 246810.31, 5024262.46, 1433.14);
insert into STATION values (3740, '.', 1796, 246810.25, 5024261.02, 1433.05);
insert into STATION values (3741, '.', 1796, 246810.29, 5024261.56, 1433.27);
insert into STATION values (3742, '76', 1796, 246808.79, 5024260.21, 1435.76);
insert into STATION values (3743, '.', 1796, 246810.76, 5024260.65, 1435.41);
insert into STATION values (3744, '.', 1796, 246810.36, 5024261.87, 1435.61);
insert into STATION values (3745, '.', 1796, 246806.41, 5024260.86, 1436.44);
insert into STATION values (3746, '.', 1796, 246808.11, 5024261.33, 1435.97);
insert into STATION values (3747, '.', 1796, 246808.34, 5024260.39, 1434.34);
insert into STATION values (3748, '77', 1796, 246806.58, 5024260.74, 1442.78);
insert into STATION values (3749, '.', 1796, 246806.90, 5024260.73, 1442.77);
insert into STATION values (3750, '.', 1796, 246806.07, 5024260.72, 1443.02);
insert into STATION values (3751, '.', 1796, 246806.55, 5024259.46, 1443.50);
insert into STATION values (3752, '.', 1796, 246806.40, 5024260.20, 1444.80);
insert into STATION values (3753, '.', 1796, 246806.16, 5024261.60, 1442.84);
insert into STATION values (3754, '.', 1796, 246805.50, 5024261.70, 1442.95);
insert into STATION values (3755, '.', 1796, 246803.99, 5024261.72, 1443.74);
insert into STATION values (3756, '.', 1796, 246806.07, 5024260.94, 1442.97);
insert into STATION values (3757, '.', 1796, 246803.97, 5024261.71, 1443.74);
insert into STATION values (3758, '.', 1796, 246806.62, 5024260.40, 1442.81);
insert into STATION values (3759, '.', 1796, 246806.49, 5024261.08, 1442.77);
insert into STATION values (3760, '.', 1796, 246806.53, 5024261.01, 1441.42);
insert into STATION values (3761, '.', 1796, 246806.35, 5024260.72, 1443.99);
insert into STATION values (3762, '78', 1796, 246803.28, 5024260.96, 1445.40);
insert into STATION values (3763, '.', 1796, 246803.30, 5024261.69, 1445.37);
insert into STATION values (3764, '.', 1796, 246801.62, 5024262.63, 1445.59);
insert into STATION values (3765, '.', 1796, 246800.30, 5024261.90, 1445.78);
insert into STATION values (3766, '.', 1796, 246805.63, 5024260.19, 1444.98);
insert into STATION values (3767, '.', 1796, 246803.03, 5024262.90, 1459.93);
insert into STATION values (3768, '.', 1796, 246799.23, 5024264.46, 1448.88);
insert into STATION values (3769, '.', 1796, 246799.82, 5024264.88, 1451.64);
insert into STATION values (3770, '79', 1796, 246800.87, 5024264.42, 1448.95);
insert into STATION values (3771, '.', 1796, 246800.90, 5024263.25, 1448.95);
insert into STATION values (3772, '.', 1796, 246800.87, 5024264.30, 1446.82);
insert into STATION values (3773, '.', 1796, 246799.80, 5024264.83, 1457.93);
insert into STATION values (3774, '.', 1796, 246806.21, 5024261.21, 1448.76);
insert into STATION values (3775, '80', 1796, 246798.98, 5024265.43, 1456.68);
insert into STATION values (3776, '.', 1796, 246799.26, 5024265.74, 1456.67);
insert into STATION values (3777, '.', 1796, 246799.04, 5024265.56, 1452.99);
insert into STATION values (3778, '.', 1796, 246797.91, 5024265.26, 1456.03);
insert into STATION values (3779, '.', 1796, 246797.94, 5024265.18, 1461.16);
insert into STATION values (3780, '81', 1796, 246798.10, 5024264.80, 1459.61);
insert into STATION values (3781, '.', 1796, 246797.72, 5024264.96, 1459.64);
insert into STATION values (3782, '.', 1796, 246797.99, 5024264.74, 1460.32);
insert into STATION values (3783, '.', 1796, 246798.46, 5024264.11, 1458.19);
insert into STATION values (3784, '82', 1796, 246795.55, 5024261.07, 1461.61);
insert into STATION values (3785, '.', 1796, 246794.59, 5024261.94, 1461.56);
insert into STATION values (3786, '.', 1796, 246794.75, 5024262.51, 1461.60);
insert into STATION values (3787, '.', 1796, 246795.36, 5024262.94, 1461.64);
insert into STATION values (3788, '.', 1796, 246796.23, 5024262.02, 1461.64);
insert into STATION values (3789, '.', 1796, 246796.07, 5024261.05, 1461.62);
insert into STATION values (3790, '.', 1796, 246794.06, 5024261.47, 1460.98);
insert into STATION values (3791, '.', 1796, 246795.11, 5024261.95, 1465.69);
insert into STATION values (3792, '.', 1796, 246797.24, 5024263.63, 1459.48);
insert into STATION values (3793, '83', 1796, 246793.00, 5024261.66, 1468.50);
insert into STATION values (3794, '.', 1796, 246792.49, 5024261.09, 1468.50);
insert into STATION values (3795, '.', 1796, 246790.12, 5024261.82, 1468.47);
insert into STATION values (3796, '.', 1796, 246791.44, 5024261.53, 1466.64);
insert into STATION values (3797, '.', 1796, 246794.72, 5024258.75, 1468.18);
insert into STATION values (3798, '.', 1796, 246793.21, 5024259.90, 1468.31);
insert into STATION values (3799, '.', 1796, 246792.70, 5024261.35, 1473.44);
insert into STATION values (3800, '84', 1796, 246790.23, 5024262.48, 1469.92);
insert into STATION values (3801, '.', 1796, 246791.34, 5024262.37, 1469.82);
insert into STATION values (3802, '.', 1796, 246790.76, 5024262.88, 1470.01);
insert into STATION values (3803, '.', 1796, 246788.91, 5024262.94, 1469.86);
insert into STATION values (3804, '.', 1796, 246790.13, 5024262.60, 1469.91);
insert into STATION values (3805, '.', 1796, 246789.72, 5024263.04, 1469.86);
insert into STATION values (3806, '.', 1796, 246790.31, 5024262.63, 1466.70);
insert into STATION values (3807, '.', 1796, 246790.32, 5024262.35, 1473.13);
insert into STATION values (3808, '85', 1796, 246789.38, 5024262.86, 1477.29);
insert into STATION values (3809, '.', 1796, 246789.45, 5024263.10, 1477.06);
insert into STATION values (3810, '.', 1796, 246789.00, 5024262.39, 1476.82);
insert into STATION values (3811, '.', 1796, 246795.84, 5024257.75, 1468.39);
insert into STATION values (3812, '.', 1796, 246790.15, 5024262.30, 1475.71);
insert into STATION values (3813, '.', 1796, 246790.33, 5024261.70, 1472.94);
insert into STATION values (3814, '.', 1796, 246785.62, 5024263.79, 1474.14);
insert into STATION values (3815, '.', 1796, 246785.69, 5024263.68, 1474.02);
insert into STATION values (3816, '.', 1796, 246788.58, 5024262.72, 1477.35);
insert into STATION values (3817, '.', 1796, 246787.77, 5024264.01, 1478.26);
insert into STATION values (3818, '86', 1796, 246785.42, 5024264.55, 1478.93);
insert into STATION values (3819, '.', 1796, 246785.26, 5024264.08, 1479.00);
insert into STATION values (3820, '.', 1796, 246785.35, 5024264.96, 1475.15);
insert into STATION values (3821, '.', 1796, 246785.24, 5024264.45, 1481.34);
insert into STATION values (3822, '87', 1796, 246782.97, 5024266.10, 1479.58);
insert into STATION values (3823, '.', 1796, 246782.95, 5024265.66, 1479.61);
insert into STATION values (3824, '.', 1796, 246782.91, 5024266.18, 1477.07);
insert into STATION values (3825, '.', 1796, 246782.69, 5024266.28, 1484.07);
insert into STATION values (3826, '.', 1796, 246780.81, 5024266.92, 1479.73);
insert into STATION values (3827, '.', 1796, 246780.92, 5024267.40, 1481.52);
insert into STATION values (3828, '.', 1796, 246780.65, 5024267.34, 1482.41);
insert into STATION values (3829, '88', 1796, 246780.32, 5024267.42, 1483.38);
insert into STATION values (3830, '.', 1796, 246780.66, 5024267.50, 1483.45);
insert into STATION values (3831, '.', 1796, 246780.70, 5024267.17, 1483.44);
insert into STATION values (3832, '.', 1796, 246780.91, 5024266.84, 1479.74);
insert into STATION values (3833, '.', 1796, 246779.53, 5024268.07, 1483.05);
insert into STATION values (3834, '.', 1796, 246779.73, 5024267.77, 1482.58);
insert into STATION values (3835, '89', 1796, 246779.78, 5024269.41, 1484.83);
insert into STATION values (3836, '.', 1796, 246779.45, 5024269.19, 1484.81);
insert into STATION values (3837, '.', 1796, 246779.51, 5024269.57, 1486.07);
insert into STATION values (3838, '.', 1796, 246779.77, 5024269.48, 1483.87);
insert into STATION values (3839, '90', 1796, 246777.35, 5024272.01, 1486.37);
insert into STATION values (3840, '.', 1796, 246777.44, 5024272.29, 1486.37);
insert into STATION values (3841, '.', 1796, 246777.18, 5024272.22, 1485.76);
insert into STATION values (3842, '.', 1796, 246777.36, 5024272.12, 1486.88);
insert into STATION values (3843, '91', 1796, 246775.19, 5024274.03, 1487.77);
insert into STATION values (3844, '.', 1796, 246775.11, 5024273.60, 1487.80);
insert into STATION values (3845, '.', 1796, 246775.15, 5024273.81, 1486.98);
insert into STATION values (3846, '.', 1796, 246774.96, 5024273.81, 1488.60);
insert into STATION values (3847, '92', 1796, 246772.45, 5024276.14, 1488.84);
insert into STATION values (3848, '.', 1796, 246772.73, 5024276.38, 1488.77);
insert into STATION values (3849, '.', 1796, 246772.61, 5024276.22, 1489.27);
insert into STATION values (3850, '.', 1796, 246772.47, 5024276.09, 1488.01);
insert into STATION values (3851, '.', 1796, 246769.88, 5024277.07, 1490.01);
insert into STATION values (3852, '93', 1796, 246770.50, 5024277.16, 1489.84);
insert into STATION values (3853, '.', 1796, 246769.78, 5024276.58, 1489.92);
insert into STATION values (3854, '.', 1796, 246770.13, 5024277.22, 1489.85);
insert into STATION values (3855, '.', 1796, 246770.18, 5024277.22, 1489.27);
insert into STATION values (3856, '.', 1796, 246766.15, 5024278.15, 1500.94);
insert into STATION values (3857, '94', 1796, 246768.03, 5024276.98, 1493.57);
insert into STATION values (3858, '.', 1796, 246766.56, 5024278.52, 1493.86);
insert into STATION values (3859, '.', 1796, 246768.09, 5024278.41, 1493.65);
insert into STATION values (3860, '.', 1796, 246770.24, 5024277.07, 1493.77);
insert into STATION values (3861, '.', 1796, 246769.61, 5024273.97, 1493.84);
insert into STATION values (3862, '.', 1796, 246768.47, 5024272.67, 1493.86);
insert into STATION values (3863, '.', 1796, 246769.53, 5024274.25, 1493.41);
insert into STATION values (3864, '.', 1796, 246768.60, 5024274.77, 1493.37);
insert into STATION values (3865, '.', 1796, 246767.81, 5024274.82, 1493.53);
insert into STATION values (3866, '.', 1796, 246767.20, 5024275.41, 1493.49);
insert into STATION values (3867, '.', 1796, 246769.54, 5024275.74, 1491.18);
insert into STATION values (3868, '.', 1796, 246768.76, 5024275.25, 1509.30);
insert into STATION values (3869, '.', 1796, 246770.85, 5024273.97, 1498.63);
insert into STATION values (3870, '.', 1796, 246771.05, 5024276.26, 1504.89);
insert into STATION values (3871, '95', 1796, 246767.06, 5024274.65, 1503.16);
insert into STATION values (3872, '.', 1796, 246765.75, 5024276.23, 1503.31);
insert into STATION values (3873, '.', 1796, 246766.55, 5024277.06, 1503.26);
insert into STATION values (3874, '.', 1796, 246767.89, 5024278.62, 1502.69);
insert into STATION values (3875, '.', 1796, 246771.51, 5024276.23, 1503.11);
insert into STATION values (3876, '.', 1796, 246769.51, 5024276.96, 1508.94);
insert into STATION values (3877, '96', 1796, 246767.39, 5024274.92, 1511.61);
insert into STATION values (3878, '.', 1796, 246768.87, 5024276.05, 1511.35);
insert into STATION values (3879, '.', 1796, 246767.27, 5024275.89, 1511.68);
insert into STATION values (3880, '.', 1796, 246766.56, 5024274.67, 1511.91);
insert into STATION values (3881, '.', 1796, 246766.16, 5024275.28, 1511.92);
insert into STATION values (3882, '.', 1796, 246766.40, 5024274.66, 1510.92);
insert into STATION values (3883, '.', 1796, 246765.54, 5024274.75, 1513.60);
insert into STATION values (3884, '97', 1796, 246765.52, 5024275.51, 1514.35);
insert into STATION values (3885, '.', 1796, 246766.00, 5024274.51, 1514.76);
insert into STATION values (3886, '.', 1796, 246765.55, 5024275.79, 1514.49);
insert into STATION values (3887, '.', 1796, 246766.23, 5024275.14, 1514.38);
insert into STATION values (3888, '.', 1796, 246765.79, 5024275.43, 1512.91);
insert into STATION values (3889, '.', 1796, 246765.54, 5024275.53, 1515.20);
insert into STATION values (3890, '98', 1796, 246765.32, 5024275.50, 1515.71);
insert into STATION values (3891, '.', 1796, 246765.48, 5024275.97, 1515.68);
insert into STATION values (3892, '.', 1796, 246764.96, 5024275.93, 1515.64);
insert into STATION values (3893, '.', 1796, 246764.52, 5024275.26, 1515.64);
insert into STATION values (3894, '.', 1796, 246765.10, 5024274.32, 1515.66);
insert into STATION values (3895, '99', 1796, 246764.45, 5024277.45, 1516.84);
insert into STATION values (3896, '.', 1796, 246763.89, 5024276.92, 1516.93);
insert into STATION values (3897, '.', 1796, 246764.45, 5024277.49, 1516.37);
insert into STATION values (3898, '.', 1796, 246765.08, 5024277.34, 1516.55);
insert into STATION values (3899, '.', 1796, 246764.49, 5024277.51, 1517.08);
insert into STATION values (3900, '100', 1796, 246765.49, 5024279.94, 1515.88);
insert into STATION_FLAG values(3900, 'ent');
insert into STATION values (3901, '0', 2213, 246821.38, 5024255.43, 1490.04);
insert into STATION values (3902, '.', 2213, 246821.45, 5024255.33, 1488.49);
insert into STATION values (3903, '.', 2213, 246822.09, 5024255.11, 1487.38);
insert into STATION values (3904, '.', 2213, 246821.74, 5024255.05, 1487.18);
insert into STATION values (3905, '.', 2213, 246821.30, 5024255.63, 1489.96);
insert into STATION values (3906, '.', 2213, 246820.96, 5024255.46, 1489.97);
insert into STATION values (3907, '.', 2213, 246821.84, 5024255.61, 1489.91);
insert into STATION values (3908, '1', 2213, 246821.09, 5024256.07, 1490.64);
insert into STATION values (3909, '.', 2213, 246821.27, 5024255.94, 1490.71);
insert into STATION values (3910, '.', 2213, 246820.16, 5024256.27, 1492.51);
insert into STATION values (3911, '.', 2213, 246820.49, 5024255.41, 1490.77);
insert into STATION values (3912, '.', 2213, 246821.40, 5024255.96, 1490.06);
insert into STATION values (3913, '.', 2213, 246822.66, 5024257.10, 1490.55);
insert into STATION values (3914, '.', 2213, 246822.34, 5024256.88, 1490.57);
insert into STATION values (3915, '2', 2213, 246822.34, 5024256.88, 1490.57);
insert into STATION values (3916, '.', 2213, 246822.17, 5024256.67, 1490.84);
insert into STATION values (3917, '.', 2213, 246822.18, 5024257.10, 1491.06);
insert into STATION values (3918, '.', 2213, 246822.40, 5024257.03, 1490.61);
insert into STATION values (3919, '3', 2213, 246823.64, 5024260.01, 1491.38);
insert into STATION values (3920, '.', 2213, 246821.09, 5024260.10, 1503.17);
insert into STATION values (3921, '.', 2213, 246820.75, 5024259.75, 1491.44);
insert into STATION values (3922, '.', 2213, 246821.64, 5024259.21, 1491.33);
insert into STATION values (3923, '.', 2213, 246820.92, 5024256.99, 1491.07);
insert into STATION values (3924, '.', 2213, 246823.23, 5024257.79, 1491.12);
insert into STATION values (3925, '.', 2213, 246823.91, 5024258.07, 1491.22);
insert into STATION values (3926, '.', 2213, 246822.83, 5024259.40, 1489.28);
insert into STATION values (3927, '.', 2213, 246820.54, 5024258.01, 1495.22);
insert into STATION values (3928, '.', 2213, 246822.64, 5024258.63, 1495.82);
insert into STATION values (3929, '.', 2213, 246820.50, 5024259.68, 1496.86);
insert into STATION values (3930, '.', 2213, 246822.36, 5024261.00, 1506.54);
insert into STATION values (3931, '4', 2213, 246820.65, 5024257.19, 1490.85);
insert into STATION values (3932, '.', 2213, 246820.97, 5024258.33, 1490.87);
insert into STATION values (3933, '.', 2213, 246821.16, 5024260.64, 1501.52);
insert into STATION values (3934, '.', 2213, 246823.19, 5024260.11, 1490.90);
insert into STATION values (3935, '.', 2213, 246824.35, 5024258.44, 1490.70);
insert into STATION values (3936, '.', 2213, 246820.04, 5024257.68, 1490.71);
insert into STATION values (3937, '.', 2213, 246820.06, 5024258.14, 1490.93);
insert into STATION values (3938, '.', 2213, 246820.50, 5024257.62, 1490.09);
insert into STATION values (3939, '5', 2213, 246818.63, 5024258.07, 1497.03);
insert into STATION values (3940, '.', 2213, 246818.71, 5024257.80, 1497.01);
insert into STATION values (3941, '.', 2213, 246818.83, 5024258.54, 1497.04);
insert into STATION values (3942, '.', 2213, 246819.05, 5024257.97, 1497.05);
insert into STATION values (3943, '.', 2213, 246818.72, 5024258.00, 1497.42);
insert into STATION values (3944, '6', 2213, 246817.49, 5024258.31, 1498.77);
insert into STATION values (3945, '.', 2213, 246817.56, 5024258.51, 1498.79);
insert into STATION values (3946, '.', 2213, 246817.54, 5024257.71, 1498.65);
insert into STATION values (3947, '.', 2213, 246817.47, 5024258.30, 1498.02);
insert into STATION values (3948, '.', 2213, 246817.56, 5024258.23, 1499.11);
insert into STATION values (3949, '.', 2213, 246816.17, 5024258.30, 1500.33);
insert into STATION values (3950, '7', 2213, 246816.09, 5024258.31, 1500.44);
insert into STATION values (3951, '.', 2213, 246816.02, 5024258.37, 1498.77);
insert into STATION values (3952, '.', 2213, 246816.11, 5024258.07, 1500.44);
insert into STATION values (3953, '.', 2213, 246816.06, 5024258.41, 1504.02);
insert into STATION values (3954, '.', 2213, 246814.56, 5024257.89, 1501.44);
insert into STATION values (3955, '.', 2213, 246814.14, 5024258.27, 1505.28);
insert into STATION values (3956, '8', 2213, 246814.35, 5024258.28, 1504.78);
insert into STATION values (3957, '.', 2213, 246814.48, 5024257.75, 1504.89);
insert into STATION values (3958, '.', 2213, 246814.51, 5024257.83, 1504.84);
insert into STATION values (3959, '.', 2213, 246814.05, 5024258.44, 1507.17);
insert into STATION values (3960, '.', 2213, 246814.39, 5024258.21, 1501.14);
insert into STATION values (3961, '.', 2213, 246816.51, 5024258.76, 1502.91);
insert into STATION values (3962, '.', 2213, 246813.65, 5024257.44, 1504.96);
insert into STATION values (3963, '.', 2213, 246813.77, 5024257.59, 1505.63);
insert into STATION values (3964, '9', 2213, 246813.90, 5024257.69, 1505.59);
insert into STATION values (3965, '.', 2213, 246813.88, 5024258.10, 1505.49);
insert into STATION values (3966, '.', 2213, 246812.91, 5024257.73, 1505.61);
insert into STATION values (3967, '.', 2213, 246813.15, 5024258.46, 1505.51);
insert into STATION values (3968, '.', 2213, 246813.41, 5024257.22, 1503.53);
insert into STATION values (3969, '10', 2213, 246812.39, 5024258.42, 1508.18);
insert into STATION values (3970, '.', 2213, 246812.34, 5024257.99, 1508.21);
insert into STATION values (3971, '.', 2213, 246812.55, 5024258.43, 1505.93);
insert into STATION values (3972, '.', 2213, 246812.35, 5024258.45, 1509.60);
insert into STATION values (3973, '.', 2213, 246811.41, 5024258.05, 1508.41);
insert into STATION values (3974, '11', 2213, 246810.93, 5024258.41, 1511.52);
insert into STATION values (3975, '.', 2213, 246809.43, 5024264.80, 1511.69);
insert into STATION values (3976, '.', 2213, 246810.76, 5024264.76, 1511.60);
insert into STATION values (3977, '.', 2213, 246811.20, 5024263.37, 1511.28);
insert into STATION values (3978, '.', 2213, 246811.08, 5024261.07, 1511.38);
insert into STATION values (3979, '.', 2213, 246809.16, 5024260.86, 1508.84);
insert into STATION values (3980, '.', 2213, 246811.18, 5024259.47, 1508.61);
insert into STATION values (3981, '.', 2213, 246805.17, 5024260.47, 1516.90);
insert into STATION values (3982, '.', 2213, 246805.23, 5024265.48, 1520.02);
insert into STATION values (3983, '.', 2213, 246809.44, 5024262.97, 1516.79);
insert into STATION values (3984, '12', 2213, 246806.66, 5024265.76, 1523.23);
insert into STATION values (3985, '.', 2213, 246806.58, 5024263.72, 1523.03);
insert into STATION values (3986, '.', 2213, 246810.49, 5024262.56, 1523.00);
insert into STATION values (3987, '.', 2213, 246809.94, 5024264.90, 1523.26);
insert into STATION values (3988, '.', 2213, 246806.62, 5024265.77, 1523.39);
insert into STATION values (3989, '.', 2213, 246806.61, 5024265.77, 1523.41);
insert into STATION values (3990, '.', 2213, 246806.62, 5024265.77, 1523.40);
insert into STATION values (3991, '13', 2213, 246805.74, 5024264.57, 1526.53);
insert into STATION values (3992, '.', 2213, 246806.58, 5024266.62, 1526.62);
insert into STATION values (3993, '.', 2213, 246808.39, 5024265.58, 1526.58);
insert into STATION values (3994, '.', 2213, 246810.33, 5024263.54, 1527.01);
insert into STATION values (3995, '.', 2213, 246809.23, 5024261.18, 1527.01);
insert into STATION values (3996, '.', 2213, 246807.78, 5024262.65, 1542.26);
insert into STATION values (3997, '14', 2213, 246805.16, 5024267.28, 1531.07);
insert into STATION values (3998, '.', 2213, 246804.37, 5024266.11, 1531.15);
insert into STATION values (3999, '.', 2213, 246805.95, 5024263.06, 1531.45);
insert into STATION values (4000, '.', 2213, 246809.20, 5024261.21, 1531.75);
insert into STATION values (4001, '.', 2213, 246809.53, 5024264.72, 1531.81);
insert into STATION values (4002, '.', 2213, 246805.83, 5024265.71, 1547.06);
insert into STATION values (4003, '15', 2213, 246804.48, 5024266.07, 1532.80);
insert into STATION values (4004, '.', 2213, 246804.81, 5024267.33, 1532.87);
insert into STATION values (4005, '.', 2213, 246809.31, 5024263.94, 1532.67);
insert into STATION values (4006, '.', 2213, 246806.85, 5024266.61, 1532.76);
insert into STATION values (4007, '16', 2213, 246805.83, 5024267.14, 1544.47);
insert into STATION_FLAG values(4007, 'ent');
insert into STATION values (4008, '.', 2213, 246809.23, 5024259.57, 1541.41);
insert into STATION values (4009, '17', 2213, 246811.16, 5024269.25, 1544.01);
insert into STATION values (4010, '18', 2213, 246813.75, 5024270.09, 1544.37);
insert into STATION values (4011, '19', 2213, 246819.82, 5024271.69, 1537.04);
insert into STATION values (4012, '20', 2213, 246825.90, 5024272.69, 1523.30);
insert into STATION values (4013, '21', 2213, 246821.53, 5024279.79, 1517.81);
insert into STATION values (4014, '22', 2213, 246811.84, 5024280.89, 1513.22);
insert into STATION values (4015, '23', 2213, 246799.66, 5024282.72, 1508.62);
insert into STATION values (4016, '24', 2213, 246789.98, 5024282.19, 1509.87);
insert into STATION values (4017, '25', 2213, 246778.28, 5024282.51, 1512.13);
insert into STATION values (4018, '26', 2213, 246764.30, 5024282.69, 1515.50);
insert into STATION values (4019, '27', 2213, 246765.49, 5024279.94, 1515.88);
insert into STATION values (4020, '0', 2218, 246821.63, 5024243.58, 1556.54);
insert into STATION values (4021, '.', 2218, 246821.19, 5024240.16, 1556.97);
insert into STATION values (4022, '.', 2218, 246819.59, 5024238.82, 1556.17);
insert into STATION values (4023, '.', 2218, 246819.38, 5024242.59, 1556.36);
insert into STATION values (4024, '.', 2218, 246824.89, 5024242.18, 1555.96);
insert into STATION values (4025, '.', 2218, 246824.62, 5024244.14, 1556.47);
insert into STATION values (4026, '.', 2218, 246822.99, 5024245.87, 1556.82);
insert into STATION values (4027, '.', 2218, 246821.86, 5024246.64, 1556.69);
insert into STATION values (4028, '.', 2218, 246819.78, 5024243.55, 1568.76);
insert into STATION values (4029, '.', 2218, 246817.98, 5024248.45, 1560.00);
insert into STATION values (4030, '1', 2218, 246818.03, 5024248.42, 1560.03);
insert into STATION values (4031, '.', 2218, 246818.92, 5024249.56, 1560.07);
insert into STATION values (4032, '.', 2218, 246820.24, 5024248.58, 1559.81);
insert into STATION values (4033, '.', 2218, 246820.43, 5024246.96, 1560.01);
insert into STATION values (4034, '.', 2218, 246819.01, 5024244.83, 1559.97);
insert into STATION values (4035, '.', 2218, 246817.20, 5024245.90, 1560.43);
insert into STATION values (4036, '.', 2218, 246816.77, 5024248.98, 1560.38);
insert into STATION values (4037, '.', 2218, 246816.91, 5024247.50, 1560.23);
insert into STATION values (4038, '.', 2218, 246818.56, 5024246.77, 1567.91);
insert into STATION values (4039, '.', 2218, 246817.61, 5024247.91, 1562.63);
insert into STATION values (4040, '.', 2218, 246826.46, 5024242.59, 1555.08);
insert into STATION values (4041, '.', 2218, 246822.82, 5024242.45, 1557.16);
insert into STATION values (4042, '.', 2218, 246820.47, 5024239.50, 1556.69);
insert into STATION values (4043, '2', 2218, 246815.88, 5024250.34, 1563.48);
insert into STATION values (4044, '.', 2218, 246816.06, 5024250.55, 1563.47);
insert into STATION values (4045, '.', 2218, 246815.31, 5024249.80, 1563.65);
insert into STATION values (4046, '.', 2218, 246815.85, 5024250.34, 1562.92);
insert into STATION values (4047, '.', 2218, 246814.93, 5024250.26, 1563.90);
insert into STATION values (4048, '.', 2218, 246814.69, 5024251.46, 1563.87);
insert into STATION values (4049, '.', 2218, 246815.91, 5024250.96, 1563.48);
insert into STATION values (4050, '.', 2218, 246816.88, 5024248.76, 1563.49);
insert into STATION values (4051, '.', 2218, 246820.48, 5024249.40, 1561.00);
insert into STATION values (4052, '.', 2218, 246818.92, 5024249.84, 1561.03);
insert into STATION values (4053, '3', 2218, 246812.78, 5024251.62, 1564.82);
insert into STATION values (4054, '.', 2218, 246812.86, 5024249.78, 1565.11);
insert into STATION values (4055, '.', 2218, 246812.93, 5024251.78, 1565.19);
insert into STATION values (4056, '.', 2218, 246812.47, 5024250.84, 1566.71);
insert into STATION values (4057, '.', 2218, 246812.12, 5024250.17, 1566.10);
insert into STATION values (4058, '.', 2218, 246812.64, 5024251.33, 1564.15);
insert into STATION values (4059, '4', 2218, 246810.85, 5024251.31, 1567.69);
insert into STATION values (4060, '.', 2218, 246811.53, 5024252.06, 1566.11);
insert into STATION values (4061, '.', 2218, 246812.86, 5024251.48, 1564.98);
insert into STATION values (4062, '.', 2218, 246809.49, 5024253.16, 1566.58);
insert into STATION values (4063, '.', 2218, 246810.43, 5024250.79, 1567.10);
insert into STATION values (4064, '.', 2218, 246807.83, 5024251.26, 1570.18);
insert into STATION values (4065, '.', 2218, 246808.82, 5024251.17, 1568.59);
insert into STATION values (4066, '.', 2218, 246807.71, 5024250.45, 1568.35);
insert into STATION values (4067, '.', 2218, 246808.77, 5024251.98, 1567.95);
insert into STATION values (4068, '5', 2218, 246808.85, 5024252.80, 1567.80);
insert into STATION values (4069, '.', 2218, 246809.38, 5024253.10, 1567.87);
insert into STATION values (4070, '.', 2218, 246809.41, 5024254.47, 1567.62);
insert into STATION values (4071, '.', 2218, 246808.17, 5024254.73, 1567.77);
insert into STATION values (4072, '.', 2218, 246809.39, 5024249.95, 1568.11);
insert into STATION values (4073, '.', 2218, 246808.78, 5024252.92, 1568.76);
insert into STATION values (4074, '.', 2218, 246809.36, 5024253.94, 1557.95);
insert into STATION values (4075, '6', 2218, 246806.51, 5024253.44, 1568.59);
insert into STATION values (4076, '.', 2218, 246806.22, 5024252.87, 1570.99);
insert into STATION values (4077, '.', 2218, 246807.40, 5024250.97, 1569.99);
insert into STATION values (4078, '.', 2218, 246809.90, 5024250.72, 1568.61);
insert into STATION values (4079, '.', 2218, 246808.21, 5024252.64, 1568.32);
insert into STATION values (4080, '.', 2218, 246807.35, 5024253.67, 1568.68);
insert into STATION values (4081, '.', 2218, 246806.49, 5024253.83, 1569.37);
insert into STATION values (4082, '7', 2218, 246807.07, 5024254.29, 1567.33);
insert into STATION values (4083, '.', 2218, 246807.43, 5024254.80, 1567.55);
insert into STATION values (4084, '.', 2218, 246806.90, 5024253.99, 1567.24);
insert into STATION values (4085, '.', 2218, 246807.01, 5024253.98, 1564.37);
insert into STATION values (4086, '.', 2218, 246805.26, 5024254.83, 1567.30);
insert into STATION values (4087, '.', 2218, 246809.17, 5024252.52, 1567.14);
insert into STATION values (4088, '.', 2218, 246805.58, 5024254.93, 1566.11);
insert into STATION values (4089, '.', 2218, 246805.69, 5024255.18, 1565.35);
insert into STATION values (4090, '8', 2218, 246805.86, 5024255.02, 1568.07);
insert into STATION values (4091, '.', 2218, 246806.01, 5024254.29, 1563.69);
insert into STATION values (4092, '.', 2218, 246805.69, 5024254.32, 1568.08);
insert into STATION values (4093, '.', 2218, 246805.66, 5024254.74, 1568.08);
insert into STATION values (4094, '.', 2218, 246805.19, 5024254.04, 1568.01);
insert into STATION values (4095, '.', 2218, 246805.31, 5024254.91, 1567.95);
insert into STATION values (4096, '9', 2218, 246804.68, 5024254.07, 1568.60);
insert into STATION values (4097, '.', 2218, 246804.84, 5024254.41, 1568.54);
insert into STATION values (4098, '.', 2218, 246804.58, 5024254.27, 1567.42);
insert into STATION values (4099, '.', 2218, 246804.76, 5024254.43, 1569.66);
insert into STATION values (4100, '.', 2218, 246801.28, 5024253.52, 1569.70);
insert into STATION values (4101, '10', 2218, 246800.49, 5024253.37, 1569.96);
insert into STATION values (4102, '.', 2218, 246800.47, 5024253.37, 1568.68);
insert into STATION values (4103, '.', 2218, 246801.03, 5024250.98, 1569.57);
insert into STATION values (4104, '.', 2218, 246799.98, 5024251.90, 1569.98);
insert into STATION values (4105, '.', 2218, 246800.58, 5024252.75, 1570.88);
insert into STATION values (4106, '.', 2218, 246797.96, 5024252.13, 1571.60);
insert into STATION values (4107, '.', 2218, 246797.82, 5024252.34, 1571.96);
insert into STATION values (4108, '.', 2218, 246798.50, 5024252.85, 1571.49);
insert into STATION values (4109, '.', 2218, 246802.47, 5024254.68, 1570.05);
insert into STATION values (4110, '.', 2218, 246803.77, 5024253.86, 1570.10);
insert into STATION values (4111, '.', 2218, 246802.18, 5024253.04, 1570.14);
insert into STATION values (4112, '11', 2218, 246799.19, 5024252.51, 1570.31);
insert into STATION values (4113, '.', 2218, 246798.19, 5024252.89, 1570.43);
insert into STATION values (4114, '.', 2218, 246798.78, 5024253.34, 1570.41);
insert into STATION values (4115, '.', 2218, 246799.32, 5024253.44, 1570.53);
insert into STATION values (4116, '.', 2218, 246800.45, 5024253.23, 1570.14);
insert into STATION values (4117, '.', 2218, 246802.18, 5024252.44, 1569.96);
insert into STATION values (4118, '12', 2218, 246798.31, 5024252.82, 1573.28);
insert into STATION values (4119, 'cv.0', 2222, 246799.19, 5024252.51, 1570.31);
insert into STATION values (4120, '.', 2222, 246798.37, 5024252.98, 1570.34);
insert into STATION values (4121, '.', 2222, 246798.81, 5024253.30, 1570.36);
insert into STATION values (4122, '.', 2222, 246799.32, 5024253.51, 1570.39);
insert into STATION values (4123, '.', 2222, 246799.87, 5024253.08, 1570.37);
insert into STATION values (4124, '.', 2222, 246800.43, 5024253.23, 1570.36);
insert into STATION values (4125, '.', 2222, 246802.26, 5024252.87, 1570.27);
insert into STATION values (4126, '.', 2222, 246804.11, 5024253.47, 1570.20);
insert into STATION values (4127, 'cv.1', 2222, 246800.58, 5024253.12, 1569.95);
insert into STATION values (4128, '.', 2222, 246800.95, 5024253.36, 1569.97);
insert into STATION values (4129, '.', 2222, 246802.63, 5024254.36, 1569.96);
insert into STATION values (4130, '.', 2222, 246803.91, 5024253.97, 1570.04);
insert into STATION values (4131, '.', 2222, 246802.20, 5024252.97, 1570.08);
insert into STATION values (4132, '.', 2222, 246800.70, 5024250.21, 1569.83);
insert into STATION values (4133, '.', 2222, 246801.29, 5024251.06, 1569.75);
insert into STATION values (4134, '.', 2222, 246801.86, 5024251.92, 1569.78);
insert into STATION values (4135, '.', 2222, 246800.62, 5024253.10, 1568.65);
insert into STATION values (4136, '.', 2222, 246800.65, 5024252.66, 1570.88);
insert into STATION values (4137, 'cv.2', 2222, 246803.46, 5024254.02, 1569.46);
insert into STATION values (4138, '.', 2222, 246803.44, 5024254.27, 1569.47);
insert into STATION values (4139, '.', 2222, 246803.44, 5024253.98, 1571.13);
insert into STATION values (4140, '.', 2222, 246803.43, 5024253.63, 1569.43);
insert into STATION values (4141, '.', 2222, 246803.57, 5024253.91, 1568.00);
insert into STATION values (4142, 'cv.3', 2222, 246804.58, 5024254.00, 1568.63);
insert into STATION values (4143, '.', 2222, 246804.64, 5024254.49, 1568.64);
insert into STATION values (4144, '.', 2222, 246804.52, 5024254.36, 1567.55);
insert into STATION values (4145, '.', 2222, 246804.64, 5024253.97, 1569.08);
insert into STATION values (4146, '.', 2222, 246804.65, 5024254.26, 1569.72);
insert into STATION values (4147, 'cv.4', 2222, 246805.38, 5024254.03, 1568.46);
insert into STATION values (4148, '.', 2222, 246805.25, 5024254.37, 1568.48);
insert into STATION values (4149, '.', 2222, 246805.54, 5024253.91, 1566.90);
insert into STATION values (4150, '.', 2222, 246806.64, 5024254.16, 1564.10);
insert into STATION values (4151, '.', 2222, 246804.96, 5024253.82, 1567.28);
insert into STATION values (4152, '.', 2222, 246807.68, 5024254.75, 1568.10);
insert into STATION values (4153, '.', 2222, 246806.05, 5024254.64, 1568.42);
insert into STATION values (4154, '.', 2222, 246806.98, 5024254.63, 1567.69);
insert into STATION values (4155, '.', 2222, 246807.08, 5024254.72, 1566.74);
insert into STATION values (4156, '.', 2222, 246807.27, 5024254.84, 1565.73);
insert into STATION values (4157, '.', 2222, 246806.22, 5024255.02, 1567.77);
insert into STATION values (4158, '.', 2222, 246806.34, 5024255.07, 1567.05);
insert into STATION values (4159, '.', 2222, 246806.69, 5024254.75, 1566.03);
insert into STATION values (4160, 'cv.5', 2222, 246806.31, 5024254.41, 1568.68);
insert into STATION values (4161, '.', 2222, 246806.40, 5024254.57, 1564.10);
insert into STATION values (4162, '.', 2222, 246807.77, 5024254.37, 1564.70);
insert into STATION values (4163, '.', 2222, 246808.63, 5024253.95, 1565.05);
insert into STATION values (4164, '.', 2222, 246806.70, 5024254.01, 1567.89);
insert into STATION values (4165, '.', 2222, 246806.49, 5024253.89, 1568.37);
insert into STATION values (4166, '.', 2222, 246806.81, 5024254.52, 1568.09);
insert into STATION values (4167, '.', 2222, 246807.01, 5024254.81, 1568.35);
insert into STATION values (4168, '.', 2222, 246806.07, 5024253.96, 1569.34);
insert into STATION values (4169, '.', 2222, 246806.05, 5024254.70, 1568.60);
insert into STATION values (4170, 'cv.6', 2222, 246807.08, 5024254.51, 1566.26);
insert into STATION values (4171, '.', 2222, 246806.89, 5024254.20, 1566.25);
insert into STATION values (4172, '.', 2222, 246807.13, 5024254.47, 1564.17);
insert into STATION values (4173, '.', 2222, 246806.49, 5024254.17, 1568.75);
insert into STATION values (4174, '.', 2222, 246805.91, 5024254.52, 1566.14);
insert into STATION values (4175, '.', 2222, 246806.19, 5024254.70, 1566.26);
insert into STATION values (4176, '.', 2222, 246809.47, 5024252.36, 1565.96);
insert into STATION values (4177, '.', 2222, 246809.85, 5024252.01, 1564.69);
insert into STATION values (4178, '.', 2222, 246808.47, 5024252.38, 1565.39);
insert into STATION values (4179, 'cv.7', 2222, 246808.07, 5024253.73, 1566.70);
insert into STATION values (4180, '.', 2222, 246808.43, 5024253.26, 1566.56);
insert into STATION values (4181, '.', 2222, 246808.85, 5024252.52, 1565.10);
insert into STATION values (4182, '.', 2222, 246808.58, 5024252.60, 1563.56);
insert into STATION values (4183, '.', 2222, 246807.61, 5024253.24, 1566.27);
insert into STATION values (4184, '.', 2222, 246808.07, 5024253.90, 1564.69);
insert into STATION values (4185, 'cv.8', 2222, 246808.26, 5024252.41, 1566.18);
insert into STATION values (4186, '.', 2222, 246807.70, 5024253.05, 1566.14);
insert into STATION values (4187, '.', 2222, 246808.90, 5024254.15, 1551.07);
insert into STATION values (4188, '.', 2222, 246808.14, 5024252.35, 1566.17);
insert into STATION values (4189, '.', 2222, 246809.16, 5024253.12, 1566.01);
insert into STATION values (4190, 'cv.9', 2222, 246809.14, 5024254.85, 1550.71);
insert into STATION values (4191, '.', 2222, 246806.51, 5024255.23, 1552.91);
insert into STATION values (4192, '.', 2222, 246804.78, 5024253.98, 1554.22);
insert into STATION values (4193, '.', 2222, 246807.16, 5024253.78, 1552.78);
insert into STATION values (4194, '.', 2222, 246809.00, 5024255.58, 1551.62);
insert into STATION values (4195, '.', 2222, 246809.83, 5024255.30, 1550.82);
insert into STATION values (4196, '.', 2222, 246809.74, 5024254.64, 1550.75);
insert into STATION values (4197, '.', 2222, 246809.48, 5024254.03, 1552.65);
insert into STATION values (4198, '.', 2222, 246808.95, 5024255.22, 1559.04);
insert into STATION values (4199, '.', 2222, 246804.50, 5024254.34, 1562.09);
insert into STATION values (4200, '.', 2222, 246806.19, 5024254.47, 1561.38);
insert into STATION values (4201, '.', 2222, 246810.62, 5024257.09, 1555.94);
insert into STATION values (4202, '.', 2222, 246809.99, 5024256.11, 1558.04);
insert into STATION values (4203, '.', 2222, 246809.92, 5024255.80, 1560.29);
insert into STATION values (4204, '.', 2222, 246808.67, 5024255.55, 1552.89);
insert into STATION values (4205, '.', 2222, 246809.62, 5024253.96, 1553.54);
insert into STATION values (4206, 'cv.10', 2222, 246811.21, 5024256.86, 1546.75);
insert into STATION values (4207, '.', 2222, 246811.02, 5024256.71, 1550.70);
insert into STATION values (4208, '.', 2222, 246812.04, 5024256.18, 1547.24);
insert into STATION values (4209, '.', 2222, 246810.16, 5024257.17, 1547.03);
insert into STATION values (4210, '.', 2222, 246809.84, 5024256.17, 1547.52);
insert into STATION values (4211, '.', 2222, 246809.72, 5024254.68, 1548.26);
insert into STATION values (4212, '.', 2222, 246811.03, 5024255.61, 1547.56);
insert into STATION values (4213, '.', 2222, 246810.47, 5024256.05, 1549.36);
insert into STATION values (4214, 'cv.11', 2222, 246810.22, 5024257.53, 1547.68);
insert into STATION values (4215, '.', 2222, 246810.60, 5024257.81, 1547.70);
insert into STATION values (4216, '.', 2222, 246810.30, 5024257.48, 1549.49);
insert into STATION values (4217, '.', 2222, 246810.44, 5024257.87, 1545.56);
insert into STATION values (4218, 'cv.12', 2222, 246809.02, 5024258.91, 1544.92);
insert into STATION values (4219, '.', 2222, 246809.30, 5024259.14, 1544.92);
insert into STATION values (4220, '.', 2222, 246809.12, 5024258.83, 1543.65);
insert into STATION values (4221, '.', 2222, 246809.01, 5024259.06, 1547.38);
insert into STATION values (4222, '.', 2222, 246809.76, 5024257.94, 1545.34);
insert into STATION values (4223, '.', 2222, 246809.59, 5024258.14, 1545.56);
insert into STATION values (4224, '.', 2222, 246811.20, 5024256.16, 1548.13);
insert into STATION values (4225, '.', 2222, 246810.99, 5024256.40, 1549.00);
insert into STATION values (4226, '.', 2222, 246810.59, 5024257.05, 1546.13);
insert into STATION values (4227, '.', 2222, 246810.11, 5024257.71, 1545.34);
insert into STATION values (4228, 'cv.13', 2222, 246808.28, 5024260.59, 1543.45);
insert into STATION values (4229, '.', 2222, 246807.90, 5024260.30, 1543.60);
insert into STATION values (4230, '.', 2222, 246808.49, 5024260.74, 1543.47);
insert into STATION values (4231, '.', 2222, 246808.79, 5024263.62, 1510.24);
insert into STATION values (4232, '.', 2222, 246808.07, 5024260.63, 1545.13);
insert into STATION values (4233, 'cv.14', 2222, 246807.41, 5024260.61, 1541.03);
insert into STATION values (4234, '.', 2222, 246808.41, 5024261.19, 1541.05);
insert into STATION values (4235, '.', 2222, 246807.45, 5024261.79, 1542.01);
insert into STATION values (4236, '.', 2222, 246808.49, 5024260.04, 1535.45);
insert into STATION values (4237, '.', 2222, 246809.43, 5024263.59, 1506.78);
insert into STATION values (4238, '.', 2222, 246804.74, 5024268.25, 1542.27);
insert into STATION values (4239, '.', 2222, 246806.17, 5024266.49, 1541.65);
insert into STATION values (4240, '.', 2222, 246807.65, 5024262.87, 1541.57);
insert into STATION values (4241, '.', 2222, 246808.08, 5024261.92, 1541.17);
insert into STATION values (4242, '.', 2222, 246806.00, 5024267.68, 1533.21);
insert into STATION values (4243, '.', 2222, 246807.47, 5024266.21, 1534.28);
insert into STATION values (4244, '.', 2222, 246808.18, 5024262.36, 1538.28);
insert into STATION values (4245, '.', 2222, 246807.79, 5024266.05, 1534.34);
insert into STATION values (4246, '.', 2222, 246806.99, 5024266.19, 1528.21);
insert into STATION values (4247, 'cv.15', 2222, 246807.06, 5024264.66, 1542.33);
insert into STATION values (4248, '.', 2222, 246806.76, 5024268.75, 1543.66);
insert into STATION values (4249, '.', 2222, 246805.86, 5024264.40, 1542.40);
insert into STATION values (4250, '.', 2222, 246806.25, 5024264.42, 1544.85);
insert into STATION values (4251, '.', 2222, 246806.39, 5024262.77, 1541.84);
insert into STATION values (4252, '.', 2222, 246806.18, 5024263.95, 1542.18);
insert into STATION values (4253, '.', 2222, 246807.09, 5024264.60, 1542.10);
insert into STATION values (4254, '.', 2222, 246810.09, 5024261.14, 1508.44);
insert into STATION values (4255, 'cv.16', 2222, 246805.51, 5024267.59, 1543.25);
insert into STATION values (4256, 'cv.17', 2222, 246805.83, 5024267.14, 1544.47);
insert into STATION values (4257, '0', 2226, 246823.64, 5024260.01, 1491.38);
insert into STATION values (4258, '.', 2226, 246821.72, 5024259.27, 1491.39);
insert into STATION values (4259, '.', 2226, 246822.25, 5024257.95, 1491.53);
insert into STATION values (4260, '.', 2226, 246823.45, 5024258.21, 1491.52);
insert into STATION values (4261, '.', 2226, 246823.79, 5024259.76, 1491.43);
insert into STATION values (4262, '.', 2226, 246822.66, 5024259.57, 1488.92);
insert into STATION values (4263, '1', 2226, 246821.82, 5024260.16, 1500.04);
insert into STATION values (4264, '.', 2226, 246821.87, 5024261.01, 1499.99);
insert into STATION values (4265, '.', 2226, 246821.04, 5024260.59, 1499.97);
insert into STATION values (4266, '.', 2226, 246821.51, 5024261.06, 1500.10);
insert into STATION values (4267, '.', 2226, 246820.65, 5024260.23, 1499.97);
insert into STATION values (4268, '.', 2226, 246821.04, 5024259.58, 1499.96);
insert into STATION values (4269, '.', 2226, 246821.54, 5024259.46, 1500.01);
insert into STATION values (4270, '.', 2226, 246821.69, 5024260.67, 1504.85);
insert into STATION values (4271, '2', 2226, 246821.69, 5024260.67, 1504.85);
insert into STATION values (4272, '.', 2226, 246822.06, 5024261.19, 1504.99);
insert into STATION values (4273, '.', 2226, 246821.65, 5024261.35, 1504.98);
insert into STATION values (4274, '.', 2226, 246821.39, 5024261.23, 1504.88);
insert into STATION values (4275, '.', 2226, 246821.05, 5024261.08, 1504.84);
insert into STATION values (4276, '.', 2226, 246820.88, 5024260.70, 1504.82);
insert into STATION values (4277, '.', 2226, 246820.88, 5024261.01, 1504.81);
insert into STATION values (4278, '3', 2226, 246822.41, 5024262.70, 1510.53);
insert into STATION values (4279, '.', 2226, 246822.59, 5024262.62, 1510.41);
insert into STATION values (4280, '.', 2226, 246822.04, 5024263.04, 1510.43);
insert into STATION values (4281, '.', 2226, 246822.65, 5024263.23, 1510.30);
insert into STATION values (4282, '.', 2226, 246823.01, 5024263.01, 1510.56);
insert into STATION values (4283, '.', 2226, 246821.62, 5024264.00, 1514.13);
insert into STATION values (4284, '.', 2226, 246821.43, 5024263.52, 1512.64);
insert into STATION values (4285, '.', 2226, 246821.32, 5024263.23, 1512.35);
insert into STATION values (4286, '.', 2226, 246822.08, 5024264.01, 1512.64);
insert into STATION values (4287, '.', 2226, 246821.82, 5024264.18, 1514.13);
insert into STATION values (4288, '.', 2226, 246821.27, 5024263.71, 1514.09);
insert into STATION values (4289, '0', 2434, 246765.49, 5024279.94, 1515.88);
insert into STATION values (4290, '1', 2434, 246762.35, 5024286.68, 1513.46);
insert into STATION values (4291, '2', 2434, 246756.64, 5024295.95, 1511.13);
insert into STATION values (4292, '3', 2434, 246752.02, 5024306.81, 1510.46);
insert into STATION values (4293, '4', 2434, 246748.62, 5024316.22, 1511.55);
insert into STATION values (4294, '5', 2434, 246745.48, 5024325.90, 1514.05);
insert into STATION values (4295, '6', 2434, 246743.03, 5024335.87, 1516.93);
insert into STATION values (4296, '7', 2434, 246738.11, 5024348.94, 1520.70);
insert into STATION_FLAG values(4296, 'fix');
insert into STATION values (4297, 'SE.0', 2441, 246859.69, 5024237.31, 1507.87);
insert into STATION values (4298, '.', 2441, 246861.42, 5024236.27, 1507.87);
insert into STATION values (4299, '.', 2441, 246857.23, 5024238.14, 1507.74);
insert into STATION values (4300, '.', 2441, 246858.56, 5024237.02, 1512.99);
insert into STATION values (4301, '.', 2441, 246861.76, 5024236.99, 1501.49);
insert into STATION values (4302, '.', 2441, 246857.87, 5024234.70, 1510.87);
insert into STATION values (4303, '.', 2441, 246861.09, 5024236.13, 1508.51);
insert into STATION values (4304, '.', 2441, 246860.74, 5024234.85, 1508.57);
insert into STATION values (4305, '.', 2441, 246859.05, 5024235.68, 1507.91);
insert into STATION values (4306, '.', 2441, 246858.42, 5024237.28, 1507.77);
insert into STATION values (4307, '.', 2441, 246857.69, 5024238.61, 1506.10);
insert into STATION values (4308, '.', 2441, 246858.83, 5024237.57, 1505.57);
insert into STATION values (4309, '.', 2441, 246859.61, 5024236.80, 1500.79);
insert into STATION values (4310, '.', 2441, 246860.91, 5024235.98, 1500.56);
insert into STATION values (4311, '.', 2441, 246860.61, 5024236.20, 1501.17);
insert into STATION values (4312, '.', 2441, 246857.03, 5024236.99, 1514.70);
insert into STATION values (4313, 'SE.1', 2441, 246856.70, 5024234.11, 1514.95);
insert into STATION values (4314, '.', 2441, 246851.52, 5024229.97, 1514.57);
insert into STATION values (4315, '.', 2441, 246853.86, 5024233.16, 1514.91);
insert into STATION values (4316, '.', 2441, 246854.87, 5024234.43, 1514.86);
insert into STATION values (4317, '.', 2441, 246857.90, 5024234.28, 1514.90);
insert into STATION values (4318, '.', 2441, 246858.33, 5024235.49, 1514.99);
insert into STATION values (4319, '.', 2441, 246857.42, 5024235.81, 1514.83);
insert into STATION values (4320, '.', 2441, 246856.81, 5024234.20, 1513.60);
insert into STATION values (4321, '.', 2441, 246857.46, 5024234.60, 1526.41);
insert into STATION values (4322, 'SE.2', 2441, 246853.87, 5024232.86, 1514.82);
insert into STATION values (4323, '.', 2441, 246852.83, 5024229.31, 1514.28);
insert into STATION values (4324, '.', 2441, 246852.38, 5024229.85, 1508.87);
insert into STATION values (4325, '.', 2441, 246851.85, 5024230.16, 1505.66);
insert into STATION values (4326, '.', 2441, 246853.26, 5024231.68, 1510.22);
insert into STATION values (4327, '.', 2441, 246853.75, 5024232.52, 1512.34);
insert into STATION values (4328, '.', 2441, 246855.06, 5024233.82, 1509.41);
insert into STATION values (4329, '.', 2441, 246855.40, 5024232.50, 1514.70);
insert into STATION values (4330, '.', 2441, 246854.66, 5024231.40, 1514.74);
insert into STATION values (4331, '.', 2441, 246854.01, 5024229.80, 1514.66);
insert into STATION values (4332, '.', 2441, 246853.40, 5024229.00, 1521.42);
insert into STATION values (4333, '.', 2441, 246854.41, 5024231.40, 1522.74);
insert into STATION values (4334, '.', 2441, 246855.50, 5024233.98, 1522.02);
insert into STATION values (4335, '.', 2441, 246855.48, 5024234.34, 1515.24);
insert into STATION values (4336, '.', 2441, 246855.33, 5024234.88, 1514.22);
insert into STATION values (4337, 'SE.3', 2441, 246855.02, 5024232.27, 1523.22);
insert into STATION values (4338, '.', 2441, 246855.26, 5024233.16, 1523.43);
insert into STATION values (4339, '.', 2441, 246855.67, 5024233.06, 1523.49);
insert into STATION values (4340, '.', 2441, 246854.74, 5024232.64, 1523.21);
insert into STATION values (4341, '.', 2441, 246854.44, 5024232.19, 1523.21);
insert into STATION values (4342, '.', 2441, 246853.62, 5024231.43, 1523.21);
insert into STATION values (4343, '.', 2441, 246855.38, 5024232.81, 1522.91);
insert into STATION values (4344, '.', 2441, 246855.82, 5024233.16, 1528.55);
insert into STATION values (4345, '.', 2441, 246855.37, 5024233.07, 1528.94);
insert into STATION values (4346, 'SE.4', 2441, 246854.39, 5024232.70, 1528.45);
insert into STATION values (4347, '.', 2441, 246854.47, 5024232.40, 1528.42);
insert into STATION values (4348, '.', 2441, 246854.99, 5024232.55, 1528.40);
insert into STATION values (4349, '.', 2441, 246856.23, 5024232.91, 1527.96);
insert into STATION values (4350, '.', 2441, 246854.36, 5024232.33, 1528.45);
insert into STATION values (4351, '.', 2441, 246854.32, 5024232.63, 1527.69);
insert into STATION values (4352, '.', 2441, 246854.76, 5024232.55, 1523.29);
insert into STATION values (4353, '.', 2441, 246854.45, 5024232.69, 1529.32);
insert into STATION values (4354, '.', 2441, 246855.17, 5024232.63, 1528.99);
insert into STATION values (4355, 'SE.5', 2441, 246851.69, 5024231.74, 1529.71);
insert into STATION values (4356, '.', 2441, 246851.30, 5024233.60, 1529.94);
insert into STATION values (4357, '.', 2441, 246852.73, 5024232.82, 1529.65);
insert into STATION values (4358, '.', 2441, 246850.75, 5024233.32, 1530.51);
insert into STATION values (4359, '.', 2441, 246852.15, 5024232.12, 1534.00);
insert into STATION values (4360, '.', 2441, 246851.73, 5024232.01, 1528.16);
insert into STATION values (4361, '.', 2441, 246852.04, 5024231.44, 1529.75);
insert into STATION values (4362, '.', 2441, 246853.41, 5024231.75, 1529.67);
insert into STATION values (4363, '.', 2441, 246848.82, 5024229.18, 1532.06);
insert into STATION values (4364, '.', 2441, 246846.77, 5024228.86, 1533.83);
insert into STATION values (4365, '.', 2441, 246850.26, 5024231.26, 1530.98);
insert into STATION values (4366, '.', 2441, 246850.20, 5024231.71, 1531.21);
insert into STATION values (4367, 'SE.6', 2441, 246842.85, 5024233.07, 1537.88);
insert into STATION values (4368, '.', 2441, 246849.51, 5024233.47, 1532.31);
insert into STATION values (4369, '.', 2441, 246849.81, 5024231.76, 1531.83);
insert into STATION values (4370, '.', 2441, 246850.29, 5024229.61, 1531.16);
insert into STATION values (4371, '.', 2441, 246847.16, 5024228.65, 1533.19);
insert into STATION values (4372, '.', 2441, 246843.38, 5024229.62, 1536.10);
insert into STATION values (4373, '.', 2441, 246842.48, 5024231.59, 1537.52);
insert into STATION values (4374, '.', 2441, 246842.63, 5024231.66, 1540.45);
insert into STATION values (4375, '.', 2441, 246843.55, 5024233.43, 1535.85);
insert into STATION values (4376, '.', 2441, 246844.24, 5024232.65, 1535.17);
insert into STATION values (4377, '.', 2441, 246846.48, 5024232.23, 1533.68);
insert into STATION values (4378, '.', 2441, 246846.77, 5024230.65, 1533.14);
insert into STATION values (4379, '.', 2441, 246843.77, 5024231.31, 1535.40);
insert into STATION values (4380, '.', 2441, 246841.38, 5024232.20, 1536.72);
insert into STATION values (4381, '.', 2441, 246841.67, 5024233.60, 1536.73);
insert into STATION values (4382, 'SE.7', 2441, 246839.40, 5024234.41, 1539.11);
insert into STATION values (4383, '.', 2441, 246840.00, 5024234.78, 1539.25);
insert into STATION values (4384, '.', 2441, 246839.32, 5024234.14, 1539.10);
insert into STATION values (4385, '.', 2441, 246839.44, 5024234.34, 1538.54);
insert into STATION values (4386, '.', 2441, 246839.44, 5024234.58, 1541.33);
insert into STATION values (4387, '.', 2441, 246835.96, 5024239.20, 1539.93);
insert into STATION values (4388, 'SE.8', 2441, 246835.61, 5024238.87, 1539.95);
insert into STATION values (4389, '.', 2441, 246835.13, 5024235.21, 1540.18);
insert into STATION values (4390, '.', 2441, 246832.91, 5024235.21, 1540.94);
insert into STATION values (4391, '.', 2441, 246833.07, 5024238.71, 1539.88);
insert into STATION values (4392, '.', 2441, 246837.32, 5024238.88, 1539.53);
insert into STATION values (4393, '.', 2441, 246838.07, 5024237.78, 1539.38);
insert into STATION values (4394, '.', 2441, 246837.86, 5024236.08, 1539.63);
insert into STATION values (4395, '.', 2441, 246835.77, 5024235.71, 1542.88);
insert into STATION values (4396, '.', 2441, 246834.09, 5024235.15, 1543.96);
insert into STATION values (4397, '.', 2441, 246832.97, 5024236.18, 1544.73);
insert into STATION values (4398, '.', 2441, 246834.97, 5024236.98, 1544.89);
insert into STATION values (4399, '.', 2441, 246833.35, 5024237.59, 1548.34);
insert into STATION values (4400, '.', 2441, 246831.41, 5024238.87, 1549.62);
insert into STATION values (4401, 'SE.9', 2441, 246830.39, 5024239.16, 1549.39);
insert into STATION values (4402, '.', 2441, 246830.51, 5024239.53, 1549.36);
insert into STATION values (4403, '.', 2441, 246830.39, 5024239.21, 1549.68);
insert into STATION values (4404, '.', 2441, 246830.16, 5024239.94, 1547.49);
insert into STATION values (4405, '.', 2441, 246821.52, 5024246.45, 1557.52);
insert into STATION values (4406, '.', 2441, 246819.16, 5024248.42, 1559.66);
insert into STATION values (4407, 'SE.10', 2441, 246821.60, 5024246.39, 1557.60);
insert into STATION values (4408, 'SE.11', 2441, 246821.63, 5024243.58, 1556.54);
insert into STATION values (4409, 'p110.0', 2445, 246876.34, 5024235.88, 1427.24);
insert into STATION values (4410, '.', 2445, 246877.22, 5024237.10, 1438.49);
insert into STATION values (4411, '.', 2445, 246876.83, 5024236.13, 1427.28);
insert into STATION values (4412, '.', 2445, 246876.27, 5024236.84, 1427.16);
insert into STATION values (4413, '.', 2445, 246877.28, 5024237.37, 1423.30);
insert into STATION values (4414, '.', 2445, 246876.11, 5024235.68, 1427.17);
insert into STATION values (4415, 'p110.1', 2445, 246877.31, 5024236.43, 1423.92);
insert into STATION values (4416, '.', 2445, 246877.71, 5024237.41, 1423.72);
insert into STATION values (4417, '.', 2445, 246877.13, 5024236.27, 1423.86);
insert into STATION values (4418, '.', 2445, 246877.42, 5024236.93, 1423.08);
insert into STATION values (4419, '.', 2445, 246876.75, 5024235.71, 1427.66);
insert into STATION values (4420, '.', 2445, 246879.80, 5024236.79, 1421.82);
insert into STATION values (4421, '.', 2445, 246878.62, 5024236.85, 1422.26);
insert into STATION values (4422, '.', 2445, 246877.89, 5024236.85, 1422.91);
insert into STATION values (4423, '.', 2445, 246874.91, 5024238.24, 1426.19);
insert into STATION values (4424, 'p110.2', 2445, 246874.81, 5024238.29, 1426.30);
insert into STATION values (4425, '.', 2445, 246874.97, 5024238.61, 1425.34);
insert into STATION values (4426, '.', 2445, 246874.68, 5024238.16, 1426.18);
insert into STATION values (4427, '.', 2445, 246873.92, 5024239.04, 1426.17);
insert into STATION values (4428, 'p110.3', 2445, 246870.89, 5024242.31, 1425.07);
insert into STATION values (4429, '.', 2445, 246872.77, 5024239.68, 1425.21);
insert into STATION values (4430, '.', 2445, 246870.13, 5024241.20, 1425.22);
insert into STATION values (4431, '.', 2445, 246871.86, 5024239.79, 1425.02);
insert into STATION values (4432, '.', 2445, 246873.04, 5024241.94, 1425.05);
insert into STATION values (4433, '.', 2445, 246872.04, 5024242.67, 1425.02);
insert into STATION values (4434, 'p110.4', 2445, 246870.17, 5024242.55, 1448.58);
insert into STATION values (4435, '.', 2445, 246869.42, 5024242.70, 1448.53);
insert into STATION values (4436, '.', 2445, 246869.61, 5024245.77, 1448.63);
insert into STATION values (4437, '.', 2445, 246871.13, 5024245.54, 1448.38);
insert into STATION values (4438, '.', 2445, 246870.69, 5024243.43, 1448.52);
insert into STATION values (4439, '.', 2445, 246870.18, 5024242.54, 1448.40);
insert into STATION values (4440, '.', 2445, 246870.18, 5024242.54, 1448.42);
insert into STATION values (4441, '.', 2445, 246870.19, 5024242.52, 1448.19);
insert into STATION values (4442, '.', 2445, 246870.18, 5024242.53, 1448.40);
insert into STATION values (4443, '.', 2445, 246870.18, 5024242.54, 1448.44);
insert into STATION values (4444, '.', 2445, 246870.24, 5024242.50, 1447.97);
insert into STATION values (4445, '.', 2445, 246870.18, 5024242.53, 1448.45);
insert into STATION values (4446, 'p110.5', 2445, 246869.25, 5024242.48, 1450.34);
insert into STATION values (4447, '.', 2445, 246869.75, 5024241.44, 1450.33);
insert into STATION values (4448, '.', 2445, 246870.42, 5024242.27, 1450.34);
insert into STATION values (4449, '.', 2445, 246871.15, 5024245.15, 1450.10);
insert into STATION values (4450, '.', 2445, 246869.55, 5024246.56, 1449.70);
insert into STATION values (4451, 'p110.6', 2445, 246870.18, 5024242.55, 1453.39);
insert into STATION values (4452, '.', 2445, 246870.87, 5024244.35, 1453.54);
insert into STATION values (4453, '.', 2445, 246869.49, 5024245.30, 1453.22);
insert into STATION values (4454, '.', 2445, 246868.63, 5024244.61, 1453.15);
insert into STATION values (4455, '.', 2445, 246869.16, 5024242.73, 1453.16);
insert into STATION values (4456, '.', 2445, 246869.24, 5024241.99, 1453.27);
insert into STATION values (4457, '.', 2445, 246869.80, 5024241.37, 1453.33);
insert into STATION values (4458, 'p110.7', 2445, 246868.34, 5024241.77, 1457.33);
insert into STATION values (4459, '.', 2445, 246868.37, 5024242.03, 1457.30);
insert into STATION values (4460, '.', 2445, 246869.95, 5024244.11, 1457.16);
insert into STATION values (4461, '.', 2445, 246870.74, 5024242.74, 1457.15);
insert into STATION values (4462, '.', 2445, 246870.76, 5024241.65, 1457.19);
insert into STATION values (4463, '.', 2445, 246868.14, 5024240.00, 1457.10);
insert into STATION values (4464, '.', 2445, 246869.82, 5024240.02, 1457.46);
insert into STATION values (4465, '.', 2445, 246867.54, 5024240.58, 1457.52);
insert into STATION values (4466, 'p110.10', 2445, 246867.55, 5024240.56, 1457.53);
insert into STATION values (4467, 'p110.8', 2445, 246866.20, 5024241.02, 1464.27);
insert into STATION values (4468, '.', 2445, 246866.39, 5024240.49, 1464.22);
insert into STATION values (4469, '.', 2445, 246866.50, 5024241.41, 1464.24);
insert into STATION values (4470, '.', 2445, 246867.58, 5024240.38, 1464.09);
insert into STATION values (4471, 'p110.9', 2445, 246864.41, 5024240.41, 1469.55);
insert into STATION values (4472, '.', 2445, 246865.24, 5024240.25, 1469.71);
insert into STATION values (4473, '.', 2445, 246865.27, 5024239.89, 1469.84);
insert into STATION values (4474, '.', 2445, 246865.12, 5024239.47, 1470.04);
insert into STATION values (4475, '.', 2445, 246865.54, 5024238.05, 1470.59);
insert into STATION values (4476, '.', 2445, 246864.35, 5024238.70, 1470.45);
insert into STATION values (4477, '.', 2445, 246863.28, 5024240.11, 1470.29);
insert into STATION values (4478, '.', 2445, 246863.51, 5024241.28, 1470.06);
insert into STATION values (4479, '.', 2445, 246864.69, 5024241.79, 1469.73);
insert into STATION values (4480, '.', 2445, 246865.72, 5024241.82, 1469.61);
insert into STATION values (4481, 'p110.11', 2445, 246864.61, 5024238.41, 1478.47);
insert into STATION values (4482, '.', 2445, 246865.57, 5024236.88, 1478.57);
insert into STATION values (4483, '.', 2445, 246866.20, 5024238.36, 1478.51);
insert into STATION values (4484, '.', 2445, 246864.66, 5024240.96, 1478.32);
insert into STATION values (4485, '.', 2445, 246865.65, 5024239.37, 1478.31);
insert into STATION values (4486, '.', 2445, 246865.74, 5024239.37, 1478.57);
insert into STATION values (4487, 'p110.12', 2445, 246864.91, 5024236.55, 1479.98);
insert into STATION values (4488, '13', 2445, 246862.71, 5024238.30, 1496.90);
insert into STATION values (4489, '.', 2445, 246861.77, 5024238.25, 1496.80);
insert into STATION values (4490, '.', 2445, 246861.50, 5024237.15, 1496.82);
insert into STATION values (4491, '.', 2445, 246862.79, 5024235.94, 1497.38);
insert into STATION values (4492, '.', 2445, 246865.64, 5024234.23, 1496.71);
insert into STATION values (4493, '.', 2445, 246866.52, 5024234.54, 1497.16);
insert into STATION values (4494, '.', 2445, 246862.54, 5024237.39, 1519.74);
insert into STATION values (4495, '14', 2445, 246861.19, 5024236.76, 1499.95);
insert into STATION values (4496, '.', 2445, 246863.99, 5024237.51, 1500.19);
insert into STATION values (4497, '.', 2445, 246866.83, 5024233.68, 1499.20);
insert into STATION values (4498, '.', 2445, 246866.35, 5024237.82, 1502.97);
insert into STATION values (4499, '.', 2445, 246861.53, 5024236.81, 1501.60);
insert into STATION values (4500, '.', 2445, 246859.60, 5024236.66, 1510.96);
insert into STATION values (4501, '.', 2445, 246857.12, 5024236.55, 1514.24);
insert into STATION values (4502, '.', 2445, 246860.20, 5024236.77, 1499.84);
insert into STATION values (4503, '.', 2445, 246858.68, 5024236.94, 1500.83);
insert into STATION values (4504, '.', 2445, 246861.45, 5024237.58, 1501.43);
insert into STATION values (4505, '15', 2445, 246859.57, 5024236.63, 1505.77);
insert into STATION values (4506, '.', 2445, 246859.79, 5024237.07, 1505.77);
insert into STATION values (4507, '.', 2445, 246858.93, 5024238.44, 1505.70);
insert into STATION values (4508, '.', 2445, 246857.54, 5024238.56, 1506.00);
insert into STATION values (4509, '.', 2445, 246858.18, 5024237.59, 1505.83);
insert into STATION values (4510, '.', 2445, 246862.05, 5024236.04, 1504.95);
insert into STATION values (4511, '.', 2445, 246861.32, 5024236.87, 1505.48);
insert into STATION values (4512, '16', 2445, 246859.69, 5024237.31, 1507.87);
insert into STATION values (4513, '0', 2449, 246884.90, 5024236.20, 1416.35);
insert into STATION values (4514, '1', 2449, 246883.93, 5024236.81, 1415.98);
insert into STATION values (4515, '2', 2449, 246882.51, 5024234.97, 1416.03);
insert into STATION values (4516, '.', 2449, 246878.71, 5024237.07, 1415.79);
insert into STATION values (4517, '.', 2449, 246880.01, 5024237.90, 1415.84);
insert into STATION values (4518, '.', 2449, 246881.37, 5024237.75, 1415.98);
insert into STATION values (4519, '.', 2449, 246882.65, 5024237.44, 1415.79);
insert into STATION values (4520, '.', 2449, 246881.67, 5024236.52, 1421.66);
insert into STATION values (4521, '.', 2449, 246882.05, 5024235.50, 1414.91);
insert into STATION values (4522, '.', 2449, 246880.68, 5024236.36, 1414.71);
insert into STATION values (4523, '3', 2449, 246880.94, 5024237.78, 1416.11);
insert into STATION values (4524, '4', 2449, 246879.41, 5024236.56, 1422.73);
insert into STATION values (4525, '5', 2449, 246878.91, 5024236.45, 1422.84);
insert into STATION values (4526, '.', 2449, 246878.99, 5024236.65, 1422.90);
insert into STATION values (4527, '.', 2449, 246878.88, 5024236.44, 1423.23);
insert into STATION values (4528, '.', 2449, 246879.30, 5024236.36, 1423.01);
insert into STATION values (4529, '.', 2449, 246879.46, 5024236.48, 1422.23);
insert into STATION values (4530, '.', 2449, 246878.41, 5024236.89, 1422.28);
insert into STATION values (4531, '.', 2449, 246878.74, 5024236.78, 1422.85);
insert into STATION values (4532, '.', 2449, 246877.79, 5024237.09, 1422.49);
insert into STATION values (4533, '6', 2449, 246877.89, 5024237.05, 1423.22);
insert into STATION values (4534, '7', 2449, 246877.31, 5024236.43, 1423.92);
insert into STATION values (4535, 'vire.0', 2607, 246799.19, 5024252.51, 1570.31);
insert into STATION values (4536, '.', 2607, 246798.31, 5024252.95, 1570.31);
insert into STATION values (4537, '.', 2607, 246799.20, 5024253.46, 1570.24);
insert into STATION values (4538, '.', 2607, 246799.68, 5024253.06, 1570.25);
insert into STATION values (4539, '.', 2607, 246799.41, 5024252.81, 1569.18);
insert into STATION values (4540, 'vire.1', 2607, 246798.35, 5024252.99, 1573.90);
insert into STATION values (4541, '.', 2607, 246798.93, 5024252.56, 1573.87);
insert into STATION values (4542, '.', 2607, 246798.50, 5024252.19, 1573.95);
insert into STATION values (4543, '.', 2607, 246798.48, 5024252.85, 1575.28);
insert into STATION values (4544, 'vire.2', 2607, 246798.20, 5024251.96, 1575.66);
insert into STATION values (4545, '.', 2607, 246798.29, 5024252.03, 1574.14);
insert into STATION values (4546, '.', 2607, 246798.16, 5024252.07, 1577.20);
insert into STATION values (4547, '.', 2607, 246798.36, 5024252.52, 1576.14);
insert into STATION values (4548, '.', 2607, 246798.05, 5024251.90, 1575.68);
insert into STATION values (4549, '.', 2607, 246796.88, 5024253.36, 1575.68);
insert into STATION values (4550, '.', 2607, 246797.79, 5024253.08, 1575.75);
insert into STATION values (4551, '.', 2607, 246797.50, 5024252.42, 1575.52);
insert into STATION values (4552, '.', 2607, 246797.31, 5024252.54, 1574.98);
insert into STATION values (4553, 'vire.3', 2607, 246796.94, 5024253.01, 1579.17);
insert into STATION values (4554, '.', 2607, 246797.54, 5024252.62, 1579.14);
insert into STATION values (4555, '.', 2607, 246798.58, 5024252.59, 1574.10);
insert into STATION values (4556, '.', 2607, 246797.01, 5024253.11, 1575.42);
insert into STATION values (4557, '.', 2607, 246797.60, 5024253.29, 1575.73);
insert into STATION values (4558, '.', 2607, 246797.17, 5024252.55, 1576.93);
insert into STATION values (4559, '.', 2607, 246795.97, 5024253.30, 1577.22);
insert into STATION values (4560, '.', 2607, 246796.62, 5024252.52, 1579.05);
insert into STATION values (4561, '.', 2607, 246795.67, 5024253.72, 1579.16);
insert into STATION values (4562, '.', 2607, 246796.95, 5024252.99, 1580.19);
insert into STATION values (4563, 'vire.4', 2607, 246797.17, 5024251.69, 1580.78);
insert into STATION values (4564, '.', 2607, 246797.85, 5024252.21, 1580.57);
insert into STATION values (4565, '.', 2607, 246797.20, 5024252.36, 1580.61);
insert into STATION values (4566, '.', 2607, 246798.43, 5024251.20, 1581.04);
insert into STATION values (4567, '.', 2607, 246797.20, 5024251.58, 1580.32);
insert into STATION values (4568, '.', 2607, 246797.69, 5024251.84, 1581.74);
insert into STATION values (4569, 'vire.5', 2607, 246797.78, 5024250.47, 1581.62);
insert into STATION values (4570, '.', 2607, 246797.13, 5024250.41, 1581.59);
insert into STATION values (4571, '.', 2607, 246797.77, 5024250.33, 1581.13);
insert into STATION values (4572, '.', 2607, 246798.34, 5024250.55, 1581.15);
insert into STATION values (4573, '.', 2607, 246797.46, 5024252.40, 1581.45);
insert into STATION values (4574, '.', 2607, 246797.23, 5024251.17, 1581.54);
insert into STATION values (4575, '.', 2607, 246796.42, 5024251.16, 1581.20);
insert into STATION values (4576, '.', 2607, 246797.08, 5024251.26, 1581.42);
insert into STATION values (4577, '.', 2607, 246797.27, 5024250.51, 1581.47);
insert into STATION values (4578, '.', 2607, 246797.65, 5024250.40, 1582.07);
insert into STATION values (4579, '.', 2607, 246797.03, 5024250.38, 1581.69);
insert into STATION values (4580, 'vire.6', 2607, 246797.62, 5024250.38, 1582.16);
insert into STATION values (4581, 'vire.7', 2607, 246799.38, 5024247.95, 1584.53);
insert into STATION values (4582, '.', 2607, 246792.71, 5024246.00, 1587.24);
insert into STATION values (4583, '.', 2607, 246798.62, 5024251.90, 1585.20);
insert into STATION values (4584, '.', 2607, 246800.57, 5024248.98, 1584.62);
insert into STATION values (4585, '.', 2607, 246797.30, 5024247.16, 1598.45);
insert into STATION values (4586, '.', 2607, 246795.93, 5024248.64, 1590.08);
insert into STATION values (4587, '.', 2607, 246792.48, 5024249.42, 1589.34);
insert into STATION values (4588, '.', 2607, 246792.29, 5024245.01, 1589.16);
insert into STATION values (4589, '.', 2607, 246799.06, 5024250.63, 1585.98);
insert into STATION values (4590, '.', 2607, 246798.02, 5024248.52, 1583.43);
insert into STATION values (4591, '.', 2607, 246795.53, 5024246.43, 1599.36);
insert into STATION values (4592, '.', 2607, 246791.84, 5024245.28, 1589.30);
insert into STATION values (4593, '.', 2607, 246792.04, 5024249.61, 1588.48);
insert into STATION values (4594, '.', 2607, 246796.51, 5024251.83, 1586.84);
insert into STATION values (4595, 'vire.8', 2607, 246791.55, 5024255.00, 1592.58);
insert into STATION values (4596, '.', 2607, 246791.36, 5024253.21, 1592.47);
insert into STATION values (4597, '.', 2607, 246791.46, 5024253.75, 1593.67);
insert into STATION values (4598, '.', 2607, 246791.72, 5024254.81, 1593.11);
insert into STATION values (4599, '.', 2607, 246792.80, 5024255.95, 1590.67);
insert into STATION values (4600, '.', 2607, 246796.38, 5024255.99, 1588.04);
insert into STATION values (4601, '.', 2607, 246789.48, 5024255.22, 1594.87);
insert into STATION values (4602, 'vire.9', 2607, 246788.54, 5024255.03, 1596.05);
insert into STATION_FLAG values(4602, 'ent');
insert into STATION values (4603, 'vire.10', 2607, 246796.41, 5024246.23, 1585.57);
insert into STATION values (4604, '.', 2607, 246797.02, 5024244.61, 1585.53);
insert into STATION values (4605, '.', 2607, 246794.69, 5024243.65, 1585.80);
insert into STATION values (4606, '.', 2607, 246793.88, 5024245.62, 1586.05);
insert into STATION values (4607, '.', 2607, 246792.40, 5024247.95, 1587.01);
insert into STATION values (4608, '.', 2607, 246793.88, 5024250.67, 1587.47);
insert into STATION values (4609, '.', 2607, 246797.91, 5024245.96, 1585.57);
insert into STATION values (4610, '.', 2607, 246800.24, 5024248.86, 1585.48);
insert into STATION values (4611, '.', 2607, 246799.03, 5024250.28, 1585.64);
insert into STATION values (4612, '.', 2607, 246796.34, 5024247.32, 1601.48);
insert into STATION values (4613, '.', 2607, 246798.73, 5024247.60, 1595.20);
insert into STATION values (4614, '.', 2607, 246798.93, 5024247.65, 1590.50);
insert into STATION values (4615, '.', 2607, 246791.92, 5024247.20, 1592.54);
insert into STATION values (4616, '.', 2607, 246794.55, 5024249.79, 1590.61);
insert into STATION values (4617, '.', 2607, 246796.91, 5024249.28, 1589.85);
insert into STATION values (4618, 'vire.11', 2607, 246795.15, 5024246.01, 1596.56);
insert into STATION values (4619, '.', 2607, 246794.15, 5024244.07, 1596.53);
insert into STATION values (4620, '.', 2607, 246795.96, 5024244.92, 1596.59);
insert into STATION values (4621, '.', 2607, 246795.79, 5024246.21, 1596.52);
insert into STATION values (4622, '.', 2607, 246795.81, 5024246.85, 1596.61);
insert into STATION values (4623, 'vire.12', 2607, 246795.37, 5024245.18, 1602.35);
insert into STATION values (4624, '.', 2607, 246794.36, 5024245.71, 1602.48);
insert into STATION values (4625, '.', 2607, 246794.70, 5024244.78, 1602.30);
insert into STATION values (4626, '.', 2607, 246795.43, 5024244.71, 1602.30);
insert into STATION values (4627, '.', 2607, 246795.52, 5024245.50, 1602.23);
insert into STATION values (4628, '.', 2607, 246794.94, 5024245.53, 1602.41);
insert into STATION values (4629, '.', 2607, 246795.72, 5024245.07, 1602.30);
insert into STATION values (4630, '.', 2607, 246794.82, 5024243.77, 1604.20);
insert into STATION values (4631, '.', 2607, 246794.57, 5024243.14, 1605.03);
insert into STATION values (4632, '.', 2607, 246794.61, 5024243.22, 1604.93);
insert into STATION values (4633, '.', 2607, 246794.82, 5024243.77, 1604.20);
insert into STATION values (4634, '.', 2607, 246795.65, 5024246.61, 1601.60);
insert into STATION values (4635, '.', 2607, 246795.08, 5024245.91, 1601.75);
insert into STATION values (4636, '.', 2607, 246795.43, 5024244.97, 1601.34);
insert into STATION values (4637, '.', 2607, 246795.76, 5024245.27, 1602.44);
insert into STATION values (4638, '.', 2607, 246795.52, 5024245.97, 1602.40);
insert into STATION values (4639, '.', 2607, 246794.54, 5024246.16, 1602.06);
insert into STATION values (4640, '.', 2607, 246794.79, 5024245.79, 1601.60);
insert into STATION values (4641, '.', 2607, 246795.94, 5024244.61, 1601.94);
insert into STATION values (4642, 'vire.13', 2607, 246794.77, 5024245.60, 1605.31);
insert into STATION values (4643, '.', 2607, 246795.14, 5024245.39, 1604.25);
insert into STATION values (4644, '.', 2607, 246794.89, 5024245.15, 1603.99);
insert into STATION values (4645, '.', 2607, 246795.21, 5024244.90, 1604.20);
insert into STATION values (4646, '.', 2607, 246795.47, 5024244.81, 1602.92);
insert into STATION values (4647, '.', 2607, 246795.13, 5024244.91, 1603.18);
insert into STATION values (4648, 'vire.14', 2607, 246794.23, 5024245.27, 1605.88);
insert into STATION values (4649, '.', 2607, 246793.22, 5024247.59, 1608.34);
insert into STATION values (4650, '.', 2607, 246793.30, 5024245.05, 1607.47);
insert into STATION values (4651, '.', 2607, 246794.20, 5024244.22, 1606.61);
insert into STATION values (4652, '.', 2607, 246795.00, 5024244.75, 1606.22);
insert into STATION values (4653, '.', 2607, 246794.80, 5024245.72, 1606.24);
insert into STATION values (4654, '.', 2607, 246794.44, 5024246.12, 1606.42);
insert into STATION values (4655, '.', 2607, 246793.69, 5024245.00, 1610.26);
insert into STATION values (4656, '.', 2607, 246794.05, 5024244.90, 1604.98);
insert into STATION values (4657, 'vire.15', 2607, 246793.17, 5024247.55, 1608.34);
insert into STATION values (4658, '.', 2607, 246792.70, 5024246.96, 1608.30);
insert into STATION values (4659, '.', 2607, 246792.71, 5024247.54, 1608.29);
insert into STATION values (4660, '.', 2607, 246793.36, 5024247.02, 1608.18);
insert into STATION values (4661, '.', 2607, 246791.24, 5024245.62, 1609.99);
insert into STATION values (4662, 'vire.16', 2607, 246791.16, 5024248.74, 1610.26);
insert into STATION_FLAG values(4662, 'ent');
insert into STATION values (4663, 'vire.17', 2607, 246792.93, 5024247.30, 1611.76);
insert into STATION values (4664, 'vire.18', 2607, 246792.76, 5024246.69, 1612.05);
insert into STATION_FLAG values(4664, 'fix');
insert into STATION values (4665, 'aura.1', 2721, 246791.99, 5024237.64, 1579.51);
insert into STATION values (4666, 'aura.0', 2721, 246788.90, 5024240.35, 1588.33);
insert into STATION values (4667, '.', 2721, 246789.48, 5024239.86, 1586.73);
insert into STATION values (4668, '.', 2721, 246789.60, 5024241.53, 1587.75);
insert into STATION values (4669, '.', 2721, 246788.31, 5024239.54, 1588.52);
insert into STATION values (4670, '.', 2721, 246788.22, 5024240.81, 1588.50);
insert into STATION values (4671, '.', 2721, 246788.71, 5024241.76, 1588.37);
insert into STATION values (4672, 'aura.2', 2721, 246783.80, 5024241.17, 1591.63);
insert into STATION values (4673, '.', 2721, 246786.17, 5024240.15, 1591.69);
insert into STATION values (4674, '.', 2721, 246786.40, 5024242.35, 1591.74);
insert into STATION values (4675, '.', 2721, 246783.02, 5024242.48, 1591.69);
insert into STATION values (4676, '.', 2721, 246783.85, 5024241.30, 1590.52);
insert into STATION values (4677, '.', 2721, 246782.38, 5024242.80, 1595.95);
insert into STATION values (4678, 'aura.3', 2721, 246784.05, 5024241.58, 1596.91);
insert into STATION values (4679, '.', 2721, 246785.46, 5024239.71, 1597.34);
insert into STATION values (4680, '.', 2721, 246786.11, 5024241.00, 1597.48);
insert into STATION values (4681, '.', 2721, 246783.22, 5024240.16, 1597.00);
insert into STATION values (4682, 'aura.4', 2721, 246784.28, 5024240.55, 1602.89);
insert into STATION values (4683, '.', 2721, 246783.31, 5024239.50, 1603.13);
insert into STATION values (4684, '.', 2721, 246782.89, 5024240.23, 1603.23);
insert into STATION values (4685, '.', 2721, 246782.78, 5024240.60, 1603.11);
insert into STATION values (4686, '.', 2721, 246779.23, 5024241.36, 1603.20);
insert into STATION values (4687, '.', 2721, 246781.04, 5024241.56, 1603.29);
insert into STATION values (4688, '.', 2721, 246783.20, 5024241.38, 1602.99);
insert into STATION values (4689, '.', 2721, 246783.41, 5024240.20, 1606.52);
insert into STATION values (4690, '.', 2721, 246783.22, 5024239.49, 1604.78);
insert into STATION values (4691, '.', 2721, 246784.98, 5024238.04, 1603.65);
insert into STATION values (4692, '.', 2721, 246785.05, 5024241.10, 1595.78);
insert into STATION values (4693, 'aura.5', 2721, 246781.12, 5024241.33, 1604.76);
insert into STATION values (4694, '.', 2721, 246780.96, 5024240.64, 1604.93);
insert into STATION values (4695, '.', 2721, 246781.01, 5024240.63, 1604.79);
insert into STATION values (4696, '.', 2721, 246781.92, 5024240.28, 1604.80);
insert into STATION values (4697, '.', 2721, 246783.92, 5024240.28, 1604.82);
insert into STATION values (4698, '.', 2721, 246782.71, 5024241.29, 1604.73);
insert into STATION values (4699, '.', 2721, 246781.67, 5024241.83, 1604.86);
insert into STATION values (4700, '.', 2721, 246779.58, 5024240.17, 1604.78);
insert into STATION values (4701, '.', 2721, 246780.46, 5024240.50, 1604.98);
insert into STATION values (4702, '.', 2721, 246778.82, 5024241.25, 1605.09);
insert into STATION values (4703, '.', 2721, 246780.55, 5024241.01, 1601.74);
insert into STATION values (4704, '.', 2721, 246781.15, 5024241.49, 1613.77);
insert into STATION values (4705, '.', 2721, 246782.90, 5024241.13, 1612.03);
insert into STATION values (4706, 'aura.6', 2721, 246779.18, 5024241.39, 1614.10);
insert into STATION values (4707, '.', 2721, 246779.35, 5024241.49, 1614.08);
insert into STATION values (4708, '.', 2721, 246779.06, 5024241.19, 1614.06);
insert into STATION values (4709, '.', 2721, 246779.45, 5024241.17, 1613.96);
insert into STATION values (4710, '.', 2721, 246781.10, 5024239.55, 1607.55);
insert into STATION values (4711, '.', 2721, 246779.13, 5024241.16, 1610.94);
insert into STATION values (4712, '.', 2721, 246779.15, 5024241.38, 1613.76);
insert into STATION values (4713, '.', 2721, 246778.36, 5024242.40, 1614.11);
insert into STATION values (4714, 'aura.7', 2721, 246777.46, 5024242.91, 1614.01);
insert into STATION values (4715, '.', 2721, 246778.08, 5024243.34, 1614.06);
insert into STATION values (4716, '.', 2721, 246777.54, 5024242.73, 1616.82);
insert into STATION values (4717, '.', 2721, 246777.69, 5024242.55, 1611.59);
insert into STATION values (4718, '.', 2721, 246777.50, 5024242.28, 1608.86);
insert into STATION values (4719, '.', 2721, 246777.41, 5024243.63, 1614.02);
insert into STATION values (4720, 'aura.8', 2721, 246776.42, 5024243.63, 1612.41);
insert into STATION values (4721, '.', 2721, 246776.13, 5024243.16, 1612.38);
insert into STATION values (4722, '.', 2721, 246776.20, 5024243.61, 1613.17);
insert into STATION values (4723, '.', 2721, 246776.37, 5024243.57, 1611.76);
insert into STATION values (4724, '.', 2721, 246776.63, 5024243.25, 1612.41);
insert into STATION values (4725, '.', 2721, 246776.58, 5024243.11, 1612.43);
insert into STATION values (4726, '.', 2721, 246776.40, 5024243.69, 1611.76);
insert into STATION values (4727, '.', 2721, 246776.74, 5024243.17, 1613.73);
insert into STATION values (4728, 'aura.9', 2721, 246775.45, 5024245.12, 1610.27);
insert into STATION values (4729, '.', 2721, 246775.28, 5024244.64, 1612.03);
insert into STATION values (4730, '.', 2721, 246774.78, 5024245.17, 1611.62);
insert into STATION values (4731, '.', 2721, 246775.44, 5024246.34, 1612.26);
insert into STATION values (4732, '.', 2721, 246774.73, 5024246.63, 1611.02);
insert into STATION values (4733, '.', 2721, 246776.16, 5024244.33, 1611.03);
insert into STATION values (4734, 'aura.10', 2721, 246774.86, 5024245.39, 1612.98);
insert into STATION values (4735, '.', 2721, 246774.94, 5024245.65, 1613.00);
insert into STATION values (4736, '.', 2721, 246774.20, 5024246.35, 1613.03);
insert into STATION values (4737, '.', 2721, 246775.44, 5024244.63, 1612.92);
insert into STATION values (4738, '.', 2721, 246774.86, 5024244.94, 1616.70);
insert into STATION values (4739, '.', 2721, 246774.17, 5024246.06, 1614.38);
insert into STATION values (4740, '.', 2721, 246775.61, 5024244.45, 1609.73);
insert into STATION values (4741, '.', 2721, 246775.10, 5024245.22, 1610.27);
insert into STATION values (4742, 'aura.11', 2721, 246774.41, 5024246.07, 1618.20);
insert into STATION_FLAG values(4742, 'ent');
insert into STATION values (4743, '.', 2721, 246774.99, 5024245.87, 1618.09);
insert into STATION values (4744, '.', 2721, 246774.88, 5024244.88, 1618.09);
insert into STATION values (4745, '.', 2721, 246774.80, 5024244.66, 1616.31);
insert into STATION values (4746, '.', 2721, 246774.18, 5024245.34, 1611.41);
insert into STATION values (4747, '.', 2721, 246774.79, 5024245.62, 1619.52);
insert into STATION values (4748, 'ga.0', 2725, 246776.21, 5024246.46, 1617.98);
insert into STATION_FLAG values(4748, 'fix');
insert into STATION values (4749, 'ga.1', 2725, 246775.42, 5024247.52, 1618.33);
insert into STATION values (4750, 'ga.2', 2725, 246774.41, 5024246.07, 1618.20);
insert into STATION values (4751, 'j1-3.0', 2796, 246791.63, 5024247.51, 1612.04);
insert into STATION values (4752, 'j1-3.1', 2796, 246792.20, 5024243.13, 1614.12);
insert into STATION values (4753, 'j1-3.2', 2796, 246792.40, 5024238.00, 1612.85);
insert into STATION values (4754, 'j1-3.3', 2796, 246791.26, 5024239.26, 1611.61);
insert into STATION values (4755, 'p1.0', 2818, 246797.00, 5024239.07, 1606.34);
insert into STATION values (4756, 'p1.1', 2818, 246795.58, 5024241.03, 1607.90);
insert into STATION values (4757, '.', 2818, 246795.91, 5024241.08, 1607.92);
insert into STATION values (4758, '.', 2818, 246795.40, 5024240.99, 1607.90);
insert into STATION values (4759, '.', 2818, 246795.82, 5024241.13, 1607.25);
insert into STATION values (4760, '.', 2818, 246796.15, 5024241.18, 1607.42);
insert into STATION values (4761, '.', 2818, 246795.83, 5024241.93, 1607.55);
insert into STATION values (4762, '.', 2818, 246795.37, 5024240.62, 1608.11);
insert into STATION values (4763, '.', 2818, 246795.48, 5024242.14, 1607.89);
insert into STATION values (4764, '.', 2818, 246794.74, 5024242.38, 1607.81);
insert into STATION values (4765, 'p1.2', 2818, 246794.97, 5024243.24, 1607.67);
insert into STATION values (4766, '.', 2818, 246794.71, 5024243.07, 1607.65);
insert into STATION values (4767, '.', 2818, 246794.61, 5024242.97, 1608.78);
insert into STATION values (4768, '.', 2818, 246794.88, 5024243.12, 1606.66);
insert into STATION values (4769, '.', 2818, 246794.75, 5024243.25, 1607.34);
insert into STATION values (4770, '.', 2818, 246794.74, 5024243.06, 1608.05);
insert into STATION values (4771, '.', 2818, 246794.96, 5024243.38, 1607.97);
insert into STATION values (4772, '.', 2818, 246795.29, 5024243.39, 1606.81);
insert into STATION values (4773, 'p1.3', 2818, 246794.23, 5024245.27, 1605.88);
insert into STATION values (4774, '.', 2818, 246793.73, 5024245.29, 1610.05);
insert into STATION values (4775, '.', 2818, 246794.35, 5024243.89, 1606.06);
insert into STATION values (4776, '.', 2818, 246795.10, 5024245.85, 1605.86);
insert into STATION values (4777, '.', 2818, 246793.17, 5024243.98, 1606.56);
insert into STATION values (4778, '.', 2818, 246793.61, 5024246.27, 1607.00);
insert into STATION values (4779, '.', 2818, 246793.94, 5024245.87, 1609.52);
insert into STATION values (4780, '.', 2818, 246794.77, 5024244.24, 1608.97);
insert into STATION values (4781, '.', 2818, 246795.28, 5024244.07, 1608.03);
insert into STATION values (4782, '.', 2818, 246794.46, 5024246.17, 1607.23);
insert into STATION values (4783, '.', 2818, 246794.84, 5024245.45, 1607.80);
insert into STATION values (4784, '.', 2818, 246794.91, 5024244.91, 1607.84);
insert into STATION values (4785, '.', 2818, 246793.39, 5024247.61, 1607.82);
insert into STATION values (4786, 'p1.4', 2818, 246793.51, 5024247.41, 1607.65);
insert into STATION values (4787, '.', 2818, 246793.19, 5024246.84, 1607.79);
insert into STATION values (4788, '.', 2818, 246793.17, 5024247.59, 1607.86);
insert into STATION values (4789, '.', 2818, 246793.84, 5024247.46, 1607.72);
insert into STATION values (4790, '.', 2818, 246793.99, 5024246.53, 1607.65);
insert into STATION values (4791, '.', 2818, 246793.79, 5024247.32, 1606.64);
insert into STATION values (4792, '.', 2818, 246793.62, 5024247.52, 1608.84);
insert into STATION values (4793, '.', 2818, 246793.08, 5024247.11, 1609.12);
insert into STATION values (4794, 'p1.5', 2818, 246792.04, 5024249.32, 1609.89);
insert into STATION values (4795, '.', 2818, 246792.10, 5024248.67, 1609.90);
insert into STATION values (4796, '.', 2818, 246793.45, 5024248.33, 1609.56);
insert into STATION values (4797, '.', 2818, 246791.03, 5024246.91, 1606.85);
insert into STATION values (4798, '.', 2818, 246793.93, 5024246.54, 1607.21);
insert into STATION values (4799, '.', 2818, 246791.72, 5024248.46, 1609.92);
insert into STATION values (4800, 'p1.6', 2818, 246791.63, 5024247.51, 1612.04);
insert into STATION values (4801, 'p3.0', 2849, 246792.77, 5024232.27, 1576.80);
insert into STATION values (4802, '.', 2849, 246793.29, 5024229.72, 1576.18);
insert into STATION values (4803, '.', 2849, 246793.48, 5024232.08, 1576.37);
insert into STATION values (4804, '.', 2849, 246792.16, 5024234.35, 1577.48);
insert into STATION values (4805, '.', 2849, 246792.77, 5024232.18, 1577.40);
insert into STATION values (4806, 'p3.1', 2849, 246789.83, 5024233.85, 1579.13);
insert into STATION values (4807, '.', 2849, 246790.37, 5024235.01, 1579.22);
insert into STATION values (4808, '.', 2849, 246791.00, 5024233.06, 1578.96);
insert into STATION values (4809, '.', 2849, 246789.33, 5024233.80, 1577.27);
insert into STATION values (4810, '.', 2849, 246789.97, 5024233.80, 1579.68);
insert into STATION values (4811, '.', 2849, 246788.68, 5024231.60, 1579.00);
insert into STATION values (4812, '.', 2849, 246789.83, 5024230.38, 1577.56);
insert into STATION values (4813, '.', 2849, 246791.10, 5024230.78, 1577.16);
insert into STATION values (4814, '.', 2849, 246792.90, 5024233.47, 1577.34);
insert into STATION values (4815, '.', 2849, 246787.10, 5024234.48, 1581.76);
insert into STATION values (4816, 'p3.2', 2849, 246786.89, 5024233.31, 1581.10);
insert into STATION values (4817, '.', 2849, 246786.98, 5024233.28, 1581.42);
insert into STATION values (4818, '.', 2849, 246786.63, 5024233.41, 1580.87);
insert into STATION values (4819, '.', 2849, 246785.48, 5024233.81, 1581.70);
insert into STATION values (4820, '.', 2849, 246791.69, 5024230.45, 1577.74);
insert into STATION values (4821, '.', 2849, 246786.43, 5024238.15, 1581.49);
insert into STATION values (4822, 'p3.3', 2849, 246783.81, 5024231.52, 1582.57);
insert into STATION values (4823, '.', 2849, 246784.26, 5024231.08, 1582.53);
insert into STATION values (4824, '.', 2849, 246784.37, 5024231.25, 1584.90);
insert into STATION values (4825, '.', 2849, 246783.58, 5024231.74, 1586.94);
insert into STATION values (4826, '.', 2849, 246783.19, 5024229.61, 1582.78);
insert into STATION values (4827, '.', 2849, 246785.00, 5024232.47, 1582.78);
insert into STATION values (4828, 'p3.4', 2849, 246791.99, 5024237.64, 1579.51);
insert into STATION values (4829, '.', 2849, 246790.03, 5024239.92, 1580.33);
insert into STATION values (4830, '.', 2849, 246789.88, 5024239.92, 1586.21);
insert into STATION values (4831, '.', 2849, 246787.20, 5024235.08, 1580.51);
insert into STATION values (4832, '.', 2849, 246787.98, 5024236.89, 1585.89);
insert into STATION values (4833, '.', 2849, 246792.30, 5024236.80, 1580.86);
insert into STATION values (4834, '.', 2849, 246792.51, 5024237.12, 1579.80);
insert into STATION values (4835, '.', 2849, 246792.67, 5024238.81, 1597.50);
insert into STATION values (4836, '.', 2849, 246793.80, 5024239.52, 1580.68);
insert into STATION values (4837, '.', 2849, 246792.40, 5024242.14, 1580.32);
insert into STATION values (4838, 'p3.5', 2849, 246792.44, 5024237.83, 1596.87);
insert into STATION values (4839, '.', 2849, 246790.12, 5024236.98, 1596.87);
insert into STATION values (4840, '.', 2849, 246792.58, 5024236.28, 1596.72);
insert into STATION values (4841, '.', 2849, 246790.96, 5024235.99, 1596.68);
insert into STATION values (4842, '.', 2849, 246793.66, 5024237.41, 1596.75);
insert into STATION values (4843, '.', 2849, 246795.86, 5024238.89, 1596.84);
insert into STATION values (4844, '.', 2849, 246796.35, 5024238.25, 1605.15);
insert into STATION values (4845, '.', 2849, 246793.07, 5024238.90, 1603.72);
insert into STATION values (4846, '.', 2849, 246788.17, 5024240.40, 1598.40);
insert into STATION values (4847, 'p3.6', 2849, 246793.22, 5024238.80, 1603.49);
insert into STATION values (4848, '.', 2849, 246790.15, 5024235.77, 1603.00);
insert into STATION values (4849, '.', 2849, 246791.40, 5024238.21, 1603.50);
insert into STATION values (4850, '.', 2849, 246791.29, 5024240.70, 1603.92);
insert into STATION values (4851, '.', 2849, 246796.44, 5024239.02, 1602.90);
insert into STATION values (4852, 'p3.7', 2849, 246791.36, 5024238.33, 1605.73);
insert into STATION values (4853, '.', 2849, 246791.79, 5024239.67, 1606.07);
insert into STATION values (4854, '.', 2849, 246791.18, 5024238.92, 1605.78);
insert into STATION values (4855, '.', 2849, 246791.27, 5024239.43, 1605.77);
insert into STATION values (4856, '.', 2849, 246792.47, 5024238.88, 1605.70);
insert into STATION values (4857, '.', 2849, 246792.64, 5024238.28, 1605.70);
insert into STATION values (4858, 'p3.8', 2849, 246791.35, 5024239.62, 1609.59);
insert into STATION values (4859, '.', 2849, 246790.43, 5024239.41, 1609.47);
insert into STATION values (4860, '.', 2849, 246790.30, 5024239.77, 1609.50);
insert into STATION values (4861, '.', 2849, 246791.18, 5024240.12, 1609.61);
insert into STATION values (4862, 'p3.9', 2849, 246791.26, 5024239.26, 1611.61);
insert into STATION values (4863, '.', 2849, 246792.40, 5024240.39, 1611.42);
insert into STATION values (4864, '.', 2849, 246792.34, 5024239.63, 1611.52);
insert into STATION values (4865, '.', 2849, 246791.30, 5024240.62, 1611.62);
insert into STATION values (4866, '.', 2849, 246791.71, 5024239.15, 1610.12);
insert into STATION values (4867, '.', 2849, 246792.18, 5024239.35, 1612.12);
insert into STATION values (4868, '0', 2925, 249304.93, 5026053.68, 787.83);
insert into STATION values (4869, '.', 2925, 249305.05, 5026051.44, 787.90);
insert into STATION values (4870, '.', 2925, 249304.92, 5026053.66, 787.62);
insert into STATION values (4871, '.', 2925, 249304.56, 5026053.63, 787.75);
insert into STATION values (4872, '.', 2925, 249305.23, 5026053.59, 787.80);
insert into STATION values (4873, '.', 2925, 249304.61, 5026048.70, 788.08);
insert into STATION values (4874, '.', 2925, 249305.21, 5026054.88, 787.64);
insert into STATION values (4875, '.', 2925, 249304.76, 5026053.89, 787.53);
insert into STATION values (4876, '1', 2925, 249304.95, 5026054.74, 787.44);
insert into STATION values (4877, '.', 2925, 249304.95, 5026054.73, 787.61);
insert into STATION values (4878, '.', 2925, 249304.95, 5026054.78, 787.25);
insert into STATION values (4879, '.', 2925, 249305.37, 5026054.40, 787.70);
insert into STATION values (4880, '2', 2925, 249304.01, 5026055.26, 786.90);
insert into STATION values (4881, '.', 2925, 249304.10, 5026055.16, 786.72);
insert into STATION values (4882, '.', 2925, 249303.99, 5026055.11, 787.20);
insert into STATION values (4883, '.', 2925, 249303.64, 5026054.81, 786.90);
insert into STATION values (4884, '.', 2925, 249304.22, 5026055.53, 786.86);
insert into STATION values (4885, '3', 2925, 249303.98, 5026056.11, 786.61);
insert into STATION values (4886, '.', 2925, 249303.69, 5026055.93, 786.20);
insert into STATION values (4887, '.', 2925, 249303.65, 5026055.90, 786.61);
insert into STATION values (4888, '.', 2925, 249303.21, 5026055.23, 786.52);
insert into STATION values (4889, '.', 2925, 249303.45, 5026055.47, 786.41);
insert into STATION values (4890, '4', 2925, 249303.68, 5026056.37, 786.09);
insert into STATION values (4891, '.', 2925, 249303.71, 5026056.32, 786.54);
insert into STATION values (4892, '.', 2925, 249304.00, 5026056.45, 786.38);
insert into STATION values (4893, '.', 2925, 249303.35, 5026055.75, 786.39);
insert into STATION values (4894, '5', 2925, 249303.30, 5026057.09, 786.19);
insert into STATION values (4895, '.', 2925, 249303.26, 5026057.08, 785.90);
insert into STATION values (4896, '.', 2925, 249302.99, 5026057.09, 785.83);
insert into STATION values (4897, '.', 2925, 249303.93, 5026057.09, 786.44);
insert into STATION values (4898, '.', 2925, 249303.76, 5026058.22, 785.89);
insert into STATION values (4899, '6', 2925, 249303.69, 5026058.01, 785.95);
insert into STATION values (4900, '.', 2925, 249304.01, 5026058.35, 785.80);
insert into STATION values (4901, '7', 2925, 249304.01, 5026058.36, 785.80);
insert into STATION values (4902, '.', 2925, 249304.01, 5026058.47, 786.09);
insert into STATION values (4903, '.', 2925, 249304.02, 5026058.51, 785.67);
insert into STATION values (4904, '.', 2925, 249303.49, 5026058.73, 785.89);
insert into STATION values (4905, '.', 2925, 249304.40, 5026060.41, 786.03);
insert into STATION values (4906, '8', 2925, 249304.42, 5026060.37, 786.10);
insert into STATION values (4907, '.', 2925, 249303.70, 5026060.90, 785.20);
insert into STATION values (4908, '.', 2925, 249303.77, 5026060.99, 785.23);
insert into STATION values (4909, '.', 2925, 249303.69, 5026060.72, 785.88);
insert into STATION values (4910, '.', 2925, 249304.34, 5026060.41, 786.20);
insert into STATION values (4911, '9', 2925, 249303.59, 5026061.84, 785.61);
insert into STATION values (4912, '.', 2925, 249304.03, 5026061.93, 785.57);
insert into STATION values (4913, '.', 2925, 249303.58, 5026061.86, 785.81);
insert into STATION values (4914, '.', 2925, 249303.64, 5026061.83, 785.27);
insert into STATION values (4915, '10', 2925, 249303.77, 5026063.70, 785.30);
insert into STATION values (4916, '.', 2925, 249303.76, 5026063.69, 785.06);
insert into STATION values (4917, '.', 2925, 249303.67, 5026063.79, 785.50);
insert into STATION values (4918, '.', 2925, 249303.19, 5026063.28, 785.28);
insert into STATION values (4919, '11', 2925, 249302.20, 5026064.96, 784.69);
insert into STATION values (4920, '.', 2925, 249302.30, 5026064.95, 784.41);
insert into STATION values (4921, '.', 2925, 249302.14, 5026065.44, 784.49);
insert into STATION values (4922, '.', 2925, 249301.84, 5026064.35, 784.51);
insert into STATION values (4923, '12', 2925, 249300.59, 5026064.86, 783.71);
insert into STATION values (4924, '.', 2925, 249300.67, 5026064.85, 783.44);
insert into STATION values (4925, '.', 2925, 249300.63, 5026065.02, 783.91);
insert into STATION values (4926, '.', 2925, 249301.01, 5026065.53, 783.81);
insert into STATION values (4927, '13', 2925, 249299.26, 5026068.30, 782.97);
insert into STATION values (4928, '.', 2925, 249300.01, 5026068.38, 783.15);
insert into STATION values (4929, '.', 2925, 249299.65, 5026068.15, 783.42);
insert into STATION values (4930, '.', 2925, 249299.47, 5026068.31, 782.70);
insert into STATION values (4931, '14', 2925, 249299.79, 5026069.44, 783.27);
insert into STATION values (4932, '.', 2925, 249298.15, 5026067.41, 782.27);
insert into STATION values (4933, '.', 2925, 249297.82, 5026068.55, 782.29);
insert into STATION values (4934, '.', 2925, 249297.79, 5026069.14, 782.39);
insert into STATION values (4935, '.', 2925, 249299.72, 5026069.50, 782.84);
insert into STATION values (4936, '.', 2925, 249299.66, 5026069.32, 783.65);
insert into STATION values (4937, '.', 2925, 249299.45, 5026069.36, 783.04);
insert into STATION values (4938, '15', 2925, 249299.19, 5026073.47, 783.63);
insert into STATION values (4939, '.', 2925, 249299.13, 5026073.82, 783.66);
insert into STATION values (4940, '.', 2925, 249299.17, 5026073.54, 783.12);
insert into STATION values (4941, '.', 2925, 249297.69, 5026073.46, 783.13);
insert into STATION values (4942, '.', 2925, 249299.06, 5026075.63, 783.43);
insert into STATION values (4943, '.', 2925, 249299.58, 5026073.55, 783.62);
insert into STATION values (4944, '16', 2925, 249297.00, 5026076.24, 782.24);
insert into STATION values (4945, '.', 2925, 249297.06, 5026076.24, 781.76);
insert into STATION values (4946, '.', 2925, 249297.45, 5026076.91, 782.26);
insert into STATION values (4947, '.', 2925, 249296.47, 5026075.60, 782.02);
insert into STATION values (4948, '17', 2925, 249294.86, 5026078.62, 781.29);
insert into STATION values (4949, '.', 2925, 249294.81, 5026078.63, 781.55);
insert into STATION values (4950, '.', 2925, 249295.46, 5026079.32, 781.63);
insert into STATION values (4951, '.', 2925, 249292.46, 5026078.34, 780.67);
insert into STATION values (4952, '18', 2925, 249292.69, 5026080.49, 780.82);
insert into STATION values (4953, '19', 2925, 249291.16, 5026087.40, 780.64);
insert into STATION values (4954, '.', 2925, 249292.69, 5026080.54, 780.48);
insert into STATION values (4955, '.', 2925, 249294.48, 5026081.60, 781.51);
insert into STATION values (4956, '.', 2925, 249290.68, 5026080.14, 780.05);
insert into STATION values (4957, '20', 2925, 249290.57, 5026080.56, 780.24);
insert into STATION values (4958, '.', 2925, 249290.58, 5026081.03, 780.47);
insert into STATION values (4959, '.', 2925, 249290.78, 5026081.05, 780.05);
insert into STATION values (4960, '.', 2925, 249291.36, 5026081.47, 780.41);
insert into STATION values (4961, '.', 2925, 249291.20, 5026081.60, 780.41);
insert into STATION values (4962, '.', 2925, 249290.95, 5026080.91, 780.33);
insert into STATION values (4963, '.', 2925, 249290.68, 5026087.38, 779.75);
insert into STATION values (4964, '.', 2925, 249288.12, 5026086.70, 779.74);
insert into STATION values (4965, '.', 2925, 249290.77, 5026087.45, 780.95);
insert into STATION values (4966, '.', 2925, 249291.79, 5026087.55, 781.04);
insert into STATION values (4967, '21', 2925, 249290.44, 5026087.70, 780.66);
insert into STATION values (4968, '.', 2925, 249290.45, 5026087.61, 779.85);
insert into STATION values (4969, '.', 2925, 249286.69, 5026089.09, 780.11);
insert into STATION values (4970, '.', 2925, 249290.74, 5026088.44, 780.49);
insert into STATION values (4971, '.', 2925, 249291.25, 5026087.72, 780.80);
insert into STATION values (4972, '.', 2925, 249290.62, 5026083.89, 780.34);
insert into STATION values (4973, '.', 2925, 249288.92, 5026085.78, 780.26);
insert into STATION values (4974, '.', 2925, 249286.37, 5026084.37, 779.73);
insert into STATION values (4975, '22', 2925, 249290.62, 5026092.41, 781.22);
insert into STATION values (4976, '.', 2925, 249290.53, 5026092.34, 780.81);
insert into STATION values (4977, '.', 2925, 249290.58, 5026092.40, 781.40);
insert into STATION values (4978, '.', 2925, 249289.77, 5026092.25, 781.10);
insert into STATION values (4979, '.', 2925, 249290.78, 5026092.47, 781.30);
insert into STATION values (4980, '.', 2925, 249289.76, 5026092.42, 781.35);
insert into STATION values (4981, '23', 2925, 249290.82, 5026099.47, 781.30);
insert into STATION values (4982, '.', 2925, 249291.05, 5026098.13, 780.54);
insert into STATION values (4983, '.', 2925, 249292.38, 5026097.17, 780.81);
insert into STATION values (4984, '.', 2925, 249292.03, 5026096.31, 780.79);
insert into STATION values (4985, '.', 2925, 249291.10, 5026099.61, 781.16);
insert into STATION values (4986, '.', 2925, 249285.27, 5026101.40, 780.49);
insert into STATION values (4987, '.', 2925, 249288.91, 5026100.43, 780.16);
insert into STATION values (4988, '.', 2925, 249286.01, 5026098.31, 780.31);
insert into STATION values (4989, '.', 2925, 249284.19, 5026106.38, 779.79);
insert into STATION values (4990, '24', 2925, 249289.15, 5026102.30, 781.32);
insert into STATION values (4991, '.', 2925, 249289.27, 5026102.26, 779.87);
insert into STATION values (4992, '.', 2925, 249284.44, 5026103.91, 780.54);
insert into STATION values (4993, '.', 2925, 249290.25, 5026101.93, 780.84);
insert into STATION values (4994, '25', 2925, 249288.89, 5026105.36, 781.40);
insert into STATION values (4995, '.', 2925, 249289.48, 5026107.64, 782.39);
insert into STATION values (4996, '.', 2925, 249291.27, 5026106.93, 781.53);
insert into STATION values (4997, '.', 2925, 249284.91, 5026115.13, 780.68);
insert into STATION values (4998, '26', 2925, 249292.91, 5026116.96, 780.48);
insert into STATION_FLAG values(4998, 'ent');
insert into STATION values (4999, '.', 2925, 249294.23, 5026115.22, 785.50);
insert into STATION values (5000, '.', 2925, 249298.89, 5026113.06, 781.89);
insert into STATION values (5001, '.', 2925, 249302.41, 5026112.24, 777.62);
insert into STATION values (5002, '.', 2925, 249289.20, 5026118.33, 782.68);
insert into STATION values (5003, '.', 2925, 249289.16, 5026118.35, 781.63);
insert into STATION values (5004, '27', 2925, 249298.00, 5026129.00, 780.00);
insert into STATION_FLAG values(5004, 'fix');
insert into STATION values (5005, 'P-0', 2982, 246034.00, 5024079.00, 1707.00);
insert into STATION_FLAG values(5005, 'ent');
insert into STATION_FLAG values(5005, 'fix');
insert into STATION values (5006, '.', 2982, 246035.20, 5024079.38, 1707.00);
insert into STATION values (5007, '.', 2982, 246034.90, 5024079.04, 1706.90);
insert into STATION values (5008, '.', 2982, 246034.01, 5024078.85, 1707.00);
insert into STATION values (5009, '.', 2982, 246034.71, 5024079.71, 1706.81);
insert into STATION values (5010, 'P-1', 2982, 246034.14, 5024079.01, 1706.79);
insert into STATION values (5011, '.', 2982, 246033.91, 5024078.24, 1706.83);
insert into STATION values (5012, '.', 2982, 246035.67, 5024076.83, 1706.85);
insert into STATION values (5013, '.', 2982, 246036.33, 5024078.78, 1706.89);
insert into STATION values (5014, '.', 2982, 246036.58, 5024080.46, 1707.23);
insert into STATION values (5015, '.', 2982, 246034.23, 5024078.58, 1707.78);
insert into STATION values (5016, 'P-2', 2982, 246033.89, 5024079.63, 1695.26);
insert into STATION values (5017, '.', 2982, 246036.58, 5024078.43, 1695.50);
insert into STATION values (5018, '.', 2982, 246033.78, 5024079.69, 1695.27);
insert into STATION values (5019, '.', 2982, 246033.06, 5024077.37, 1695.36);
insert into STATION values (5020, '.', 2982, 246035.04, 5024077.18, 1695.26);
insert into STATION values (5021, '.', 2982, 246035.51, 5024078.07, 1678.65);
insert into STATION values (5022, 'P-3', 2982, 246035.25, 5024078.08, 1679.61);
insert into STATION values (5023, '.', 2982, 246034.04, 5024079.57, 1679.92);
insert into STATION values (5024, '.', 2982, 246037.28, 5024081.78, 1679.70);
insert into STATION values (5025, '.', 2982, 246037.14, 5024079.96, 1679.61);
insert into STATION values (5026, '.', 2982, 246034.80, 5024080.23, 1679.68);
insert into STATION values (5027, 'P-4', 2982, 246039.54, 5024083.07, 1657.26);
insert into STATION values (5028, '.', 2982, 246039.65, 5024083.19, 1657.26);
insert into STATION values (5029, '.', 2982, 246036.03, 5024081.01, 1657.90);
insert into STATION values (5030, '.', 2982, 246037.19, 5024083.10, 1657.52);
insert into STATION values (5031, '.', 2982, 246033.27, 5024085.39, 1658.02);
insert into STATION values (5032, '.', 2982, 246035.66, 5024086.00, 1657.53);
insert into STATION values (5033, '.', 2982, 246036.47, 5024090.30, 1654.53);
insert into STATION values (5034, '.', 2982, 246033.89, 5024084.29, 1667.95);
insert into STATION values (5035, '.', 2982, 246039.34, 5024083.14, 1656.27);
insert into STATION values (5036, 'P-4-1', 2982, 246042.48, 5024080.23, 1654.56);
insert into STATION values (5037, '.', 2982, 246042.46, 5024076.31, 1654.11);
insert into STATION values (5038, '.', 2982, 246043.70, 5024075.34, 1653.77);
insert into STATION values (5039, '.', 2982, 246044.95, 5024076.02, 1653.44);
insert into STATION values (5040, '.', 2982, 246042.43, 5024080.24, 1655.13);
insert into STATION values (5041, '.', 2982, 246042.56, 5024080.32, 1654.00);
insert into STATION values (5042, '.', 2982, 246042.54, 5024082.27, 1654.64);
insert into STATION values (5043, '.', 2982, 246043.33, 5024081.49, 1654.61);
insert into STATION values (5044, '.', 2982, 246044.31, 5024080.72, 1654.61);
insert into STATION values (5045, 'P-4-2', 2982, 246045.23, 5024079.70, 1654.96);
insert into STATION values (5046, '.', 2982, 246044.03, 5024079.07, 1662.67);
insert into STATION values (5047, '.', 2982, 246046.51, 5024077.33, 1655.75);
insert into STATION values (5048, '.', 2982, 246044.18, 5024078.64, 1655.01);
insert into STATION values (5049, '.', 2982, 246043.78, 5024079.48, 1654.84);
insert into STATION values (5050, '.', 2982, 246045.20, 5024079.89, 1653.64);
insert into STATION values (5051, '.', 2982, 246045.33, 5024079.80, 1654.97);
insert into STATION values (5052, 'P-5', 2982, 246041.57, 5024077.79, 1655.98);
insert into STATION values (5053, '.', 2982, 246041.59, 5024078.59, 1666.45);
insert into STATION values (5054, '.', 2982, 246041.65, 5024077.73, 1655.65);
insert into STATION values (5055, '.', 2982, 246041.69, 5024077.83, 1655.98);
insert into STATION values (5056, '.', 2982, 246040.49, 5024082.44, 1656.53);
insert into STATION values (5057, '.', 2982, 246040.05, 5024078.69, 1656.02);
insert into STATION values (5058, '.', 2982, 246041.82, 5024076.06, 1656.36);
insert into STATION values (5059, '.', 2982, 246041.98, 5024076.82, 1656.22);
insert into STATION values (5060, 'P-6', 2982, 246042.22, 5024075.29, 1656.02);
insert into STATION values (5061, '.', 2982, 246042.25, 5024075.43, 1654.94);
insert into STATION values (5062, '.', 2982, 246042.09, 5024076.43, 1656.23);
insert into STATION values (5063, '.', 2982, 246041.47, 5024077.37, 1656.11);
insert into STATION values (5064, '.', 2982, 246042.09, 5024075.28, 1656.05);
insert into STATION values (5065, '.', 2982, 246041.33, 5024074.11, 1655.66);
insert into STATION values (5066, '.', 2982, 246041.91, 5024073.89, 1655.54);
insert into STATION values (5067, 'P-7', 2982, 246041.83, 5024073.88, 1655.61);
insert into STATION values (5068, '.', 2982, 246042.04, 5024075.27, 1655.94);
insert into STATION values (5069, '.', 2982, 246042.51, 5024075.78, 1656.29);
insert into STATION values (5070, '.', 2982, 246041.86, 5024073.89, 1654.40);
insert into STATION values (5071, '.', 2982, 246041.97, 5024073.92, 1655.59);
insert into STATION values (5072, '.', 2982, 246042.03, 5024072.82, 1655.71);
insert into STATION values (5073, '.', 2982, 246041.74, 5024072.83, 1655.49);
insert into STATION values (5074, '.', 2982, 246041.98, 5024071.84, 1655.12);
insert into STATION values (5075, 'P-8', 2982, 246042.04, 5024070.96, 1654.85);
insert into STATION values (5076, '.', 2982, 246041.32, 5024069.23, 1660.92);
insert into STATION values (5077, '.', 2982, 246041.75, 5024065.96, 1658.42);
insert into STATION values (5078, '.', 2982, 246041.23, 5024066.97, 1654.87);
insert into STATION values (5079, '.', 2982, 246041.01, 5024070.37, 1654.94);
insert into STATION values (5080, '.', 2982, 246042.75, 5024071.60, 1646.50);
insert into STATION values (5081, '.', 2982, 246042.19, 5024070.97, 1654.82);
insert into STATION values (5082, '.', 2982, 246041.48, 5024071.32, 1655.08);
insert into STATION values (5083, 'P-9', 2982, 246044.48, 5024070.48, 1647.18);
insert into STATION values (5084, '.', 2982, 246042.44, 5024066.42, 1666.14);
insert into STATION values (5085, '.', 2982, 246049.61, 5024059.68, 1654.91);
insert into STATION values (5086, '.', 2982, 246049.00, 5024068.21, 1650.04);
insert into STATION values (5087, '.', 2982, 246048.43, 5024071.28, 1650.84);
insert into STATION values (5088, '.', 2982, 246041.97, 5024066.50, 1647.39);
insert into STATION values (5089, '.', 2982, 246040.96, 5024069.63, 1647.48);
insert into STATION values (5090, '.', 2982, 246038.41, 5024070.59, 1647.42);
insert into STATION values (5091, '.', 2982, 246041.98, 5024074.25, 1647.80);
insert into STATION values (5092, '.', 2982, 246041.01, 5024067.77, 1645.09);
insert into STATION values (5093, 'P-10', 2982, 246044.94, 5024062.03, 1649.37);
insert into STATION values (5094, '.', 2982, 246045.20, 5024061.18, 1659.56);
insert into STATION values (5095, '.', 2982, 246044.83, 5024061.96, 1649.36);
insert into STATION values (5096, '.', 2982, 246044.37, 5024063.20, 1649.32);
insert into STATION values (5097, '.', 2982, 246045.72, 5024071.12, 1649.24);
insert into STATION values (5098, '.', 2982, 246048.20, 5024066.74, 1649.62);
insert into STATION values (5099, '.', 2982, 246046.90, 5024061.87, 1649.50);
insert into STATION values (5100, '.', 2982, 246045.08, 5024062.09, 1648.45);
insert into STATION values (5101, 'P-11', 2982, 246045.71, 5024061.27, 1654.30);
insert into STATION values (5102, '.', 2982, 246044.85, 5024061.65, 1659.69);
insert into STATION values (5103, '.', 2982, 246047.04, 5024059.03, 1654.56);
insert into STATION values (5104, '.', 2982, 246045.73, 5024060.54, 1654.36);
insert into STATION values (5105, '.', 2982, 246045.38, 5024060.88, 1654.19);
insert into STATION values (5106, '.', 2982, 246045.81, 5024061.36, 1654.30);
insert into STATION values (5107, '.', 2982, 246045.90, 5024061.23, 1648.89);
insert into STATION values (5108, '.', 2982, 246044.19, 5024062.85, 1654.14);
insert into STATION values (5109, '.', 2982, 246045.26, 5024058.31, 1655.05);
insert into STATION values (5110, 'P-12', 2982, 246047.25, 5024058.62, 1654.03);
insert into STATION values (5111, '.', 2982, 246047.01, 5024058.27, 1655.82);
insert into STATION values (5112, '.', 2982, 246048.49, 5024057.57, 1654.55);
insert into STATION values (5113, '.', 2982, 246049.12, 5024057.83, 1654.58);
insert into STATION values (5114, '.', 2982, 246047.35, 5024058.68, 1653.26);
insert into STATION values (5115, '.', 2982, 246046.48, 5024059.32, 1654.27);
insert into STATION values (5116, '.', 2982, 246047.34, 5024058.72, 1654.03);
insert into STATION values (5117, 'P-13', 2982, 246049.60, 5024057.18, 1654.03);
insert into STATION values (5118, '.', 2982, 246048.23, 5024057.09, 1657.36);
insert into STATION values (5119, '.', 2982, 246049.66, 5024057.21, 1654.15);
insert into STATION values (5120, '.', 2982, 246049.34, 5024057.13, 1653.99);
insert into STATION values (5121, '.', 2982, 246049.74, 5024057.21, 1652.92);
insert into STATION values (5122, '.', 2982, 246046.72, 5024058.83, 1654.25);
insert into STATION values (5123, '.', 2982, 246048.60, 5024058.20, 1654.36);
insert into STATION values (5124, '.', 2982, 246049.52, 5024056.09, 1653.79);
insert into STATION values (5125, '.', 2982, 246049.48, 5024056.10, 1653.79);
insert into STATION values (5126, '.', 2982, 246049.48, 5024056.10, 1653.84);
insert into STATION values (5127, 'P-14', 2982, 246049.48, 5024056.04, 1653.81);
insert into STATION values (5128, '.', 2982, 246048.94, 5024056.35, 1655.38);
insert into STATION values (5129, '.', 2982, 246049.28, 5024056.32, 1653.75);
insert into STATION values (5130, '.', 2982, 246049.56, 5024055.92, 1653.84);
insert into STATION values (5131, '.', 2982, 246049.49, 5024056.17, 1652.56);
insert into STATION values (5132, '.', 2982, 246049.79, 5024056.80, 1653.91);
insert into STATION values (5133, '.', 2982, 246049.48, 5024056.62, 1653.75);
insert into STATION values (5134, 'P-15', 2982, 246048.68, 5024055.62, 1653.67);
insert into STATION values (5135, '.', 2982, 246048.87, 5024055.77, 1654.73);
insert into STATION values (5136, '.', 2982, 246049.48, 5024054.02, 1653.81);
insert into STATION values (5137, '.', 2982, 246049.46, 5024054.90, 1653.89);
insert into STATION values (5138, '.', 2982, 246048.53, 5024055.65, 1653.66);
insert into STATION values (5139, '.', 2982, 246048.96, 5024055.58, 1652.64);
insert into STATION values (5140, '.', 2982, 246049.22, 5024055.69, 1653.75);
insert into STATION values (5141, '.', 2982, 246049.80, 5024056.47, 1653.86);
insert into STATION values (5142, '.', 2982, 246049.81, 5024056.88, 1653.69);
insert into STATION values (5143, 'P-16', 2982, 246049.32, 5024054.00, 1653.67);
insert into STATION values (5144, '.', 2982, 246048.76, 5024054.30, 1657.28);
insert into STATION values (5145, '.', 2982, 246047.69, 5024053.17, 1653.98);
insert into STATION values (5146, '.', 2982, 246048.63, 5024053.51, 1653.80);
insert into STATION values (5147, '.', 2982, 246049.00, 5024054.23, 1653.72);
insert into STATION values (5148, '.', 2982, 246049.41, 5024053.89, 1653.70);
insert into STATION values (5149, '.', 2982, 246049.39, 5024054.03, 1651.92);
insert into STATION values (5150, 'P-17', 2982, 246047.56, 5024052.93, 1653.35);
insert into STATION values (5151, '.', 2982, 246047.73, 5024052.98, 1655.22);
insert into STATION values (5152, '.', 2982, 246047.46, 5024052.36, 1653.56);
insert into STATION values (5153, '.', 2982, 246047.77, 5024052.50, 1653.33);
insert into STATION values (5154, '.', 2982, 246047.87, 5024052.87, 1653.35);
insert into STATION values (5155, '.', 2982, 246047.33, 5024052.66, 1651.64);
insert into STATION values (5156, '.', 2982, 246047.43, 5024052.98, 1653.35);
insert into STATION values (5157, '.', 2982, 246048.03, 5024053.15, 1653.55);
insert into STATION values (5158, 'P-18', 2982, 246047.76, 5024051.27, 1653.40);
insert into STATION values (5159, '.', 2982, 246047.34, 5024051.29, 1655.56);
insert into STATION values (5160, '.', 2982, 246047.55, 5024051.35, 1653.37);
insert into STATION values (5161, '.', 2982, 246047.86, 5024051.18, 1653.44);
insert into STATION values (5162, '.', 2982, 246047.28, 5024050.93, 1653.35);
insert into STATION values (5163, '.', 2982, 246046.69, 5024051.17, 1653.28);
insert into STATION values (5164, '.', 2982, 246048.01, 5024051.48, 1651.43);
insert into STATION values (5165, 'P-19', 2982, 246045.63, 5024050.68, 1652.95);
insert into STATION values (5166, '.', 2982, 246045.57, 5024050.42, 1654.13);
insert into STATION values (5167, '.', 2982, 246045.35, 5024049.91, 1653.05);
insert into STATION values (5168, '.', 2982, 246045.23, 5024050.14, 1652.99);
insert into STATION values (5169, '.', 2982, 246045.72, 5024050.76, 1650.60);
insert into STATION values (5170, '.', 2982, 246045.74, 5024050.49, 1652.94);
insert into STATION values (5171, '.', 2982, 246045.53, 5024050.78, 1652.95);
insert into STATION values (5172, '.', 2982, 246046.63, 5024050.91, 1653.07);
insert into STATION values (5173, 'P-20', 2982, 246044.90, 5024049.48, 1652.99);
insert into STATION values (5174, '.', 2982, 246045.18, 5024049.73, 1657.52);
insert into STATION values (5175, '.', 2982, 246045.51, 5024050.02, 1653.14);
insert into STATION values (5176, '.', 2982, 246045.11, 5024049.93, 1653.05);
insert into STATION values (5177, '.', 2982, 246044.79, 5024049.68, 1652.99);
insert into STATION values (5178, '.', 2982, 246044.98, 5024049.35, 1653.03);
insert into STATION values (5179, '.', 2982, 246045.29, 5024049.88, 1650.48);
insert into STATION values (5180, '.', 2982, 246044.02, 5024049.34, 1652.79);
insert into STATION values (5181, 'P-21', 2982, 246043.85, 5024049.46, 1652.45);
insert into STATION values (5182, '.', 2982, 246043.78, 5024049.34, 1652.49);
insert into STATION values (5183, '.', 2982, 246044.07, 5024049.81, 1652.40);
insert into STATION values (5184, '.', 2982, 246043.47, 5024050.01, 1652.55);
insert into STATION values (5185, '.', 2982, 246043.90, 5024049.60, 1655.08);
insert into STATION values (5186, '.', 2982, 246043.53, 5024049.73, 1650.28);
insert into STATION values (5187, '.', 2982, 246044.85, 5024049.08, 1652.55);
insert into STATION values (5188, '.', 2982, 246044.36, 5024049.52, 1652.48);
insert into STATION values (5189, 'P-22', 2982, 246042.78, 5024050.08, 1651.84);
insert into STATION values (5190, '.', 2982, 246042.71, 5024048.75, 1655.02);
insert into STATION values (5191, '.', 2982, 246042.69, 5024048.90, 1651.81);
insert into STATION values (5192, '.', 2982, 246042.92, 5024049.38, 1651.86);
insert into STATION values (5193, '.', 2982, 246043.11, 5024049.53, 1651.82);
insert into STATION values (5194, '.', 2982, 246042.68, 5024050.16, 1651.80);
insert into STATION values (5195, '.', 2982, 246042.86, 5024050.12, 1650.25);
insert into STATION values (5196, '.', 2982, 246044.16, 5024049.71, 1652.13);
insert into STATION values (5197, '.', 2982, 246043.76, 5024049.07, 1652.07);
insert into STATION values (5198, 'P-23', 2982, 246042.65, 5024047.89, 1651.40);
insert into STATION values (5199, '.', 2982, 246042.39, 5024048.35, 1654.34);
insert into STATION values (5200, '.', 2982, 246041.24, 5024046.02, 1651.27);
insert into STATION values (5201, '.', 2982, 246042.11, 5024048.16, 1651.35);
insert into STATION values (5202, '.', 2982, 246042.75, 5024047.80, 1651.46);
insert into STATION values (5203, '.', 2982, 246042.45, 5024047.67, 1648.73);
insert into STATION values (5204, '.', 2982, 246042.97, 5024048.79, 1651.60);
insert into STATION values (5205, '.', 2982, 246041.04, 5024045.88, 1651.01);
insert into STATION values (5206, 'P-24', 2982, 246041.16, 5024046.05, 1651.04);
insert into STATION values (5207, '.', 2982, 246039.82, 5024046.65, 1650.91);
insert into STATION values (5208, '.', 2982, 246039.24, 5024045.66, 1650.91);
insert into STATION values (5209, '.', 2982, 246041.15, 5024045.91, 1651.12);
insert into STATION values (5210, '.', 2982, 246041.01, 5024046.63, 1650.95);
insert into STATION values (5211, '.', 2982, 246042.19, 5024046.77, 1650.98);
insert into STATION values (5212, '.', 2982, 246041.87, 5024047.11, 1650.95);
insert into STATION values (5213, '.', 2982, 246041.19, 5024046.03, 1647.78);
insert into STATION values (5214, 'P-25', 2982, 246039.51, 5024046.13, 1651.30);
insert into STATION values (5215, '.', 2982, 246039.40, 5024046.20, 1651.37);
insert into STATION values (5216, '.', 2982, 246039.61, 5024045.96, 1647.29);
insert into STATION values (5217, '.', 2982, 246040.21, 5024046.38, 1656.86);
insert into STATION values (5218, '.', 2982, 246040.09, 5024045.76, 1651.23);
insert into STATION values (5219, '.', 2982, 246039.13, 5024045.39, 1651.29);
insert into STATION values (5220, '.', 2982, 246039.49, 5024044.96, 1651.28);
insert into STATION values (5221, '.', 2982, 246040.91, 5024046.77, 1651.24);
insert into STATION values (5222, 'P-26', 2982, 246039.46, 5024044.87, 1651.54);
insert into STATION values (5223, '.', 2982, 246039.49, 5024044.74, 1651.60);
insert into STATION values (5224, '.', 2982, 246038.93, 5024044.88, 1658.21);
insert into STATION values (5225, '.', 2982, 246039.29, 5024045.16, 1651.55);
insert into STATION values (5226, '.', 2982, 246038.21, 5024044.45, 1652.00);
insert into STATION values (5227, '.', 2982, 246039.34, 5024044.88, 1649.90);
insert into STATION values (5228, 'P-27', 2982, 246036.28, 5024044.03, 1652.49);
insert into STATION values (5229, '.', 2982, 246036.91, 5024043.68, 1652.52);
insert into STATION values (5230, '.', 2982, 246036.82, 5024044.52, 1652.44);
insert into STATION values (5231, '.', 2982, 246036.12, 5024044.08, 1652.57);
insert into STATION values (5232, '.', 2982, 246036.41, 5024043.88, 1647.94);
insert into STATION values (5233, '.', 2982, 246036.60, 5024042.68, 1652.51);
insert into STATION values (5234, '.', 2982, 246037.18, 5024042.78, 1652.51);
insert into STATION values (5235, 'P-28', 2982, 246037.10, 5024042.38, 1653.71);
insert into STATION values (5236, '.', 2982, 246037.24, 5024042.42, 1653.74);
insert into STATION values (5237, '.', 2982, 246036.72, 5024042.13, 1657.15);
insert into STATION values (5238, '.', 2982, 246036.63, 5024041.45, 1653.65);
insert into STATION values (5239, '.', 2982, 246035.82, 5024041.37, 1653.64);
insert into STATION values (5240, '.', 2982, 246036.71, 5024043.23, 1653.66);
insert into STATION values (5241, '.', 2982, 246036.49, 5024042.67, 1653.66);
insert into STATION values (5242, '.', 2982, 246037.26, 5024042.25, 1649.15);
insert into STATION values (5243, 'P-29', 2982, 246036.09, 5024040.98, 1653.92);
insert into STATION values (5244, '.', 2982, 246036.04, 5024040.84, 1653.96);
insert into STATION values (5245, '.', 2982, 246035.95, 5024040.29, 1659.44);
insert into STATION values (5246, '.', 2982, 246035.69, 5024039.74, 1654.17);
insert into STATION values (5247, '.', 2982, 246036.52, 5024040.86, 1653.99);
insert into STATION values (5248, '.', 2982, 246036.84, 5024042.56, 1653.95);
insert into STATION values (5249, '.', 2982, 246035.84, 5024041.48, 1653.94);
insert into STATION values (5250, '.', 2982, 246032.74, 5024039.16, 1654.24);
insert into STATION values (5251, '.', 2982, 246035.46, 5024041.27, 1640.61);
insert into STATION values (5252, '.', 2982, 246035.49, 5024041.17, 1641.59);
insert into STATION values (5253, 'P-30', 2982, 246035.39, 5024040.13, 1643.09);
insert into STATION values (5254, '.', 2982, 246035.36, 5024039.97, 1643.11);
insert into STATION values (5255, '.', 2982, 246035.38, 5024040.73, 1651.38);
insert into STATION values (5256, '.', 2982, 246032.97, 5024039.65, 1643.31);
insert into STATION values (5257, '.', 2982, 246030.52, 5024041.48, 1643.07);
insert into STATION values (5258, '.', 2982, 246033.70, 5024041.27, 1642.98);
insert into STATION values (5259, '.', 2982, 246034.94, 5024041.41, 1642.93);
insert into STATION values (5260, '.', 2982, 246035.30, 5024040.29, 1641.23);
insert into STATION values (5261, '.', 2982, 246037.13, 5024043.44, 1644.15);
insert into STATION values (5262, '.', 2982, 246036.82, 5024041.15, 1643.38);
insert into STATION values (5263, 'P-31', 2982, 246031.40, 5024040.82, 1640.87);
insert into STATION values (5264, '.', 2982, 246031.33, 5024040.70, 1640.95);
insert into STATION values (5265, '.', 2982, 246029.87, 5024042.84, 1641.26);
insert into STATION values (5266, '.', 2982, 246030.23, 5024041.61, 1641.18);
insert into STATION values (5267, '.', 2982, 246030.92, 5024040.87, 1652.98);
insert into STATION values (5268, '.', 2982, 246036.66, 5024040.99, 1642.41);
insert into STATION values (5269, '.', 2982, 246031.92, 5024041.77, 1640.89);
insert into STATION values (5270, '.', 2982, 246031.41, 5024040.77, 1638.82);
insert into STATION values (5271, 'P-32', 2982, 246029.25, 5024042.63, 1641.83);
insert into STATION values (5272, '.', 2982, 246029.26, 5024042.77, 1641.89);
insert into STATION values (5273, '.', 2982, 246029.10, 5024041.22, 1650.68);
insert into STATION values (5274, '.', 2982, 246029.39, 5024042.06, 1641.83);
insert into STATION values (5275, '.', 2982, 246028.34, 5024042.43, 1635.80);
insert into STATION values (5276, '.', 2982, 246027.63, 5024042.05, 1642.33);
insert into STATION values (5277, '.', 2982, 246028.80, 5024041.62, 1642.03);
insert into STATION values (5278, '.', 2982, 246031.44, 5024041.92, 1641.46);
insert into STATION values (5279, '.', 2982, 246030.29, 5024041.64, 1641.62);
insert into STATION values (5280, 'P-33', 2982, 246027.06, 5024039.38, 1642.97);
insert into STATION values (5281, '.', 2982, 246027.04, 5024039.23, 1642.99);
insert into STATION values (5282, '.', 2982, 246025.06, 5024039.64, 1656.43);
insert into STATION values (5283, '.', 2982, 246028.53, 5024041.37, 1643.17);
insert into STATION values (5284, '.', 2982, 246027.62, 5024041.01, 1643.23);
insert into STATION values (5285, '.', 2982, 246026.84, 5024040.23, 1642.89);
insert into STATION values (5286, '.', 2982, 246024.75, 5024041.11, 1642.91);
insert into STATION values (5287, '.', 2982, 246025.07, 5024039.47, 1642.83);
insert into STATION values (5288, 'P-34', 2982, 246026.40, 5024040.53, 1636.58);
insert into STATION values (5289, '.', 2982, 246026.49, 5024040.66, 1636.62);
insert into STATION values (5290, '.', 2982, 246028.33, 5024039.81, 1637.05);
insert into STATION values (5291, '.', 2982, 246029.26, 5024042.87, 1637.03);
insert into STATION values (5292, '.', 2982, 246025.46, 5024039.42, 1655.50);
insert into STATION values (5293, '.', 2982, 246026.59, 5024039.42, 1636.47);
insert into STATION values (5294, '.', 2982, 246024.82, 5024040.61, 1636.77);
insert into STATION values (5295, '.', 2982, 246023.35, 5024039.08, 1637.17);
insert into STATION values (5296, '.', 2982, 246025.28, 5024039.13, 1636.88);
insert into STATION values (5297, 'P-35', 2982, 246024.29, 5024039.30, 1629.98);
insert into STATION values (5298, '.', 2982, 246024.41, 5024039.22, 1629.97);
insert into STATION values (5299, '.', 2982, 246023.96, 5024039.62, 1637.84);
insert into STATION values (5300, '.', 2982, 246026.44, 5024040.68, 1630.21);
insert into STATION values (5301, '.', 2982, 246023.78, 5024040.65, 1630.07);
insert into STATION values (5302, '.', 2982, 246019.40, 5024038.35, 1629.36);
insert into STATION values (5303, '.', 2982, 246006.75, 5024043.88, 1630.30);
insert into STATION values (5304, '.', 2982, 246019.71, 5024043.10, 1630.17);
insert into STATION values (5305, '.', 2982, 246010.95, 5024037.55, 1629.44);
insert into STATION values (5306, '.', 2982, 246014.13, 5024043.94, 1630.82);
insert into STATION values (5307, '.', 2982, 246023.81, 5024040.34, 1617.70);
insert into STATION values (5308, 'P-36', 2982, 246010.40, 5024043.98, 1620.72);
insert into STATION values (5309, '.', 2982, 246010.42, 5024043.99, 1620.56);
insert into STATION values (5310, '.', 2982, 246009.92, 5024043.60, 1643.98);
insert into STATION values (5311, '.', 2982, 246017.11, 5024035.68, 1622.66);
insert into STATION values (5312, '.', 2982, 246024.68, 5024041.59, 1622.42);
insert into STATION values (5313, '.', 2982, 246012.12, 5024056.08, 1621.34);
insert into STATION values (5314, '.', 2982, 246004.96, 5024037.89, 1621.57);
insert into STATION values (5315, '.', 2982, 245997.67, 5024046.71, 1622.41);
insert into STATION values (5316, '.', 2982, 245999.02, 5024052.10, 1622.38);
insert into STATION values (5317, '.', 2982, 246013.80, 5024055.59, 1612.80);
insert into STATION values (5318, '.', 2982, 246003.57, 5024048.05, 1616.75);
insert into STATION values (5319, '.', 2982, 246017.59, 5024037.34, 1617.80);
insert into STATION values (5320, 'P-37', 2982, 246004.35, 5024053.70, 1618.49);
insert into STATION values (5321, '.', 2982, 246004.41, 5024053.63, 1618.36);
insert into STATION values (5322, '.', 2982, 246004.30, 5024053.68, 1617.64);
insert into STATION values (5323, '.', 2982, 246005.11, 5024051.80, 1625.77);
insert into STATION values (5324, '.', 2982, 245997.88, 5024047.26, 1620.73);
insert into STATION values (5325, '.', 2982, 246004.06, 5024054.91, 1618.56);
insert into STATION values (5326, '.', 2982, 246018.07, 5024055.75, 1618.54);
insert into STATION values (5327, '.', 2982, 246019.61, 5024038.64, 1620.14);
insert into STATION values (5328, '.', 2982, 246008.74, 5024035.38, 1621.98);
insert into STATION values (5329, 'P-38', 2982, 245998.40, 5024050.81, 1626.93);
insert into STATION values (5330, '.', 2982, 245997.63, 5024050.77, 1618.29);
insert into STATION values (5331, '.', 2982, 245998.26, 5024050.79, 1626.92);
insert into STATION values (5332, '.', 2982, 245998.02, 5024051.78, 1627.09);
insert into STATION values (5333, '.', 2982, 245998.07, 5024050.69, 1626.93);
insert into STATION values (5334, '.', 2982, 245998.62, 5024050.35, 1626.93);
insert into STATION values (5335, '.', 2982, 245998.25, 5024051.17, 1628.20);
insert into STATION values (5336, '.', 2982, 245998.45, 5024050.01, 1631.22);
insert into STATION values (5337, '.', 2982, 245996.47, 5024052.36, 1628.62);
insert into STATION values (5338, '.', 2982, 245998.15, 5024050.36, 1627.07);
insert into STATION values (5339, 'P-39', 2982, 245994.51, 5024051.28, 1629.73);
insert into STATION values (5340, '.', 2982, 245994.48, 5024051.45, 1629.78);
insert into STATION values (5341, '.', 2982, 245997.07, 5024050.03, 1664.34);
insert into STATION values (5342, '.', 2982, 245996.09, 5024048.81, 1629.77);
insert into STATION values (5343, '.', 2982, 245998.51, 5024051.93, 1629.76);
insert into STATION values (5344, '.', 2982, 245998.15, 5024049.31, 1629.57);
insert into STATION values (5345, '.', 2982, 245994.43, 5024051.44, 1627.58);
insert into STATION values (5346, '.', 2982, 245993.14, 5024050.35, 1629.94);
insert into STATION values (5347, '.', 2982, 245994.52, 5024048.02, 1629.56);
insert into STATION values (5348, '0', 3105, 245807.13, 5023824.50, 1676.21);
insert into STATION values (5349, '.', 3105, 245810.52, 5023824.32, 1675.87);
insert into STATION values (5350, '.', 3105, 245808.79, 5023823.40, 1676.13);
insert into STATION values (5351, '.', 3105, 245806.96, 5023822.80, 1676.21);
insert into STATION values (5352, '.', 3105, 245803.82, 5023821.77, 1675.83);
insert into STATION values (5353, '.', 3105, 245803.59, 5023824.31, 1676.19);
insert into STATION values (5354, '.', 3105, 245806.35, 5023825.56, 1676.21);
insert into STATION values (5355, '.', 3105, 245806.92, 5023824.54, 1674.92);
insert into STATION values (5356, '.', 3105, 245803.01, 5023822.27, 1672.95);
insert into STATION values (5357, '.', 3105, 245809.78, 5023823.59, 1673.04);
insert into STATION values (5358, '.', 3105, 245803.46, 5023823.63, 1673.98);
insert into STATION values (5359, '1', 3105, 245808.97, 5023823.61, 1688.96);
insert into STATION values (5360, '.', 3105, 245807.17, 5023825.98, 1688.77);
insert into STATION values (5361, '.', 3105, 245805.20, 5023824.68, 1688.52);
insert into STATION values (5362, '.', 3105, 245804.02, 5023822.97, 1688.27);
insert into STATION values (5363, '.', 3105, 245807.91, 5023823.29, 1688.94);
insert into STATION values (5364, '.', 3105, 245808.61, 5023823.30, 1688.97);
insert into STATION values (5365, '2', 3105, 245809.00, 5023824.00, 1696.00);
insert into STATION_FLAG values(5365, 'ent');
insert into STATION_FLAG values(5365, 'fix');
insert into STATION values (5366, '3', 3105, 245812.99, 5023825.09, 1698.75);
insert into STATION values (5367, '.', 3105, 245809.99, 5023824.08, 1696.04);
insert into STATION values (5368, '.', 3105, 245810.85, 5023823.16, 1696.06);
insert into STATION values (5369, '.', 3105, 245810.74, 5023822.40, 1695.80);
insert into STATION values (5370, '.', 3105, 245808.50, 5023823.21, 1695.91);
insert into STATION values (5371, '.', 3105, 245808.77, 5023822.63, 1695.90);
insert into STATION values (5372, '1', 3140, 245438.29, 5021953.47, 1507.60);
insert into STATION values (5373, '.', 3140, 245438.65, 5021953.70, 1508.13);
insert into STATION values (5374, '.', 3140, 245439.80, 5021952.77, 1507.40);
insert into STATION values (5375, '.', 3140, 245437.76, 5021953.33, 1505.99);
insert into STATION values (5376, '.', 3140, 245437.66, 5021953.29, 1506.01);
insert into STATION values (5377, '.', 3140, 245438.71, 5021954.15, 1507.18);
insert into STATION values (5378, '.', 3140, 245438.03, 5021954.00, 1507.60);
insert into STATION values (5379, '.', 3140, 245439.56, 5021953.60, 1507.75);
insert into STATION values (5380, '.', 3140, 245438.41, 5021954.13, 1507.69);
insert into STATION values (5381, '.', 3140, 245438.80, 5021953.79, 1508.13);
insert into STATION values (5382, '.', 3140, 245438.79, 5021954.14, 1507.97);
insert into STATION values (5383, '.', 3140, 245439.28, 5021953.89, 1507.79);
insert into STATION values (5384, '.', 3140, 245439.87, 5021952.73, 1507.60);
insert into STATION values (5385, '2', 3140, 245437.80, 5021953.00, 1505.72);
insert into STATION values (5386, '3', 3140, 245440.05, 5021953.62, 1507.10);
insert into STATION values (5387, '.', 3140, 245439.40, 5021954.30, 1507.46);
insert into STATION values (5388, '.', 3140, 245439.96, 5021953.56, 1506.91);
insert into STATION values (5389, '.', 3140, 245440.11, 5021953.52, 1506.39);
insert into STATION values (5390, '.', 3140, 245440.41, 5021954.43, 1507.07);
insert into STATION values (5391, '.', 3140, 245439.92, 5021954.83, 1507.37);
insert into STATION values (5392, '.', 3140, 245440.04, 5021953.14, 1506.97);
insert into STATION values (5393, '.', 3140, 245439.54, 5021952.64, 1507.17);
insert into STATION values (5394, '.', 3140, 245440.33, 5021953.30, 1506.85);
insert into STATION values (5395, '.', 3140, 245441.02, 5021953.44, 1506.43);
insert into STATION values (5396, '.', 3140, 245440.93, 5021953.32, 1506.00);
insert into STATION values (5397, '.', 3140, 245441.29, 5021952.96, 1506.38);
insert into STATION values (5398, '4', 3140, 245442.45, 5021952.17, 1505.63);
insert into STATION values (5399, '.', 3140, 245442.46, 5021952.17, 1505.82);
insert into STATION values (5400, '.', 3140, 245442.13, 5021952.65, 1505.99);
insert into STATION values (5401, '.', 3140, 245442.06, 5021951.46, 1505.65);
insert into STATION values (5402, '.', 3140, 245442.38, 5021952.13, 1505.45);
insert into STATION values (5403, '.', 3140, 245442.06, 5021952.80, 1506.09);
insert into STATION values (5404, '.', 3140, 245441.58, 5021952.53, 1505.99);
insert into STATION values (5405, '.', 3140, 245442.26, 5021952.36, 1505.74);
insert into STATION values (5406, '.', 3140, 245442.59, 5021951.65, 1505.40);
insert into STATION values (5407, '.', 3140, 245442.78, 5021951.00, 1505.73);
insert into STATION values (5408, '.', 3140, 245443.10, 5021951.41, 1505.86);
insert into STATION values (5409, '.', 3140, 245443.47, 5021950.80, 1506.12);
insert into STATION values (5410, '5', 3140, 245443.01, 5021951.00, 1505.88);
insert into STATION values (5411, '.', 3140, 245443.21, 5021951.29, 1505.85);
insert into STATION values (5412, '.', 3140, 245443.13, 5021951.14, 1505.13);
insert into STATION values (5413, '.', 3140, 245442.56, 5021951.10, 1505.78);
insert into STATION values (5414, '.', 3140, 245442.96, 5021951.68, 1505.92);
insert into STATION values (5415, '.', 3140, 245442.74, 5021951.43, 1506.63);
insert into STATION values (5416, '.', 3140, 245443.51, 5021950.87, 1506.13);
insert into STATION values (5417, '.', 3140, 245443.78, 5021951.09, 1505.95);
insert into STATION values (5418, '.', 3140, 245443.66, 5021950.60, 1505.71);
insert into STATION values (5419, '6', 3140, 245444.25, 5021951.26, 1506.64);
insert into STATION values (5420, '.', 3140, 245444.83, 5021951.51, 1506.50);
insert into STATION values (5421, '.', 3140, 245444.55, 5021951.16, 1507.17);
insert into STATION values (5422, '.', 3140, 245444.79, 5021950.82, 1506.43);
insert into STATION values (5423, '.', 3140, 245443.79, 5021951.84, 1506.66);
insert into STATION values (5424, '.', 3140, 245444.42, 5021951.18, 1505.57);
insert into STATION values (5425, '.', 3140, 245443.91, 5021950.95, 1506.51);
insert into STATION values (5426, '.', 3140, 245445.00, 5021951.21, 1506.06);
insert into STATION values (5427, '.', 3140, 245444.74, 5021951.50, 1506.24);
insert into STATION values (5428, '.', 3140, 245444.85, 5021951.32, 1506.36);
insert into STATION values (5429, '.', 3140, 245444.88, 5021951.39, 1505.83);
insert into STATION values (5430, '.', 3140, 245443.76, 5021951.13, 1506.37);
insert into STATION values (5431, '.', 3140, 245443.63, 5021951.41, 1506.30);
insert into STATION values (5432, '.', 3140, 245443.35, 5021951.34, 1506.03);
insert into STATION values (5433, '.', 3140, 245443.23, 5021951.33, 1506.45);
insert into STATION values (5434, '7', 3140, 245445.61, 5021951.38, 1505.57);
insert into STATION values (5435, '.', 3140, 245445.63, 5021951.36, 1506.14);
insert into STATION values (5436, '.', 3140, 245445.84, 5021950.93, 1506.13);
insert into STATION values (5437, '.', 3140, 245445.33, 5021951.82, 1506.18);
insert into STATION values (5438, '.', 3140, 245446.86, 5021950.80, 1506.03);
insert into STATION values (5439, '.', 3140, 245446.24, 5021951.70, 1505.71);
insert into STATION values (5440, '.', 3140, 245446.33, 5021952.32, 1505.71);
insert into STATION values (5441, '.', 3140, 245445.36, 5021953.13, 1506.38);
insert into STATION values (5442, '.', 3140, 245445.35, 5021952.65, 1506.37);
insert into STATION values (5443, '.', 3140, 245445.21, 5021951.17, 1506.01);
insert into STATION values (5444, '.', 3140, 245444.78, 5021951.68, 1506.16);
insert into STATION values (5445, '.', 3140, 245444.85, 5021952.09, 1506.17);
insert into STATION values (5446, '.', 3140, 245446.20, 5021953.54, 1506.68);
insert into STATION values (5447, '.', 3140, 245446.36, 5021952.37, 1506.07);
insert into STATION values (5448, '8', 3140, 245446.40, 5021953.38, 1506.68);
insert into STATION values (5449, '.', 3140, 245447.09, 5021952.80, 1506.73);
insert into STATION values (5450, '.', 3140, 245448.25, 5021951.46, 1506.03);
insert into STATION values (5451, '.', 3140, 245447.02, 5021951.15, 1506.28);
insert into STATION values (5452, '.', 3140, 245446.54, 5021951.70, 1506.51);
insert into STATION values (5453, '.', 3140, 245446.12, 5021953.07, 1506.76);
insert into STATION values (5454, '.', 3140, 245446.02, 5021952.49, 1506.89);
insert into STATION values (5455, '.', 3140, 245446.84, 5021952.66, 1506.17);
insert into STATION values (5456, '.', 3140, 245446.60, 5021952.62, 1507.33);
insert into STATION values (5457, '.', 3140, 245446.36, 5021953.09, 1508.68);
insert into STATION values (5458, '.', 3140, 245446.26, 5021953.12, 1507.23);
insert into STATION values (5459, '.', 3140, 245446.65, 5021952.95, 1507.58);
insert into STATION values (5460, '.', 3140, 245449.99, 5021954.07, 1506.54);
insert into STATION values (5461, '9', 3140, 245449.95, 5021954.06, 1506.60);
insert into STATION values (5462, '.', 3140, 245446.32, 5021953.90, 1507.07);
insert into STATION values (5463, '10', 3140, 245446.55, 5021952.70, 1508.48);
insert into STATION values (5464, '.', 3140, 245447.00, 5021952.88, 1508.36);
insert into STATION values (5465, '.', 3140, 245446.20, 5021953.56, 1508.45);
insert into STATION values (5466, '.', 3140, 245445.26, 5021953.09, 1508.48);
insert into STATION values (5467, '.', 3140, 245442.77, 5021952.25, 1509.06);
insert into STATION values (5468, '.', 3140, 245444.14, 5021951.02, 1508.63);
insert into STATION values (5469, '.', 3140, 245444.29, 5021950.83, 1508.52);
insert into STATION values (5470, '.', 3140, 245446.94, 5021952.80, 1508.17);
insert into STATION values (5471, '.', 3140, 245446.47, 5021951.24, 1507.87);
insert into STATION values (5472, '.', 3140, 245441.44, 5021945.93, 1507.68);
insert into STATION values (5473, '.', 3140, 245441.58, 5021947.58, 1508.12);
insert into STATION values (5474, '.', 3140, 245446.50, 5021952.64, 1507.79);
insert into STATION values (5475, '.', 3140, 245445.74, 5021952.09, 1507.64);
insert into STATION values (5476, '.', 3140, 245444.30, 5021951.95, 1508.03);
insert into STATION values (5477, '11', 3140, 245443.24, 5021951.20, 1508.88);
insert into STATION values (5478, '.', 3140, 245447.25, 5021946.96, 1505.98);
insert into STATION values (5479, '.', 3140, 245444.49, 5021944.59, 1506.37);
insert into STATION values (5480, '.', 3140, 245442.49, 5021942.78, 1506.28);
insert into STATION values (5481, '.', 3140, 245440.53, 5021944.03, 1507.72);
insert into STATION values (5482, '.', 3140, 245439.17, 5021946.12, 1509.14);
insert into STATION values (5483, '.', 3140, 245441.03, 5021949.93, 1509.96);
insert into STATION values (5484, '.', 3140, 245441.50, 5021950.34, 1509.54);
insert into STATION values (5485, '.', 3140, 245442.02, 5021949.67, 1508.62);
insert into STATION values (5486, '.', 3140, 245442.12, 5021952.24, 1509.76);
insert into STATION values (5487, '.', 3140, 245441.68, 5021952.50, 1510.55);
insert into STATION values (5488, '.', 3140, 245443.20, 5021951.13, 1509.31);
insert into STATION values (5489, '.', 3140, 245443.98, 5021950.89, 1508.62);
insert into STATION values (5490, '.', 3140, 245446.36, 5021948.88, 1507.43);
insert into STATION values (5491, '12', 3140, 245439.86, 5021949.76, 1510.34);
insert into STATION values (5492, '.', 3140, 245440.02, 5021949.89, 1510.84);
insert into STATION values (5493, '.', 3140, 245441.79, 5021952.16, 1511.26);
insert into STATION values (5494, '.', 3140, 245444.58, 5021949.46, 1507.40);
insert into STATION values (5495, '.', 3140, 245444.28, 5021946.87, 1506.96);
insert into STATION values (5496, '.', 3140, 245440.27, 5021949.75, 1510.27);
insert into STATION values (5497, '.', 3140, 245440.37, 5021949.80, 1509.74);
insert into STATION values (5498, '.', 3140, 245439.33, 5021948.38, 1510.23);
insert into STATION values (5499, '.', 3140, 245439.29, 5021949.02, 1510.43);
insert into STATION values (5500, '.', 3140, 245439.33, 5021950.04, 1510.72);
insert into STATION values (5501, '.', 3140, 245439.41, 5021950.55, 1510.99);
insert into STATION values (5502, '.', 3140, 245438.31, 5021948.52, 1510.11);
insert into STATION values (5503, '.', 3140, 245438.78, 5021948.83, 1510.34);
insert into STATION values (5504, '13', 3140, 245437.37, 5021947.83, 1510.21);
insert into STATION values (5505, '.', 3140, 245437.44, 5021947.84, 1509.77);
insert into STATION values (5506, '.', 3140, 245437.73, 5021947.05, 1509.89);
insert into STATION values (5507, '.', 3140, 245437.43, 5021947.68, 1510.55);
insert into STATION values (5508, '.', 3140, 245437.20, 5021948.13, 1510.46);
insert into STATION values (5509, '.', 3140, 245437.17, 5021948.08, 1510.23);
insert into STATION values (5510, '.', 3140, 245436.10, 5021947.14, 1509.92);
insert into STATION values (5511, '.', 3140, 245435.59, 5021947.82, 1510.55);
insert into STATION values (5512, '.', 3140, 245436.47, 5021947.68, 1510.01);
insert into STATION values (5513, '14', 3140, 245433.74, 5021947.57, 1510.51);
insert into STATION values (5514, '.', 3140, 245433.85, 5021947.49, 1510.69);
insert into STATION values (5515, '.', 3140, 245436.39, 5021948.17, 1510.46);
insert into STATION values (5516, '.', 3140, 245435.17, 5021947.65, 1510.55);
insert into STATION values (5517, '.', 3140, 245436.27, 5021947.86, 1510.02);
insert into STATION values (5518, '.', 3140, 245435.69, 5021947.40, 1510.28);
insert into STATION values (5519, '.', 3140, 245433.58, 5021947.72, 1510.89);
insert into STATION values (5520, '.', 3140, 245434.51, 5021946.13, 1509.86);
insert into STATION values (5521, '.', 3140, 245433.75, 5021947.14, 1510.60);
insert into STATION values (5522, '15', 3140, 245432.82, 5021946.73, 1511.02);
insert into STATION values (5523, '.', 3140, 245433.38, 5021944.45, 1509.62);
insert into STATION values (5524, '.', 3140, 245432.73, 5021945.08, 1510.34);
insert into STATION values (5525, '.', 3140, 245431.19, 5021943.56, 1510.15);
insert into STATION values (5526, '.', 3140, 245431.36, 5021946.30, 1511.20);
insert into STATION values (5527, '.', 3140, 245431.62, 5021947.98, 1511.87);
insert into STATION values (5528, '.', 3140, 245432.77, 5021946.71, 1510.52);
insert into STATION values (5529, '.', 3140, 245432.89, 5021946.79, 1510.17);
insert into STATION values (5530, '.', 3140, 245433.57, 5021946.97, 1510.05);
insert into STATION values (5531, '.', 3140, 245432.75, 5021950.61, 1512.54);
insert into STATION values (5532, '.', 3140, 245434.04, 5021950.35, 1511.93);
insert into STATION values (5533, '.', 3140, 245433.91, 5021948.41, 1511.31);
insert into STATION values (5534, '.', 3140, 245431.09, 5021948.86, 1512.23);
insert into STATION values (5535, '.', 3140, 245431.30, 5021949.96, 1512.43);
insert into STATION values (5536, '.', 3140, 245432.74, 5021949.50, 1512.53);
insert into STATION values (5537, '.', 3140, 245432.79, 5021948.26, 1511.24);
insert into STATION values (5538, '16', 3140, 245431.78, 5021945.34, 1510.78);
insert into STATION values (5539, '.', 3140, 245432.01, 5021942.93, 1509.03);
insert into STATION values (5540, '.', 3140, 245431.29, 5021942.90, 1509.34);
insert into STATION values (5541, '.', 3140, 245430.19, 5021943.49, 1510.19);
insert into STATION values (5542, '.', 3140, 245429.79, 5021944.45, 1510.58);
insert into STATION values (5543, '.', 3140, 245428.48, 5021944.95, 1510.87);
insert into STATION values (5544, '.', 3140, 245431.79, 5021945.30, 1511.11);
insert into STATION values (5545, '.', 3140, 245431.37, 5021943.98, 1510.50);
insert into STATION values (5546, '17', 3140, 245432.60, 5021949.47, 1511.65);
insert into STATION values (5547, '.', 3140, 245433.07, 5021951.75, 1513.40);
insert into STATION values (5548, '.', 3140, 245432.93, 5021949.70, 1512.10);
insert into STATION values (5549, '.', 3140, 245434.76, 5021948.84, 1511.62);
insert into STATION values (5550, '.', 3140, 245433.58, 5021948.11, 1511.47);
insert into STATION values (5551, '.', 3140, 245432.72, 5021947.20, 1511.19);
insert into STATION values (5552, '.', 3140, 245430.98, 5021949.07, 1512.16);
insert into STATION values (5553, '.', 3140, 245430.63, 5021947.99, 1511.89);
insert into STATION values (5554, '.', 3140, 245431.59, 5021949.23, 1512.45);
insert into STATION values (5555, '.', 3140, 245431.52, 5021950.18, 1512.88);
insert into STATION values (5556, '.', 3140, 245432.18, 5021949.83, 1511.50);
insert into STATION values (5557, '.', 3140, 245432.48, 5021949.38, 1511.40);
insert into STATION values (5558, '18', 3140, 245428.98, 5021951.56, 1514.26);
insert into STATION values (5559, '19', 3140, 245435.14, 5021949.55, 1511.91);
insert into STATION values (5560, '.', 3140, 245429.93, 5021951.27, 1513.90);
insert into STATION values (5561, '.', 3140, 245430.84, 5021951.60, 1513.41);
insert into STATION values (5562, '.', 3140, 245429.72, 5021950.98, 1513.59);
insert into STATION values (5563, '.', 3140, 245429.73, 5021951.45, 1513.50);
insert into STATION values (5564, '.', 3140, 245429.06, 5021951.61, 1515.21);
insert into STATION values (5565, '.', 3140, 245427.62, 5021948.36, 1513.09);
insert into STATION values (5566, '.', 3140, 245427.24, 5021950.31, 1513.91);
insert into STATION values (5567, '.', 3140, 245427.18, 5021951.10, 1514.52);
insert into STATION values (5568, '.', 3140, 245427.76, 5021951.91, 1515.47);
insert into STATION values (5569, '.', 3140, 245426.07, 5021952.65, 1516.34);
insert into STATION values (5570, '.', 3140, 245426.86, 5021954.27, 1517.20);
insert into STATION values (5571, '.', 3140, 245427.06, 5021956.15, 1518.00);
insert into STATION values (5572, '.', 3140, 245429.14, 5021953.01, 1515.48);
insert into STATION values (5573, '.', 3140, 245430.37, 5021951.02, 1515.19);
insert into STATION values (5574, '20', 3140, 245428.87, 5021953.71, 1515.86);
insert into STATION values (5575, '.', 3140, 245431.05, 5021954.52, 1515.25);
insert into STATION values (5576, '.', 3140, 245430.09, 5021955.20, 1515.73);
insert into STATION values (5577, '.', 3140, 245428.45, 5021956.42, 1517.07);
insert into STATION values (5578, '.', 3140, 245428.92, 5021953.72, 1516.21);
insert into STATION values (5579, '.', 3140, 245426.35, 5021956.82, 1518.15);
insert into STATION values (5580, '.', 3140, 245425.93, 5021954.38, 1516.92);
insert into STATION values (5581, '.', 3140, 245428.94, 5021954.36, 1515.64);
insert into STATION values (5582, '21', 3140, 245426.15, 5021956.75, 1517.84);
insert into STATION values (5583, '.', 3140, 245427.78, 5021957.70, 1517.39);
insert into STATION values (5584, '.', 3140, 245426.37, 5021957.33, 1517.89);
insert into STATION values (5585, '.', 3140, 245425.91, 5021956.57, 1517.93);
insert into STATION values (5586, '.', 3140, 245424.12, 5021957.83, 1517.96);
insert into STATION values (5587, '.', 3140, 245424.30, 5021959.74, 1518.48);
insert into STATION values (5588, '.', 3140, 245428.02, 5021956.53, 1517.34);
insert into STATION values (5589, '.', 3140, 245426.16, 5021956.13, 1517.72);
insert into STATION values (5590, '22', 3140, 245423.96, 5021959.15, 1518.02);
insert into STATION values (5591, '.', 3140, 245424.73, 5021959.71, 1518.59);
insert into STATION values (5592, '.', 3140, 245424.23, 5021959.08, 1518.75);
insert into STATION values (5593, '.', 3140, 245423.68, 5021958.87, 1518.34);
insert into STATION values (5594, '.', 3140, 245422.64, 5021959.08, 1519.14);
insert into STATION values (5595, '.', 3140, 245422.32, 5021960.60, 1519.84);
insert into STATION values (5596, '.', 3140, 245423.86, 5021960.47, 1519.44);
insert into STATION values (5597, '.', 3140, 245423.54, 5021959.02, 1517.74);
insert into STATION values (5598, '23', 3140, 245419.18, 5021961.05, 1521.80);
insert into STATION values (5599, '24', 3140, 245424.25, 5021960.66, 1519.82);
insert into STATION values (5600, '.', 3140, 245424.22, 5021960.63, 1520.80);
insert into STATION values (5601, '.', 3140, 245426.72, 5021961.93, 1520.69);
insert into STATION values (5602, '.', 3140, 245425.14, 5021964.98, 1521.17);
insert into STATION values (5603, '.', 3140, 245423.69, 5021961.60, 1520.41);
insert into STATION values (5604, '.', 3140, 245423.67, 5021965.13, 1521.75);
insert into STATION values (5605, '.', 3140, 245424.25, 5021962.10, 1521.18);
insert into STATION values (5606, '.', 3140, 245426.92, 5021963.94, 1519.76);
insert into STATION values (5607, '.', 3140, 245425.01, 5021958.98, 1519.84);
insert into STATION values (5608, '.', 3140, 245423.78, 5021960.39, 1519.94);
insert into STATION values (5609, '.', 3140, 245424.50, 5021963.61, 1520.17);
insert into STATION values (5610, '25', 3140, 245424.56, 5021964.57, 1520.28);
insert into STATION values (5611, '.', 3140, 245423.26, 5021964.58, 1520.95);
insert into STATION values (5612, '.', 3140, 245423.69, 5021965.48, 1520.96);
insert into STATION values (5613, '.', 3140, 245424.54, 5021965.54, 1520.61);
insert into STATION values (5614, '.', 3140, 245426.06, 5021965.22, 1520.52);
insert into STATION values (5615, '.', 3140, 245428.01, 5021963.73, 1520.21);
insert into STATION values (5616, '.', 3140, 245428.36, 5021960.01, 1520.29);
insert into STATION values (5617, '.', 3140, 245424.72, 5021960.99, 1520.74);
insert into STATION values (5618, '.', 3140, 245425.92, 5021963.99, 1521.26);
insert into STATION values (5619, '.', 3140, 245425.06, 5021965.59, 1521.54);
insert into STATION values (5620, '.', 3140, 245423.50, 5021965.23, 1522.06);
insert into STATION values (5621, '.', 3140, 245423.68, 5021963.54, 1521.50);
insert into STATION values (5622, '.', 3140, 245424.71, 5021963.16, 1522.17);
insert into STATION values (5623, '.', 3140, 245425.04, 5021963.75, 1523.67);
insert into STATION values (5624, '.', 3140, 245424.50, 5021964.42, 1519.88);
insert into STATION values (5625, '26', 3140, 245425.71, 5021962.19, 1525.00);
insert into STATION_FLAG values(5625, 'ent');
insert into STATION_FLAG values(5625, 'fix');
insert into STATION values (5626, '.', 3140, 245425.45, 5021962.35, 1524.95);
insert into STATION values (5627, '.', 3140, 245425.75, 5021962.48, 1524.93);
insert into STATION values (5628, '.', 3140, 245424.42, 5021962.81, 1522.67);
insert into STATION values (5629, '.', 3140, 245426.32, 5021961.52, 1524.92);
insert into STATION values (5630, '.', 3140, 245426.06, 5021962.24, 1524.33);
